0.01 55.03 2.0 -1.0 13.972467536188166 74.07998278346517 0.06260076752467116 0.019353851293473442 1.4663766692584053 1.0 -1.0 -1.0 -1.0 -1.0 
0.01 55.03 2.0 -1.0 450.9170308627072 161.4340258303929 0.011053615420068413 0.024883523091608708 0.29698582275922225 1.0 -1.0 -1.0 -1.0 -1.0 
0.01 55.03 2.0 -1.0 0.0012699350581559167 59.59918976877877 0.4202060938098521 0.06359122567855559 2.0738867806442487 2.0 -1.0 -1.0 -1.0 -1.0 
0.01 55.03 2.0 -1.0 1.6490236746575566 0.0 0.37261224747125077 0.05806155388042032 1.9997654277152097 1.0 -1.0 -1.0 -1.0 -1.0 
0.01 55.03 2.0 -1.0 5.675652 111.72334055080971 0.3345433837248016 0.08432749492156286 1.6037826933908792 8.0 -1.0 -1.0 -1.0 -1.0 
0.01 55.03 2.0 -1.0 0.223377703467 335.1700216524291 0.03043325008526438 0.015206597444871989 1.3324368188389202 8.0 -1.0 -1.0 -1.0 -1.0 
0.01 55.03 2.0 -1.0 1.48354649394 31.274490469218556 6.123203566945896 0.016589015394405805 96.6479687688581 32.0 96.64797109223363 32.0 1.4835374410419415 31.27016133010507 
0.01 55.03 2.0 -1.0 57.54121018881093 39.31937547737767 1.3403330336259605 0.026265941041142528 12.610849068283626 4.0 12.730692866472218 4.0 57.54118319600821 39.264798045568824 
0.01 55.03 2.0 -1.0 0.15395541118695494 18.570276227167287 1.718792786505633 0.04009012053648069 2.0504937678727915 4.0 -1.0 -1.0 -1.0 -1.0 
0.01 55.03 2.0 -1.0 13.972467536188164 74.07998278346517 0.06260076752467116 0.019353851293473442 1.4663766692584164 1.0 -1.0 -1.0 -1.0 -1.0 
0.01 55.03 2.0 -1.0 450.9170308627072 161.4340258303929 0.011053615420068413 0.024883523091608708 0.29698582275922225 1.0 -1.0 -1.0 -1.0 -1.0 
0.01 55.03 2.0 -1.0 0.0012699350581559167 59.59918976877877 0.4202060938098521 0.06359122567855559 2.0738867806442487 2.0 -1.0 -1.0 -1.0 -1.0 
0.01 55.03 2.0 -1.0 1.6490236746575564 0.0 0.37261224747125077 0.058061553880420315 1.99976542771522 1.0 -1.0 -1.0 -1.0 -1.0 
0.01 55.03 2.0 -1.0 5.675652 111.72334055080971 0.3345433837248016 0.08432749492156286 1.6037826933908792 8.0 -1.0 -1.0 -1.0 -1.0 
0.01 55.03 2.0 -1.0 0.223377703467 335.1700216524291 0.030433250085264384 0.015206597444871989 1.3324368188389202 8.0 -1.0 -1.0 -1.0 -1.0 
0.01 55.03 2.0 -1.0 1.48354649394 31.274490469218556 6.123203566945896 0.016589015394405805 96.6479687688581 32.0 96.64797109223363 32.0 1.4835374410419415 31.27016133010507 
0.01 55.03 2.0 -1.0 57.54121018881093 39.31937547737767 1.3403330336259605 0.026265941041142528 12.610849068283626 4.0 12.730692866472218 4.0 57.54118319600821 39.264798045568824 
0.01 55.03 2.0 -1.0 0.15395541118695494 18.570276227167287 1.718792786505633 0.04009012053648069 2.0504937678727915 4.0 -1.0 -1.0 -1.0 -1.0 
0.01 55.03 2.0 -1.0 1.00399242379 223.44668110161942 4.228269069967017 0.04147253848601452 41.78795758726012 16.0 45.09995619850629 32.0 1.0039912012871355 223.44503630055667 
0.57 55.03 2.0 -1.0 0.71730671014 136.59687105168246 0.6670869092409145 0.06635606157762322 1.9979367988139578 16.0 -1.0 -1.0 -1.0 -1.0 
0.57 55.03 2.0 -1.0 3.08977631356 118.17557928862693 0.25482417336644786 0.06082638977948796 1.5154661567637264 2.0 -1.0 -1.0 -1.0 -1.0 
0.57 55.03 2.0 -1.0 1.490957 53.63455525958223 0.7873894997730058 0.01520659744487199 20.691110145506876 32.0 20.868120686235788 32.0 1.4909649811064205 53.63490454678217 
0.57 55.03 2.0 -1.0 0.17733492662 0.0 0.011379039645988786 0.03456044873834543 1.6443035256331486 2.0 -1.0 -1.0 -1.0 -1.0 
0.57 55.03 2.0 -1.0 1.30094454375 221.6540268818197 0.13731366893478805 0.024883523091608708 0.7669171032027168 16.0 -1.0 -1.0 -1.0 -1.0 
0.57 55.03 2.0 -1.0 2.266492130584 100.91808754670308 1.9707405963505449 0.03041319488974398 28.813033130535135 32.0 28.940657314400696 32.0 2.2664911133081964 100.99553724092189 
0.57 55.03 2.0 -1.0 230.5207819237923 31.0568348496279 3.7467728600716743 0.04423737438508215 18.543462471106775 2.0 18.543462832434134 2.0 230.52076964328688 31.067765463890797 
0.57 55.03 2.0 -1.0 383.1975942761 107.76788195679232 2.217862375423104 0.030413194889743984 10.178369441681332 1.0 -1.0 -1.0 -1.0 -1.0 
0.57 55.03 2.0 -1.0 4.833299389106393 110.82701344090985 7.429970658615063 0.017971433343939622 183.29675088355796 32.0 183.29674902633354 32.0 4.833297377141814 110.81173675231409 
0.57 55.03 2.0 -1.0 0.0014778925406905199 332.48104032272954 3.0920679192165 0.024883523091608704 9.246024320351607 2.0 -1.0 -1.0 -1.0 -1.0 
1.13 55.03 2.0 -1.0 1.1055857616377447 54.3564930901521 0.5497611134427101 0.03317803078881161 4.212634672632843 32.0 -1.0 -1.0 -1.0 -1.0 
1.13 55.03 2.0 -1.0 1.808645 77.03282149585972 0.1315563789626525 0.02073626924300726 1.8950218286259963 16.0 -1.0 -1.0 -1.0 -1.0 
1.13 55.03 2.0 -1.0 0.08278700758190688 192.5153586561031 0.017342987552518497 0.026265941041142528 1.7471778195489942 2.0 -1.0 -1.0 -1.0 -1.0 
1.13 55.03 2.0 -1.0 0.00625638591189179 0.0 0.16940370024467943 0.08432749492156286 -0.1687750228275201 1.0 -1.0 -1.0 -1.0 -1.0 
1.13 55.03 2.0 -1.0 1.684824546 111.14735672974047 0.07638152038733344 0.07465056927482613 1.0855347068704726 2.0 -1.0 -1.0 -1.0 -1.0 
1.13 55.03 2.0 -1.0 2.4595822178036584 222.29471345948093 0.5850280880215019 0.011059343596270537 12.834408645582522 16.0 12.92498681845479 16.0 2.459576838494589 222.12946317016386 
1.13 55.03 2.0 -1.0 0.0413615341267772 135.02419663927967 1.0041536703492857 0.006912089747669086 12.826418751767367 32.0 13.211795291441346 32.0 0.04135169244060914 136.71840762774093 
1.13 55.03 2.0 -1.0 0.0011114843736737697 131.28927196069253 1.7865912494267449 0.04561979233461596 0.5941001768166655 1.0 -1.0 -1.0 -1.0 -1.0 
1.13 55.03 2.0 -1.0 0.7725385641444409 60.75922111058719 7.749772057780361 0.024883523091608708 124.15834058594122 32.0 124.19743617389643 32.0 0.7725247996859254 60.718759864281694 
1.13 55.03 2.0 -1.0 2.227442025412 333.4420701892214 7.685790970869665 0.031795612839277794 127.68533949401098 16.0 128.1612874111728 32.0 2.2274434741120785 333.34599165490647 
1.69 55.03 2.0 -1.0 5.256794 38.25688312766035 0.13311053263353947 0.02211868719254107 0.16990149756597267 32.0 -1.0 -1.0 -1.0 -1.0 
1.69 55.03 2.0 -1.0 134.6485499129762 117.79005646417541 0.1092455713563523 0.04147253848601452 -0.09749320749671887 1.0 -1.0 -1.0 -1.0 -1.0 
1.69 55.03 2.0 -1.0 39.113973102535745 54.581589544667196 0.6810567762203223 0.07188573337575849 2.1514800181673954 8.0 -1.0 -1.0 -1.0 -1.0 
1.69 55.03 2.0 -1.0 502.512563 0.0 0.014362026428722101 0.019353851293473442 1.4094141385030898 1.0 -1.0 -1.0 -1.0 -1.0 
1.69 55.03 2.0 -1.0 0.998004 221.17986377188546 0.6303473886221564 0.006912089747669086 16.44787657175554 32.0 17.73188999700574 32.0 0.9980188527454933 221.11748383909247 
1.69 55.03 2.0 -1.0 200.658805294298 331.7697956578282 0.03569893544810421 0.08156265902249521 1.5521866451564375 1.0 -1.0 -1.0 -1.0 -1.0 
1.69 55.03 2.0 -1.0 1.147206256861 74.9542922683302 2.1366479639038585 0.02073626924300726 41.58861191458578 32.0 41.67291431516147 32.0 1.1472063003263127 74.88647049928075 
1.69 55.03 2.0 -1.0 0.8314821707148012 28.96639980090849 8.941186207550407 0.031795612839277794 97.2137574436652 32.0 97.44081063322072 32.0 0.8314903728508701 28.94260886864094 
1.69 55.03 2.0 -1.0 0.2970257612740102 27.672368194682335 5.75010754719375 0.01520659744487199 125.8214235917377 32.0 127.00122384406006 32.0 0.2970106531089793 28.537817136212393 
1.69 55.03 2.0 -1.0 22.026432 110.58993188594273 1.5453216954363693 0.022118687192541075 15.574038385734044 8.0 15.574038356928696 8.0 22.02638521945725 110.60934088609983 
10.06 55.03 2.0 -1.0 2.33768482203 25.586655348592956 0.11959355362282424 0.08985716671969811 1.6160058869353229 8.0 -1.0 -1.0 -1.0 -1.0 
10.06 55.03 2.0 -1.0 0.299 134.39488132972875 0.19064614273734584 0.016589015394405805 2.5832073497223966 16.0 -1.0 -1.0 -1.0 -1.0 
10.06 55.03 2.0 -1.0 3.468609 68.8696649674691 0.359961145803733 0.016589015394405805 5.933633849528366 16.0 -1.0 -1.0 -1.0 -1.0 
10.06 55.03 2.0 -1.0 1.30255755938 79.87712202733334 0.0514838678779917 0.02350110514207489 1.8877961979776783 16.0 -1.0 -1.0 -1.0 -1.0 
10.06 55.03 2.0 -1.0 1.4633093057546707 108.22375923459431 0.673570158688605 0.03456044873834543 5.98795438004958 16.0 6.047080221405178 16.0 1.4633163421725235 108.28178842463568 
10.06 55.03 2.0 -1.0 0.797415129552 216.44751846918862 0.12823624751348844 0.03456044873834543 1.0122613378165126 2.0 -1.0 -1.0 -1.0 -1.0 
10.06 55.03 2.0 -1.0 14.667084337 324.67127770378295 0.12832486944265878 0.016589015394405805 1.3355584445441082 1.0 -1.0 -1.0 -1.0 -1.0 
10.06 55.03 2.0 -1.0 0.00946118159225248 192.71167448464365 9.345382032112322 0.01520659744487199 27.95348779247861 32.0 -1.0 -1.0 -1.0 -1.0 
10.06 55.03 2.0 -1.0 0.022343935234731525 126.1798765033404 1.0301519527800742 0.03317803078881161 2.0013843563157634 4.0 -1.0 -1.0 -1.0 -1.0 
10.06 55.03 2.0 -1.0 7.478313 0.0 2.1366479639038585 0.012441761545804354 60.174111144949826 32.0 -1.0 -1.0 -1.0 -1.0 
10.62 55.03 2.0 -1.0 0.40226922307757423 12.370280673779666 0.18027088572578753 0.04423737438508215 0.3584870112170679 1.0 -1.0 -1.0 -1.0 -1.0 
10.62 55.03 2.0 -1.0 0.909379126021 33.83158126529767 0.6400009491490016 0.013824179495338172 8.533094379393948 32.0 8.672734523322742 32.0 0.9093734358126919 34.103703457104885 
10.62 55.03 2.0 -1.0 0.99597877881 116.72220215810474 0.012422511885612372 0.03732528463741307 -0.15970827219971054 16.0 -1.0 -1.0 -1.0 -1.0 
10.62 55.03 2.0 -1.0 0.005920712181085924 0.0 0.26268903444130803 0.027648358990676348 3.1809215357004006 8.0 -1.0 -1.0 -1.0 -1.0 
10.62 55.03 2.0 -1.0 0.99550771827 108.21560494936385 0.041558691605743284 0.026265941041142528 -0.5063540031182192 32.0 -1.0 -1.0 -1.0 -1.0 
10.62 55.03 2.0 -1.0 1.0829644010729 216.4312098987277 0.06457746728886901 0.027648358990676344 0.7086549259925727 8.0 -1.0 -1.0 -1.0 -1.0 
10.62 55.03 2.0 -1.0 240.25490831930935 324.64681484809154 0.014774641499094882 0.03732528463741307 1.240696648024629 2.0 -1.0 -1.0 -1.0 -1.0 
10.62 55.03 2.0 -1.0 4.3292962132 34.77315118534914 2.1648785797337355 0.04561979233461597 18.59171878490709 16.0 18.59171782200847 16.0 4.329316046399375 34.81208898885484 
10.62 55.03 2.0 -1.0 181.52170888055778 116.1702473773849 4.505732208812994 0.04147253848601452 20.413603220119985 1.0 20.41360349998892 1.0 181.52156068633002 116.17522720699232 
10.62 55.03 2.0 -1.0 2.271936912618 41.234268912598885 8.855125476097193 0.009676925646736721 321.14834126097753 32.0 321.2534053071326 32.0 2.271948081518834 41.18755877460441 
0.01 55.03 2.0 -1.0 13.972467536188166 74.07998278346517 0.06260076752467116 0.019353851293473442 1.4663766692584053 1.0 -1.0 -1.0 -1.0 -1.0 
0.01 55.03 2.0 -1.0 450.9170308627072 161.4340258303929 0.011053615420068413 0.024883523091608708 0.29698582275922225 1.0 -1.0 -1.0 -1.0 -1.0 
0.01 55.03 2.0 -1.0 0.0012699350581559167 59.59918976877877 0.4202060938098521 0.06359122567855559 2.0738867806442487 2.0 -1.0 -1.0 -1.0 -1.0 
0.01 55.03 2.0 -1.0 1.6490236746575566 0.0 0.37261224747125077 0.05806155388042032 1.9997654277152097 1.0 -1.0 -1.0 -1.0 -1.0 
0.01 55.03 2.0 -1.0 5.675652 111.72334055080971 0.3345433837248016 0.08432749492156286 1.6037826933908792 8.0 -1.0 -1.0 -1.0 -1.0 
0.01 55.03 2.0 -1.0 0.223377703467 335.1700216524291 0.03043325008526438 0.015206597444871989 1.3324368188389202 8.0 -1.0 -1.0 -1.0 -1.0 
0.01 55.03 2.0 -1.0 1.48354649394 31.274490469218556 6.123203566945896 0.016589015394405805 96.6479687688581 32.0 96.64797109223363 32.0 1.4835374410419415 31.27016133010507 
0.01 55.03 2.0 -1.0 57.54121018881093 39.31937547737767 1.3403330336259605 0.026265941041142528 12.610849068283626 4.0 12.730692866472218 4.0 57.54118319600821 39.264798045568824 
0.01 55.03 2.0 -1.0 0.15395541118695494 18.570276227167287 1.718792786505633 0.04009012053648069 2.0504937678727915 4.0 -1.0 -1.0 -1.0 -1.0 
0.01 55.03 2.0 -1.0 13.972467536188164 74.07998278346517 0.06260076752467116 0.019353851293473442 1.4663766692584164 1.0 -1.0 -1.0 -1.0 -1.0 
0.01 55.03 2.0 -1.0 450.9170308627072 161.4340258303929 0.011053615420068413 0.024883523091608708 0.29698582275922225 1.0 -1.0 -1.0 -1.0 -1.0 
0.01 55.03 2.0 -1.0 0.0012699350581559167 59.59918976877877 0.4202060938098521 0.06359122567855559 2.0738867806442487 2.0 -1.0 -1.0 -1.0 -1.0 
0.01 55.03 2.0 -1.0 1.6490236746575564 0.0 0.37261224747125077 0.058061553880420315 1.99976542771522 1.0 -1.0 -1.0 -1.0 -1.0 
0.01 55.03 2.0 -1.0 5.675652 111.72334055080971 0.3345433837248016 0.08432749492156286 1.6037826933908792 8.0 -1.0 -1.0 -1.0 -1.0 
0.01 55.03 2.0 -1.0 0.223377703467 335.1700216524291 0.030433250085264384 0.015206597444871989 1.3324368188389202 8.0 -1.0 -1.0 -1.0 -1.0 
0.01 55.03 2.0 -1.0 1.48354649394 31.274490469218556 6.123203566945896 0.016589015394405805 96.6479687688581 32.0 96.64797109223363 32.0 1.4835374410419415 31.27016133010507 
0.01 55.03 2.0 -1.0 57.54121018881093 39.31937547737767 1.3403330336259605 0.026265941041142528 12.610849068283626 4.0 12.730692866472218 4.0 57.54118319600821 39.264798045568824 
0.01 55.03 2.0 -1.0 0.15395541118695494 18.570276227167287 1.718792786505633 0.04009012053648069 2.0504937678727915 4.0 -1.0 -1.0 -1.0 -1.0 
0.01 55.03 2.0 -1.0 1.00399242379 223.44668110161942 4.228269069967017 0.04147253848601452 41.78795758726012 16.0 45.09995619850629 32.0 1.0039912012871355 223.44503630055667 
0.57 55.03 2.0 -1.0 0.71730671014 136.59687105168246 0.6670869092409145 0.06635606157762322 1.9979367988139578 16.0 -1.0 -1.0 -1.0 -1.0 
0.57 55.03 2.0 -1.0 3.08977631356 118.17557928862693 0.25482417336644786 0.06082638977948796 1.5154661567637264 2.0 -1.0 -1.0 -1.0 -1.0 
0.57 55.03 2.0 -1.0 1.490957 53.63455525958223 0.7873894997730058 0.01520659744487199 20.691110145506876 32.0 20.868120686235788 32.0 1.4909649811064205 53.63490454678217 
0.57 55.03 2.0 -1.0 0.17733492662 0.0 0.011379039645988786 0.03456044873834543 1.6443035256331486 2.0 -1.0 -1.0 -1.0 -1.0 
0.57 55.03 2.0 -1.0 1.30094454375 221.6540268818197 0.13731366893478805 0.024883523091608708 0.7669171032027168 16.0 -1.0 -1.0 -1.0 -1.0 
0.57 55.03 2.0 -1.0 2.266492130584 100.91808754670308 1.9707405963505449 0.03041319488974398 28.813033130535135 32.0 28.940657314400696 32.0 2.2664911133081964 100.99553724092189 
0.57 55.03 2.0 -1.0 230.5207819237923 31.0568348496279 3.7467728600716743 0.04423737438508215 18.543462471106775 2.0 18.543462832434134 2.0 230.52076964328688 31.067765463890797 
0.57 55.03 2.0 -1.0 383.1975942761 107.76788195679232 2.217862375423104 0.030413194889743984 10.178369441681332 1.0 -1.0 -1.0 -1.0 -1.0 
0.57 55.03 2.0 -1.0 4.833299389106393 110.82701344090985 7.429970658615063 0.017971433343939622 183.29675088355796 32.0 183.29674902633354 32.0 4.833297377141814 110.81173675231409 
0.57 55.03 2.0 -1.0 0.0014778925406905199 332.48104032272954 3.0920679192165 0.024883523091608704 9.246024320351607 2.0 -1.0 -1.0 -1.0 -1.0 
1.13 55.03 2.0 -1.0 1.1055857616377447 54.3564930901521 0.5497611134427101 0.03317803078881161 4.212634672632843 32.0 -1.0 -1.0 -1.0 -1.0 
1.13 55.03 2.0 -1.0 1.808645 77.03282149585972 0.1315563789626525 0.02073626924300726 1.8950218286259963 16.0 -1.0 -1.0 -1.0 -1.0 
1.13 55.03 2.0 -1.0 0.08278700758190688 192.5153586561031 0.017342987552518497 0.026265941041142528 1.7471778195489942 2.0 -1.0 -1.0 -1.0 -1.0 
1.13 55.03 2.0 -1.0 0.00625638591189179 0.0 0.16940370024467943 0.08432749492156286 -0.1687750228275201 1.0 -1.0 -1.0 -1.0 -1.0 
1.13 55.03 2.0 -1.0 1.684824546 111.14735672974047 0.07638152038733344 0.07465056927482613 1.0855347068704726 2.0 -1.0 -1.0 -1.0 -1.0 
1.13 55.03 2.0 -1.0 2.4595822178036584 222.29471345948093 0.5850280880215019 0.011059343596270537 12.834408645582522 16.0 12.92498681845479 16.0 2.459576838494589 222.12946317016386 
1.13 55.03 2.0 -1.0 0.0413615341267772 135.02419663927967 1.0041536703492857 0.006912089747669086 12.826418751767367 32.0 13.211795291441346 32.0 0.04135169244060914 136.71840762774093 
1.13 55.03 2.0 -1.0 0.0011114843736737697 131.28927196069253 1.7865912494267449 0.04561979233461596 0.5941001768166655 1.0 -1.0 -1.0 -1.0 -1.0 
1.13 55.03 2.0 -1.0 0.7725385641444409 60.75922111058719 7.749772057780361 0.024883523091608708 124.15834058594122 32.0 124.19743617389643 32.0 0.7725247996859254 60.718759864281694 
1.13 55.03 2.0 -1.0 2.227442025412 333.4420701892214 7.685790970869665 0.031795612839277794 127.68533949401098 16.0 128.1612874111728 32.0 2.2274434741120785 333.34599165490647 
1.69 55.03 2.0 -1.0 5.256794 38.25688312766035 0.13311053263353947 0.02211868719254107 0.16990149756597267 32.0 -1.0 -1.0 -1.0 -1.0 
1.69 55.03 2.0 -1.0 134.6485499129762 117.79005646417541 0.1092455713563523 0.04147253848601452 -0.09749320749671887 1.0 -1.0 -1.0 -1.0 -1.0 
1.69 55.03 2.0 -1.0 39.113973102535745 54.581589544667196 0.6810567762203223 0.07188573337575849 2.1514800181673954 8.0 -1.0 -1.0 -1.0 -1.0 
1.69 55.03 2.0 -1.0 502.512563 0.0 0.014362026428722101 0.019353851293473442 1.4094141385030898 1.0 -1.0 -1.0 -1.0 -1.0 
1.69 55.03 2.0 -1.0 0.998004 221.17986377188546 0.6303473886221564 0.006912089747669086 16.44787657175554 32.0 17.73188999700574 32.0 0.9980188527454933 221.11748383909247 
1.69 55.03 2.0 -1.0 200.658805294298 331.7697956578282 0.03569893544810421 0.08156265902249521 1.5521866451564375 1.0 -1.0 -1.0 -1.0 -1.0 
1.69 55.03 2.0 -1.0 1.147206256861 74.9542922683302 2.1366479639038585 0.02073626924300726 41.58861191458578 32.0 41.67291431516147 32.0 1.1472063003263127 74.88647049928075 
1.69 55.03 2.0 -1.0 0.8314821707148012 28.96639980090849 8.941186207550407 0.031795612839277794 97.2137574436652 32.0 97.44081063322072 32.0 0.8314903728508701 28.94260886864094 
1.69 55.03 2.0 -1.0 0.2970257612740102 27.672368194682335 5.75010754719375 0.01520659744487199 125.8214235917377 32.0 127.00122384406006 32.0 0.2970106531089793 28.537817136212393 
1.69 55.03 2.0 -1.0 22.026432 110.58993188594273 1.5453216954363693 0.022118687192541075 15.574038385734044 8.0 15.574038356928696 8.0 22.02638521945725 110.60934088609983 
10.06 55.03 2.0 -1.0 2.33768482203 25.586655348592956 0.11959355362282424 0.08985716671969811 1.6160058869353229 8.0 -1.0 -1.0 -1.0 -1.0 
10.06 55.03 2.0 -1.0 0.299 134.39488132972875 0.19064614273734584 0.016589015394405805 2.5832073497223966 16.0 -1.0 -1.0 -1.0 -1.0 
10.06 55.03 2.0 -1.0 3.468609 68.8696649674691 0.359961145803733 0.016589015394405805 5.933633849528366 16.0 -1.0 -1.0 -1.0 -1.0 
10.06 55.03 2.0 -1.0 1.30255755938 79.87712202733334 0.0514838678779917 0.02350110514207489 1.8877961979776783 16.0 -1.0 -1.0 -1.0 -1.0 
10.06 55.03 2.0 -1.0 1.4633093057546707 108.22375923459431 0.673570158688605 0.03456044873834543 5.98795438004958 16.0 6.047080221405178 16.0 1.4633163421725235 108.28178842463568 
10.06 55.03 2.0 -1.0 0.797415129552 216.44751846918862 0.12823624751348844 0.03456044873834543 1.0122613378165126 2.0 -1.0 -1.0 -1.0 -1.0 
10.06 55.03 2.0 -1.0 14.667084337 324.67127770378295 0.12832486944265878 0.016589015394405805 1.3355584445441082 1.0 -1.0 -1.0 -1.0 -1.0 
10.06 55.03 2.0 -1.0 0.00946118159225248 192.71167448464365 9.345382032112322 0.01520659744487199 27.95348779247861 32.0 -1.0 -1.0 -1.0 -1.0 
10.06 55.03 2.0 -1.0 0.022343935234731525 126.1798765033404 1.0301519527800742 0.03317803078881161 2.0013843563157634 4.0 -1.0 -1.0 -1.0 -1.0 
10.06 55.03 2.0 -1.0 7.478313 0.0 2.1366479639038585 0.012441761545804354 60.174111144949826 32.0 -1.0 -1.0 -1.0 -1.0 
10.62 55.03 2.0 -1.0 0.40226922307757423 12.370280673779666 0.18027088572578753 0.04423737438508215 0.3584870112170679 1.0 -1.0 -1.0 -1.0 -1.0 
10.62 55.03 2.0 -1.0 0.909379126021 33.83158126529767 0.6400009491490016 0.013824179495338172 8.533094379393948 32.0 8.672734523322742 32.0 0.9093734358126919 34.103703457104885 
10.62 55.03 2.0 -1.0 0.99597877881 116.72220215810474 0.012422511885612372 0.03732528463741307 -0.15970827219971054 16.0 -1.0 -1.0 -1.0 -1.0 
10.62 55.03 2.0 -1.0 0.005920712181085924 0.0 0.26268903444130803 0.027648358990676348 3.1809215357004006 8.0 -1.0 -1.0 -1.0 -1.0 
10.62 55.03 2.0 -1.0 0.99550771827 108.21560494936385 0.041558691605743284 0.026265941041142528 -0.5063540031182192 32.0 -1.0 -1.0 -1.0 -1.0 
10.62 55.03 2.0 -1.0 1.0829644010729 216.4312098987277 0.06457746728886901 0.027648358990676344 0.7086549259925727 8.0 -1.0 -1.0 -1.0 -1.0 
10.62 55.03 2.0 -1.0 240.25490831930935 324.64681484809154 0.014774641499094882 0.03732528463741307 1.240696648024629 2.0 -1.0 -1.0 -1.0 -1.0 
10.62 55.03 2.0 -1.0 4.3292962132 34.77315118534914 2.1648785797337355 0.04561979233461597 18.59171878490709 16.0 18.59171782200847 16.0 4.329316046399375 34.81208898885484 
10.62 55.03 2.0 -1.0 181.52170888055778 116.1702473773849 4.505732208812994 0.04147253848601452 20.413603220119985 1.0 20.41360349998892 1.0 181.52156068633002 116.17522720699232 
10.62 55.03 2.0 -1.0 2.271936912618 41.234268912598885 8.855125476097193 0.009676925646736721 321.14834126097753 32.0 321.2534053071326 32.0 2.271948081518834 41.18755877460441 
105.89 14.25 2.0 -1.0 0.0027993604566431823 31.346537068047766 0.2793473877157862 0.12441761545804356 0.47127449802519955 1.0 -1.0 -1.0 -1.0 -1.0 
105.89 14.25 2.0 -1.0 0.33318778828133555 49.758123782728696 0.20315652849980984 0.012441761545804356 4.369511249737591 32.0 -1.0 -1.0 -1.0 -1.0 
105.89 14.25 2.0 -1.0 128.0111794870191 45.90286002838259 0.25500027809721515 0.02350110514207489 1.7836731225605758 1.0 -1.0 -1.0 -1.0 -1.0 
105.89 14.25 2.0 -1.0 75.11649135730703 0.0 0.07622338103299053 0.026265941041142528 2.2721106686163286 1.0 -1.0 -1.0 -1.0 -1.0 
105.89 14.25 2.0 -1.0 0.031684024185842756 120.08966442276231 0.13210282079320898 0.03456044873834543 2.7316039302545967 8.0 -1.0 -1.0 -1.0 -1.0 
105.89 14.25 2.0 -1.0 337.36912025226 62.945287652735 1.293037621685656 0.012441761545804354 7.98044798976993 1.0 -1.0 -1.0 -1.0 -1.0 
105.89 14.25 2.0 -1.0 0.00404317639503851 16.862275112467074 2.6268903444130802 0.022118687192541075 3.0841927076566487 1.0 -1.0 -1.0 -1.0 -1.0 
105.89 14.25 2.0 -1.0 0.961936 49.14560524231857 6.417719598388955 0.03456044873834543 104.43274933527304 16.0 105.93168649204239 32.0 0.9619422295751672 49.08099755696104 
105.89 14.25 2.0 -1.0 1.9923208852 240.17932884552462 2.8147831624915383 0.016589015394405805 90.81648185051002 32.0 90.81647998735691 32.0 1.9923087772137176 240.1426952632341 
105.89 14.25 2.0 -1.0 1.9411179295 360.2689932682869 5.0777412570358615 0.03456044873834543 75.93548366177622 16.0 76.0998868476448 16.0 1.9411042255039017 359.9610480620833 
106.18 14.25 2.0 -1.0 4.249688210732 110.12224202207135 0.1 0.013824179495338172 1.4356492536553902 16.0 -1.0 -1.0 -1.0 -1.0 
106.18 14.25 2.0 -1.0 0.66930344771 87.19052636259363 0.06489051458090826 0.017971433343939622 0.9819245763646897 1.0 -1.0 -1.0 -1.0 -1.0 
106.18 14.25 2.0 -1.0 1.465705762893 343.8328581590849 0.5067228364390678 0.09538683851783337 2.1865838784210054 8.0 -1.0 -1.0 -1.0 -1.0 
106.18 14.25 2.0 -1.0 3.2108324764111544 119.05203783962497 0.35355325950947053 0.009676925646736721 9.215048218880426 32.0 9.32056030788672 32.0 3.210819462159028 119.0087693339921 
106.18 14.25 2.0 -1.0 4.4538744 238.10407567924995 0.046415888336127795 0.06497364362808941 0.4438860910696076 4.0 -1.0 -1.0 -1.0 -1.0 
106.18 14.25 2.0 -1.0 170.849405719173 357.1561135188749 0.41158680766598854 0.12856486930664499 1.0641562902807757 1.0 -1.0 -1.0 -1.0 -1.0 
106.18 14.25 2.0 -1.0 0.014111716139277362 0.5357877490532177 3.723549192047441 0.04285495643554833 1.063992196714128 1.0 -1.0 -1.0 -1.0 -1.0 
106.18 14.25 2.0 -1.0 2.248252 188.02578073440918 5.952199345230122 0.02073626924300726 115.92677118861752 32.0 116.27581403545045 32.0 2.24824058629262 188.12695764616612 
106.18 14.25 2.0 -1.0 5.4199894818 42.79158155771699 8.63164577248031 0.08570991287109665 47.330168143268295 8.0 48.813756677020365 16.0 5.419982092765471 42.8067257043186 
106.18 14.25 2.0 -1.0 3.86571065372 0.0 2.623263304627603 0.05944397182995413 10.317567789392719 8.0 -1.0 -1.0 -1.0 -1.0 
106.51 14.25 2.0 -1.0 1.22896880609 30.196033989901082 0.2989148937474159 0.07879782312342758 0.7346105268242927 4.0 -1.0 -1.0 -1.0 -1.0 
106.51 14.25 2.0 -1.0 2.344843177122 108.21720504938759 0.6404432431172377 0.02073626924300726 5.300922916519092 8.0 7.804218294657793 16.0 2.3447986071308455 107.77579875909998 
106.51 14.25 2.0 -1.0 0.0011063882708094472 21.48768186620159 0.09351840469571134 0.12441761545804356 -0.07317420536260191 1.0 -1.0 -1.0 -1.0 -1.0 
106.51 14.25 2.0 -1.0 16.792101165075774 190.38015333843848 0.1410635930080207 0.019353851293473442 1.366359977993758 16.0 -1.0 -1.0 -1.0 -1.0 
106.51 14.25 2.0 -1.0 24.38440141106 0.0 0.16207684425645388 0.016589015394405805 2.337927917484768 16.0 -1.0 -1.0 -1.0 -1.0 
106.51 14.25 2.0 -1.0 2.12042426647 117.98755133451384 0.8066602730969565 0.04561979233461597 6.279311447055085 8.0 6.280175101237838 8.0 2.1204565806935234 118.0979879360279 
106.51 14.25 2.0 -1.0 1.0985150222458 151.97136450017038 2.544723286778917 0.1396242129029155 8.117149766228913 2.0 8.223524607529974 2.0 1.0986695997416973 152.91007692488273 
106.51 14.25 2.0 -1.0 5.0114923575 61.701860778895174 2.2286137387064633 0.017971433343939622 70.18673029810857 32.0 70.34887531860862 32.0 5.011497705709189 61.73073919535305 
106.51 14.25 2.0 -1.0 0.00506426947315055 235.97510266902768 6.355947745071262 0.03456044873834543 8.398901082706873 4.0 -1.0 -1.0 -1.0 -1.0 
106.51 14.25 2.0 -1.0 0.0026613686823646963 353.9626540035415 1.109186309333635 0.017971433343939622 1.2497165616774513 4.0 -1.0 -1.0 -1.0 -1.0 
11.18 55.03 2.0 -1.0 0.00355500598430653 65.70528842897245 0.04515080174918501 0.022118687192541075 2.157899739883008 16.0 -1.0 -1.0 -1.0 -1.0 
11.18 55.03 2.0 -1.0 0.35169302087 39.66989251986381 0.011122556497987162 0.012441761545804352 1.5033001762268985 1.0 -1.0 -1.0 -1.0 -1.0 
11.18 55.03 2.0 -1.0 0.020381854524096684 14.965483184662205 0.04824678145425938 0.027648358990676344 2.7001234847420665 2.0 -1.0 -1.0 -1.0 -1.0 
11.18 55.03 2.0 -1.0 0.22032674928517554 0.0 0.37261224747125077 0.017971433343939622 2.417685836445853 32.0 -1.0 -1.0 -1.0 -1.0 
11.18 55.03 2.0 -1.0 2.467080757786 108.19946953249269 0.029644709215877987 0.055296717981352696 1.6633349222797331 16.0 -1.0 -1.0 -1.0 -1.0 
11.18 55.03 2.0 -1.0 48.5438764505726 216.39893906498537 0.5574098225214513 0.08156265902249521 1.8936324120204857 2.0 -1.0 -1.0 -1.0 -1.0 
11.18 55.03 2.0 -1.0 1.8077686769634342 324.59840859747806 0.2830382852894208 0.04423737438508215 1.9304515971387566 1.0 -1.0 -1.0 -1.0 -1.0 
11.18 55.03 2.0 -1.0 1.820960929021 47.33118109162147 8.849010073010126 0.022118687192541075 190.46064347139338 32.0 190.52042062220647 32.0 1.820959975399698 47.360632694139724 
11.18 55.03 2.0 -1.0 2.3817202891513642 107.64759705062879 2.3536244866247897 0.008294507697202903 109.56408945419692 32.0 109.64843300676839 32.0 2.3817240920228264 107.67460082599285 
11.18 55.03 2.0 -1.0 1.14381850931 85.44284542739896 1.5410572815741164 0.026265941041142528 22.959052871213363 32.0 23.130650527600505 32.0 1.1438108534396938 85.41105554242291 
11.73 55.03 2.0 -1.0 2.67192804814 166.1851302725733 0.02335806398033758 0.042854956435548326 0.6052553470843968 2.0 -1.0 -1.0 -1.0 -1.0 
11.73 55.03 2.0 -1.0 27.838309386354652 49.36866858292656 0.35355325950947053 0.052531882082285056 1.9605594036699812 16.0 -1.0 -1.0 -1.0 -1.0 
11.73 55.03 2.0 -1.0 0.03197657411683124 19.182697654509926 0.6721756073696541 0.13962421290291552 1.1206651103953318 1.0 -1.0 -1.0 -1.0 -1.0 
11.73 55.03 2.0 -1.0 26.322717 215.81346312155074 0.12788237140267286 0.06497364362808941 0.7639903225309205 8.0 -1.0 -1.0 -1.0 -1.0 
11.73 55.03 2.0 -1.0 0.19236888 107.66329631135265 0.04425522941776675 0.11474068981130683 2.107578870824531 4.0 -1.0 -1.0 -1.0 -1.0 
11.73 55.03 2.0 -1.0 1.51981774632 50.82928007946285 0.02127809743662687 0.011059343596270537 3.68890625689954 32.0 -1.0 -1.0 -1.0 -1.0 
11.73 55.03 2.0 -1.0 0.0032878482511591073 0.0 0.05547207448246047 0.01382417949533817 1.2238053895478882 32.0 -1.0 -1.0 -1.0 -1.0 
11.73 55.03 2.0 -1.0 0.942507 216.3652496869089 0.02974728571317075 0.024883523091608708 2.0298436331783685 32.0 -1.0 -1.0 -1.0 -1.0 
11.73 55.03 2.0 -1.0 1.582779 108.18262484345445 8.264026842883293 0.017971433343939622 214.45426422154074 32.0 214.4818592699461 32.0 1.5827936294954272 108.18059049152855 
11.73 55.03 2.0 -1.0 0.7446527222569242 324.54787453036334 8.000005932179063 0.031795612839277794 106.68607033340969 32.0 107.14045205265415 32.0 0.7446639453216146 324.33937560837137 
116.97 56.37 2.0 -1.0 0.001132104598920097 17.893175724454718 0.7966913997731381 0.011059343596270537 10.969180681173388 1.0 -1.0 -1.0 -1.0 -1.0 
116.97 56.37 2.0 -1.0 2.185717553667 79.32587841316004 0.07419711837099707 0.02073626924300726 1.3363921970436907 2.0 -1.0 -1.0 -1.0 -1.0 
116.97 56.37 2.0 -1.0 0.004233315846474604 141.59156690103424 0.010539069785079147 0.10091651031596865 1.8942399974287536 4.0 -1.0 -1.0 -1.0 -1.0 
116.97 56.37 2.0 -1.0 34.23369535044918 92.17308246957248 1.811447712307352 0.06635606157762322 8.633621183241223 4.0 8.633621297068691 4.0 34.233623106653496 92.19131706060104 
116.97 56.37 2.0 -1.0 0.8699442722 49.38644651610913 3.1264357272238157 0.05391430003181887 22.258958718866513 16.0 22.439255467952687 16.0 0.869961998735865 49.58698722249672 
116.97 56.37 2.0 -1.0 3.06493262635 71.89308205134537 2.210214600222975 0.008294507697202903 118.22485332328505 32.0 118.46110935059173 32.0 3.06493651199465 71.95173043917382 
116.97 56.37 2.0 -1.0 12.359917476 0.0 4.098842834710968 0.008294507697202903 181.96138913237783 32.0 -1.0 -1.0 -1.0 -1.0 
116.97 56.37 2.0 -1.0 7.307001256 53.391185935190315 9.660475420403525 0.016589015394405805 320.51594146095744 32.0 320.51594387787225 32.0 7.3070017000039424 53.43250868056789 
116.97 56.37 2.0 -1.0 0.61523110201 106.78237187038063 6.768353736781109 0.056679135930886505 33.77758735951747 16.0 33.78079700582872 16.0 0.6152428492593269 107.06741322735004 
116.97 56.37 2.0 -1.0 8.086733093387805 160.17355780557094 1.5463896414539255 0.05391430003181887 3.1950389657978793 2.0 -1.0 -1.0 -1.0 -1.0 
12.29 55.03 2.0 -1.0 0.30738862302 40.17084009769123 0.022768568864827275 0.06082638977948796 1.686806557443102 16.0 -1.0 -1.0 -1.0 -1.0 
12.29 55.03 2.0 -1.0 3.08977631356 81.08859153107115 0.18353815962816797 0.009676925646736721 4.071966347477236 32.0 -1.0 -1.0 -1.0 -1.0 
12.29 55.03 2.0 -1.0 1.99898269975 2.8577477191566922 0.05008065115563314 0.029030776940210157 -0.23099202311430014 8.0 -1.0 -1.0 -1.0 -1.0 
12.29 55.03 2.0 -1.0 0.001526207014931322 179.81078546557507 0.11347638459718777 0.03456044873834543 0.7346829842613732 1.0 -1.0 -1.0 -1.0 -1.0 
12.29 55.03 2.0 -1.0 215.1657339348127 45.26932182391397 0.03937853236248104 0.049767046183217416 2.250310996652831 1.0 -1.0 -1.0 -1.0 -1.0 
12.29 55.03 2.0 -1.0 0.01287252860404894 94.30567473217086 0.14461589230674415 0.06497364362808941 0.4628001522032195 1.0 -1.0 -1.0 -1.0 -1.0 
12.29 55.03 2.0 -1.0 2.766481 108.23719486305974 0.013674567248957506 0.01105934359627054 1.4037814320067583 1.0 -1.0 -1.0 -1.0 -1.0 
12.29 55.03 2.0 -1.0 244.777668 0.0 4.325771812421892 0.017971433343939622 31.535455806331502 2.0 -1.0 -1.0 -1.0 -1.0 
12.29 55.03 2.0 -1.0 0.537915 216.47438972611948 1.1347638459718776 0.09538683851783337 2.38538744636452 8.0 -1.0 -1.0 -1.0 -1.0 
12.29 55.03 2.0 -1.0 8.54520899704013 324.7115845891792 4.4964035966208 0.03317803078881161 38.427886334195236 16.0 38.42788624991756 16.0 8.545187786997607 324.6429694076928 
12.85 55.03 2.0 -1.0 0.287793 64.20120526433227 0.1705780684399447 0.019353851293473442 1.9103635388973994 32.0 -1.0 -1.0 -1.0 -1.0 
12.85 55.03 2.0 -1.0 156.858385217 159.8207129024547 0.06647866174025409 0.08432749492156287 0.5865970920513761 1.0 -1.0 -1.0 -1.0 -1.0 
12.85 55.03 2.0 -1.0 19.18594491719735 73.98084230105496 0.660666062384638 0.031795612839277794 6.5885225951182536 8.0 -1.0 -1.0 -1.0 -1.0 
12.85 55.03 2.0 -1.0 0.855182765 144.48520233324172 0.011030730151526759 0.045619792334615966 2.375172270162602 1.0 -1.0 -1.0 -1.0 -1.0 
12.85 55.03 2.0 -1.0 1.35421422194 67.77515899868276 0.036597915125661865 0.024883523091608708 0.9018412004387174 4.0 -1.0 -1.0 -1.0 -1.0 
12.85 55.03 2.0 -1.0 0.54575260398 0.0 0.015571097780848735 0.029030776940210157 0.9817115115263759 4.0 -1.0 -1.0 -1.0 -1.0 
12.85 55.03 2.0 -1.0 3.043599 108.29079815081957 0.263234030920558 0.09400442056829957 2.0078792613276413 4.0 -1.0 -1.0 -1.0 -1.0 
12.85 55.03 2.0 -1.0 0.007148282058705888 324.8723944524587 0.03793655635542592 0.026265941041142528 2.5567454188881906 8.0 -1.0 -1.0 -1.0 -1.0 
12.85 55.03 2.0 -1.0 6.367831993811256 88.69903358888013 1.3627413729677893 0.02073626924300726 24.622497121258753 32.0 25.251659973115533 32.0 6.367827154463158 88.7505873349584 
12.85 55.03 2.0 -1.0 298.251728579395 216.58159630163914 4.546380356371674 0.019353851293473442 21.60444032993158 1.0 21.604440558437464 1.0 298.25217400987947 216.56357684927136 
13.41 55.03 2.0 -1.0 1.217137 37.509820690286595 0.044932983531649394 0.031795612839277794 1.7496429099582296 8.0 -1.0 -1.0 -1.0 -1.0 
13.41 55.03 2.0 -1.0 0.026729805481803814 74.9871372031986 0.2736174016357826 0.013824179495338172 1.127640161456188 1.0 -1.0 -1.0 -1.0 -1.0 
13.41 55.03 2.0 -1.0 0.01842197270329436 44.010656165206285 0.24380280832024234 0.02350110514207489 1.0036656038521798 2.0 -1.0 -1.0 -1.0 -1.0 
13.41 55.03 2.0 -1.0 15.3936498245 44.888268954320445 0.05682971231414223 0.05529671798135269 2.045668350855279 32.0 -1.0 -1.0 -1.0 -1.0 
13.41 55.03 2.0 -1.0 0.003826247944021906 221.19092703414236 0.023847219204614304 0.017971433343939622 2.5565977797885213 1.0 -1.0 -1.0 -1.0 -1.0 
13.41 55.03 2.0 -1.0 54.95674577910229 0.0 0.08595941066946328 0.022118687192541075 4.10903889878467 4.0 -1.0 -1.0 -1.0 -1.0 
13.41 55.03 2.0 -1.0 0.41037503068 108.3364231895366 0.034701962441141196 0.017971433343939622 1.620625817596014 1.0 -1.0 -1.0 -1.0 -1.0 
13.41 55.03 2.0 -1.0 2.1867 325.0092695686098 0.9640474491672578 0.012441761545804356 23.43945448772934 32.0 24.042943623724312 32.0 2.1866981114726514 324.94656320701415 
13.41 55.03 2.0 -1.0 3.5877084054849 78.95264684289961 4.20496491224036 0.016589015394405805 84.15463604771658 32.0 84.30182439275856 32.0 3.5877140665737293 78.93438782356621 
13.41 55.03 2.0 -1.0 30.518193584285445 216.6728463790732 1.8790026506185737 0.052531882082285056 9.421689468166688 2.0 9.421689320815123 2.0 30.518276616930965 216.66477478237852 
13.97 55.03 2.0 -1.0 2.331328 61.94196849053985 0.0640885842747449 0.026265941041142528 1.7495092396649718 2.0 -1.0 -1.0 -1.0 -1.0 
13.97 55.03 2.0 -1.0 1.18994040124844 0.0 0.020175786941126064 0.02073626924300726 2.5756514322530695 2.0 -1.0 -1.0 -1.0 -1.0 
13.97 55.03 2.0 -1.0 282.779107035 108.3740582566768 0.04009223857512864 0.011059343596270537 -0.20210367620836067 1.0 -1.0 -1.0 -1.0 -1.0 
13.97 55.03 2.0 -1.0 0.1504582362154283 216.7481165133536 0.08578144136963749 0.009676925646736721 3.268631133595634 2.0 -1.0 -1.0 -1.0 -1.0 
13.97 55.03 2.0 -1.0 117.8372326493 325.1221747700304 0.3687709275549668 0.0884747487701643 2.5264397265853202 1.0 -1.0 -1.0 -1.0 -1.0 
13.97 55.03 2.0 -1.0 0.056016933100715205 65.06345351683477 7.857592982991545 0.008294507697202903 159.0226356760333 32.0 161.93050788938936 32.0 0.056024873629212386 69.62417797770968 
13.97 55.03 2.0 -1.0 0.93273035618 144.98647637759433 4.935933920036516 0.02350110514207489 72.4586262377728 32.0 72.76958544305387 32.0 0.932717133158197 145.21903400874038 
13.97 55.03 2.0 -1.0 194.931774 172.9822952071769 1.1569279963413217 0.017971433343939622 6.075965937289924 1.0 -1.0 -1.0 -1.0 -1.0 
13.97 55.03 2.0 -1.0 0.1075778075546597 67.17695900338862 2.7684980657520066 0.015206597444871992 27.118011909137884 32.0 27.627670346879206 32.0 0.10756290672967832 67.90381311488835 
13.97 55.03 2.0 -1.0 0.3772034274173156 62.787370685161385 4.891802863108921 0.02350110514207489 84.50990604928815 32.0 84.85791057544338 32.0 0.3771977693152925 62.54032266021014 
131.46 55.22 2.0 -1.0 5.65907208453 99.95472603872314 0.11868817192515867 0.029030776940210157 0.9554550368428155 2.0 -1.0 -1.0 -1.0 -1.0 
131.46 55.22 2.0 -1.0 3.46645281446 13.030239212191864 0.017499446100091347 0.02350110514207489 1.6921568997689485 8.0 -1.0 -1.0 -1.0 -1.0 
131.46 55.22 2.0 -1.0 0.32264020682169114 0.0 0.03119962793393873 0.031795612839277794 1.9734829247206234 2.0 -1.0 -1.0 -1.0 -1.0 
131.46 55.22 2.0 -1.0 0.006086235312417038 46.849824481375926 0.08431262080028226 0.011059343596270537 1.5307585590986708 16.0 -1.0 -1.0 -1.0 -1.0 
131.46 55.22 2.0 -1.0 0.082490793464 34.77541727180439 2.222463736833705 0.05391430003181887 1.2862856148098838 32.0 -1.0 -1.0 -1.0 -1.0 
131.46 55.22 2.0 -1.0 0.455919 74.68140338120321 4.370831420364764 0.027648358990676344 80.91456794256004 32.0 81.12601688266422 32.0 0.455929693998769 74.27928290063794 
131.46 55.22 2.0 -1.0 1.980198 63.08491217294184 2.9016582742063783 0.017971433343939622 89.59327589929156 32.0 89.80100666330495 32.0 1.9802124976801376 63.147510258852954 
131.46 55.22 2.0 -1.0 10.65420400680119 44.27751188608886 1.451162916049012 0.031795612839277794 16.159365006826455 8.0 16.7433851036981 16.0 10.65418473444879 44.223496767818496 
131.46 55.22 2.0 -1.0 233.7208617862176 93.69964896275185 5.826081259236011 0.015206597444871992 44.132295889380195 2.0 44.13229588133627 2.0 233.72073580200475 93.70928605720809 
131.46 55.22 2.0 -1.0 22.84670265144544 140.54947344412778 4.392019568453393 0.008294507697202903 10.298763628328768 2.0 -1.0 -1.0 -1.0 -1.0 
134.82 55.23 2.0 -1.0 2.11187653357 51.00637061954017 0.4364796459868221 0.11612310776084063 3.3721440661738615 4.0 -1.0 -1.0 -1.0 -1.0 
134.82 55.23 2.0 -1.0 1.27888080581 91.31785707691868 0.7585566129495857 0.017971433343939622 14.989317667802796 32.0 15.473947452503365 32.0 1.2788708166529736 91.28053566263681 
134.82 55.23 2.0 -1.0 1.155751156623 0.0 0.4499510986058557 0.058061553880420315 2.222914081126593 4.0 -1.0 -1.0 -1.0 -1.0 
134.82 55.23 2.0 -1.0 12.515752038663 91.40012541662763 0.07378818002748848 0.016589015394405805 -1.0299621206889251 32.0 -1.0 -1.0 -1.0 -1.0 
134.82 55.23 2.0 -1.0 0.19461695455997877 137.10018812494144 0.055433765133095315 0.04009012053648069 1.368822031420185 4.0 -1.0 -1.0 -1.0 -1.0 
134.82 55.23 2.0 -1.0 0.03394511707903087 89.42568526361316 2.007845414129436 0.029030776940210157 2.660415848222218 16.0 -1.0 -1.0 -1.0 -1.0 
134.82 55.23 2.0 -1.0 0.761391192926 48.30522679909678 3.119962793393873 0.07188573337575849 14.619266224846301 16.0 14.829785038635876 16.0 0.7613683313441774 48.57500789142535 
134.82 55.23 2.0 -1.0 0.33936907828092244 122.20961863762406 8.309826555609373 0.03732528463741307 98.12283398450847 16.0 99.39447469338926 32.0 0.33936278972153866 123.36028045759898 
134.82 55.23 2.0 -1.0 2.862213 55.28432428440483 9.384199668361846 0.02903077694021016 131.93874779252957 32.0 132.2463446879518 32.0 2.8622101429694644 55.35526940960348 
134.82 55.23 2.0 -1.0 6.67806213863 45.700062708313816 5.16263340422845 0.01520659744487199 166.33450179677186 32.0 166.39976438483322 32.0 6.678055797237904 45.74146576442555 
135.38 55.23 2.0 -1.0 292.02 21.63467402009184 0.05797974856117098 0.016589015394405805 0.4022001758476624 1.0 -1.0 -1.0 -1.0 -1.0 
135.38 55.23 2.0 -1.0 0.24168959255 19.23082135119275 0.029298587592451877 0.11197585391223919 1.193831004424728 1.0 -1.0 -1.0 -1.0 -1.0 
135.38 55.23 2.0 -1.0 0.7716 54.510090918047055 0.012744139921279101 0.013824179495338172 1.7883550506641097 4.0 -1.0 -1.0 -1.0 -1.0 
135.38 55.23 2.0 -1.0 0.0045983819530997 15.884549170054806 0.7020768264702735 0.022118687192541075 4.2136540552112995 1.0 -1.0 -1.0 -1.0 -1.0 
135.38 55.23 2.0 -1.0 2.7177324827378 9.82028448260482 0.012277470827878693 0.04700221028414979 1.851203866654221 2.0 -1.0 -1.0 -1.0 -1.0 
135.38 55.23 2.0 -1.0 1.795203 45.52295991727658 0.4404173165438359 0.07188573337575849 1.8083963170969248 16.0 -1.0 -1.0 -1.0 -1.0 
135.38 55.23 2.0 -1.0 2.3383394841595853 136.56887975182974 0.5120011389792241 0.06912089747669085 1.1677910689819684 1.0 -1.0 -1.0 -1.0 -1.0 
135.38 55.23 2.0 -1.0 1.3899355261798 34.78757243003404 5.628271480212304 0.02350110514207489 131.74225576417223 32.0 131.93189730245558 32.0 1.3899201197394482 34.81208898885484 
135.38 55.23 2.0 -1.0 1.582278 0.0 2.244063301440265 0.11197585391223919 3.4285713349343063 4.0 -1.0 -1.0 -1.0 -1.0 
135.38 55.23 2.0 -1.0 385.6909919750328 91.04591983455316 1.5668214264876303 0.012441761545804354 12.26265917723561 1.0 -1.0 -1.0 -1.0 -1.0 
135.94 55.23 2.0 -1.0 2.274361 57.20951478722023 0.5046267831325151 0.017971433343939622 39.651677894662065 32.0 39.93458516403394 32.0 2.2743734007235616 57.17683220553193 
135.94 55.23 2.0 -1.0 2.227442025412 61.69920322474286 0.10013826441970505 0.052531882082285056 1.4653861576148506 1.0 -1.0 -1.0 -1.0 -1.0 
135.94 55.23 2.0 -1.0 409.836066 48.475030008767106 0.13740856411831398 0.04285495643554833 0.5655227764818853 1.0 -1.0 -1.0 -1.0 -1.0 
135.94 55.23 2.0 -1.0 0.42118683683774877 90.6917064379572 0.048180165428117296 0.011059343596270537 0.569261762171806 16.0 -1.0 -1.0 -1.0 -1.0 
135.94 55.23 2.0 -1.0 0.07279135971847846 136.0375596569358 0.2805077046772915 0.009676925646736721 2.4775388456651335 32.0 -1.0 -1.0 -1.0 -1.0 
135.94 55.23 2.0 -1.0 0.331159372546 74.76011504299052 6.791773565719267 0.016589015394405805 188.60006847713416 32.0 188.925961957852 32.0 0.33114702091552317 74.58287669995934 
135.94 55.23 2.0 -1.0 0.24832 94.82766184706897 7.575092471847536 0.0884747487701643 13.888241482714138 8.0 15.384664072077108 16.0 0.24835268656412762 94.11407778963662 
135.94 55.23 2.0 -1.0 1.21878672858 114.16053236137097 8.105706589434478 0.016589015394405805 288.7593142408862 32.0 288.75931135196544 32.0 1.218783533355842 114.15126854484957 
135.94 55.23 2.0 -1.0 0.4102676860891 0.0 6.94359142921429 0.013824179495338172 165.10657658437438 32.0 -1.0 -1.0 -1.0 -1.0 
135.94 55.23 2.0 -1.0 15.9235474 45.3458532189786 7.696417685155276 0.01520659744487199 194.3524233516885 16.0 194.35242717757697 16.0 15.923554504600665 45.33667403199699 
137.07 55.23 2.0 -1.0 4.2165396656 117.3723994952811 0.6666262149960813 0.07465056927482613 3.164212003910885 16.0 -1.0 -1.0 -1.0 -1.0 
137.07 55.23 2.0 -1.0 0.772798 94.51886616054725 0.7632877084845537 0.011059343596270537 18.674144183953945 32.0 18.73312120956035 32.0 0.7727976480964572 94.41767158895803 
137.07 55.23 2.0 -1.0 3.2404792414142376 49.44624489375672 0.021440411841405254 0.016589015394405805 1.2979970189482386 1.0 -1.0 -1.0 -1.0 -1.0 
137.07 55.23 2.0 -1.0 5.294087 89.98325647332304 0.14622327330595072 0.016589015394405805 2.6882831447970688 16.0 -1.0 -1.0 -1.0 -1.0 
137.07 55.23 2.0 -1.0 1.5894998973414058 134.97488470998456 0.09965517359035103 0.02350110514207489 1.4486934216078438 1.0 -1.0 -1.0 -1.0 -1.0 
137.07 55.23 2.0 -1.0 426.51934403983 63.350048399235675 3.375614434310193 0.01520659744487199 32.724707055468 1.0 32.724707424078986 1.0 426.51954572647816 63.349906125067236 
137.07 55.23 2.0 -1.0 0.701967086843 36.19038562930979 1.3083130433883792 0.019353851293473442 30.293971560095603 32.0 30.36125559160906 32.0 0.7019783273184051 36.1276621192476 
137.07 55.23 2.0 -1.0 12.342028775005748 66.2253009688153 1.8353815962816797 0.017971433343939622 40.579444683006656 16.0 40.57944476430932 16.0 12.342025001998993 66.18344825206705 
137.07 55.23 2.0 -1.0 1.1964621075 0.0 1.1489629662788923 0.013824179495338172 30.84697174850959 32.0 -1.0 -1.0 -1.0 -1.0 
137.07 55.23 2.0 -1.0 0.01759454949387518 44.99162823666152 3.6648517020634492 0.06497364362808941 0.9772509380125458 16.0 -1.0 -1.0 -1.0 -1.0 
14.53 55.03 2.0 -1.0 147.058824 69.79465656840591 0.02422916423928535 0.013824179495338172 0.7929653180650174 1.0 -1.0 -1.0 -1.0 -1.0 
14.53 55.03 2.0 -1.0 1.06477508236 47.18053707421379 0.6538551491077016 0.03732528463741307 4.352966249635215 16.0 -1.0 -1.0 -1.0 -1.0 
14.53 55.03 2.0 -1.0 0.0011217471065547253 144.2748285428027 0.7272540837450232 0.029030776940210157 2.186894666580419 1.0 -1.0 -1.0 -1.0 -1.0 
14.53 55.03 2.0 -1.0 0.006490675780325397 70.08750128128034 0.019761940299240183 0.013824179495338172 1.1332543243173854 32.0 -1.0 -1.0 -1.0 -1.0 
14.53 55.03 2.0 -1.0 130.38603910501416 0.0 0.06684709031242649 0.09400442056829957 1.2415356338851034 2.0 -1.0 -1.0 -1.0 -1.0 
14.53 55.03 2.0 -1.0 246.55815713199 108.4501586678307 0.011795250557810912 0.019353851293473442 0.9849154955873745 1.0 -1.0 -1.0 -1.0 -1.0 
14.53 55.03 2.0 -1.0 1.864837 216.9003173356614 0.24770763559917114 0.012441761545804354 4.789583699525117 32.0 -1.0 -1.0 -1.0 -1.0 
14.53 55.03 2.0 -1.0 195.694716 325.35047600349213 0.01808946582811853 0.02073626924300726 0.8312740130084999 1.0 -1.0 -1.0 -1.0 -1.0 
14.53 55.03 2.0 -1.0 4.368538167500896 74.54524857725778 5.636053377113842 0.011059343596270537 217.05321784254454 32.0 217.0532113073815 32.0 4.368545584535847 74.58287669995934 
14.53 55.03 2.0 -1.0 1.3104998476363685 53.98104207318667 1.876408245646434 0.02073626924300726 38.416442421158074 32.0 38.63096512820435 32.0 1.3104909157846123 53.93849834610357 
15.08 55.03 2.0 -1.0 2.66608189885 41.46612168591127 0.03785801297873459 0.027648358990676344 1.924080815594746 1.0 -1.0 -1.0 -1.0 -1.0 
15.08 55.03 2.0 -1.0 1.334812202073005 58.95811488727368 0.11473765527464062 0.013824179495338172 1.2138278226884158 8.0 -1.0 -1.0 -1.0 -1.0 
15.08 55.03 2.0 -1.0 1.01726312363 123.25829101295226 0.09462319317574847 0.06082638977948796 2.019206086499839 4.0 -1.0 -1.0 -1.0 -1.0 
15.08 55.03 2.0 -1.0 18.83649089489798 108.56762260733876 0.09442728648786386 0.013824179495338172 0.3567628647626315 2.0 -1.0 -1.0 -1.0 -1.0 
15.08 55.03 2.0 -1.0 0.27344484969650096 217.13524521467752 0.04093183418410041 0.02350110514207489 0.9296801371747638 2.0 -1.0 -1.0 -1.0 -1.0 
15.08 55.03 2.0 -1.0 3.1411201226 325.7028678220163 0.02877702569594295 0.04009012053648069 1.0782542344862132 32.0 -1.0 -1.0 -1.0 -1.0 
15.08 55.03 2.0 -1.0 1.469313 24.658172911417775 2.844103485256103 0.045619792334615966 31.78601387334927 16.0 31.798626326111105 16.0 1.4693190072042248 24.79349361124836 
15.08 55.03 2.0 -1.0 398.837694790884 92.8671743334902 7.2174841460961225 0.11474068981130683 13.945163906908899 1.0 -1.0 -1.0 -1.0 -1.0 
15.08 55.03 2.0 -1.0 1.127887471217 109.51225538730061 1.6987247418078029 0.013824179495338172 51.23532877332093 32.0 51.488121531381495 32.0 1.1278946961586676 109.49616362192133 
15.08 55.03 2.0 -1.0 0.0021345519190796537 0.0 1.8481051304768321 0.013824179495338172 2.2334072608326405 1.0 -1.0 -1.0 -1.0 -1.0 
15.19 53.86 2.0 -1.0 1.498159748737 73.97656182710234 0.24195710181010072 0.026265941041142528 0.8429114054717074 1.0 -1.0 -1.0 -1.0 -1.0 
15.19 53.86 2.0 -1.0 253.628279 37.235281119985565 0.012474110904895277 0.07741540517389377 1.9319099068230257 2.0 -1.0 -1.0 -1.0 -1.0 
15.19 53.86 2.0 -1.0 6.280644351360491 76.57006399466353 0.025324469357735295 0.016589015394405805 1.3824648085933524 8.0 -1.0 -1.0 -1.0 -1.0 
15.19 53.86 2.0 -1.0 1.6226634697651 57.24229784117184 0.010722672220103232 0.024883523091608708 0.5327349375868797 2.0 -1.0 -1.0 -1.0 -1.0 
15.19 53.86 2.0 -1.0 13.39141661 146.2549972349682 0.5482440125568449 0.006912089747669086 15.712417338923295 8.0 15.86847685338822 8.0 13.391399988904597 146.2310133398117 
15.19 53.86 2.0 -1.0 0.618723247886 205.81292201146252 0.046255834094871634 0.019353851293473445 0.9299717031271731 1.0 -1.0 -1.0 -1.0 -1.0 
15.19 53.86 2.0 -1.0 1.35421422194 308.71938301719376 0.03677532806403433 0.06220880772902178 1.725439980381824 2.0 -1.0 -1.0 -1.0 -1.0 
15.19 53.86 2.0 -1.0 9.93255637407 44.92316254525622 2.8976518526871895 0.017971433343939622 66.6345778447179 32.0 66.745399359282 32.0 9.932561321572091 44.93188229956846 
15.19 53.86 2.0 -1.0 0.453891 0.0 1.8328474204317418 0.016589015394405805 19.464463427528035 32.0 -1.0 -1.0 -1.0 -1.0 
15.19 53.86 2.0 -1.0 0.724541971 102.90646100573126 2.9644709215878002 0.02488352309160871 46.823979939112704 32.0 46.89847666045509 32.0 0.7245337959223738 103.12069383617174 
15.64 55.03 2.0 -1.0 156.599195693311 63.48356109213824 0.1488734599008061 0.020736269243007255 0.5305618263452048 1.0 -1.0 -1.0 -1.0 -1.0 
15.64 55.03 2.0 -1.0 0.801089 109.91427038602876 0.08507324120391956 0.06359122567855559 1.5890972087418285 1.0 -1.0 -1.0 -1.0 -1.0 
15.64 55.03 2.0 -1.0 0.970346 0.0 0.2634159475634402 0.10644618211410392 1.5129955036039255 8.0 -1.0 -1.0 -1.0 -1.0 
15.64 55.03 2.0 -1.0 1.57618 108.6752486492536 0.314159151265845 0.04976704618321742 0.6166012622722659 8.0 -1.0 -1.0 -1.0 -1.0 
15.64 55.03 2.0 -1.0 0.0039513335998734465 326.0257459477608 0.022878942329845036 0.017971433343939622 1.0518694174893364 16.0 -1.0 -1.0 -1.0 -1.0 
15.64 55.03 2.0 -1.0 23.057654430953995 137.6292302875786 1.24999907309771 0.013824179495338172 16.959823009483774 8.0 16.959823504327 8.0 23.057630945307515 137.62918902570516 
15.64 55.03 2.0 -1.0 0.7310895701613709 61.62502848697549 2.9460962052327924 0.08294507697202903 15.020947567079467 8.0 15.06443484211216 8.0 0.731112474265198 61.933135061567334 
15.64 55.03 2.0 -1.0 0.1423857038953062 91.10070348815317 1.4174741629268062 0.019353851293473442 18.659938067992506 32.0 19.89708943481153 32.0 0.14239655380758148 91.28053566263681 
15.64 55.03 2.0 -1.0 28.224759634040677 62.6032035423243 8.033235319613656 0.012441761545804354 201.13289671120538 16.0 201.19761366000245 16.0 28.22477351098011 62.64152059331728 
15.64 55.03 2.0 -1.0 0.9319943359 217.3504972985072 7.2926654131761595 0.056679135930886505 51.041175133539234 16.0 51.475712084459914 16.0 0.9319895373967787 217.57555618034272 
155.71 56.42 2.0 -1.0 2.8936595854908 24.317382203613974 0.02316522291218108 0.03456044873834543 0.7763500297153829 16.0 -1.0 -1.0 -1.0 -1.0 
155.71 56.42 2.0 -1.0 0.03110692935198607 20.60732842330429 0.4398092168823045 0.017971433343939622 2.306688734545668 1.0 -1.0 -1.0 -1.0 -1.0 
155.71 56.42 2.0 -1.0 0.002115023153604762 7.787439618075775 0.11000290147540624 0.07326815132529232 2.4076939089631084 1.0 -1.0 -1.0 -1.0 -1.0 
155.71 56.42 2.0 -1.0 252.67407210877 76.39282354901691 0.5084761966519021 0.10921101801317155 1.5328303435280275 1.0 -1.0 -1.0 -1.0 -1.0 
155.71 56.42 2.0 -1.0 109.99844724197537 53.96107924034581 0.7015919679774667 0.017971433343939622 5.242626886855798 2.0 -1.0 -1.0 -1.0 -1.0 
155.71 56.42 2.0 -1.0 0.742167900236 81.62118316681307 0.06717113988391868 0.013824179495338172 2.035387206833819 16.0 -1.0 -1.0 -1.0 -1.0 
155.71 56.42 2.0 -1.0 2.27174930502 122.4317747502196 0.2471947847766056 0.016589015394405805 2.566428721168911 1.0 -1.0 -1.0 -1.0 -1.0 
155.71 56.42 2.0 -1.0 0.0021443838166475015 120.63184766868322 3.375614434310193 0.012441761545804354 6.991810782922279 8.0 -1.0 -1.0 -1.0 -1.0 
155.71 56.42 2.0 -1.0 0.004252814799581741 0.0 3.8358214714603345 0.031795612839277794 3.4827205905068874 16.0 -1.0 -1.0 -1.0 -1.0 
155.71 56.42 2.0 -1.0 3.100775 40.810591583406534 1.8341140706762948 0.06082638977948796 15.087151717888906 8.0 15.108159679766734 8.0 3.1007706032445035 40.883964975283 
156.87 56.42 2.0 -1.0 184.614253 49.91672931069371 0.0776048723514451 0.013824179495338172 0.6524479052015584 2.0 -1.0 -1.0 -1.0 -1.0 
156.87 56.42 2.0 -1.0 0.2015142891 117.70698605579985 0.2581910561960041 0.011059343596270537 3.090064925780812 16.0 -1.0 -1.0 -1.0 -1.0 
156.87 56.42 2.0 -1.0 0.0025418332638687128 0.0 0.42870960754281573 0.024883523091608708 1.005455207198381 1.0 -1.0 -1.0 -1.0 -1.0 
156.87 56.42 2.0 -1.0 0.002361643206703525 40.60836192153824 0.8625684705825069 0.011059343596270537 4.541877346801042 1.0 -1.0 -1.0 -1.0 -1.0 
156.87 56.42 2.0 -1.0 0.701967086843 81.21672384307648 0.0807217742540839 0.016589015394405805 1.8341255124783202 32.0 -1.0 -1.0 -1.0 -1.0 
156.87 56.42 2.0 -1.0 0.2015142891 121.82508576461471 0.013092171966844394 0.03317803078881161 3.0911222956943956 16.0 -1.0 -1.0 -1.0 -1.0 
156.87 56.42 2.0 -1.0 265.8152125688832 47.33377919747256 1.653567173740338 0.017971433343939622 12.960828061574073 1.0 12.960828204487525 1.0 265.81498483816785 47.360632694139724 
156.87 56.42 2.0 -1.0 0.25640622895786946 66.30384205730905 2.0357801389985517 0.013824179495338172 60.95351463114353 32.0 61.25871359214787 32.0 0.2564168729198476 66.99303171692412 
156.87 56.42 2.0 -1.0 0.003302992313449221 4.373957974747142 2.6579233608580393 0.015206597444871989 3.5891929236274818 32.0 -1.0 -1.0 -1.0 -1.0 
156.87 56.42 2.0 -1.0 0.025529235825387523 116.11091782546036 3.5330909349505513 0.02073626924300726 11.869741092611415 32.0 11.869740787792251 32.0 0.025526484629760187 113.13928921377821 
158.39 55.25 2.0 -1.0 18.90166 30.743547659433247 0.3037024146099722 0.03732528463741306 4.208842797330143 8.0 -1.0 -1.0 -1.0 -1.0 
158.39 55.25 2.0 -1.0 24.009604 61.5353962578444 0.5577950391413088 0.019353851293473442 8.083114014980021 4.0 8.08311402049204 4.0 24.009689999123417 61.52834332913878 
158.39 55.25 2.0 -1.0 4.1785550317 56.45172243042044 0.26579233608580394 0.022118687192541075 7.325647918481514 16.0 7.92173216715939 16.0 4.1785824578255415 56.2660508075677 
158.39 55.25 2.0 -1.0 3.18414434133 47.32284496359737 0.25289502973203115 0.02350110514207489 3.4606450843143026 32.0 -1.0 -1.0 -1.0 -1.0 
158.39 55.25 2.0 -1.0 223.2232854038148 32.50653193212659 0.019236604356197163 0.030413194889743977 1.4744810422792674 2.0 -1.0 -1.0 -1.0 -1.0 
158.39 55.25 2.0 -1.0 0.61894065595 13.717466669723555 0.04017541726172728 0.020736269243007255 2.555307072176649 8.0 -1.0 -1.0 -1.0 -1.0 
158.39 55.25 2.0 -1.0 2.698764 0.0 0.039188560946779236 0.019353851293473442 0.8768595658011807 1.0 -1.0 -1.0 -1.0 -1.0 
158.39 55.25 2.0 -1.0 0.003364269329216067 40.24675740333504 0.06216978392254384 0.026265941041142528 3.605217597042666 1.0 -1.0 -1.0 -1.0 -1.0 
158.39 55.25 2.0 -1.0 0.6457791716938079 80.49351480667008 0.6400009491490016 0.02211868719254107 11.12404686901166 32.0 11.155922526466648 32.0 0.6457715547488382 80.55355475328038 
158.39 55.25 2.0 -1.0 0.004577298591068276 120.74027221000512 0.24447745947558114 0.01520659744487199 3.5053800639987562 1.0 -1.0 -1.0 -1.0 -1.0 
16.76 55.03 2.0 -1.0 486.154230881221 63.59927178822499 0.11545327069384025 0.06220880772902177 1.3656257007606583 1.0 -1.0 -1.0 -1.0 -1.0 
16.76 55.03 2.0 -1.0 2.515150138446 156.07463821476065 0.7333081784913691 0.016589015394405805 12.631125044946854 32.0 12.76510236297807 32.0 2.515146964772915 155.94601491809684 
16.76 55.03 2.0 -1.0 0.1323466 108.8733296713682 0.07383917380647688 0.06635606157762322 1.6887945945261023 2.0 -1.0 -1.0 -1.0 -1.0 
16.76 55.03 2.0 -1.0 0.45630888762 217.7466593427364 0.013922408471454342 0.04700221028414978 2.434683385423024 32.0 -1.0 -1.0 -1.0 -1.0 
16.76 55.03 2.0 -1.0 429.184549 326.6199890141046 0.021859184887200275 0.038707702586946884 -0.24308159094358872 1.0 -1.0 -1.0 -1.0 -1.0 
16.76 55.03 2.0 -1.0 0.80130712057 200.7607213202007 6.670869092409146 0.058061553880420315 51.91868534015146 16.0 52.199998138178024 16.0 0.801325465242068 200.675501351451 
16.76 55.03 2.0 -1.0 0.8026608259746 115.04706483725137 1.0216471553317565 0.01520659744487199 24.50360038418887 32.0 24.790845077303462 32.0 0.8026593908046683 114.96085200970668 
16.76 55.03 2.0 -1.0 5.7291241736163805 28.059463002611846 3.0496389432454394 0.013824179495338174 85.9309895741388 32.0 86.93170770007922 32.0 5.729119341898089 28.031827470676713 
16.76 55.03 2.0 -1.0 0.7790225779 98.51844053070701 2.487365314604511 0.031795612839277794 31.480556655925056 16.0 32.201964913143556 16.0 0.7790125285585722 98.46558891324348 
16.76 55.03 2.0 -1.0 3.5852282245022074 0.0 2.562364236117258 0.06773847952715704 6.791757252913717 8.0 -1.0 -1.0 -1.0 -1.0 
169.02 56.43 2.0 -1.0 0.3652624619393678 89.05389873683993 0.019343214725462587 0.027648358990676348 1.26700537538734 1.0 -1.0 -1.0 -1.0 -1.0 
169.02 56.43 2.0 -1.0 2.996958107478261 40.05731070330498 0.23715784958474712 0.029030776940210157 2.542588596750142 8.0 -1.0 -1.0 -1.0 -1.0 
169.02 56.43 2.0 -1.0 0.288597141714 25.60255768697235 0.022193951030734772 0.016589015394405805 1.447037268080436 1.0 -1.0 -1.0 -1.0 -1.0 
169.02 56.43 2.0 -1.0 88.63067025815513 90.05883710337558 0.03333897897859852 0.03456044873834543 0.993469698032497 2.0 -1.0 -1.0 -1.0 -1.0 
169.02 56.43 2.0 -1.0 1.555307 0.0 0.2634159475634402 0.08985716671969811 0.372894373756474 4.0 -1.0 -1.0 -1.0 -1.0 
169.02 56.43 2.0 -1.0 0.026607250597988085 38.94720436817838 0.03669918888002356 0.026265941041142528 2.7382024065153594 4.0 -1.0 -1.0 -1.0 -1.0 
169.02 56.43 2.0 -1.0 316.48368670253 116.84161310453516 0.13627413729677892 0.006912089747669087 1.0368188617424423 1.0 -1.0 -1.0 -1.0 -1.0 
169.02 56.43 2.0 -1.0 0.01719488041013931 26.993111938341453 1.6040596785870795 0.006912089747669086 7.707336351900784 32.0 -1.0 -1.0 -1.0 -1.0 
169.02 56.43 2.0 -1.0 5.8086556360048 51.25185669331845 2.251828199773005 0.011059343596270537 84.79836531701208 32.0 84.96093511028528 32.0 5.808669811813161 51.30735208531804 
169.02 56.43 2.0 -1.0 2.3427772328 77.89440873635677 1.911736987624171 0.07603298722435994 8.434449959085239 4.0 9.687910565881245 8.0 2.342858351767063 77.82121055938771 
173.65 56.43 2.0 -1.0 45.102610653564696 13.83252059786579 0.2867779491143187 0.08432749492156286 1.8992979961184122 2.0 -1.0 -1.0 -1.0 -1.0 
173.65 56.43 2.0 -1.0 204.55934656546316 45.46458066071105 0.035526715283987924 0.06082638977948796 0.49706242171036075 1.0 -1.0 -1.0 -1.0 -1.0 
173.65 56.43 2.0 -1.0 12.285441161466956 91.90067614602137 0.2546481902546703 0.03732528463741307 2.1141903922104013 8.0 -1.0 -1.0 -1.0 -1.0 
173.65 56.43 2.0 -1.0 0.014111716139277362 27.45685944760316 0.2406235522250666 0.10091651031596865 1.9468000267477112 8.0 -1.0 -1.0 -1.0 -1.0 
173.65 56.43 2.0 -1.0 0.81742601326 38.54832036177816 0.3822594545999752 0.011059343596270537 9.5942602641548 32.0 9.622234109108632 32.0 0.8174235214634489 38.86000631314029 
173.65 56.43 2.0 -1.0 0.02850604555160601 77.09664072355632 0.10856843319584761 0.009676925646736721 2.779457079599822 8.0 -1.0 -1.0 -1.0 -1.0 
173.65 56.43 2.0 -1.0 0.3737524374439566 80.87860914788918 8.661512956629936 0.03041319488974398 126.70880373048092 32.0 127.43616538120101 32.0 0.37374168944855535 81.56553408435174 
173.65 56.43 2.0 -1.0 0.764175 93.6817866577867 1.4693210878159408 0.02073626924300726 34.39940724953895 32.0 34.39940841954951 32.0 0.7641877649196734 93.70928605720809 
173.65 56.43 2.0 -1.0 0.878622905444995 0.0 3.592158867031385 0.07741540517389377 7.857369078281788 8.0 -1.0 -1.0 -1.0 -1.0 
173.65 56.43 2.0 -1.0 4.279869765973 115.64496108533447 1.4273006104727985 0.022118687192541075 9.141478700070595 2.0 9.141478865292312 2.0 4.279718268662691 108.5853822239571 
174.81 56.43 2.0 -1.0 1.18994040124844 70.21639481143828 0.068625203982797 0.016589015394405805 2.0028861959873017 8.0 -1.0 -1.0 -1.0 -1.0 
174.81 56.43 2.0 -1.0 269.687163 32.98671683998767 0.2429621118496883 0.01520659744487199 0.2212993903763591 1.0 -1.0 -1.0 -1.0 -1.0 
174.81 56.43 2.0 -1.0 0.3211609168549823 38.428775682516225 0.736862980950253 0.035942866687879244 3.6470074436132585 16.0 -1.0 -1.0 -1.0 -1.0 
174.81 56.43 2.0 -1.0 44.895817333942624 39.15515218056559 4.073436927058742 0.03456044873834543 40.26453347369272 8.0 40.2645326705645 8.0 44.89581139447789 39.163600112461694 
174.81 56.43 2.0 -1.0 0.03363455717906837 43.478821811811784 3.801526268472719 0.012441761545804354 36.16932832463255 32.0 -1.0 -1.0 -1.0 -1.0 
174.81 56.43 2.0 -1.0 1.56246161188 20.200184517182244 5.095311235830817 0.04285495643554833 -inf 1.0 -1.0 -1.0 -1.0 -1.0 
174.81 56.43 2.0 -1.0 0.0068902549872972155 81.64241242361157 8.100108739552656 0.06497364362808941 4.0717876254700185 8.0 -1.0 -1.0 -1.0 -1.0 
174.81 56.43 2.0 -1.0 0.859107 0.0 3.410776682707007 0.08432749492156286 5.322345839862809 8.0 -1.0 -1.0 -1.0 -1.0 
174.81 56.43 2.0 -1.0 6.59709182778 76.85755136503245 3.690257789846957 0.017971433343939622 99.99121291746437 32.0 100.25975729262545 32.0 6.5970804522900535 76.80923122831634 
174.81 56.43 2.0 -1.0 0.827339092144 115.28632704754867 1.8002197938065532 0.027648358990676344 12.327365161775388 16.0 12.327364712043275 16.0 0.8273370137127738 108.38298635774281 
18.99 55.03 2.0 -1.0 2.76203446627 202.30068531696656 0.966047542040352 0.02350110514207489 15.734480354877807 16.0 15.857293103716145 16.0 2.762014143324147 202.29466828116517 
18.99 55.03 2.0 -1.0 0.004949232032673308 28.529162445999507 0.06360340234416484 0.011059343596270536 2.8081151053904514 8.0 -1.0 -1.0 -1.0 -1.0 
18.99 55.03 2.0 -1.0 1.2288412978165664 20.34510547704343 0.4654433038693023 0.012441761545804354 13.415590504381479 32.0 13.53890270646079 32.0 1.2288486080554626 20.138388688320095 
18.99 55.03 2.0 -1.0 4.4291820318041 109.54803966879764 0.17152342191960426 0.013824179495338172 1.4642114667550643 32.0 -1.0 -1.0 -1.0 -1.0 
18.99 55.03 2.0 -1.0 0.5218245 219.09607933759528 0.22239996444081098 0.056679135930886505 0.9455016932464602 1.0 -1.0 -1.0 -1.0 -1.0 
18.99 55.03 2.0 -1.0 426.51934403983 328.64411900639294 0.03654738309850336 0.03317803078881161 1.3742995900570374 1.0 -1.0 -1.0 -1.0 -1.0 
18.99 55.03 2.0 -1.0 3.7414393324491 49.17007721107749 1.024474257441211 0.031795612839277794 11.603385119155556 16.0 11.603384307805472 16.0 3.741418671173354 49.182195490068175 
18.99 55.03 2.0 -1.0 205.22225531037 181.98844753859365 3.7158400018911237 0.022118687192541075 22.305280386702524 1.0 22.305280550207705 1.0 205.22177995493016 181.9538837266308 
18.99 55.03 2.0 -1.0 0.001341933801856741 161.38040047218615 5.252572277723245 0.02488352309160871 5.509197982682215 2.0 -1.0 -1.0 -1.0 -1.0 
18.99 55.03 2.0 -1.0 0.664187 0.0 9.19171054608519 0.07603298722435994 10.777345116775791 16.0 -1.0 -1.0 -1.0 -1.0 
181.98 55.26 2.0 -1.0 0.654397111 14.991124534482694 0.1252592424949464 0.02073626924300726 2.278409718526463 32.0 -1.0 -1.0 -1.0 -1.0 
181.98 55.26 2.0 -1.0 12.6998621581 40.31122418120309 0.2985021714522505 0.016589015394405805 3.6034374915543435 16.0 -1.0 -1.0 -1.0 -1.0 
181.98 55.26 2.0 -1.0 100.80135882925016 59.80645917446485 0.08703500716290852 0.016589015394405805 1.482604840549959 2.0 -1.0 -1.0 -1.0 -1.0 
181.98 55.26 2.0 -1.0 0.03721287955679095 18.727617170712943 0.028796913017838353 0.03041319488974398 1.783075165682221 8.0 -1.0 -1.0 -1.0 -1.0 
181.98 55.26 2.0 -1.0 0.685533 55.57327265305595 0.013301860569649207 0.04009012053648069 2.1995917149974256 8.0 -1.0 -1.0 -1.0 -1.0 
181.98 55.26 2.0 -1.0 0.00820494416964135 37.624561802282244 0.16387830076108614 0.12165277955897592 1.1809275001502706 8.0 -1.0 -1.0 -1.0 -1.0 
181.98 55.26 2.0 -1.0 282.535701428469 75.24912360456449 0.17463215463497664 0.04147253848601452 0.3311827375414364 1.0 -1.0 -1.0 -1.0 -1.0 
181.98 55.26 2.0 -1.0 0.821629025162 112.87368540684673 0.08978324947588143 0.056679135930886505 1.0359031970675998 2.0 -1.0 -1.0 -1.0 -1.0 
181.98 55.26 2.0 -1.0 98.96535646146744 82.76726286658668 4.841372476313745 0.02626594104114253 34.24649834981045 2.0 34.24649845815715 2.0 98.96563521275918 82.77990928163737 
181.98 55.26 2.0 -1.0 3.46801177677 0.0 7.755127795831871 0.027648358990676344 139.6707911609125 32.0 -1.0 -1.0 -1.0 -1.0 
182.54 55.26 2.0 -1.0 0.785012 40.3004056208399 0.010041536703492851 0.03456044873834543 1.0904606058428088 1.0 -1.0 -1.0 -1.0 -1.0 
182.54 55.26 2.0 -1.0 31.953380185111733 19.1460773624203 0.19343214725462585 0.01520659744487199 1.0027931440324545 4.0 -1.0 -1.0 -1.0 -1.0 
182.54 55.26 2.0 -1.0 0.001431107536828458 26.49086013374359 0.2921773626975146 0.015206597444871989 1.1998087940840065 2.0 -1.0 -1.0 -1.0 -1.0 
182.54 55.26 2.0 -1.0 57.80624908500715 49.664721596566984 0.33639744242527675 0.022118687192541075 1.1262459393836375 4.0 -1.0 -1.0 -1.0 -1.0 
182.54 55.26 2.0 -1.0 2.721551083248 58.11517059153033 0.029726742058157247 0.006912089747669086 2.3272423881565847 16.0 -1.0 -1.0 -1.0 -1.0 
182.54 55.26 2.0 -1.0 0.0016502206479446465 0.0 0.5008065115563315 0.022118687192541075 0.871597305053775 2.0 -1.0 -1.0 -1.0 -1.0 
182.54 55.26 2.0 -1.0 1.22352355821 37.60393391216669 0.4814689191514564 0.03041319488974398 5.6291025306581055 16.0 -1.0 -1.0 -1.0 -1.0 
182.54 55.26 2.0 -1.0 10.78643292 75.20786782433338 0.8246917104001704 0.03041319488974398 10.022729750635413 8.0 10.022729485996049 8.0 10.786485897066694 75.19006429860217 
182.54 55.26 2.0 -1.0 1.37333511678 112.81180173650006 0.041301097859493346 0.006912089747669086 1.1770818683490218 8.0 -1.0 -1.0 -1.0 -1.0 
182.54 55.26 2.0 -1.0 0.0018426428931229803 9.691502919457301 1.098510166047577 0.038707702586946884 1.219200889523834 2.0 -1.0 -1.0 -1.0 -1.0 
194.48 56.43 2.0 -1.0 17.485862788642 40.54241858026138 0.037649358067924674 0.019353851293473442 1.8587217287065796 2.0 -1.0 -1.0 -1.0 -1.0 
194.48 56.43 2.0 -1.0 0.022968596257459013 78.9079123875998 0.032029529200852905 0.009676925646736721 1.9695309442002444 1.0 -1.0 -1.0 -1.0 -1.0 
194.48 56.43 2.0 -1.0 155.2642352611918 61.05488499728818 0.44747118751276277 0.0027648358990676344 11.11105080057904 1.0 11.11105110391355 1.0 155.26408484826487 61.022353663603106 
194.48 56.43 2.0 -1.0 3.26978936174 0.0 0.7471147983930847 0.012441761545804354 20.188949413924323 32.0 -1.0 -1.0 -1.0 -1.0 
194.48 56.43 2.0 -1.0 0.922923422192 74.80093059950799 0.20957145722768147 0.03732528463741307 1.4784750085697045 4.0 -1.0 -1.0 -1.0 -1.0 
194.48 56.43 2.0 -1.0 9.410971404024096 54.34457049106169 1.7865912494267449 0.03041319488974398 27.540202822294624 16.0 27.84442458916009 16.0 9.410966110105317 54.343290078532114 
194.48 56.43 2.0 -1.0 212.765957 11.82720984876709 8.373215895525812 0.060826389779487955 30.646248087252385 2.0 30.646247764967566 2.0 212.7659778731565 11.840158173534931 
194.48 56.43 2.0 -1.0 1.330601 49.59797678515232 2.0856043462141063 0.08294507697202903 5.41530250116474 8.0 6.230995219225807 8.0 1.3306513816739123 51.30735208531804 
194.48 56.43 2.0 -1.0 342.465753 37.400465299753996 6.516004838727284 0.05529671798135269 27.747008101121516 1.0 27.747008198555697 1.0 342.4657431120674 37.443235249640374 
194.48 56.43 2.0 -1.0 1.143 112.201395899262 6.234182015477381 0.029030776940210157 76.02546569258949 16.0 76.02546553061232 16.0 1.1429923082080982 106.86501736113578 
0.01 55.03 2.0 -1.0 13.972467536188166 74.07998278346517 0.06260076752467116 0.019353851293473442 1.4663766692584053 1.0 -1.0 -1.0 -1.0 -1.0 
0.01 55.03 2.0 -1.0 450.9170308627072 161.4340258303929 0.011053615420068413 0.024883523091608708 0.29698582275922225 1.0 -1.0 -1.0 -1.0 -1.0 
0.01 55.03 2.0 -1.0 0.0012699350581559167 59.59918976877877 0.4202060938098521 0.06359122567855559 2.0738867806442487 2.0 -1.0 -1.0 -1.0 -1.0 
0.01 55.03 2.0 -1.0 1.6490236746575566 0.0 0.37261224747125077 0.05806155388042032 1.9997654277152097 1.0 -1.0 -1.0 -1.0 -1.0 
0.01 55.03 2.0 -1.0 5.675652 111.72334055080971 0.3345433837248016 0.08432749492156286 1.6037826933908792 8.0 -1.0 -1.0 -1.0 -1.0 
0.01 55.03 2.0 -1.0 0.223377703467 335.1700216524291 0.03043325008526438 0.015206597444871989 1.3324368188389202 8.0 -1.0 -1.0 -1.0 -1.0 
0.01 55.03 2.0 -1.0 1.48354649394 31.274490469218556 6.123203566945896 0.016589015394405805 96.6479687688581 32.0 96.64797109223363 32.0 1.4835374410419415 31.27016133010507 
0.01 55.03 2.0 -1.0 57.54121018881093 39.31937547737767 1.3403330336259605 0.026265941041142528 12.610849068283626 4.0 12.730692866472218 4.0 57.54118319600821 39.264798045568824 
0.01 55.03 2.0 -1.0 0.15395541118695494 18.570276227167287 1.718792786505633 0.04009012053648069 2.0504937678727915 4.0 -1.0 -1.0 -1.0 -1.0 
0.01 55.03 2.0 -1.0 13.972467536188164 74.07998278346517 0.06260076752467116 0.019353851293473442 1.4663766692584164 1.0 -1.0 -1.0 -1.0 -1.0 
0.01 55.03 2.0 -1.0 450.9170308627072 161.4340258303929 0.011053615420068413 0.024883523091608708 0.29698582275922225 1.0 -1.0 -1.0 -1.0 -1.0 
0.01 55.03 2.0 -1.0 0.0012699350581559167 59.59918976877877 0.4202060938098521 0.06359122567855559 2.0738867806442487 2.0 -1.0 -1.0 -1.0 -1.0 
0.01 55.03 2.0 -1.0 1.6490236746575564 0.0 0.37261224747125077 0.058061553880420315 1.99976542771522 1.0 -1.0 -1.0 -1.0 -1.0 
0.01 55.03 2.0 -1.0 5.675652 111.72334055080971 0.3345433837248016 0.08432749492156286 1.6037826933908792 8.0 -1.0 -1.0 -1.0 -1.0 
0.01 55.03 2.0 -1.0 0.223377703467 335.1700216524291 0.030433250085264384 0.015206597444871989 1.3324368188389202 8.0 -1.0 -1.0 -1.0 -1.0 
0.01 55.03 2.0 -1.0 1.48354649394 31.274490469218556 6.123203566945896 0.016589015394405805 96.6479687688581 32.0 96.64797109223363 32.0 1.4835374410419415 31.27016133010507 
0.01 55.03 2.0 -1.0 57.54121018881093 39.31937547737767 1.3403330336259605 0.026265941041142528 12.610849068283626 4.0 12.730692866472218 4.0 57.54118319600821 39.264798045568824 
0.01 55.03 2.0 -1.0 0.15395541118695494 18.570276227167287 1.718792786505633 0.04009012053648069 2.0504937678727915 4.0 -1.0 -1.0 -1.0 -1.0 
0.01 55.03 2.0 -1.0 1.00399242379 223.44668110161942 4.228269069967017 0.04147253848601452 41.78795758726012 16.0 45.09995619850629 32.0 1.0039912012871355 223.44503630055667 
0.57 55.03 2.0 -1.0 0.71730671014 136.59687105168246 0.6670869092409145 0.06635606157762322 1.9979367988139578 16.0 -1.0 -1.0 -1.0 -1.0 
0.57 55.03 2.0 -1.0 3.08977631356 118.17557928862693 0.25482417336644786 0.06082638977948796 1.5154661567637264 2.0 -1.0 -1.0 -1.0 -1.0 
0.57 55.03 2.0 -1.0 1.490957 53.63455525958223 0.7873894997730058 0.01520659744487199 20.691110145506876 32.0 20.868120686235788 32.0 1.4909649811064205 53.63490454678217 
0.57 55.03 2.0 -1.0 0.17733492662 0.0 0.011379039645988786 0.03456044873834543 1.6443035256331486 2.0 -1.0 -1.0 -1.0 -1.0 
0.57 55.03 2.0 -1.0 1.30094454375 221.6540268818197 0.13731366893478805 0.024883523091608708 0.7669171032027168 16.0 -1.0 -1.0 -1.0 -1.0 
0.57 55.03 2.0 -1.0 2.266492130584 100.91808754670308 1.9707405963505449 0.03041319488974398 28.813033130535135 32.0 28.940657314400696 32.0 2.2664911133081964 100.99553724092189 
0.57 55.03 2.0 -1.0 230.5207819237923 31.0568348496279 3.7467728600716743 0.04423737438508215 18.543462471106775 2.0 18.543462832434134 2.0 230.52076964328688 31.067765463890797 
0.57 55.03 2.0 -1.0 383.1975942761 107.76788195679232 2.217862375423104 0.030413194889743984 10.178369441681332 1.0 -1.0 -1.0 -1.0 -1.0 
0.57 55.03 2.0 -1.0 4.833299389106393 110.82701344090985 7.429970658615063 0.017971433343939622 183.29675088355796 32.0 183.29674902633354 32.0 4.833297377141814 110.81173675231409 
0.57 55.03 2.0 -1.0 0.0014778925406905199 332.48104032272954 3.0920679192165 0.024883523091608704 9.246024320351607 2.0 -1.0 -1.0 -1.0 -1.0 
1.13 55.03 2.0 -1.0 1.1055857616377447 54.3564930901521 0.5497611134427101 0.03317803078881161 4.212634672632843 32.0 -1.0 -1.0 -1.0 -1.0 
1.13 55.03 2.0 -1.0 1.808645 77.03282149585972 0.1315563789626525 0.02073626924300726 1.8950218286259963 16.0 -1.0 -1.0 -1.0 -1.0 
1.13 55.03 2.0 -1.0 0.08278700758190688 192.5153586561031 0.017342987552518497 0.026265941041142528 1.7471778195489942 2.0 -1.0 -1.0 -1.0 -1.0 
1.13 55.03 2.0 -1.0 0.00625638591189179 0.0 0.16940370024467943 0.08432749492156286 -0.1687750228275201 1.0 -1.0 -1.0 -1.0 -1.0 
1.13 55.03 2.0 -1.0 1.684824546 111.14735672974047 0.07638152038733344 0.07465056927482613 1.0855347068704726 2.0 -1.0 -1.0 -1.0 -1.0 
1.13 55.03 2.0 -1.0 2.4595822178036584 222.29471345948093 0.5850280880215019 0.011059343596270537 12.834408645582522 16.0 12.92498681845479 16.0 2.459576838494589 222.12946317016386 
1.13 55.03 2.0 -1.0 0.0413615341267772 135.02419663927967 1.0041536703492857 0.006912089747669086 12.826418751767367 32.0 13.211795291441346 32.0 0.04135169244060914 136.71840762774093 
1.13 55.03 2.0 -1.0 0.0011114843736737697 131.28927196069253 1.7865912494267449 0.04561979233461596 0.5941001768166655 1.0 -1.0 -1.0 -1.0 -1.0 
1.13 55.03 2.0 -1.0 0.7725385641444409 60.75922111058719 7.749772057780361 0.024883523091608708 124.15834058594122 32.0 124.19743617389643 32.0 0.7725247996859254 60.718759864281694 
1.13 55.03 2.0 -1.0 2.227442025412 333.4420701892214 7.685790970869665 0.031795612839277794 127.68533949401098 16.0 128.1612874111728 32.0 2.2274434741120785 333.34599165490647 
1.69 55.03 2.0 -1.0 5.256794 38.25688312766035 0.13311053263353947 0.02211868719254107 0.16990149756597267 32.0 -1.0 -1.0 -1.0 -1.0 
1.69 55.03 2.0 -1.0 134.6485499129762 117.79005646417541 0.1092455713563523 0.04147253848601452 -0.09749320749671887 1.0 -1.0 -1.0 -1.0 -1.0 
1.69 55.03 2.0 -1.0 39.113973102535745 54.581589544667196 0.6810567762203223 0.07188573337575849 2.1514800181673954 8.0 -1.0 -1.0 -1.0 -1.0 
1.69 55.03 2.0 -1.0 502.512563 0.0 0.014362026428722101 0.019353851293473442 1.4094141385030898 1.0 -1.0 -1.0 -1.0 -1.0 
1.69 55.03 2.0 -1.0 0.998004 221.17986377188546 0.6303473886221564 0.006912089747669086 16.44787657175554 32.0 17.73188999700574 32.0 0.9980188527454933 221.11748383909247 
1.69 55.03 2.0 -1.0 200.658805294298 331.7697956578282 0.03569893544810421 0.08156265902249521 1.5521866451564375 1.0 -1.0 -1.0 -1.0 -1.0 
1.69 55.03 2.0 -1.0 1.147206256861 74.9542922683302 2.1366479639038585 0.02073626924300726 41.58861191458578 32.0 41.67291431516147 32.0 1.1472063003263127 74.88647049928075 
1.69 55.03 2.0 -1.0 0.8314821707148012 28.96639980090849 8.941186207550407 0.031795612839277794 97.2137574436652 32.0 97.44081063322072 32.0 0.8314903728508701 28.94260886864094 
1.69 55.03 2.0 -1.0 0.2970257612740102 27.672368194682335 5.75010754719375 0.01520659744487199 125.8214235917377 32.0 127.00122384406006 32.0 0.2970106531089793 28.537817136212393 
1.69 55.03 2.0 -1.0 22.026432 110.58993188594273 1.5453216954363693 0.022118687192541075 15.574038385734044 8.0 15.574038356928696 8.0 22.02638521945725 110.60934088609983 
10.06 55.03 2.0 -1.0 2.33768482203 25.586655348592956 0.11959355362282424 0.08985716671969811 1.6160058869353229 8.0 -1.0 -1.0 -1.0 -1.0 
10.06 55.03 2.0 -1.0 0.299 134.39488132972875 0.19064614273734584 0.016589015394405805 2.5832073497223966 16.0 -1.0 -1.0 -1.0 -1.0 
10.06 55.03 2.0 -1.0 3.468609 68.8696649674691 0.359961145803733 0.016589015394405805 5.933633849528366 16.0 -1.0 -1.0 -1.0 -1.0 
10.06 55.03 2.0 -1.0 1.30255755938 79.87712202733334 0.0514838678779917 0.02350110514207489 1.8877961979776783 16.0 -1.0 -1.0 -1.0 -1.0 
10.06 55.03 2.0 -1.0 1.4633093057546707 108.22375923459431 0.673570158688605 0.03456044873834543 5.98795438004958 16.0 6.047080221405178 16.0 1.4633163421725235 108.28178842463568 
10.06 55.03 2.0 -1.0 0.797415129552 216.44751846918862 0.12823624751348844 0.03456044873834543 1.0122613378165126 2.0 -1.0 -1.0 -1.0 -1.0 
10.06 55.03 2.0 -1.0 14.667084337 324.67127770378295 0.12832486944265878 0.016589015394405805 1.3355584445441082 1.0 -1.0 -1.0 -1.0 -1.0 
10.06 55.03 2.0 -1.0 0.00946118159225248 192.71167448464365 9.345382032112322 0.01520659744487199 27.95348779247861 32.0 -1.0 -1.0 -1.0 -1.0 
10.06 55.03 2.0 -1.0 0.022343935234731525 126.1798765033404 1.0301519527800742 0.03317803078881161 2.0013843563157634 4.0 -1.0 -1.0 -1.0 -1.0 
10.06 55.03 2.0 -1.0 7.478313 0.0 2.1366479639038585 0.012441761545804354 60.174111144949826 32.0 -1.0 -1.0 -1.0 -1.0 
10.62 55.03 2.0 -1.0 0.40226922307757423 12.370280673779666 0.18027088572578753 0.04423737438508215 0.3584870112170679 1.0 -1.0 -1.0 -1.0 -1.0 
10.62 55.03 2.0 -1.0 0.909379126021 33.83158126529767 0.6400009491490016 0.013824179495338172 8.533094379393948 32.0 8.672734523322742 32.0 0.9093734358126919 34.103703457104885 
10.62 55.03 2.0 -1.0 0.99597877881 116.72220215810474 0.012422511885612372 0.03732528463741307 -0.15970827219971054 16.0 -1.0 -1.0 -1.0 -1.0 
10.62 55.03 2.0 -1.0 0.005920712181085924 0.0 0.26268903444130803 0.027648358990676348 3.1809215357004006 8.0 -1.0 -1.0 -1.0 -1.0 
10.62 55.03 2.0 -1.0 0.99550771827 108.21560494936385 0.041558691605743284 0.026265941041142528 -0.5063540031182192 32.0 -1.0 -1.0 -1.0 -1.0 
10.62 55.03 2.0 -1.0 1.0829644010729 216.4312098987277 0.06457746728886901 0.027648358990676344 0.7086549259925727 8.0 -1.0 -1.0 -1.0 -1.0 
10.62 55.03 2.0 -1.0 240.25490831930935 324.64681484809154 0.014774641499094882 0.03732528463741307 1.240696648024629 2.0 -1.0 -1.0 -1.0 -1.0 
10.62 55.03 2.0 -1.0 4.3292962132 34.77315118534914 2.1648785797337355 0.04561979233461597 18.59171878490709 16.0 18.59171782200847 16.0 4.329316046399375 34.81208898885484 
10.62 55.03 2.0 -1.0 181.52170888055778 116.1702473773849 4.505732208812994 0.04147253848601452 20.413603220119985 1.0 20.41360349998892 1.0 181.52156068633002 116.17522720699232 
10.62 55.03 2.0 -1.0 2.271936912618 41.234268912598885 8.855125476097193 0.009676925646736721 321.14834126097753 32.0 321.2534053071326 32.0 2.271948081518834 41.18755877460441 
105.89 14.25 2.0 -1.0 0.0027993604566431823 31.346537068047766 0.2793473877157862 0.12441761545804356 0.47127449802519955 1.0 -1.0 -1.0 -1.0 -1.0 
105.89 14.25 2.0 -1.0 0.33318778828133555 49.758123782728696 0.20315652849980984 0.012441761545804356 4.369511249737591 32.0 -1.0 -1.0 -1.0 -1.0 
105.89 14.25 2.0 -1.0 128.0111794870191 45.90286002838259 0.25500027809721515 0.02350110514207489 1.7836731225605758 1.0 -1.0 -1.0 -1.0 -1.0 
105.89 14.25 2.0 -1.0 75.11649135730703 0.0 0.07622338103299053 0.026265941041142528 2.2721106686163286 1.0 -1.0 -1.0 -1.0 -1.0 
105.89 14.25 2.0 -1.0 0.031684024185842756 120.08966442276231 0.13210282079320898 0.03456044873834543 2.7316039302545967 8.0 -1.0 -1.0 -1.0 -1.0 
105.89 14.25 2.0 -1.0 337.36912025226 62.945287652735 1.293037621685656 0.012441761545804354 7.98044798976993 1.0 -1.0 -1.0 -1.0 -1.0 
105.89 14.25 2.0 -1.0 0.00404317639503851 16.862275112467074 2.6268903444130802 0.022118687192541075 3.0841927076566487 1.0 -1.0 -1.0 -1.0 -1.0 
105.89 14.25 2.0 -1.0 0.961936 49.14560524231857 6.417719598388955 0.03456044873834543 104.43274933527304 16.0 105.93168649204239 32.0 0.9619422295751672 49.08099755696104 
105.89 14.25 2.0 -1.0 1.9923208852 240.17932884552462 2.8147831624915383 0.016589015394405805 90.81648185051002 32.0 90.81647998735691 32.0 1.9923087772137176 240.1426952632341 
105.89 14.25 2.0 -1.0 1.9411179295 360.2689932682869 5.0777412570358615 0.03456044873834543 75.93548366177622 16.0 76.0998868476448 16.0 1.9411042255039017 359.9610480620833 
106.18 14.25 2.0 -1.0 4.249688210732 110.12224202207135 0.1 0.013824179495338172 1.4356492536553902 16.0 -1.0 -1.0 -1.0 -1.0 
106.18 14.25 2.0 -1.0 0.66930344771 87.19052636259363 0.06489051458090826 0.017971433343939622 0.9819245763646897 1.0 -1.0 -1.0 -1.0 -1.0 
106.18 14.25 2.0 -1.0 1.465705762893 343.8328581590849 0.5067228364390678 0.09538683851783337 2.1865838784210054 8.0 -1.0 -1.0 -1.0 -1.0 
106.18 14.25 2.0 -1.0 3.2108324764111544 119.05203783962497 0.35355325950947053 0.009676925646736721 9.215048218880426 32.0 9.32056030788672 32.0 3.210819462159028 119.0087693339921 
106.18 14.25 2.0 -1.0 4.4538744 238.10407567924995 0.046415888336127795 0.06497364362808941 0.4438860910696076 4.0 -1.0 -1.0 -1.0 -1.0 
106.18 14.25 2.0 -1.0 170.849405719173 357.1561135188749 0.41158680766598854 0.12856486930664499 1.0641562902807757 1.0 -1.0 -1.0 -1.0 -1.0 
106.18 14.25 2.0 -1.0 0.014111716139277362 0.5357877490532177 3.723549192047441 0.04285495643554833 1.063992196714128 1.0 -1.0 -1.0 -1.0 -1.0 
106.18 14.25 2.0 -1.0 2.248252 188.02578073440918 5.952199345230122 0.02073626924300726 115.92677118861752 32.0 116.27581403545045 32.0 2.24824058629262 188.12695764616612 
106.18 14.25 2.0 -1.0 5.4199894818 42.79158155771699 8.63164577248031 0.08570991287109665 47.330168143268295 8.0 48.813756677020365 16.0 5.419982092765471 42.8067257043186 
106.18 14.25 2.0 -1.0 3.86571065372 0.0 2.623263304627603 0.05944397182995413 10.317567789392719 8.0 -1.0 -1.0 -1.0 -1.0 
106.51 14.25 2.0 -1.0 1.22896880609 30.196033989901082 0.2989148937474159 0.07879782312342758 0.7346105268242927 4.0 -1.0 -1.0 -1.0 -1.0 
106.51 14.25 2.0 -1.0 2.344843177122 108.21720504938759 0.6404432431172377 0.02073626924300726 5.300922916519092 8.0 7.804218294657793 16.0 2.3447986071308455 107.77579875909998 
106.51 14.25 2.0 -1.0 0.0011063882708094472 21.48768186620159 0.09351840469571134 0.12441761545804356 -0.07317420536260191 1.0 -1.0 -1.0 -1.0 -1.0 
106.51 14.25 2.0 -1.0 16.792101165075774 190.38015333843848 0.1410635930080207 0.019353851293473442 1.366359977993758 16.0 -1.0 -1.0 -1.0 -1.0 
106.51 14.25 2.0 -1.0 24.38440141106 0.0 0.16207684425645388 0.016589015394405805 2.337927917484768 16.0 -1.0 -1.0 -1.0 -1.0 
106.51 14.25 2.0 -1.0 2.12042426647 117.98755133451384 0.8066602730969565 0.04561979233461597 6.279311447055085 8.0 6.280175101237838 8.0 2.1204565806935234 118.0979879360279 
106.51 14.25 2.0 -1.0 1.0985150222458 151.97136450017038 2.544723286778917 0.1396242129029155 8.117149766228913 2.0 8.223524607529974 2.0 1.0986695997416973 152.91007692488273 
106.51 14.25 2.0 -1.0 5.0114923575 61.701860778895174 2.2286137387064633 0.017971433343939622 70.18673029810857 32.0 70.34887531860862 32.0 5.011497705709189 61.73073919535305 
106.51 14.25 2.0 -1.0 0.00506426947315055 235.97510266902768 6.355947745071262 0.03456044873834543 8.398901082706873 4.0 -1.0 -1.0 -1.0 -1.0 
106.51 14.25 2.0 -1.0 0.0026613686823646963 353.9626540035415 1.109186309333635 0.017971433343939622 1.2497165616774513 4.0 -1.0 -1.0 -1.0 -1.0 
11.18 55.03 2.0 -1.0 0.00355500598430653 65.70528842897245 0.04515080174918501 0.022118687192541075 2.157899739883008 16.0 -1.0 -1.0 -1.0 -1.0 
11.18 55.03 2.0 -1.0 0.35169302087 39.66989251986381 0.011122556497987162 0.012441761545804352 1.5033001762268985 1.0 -1.0 -1.0 -1.0 -1.0 
11.18 55.03 2.0 -1.0 0.020381854524096684 14.965483184662205 0.04824678145425938 0.027648358990676344 2.7001234847420665 2.0 -1.0 -1.0 -1.0 -1.0 
11.18 55.03 2.0 -1.0 0.22032674928517554 0.0 0.37261224747125077 0.017971433343939622 2.417685836445853 32.0 -1.0 -1.0 -1.0 -1.0 
11.18 55.03 2.0 -1.0 2.467080757786 108.19946953249269 0.029644709215877987 0.055296717981352696 1.6633349222797331 16.0 -1.0 -1.0 -1.0 -1.0 
11.18 55.03 2.0 -1.0 48.5438764505726 216.39893906498537 0.5574098225214513 0.08156265902249521 1.8936324120204857 2.0 -1.0 -1.0 -1.0 -1.0 
11.18 55.03 2.0 -1.0 1.8077686769634342 324.59840859747806 0.2830382852894208 0.04423737438508215 1.9304515971387566 1.0 -1.0 -1.0 -1.0 -1.0 
11.18 55.03 2.0 -1.0 1.820960929021 47.33118109162147 8.849010073010126 0.022118687192541075 190.46064347139338 32.0 190.52042062220647 32.0 1.820959975399698 47.360632694139724 
11.18 55.03 2.0 -1.0 2.3817202891513642 107.64759705062879 2.3536244866247897 0.008294507697202903 109.56408945419692 32.0 109.64843300676839 32.0 2.3817240920228264 107.67460082599285 
11.18 55.03 2.0 -1.0 1.14381850931 85.44284542739896 1.5410572815741164 0.026265941041142528 22.959052871213363 32.0 23.130650527600505 32.0 1.1438108534396938 85.41105554242291 
11.73 55.03 2.0 -1.0 2.67192804814 166.1851302725733 0.02335806398033758 0.042854956435548326 0.6052553470843968 2.0 -1.0 -1.0 -1.0 -1.0 
11.73 55.03 2.0 -1.0 27.838309386354652 49.36866858292656 0.35355325950947053 0.052531882082285056 1.9605594036699812 16.0 -1.0 -1.0 -1.0 -1.0 
11.73 55.03 2.0 -1.0 0.03197657411683124 19.182697654509926 0.6721756073696541 0.13962421290291552 1.1206651103953318 1.0 -1.0 -1.0 -1.0 -1.0 
11.73 55.03 2.0 -1.0 26.322717 215.81346312155074 0.12788237140267286 0.06497364362808941 0.7639903225309205 8.0 -1.0 -1.0 -1.0 -1.0 
11.73 55.03 2.0 -1.0 0.19236888 107.66329631135265 0.04425522941776675 0.11474068981130683 2.107578870824531 4.0 -1.0 -1.0 -1.0 -1.0 
11.73 55.03 2.0 -1.0 1.51981774632 50.82928007946285 0.02127809743662687 0.011059343596270537 3.68890625689954 32.0 -1.0 -1.0 -1.0 -1.0 
11.73 55.03 2.0 -1.0 0.0032878482511591073 0.0 0.05547207448246047 0.01382417949533817 1.2238053895478882 32.0 -1.0 -1.0 -1.0 -1.0 
11.73 55.03 2.0 -1.0 0.942507 216.3652496869089 0.02974728571317075 0.024883523091608708 2.0298436331783685 32.0 -1.0 -1.0 -1.0 -1.0 
11.73 55.03 2.0 -1.0 1.582779 108.18262484345445 8.264026842883293 0.017971433343939622 214.45426422154074 32.0 214.4818592699461 32.0 1.5827936294954272 108.18059049152855 
11.73 55.03 2.0 -1.0 0.7446527222569242 324.54787453036334 8.000005932179063 0.031795612839277794 106.68607033340969 32.0 107.14045205265415 32.0 0.7446639453216146 324.33937560837137 
116.97 56.37 2.0 -1.0 0.001132104598920097 17.893175724454718 0.7966913997731381 0.011059343596270537 10.969180681173388 1.0 -1.0 -1.0 -1.0 -1.0 
116.97 56.37 2.0 -1.0 2.185717553667 79.32587841316004 0.07419711837099707 0.02073626924300726 1.3363921970436907 2.0 -1.0 -1.0 -1.0 -1.0 
116.97 56.37 2.0 -1.0 0.004233315846474604 141.59156690103424 0.010539069785079147 0.10091651031596865 1.8942399974287536 4.0 -1.0 -1.0 -1.0 -1.0 
116.97 56.37 2.0 -1.0 34.23369535044918 92.17308246957248 1.811447712307352 0.06635606157762322 8.633621183241223 4.0 8.633621297068691 4.0 34.233623106653496 92.19131706060104 
116.97 56.37 2.0 -1.0 0.8699442722 49.38644651610913 3.1264357272238157 0.05391430003181887 22.258958718866513 16.0 22.439255467952687 16.0 0.869961998735865 49.58698722249672 
116.97 56.37 2.0 -1.0 3.06493262635 71.89308205134537 2.210214600222975 0.008294507697202903 118.22485332328505 32.0 118.46110935059173 32.0 3.06493651199465 71.95173043917382 
116.97 56.37 2.0 -1.0 12.359917476 0.0 4.098842834710968 0.008294507697202903 181.96138913237783 32.0 -1.0 -1.0 -1.0 -1.0 
116.97 56.37 2.0 -1.0 7.307001256 53.391185935190315 9.660475420403525 0.016589015394405805 320.51594146095744 32.0 320.51594387787225 32.0 7.3070017000039424 53.43250868056789 
116.97 56.37 2.0 -1.0 0.61523110201 106.78237187038063 6.768353736781109 0.056679135930886505 33.77758735951747 16.0 33.78079700582872 16.0 0.6152428492593269 107.06741322735004 
116.97 56.37 2.0 -1.0 8.086733093387805 160.17355780557094 1.5463896414539255 0.05391430003181887 3.1950389657978793 2.0 -1.0 -1.0 -1.0 -1.0 
12.29 55.03 2.0 -1.0 0.30738862302 40.17084009769123 0.022768568864827275 0.06082638977948796 1.686806557443102 16.0 -1.0 -1.0 -1.0 -1.0 
12.29 55.03 2.0 -1.0 3.08977631356 81.08859153107115 0.18353815962816797 0.009676925646736721 4.071966347477236 32.0 -1.0 -1.0 -1.0 -1.0 
12.29 55.03 2.0 -1.0 1.99898269975 2.8577477191566922 0.05008065115563314 0.029030776940210157 -0.23099202311430014 8.0 -1.0 -1.0 -1.0 -1.0 
12.29 55.03 2.0 -1.0 0.001526207014931322 179.81078546557507 0.11347638459718777 0.03456044873834543 0.7346829842613732 1.0 -1.0 -1.0 -1.0 -1.0 
12.29 55.03 2.0 -1.0 215.1657339348127 45.26932182391397 0.03937853236248104 0.049767046183217416 2.250310996652831 1.0 -1.0 -1.0 -1.0 -1.0 
12.29 55.03 2.0 -1.0 0.01287252860404894 94.30567473217086 0.14461589230674415 0.06497364362808941 0.4628001522032195 1.0 -1.0 -1.0 -1.0 -1.0 
12.29 55.03 2.0 -1.0 2.766481 108.23719486305974 0.013674567248957506 0.01105934359627054 1.4037814320067583 1.0 -1.0 -1.0 -1.0 -1.0 
12.29 55.03 2.0 -1.0 244.777668 0.0 4.325771812421892 0.017971433343939622 31.535455806331502 2.0 -1.0 -1.0 -1.0 -1.0 
12.29 55.03 2.0 -1.0 0.537915 216.47438972611948 1.1347638459718776 0.09538683851783337 2.38538744636452 8.0 -1.0 -1.0 -1.0 -1.0 
12.29 55.03 2.0 -1.0 8.54520899704013 324.7115845891792 4.4964035966208 0.03317803078881161 38.427886334195236 16.0 38.42788624991756 16.0 8.545187786997607 324.6429694076928 
12.85 55.03 2.0 -1.0 0.287793 64.20120526433227 0.1705780684399447 0.019353851293473442 1.9103635388973994 32.0 -1.0 -1.0 -1.0 -1.0 
12.85 55.03 2.0 -1.0 156.858385217 159.8207129024547 0.06647866174025409 0.08432749492156287 0.5865970920513761 1.0 -1.0 -1.0 -1.0 -1.0 
12.85 55.03 2.0 -1.0 19.18594491719735 73.98084230105496 0.660666062384638 0.031795612839277794 6.5885225951182536 8.0 -1.0 -1.0 -1.0 -1.0 
12.85 55.03 2.0 -1.0 0.855182765 144.48520233324172 0.011030730151526759 0.045619792334615966 2.375172270162602 1.0 -1.0 -1.0 -1.0 -1.0 
12.85 55.03 2.0 -1.0 1.35421422194 67.77515899868276 0.036597915125661865 0.024883523091608708 0.9018412004387174 4.0 -1.0 -1.0 -1.0 -1.0 
12.85 55.03 2.0 -1.0 0.54575260398 0.0 0.015571097780848735 0.029030776940210157 0.9817115115263759 4.0 -1.0 -1.0 -1.0 -1.0 
12.85 55.03 2.0 -1.0 3.043599 108.29079815081957 0.263234030920558 0.09400442056829957 2.0078792613276413 4.0 -1.0 -1.0 -1.0 -1.0 
12.85 55.03 2.0 -1.0 0.007148282058705888 324.8723944524587 0.03793655635542592 0.026265941041142528 2.5567454188881906 8.0 -1.0 -1.0 -1.0 -1.0 
12.85 55.03 2.0 -1.0 6.367831993811256 88.69903358888013 1.3627413729677893 0.02073626924300726 24.622497121258753 32.0 25.251659973115533 32.0 6.367827154463158 88.7505873349584 
12.85 55.03 2.0 -1.0 298.251728579395 216.58159630163914 4.546380356371674 0.019353851293473442 21.60444032993158 1.0 21.604440558437464 1.0 298.25217400987947 216.56357684927136 
13.41 55.03 2.0 -1.0 1.217137 37.509820690286595 0.044932983531649394 0.031795612839277794 1.7496429099582296 8.0 -1.0 -1.0 -1.0 -1.0 
13.41 55.03 2.0 -1.0 0.026729805481803814 74.9871372031986 0.2736174016357826 0.013824179495338172 1.127640161456188 1.0 -1.0 -1.0 -1.0 -1.0 
13.41 55.03 2.0 -1.0 0.01842197270329436 44.010656165206285 0.24380280832024234 0.02350110514207489 1.0036656038521798 2.0 -1.0 -1.0 -1.0 -1.0 
13.41 55.03 2.0 -1.0 15.3936498245 44.888268954320445 0.05682971231414223 0.05529671798135269 2.045668350855279 32.0 -1.0 -1.0 -1.0 -1.0 
13.41 55.03 2.0 -1.0 0.003826247944021906 221.19092703414236 0.023847219204614304 0.017971433343939622 2.5565977797885213 1.0 -1.0 -1.0 -1.0 -1.0 
13.41 55.03 2.0 -1.0 54.95674577910229 0.0 0.08595941066946328 0.022118687192541075 4.10903889878467 4.0 -1.0 -1.0 -1.0 -1.0 
13.41 55.03 2.0 -1.0 0.41037503068 108.3364231895366 0.034701962441141196 0.017971433343939622 1.620625817596014 1.0 -1.0 -1.0 -1.0 -1.0 
13.41 55.03 2.0 -1.0 2.1867 325.0092695686098 0.9640474491672578 0.012441761545804356 23.43945448772934 32.0 24.042943623724312 32.0 2.1866981114726514 324.94656320701415 
13.41 55.03 2.0 -1.0 3.5877084054849 78.95264684289961 4.20496491224036 0.016589015394405805 84.15463604771658 32.0 84.30182439275856 32.0 3.5877140665737293 78.93438782356621 
13.41 55.03 2.0 -1.0 30.518193584285445 216.6728463790732 1.8790026506185737 0.052531882082285056 9.421689468166688 2.0 9.421689320815123 2.0 30.518276616930965 216.66477478237852 
13.97 55.03 2.0 -1.0 2.331328 61.94196849053985 0.0640885842747449 0.026265941041142528 1.7495092396649718 2.0 -1.0 -1.0 -1.0 -1.0 
13.97 55.03 2.0 -1.0 1.18994040124844 0.0 0.020175786941126064 0.02073626924300726 2.5756514322530695 2.0 -1.0 -1.0 -1.0 -1.0 
13.97 55.03 2.0 -1.0 282.779107035 108.3740582566768 0.04009223857512864 0.011059343596270537 -0.20210367620836067 1.0 -1.0 -1.0 -1.0 -1.0 
13.97 55.03 2.0 -1.0 0.1504582362154283 216.7481165133536 0.08578144136963749 0.009676925646736721 3.268631133595634 2.0 -1.0 -1.0 -1.0 -1.0 
13.97 55.03 2.0 -1.0 117.8372326493 325.1221747700304 0.3687709275549668 0.0884747487701643 2.5264397265853202 1.0 -1.0 -1.0 -1.0 -1.0 
13.97 55.03 2.0 -1.0 0.056016933100715205 65.06345351683477 7.857592982991545 0.008294507697202903 159.0226356760333 32.0 161.93050788938936 32.0 0.056024873629212386 69.62417797770968 
13.97 55.03 2.0 -1.0 0.93273035618 144.98647637759433 4.935933920036516 0.02350110514207489 72.4586262377728 32.0 72.76958544305387 32.0 0.932717133158197 145.21903400874038 
13.97 55.03 2.0 -1.0 194.931774 172.9822952071769 1.1569279963413217 0.017971433343939622 6.075965937289924 1.0 -1.0 -1.0 -1.0 -1.0 
13.97 55.03 2.0 -1.0 0.1075778075546597 67.17695900338862 2.7684980657520066 0.015206597444871992 27.118011909137884 32.0 27.627670346879206 32.0 0.10756290672967832 67.90381311488835 
13.97 55.03 2.0 -1.0 0.3772034274173156 62.787370685161385 4.891802863108921 0.02350110514207489 84.50990604928815 32.0 84.85791057544338 32.0 0.3771977693152925 62.54032266021014 
131.46 55.22 2.0 -1.0 5.65907208453 99.95472603872314 0.11868817192515867 0.029030776940210157 0.9554550368428155 2.0 -1.0 -1.0 -1.0 -1.0 
131.46 55.22 2.0 -1.0 3.46645281446 13.030239212191864 0.017499446100091347 0.02350110514207489 1.6921568997689485 8.0 -1.0 -1.0 -1.0 -1.0 
131.46 55.22 2.0 -1.0 0.32264020682169114 0.0 0.03119962793393873 0.031795612839277794 1.9734829247206234 2.0 -1.0 -1.0 -1.0 -1.0 
131.46 55.22 2.0 -1.0 0.006086235312417038 46.849824481375926 0.08431262080028226 0.011059343596270537 1.5307585590986708 16.0 -1.0 -1.0 -1.0 -1.0 
131.46 55.22 2.0 -1.0 0.082490793464 34.77541727180439 2.222463736833705 0.05391430003181887 1.2862856148098838 32.0 -1.0 -1.0 -1.0 -1.0 
131.46 55.22 2.0 -1.0 0.455919 74.68140338120321 4.370831420364764 0.027648358990676344 80.91456794256004 32.0 81.12601688266422 32.0 0.455929693998769 74.27928290063794 
131.46 55.22 2.0 -1.0 1.980198 63.08491217294184 2.9016582742063783 0.017971433343939622 89.59327589929156 32.0 89.80100666330495 32.0 1.9802124976801376 63.147510258852954 
131.46 55.22 2.0 -1.0 10.65420400680119 44.27751188608886 1.451162916049012 0.031795612839277794 16.159365006826455 8.0 16.7433851036981 16.0 10.65418473444879 44.223496767818496 
131.46 55.22 2.0 -1.0 233.7208617862176 93.69964896275185 5.826081259236011 0.015206597444871992 44.132295889380195 2.0 44.13229588133627 2.0 233.72073580200475 93.70928605720809 
131.46 55.22 2.0 -1.0 22.84670265144544 140.54947344412778 4.392019568453393 0.008294507697202903 10.298763628328768 2.0 -1.0 -1.0 -1.0 -1.0 
134.82 55.23 2.0 -1.0 2.11187653357 51.00637061954017 0.4364796459868221 0.11612310776084063 3.3721440661738615 4.0 -1.0 -1.0 -1.0 -1.0 
134.82 55.23 2.0 -1.0 1.27888080581 91.31785707691868 0.7585566129495857 0.017971433343939622 14.989317667802796 32.0 15.473947452503365 32.0 1.2788708166529736 91.28053566263681 
134.82 55.23 2.0 -1.0 1.155751156623 0.0 0.4499510986058557 0.058061553880420315 2.222914081126593 4.0 -1.0 -1.0 -1.0 -1.0 
134.82 55.23 2.0 -1.0 12.515752038663 91.40012541662763 0.07378818002748848 0.016589015394405805 -1.0299621206889251 32.0 -1.0 -1.0 -1.0 -1.0 
134.82 55.23 2.0 -1.0 0.19461695455997877 137.10018812494144 0.055433765133095315 0.04009012053648069 1.368822031420185 4.0 -1.0 -1.0 -1.0 -1.0 
134.82 55.23 2.0 -1.0 0.03394511707903087 89.42568526361316 2.007845414129436 0.029030776940210157 2.660415848222218 16.0 -1.0 -1.0 -1.0 -1.0 
134.82 55.23 2.0 -1.0 0.761391192926 48.30522679909678 3.119962793393873 0.07188573337575849 14.619266224846301 16.0 14.829785038635876 16.0 0.7613683313441774 48.57500789142535 
134.82 55.23 2.0 -1.0 0.33936907828092244 122.20961863762406 8.309826555609373 0.03732528463741307 98.12283398450847 16.0 99.39447469338926 32.0 0.33936278972153866 123.36028045759898 
134.82 55.23 2.0 -1.0 2.862213 55.28432428440483 9.384199668361846 0.02903077694021016 131.93874779252957 32.0 132.2463446879518 32.0 2.8622101429694644 55.35526940960348 
134.82 55.23 2.0 -1.0 6.67806213863 45.700062708313816 5.16263340422845 0.01520659744487199 166.33450179677186 32.0 166.39976438483322 32.0 6.678055797237904 45.74146576442555 
135.38 55.23 2.0 -1.0 292.02 21.63467402009184 0.05797974856117098 0.016589015394405805 0.4022001758476624 1.0 -1.0 -1.0 -1.0 -1.0 
135.38 55.23 2.0 -1.0 0.24168959255 19.23082135119275 0.029298587592451877 0.11197585391223919 1.193831004424728 1.0 -1.0 -1.0 -1.0 -1.0 
135.38 55.23 2.0 -1.0 0.7716 54.510090918047055 0.012744139921279101 0.013824179495338172 1.7883550506641097 4.0 -1.0 -1.0 -1.0 -1.0 
135.38 55.23 2.0 -1.0 0.0045983819530997 15.884549170054806 0.7020768264702735 0.022118687192541075 4.2136540552112995 1.0 -1.0 -1.0 -1.0 -1.0 
135.38 55.23 2.0 -1.0 2.7177324827378 9.82028448260482 0.012277470827878693 0.04700221028414979 1.851203866654221 2.0 -1.0 -1.0 -1.0 -1.0 
135.38 55.23 2.0 -1.0 1.795203 45.52295991727658 0.4404173165438359 0.07188573337575849 1.8083963170969248 16.0 -1.0 -1.0 -1.0 -1.0 
135.38 55.23 2.0 -1.0 2.3383394841595853 136.56887975182974 0.5120011389792241 0.06912089747669085 1.1677910689819684 1.0 -1.0 -1.0 -1.0 -1.0 
135.38 55.23 2.0 -1.0 1.3899355261798 34.78757243003404 5.628271480212304 0.02350110514207489 131.74225576417223 32.0 131.93189730245558 32.0 1.3899201197394482 34.81208898885484 
135.38 55.23 2.0 -1.0 1.582278 0.0 2.244063301440265 0.11197585391223919 3.4285713349343063 4.0 -1.0 -1.0 -1.0 -1.0 
135.38 55.23 2.0 -1.0 385.6909919750328 91.04591983455316 1.5668214264876303 0.012441761545804354 12.26265917723561 1.0 -1.0 -1.0 -1.0 -1.0 
135.94 55.23 2.0 -1.0 2.274361 57.20951478722023 0.5046267831325151 0.017971433343939622 39.651677894662065 32.0 39.93458516403394 32.0 2.2743734007235616 57.17683220553193 
135.94 55.23 2.0 -1.0 2.227442025412 61.69920322474286 0.10013826441970505 0.052531882082285056 1.4653861576148506 1.0 -1.0 -1.0 -1.0 -1.0 
135.94 55.23 2.0 -1.0 409.836066 48.475030008767106 0.13740856411831398 0.04285495643554833 0.5655227764818853 1.0 -1.0 -1.0 -1.0 -1.0 
135.94 55.23 2.0 -1.0 0.42118683683774877 90.6917064379572 0.048180165428117296 0.011059343596270537 0.569261762171806 16.0 -1.0 -1.0 -1.0 -1.0 
135.94 55.23 2.0 -1.0 0.07279135971847846 136.0375596569358 0.2805077046772915 0.009676925646736721 2.4775388456651335 32.0 -1.0 -1.0 -1.0 -1.0 
135.94 55.23 2.0 -1.0 0.331159372546 74.76011504299052 6.791773565719267 0.016589015394405805 188.60006847713416 32.0 188.925961957852 32.0 0.33114702091552317 74.58287669995934 
135.94 55.23 2.0 -1.0 0.24832 94.82766184706897 7.575092471847536 0.0884747487701643 13.888241482714138 8.0 15.384664072077108 16.0 0.24835268656412762 94.11407778963662 
135.94 55.23 2.0 -1.0 1.21878672858 114.16053236137097 8.105706589434478 0.016589015394405805 288.7593142408862 32.0 288.75931135196544 32.0 1.218783533355842 114.15126854484957 
135.94 55.23 2.0 -1.0 0.4102676860891 0.0 6.94359142921429 0.013824179495338172 165.10657658437438 32.0 -1.0 -1.0 -1.0 -1.0 
135.94 55.23 2.0 -1.0 15.9235474 45.3458532189786 7.696417685155276 0.01520659744487199 194.3524233516885 16.0 194.35242717757697 16.0 15.923554504600665 45.33667403199699 
137.07 55.23 2.0 -1.0 4.2165396656 117.3723994952811 0.6666262149960813 0.07465056927482613 3.164212003910885 16.0 -1.0 -1.0 -1.0 -1.0 
137.07 55.23 2.0 -1.0 0.772798 94.51886616054725 0.7632877084845537 0.011059343596270537 18.674144183953945 32.0 18.73312120956035 32.0 0.7727976480964572 94.41767158895803 
137.07 55.23 2.0 -1.0 3.2404792414142376 49.44624489375672 0.021440411841405254 0.016589015394405805 1.2979970189482386 1.0 -1.0 -1.0 -1.0 -1.0 
137.07 55.23 2.0 -1.0 5.294087 89.98325647332304 0.14622327330595072 0.016589015394405805 2.6882831447970688 16.0 -1.0 -1.0 -1.0 -1.0 
137.07 55.23 2.0 -1.0 1.5894998973414058 134.97488470998456 0.09965517359035103 0.02350110514207489 1.4486934216078438 1.0 -1.0 -1.0 -1.0 -1.0 
137.07 55.23 2.0 -1.0 426.51934403983 63.350048399235675 3.375614434310193 0.01520659744487199 32.724707055468 1.0 32.724707424078986 1.0 426.51954572647816 63.349906125067236 
137.07 55.23 2.0 -1.0 0.701967086843 36.19038562930979 1.3083130433883792 0.019353851293473442 30.293971560095603 32.0 30.36125559160906 32.0 0.7019783273184051 36.1276621192476 
137.07 55.23 2.0 -1.0 12.342028775005748 66.2253009688153 1.8353815962816797 0.017971433343939622 40.579444683006656 16.0 40.57944476430932 16.0 12.342025001998993 66.18344825206705 
137.07 55.23 2.0 -1.0 1.1964621075 0.0 1.1489629662788923 0.013824179495338172 30.84697174850959 32.0 -1.0 -1.0 -1.0 -1.0 
137.07 55.23 2.0 -1.0 0.01759454949387518 44.99162823666152 3.6648517020634492 0.06497364362808941 0.9772509380125458 16.0 -1.0 -1.0 -1.0 -1.0 
14.53 55.03 2.0 -1.0 147.058824 69.79465656840591 0.02422916423928535 0.013824179495338172 0.7929653180650174 1.0 -1.0 -1.0 -1.0 -1.0 
14.53 55.03 2.0 -1.0 1.06477508236 47.18053707421379 0.6538551491077016 0.03732528463741307 4.352966249635215 16.0 -1.0 -1.0 -1.0 -1.0 
14.53 55.03 2.0 -1.0 0.0011217471065547253 144.2748285428027 0.7272540837450232 0.029030776940210157 2.186894666580419 1.0 -1.0 -1.0 -1.0 -1.0 
14.53 55.03 2.0 -1.0 0.006490675780325397 70.08750128128034 0.019761940299240183 0.013824179495338172 1.1332543243173854 32.0 -1.0 -1.0 -1.0 -1.0 
14.53 55.03 2.0 -1.0 130.38603910501416 0.0 0.06684709031242649 0.09400442056829957 1.2415356338851034 2.0 -1.0 -1.0 -1.0 -1.0 
14.53 55.03 2.0 -1.0 246.55815713199 108.4501586678307 0.011795250557810912 0.019353851293473442 0.9849154955873745 1.0 -1.0 -1.0 -1.0 -1.0 
14.53 55.03 2.0 -1.0 1.864837 216.9003173356614 0.24770763559917114 0.012441761545804354 4.789583699525117 32.0 -1.0 -1.0 -1.0 -1.0 
14.53 55.03 2.0 -1.0 195.694716 325.35047600349213 0.01808946582811853 0.02073626924300726 0.8312740130084999 1.0 -1.0 -1.0 -1.0 -1.0 
14.53 55.03 2.0 -1.0 4.368538167500896 74.54524857725778 5.636053377113842 0.011059343596270537 217.05321784254454 32.0 217.0532113073815 32.0 4.368545584535847 74.58287669995934 
14.53 55.03 2.0 -1.0 1.3104998476363685 53.98104207318667 1.876408245646434 0.02073626924300726 38.416442421158074 32.0 38.63096512820435 32.0 1.3104909157846123 53.93849834610357 
15.08 55.03 2.0 -1.0 2.66608189885 41.46612168591127 0.03785801297873459 0.027648358990676344 1.924080815594746 1.0 -1.0 -1.0 -1.0 -1.0 
15.08 55.03 2.0 -1.0 1.334812202073005 58.95811488727368 0.11473765527464062 0.013824179495338172 1.2138278226884158 8.0 -1.0 -1.0 -1.0 -1.0 
15.08 55.03 2.0 -1.0 1.01726312363 123.25829101295226 0.09462319317574847 0.06082638977948796 2.019206086499839 4.0 -1.0 -1.0 -1.0 -1.0 
15.08 55.03 2.0 -1.0 18.83649089489798 108.56762260733876 0.09442728648786386 0.013824179495338172 0.3567628647626315 2.0 -1.0 -1.0 -1.0 -1.0 
15.08 55.03 2.0 -1.0 0.27344484969650096 217.13524521467752 0.04093183418410041 0.02350110514207489 0.9296801371747638 2.0 -1.0 -1.0 -1.0 -1.0 
15.08 55.03 2.0 -1.0 3.1411201226 325.7028678220163 0.02877702569594295 0.04009012053648069 1.0782542344862132 32.0 -1.0 -1.0 -1.0 -1.0 
15.08 55.03 2.0 -1.0 1.469313 24.658172911417775 2.844103485256103 0.045619792334615966 31.78601387334927 16.0 31.798626326111105 16.0 1.4693190072042248 24.79349361124836 
15.08 55.03 2.0 -1.0 398.837694790884 92.8671743334902 7.2174841460961225 0.11474068981130683 13.945163906908899 1.0 -1.0 -1.0 -1.0 -1.0 
15.08 55.03 2.0 -1.0 1.127887471217 109.51225538730061 1.6987247418078029 0.013824179495338172 51.23532877332093 32.0 51.488121531381495 32.0 1.1278946961586676 109.49616362192133 
15.08 55.03 2.0 -1.0 0.0021345519190796537 0.0 1.8481051304768321 0.013824179495338172 2.2334072608326405 1.0 -1.0 -1.0 -1.0 -1.0 
15.19 53.86 2.0 -1.0 1.498159748737 73.97656182710234 0.24195710181010072 0.026265941041142528 0.8429114054717074 1.0 -1.0 -1.0 -1.0 -1.0 
15.19 53.86 2.0 -1.0 253.628279 37.235281119985565 0.012474110904895277 0.07741540517389377 1.9319099068230257 2.0 -1.0 -1.0 -1.0 -1.0 
15.19 53.86 2.0 -1.0 6.280644351360491 76.57006399466353 0.025324469357735295 0.016589015394405805 1.3824648085933524 8.0 -1.0 -1.0 -1.0 -1.0 
15.19 53.86 2.0 -1.0 1.6226634697651 57.24229784117184 0.010722672220103232 0.024883523091608708 0.5327349375868797 2.0 -1.0 -1.0 -1.0 -1.0 
15.19 53.86 2.0 -1.0 13.39141661 146.2549972349682 0.5482440125568449 0.006912089747669086 15.712417338923295 8.0 15.86847685338822 8.0 13.391399988904597 146.2310133398117 
15.19 53.86 2.0 -1.0 0.618723247886 205.81292201146252 0.046255834094871634 0.019353851293473445 0.9299717031271731 1.0 -1.0 -1.0 -1.0 -1.0 
15.19 53.86 2.0 -1.0 1.35421422194 308.71938301719376 0.03677532806403433 0.06220880772902178 1.725439980381824 2.0 -1.0 -1.0 -1.0 -1.0 
15.19 53.86 2.0 -1.0 9.93255637407 44.92316254525622 2.8976518526871895 0.017971433343939622 66.6345778447179 32.0 66.745399359282 32.0 9.932561321572091 44.93188229956846 
15.19 53.86 2.0 -1.0 0.453891 0.0 1.8328474204317418 0.016589015394405805 19.464463427528035 32.0 -1.0 -1.0 -1.0 -1.0 
15.19 53.86 2.0 -1.0 0.724541971 102.90646100573126 2.9644709215878002 0.02488352309160871 46.823979939112704 32.0 46.89847666045509 32.0 0.7245337959223738 103.12069383617174 
15.64 55.03 2.0 -1.0 156.599195693311 63.48356109213824 0.1488734599008061 0.020736269243007255 0.5305618263452048 1.0 -1.0 -1.0 -1.0 -1.0 
15.64 55.03 2.0 -1.0 0.801089 109.91427038602876 0.08507324120391956 0.06359122567855559 1.5890972087418285 1.0 -1.0 -1.0 -1.0 -1.0 
15.64 55.03 2.0 -1.0 0.970346 0.0 0.2634159475634402 0.10644618211410392 1.5129955036039255 8.0 -1.0 -1.0 -1.0 -1.0 
15.64 55.03 2.0 -1.0 1.57618 108.6752486492536 0.314159151265845 0.04976704618321742 0.6166012622722659 8.0 -1.0 -1.0 -1.0 -1.0 
15.64 55.03 2.0 -1.0 0.0039513335998734465 326.0257459477608 0.022878942329845036 0.017971433343939622 1.0518694174893364 16.0 -1.0 -1.0 -1.0 -1.0 
15.64 55.03 2.0 -1.0 23.057654430953995 137.6292302875786 1.24999907309771 0.013824179495338172 16.959823009483774 8.0 16.959823504327 8.0 23.057630945307515 137.62918902570516 
15.64 55.03 2.0 -1.0 0.7310895701613709 61.62502848697549 2.9460962052327924 0.08294507697202903 15.020947567079467 8.0 15.06443484211216 8.0 0.731112474265198 61.933135061567334 
15.64 55.03 2.0 -1.0 0.1423857038953062 91.10070348815317 1.4174741629268062 0.019353851293473442 18.659938067992506 32.0 19.89708943481153 32.0 0.14239655380758148 91.28053566263681 
15.64 55.03 2.0 -1.0 28.224759634040677 62.6032035423243 8.033235319613656 0.012441761545804354 201.13289671120538 16.0 201.19761366000245 16.0 28.22477351098011 62.64152059331728 
15.64 55.03 2.0 -1.0 0.9319943359 217.3504972985072 7.2926654131761595 0.056679135930886505 51.041175133539234 16.0 51.475712084459914 16.0 0.9319895373967787 217.57555618034272 
155.71 56.42 2.0 -1.0 2.8936595854908 24.317382203613974 0.02316522291218108 0.03456044873834543 0.7763500297153829 16.0 -1.0 -1.0 -1.0 -1.0 
155.71 56.42 2.0 -1.0 0.03110692935198607 20.60732842330429 0.4398092168823045 0.017971433343939622 2.306688734545668 1.0 -1.0 -1.0 -1.0 -1.0 
155.71 56.42 2.0 -1.0 0.002115023153604762 7.787439618075775 0.11000290147540624 0.07326815132529232 2.4076939089631084 1.0 -1.0 -1.0 -1.0 -1.0 
155.71 56.42 2.0 -1.0 252.67407210877 76.39282354901691 0.5084761966519021 0.10921101801317155 1.5328303435280275 1.0 -1.0 -1.0 -1.0 -1.0 
155.71 56.42 2.0 -1.0 109.99844724197537 53.96107924034581 0.7015919679774667 0.017971433343939622 5.242626886855798 2.0 -1.0 -1.0 -1.0 -1.0 
155.71 56.42 2.0 -1.0 0.742167900236 81.62118316681307 0.06717113988391868 0.013824179495338172 2.035387206833819 16.0 -1.0 -1.0 -1.0 -1.0 
155.71 56.42 2.0 -1.0 2.27174930502 122.4317747502196 0.2471947847766056 0.016589015394405805 2.566428721168911 1.0 -1.0 -1.0 -1.0 -1.0 
155.71 56.42 2.0 -1.0 0.0021443838166475015 120.63184766868322 3.375614434310193 0.012441761545804354 6.991810782922279 8.0 -1.0 -1.0 -1.0 -1.0 
155.71 56.42 2.0 -1.0 0.004252814799581741 0.0 3.8358214714603345 0.031795612839277794 3.4827205905068874 16.0 -1.0 -1.0 -1.0 -1.0 
155.71 56.42 2.0 -1.0 3.100775 40.810591583406534 1.8341140706762948 0.06082638977948796 15.087151717888906 8.0 15.108159679766734 8.0 3.1007706032445035 40.883964975283 
156.87 56.42 2.0 -1.0 184.614253 49.91672931069371 0.0776048723514451 0.013824179495338172 0.6524479052015584 2.0 -1.0 -1.0 -1.0 -1.0 
156.87 56.42 2.0 -1.0 0.2015142891 117.70698605579985 0.2581910561960041 0.011059343596270537 3.090064925780812 16.0 -1.0 -1.0 -1.0 -1.0 
156.87 56.42 2.0 -1.0 0.0025418332638687128 0.0 0.42870960754281573 0.024883523091608708 1.005455207198381 1.0 -1.0 -1.0 -1.0 -1.0 
156.87 56.42 2.0 -1.0 0.002361643206703525 40.60836192153824 0.8625684705825069 0.011059343596270537 4.541877346801042 1.0 -1.0 -1.0 -1.0 -1.0 
156.87 56.42 2.0 -1.0 0.701967086843 81.21672384307648 0.0807217742540839 0.016589015394405805 1.8341255124783202 32.0 -1.0 -1.0 -1.0 -1.0 
156.87 56.42 2.0 -1.0 0.2015142891 121.82508576461471 0.013092171966844394 0.03317803078881161 3.0911222956943956 16.0 -1.0 -1.0 -1.0 -1.0 
156.87 56.42 2.0 -1.0 265.8152125688832 47.33377919747256 1.653567173740338 0.017971433343939622 12.960828061574073 1.0 12.960828204487525 1.0 265.81498483816785 47.360632694139724 
156.87 56.42 2.0 -1.0 0.25640622895786946 66.30384205730905 2.0357801389985517 0.013824179495338172 60.95351463114353 32.0 61.25871359214787 32.0 0.2564168729198476 66.99303171692412 
156.87 56.42 2.0 -1.0 0.003302992313449221 4.373957974747142 2.6579233608580393 0.015206597444871989 3.5891929236274818 32.0 -1.0 -1.0 -1.0 -1.0 
156.87 56.42 2.0 -1.0 0.025529235825387523 116.11091782546036 3.5330909349505513 0.02073626924300726 11.869741092611415 32.0 11.869740787792251 32.0 0.025526484629760187 113.13928921377821 
158.39 55.25 2.0 -1.0 18.90166 30.743547659433247 0.3037024146099722 0.03732528463741306 4.208842797330143 8.0 -1.0 -1.0 -1.0 -1.0 
158.39 55.25 2.0 -1.0 24.009604 61.5353962578444 0.5577950391413088 0.019353851293473442 8.083114014980021 4.0 8.08311402049204 4.0 24.009689999123417 61.52834332913878 
158.39 55.25 2.0 -1.0 4.1785550317 56.45172243042044 0.26579233608580394 0.022118687192541075 7.325647918481514 16.0 7.92173216715939 16.0 4.1785824578255415 56.2660508075677 
158.39 55.25 2.0 -1.0 3.18414434133 47.32284496359737 0.25289502973203115 0.02350110514207489 3.4606450843143026 32.0 -1.0 -1.0 -1.0 -1.0 
158.39 55.25 2.0 -1.0 223.2232854038148 32.50653193212659 0.019236604356197163 0.030413194889743977 1.4744810422792674 2.0 -1.0 -1.0 -1.0 -1.0 
158.39 55.25 2.0 -1.0 0.61894065595 13.717466669723555 0.04017541726172728 0.020736269243007255 2.555307072176649 8.0 -1.0 -1.0 -1.0 -1.0 
158.39 55.25 2.0 -1.0 2.698764 0.0 0.039188560946779236 0.019353851293473442 0.8768595658011807 1.0 -1.0 -1.0 -1.0 -1.0 
158.39 55.25 2.0 -1.0 0.003364269329216067 40.24675740333504 0.06216978392254384 0.026265941041142528 3.605217597042666 1.0 -1.0 -1.0 -1.0 -1.0 
158.39 55.25 2.0 -1.0 0.6457791716938079 80.49351480667008 0.6400009491490016 0.02211868719254107 11.12404686901166 32.0 11.155922526466648 32.0 0.6457715547488382 80.55355475328038 
158.39 55.25 2.0 -1.0 0.004577298591068276 120.74027221000512 0.24447745947558114 0.01520659744487199 3.5053800639987562 1.0 -1.0 -1.0 -1.0 -1.0 
16.76 55.03 2.0 -1.0 486.154230881221 63.59927178822499 0.11545327069384025 0.06220880772902177 1.3656257007606583 1.0 -1.0 -1.0 -1.0 -1.0 
16.76 55.03 2.0 -1.0 2.515150138446 156.07463821476065 0.7333081784913691 0.016589015394405805 12.631125044946854 32.0 12.76510236297807 32.0 2.515146964772915 155.94601491809684 
16.76 55.03 2.0 -1.0 0.1323466 108.8733296713682 0.07383917380647688 0.06635606157762322 1.6887945945261023 2.0 -1.0 -1.0 -1.0 -1.0 
16.76 55.03 2.0 -1.0 0.45630888762 217.7466593427364 0.013922408471454342 0.04700221028414978 2.434683385423024 32.0 -1.0 -1.0 -1.0 -1.0 
16.76 55.03 2.0 -1.0 429.184549 326.6199890141046 0.021859184887200275 0.038707702586946884 -0.24308159094358872 1.0 -1.0 -1.0 -1.0 -1.0 
16.76 55.03 2.0 -1.0 0.80130712057 200.7607213202007 6.670869092409146 0.058061553880420315 51.91868534015146 16.0 52.199998138178024 16.0 0.801325465242068 200.675501351451 
16.76 55.03 2.0 -1.0 0.8026608259746 115.04706483725137 1.0216471553317565 0.01520659744487199 24.50360038418887 32.0 24.790845077303462 32.0 0.8026593908046683 114.96085200970668 
16.76 55.03 2.0 -1.0 5.7291241736163805 28.059463002611846 3.0496389432454394 0.013824179495338174 85.9309895741388 32.0 86.93170770007922 32.0 5.729119341898089 28.031827470676713 
16.76 55.03 2.0 -1.0 0.7790225779 98.51844053070701 2.487365314604511 0.031795612839277794 31.480556655925056 16.0 32.201964913143556 16.0 0.7790125285585722 98.46558891324348 
16.76 55.03 2.0 -1.0 3.5852282245022074 0.0 2.562364236117258 0.06773847952715704 6.791757252913717 8.0 -1.0 -1.0 -1.0 -1.0 
169.02 56.43 2.0 -1.0 0.3652624619393678 89.05389873683993 0.019343214725462587 0.027648358990676348 1.26700537538734 1.0 -1.0 -1.0 -1.0 -1.0 
169.02 56.43 2.0 -1.0 2.996958107478261 40.05731070330498 0.23715784958474712 0.029030776940210157 2.542588596750142 8.0 -1.0 -1.0 -1.0 -1.0 
169.02 56.43 2.0 -1.0 0.288597141714 25.60255768697235 0.022193951030734772 0.016589015394405805 1.447037268080436 1.0 -1.0 -1.0 -1.0 -1.0 
169.02 56.43 2.0 -1.0 88.63067025815513 90.05883710337558 0.03333897897859852 0.03456044873834543 0.993469698032497 2.0 -1.0 -1.0 -1.0 -1.0 
169.02 56.43 2.0 -1.0 1.555307 0.0 0.2634159475634402 0.08985716671969811 0.372894373756474 4.0 -1.0 -1.0 -1.0 -1.0 
169.02 56.43 2.0 -1.0 0.026607250597988085 38.94720436817838 0.03669918888002356 0.026265941041142528 2.7382024065153594 4.0 -1.0 -1.0 -1.0 -1.0 
169.02 56.43 2.0 -1.0 316.48368670253 116.84161310453516 0.13627413729677892 0.006912089747669087 1.0368188617424423 1.0 -1.0 -1.0 -1.0 -1.0 
169.02 56.43 2.0 -1.0 0.01719488041013931 26.993111938341453 1.6040596785870795 0.006912089747669086 7.707336351900784 32.0 -1.0 -1.0 -1.0 -1.0 
169.02 56.43 2.0 -1.0 5.8086556360048 51.25185669331845 2.251828199773005 0.011059343596270537 84.79836531701208 32.0 84.96093511028528 32.0 5.808669811813161 51.30735208531804 
169.02 56.43 2.0 -1.0 2.3427772328 77.89440873635677 1.911736987624171 0.07603298722435994 8.434449959085239 4.0 9.687910565881245 8.0 2.342858351767063 77.82121055938771 
17.32 55.03 2.0 -1.0 2.06222270715 77.27926680004005 0.10118135941650402 0.03317803078881161 0.8217985397872388 2.0 -1.0 -1.0 -1.0 -1.0 
17.32 55.03 2.0 -1.0 3.0666178824950348 158.22291881667812 0.07496999618546879 0.019353851293473442 2.0452292024284002 8.0 -1.0 -1.0 -1.0 -1.0 
17.32 55.03 2.0 -1.0 0.634563531429 58.59744574041987 0.031156549511556473 0.026265941041142528 0.7894956173932669 8.0 -1.0 -1.0 -1.0 -1.0 
17.32 55.03 2.0 -1.0 137.7782525504162 59.742566120606746 0.03207381464353671 0.017971433343939625 0.20118449072601444 2.0 -1.0 -1.0 -1.0 -1.0 
17.32 55.03 2.0 -1.0 35.662175932705 60.56050924931166 0.05063728905905742 0.016589015394405805 1.958829177286927 1.0 -1.0 -1.0 -1.0 -1.0 
17.32 55.03 2.0 -1.0 0.358562007983 33.24120875056761 0.16185305906356484 0.03456044873834543 0.8997510741842798 2.0 -1.0 -1.0 -1.0 -1.0 
17.32 55.03 2.0 -1.0 5.250105943146989 0.0 0.04237041388009732 0.022118687192541075 0.5841740142946108 1.0 -1.0 -1.0 -1.0 -1.0 
17.32 55.03 2.0 -1.0 3.346415259444355 109.04817791893883 0.552807921196648 0.04423737438508215 3.194993135902379 8.0 -1.0 -1.0 -1.0 -1.0 
17.32 55.03 2.0 -1.0 1.5462713682502525 218.09635583787767 0.015831422964399676 0.01520659744487199 1.5612241969843976 8.0 -1.0 -1.0 -1.0 -1.0 
17.32 55.03 2.0 -1.0 0.396239 327.1445337568165 0.19064614273734584 0.06773847952715704 2.1797691427286088 1.0 -1.0 -1.0 -1.0 -1.0 
17.88 55.03 2.0 -1.0 2.820474141608 86.34716393237187 0.02608805156199015 0.006912089747669087 2.270207016147848 4.0 -1.0 -1.0 -1.0 -1.0 
17.88 55.03 2.0 -1.0 1.636554 32.86763014199961 0.5574098225214513 0.045619792334615966 5.07588725360522 8.0 -1.0 -1.0 -1.0 -1.0 
17.88 55.03 2.0 -1.0 0.02307439124125024 71.86312353081271 0.035551267203640914 0.038707702586946884 0.6706263018795685 16.0 -1.0 -1.0 -1.0 -1.0 
17.88 55.03 2.0 -1.0 2.7337872008546404 53.67614972342509 0.09890073518198203 0.013824179495338172 0.37168560356055313 32.0 -1.0 -1.0 -1.0 -1.0 
17.88 55.03 2.0 -1.0 0.813613 60.59047670244994 0.3984373436262631 0.04147253848601452 2.493462889520452 1.0 -1.0 -1.0 -1.0 -1.0 
17.88 55.03 2.0 -1.0 3.63362703526 0.0 0.2262744216607843 0.015206597444871989 2.3623484773738133 32.0 -1.0 -1.0 -1.0 -1.0 
17.88 55.03 2.0 -1.0 4.39777931 218.44030162170432 0.04093183418410041 0.031795612839277794 3.042895173200942 32.0 -1.0 -1.0 -1.0 -1.0 
17.88 55.03 2.0 -1.0 1.7505409271745818 327.6604524325565 0.7079213307799325 0.009676925646736721 25.246596461143568 32.0 25.413099635482627 32.0 1.7505347689924142 327.5777094677997 
17.88 55.03 2.0 -1.0 3.01978 50.23537089500041 1.4501607341826344 0.02073626924300726 30.86852540022786 32.0 31.00925650109618 32.0 3.019795258296654 50.29537275424667 
17.88 55.03 2.0 -1.0 1.987795 109.22015081085216 1.7989765511541298 0.045619792334615966 15.501921845673124 16.0 16.031202131884882 16.0 1.9877916201949122 109.29376775570705 
173.65 56.43 2.0 -1.0 45.102610653564696 13.83252059786579 0.2867779491143187 0.08432749492156286 1.8992979961184122 2.0 -1.0 -1.0 -1.0 -1.0 
173.65 56.43 2.0 -1.0 204.55934656546316 45.46458066071105 0.035526715283987924 0.06082638977948796 0.49706242171036075 1.0 -1.0 -1.0 -1.0 -1.0 
173.65 56.43 2.0 -1.0 12.285441161466956 91.90067614602137 0.2546481902546703 0.03732528463741307 2.1141903922104013 8.0 -1.0 -1.0 -1.0 -1.0 
173.65 56.43 2.0 -1.0 0.014111716139277362 27.45685944760316 0.2406235522250666 0.10091651031596865 1.9468000267477112 8.0 -1.0 -1.0 -1.0 -1.0 
173.65 56.43 2.0 -1.0 0.81742601326 38.54832036177816 0.3822594545999752 0.011059343596270537 9.5942602641548 32.0 9.622234109108632 32.0 0.8174235214634489 38.86000631314029 
173.65 56.43 2.0 -1.0 0.02850604555160601 77.09664072355632 0.10856843319584761 0.009676925646736721 2.779457079599822 8.0 -1.0 -1.0 -1.0 -1.0 
173.65 56.43 2.0 -1.0 0.3737524374439566 80.87860914788918 8.661512956629936 0.03041319488974398 126.70880373048092 32.0 127.43616538120101 32.0 0.37374168944855535 81.56553408435174 
173.65 56.43 2.0 -1.0 0.764175 93.6817866577867 1.4693210878159408 0.02073626924300726 34.39940724953895 32.0 34.39940841954951 32.0 0.7641877649196734 93.70928605720809 
173.65 56.43 2.0 -1.0 0.878622905444995 0.0 3.592158867031385 0.07741540517389377 7.857369078281788 8.0 -1.0 -1.0 -1.0 -1.0 
173.65 56.43 2.0 -1.0 4.279869765973 115.64496108533447 1.4273006104727985 0.022118687192541075 9.141478700070595 2.0 9.141478865292312 2.0 4.279718268662691 108.5853822239571 
174.81 56.43 2.0 -1.0 1.18994040124844 70.21639481143828 0.068625203982797 0.016589015394405805 2.0028861959873017 8.0 -1.0 -1.0 -1.0 -1.0 
174.81 56.43 2.0 -1.0 269.687163 32.98671683998767 0.2429621118496883 0.01520659744487199 0.2212993903763591 1.0 -1.0 -1.0 -1.0 -1.0 
174.81 56.43 2.0 -1.0 0.3211609168549823 38.428775682516225 0.736862980950253 0.035942866687879244 3.6470074436132585 16.0 -1.0 -1.0 -1.0 -1.0 
174.81 56.43 2.0 -1.0 44.895817333942624 39.15515218056559 4.073436927058742 0.03456044873834543 40.26453347369272 8.0 40.2645326705645 8.0 44.89581139447789 39.163600112461694 
174.81 56.43 2.0 -1.0 0.03363455717906837 43.478821811811784 3.801526268472719 0.012441761545804354 36.16932832463255 32.0 -1.0 -1.0 -1.0 -1.0 
174.81 56.43 2.0 -1.0 1.56246161188 20.200184517182244 5.095311235830817 0.04285495643554833 -inf 1.0 -1.0 -1.0 -1.0 -1.0 
174.81 56.43 2.0 -1.0 0.0068902549872972155 81.64241242361157 8.100108739552656 0.06497364362808941 4.0717876254700185 8.0 -1.0 -1.0 -1.0 -1.0 
174.81 56.43 2.0 -1.0 0.859107 0.0 3.410776682707007 0.08432749492156286 5.322345839862809 8.0 -1.0 -1.0 -1.0 -1.0 
174.81 56.43 2.0 -1.0 6.59709182778 76.85755136503245 3.690257789846957 0.017971433343939622 99.99121291746437 32.0 100.25975729262545 32.0 6.5970804522900535 76.80923122831634 
174.81 56.43 2.0 -1.0 0.827339092144 115.28632704754867 1.8002197938065532 0.027648358990676344 12.327365161775388 16.0 12.327364712043275 16.0 0.8273370137127738 108.38298635774281 
18.43 55.03 2.0 -1.0 0.5348799301340531 55.17068127909668 0.017199806154973397 0.017971433343939625 1.0338779518816608 1.0 -1.0 -1.0 -1.0 -1.0 
18.43 55.03 2.0 -1.0 1.952192814966 9.58348538578003 0.032949724307776485 0.11197585391223919 0.3865383246695997 1.0 -1.0 -1.0 -1.0 -1.0 
18.43 55.03 2.0 -1.0 28.107357409599 147.82198006011387 0.9774600356461515 0.01520659744487199 8.122820517963657 4.0 8.399169062375401 4.0 28.10726679551105 147.74898233641878 
18.43 55.03 2.0 -1.0 3.4672047206 82.80525215179115 0.049257146235465336 0.024883523091608708 2.3886727743694465 32.0 -1.0 -1.0 -1.0 -1.0 
18.43 55.03 2.0 -1.0 5.486065 223.04577630740096 0.17295128471299193 0.04009012053648069 1.059522417139704 8.0 -1.0 -1.0 -1.0 -1.0 
18.43 55.03 2.0 -1.0 2.274361 115.00182462936036 0.05846240640937591 0.02350110514207489 1.9347775186865896 2.0 -1.0 -1.0 -1.0 -1.0 
18.43 55.03 2.0 -1.0 0.0040061858478016125 0.0 0.22847352570395624 0.027648358990676344 1.5072116704508844 16.0 -1.0 -1.0 -1.0 -1.0 
18.43 55.03 2.0 -1.0 6.107714243738 109.3895780507015 0.721249970799335 0.045619792334615966 4.535389754865507 8.0 -1.0 -1.0 -1.0 -1.0 
18.43 55.03 2.0 -1.0 1.10742 218.779156101403 0.374936219222589 0.024883523091608708 2.9468441924307376 16.0 -1.0 -1.0 -1.0 -1.0 
18.43 55.03 2.0 -1.0 0.0386064318053542 328.1687341521045 0.2250273073630341 0.012441761545804354 1.7872394203848339 16.0 -1.0 -1.0 -1.0 -1.0 
18.99 55.03 2.0 -1.0 2.76203446627 202.30068531696656 0.966047542040352 0.02350110514207489 15.734480354877807 16.0 15.857293103716145 16.0 2.762014143324147 202.29466828116517 
18.99 55.03 2.0 -1.0 0.004949232032673308 28.529162445999507 0.06360340234416484 0.011059343596270536 2.8081151053904514 8.0 -1.0 -1.0 -1.0 -1.0 
18.99 55.03 2.0 -1.0 1.2288412978165664 20.34510547704343 0.4654433038693023 0.012441761545804354 13.415590504381479 32.0 13.53890270646079 32.0 1.2288486080554626 20.138388688320095 
18.99 55.03 2.0 -1.0 4.4291820318041 109.54803966879764 0.17152342191960426 0.013824179495338172 1.4642114667550643 32.0 -1.0 -1.0 -1.0 -1.0 
18.99 55.03 2.0 -1.0 0.5218245 219.09607933759528 0.22239996444081098 0.056679135930886505 0.9455016932464602 1.0 -1.0 -1.0 -1.0 -1.0 
18.99 55.03 2.0 -1.0 426.51934403983 328.64411900639294 0.03654738309850336 0.03317803078881161 1.3742995900570374 1.0 -1.0 -1.0 -1.0 -1.0 
18.99 55.03 2.0 -1.0 3.7414393324491 49.17007721107749 1.024474257441211 0.031795612839277794 11.603385119155556 16.0 11.603384307805472 16.0 3.741418671173354 49.182195490068175 
18.99 55.03 2.0 -1.0 205.22225531037 181.98844753859365 3.7158400018911237 0.022118687192541075 22.305280386702524 1.0 22.305280550207705 1.0 205.22177995493016 181.9538837266308 
18.99 55.03 2.0 -1.0 0.001341933801856741 161.38040047218615 5.252572277723245 0.02488352309160871 5.509197982682215 2.0 -1.0 -1.0 -1.0 -1.0 
18.99 55.03 2.0 -1.0 0.664187 0.0 9.19171054608519 0.07603298722435994 10.777345116775791 16.0 -1.0 -1.0 -1.0 -1.0 
181.98 55.26 2.0 -1.0 0.654397111 14.991124534482694 0.1252592424949464 0.02073626924300726 2.278409718526463 32.0 -1.0 -1.0 -1.0 -1.0 
181.98 55.26 2.0 -1.0 12.6998621581 40.31122418120309 0.2985021714522505 0.016589015394405805 3.6034374915543435 16.0 -1.0 -1.0 -1.0 -1.0 
181.98 55.26 2.0 -1.0 100.80135882925016 59.80645917446485 0.08703500716290852 0.016589015394405805 1.482604840549959 2.0 -1.0 -1.0 -1.0 -1.0 
181.98 55.26 2.0 -1.0 0.03721287955679095 18.727617170712943 0.028796913017838353 0.03041319488974398 1.783075165682221 8.0 -1.0 -1.0 -1.0 -1.0 
181.98 55.26 2.0 -1.0 0.685533 55.57327265305595 0.013301860569649207 0.04009012053648069 2.1995917149974256 8.0 -1.0 -1.0 -1.0 -1.0 
181.98 55.26 2.0 -1.0 0.00820494416964135 37.624561802282244 0.16387830076108614 0.12165277955897592 1.1809275001502706 8.0 -1.0 -1.0 -1.0 -1.0 
181.98 55.26 2.0 -1.0 282.535701428469 75.24912360456449 0.17463215463497664 0.04147253848601452 0.3311827375414364 1.0 -1.0 -1.0 -1.0 -1.0 
181.98 55.26 2.0 -1.0 0.821629025162 112.87368540684673 0.08978324947588143 0.056679135930886505 1.0359031970675998 2.0 -1.0 -1.0 -1.0 -1.0 
181.98 55.26 2.0 -1.0 98.96535646146744 82.76726286658668 4.841372476313745 0.02626594104114253 34.24649834981045 2.0 34.24649845815715 2.0 98.96563521275918 82.77990928163737 
181.98 55.26 2.0 -1.0 3.46801177677 0.0 7.755127795831871 0.027648358990676344 139.6707911609125 32.0 -1.0 -1.0 -1.0 -1.0 
182.54 55.26 2.0 -1.0 0.785012 40.3004056208399 0.010041536703492851 0.03456044873834543 1.0904606058428088 1.0 -1.0 -1.0 -1.0 -1.0 
182.54 55.26 2.0 -1.0 31.953380185111733 19.1460773624203 0.19343214725462585 0.01520659744487199 1.0027931440324545 4.0 -1.0 -1.0 -1.0 -1.0 
182.54 55.26 2.0 -1.0 0.001431107536828458 26.49086013374359 0.2921773626975146 0.015206597444871989 1.1998087940840065 2.0 -1.0 -1.0 -1.0 -1.0 
182.54 55.26 2.0 -1.0 57.80624908500715 49.664721596566984 0.33639744242527675 0.022118687192541075 1.1262459393836375 4.0 -1.0 -1.0 -1.0 -1.0 
182.54 55.26 2.0 -1.0 2.721551083248 58.11517059153033 0.029726742058157247 0.006912089747669086 2.3272423881565847 16.0 -1.0 -1.0 -1.0 -1.0 
182.54 55.26 2.0 -1.0 0.0016502206479446465 0.0 0.5008065115563315 0.022118687192541075 0.871597305053775 2.0 -1.0 -1.0 -1.0 -1.0 
182.54 55.26 2.0 -1.0 1.22352355821 37.60393391216669 0.4814689191514564 0.03041319488974398 5.6291025306581055 16.0 -1.0 -1.0 -1.0 -1.0 
182.54 55.26 2.0 -1.0 10.78643292 75.20786782433338 0.8246917104001704 0.03041319488974398 10.022729750635413 8.0 10.022729485996049 8.0 10.786485897066694 75.19006429860217 
182.54 55.26 2.0 -1.0 1.37333511678 112.81180173650006 0.041301097859493346 0.006912089747669086 1.1770818683490218 8.0 -1.0 -1.0 -1.0 -1.0 
182.54 55.26 2.0 -1.0 0.0018426428931229803 9.691502919457301 1.098510166047577 0.038707702586946884 1.219200889523834 2.0 -1.0 -1.0 -1.0 -1.0 
19.55 55.03 2.0 -1.0 3.207184 27.167966613754015 0.0451196203330497 0.07188573337575849 0.7962176156718527 2.0 -1.0 -1.0 -1.0 -1.0 
19.55 55.03 2.0 -1.0 0.0015833605930140066 34.54448118524601 0.5278034774114226 0.008294507697202903 5.5501877067317285 2.0 -1.0 -1.0 -1.0 -1.0 
19.55 55.03 2.0 -1.0 1.3012367996509 41.03186230392424 0.4702916161939979 0.013824179495338172 11.29658803093983 32.0 11.744526328752322 32.0 1.3012443863165877 41.18755877460441 
19.55 55.03 2.0 -1.0 0.499765 0.0 0.08941186207550403 0.017971433343939622 0.6726698457746434 1.0 -1.0 -1.0 -1.0 -1.0 
19.55 55.03 2.0 -1.0 0.909379126021 109.75858511956623 0.09627163549856319 0.013824179495338172 3.000919821789783 8.0 -1.0 -1.0 -1.0 -1.0 
19.55 55.03 2.0 -1.0 173.708218965958 219.51717023913247 0.892884079763517 0.04423737438508214 2.086453365720705 1.0 -1.0 -1.0 -1.0 -1.0 
19.55 55.03 2.0 -1.0 128.25813729784 329.2757553586987 0.0831556933797168 0.09400442056829957 0.717863482043934 1.0 -1.0 -1.0 -1.0 -1.0 
19.55 55.03 2.0 -1.0 2.015344 18.704733377711854 1.1803402058496175 0.026265941041142528 18.249846962179138 32.0 18.52539940771935 32.0 2.0153493096586317 18.721617624820187 
19.55 55.03 2.0 -1.0 1.18486164335 128.66090370901446 5.850280880215022 0.038707702586946884 62.3191907177094 16.0 66.00233215475464 32.0 1.1848593809797119 128.82496884538432 
19.55 55.03 2.0 -1.0 4.61936868862 179.17685617628555 4.929118702665705 0.024883523091608708 96.77953984830822 32.0 96.96134573028496 32.0 4.619353906794762 179.22153953273815 
194.48 56.43 2.0 -1.0 17.485862788642 40.54241858026138 0.037649358067924674 0.019353851293473442 1.8587217287065796 2.0 -1.0 -1.0 -1.0 -1.0 
194.48 56.43 2.0 -1.0 0.022968596257459013 78.9079123875998 0.032029529200852905 0.009676925646736721 1.9695309442002444 1.0 -1.0 -1.0 -1.0 -1.0 
194.48 56.43 2.0 -1.0 155.2642352611918 61.05488499728818 0.44747118751276277 0.0027648358990676344 11.11105080057904 1.0 11.11105110391355 1.0 155.26408484826487 61.022353663603106 
194.48 56.43 2.0 -1.0 3.26978936174 0.0 0.7471147983930847 0.012441761545804354 20.188949413924323 32.0 -1.0 -1.0 -1.0 -1.0 
194.48 56.43 2.0 -1.0 0.922923422192 74.80093059950799 0.20957145722768147 0.03732528463741307 1.4784750085697045 4.0 -1.0 -1.0 -1.0 -1.0 
194.48 56.43 2.0 -1.0 9.410971404024096 54.34457049106169 1.7865912494267449 0.03041319488974398 27.540202822294624 16.0 27.84442458916009 16.0 9.410966110105317 54.343290078532114 
194.48 56.43 2.0 -1.0 212.765957 11.82720984876709 8.373215895525812 0.060826389779487955 30.646248087252385 2.0 30.646247764967566 2.0 212.7659778731565 11.840158173534931 
194.48 56.43 2.0 -1.0 1.330601 49.59797678515232 2.0856043462141063 0.08294507697202903 5.41530250116474 8.0 6.230995219225807 8.0 1.3306513816739123 51.30735208531804 
194.48 56.43 2.0 -1.0 342.465753 37.400465299753996 6.516004838727284 0.05529671798135269 27.747008101121516 1.0 27.747008198555697 1.0 342.4657431120674 37.443235249640374 
194.48 56.43 2.0 -1.0 1.143 112.201395899262 6.234182015477381 0.029030776940210157 76.02546569258949 16.0 76.02546553061232 16.0 1.1429923082080982 106.86501736113578 
195.06 56.43 2.0 -1.0 1.15226 36.55602261335043 0.02797336257603725 0.022118687192541075 1.4136367182847827 32.0 -1.0 -1.0 -1.0 -1.0 
195.06 56.43 2.0 -1.0 0.6890079310895 97.17977650528792 0.3218479632114377 0.012441761545804354 4.992107033064244 32.0 -1.0 -1.0 -1.0 -1.0 
195.06 56.43 2.0 -1.0 1.46195913357 65.45974092273984 0.5159068058447316 0.022118687192541075 11.35665753709989 16.0 11.376284661422439 32.0 1.461952100119864 65.4750627203171 
195.06 56.43 2.0 -1.0 1.88704458069 1.4362096054354987 0.03682617525797668 0.008294507697202903 1.3878920303982811 32.0 -1.0 -1.0 -1.0 -1.0 
195.06 56.43 2.0 -1.0 1.713648107847 65.44852053519737 0.4124407198270377 0.015206597444871989 6.359068603651515 16.0 6.489128175511136 32.0 1.7136396005904924 65.67745858653136 
195.06 56.43 2.0 -1.0 1.70068 112.19265503710587 0.010280191389284826 0.006912089747669085 1.2258365911488218 8.0 -1.0 -1.0 -1.0 -1.0 
195.06 56.43 2.0 -1.0 141.63006751692097 40.84221065457199 5.281682335805868 0.02073626924300726 49.31887600231756 2.0 49.31887639904484 2.0 141.629910406967 40.883964975283 
195.06 56.43 2.0 -1.0 0.2785177904653875 0.0 1.9940221259603996 0.02350110514207489 19.84651633246474 32.0 -1.0 -1.0 -1.0 -1.0 
195.06 56.43 2.0 -1.0 2.12042426647 37.39755167903529 6.67547921863847 0.05529671798135269 64.1264551498752 16.0 65.78106546321605 32.0 2.120426264203464 37.443235249640374 
195.06 56.43 2.0 -1.0 5.0214063292 74.79510335807058 2.7494379596855727 0.07465056927482613 17.322565030008445 8.0 17.52716801840563 8.0 5.021380881468455 74.88647049928075 
2.24 55.03 2.0 -1.0 59.665418222544 83.67450904421601 0.8448754276301367 0.013824179495338172 6.458410725396272 8.0 -1.0 -1.0 -1.0 -1.0 
2.24 55.03 2.0 -1.0 8.389566016290832 57.315385048864165 0.23261443611725988 0.18524400523753148 0.6818519293032063 1.0 -1.0 -1.0 -1.0 -1.0 
2.24 55.03 2.0 -1.0 19.363095610826207 68.06408680355594 0.09410167626613881 0.03456044873834543 1.644969455173715 16.0 -1.0 -1.0 -1.0 -1.0 
2.24 55.03 2.0 -1.0 10.9405323 0.0 0.0212193791684895 0.027648358990676344 -0.24482173196608736 32.0 -1.0 -1.0 -1.0 -1.0 
2.24 55.03 2.0 -1.0 0.10857111194022039 110.23207061042369 0.9821983945518493 0.017971433343939622 12.824661431286478 32.0 12.892154437339155 32.0 0.10856335090162854 112.12730988270685 
2.24 55.03 2.0 -1.0 2.93069668519 220.46414122084738 0.10641496346621235 0.031795612839277794 1.6959765948047627 2.0 -1.0 -1.0 -1.0 -1.0 
2.24 55.03 2.0 -1.0 0.3967613979300638 330.69621183127106 0.03557583609071558 0.015206597444871992 2.7906091105611455 8.0 -1.0 -1.0 -1.0 -1.0 
2.24 55.03 2.0 -1.0 5.5373591568 74.94325592655868 1.438188400122166 0.03456044873834543 9.973262741405659 16.0 10.153344385907872 16.0 5.537367542274296 74.88647049928075 
2.24 55.03 2.0 -1.0 0.115088121 42.16798380686775 1.4825764651044098 0.031795612839277794 4.673982119879273 32.0 -1.0 -1.0 -1.0 -1.0 
2.24 55.03 2.0 -1.0 5.751536555171 131.23338019266762 8.667498783590988 0.053914300031818865 58.47655192313327 8.0 59.62987860708616 16.0 5.751523228051762 131.2537192399556 
20.11 55.03 2.0 -1.0 1.61613383449 96.20134086619188 0.011909885623504696 0.015206597444871989 1.0634630541735304 4.0 -1.0 -1.0 -1.0 -1.0 
20.11 55.03 2.0 -1.0 0.2104307696878421 111.54735235942661 0.18596317084298622 0.01520659744487199 1.6520073585476927 1.0 -1.0 -1.0 -1.0 -1.0 
20.11 55.03 2.0 -1.0 0.8125946329902368 41.35172559359809 0.04953013217684496 0.03456044873834543 2.2728225556268007 4.0 -1.0 -1.0 -1.0 -1.0 
20.11 55.03 2.0 -1.0 0.04098312229597392 0.0 0.46737660191985736 0.08985716671969811 1.2324794933098375 4.0 -1.0 -1.0 -1.0 -1.0 
20.11 55.03 2.0 -1.0 2.08696826121 109.996250122476 0.0488842455453372 0.019353851293473442 1.1065499641187495 1.0 -1.0 -1.0 -1.0 -1.0 
20.11 55.03 2.0 -1.0 1.721551635017 219.992500244952 0.7972419798951421 0.01382417949533817 24.9225491943684 32.0 24.99529694578099 32.0 1.7215522044959168 219.90310864180685 
20.11 55.03 2.0 -1.0 9.808365445406661 329.988750367428 0.251501195620805 0.03041319488974398 2.263685050189679 8.0 -1.0 -1.0 -1.0 -1.0 
20.11 55.03 2.0 -1.0 0.89398205209 37.523473264102975 1.5996331735108558 0.022118687192541075 31.995273796164792 32.0 32.38333945869243 32.0 0.8939726588626703 37.443235249640374 
20.11 55.03 2.0 -1.0 0.74364701461 37.78749066613712 1.8315816449434905 0.06497364362808941 7.786544420464852 8.0 7.931910036418581 16.0 0.7436635011496644 36.33005798546188 
20.11 55.03 2.0 -1.0 0.73182352685 4.09226973152926 7.912064681527268 0.012441761545804354 230.8549521876985 32.0 231.9486153305801 32.0 0.7318097535365572 4.149115257392582 
0.01 55.03 2.0 -1.0 13.972467536188166 74.07998278346517 0.06260076752467116 0.019353851293473442 1.4663766692584053 1.0 -1.0 -1.0 -1.0 -1.0 
0.01 55.03 2.0 -1.0 450.9170308627072 161.4340258303929 0.011053615420068413 0.024883523091608708 0.29698582275922225 1.0 -1.0 -1.0 -1.0 -1.0 
0.01 55.03 2.0 -1.0 0.0012699350581559167 59.59918976877877 0.4202060938098521 0.06359122567855559 2.0738867806442487 2.0 -1.0 -1.0 -1.0 -1.0 
0.01 55.03 2.0 -1.0 1.6490236746575566 0.0 0.37261224747125077 0.05806155388042032 1.9997654277152097 1.0 -1.0 -1.0 -1.0 -1.0 
0.01 55.03 2.0 -1.0 5.675652 111.72334055080971 0.3345433837248016 0.08432749492156286 1.6037826933908792 8.0 -1.0 -1.0 -1.0 -1.0 
0.01 55.03 2.0 -1.0 0.223377703467 335.1700216524291 0.03043325008526438 0.015206597444871989 1.3324368188389202 8.0 -1.0 -1.0 -1.0 -1.0 
0.01 55.03 2.0 -1.0 1.48354649394 31.274490469218556 6.123203566945896 0.016589015394405805 96.6479687688581 32.0 96.64797109223363 32.0 1.4835374410419415 31.27016133010507 
0.01 55.03 2.0 -1.0 57.54121018881093 39.31937547737767 1.3403330336259605 0.026265941041142528 12.610849068283626 4.0 12.730692866472218 4.0 57.54118319600821 39.264798045568824 
0.01 55.03 2.0 -1.0 0.15395541118695494 18.570276227167287 1.718792786505633 0.04009012053648069 2.0504937678727915 4.0 -1.0 -1.0 -1.0 -1.0 
0.01 55.03 2.0 -1.0 13.972467536188164 74.07998278346517 0.06260076752467116 0.019353851293473442 1.4663766692584164 1.0 -1.0 -1.0 -1.0 -1.0 
0.01 55.03 2.0 -1.0 450.9170308627072 161.4340258303929 0.011053615420068413 0.024883523091608708 0.29698582275922225 1.0 -1.0 -1.0 -1.0 -1.0 
0.01 55.03 2.0 -1.0 0.0012699350581559167 59.59918976877877 0.4202060938098521 0.06359122567855559 2.0738867806442487 2.0 -1.0 -1.0 -1.0 -1.0 
0.01 55.03 2.0 -1.0 1.6490236746575564 0.0 0.37261224747125077 0.058061553880420315 1.99976542771522 1.0 -1.0 -1.0 -1.0 -1.0 
0.01 55.03 2.0 -1.0 5.675652 111.72334055080971 0.3345433837248016 0.08432749492156286 1.6037826933908792 8.0 -1.0 -1.0 -1.0 -1.0 
0.01 55.03 2.0 -1.0 0.223377703467 335.1700216524291 0.030433250085264384 0.015206597444871989 1.3324368188389202 8.0 -1.0 -1.0 -1.0 -1.0 
0.01 55.03 2.0 -1.0 1.48354649394 31.274490469218556 6.123203566945896 0.016589015394405805 96.6479687688581 32.0 96.64797109223363 32.0 1.4835374410419415 31.27016133010507 
0.01 55.03 2.0 -1.0 57.54121018881093 39.31937547737767 1.3403330336259605 0.026265941041142528 12.610849068283626 4.0 12.730692866472218 4.0 57.54118319600821 39.264798045568824 
0.01 55.03 2.0 -1.0 0.15395541118695494 18.570276227167287 1.718792786505633 0.04009012053648069 2.0504937678727915 4.0 -1.0 -1.0 -1.0 -1.0 
0.01 55.03 2.0 -1.0 1.00399242379 223.44668110161942 4.228269069967017 0.04147253848601452 41.78795758726012 16.0 45.09995619850629 32.0 1.0039912012871355 223.44503630055667 
0.57 55.03 2.0 -1.0 0.71730671014 136.59687105168246 0.6670869092409145 0.06635606157762322 1.9979367988139578 16.0 -1.0 -1.0 -1.0 -1.0 
0.57 55.03 2.0 -1.0 3.08977631356 118.17557928862693 0.25482417336644786 0.06082638977948796 1.5154661567637264 2.0 -1.0 -1.0 -1.0 -1.0 
0.57 55.03 2.0 -1.0 1.490957 53.63455525958223 0.7873894997730058 0.01520659744487199 20.691110145506876 32.0 20.868120686235788 32.0 1.4909649811064205 53.63490454678217 
0.57 55.03 2.0 -1.0 0.17733492662 0.0 0.011379039645988786 0.03456044873834543 1.6443035256331486 2.0 -1.0 -1.0 -1.0 -1.0 
0.57 55.03 2.0 -1.0 1.30094454375 221.6540268818197 0.13731366893478805 0.024883523091608708 0.7669171032027168 16.0 -1.0 -1.0 -1.0 -1.0 
0.57 55.03 2.0 -1.0 2.266492130584 100.91808754670308 1.9707405963505449 0.03041319488974398 28.813033130535135 32.0 28.940657314400696 32.0 2.2664911133081964 100.99553724092189 
0.57 55.03 2.0 -1.0 230.5207819237923 31.0568348496279 3.7467728600716743 0.04423737438508215 18.543462471106775 2.0 18.543462832434134 2.0 230.52076964328688 31.067765463890797 
0.57 55.03 2.0 -1.0 383.1975942761 107.76788195679232 2.217862375423104 0.030413194889743984 10.178369441681332 1.0 -1.0 -1.0 -1.0 -1.0 
0.57 55.03 2.0 -1.0 4.833299389106393 110.82701344090985 7.429970658615063 0.017971433343939622 183.29675088355796 32.0 183.29674902633354 32.0 4.833297377141814 110.81173675231409 
0.57 55.03 2.0 -1.0 0.0014778925406905199 332.48104032272954 3.0920679192165 0.024883523091608704 9.246024320351607 2.0 -1.0 -1.0 -1.0 -1.0 
1.13 55.03 2.0 -1.0 1.1055857616377447 54.3564930901521 0.5497611134427101 0.03317803078881161 4.212634672632843 32.0 -1.0 -1.0 -1.0 -1.0 
1.13 55.03 2.0 -1.0 1.808645 77.03282149585972 0.1315563789626525 0.02073626924300726 1.8950218286259963 16.0 -1.0 -1.0 -1.0 -1.0 
1.13 55.03 2.0 -1.0 0.08278700758190688 192.5153586561031 0.017342987552518497 0.026265941041142528 1.7471778195489942 2.0 -1.0 -1.0 -1.0 -1.0 
1.13 55.03 2.0 -1.0 0.00625638591189179 0.0 0.16940370024467943 0.08432749492156286 -0.1687750228275201 1.0 -1.0 -1.0 -1.0 -1.0 
1.13 55.03 2.0 -1.0 1.684824546 111.14735672974047 0.07638152038733344 0.07465056927482613 1.0855347068704726 2.0 -1.0 -1.0 -1.0 -1.0 
1.13 55.03 2.0 -1.0 2.4595822178036584 222.29471345948093 0.5850280880215019 0.011059343596270537 12.834408645582522 16.0 12.92498681845479 16.0 2.459576838494589 222.12946317016386 
1.13 55.03 2.0 -1.0 0.0413615341267772 135.02419663927967 1.0041536703492857 0.006912089747669086 12.826418751767367 32.0 13.211795291441346 32.0 0.04135169244060914 136.71840762774093 
1.13 55.03 2.0 -1.0 0.0011114843736737697 131.28927196069253 1.7865912494267449 0.04561979233461596 0.5941001768166655 1.0 -1.0 -1.0 -1.0 -1.0 
1.13 55.03 2.0 -1.0 0.7725385641444409 60.75922111058719 7.749772057780361 0.024883523091608708 124.15834058594122 32.0 124.19743617389643 32.0 0.7725247996859254 60.718759864281694 
1.13 55.03 2.0 -1.0 2.227442025412 333.4420701892214 7.685790970869665 0.031795612839277794 127.68533949401098 16.0 128.1612874111728 32.0 2.2274434741120785 333.34599165490647 
1.69 55.03 2.0 -1.0 5.256794 38.25688312766035 0.13311053263353947 0.02211868719254107 0.16990149756597267 32.0 -1.0 -1.0 -1.0 -1.0 
1.69 55.03 2.0 -1.0 134.6485499129762 117.79005646417541 0.1092455713563523 0.04147253848601452 -0.09749320749671887 1.0 -1.0 -1.0 -1.0 -1.0 
1.69 55.03 2.0 -1.0 39.113973102535745 54.581589544667196 0.6810567762203223 0.07188573337575849 2.1514800181673954 8.0 -1.0 -1.0 -1.0 -1.0 
1.69 55.03 2.0 -1.0 502.512563 0.0 0.014362026428722101 0.019353851293473442 1.4094141385030898 1.0 -1.0 -1.0 -1.0 -1.0 
1.69 55.03 2.0 -1.0 0.998004 221.17986377188546 0.6303473886221564 0.006912089747669086 16.44787657175554 32.0 17.73188999700574 32.0 0.9980188527454933 221.11748383909247 
1.69 55.03 2.0 -1.0 200.658805294298 331.7697956578282 0.03569893544810421 0.08156265902249521 1.5521866451564375 1.0 -1.0 -1.0 -1.0 -1.0 
1.69 55.03 2.0 -1.0 1.147206256861 74.9542922683302 2.1366479639038585 0.02073626924300726 41.58861191458578 32.0 41.67291431516147 32.0 1.1472063003263127 74.88647049928075 
1.69 55.03 2.0 -1.0 0.8314821707148012 28.96639980090849 8.941186207550407 0.031795612839277794 97.2137574436652 32.0 97.44081063322072 32.0 0.8314903728508701 28.94260886864094 
1.69 55.03 2.0 -1.0 0.2970257612740102 27.672368194682335 5.75010754719375 0.01520659744487199 125.8214235917377 32.0 127.00122384406006 32.0 0.2970106531089793 28.537817136212393 
1.69 55.03 2.0 -1.0 22.026432 110.58993188594273 1.5453216954363693 0.022118687192541075 15.574038385734044 8.0 15.574038356928696 8.0 22.02638521945725 110.60934088609983 
10.06 55.03 2.0 -1.0 2.33768482203 25.586655348592956 0.11959355362282424 0.08985716671969811 1.6160058869353229 8.0 -1.0 -1.0 -1.0 -1.0 
10.06 55.03 2.0 -1.0 0.299 134.39488132972875 0.19064614273734584 0.016589015394405805 2.5832073497223966 16.0 -1.0 -1.0 -1.0 -1.0 
10.06 55.03 2.0 -1.0 3.468609 68.8696649674691 0.359961145803733 0.016589015394405805 5.933633849528366 16.0 -1.0 -1.0 -1.0 -1.0 
10.06 55.03 2.0 -1.0 1.30255755938 79.87712202733334 0.0514838678779917 0.02350110514207489 1.8877961979776783 16.0 -1.0 -1.0 -1.0 -1.0 
10.06 55.03 2.0 -1.0 1.4633093057546707 108.22375923459431 0.673570158688605 0.03456044873834543 5.98795438004958 16.0 6.047080221405178 16.0 1.4633163421725235 108.28178842463568 
10.06 55.03 2.0 -1.0 0.797415129552 216.44751846918862 0.12823624751348844 0.03456044873834543 1.0122613378165126 2.0 -1.0 -1.0 -1.0 -1.0 
10.06 55.03 2.0 -1.0 14.667084337 324.67127770378295 0.12832486944265878 0.016589015394405805 1.3355584445441082 1.0 -1.0 -1.0 -1.0 -1.0 
10.06 55.03 2.0 -1.0 0.00946118159225248 192.71167448464365 9.345382032112322 0.01520659744487199 27.95348779247861 32.0 -1.0 -1.0 -1.0 -1.0 
10.06 55.03 2.0 -1.0 0.022343935234731525 126.1798765033404 1.0301519527800742 0.03317803078881161 2.0013843563157634 4.0 -1.0 -1.0 -1.0 -1.0 
10.06 55.03 2.0 -1.0 7.478313 0.0 2.1366479639038585 0.012441761545804354 60.174111144949826 32.0 -1.0 -1.0 -1.0 -1.0 
10.62 55.03 2.0 -1.0 0.40226922307757423 12.370280673779666 0.18027088572578753 0.04423737438508215 0.3584870112170679 1.0 -1.0 -1.0 -1.0 -1.0 
10.62 55.03 2.0 -1.0 0.909379126021 33.83158126529767 0.6400009491490016 0.013824179495338172 8.533094379393948 32.0 8.672734523322742 32.0 0.9093734358126919 34.103703457104885 
10.62 55.03 2.0 -1.0 0.99597877881 116.72220215810474 0.012422511885612372 0.03732528463741307 -0.15970827219971054 16.0 -1.0 -1.0 -1.0 -1.0 
10.62 55.03 2.0 -1.0 0.005920712181085924 0.0 0.26268903444130803 0.027648358990676348 3.1809215357004006 8.0 -1.0 -1.0 -1.0 -1.0 
10.62 55.03 2.0 -1.0 0.99550771827 108.21560494936385 0.041558691605743284 0.026265941041142528 -0.5063540031182192 32.0 -1.0 -1.0 -1.0 -1.0 
10.62 55.03 2.0 -1.0 1.0829644010729 216.4312098987277 0.06457746728886901 0.027648358990676344 0.7086549259925727 8.0 -1.0 -1.0 -1.0 -1.0 
10.62 55.03 2.0 -1.0 240.25490831930935 324.64681484809154 0.014774641499094882 0.03732528463741307 1.240696648024629 2.0 -1.0 -1.0 -1.0 -1.0 
10.62 55.03 2.0 -1.0 4.3292962132 34.77315118534914 2.1648785797337355 0.04561979233461597 18.59171878490709 16.0 18.59171782200847 16.0 4.329316046399375 34.81208898885484 
10.62 55.03 2.0 -1.0 181.52170888055778 116.1702473773849 4.505732208812994 0.04147253848601452 20.413603220119985 1.0 20.41360349998892 1.0 181.52156068633002 116.17522720699232 
10.62 55.03 2.0 -1.0 2.271936912618 41.234268912598885 8.855125476097193 0.009676925646736721 321.14834126097753 32.0 321.2534053071326 32.0 2.271948081518834 41.18755877460441 
105.89 14.25 2.0 -1.0 0.0027993604566431823 31.346537068047766 0.2793473877157862 0.12441761545804356 0.47127449802519955 1.0 -1.0 -1.0 -1.0 -1.0 
105.89 14.25 2.0 -1.0 0.33318778828133555 49.758123782728696 0.20315652849980984 0.012441761545804356 4.369511249737591 32.0 -1.0 -1.0 -1.0 -1.0 
105.89 14.25 2.0 -1.0 128.0111794870191 45.90286002838259 0.25500027809721515 0.02350110514207489 1.7836731225605758 1.0 -1.0 -1.0 -1.0 -1.0 
105.89 14.25 2.0 -1.0 75.11649135730703 0.0 0.07622338103299053 0.026265941041142528 2.2721106686163286 1.0 -1.0 -1.0 -1.0 -1.0 
105.89 14.25 2.0 -1.0 0.031684024185842756 120.08966442276231 0.13210282079320898 0.03456044873834543 2.7316039302545967 8.0 -1.0 -1.0 -1.0 -1.0 
105.89 14.25 2.0 -1.0 337.36912025226 62.945287652735 1.293037621685656 0.012441761545804354 7.98044798976993 1.0 -1.0 -1.0 -1.0 -1.0 
105.89 14.25 2.0 -1.0 0.00404317639503851 16.862275112467074 2.6268903444130802 0.022118687192541075 3.0841927076566487 1.0 -1.0 -1.0 -1.0 -1.0 
105.89 14.25 2.0 -1.0 0.961936 49.14560524231857 6.417719598388955 0.03456044873834543 104.43274933527304 16.0 105.93168649204239 32.0 0.9619422295751672 49.08099755696104 
105.89 14.25 2.0 -1.0 1.9923208852 240.17932884552462 2.8147831624915383 0.016589015394405805 90.81648185051002 32.0 90.81647998735691 32.0 1.9923087772137176 240.1426952632341 
105.89 14.25 2.0 -1.0 1.9411179295 360.2689932682869 5.0777412570358615 0.03456044873834543 75.93548366177622 16.0 76.0998868476448 16.0 1.9411042255039017 359.9610480620833 
106.18 14.25 2.0 -1.0 4.249688210732 110.12224202207135 0.1 0.013824179495338172 1.4356492536553902 16.0 -1.0 -1.0 -1.0 -1.0 
106.18 14.25 2.0 -1.0 0.66930344771 87.19052636259363 0.06489051458090826 0.017971433343939622 0.9819245763646897 1.0 -1.0 -1.0 -1.0 -1.0 
106.18 14.25 2.0 -1.0 1.465705762893 343.8328581590849 0.5067228364390678 0.09538683851783337 2.1865838784210054 8.0 -1.0 -1.0 -1.0 -1.0 
106.18 14.25 2.0 -1.0 3.2108324764111544 119.05203783962497 0.35355325950947053 0.009676925646736721 9.215048218880426 32.0 9.32056030788672 32.0 3.210819462159028 119.0087693339921 
106.18 14.25 2.0 -1.0 4.4538744 238.10407567924995 0.046415888336127795 0.06497364362808941 0.4438860910696076 4.0 -1.0 -1.0 -1.0 -1.0 
106.18 14.25 2.0 -1.0 170.849405719173 357.1561135188749 0.41158680766598854 0.12856486930664499 1.0641562902807757 1.0 -1.0 -1.0 -1.0 -1.0 
106.18 14.25 2.0 -1.0 0.014111716139277362 0.5357877490532177 3.723549192047441 0.04285495643554833 1.063992196714128 1.0 -1.0 -1.0 -1.0 -1.0 
106.18 14.25 2.0 -1.0 2.248252 188.02578073440918 5.952199345230122 0.02073626924300726 115.92677118861752 32.0 116.27581403545045 32.0 2.24824058629262 188.12695764616612 
106.18 14.25 2.0 -1.0 5.4199894818 42.79158155771699 8.63164577248031 0.08570991287109665 47.330168143268295 8.0 48.813756677020365 16.0 5.419982092765471 42.8067257043186 
106.18 14.25 2.0 -1.0 3.86571065372 0.0 2.623263304627603 0.05944397182995413 10.317567789392719 8.0 -1.0 -1.0 -1.0 -1.0 
106.51 14.25 2.0 -1.0 1.22896880609 30.196033989901082 0.2989148937474159 0.07879782312342758 0.7346105268242927 4.0 -1.0 -1.0 -1.0 -1.0 
106.51 14.25 2.0 -1.0 2.344843177122 108.21720504938759 0.6404432431172377 0.02073626924300726 5.300922916519092 8.0 7.804218294657793 16.0 2.3447986071308455 107.77579875909998 
106.51 14.25 2.0 -1.0 0.0011063882708094472 21.48768186620159 0.09351840469571134 0.12441761545804356 -0.07317420536260191 1.0 -1.0 -1.0 -1.0 -1.0 
106.51 14.25 2.0 -1.0 16.792101165075774 190.38015333843848 0.1410635930080207 0.019353851293473442 1.366359977993758 16.0 -1.0 -1.0 -1.0 -1.0 
106.51 14.25 2.0 -1.0 24.38440141106 0.0 0.16207684425645388 0.016589015394405805 2.337927917484768 16.0 -1.0 -1.0 -1.0 -1.0 
106.51 14.25 2.0 -1.0 2.12042426647 117.98755133451384 0.8066602730969565 0.04561979233461597 6.279311447055085 8.0 6.280175101237838 8.0 2.1204565806935234 118.0979879360279 
106.51 14.25 2.0 -1.0 1.0985150222458 151.97136450017038 2.544723286778917 0.1396242129029155 8.117149766228913 2.0 8.223524607529974 2.0 1.0986695997416973 152.91007692488273 
106.51 14.25 2.0 -1.0 5.0114923575 61.701860778895174 2.2286137387064633 0.017971433343939622 70.18673029810857 32.0 70.34887531860862 32.0 5.011497705709189 61.73073919535305 
106.51 14.25 2.0 -1.0 0.00506426947315055 235.97510266902768 6.355947745071262 0.03456044873834543 8.398901082706873 4.0 -1.0 -1.0 -1.0 -1.0 
106.51 14.25 2.0 -1.0 0.0026613686823646963 353.9626540035415 1.109186309333635 0.017971433343939622 1.2497165616774513 4.0 -1.0 -1.0 -1.0 -1.0 
11.18 55.03 2.0 -1.0 0.00355500598430653 65.70528842897245 0.04515080174918501 0.022118687192541075 2.157899739883008 16.0 -1.0 -1.0 -1.0 -1.0 
11.18 55.03 2.0 -1.0 0.35169302087 39.66989251986381 0.011122556497987162 0.012441761545804352 1.5033001762268985 1.0 -1.0 -1.0 -1.0 -1.0 
11.18 55.03 2.0 -1.0 0.020381854524096684 14.965483184662205 0.04824678145425938 0.027648358990676344 2.7001234847420665 2.0 -1.0 -1.0 -1.0 -1.0 
11.18 55.03 2.0 -1.0 0.22032674928517554 0.0 0.37261224747125077 0.017971433343939622 2.417685836445853 32.0 -1.0 -1.0 -1.0 -1.0 
11.18 55.03 2.0 -1.0 2.467080757786 108.19946953249269 0.029644709215877987 0.055296717981352696 1.6633349222797331 16.0 -1.0 -1.0 -1.0 -1.0 
11.18 55.03 2.0 -1.0 48.5438764505726 216.39893906498537 0.5574098225214513 0.08156265902249521 1.8936324120204857 2.0 -1.0 -1.0 -1.0 -1.0 
11.18 55.03 2.0 -1.0 1.8077686769634342 324.59840859747806 0.2830382852894208 0.04423737438508215 1.9304515971387566 1.0 -1.0 -1.0 -1.0 -1.0 
11.18 55.03 2.0 -1.0 1.820960929021 47.33118109162147 8.849010073010126 0.022118687192541075 190.46064347139338 32.0 190.52042062220647 32.0 1.820959975399698 47.360632694139724 
11.18 55.03 2.0 -1.0 2.3817202891513642 107.64759705062879 2.3536244866247897 0.008294507697202903 109.56408945419692 32.0 109.64843300676839 32.0 2.3817240920228264 107.67460082599285 
11.18 55.03 2.0 -1.0 1.14381850931 85.44284542739896 1.5410572815741164 0.026265941041142528 22.959052871213363 32.0 23.130650527600505 32.0 1.1438108534396938 85.41105554242291 
11.73 55.03 2.0 -1.0 2.67192804814 166.1851302725733 0.02335806398033758 0.042854956435548326 0.6052553470843968 2.0 -1.0 -1.0 -1.0 -1.0 
11.73 55.03 2.0 -1.0 27.838309386354652 49.36866858292656 0.35355325950947053 0.052531882082285056 1.9605594036699812 16.0 -1.0 -1.0 -1.0 -1.0 
11.73 55.03 2.0 -1.0 0.03197657411683124 19.182697654509926 0.6721756073696541 0.13962421290291552 1.1206651103953318 1.0 -1.0 -1.0 -1.0 -1.0 
11.73 55.03 2.0 -1.0 26.322717 215.81346312155074 0.12788237140267286 0.06497364362808941 0.7639903225309205 8.0 -1.0 -1.0 -1.0 -1.0 
11.73 55.03 2.0 -1.0 0.19236888 107.66329631135265 0.04425522941776675 0.11474068981130683 2.107578870824531 4.0 -1.0 -1.0 -1.0 -1.0 
11.73 55.03 2.0 -1.0 1.51981774632 50.82928007946285 0.02127809743662687 0.011059343596270537 3.68890625689954 32.0 -1.0 -1.0 -1.0 -1.0 
11.73 55.03 2.0 -1.0 0.0032878482511591073 0.0 0.05547207448246047 0.01382417949533817 1.2238053895478882 32.0 -1.0 -1.0 -1.0 -1.0 
11.73 55.03 2.0 -1.0 0.942507 216.3652496869089 0.02974728571317075 0.024883523091608708 2.0298436331783685 32.0 -1.0 -1.0 -1.0 -1.0 
11.73 55.03 2.0 -1.0 1.582779 108.18262484345445 8.264026842883293 0.017971433343939622 214.45426422154074 32.0 214.4818592699461 32.0 1.5827936294954272 108.18059049152855 
11.73 55.03 2.0 -1.0 0.7446527222569242 324.54787453036334 8.000005932179063 0.031795612839277794 106.68607033340969 32.0 107.14045205265415 32.0 0.7446639453216146 324.33937560837137 
116.97 56.37 2.0 -1.0 0.001132104598920097 17.893175724454718 0.7966913997731381 0.011059343596270537 10.969180681173388 1.0 -1.0 -1.0 -1.0 -1.0 
116.97 56.37 2.0 -1.0 2.185717553667 79.32587841316004 0.07419711837099707 0.02073626924300726 1.3363921970436907 2.0 -1.0 -1.0 -1.0 -1.0 
116.97 56.37 2.0 -1.0 0.004233315846474604 141.59156690103424 0.010539069785079147 0.10091651031596865 1.8942399974287536 4.0 -1.0 -1.0 -1.0 -1.0 
116.97 56.37 2.0 -1.0 34.23369535044918 92.17308246957248 1.811447712307352 0.06635606157762322 8.633621183241223 4.0 8.633621297068691 4.0 34.233623106653496 92.19131706060104 
116.97 56.37 2.0 -1.0 0.8699442722 49.38644651610913 3.1264357272238157 0.05391430003181887 22.258958718866513 16.0 22.439255467952687 16.0 0.869961998735865 49.58698722249672 
116.97 56.37 2.0 -1.0 3.06493262635 71.89308205134537 2.210214600222975 0.008294507697202903 118.22485332328505 32.0 118.46110935059173 32.0 3.06493651199465 71.95173043917382 
116.97 56.37 2.0 -1.0 12.359917476 0.0 4.098842834710968 0.008294507697202903 181.96138913237783 32.0 -1.0 -1.0 -1.0 -1.0 
116.97 56.37 2.0 -1.0 7.307001256 53.391185935190315 9.660475420403525 0.016589015394405805 320.51594146095744 32.0 320.51594387787225 32.0 7.3070017000039424 53.43250868056789 
116.97 56.37 2.0 -1.0 0.61523110201 106.78237187038063 6.768353736781109 0.056679135930886505 33.77758735951747 16.0 33.78079700582872 16.0 0.6152428492593269 107.06741322735004 
116.97 56.37 2.0 -1.0 8.086733093387805 160.17355780557094 1.5463896414539255 0.05391430003181887 3.1950389657978793 2.0 -1.0 -1.0 -1.0 -1.0 
12.29 55.03 2.0 -1.0 0.30738862302 40.17084009769123 0.022768568864827275 0.06082638977948796 1.686806557443102 16.0 -1.0 -1.0 -1.0 -1.0 
12.29 55.03 2.0 -1.0 3.08977631356 81.08859153107115 0.18353815962816797 0.009676925646736721 4.071966347477236 32.0 -1.0 -1.0 -1.0 -1.0 
12.29 55.03 2.0 -1.0 1.99898269975 2.8577477191566922 0.05008065115563314 0.029030776940210157 -0.23099202311430014 8.0 -1.0 -1.0 -1.0 -1.0 
12.29 55.03 2.0 -1.0 0.001526207014931322 179.81078546557507 0.11347638459718777 0.03456044873834543 0.7346829842613732 1.0 -1.0 -1.0 -1.0 -1.0 
12.29 55.03 2.0 -1.0 215.1657339348127 45.26932182391397 0.03937853236248104 0.049767046183217416 2.250310996652831 1.0 -1.0 -1.0 -1.0 -1.0 
12.29 55.03 2.0 -1.0 0.01287252860404894 94.30567473217086 0.14461589230674415 0.06497364362808941 0.4628001522032195 1.0 -1.0 -1.0 -1.0 -1.0 
12.29 55.03 2.0 -1.0 2.766481 108.23719486305974 0.013674567248957506 0.01105934359627054 1.4037814320067583 1.0 -1.0 -1.0 -1.0 -1.0 
12.29 55.03 2.0 -1.0 244.777668 0.0 4.325771812421892 0.017971433343939622 31.535455806331502 2.0 -1.0 -1.0 -1.0 -1.0 
12.29 55.03 2.0 -1.0 0.537915 216.47438972611948 1.1347638459718776 0.09538683851783337 2.38538744636452 8.0 -1.0 -1.0 -1.0 -1.0 
12.29 55.03 2.0 -1.0 8.54520899704013 324.7115845891792 4.4964035966208 0.03317803078881161 38.427886334195236 16.0 38.42788624991756 16.0 8.545187786997607 324.6429694076928 
12.85 55.03 2.0 -1.0 0.287793 64.20120526433227 0.1705780684399447 0.019353851293473442 1.9103635388973994 32.0 -1.0 -1.0 -1.0 -1.0 
12.85 55.03 2.0 -1.0 156.858385217 159.8207129024547 0.06647866174025409 0.08432749492156287 0.5865970920513761 1.0 -1.0 -1.0 -1.0 -1.0 
12.85 55.03 2.0 -1.0 19.18594491719735 73.98084230105496 0.660666062384638 0.031795612839277794 6.5885225951182536 8.0 -1.0 -1.0 -1.0 -1.0 
12.85 55.03 2.0 -1.0 0.855182765 144.48520233324172 0.011030730151526759 0.045619792334615966 2.375172270162602 1.0 -1.0 -1.0 -1.0 -1.0 
12.85 55.03 2.0 -1.0 1.35421422194 67.77515899868276 0.036597915125661865 0.024883523091608708 0.9018412004387174 4.0 -1.0 -1.0 -1.0 -1.0 
12.85 55.03 2.0 -1.0 0.54575260398 0.0 0.015571097780848735 0.029030776940210157 0.9817115115263759 4.0 -1.0 -1.0 -1.0 -1.0 
12.85 55.03 2.0 -1.0 3.043599 108.29079815081957 0.263234030920558 0.09400442056829957 2.0078792613276413 4.0 -1.0 -1.0 -1.0 -1.0 
12.85 55.03 2.0 -1.0 0.007148282058705888 324.8723944524587 0.03793655635542592 0.026265941041142528 2.5567454188881906 8.0 -1.0 -1.0 -1.0 -1.0 
12.85 55.03 2.0 -1.0 6.367831993811256 88.69903358888013 1.3627413729677893 0.02073626924300726 24.622497121258753 32.0 25.251659973115533 32.0 6.367827154463158 88.7505873349584 
12.85 55.03 2.0 -1.0 298.251728579395 216.58159630163914 4.546380356371674 0.019353851293473442 21.60444032993158 1.0 21.604440558437464 1.0 298.25217400987947 216.56357684927136 
13.41 55.03 2.0 -1.0 1.217137 37.509820690286595 0.044932983531649394 0.031795612839277794 1.7496429099582296 8.0 -1.0 -1.0 -1.0 -1.0 
13.41 55.03 2.0 -1.0 0.026729805481803814 74.9871372031986 0.2736174016357826 0.013824179495338172 1.127640161456188 1.0 -1.0 -1.0 -1.0 -1.0 
13.41 55.03 2.0 -1.0 0.01842197270329436 44.010656165206285 0.24380280832024234 0.02350110514207489 1.0036656038521798 2.0 -1.0 -1.0 -1.0 -1.0 
13.41 55.03 2.0 -1.0 15.3936498245 44.888268954320445 0.05682971231414223 0.05529671798135269 2.045668350855279 32.0 -1.0 -1.0 -1.0 -1.0 
13.41 55.03 2.0 -1.0 0.003826247944021906 221.19092703414236 0.023847219204614304 0.017971433343939622 2.5565977797885213 1.0 -1.0 -1.0 -1.0 -1.0 
13.41 55.03 2.0 -1.0 54.95674577910229 0.0 0.08595941066946328 0.022118687192541075 4.10903889878467 4.0 -1.0 -1.0 -1.0 -1.0 
13.41 55.03 2.0 -1.0 0.41037503068 108.3364231895366 0.034701962441141196 0.017971433343939622 1.620625817596014 1.0 -1.0 -1.0 -1.0 -1.0 
13.41 55.03 2.0 -1.0 2.1867 325.0092695686098 0.9640474491672578 0.012441761545804356 23.43945448772934 32.0 24.042943623724312 32.0 2.1866981114726514 324.94656320701415 
13.41 55.03 2.0 -1.0 3.5877084054849 78.95264684289961 4.20496491224036 0.016589015394405805 84.15463604771658 32.0 84.30182439275856 32.0 3.5877140665737293 78.93438782356621 
13.41 55.03 2.0 -1.0 30.518193584285445 216.6728463790732 1.8790026506185737 0.052531882082285056 9.421689468166688 2.0 9.421689320815123 2.0 30.518276616930965 216.66477478237852 
13.97 55.03 2.0 -1.0 2.331328 61.94196849053985 0.0640885842747449 0.026265941041142528 1.7495092396649718 2.0 -1.0 -1.0 -1.0 -1.0 
13.97 55.03 2.0 -1.0 1.18994040124844 0.0 0.020175786941126064 0.02073626924300726 2.5756514322530695 2.0 -1.0 -1.0 -1.0 -1.0 
13.97 55.03 2.0 -1.0 282.779107035 108.3740582566768 0.04009223857512864 0.011059343596270537 -0.20210367620836067 1.0 -1.0 -1.0 -1.0 -1.0 
13.97 55.03 2.0 -1.0 0.1504582362154283 216.7481165133536 0.08578144136963749 0.009676925646736721 3.268631133595634 2.0 -1.0 -1.0 -1.0 -1.0 
13.97 55.03 2.0 -1.0 117.8372326493 325.1221747700304 0.3687709275549668 0.0884747487701643 2.5264397265853202 1.0 -1.0 -1.0 -1.0 -1.0 
13.97 55.03 2.0 -1.0 0.056016933100715205 65.06345351683477 7.857592982991545 0.008294507697202903 159.0226356760333 32.0 161.93050788938936 32.0 0.056024873629212386 69.62417797770968 
13.97 55.03 2.0 -1.0 0.93273035618 144.98647637759433 4.935933920036516 0.02350110514207489 72.4586262377728 32.0 72.76958544305387 32.0 0.932717133158197 145.21903400874038 
13.97 55.03 2.0 -1.0 194.931774 172.9822952071769 1.1569279963413217 0.017971433343939622 6.075965937289924 1.0 -1.0 -1.0 -1.0 -1.0 
13.97 55.03 2.0 -1.0 0.1075778075546597 67.17695900338862 2.7684980657520066 0.015206597444871992 27.118011909137884 32.0 27.627670346879206 32.0 0.10756290672967832 67.90381311488835 
13.97 55.03 2.0 -1.0 0.3772034274173156 62.787370685161385 4.891802863108921 0.02350110514207489 84.50990604928815 32.0 84.85791057544338 32.0 0.3771977693152925 62.54032266021014 
131.46 55.22 2.0 -1.0 5.65907208453 99.95472603872314 0.11868817192515867 0.029030776940210157 0.9554550368428155 2.0 -1.0 -1.0 -1.0 -1.0 
131.46 55.22 2.0 -1.0 3.46645281446 13.030239212191864 0.017499446100091347 0.02350110514207489 1.6921568997689485 8.0 -1.0 -1.0 -1.0 -1.0 
131.46 55.22 2.0 -1.0 0.32264020682169114 0.0 0.03119962793393873 0.031795612839277794 1.9734829247206234 2.0 -1.0 -1.0 -1.0 -1.0 
131.46 55.22 2.0 -1.0 0.006086235312417038 46.849824481375926 0.08431262080028226 0.011059343596270537 1.5307585590986708 16.0 -1.0 -1.0 -1.0 -1.0 
131.46 55.22 2.0 -1.0 0.082490793464 34.77541727180439 2.222463736833705 0.05391430003181887 1.2862856148098838 32.0 -1.0 -1.0 -1.0 -1.0 
131.46 55.22 2.0 -1.0 0.455919 74.68140338120321 4.370831420364764 0.027648358990676344 80.91456794256004 32.0 81.12601688266422 32.0 0.455929693998769 74.27928290063794 
131.46 55.22 2.0 -1.0 1.980198 63.08491217294184 2.9016582742063783 0.017971433343939622 89.59327589929156 32.0 89.80100666330495 32.0 1.9802124976801376 63.147510258852954 
131.46 55.22 2.0 -1.0 10.65420400680119 44.27751188608886 1.451162916049012 0.031795612839277794 16.159365006826455 8.0 16.7433851036981 16.0 10.65418473444879 44.223496767818496 
131.46 55.22 2.0 -1.0 233.7208617862176 93.69964896275185 5.826081259236011 0.015206597444871992 44.132295889380195 2.0 44.13229588133627 2.0 233.72073580200475 93.70928605720809 
131.46 55.22 2.0 -1.0 22.84670265144544 140.54947344412778 4.392019568453393 0.008294507697202903 10.298763628328768 2.0 -1.0 -1.0 -1.0 -1.0 
134.82 55.23 2.0 -1.0 2.11187653357 51.00637061954017 0.4364796459868221 0.11612310776084063 3.3721440661738615 4.0 -1.0 -1.0 -1.0 -1.0 
134.82 55.23 2.0 -1.0 1.27888080581 91.31785707691868 0.7585566129495857 0.017971433343939622 14.989317667802796 32.0 15.473947452503365 32.0 1.2788708166529736 91.28053566263681 
134.82 55.23 2.0 -1.0 1.155751156623 0.0 0.4499510986058557 0.058061553880420315 2.222914081126593 4.0 -1.0 -1.0 -1.0 -1.0 
134.82 55.23 2.0 -1.0 12.515752038663 91.40012541662763 0.07378818002748848 0.016589015394405805 -1.0299621206889251 32.0 -1.0 -1.0 -1.0 -1.0 
134.82 55.23 2.0 -1.0 0.19461695455997877 137.10018812494144 0.055433765133095315 0.04009012053648069 1.368822031420185 4.0 -1.0 -1.0 -1.0 -1.0 
134.82 55.23 2.0 -1.0 0.03394511707903087 89.42568526361316 2.007845414129436 0.029030776940210157 2.660415848222218 16.0 -1.0 -1.0 -1.0 -1.0 
134.82 55.23 2.0 -1.0 0.761391192926 48.30522679909678 3.119962793393873 0.07188573337575849 14.619266224846301 16.0 14.829785038635876 16.0 0.7613683313441774 48.57500789142535 
134.82 55.23 2.0 -1.0 0.33936907828092244 122.20961863762406 8.309826555609373 0.03732528463741307 98.12283398450847 16.0 99.39447469338926 32.0 0.33936278972153866 123.36028045759898 
134.82 55.23 2.0 -1.0 2.862213 55.28432428440483 9.384199668361846 0.02903077694021016 131.93874779252957 32.0 132.2463446879518 32.0 2.8622101429694644 55.35526940960348 
134.82 55.23 2.0 -1.0 6.67806213863 45.700062708313816 5.16263340422845 0.01520659744487199 166.33450179677186 32.0 166.39976438483322 32.0 6.678055797237904 45.74146576442555 
135.38 55.23 2.0 -1.0 292.02 21.63467402009184 0.05797974856117098 0.016589015394405805 0.4022001758476624 1.0 -1.0 -1.0 -1.0 -1.0 
135.38 55.23 2.0 -1.0 0.24168959255 19.23082135119275 0.029298587592451877 0.11197585391223919 1.193831004424728 1.0 -1.0 -1.0 -1.0 -1.0 
135.38 55.23 2.0 -1.0 0.7716 54.510090918047055 0.012744139921279101 0.013824179495338172 1.7883550506641097 4.0 -1.0 -1.0 -1.0 -1.0 
135.38 55.23 2.0 -1.0 0.0045983819530997 15.884549170054806 0.7020768264702735 0.022118687192541075 4.2136540552112995 1.0 -1.0 -1.0 -1.0 -1.0 
135.38 55.23 2.0 -1.0 2.7177324827378 9.82028448260482 0.012277470827878693 0.04700221028414979 1.851203866654221 2.0 -1.0 -1.0 -1.0 -1.0 
135.38 55.23 2.0 -1.0 1.795203 45.52295991727658 0.4404173165438359 0.07188573337575849 1.8083963170969248 16.0 -1.0 -1.0 -1.0 -1.0 
135.38 55.23 2.0 -1.0 2.3383394841595853 136.56887975182974 0.5120011389792241 0.06912089747669085 1.1677910689819684 1.0 -1.0 -1.0 -1.0 -1.0 
135.38 55.23 2.0 -1.0 1.3899355261798 34.78757243003404 5.628271480212304 0.02350110514207489 131.74225576417223 32.0 131.93189730245558 32.0 1.3899201197394482 34.81208898885484 
135.38 55.23 2.0 -1.0 1.582278 0.0 2.244063301440265 0.11197585391223919 3.4285713349343063 4.0 -1.0 -1.0 -1.0 -1.0 
135.38 55.23 2.0 -1.0 385.6909919750328 91.04591983455316 1.5668214264876303 0.012441761545804354 12.26265917723561 1.0 -1.0 -1.0 -1.0 -1.0 
135.94 55.23 2.0 -1.0 2.274361 57.20951478722023 0.5046267831325151 0.017971433343939622 39.651677894662065 32.0 39.93458516403394 32.0 2.2743734007235616 57.17683220553193 
135.94 55.23 2.0 -1.0 2.227442025412 61.69920322474286 0.10013826441970505 0.052531882082285056 1.4653861576148506 1.0 -1.0 -1.0 -1.0 -1.0 
135.94 55.23 2.0 -1.0 409.836066 48.475030008767106 0.13740856411831398 0.04285495643554833 0.5655227764818853 1.0 -1.0 -1.0 -1.0 -1.0 
135.94 55.23 2.0 -1.0 0.42118683683774877 90.6917064379572 0.048180165428117296 0.011059343596270537 0.569261762171806 16.0 -1.0 -1.0 -1.0 -1.0 
135.94 55.23 2.0 -1.0 0.07279135971847846 136.0375596569358 0.2805077046772915 0.009676925646736721 2.4775388456651335 32.0 -1.0 -1.0 -1.0 -1.0 
135.94 55.23 2.0 -1.0 0.331159372546 74.76011504299052 6.791773565719267 0.016589015394405805 188.60006847713416 32.0 188.925961957852 32.0 0.33114702091552317 74.58287669995934 
135.94 55.23 2.0 -1.0 0.24832 94.82766184706897 7.575092471847536 0.0884747487701643 13.888241482714138 8.0 15.384664072077108 16.0 0.24835268656412762 94.11407778963662 
135.94 55.23 2.0 -1.0 1.21878672858 114.16053236137097 8.105706589434478 0.016589015394405805 288.7593142408862 32.0 288.75931135196544 32.0 1.218783533355842 114.15126854484957 
135.94 55.23 2.0 -1.0 0.4102676860891 0.0 6.94359142921429 0.013824179495338172 165.10657658437438 32.0 -1.0 -1.0 -1.0 -1.0 
135.94 55.23 2.0 -1.0 15.9235474 45.3458532189786 7.696417685155276 0.01520659744487199 194.3524233516885 16.0 194.35242717757697 16.0 15.923554504600665 45.33667403199699 
137.07 55.23 2.0 -1.0 4.2165396656 117.3723994952811 0.6666262149960813 0.07465056927482613 3.164212003910885 16.0 -1.0 -1.0 -1.0 -1.0 
137.07 55.23 2.0 -1.0 0.772798 94.51886616054725 0.7632877084845537 0.011059343596270537 18.674144183953945 32.0 18.73312120956035 32.0 0.7727976480964572 94.41767158895803 
137.07 55.23 2.0 -1.0 3.2404792414142376 49.44624489375672 0.021440411841405254 0.016589015394405805 1.2979970189482386 1.0 -1.0 -1.0 -1.0 -1.0 
137.07 55.23 2.0 -1.0 5.294087 89.98325647332304 0.14622327330595072 0.016589015394405805 2.6882831447970688 16.0 -1.0 -1.0 -1.0 -1.0 
137.07 55.23 2.0 -1.0 1.5894998973414058 134.97488470998456 0.09965517359035103 0.02350110514207489 1.4486934216078438 1.0 -1.0 -1.0 -1.0 -1.0 
137.07 55.23 2.0 -1.0 426.51934403983 63.350048399235675 3.375614434310193 0.01520659744487199 32.724707055468 1.0 32.724707424078986 1.0 426.51954572647816 63.349906125067236 
137.07 55.23 2.0 -1.0 0.701967086843 36.19038562930979 1.3083130433883792 0.019353851293473442 30.293971560095603 32.0 30.36125559160906 32.0 0.7019783273184051 36.1276621192476 
137.07 55.23 2.0 -1.0 12.342028775005748 66.2253009688153 1.8353815962816797 0.017971433343939622 40.579444683006656 16.0 40.57944476430932 16.0 12.342025001998993 66.18344825206705 
137.07 55.23 2.0 -1.0 1.1964621075 0.0 1.1489629662788923 0.013824179495338172 30.84697174850959 32.0 -1.0 -1.0 -1.0 -1.0 
137.07 55.23 2.0 -1.0 0.01759454949387518 44.99162823666152 3.6648517020634492 0.06497364362808941 0.9772509380125458 16.0 -1.0 -1.0 -1.0 -1.0 
14.53 55.03 2.0 -1.0 147.058824 69.79465656840591 0.02422916423928535 0.013824179495338172 0.7929653180650174 1.0 -1.0 -1.0 -1.0 -1.0 
14.53 55.03 2.0 -1.0 1.06477508236 47.18053707421379 0.6538551491077016 0.03732528463741307 4.352966249635215 16.0 -1.0 -1.0 -1.0 -1.0 
14.53 55.03 2.0 -1.0 0.0011217471065547253 144.2748285428027 0.7272540837450232 0.029030776940210157 2.186894666580419 1.0 -1.0 -1.0 -1.0 -1.0 
14.53 55.03 2.0 -1.0 0.006490675780325397 70.08750128128034 0.019761940299240183 0.013824179495338172 1.1332543243173854 32.0 -1.0 -1.0 -1.0 -1.0 
14.53 55.03 2.0 -1.0 130.38603910501416 0.0 0.06684709031242649 0.09400442056829957 1.2415356338851034 2.0 -1.0 -1.0 -1.0 -1.0 
14.53 55.03 2.0 -1.0 246.55815713199 108.4501586678307 0.011795250557810912 0.019353851293473442 0.9849154955873745 1.0 -1.0 -1.0 -1.0 -1.0 
14.53 55.03 2.0 -1.0 1.864837 216.9003173356614 0.24770763559917114 0.012441761545804354 4.789583699525117 32.0 -1.0 -1.0 -1.0 -1.0 
14.53 55.03 2.0 -1.0 195.694716 325.35047600349213 0.01808946582811853 0.02073626924300726 0.8312740130084999 1.0 -1.0 -1.0 -1.0 -1.0 
14.53 55.03 2.0 -1.0 4.368538167500896 74.54524857725778 5.636053377113842 0.011059343596270537 217.05321784254454 32.0 217.0532113073815 32.0 4.368545584535847 74.58287669995934 
14.53 55.03 2.0 -1.0 1.3104998476363685 53.98104207318667 1.876408245646434 0.02073626924300726 38.416442421158074 32.0 38.63096512820435 32.0 1.3104909157846123 53.93849834610357 
15.08 55.03 2.0 -1.0 2.66608189885 41.46612168591127 0.03785801297873459 0.027648358990676344 1.924080815594746 1.0 -1.0 -1.0 -1.0 -1.0 
15.08 55.03 2.0 -1.0 1.334812202073005 58.95811488727368 0.11473765527464062 0.013824179495338172 1.2138278226884158 8.0 -1.0 -1.0 -1.0 -1.0 
15.08 55.03 2.0 -1.0 1.01726312363 123.25829101295226 0.09462319317574847 0.06082638977948796 2.019206086499839 4.0 -1.0 -1.0 -1.0 -1.0 
15.08 55.03 2.0 -1.0 18.83649089489798 108.56762260733876 0.09442728648786386 0.013824179495338172 0.3567628647626315 2.0 -1.0 -1.0 -1.0 -1.0 
15.08 55.03 2.0 -1.0 0.27344484969650096 217.13524521467752 0.04093183418410041 0.02350110514207489 0.9296801371747638 2.0 -1.0 -1.0 -1.0 -1.0 
15.08 55.03 2.0 -1.0 3.1411201226 325.7028678220163 0.02877702569594295 0.04009012053648069 1.0782542344862132 32.0 -1.0 -1.0 -1.0 -1.0 
15.08 55.03 2.0 -1.0 1.469313 24.658172911417775 2.844103485256103 0.045619792334615966 31.78601387334927 16.0 31.798626326111105 16.0 1.4693190072042248 24.79349361124836 
15.08 55.03 2.0 -1.0 398.837694790884 92.8671743334902 7.2174841460961225 0.11474068981130683 13.945163906908899 1.0 -1.0 -1.0 -1.0 -1.0 
15.08 55.03 2.0 -1.0 1.127887471217 109.51225538730061 1.6987247418078029 0.013824179495338172 51.23532877332093 32.0 51.488121531381495 32.0 1.1278946961586676 109.49616362192133 
15.08 55.03 2.0 -1.0 0.0021345519190796537 0.0 1.8481051304768321 0.013824179495338172 2.2334072608326405 1.0 -1.0 -1.0 -1.0 -1.0 
15.19 53.86 2.0 -1.0 1.498159748737 73.97656182710234 0.24195710181010072 0.026265941041142528 0.8429114054717074 1.0 -1.0 -1.0 -1.0 -1.0 
15.19 53.86 2.0 -1.0 253.628279 37.235281119985565 0.012474110904895277 0.07741540517389377 1.9319099068230257 2.0 -1.0 -1.0 -1.0 -1.0 
15.19 53.86 2.0 -1.0 6.280644351360491 76.57006399466353 0.025324469357735295 0.016589015394405805 1.3824648085933524 8.0 -1.0 -1.0 -1.0 -1.0 
15.19 53.86 2.0 -1.0 1.6226634697651 57.24229784117184 0.010722672220103232 0.024883523091608708 0.5327349375868797 2.0 -1.0 -1.0 -1.0 -1.0 
15.19 53.86 2.0 -1.0 13.39141661 146.2549972349682 0.5482440125568449 0.006912089747669086 15.712417338923295 8.0 15.86847685338822 8.0 13.391399988904597 146.2310133398117 
15.19 53.86 2.0 -1.0 0.618723247886 205.81292201146252 0.046255834094871634 0.019353851293473445 0.9299717031271731 1.0 -1.0 -1.0 -1.0 -1.0 
15.19 53.86 2.0 -1.0 1.35421422194 308.71938301719376 0.03677532806403433 0.06220880772902178 1.725439980381824 2.0 -1.0 -1.0 -1.0 -1.0 
15.19 53.86 2.0 -1.0 9.93255637407 44.92316254525622 2.8976518526871895 0.017971433343939622 66.6345778447179 32.0 66.745399359282 32.0 9.932561321572091 44.93188229956846 
15.19 53.86 2.0 -1.0 0.453891 0.0 1.8328474204317418 0.016589015394405805 19.464463427528035 32.0 -1.0 -1.0 -1.0 -1.0 
15.19 53.86 2.0 -1.0 0.724541971 102.90646100573126 2.9644709215878002 0.02488352309160871 46.823979939112704 32.0 46.89847666045509 32.0 0.7245337959223738 103.12069383617174 
15.64 55.03 2.0 -1.0 156.599195693311 63.48356109213824 0.1488734599008061 0.020736269243007255 0.5305618263452048 1.0 -1.0 -1.0 -1.0 -1.0 
15.64 55.03 2.0 -1.0 0.801089 109.91427038602876 0.08507324120391956 0.06359122567855559 1.5890972087418285 1.0 -1.0 -1.0 -1.0 -1.0 
15.64 55.03 2.0 -1.0 0.970346 0.0 0.2634159475634402 0.10644618211410392 1.5129955036039255 8.0 -1.0 -1.0 -1.0 -1.0 
15.64 55.03 2.0 -1.0 1.57618 108.6752486492536 0.314159151265845 0.04976704618321742 0.6166012622722659 8.0 -1.0 -1.0 -1.0 -1.0 
15.64 55.03 2.0 -1.0 0.0039513335998734465 326.0257459477608 0.022878942329845036 0.017971433343939622 1.0518694174893364 16.0 -1.0 -1.0 -1.0 -1.0 
15.64 55.03 2.0 -1.0 23.057654430953995 137.6292302875786 1.24999907309771 0.013824179495338172 16.959823009483774 8.0 16.959823504327 8.0 23.057630945307515 137.62918902570516 
15.64 55.03 2.0 -1.0 0.7310895701613709 61.62502848697549 2.9460962052327924 0.08294507697202903 15.020947567079467 8.0 15.06443484211216 8.0 0.731112474265198 61.933135061567334 
15.64 55.03 2.0 -1.0 0.1423857038953062 91.10070348815317 1.4174741629268062 0.019353851293473442 18.659938067992506 32.0 19.89708943481153 32.0 0.14239655380758148 91.28053566263681 
15.64 55.03 2.0 -1.0 28.224759634040677 62.6032035423243 8.033235319613656 0.012441761545804354 201.13289671120538 16.0 201.19761366000245 16.0 28.22477351098011 62.64152059331728 
15.64 55.03 2.0 -1.0 0.9319943359 217.3504972985072 7.2926654131761595 0.056679135930886505 51.041175133539234 16.0 51.475712084459914 16.0 0.9319895373967787 217.57555618034272 
155.71 56.42 2.0 -1.0 2.8936595854908 24.317382203613974 0.02316522291218108 0.03456044873834543 0.7763500297153829 16.0 -1.0 -1.0 -1.0 -1.0 
155.71 56.42 2.0 -1.0 0.03110692935198607 20.60732842330429 0.4398092168823045 0.017971433343939622 2.306688734545668 1.0 -1.0 -1.0 -1.0 -1.0 
155.71 56.42 2.0 -1.0 0.002115023153604762 7.787439618075775 0.11000290147540624 0.07326815132529232 2.4076939089631084 1.0 -1.0 -1.0 -1.0 -1.0 
155.71 56.42 2.0 -1.0 252.67407210877 76.39282354901691 0.5084761966519021 0.10921101801317155 1.5328303435280275 1.0 -1.0 -1.0 -1.0 -1.0 
155.71 56.42 2.0 -1.0 109.99844724197537 53.96107924034581 0.7015919679774667 0.017971433343939622 5.242626886855798 2.0 -1.0 -1.0 -1.0 -1.0 
155.71 56.42 2.0 -1.0 0.742167900236 81.62118316681307 0.06717113988391868 0.013824179495338172 2.035387206833819 16.0 -1.0 -1.0 -1.0 -1.0 
155.71 56.42 2.0 -1.0 2.27174930502 122.4317747502196 0.2471947847766056 0.016589015394405805 2.566428721168911 1.0 -1.0 -1.0 -1.0 -1.0 
155.71 56.42 2.0 -1.0 0.0021443838166475015 120.63184766868322 3.375614434310193 0.012441761545804354 6.991810782922279 8.0 -1.0 -1.0 -1.0 -1.0 
155.71 56.42 2.0 -1.0 0.004252814799581741 0.0 3.8358214714603345 0.031795612839277794 3.4827205905068874 16.0 -1.0 -1.0 -1.0 -1.0 
155.71 56.42 2.0 -1.0 3.100775 40.810591583406534 1.8341140706762948 0.06082638977948796 15.087151717888906 8.0 15.108159679766734 8.0 3.1007706032445035 40.883964975283 
156.87 56.42 2.0 -1.0 184.614253 49.91672931069371 0.0776048723514451 0.013824179495338172 0.6524479052015584 2.0 -1.0 -1.0 -1.0 -1.0 
156.87 56.42 2.0 -1.0 0.2015142891 117.70698605579985 0.2581910561960041 0.011059343596270537 3.090064925780812 16.0 -1.0 -1.0 -1.0 -1.0 
156.87 56.42 2.0 -1.0 0.0025418332638687128 0.0 0.42870960754281573 0.024883523091608708 1.005455207198381 1.0 -1.0 -1.0 -1.0 -1.0 
156.87 56.42 2.0 -1.0 0.002361643206703525 40.60836192153824 0.8625684705825069 0.011059343596270537 4.541877346801042 1.0 -1.0 -1.0 -1.0 -1.0 
156.87 56.42 2.0 -1.0 0.701967086843 81.21672384307648 0.0807217742540839 0.016589015394405805 1.8341255124783202 32.0 -1.0 -1.0 -1.0 -1.0 
156.87 56.42 2.0 -1.0 0.2015142891 121.82508576461471 0.013092171966844394 0.03317803078881161 3.0911222956943956 16.0 -1.0 -1.0 -1.0 -1.0 
156.87 56.42 2.0 -1.0 265.8152125688832 47.33377919747256 1.653567173740338 0.017971433343939622 12.960828061574073 1.0 12.960828204487525 1.0 265.81498483816785 47.360632694139724 
156.87 56.42 2.0 -1.0 0.25640622895786946 66.30384205730905 2.0357801389985517 0.013824179495338172 60.95351463114353 32.0 61.25871359214787 32.0 0.2564168729198476 66.99303171692412 
156.87 56.42 2.0 -1.0 0.003302992313449221 4.373957974747142 2.6579233608580393 0.015206597444871989 3.5891929236274818 32.0 -1.0 -1.0 -1.0 -1.0 
156.87 56.42 2.0 -1.0 0.025529235825387523 116.11091782546036 3.5330909349505513 0.02073626924300726 11.869741092611415 32.0 11.869740787792251 32.0 0.025526484629760187 113.13928921377821 
158.39 55.25 2.0 -1.0 18.90166 30.743547659433247 0.3037024146099722 0.03732528463741306 4.208842797330143 8.0 -1.0 -1.0 -1.0 -1.0 
158.39 55.25 2.0 -1.0 24.009604 61.5353962578444 0.5577950391413088 0.019353851293473442 8.083114014980021 4.0 8.08311402049204 4.0 24.009689999123417 61.52834332913878 
158.39 55.25 2.0 -1.0 4.1785550317 56.45172243042044 0.26579233608580394 0.022118687192541075 7.325647918481514 16.0 7.92173216715939 16.0 4.1785824578255415 56.2660508075677 
158.39 55.25 2.0 -1.0 3.18414434133 47.32284496359737 0.25289502973203115 0.02350110514207489 3.4606450843143026 32.0 -1.0 -1.0 -1.0 -1.0 
158.39 55.25 2.0 -1.0 223.2232854038148 32.50653193212659 0.019236604356197163 0.030413194889743977 1.4744810422792674 2.0 -1.0 -1.0 -1.0 -1.0 
158.39 55.25 2.0 -1.0 0.61894065595 13.717466669723555 0.04017541726172728 0.020736269243007255 2.555307072176649 8.0 -1.0 -1.0 -1.0 -1.0 
158.39 55.25 2.0 -1.0 2.698764 0.0 0.039188560946779236 0.019353851293473442 0.8768595658011807 1.0 -1.0 -1.0 -1.0 -1.0 
158.39 55.25 2.0 -1.0 0.003364269329216067 40.24675740333504 0.06216978392254384 0.026265941041142528 3.605217597042666 1.0 -1.0 -1.0 -1.0 -1.0 
158.39 55.25 2.0 -1.0 0.6457791716938079 80.49351480667008 0.6400009491490016 0.02211868719254107 11.12404686901166 32.0 11.155922526466648 32.0 0.6457715547488382 80.55355475328038 
158.39 55.25 2.0 -1.0 0.004577298591068276 120.74027221000512 0.24447745947558114 0.01520659744487199 3.5053800639987562 1.0 -1.0 -1.0 -1.0 -1.0 
16.76 55.03 2.0 -1.0 486.154230881221 63.59927178822499 0.11545327069384025 0.06220880772902177 1.3656257007606583 1.0 -1.0 -1.0 -1.0 -1.0 
16.76 55.03 2.0 -1.0 2.515150138446 156.07463821476065 0.7333081784913691 0.016589015394405805 12.631125044946854 32.0 12.76510236297807 32.0 2.515146964772915 155.94601491809684 
16.76 55.03 2.0 -1.0 0.1323466 108.8733296713682 0.07383917380647688 0.06635606157762322 1.6887945945261023 2.0 -1.0 -1.0 -1.0 -1.0 
16.76 55.03 2.0 -1.0 0.45630888762 217.7466593427364 0.013922408471454342 0.04700221028414978 2.434683385423024 32.0 -1.0 -1.0 -1.0 -1.0 
16.76 55.03 2.0 -1.0 429.184549 326.6199890141046 0.021859184887200275 0.038707702586946884 -0.24308159094358872 1.0 -1.0 -1.0 -1.0 -1.0 
16.76 55.03 2.0 -1.0 0.80130712057 200.7607213202007 6.670869092409146 0.058061553880420315 51.91868534015146 16.0 52.199998138178024 16.0 0.801325465242068 200.675501351451 
16.76 55.03 2.0 -1.0 0.8026608259746 115.04706483725137 1.0216471553317565 0.01520659744487199 24.50360038418887 32.0 24.790845077303462 32.0 0.8026593908046683 114.96085200970668 
16.76 55.03 2.0 -1.0 5.7291241736163805 28.059463002611846 3.0496389432454394 0.013824179495338174 85.9309895741388 32.0 86.93170770007922 32.0 5.729119341898089 28.031827470676713 
16.76 55.03 2.0 -1.0 0.7790225779 98.51844053070701 2.487365314604511 0.031795612839277794 31.480556655925056 16.0 32.201964913143556 16.0 0.7790125285585722 98.46558891324348 
16.76 55.03 2.0 -1.0 3.5852282245022074 0.0 2.562364236117258 0.06773847952715704 6.791757252913717 8.0 -1.0 -1.0 -1.0 -1.0 
169.02 56.43 2.0 -1.0 0.3652624619393678 89.05389873683993 0.019343214725462587 0.027648358990676348 1.26700537538734 1.0 -1.0 -1.0 -1.0 -1.0 
169.02 56.43 2.0 -1.0 2.996958107478261 40.05731070330498 0.23715784958474712 0.029030776940210157 2.542588596750142 8.0 -1.0 -1.0 -1.0 -1.0 
169.02 56.43 2.0 -1.0 0.288597141714 25.60255768697235 0.022193951030734772 0.016589015394405805 1.447037268080436 1.0 -1.0 -1.0 -1.0 -1.0 
169.02 56.43 2.0 -1.0 88.63067025815513 90.05883710337558 0.03333897897859852 0.03456044873834543 0.993469698032497 2.0 -1.0 -1.0 -1.0 -1.0 
169.02 56.43 2.0 -1.0 1.555307 0.0 0.2634159475634402 0.08985716671969811 0.372894373756474 4.0 -1.0 -1.0 -1.0 -1.0 
169.02 56.43 2.0 -1.0 0.026607250597988085 38.94720436817838 0.03669918888002356 0.026265941041142528 2.7382024065153594 4.0 -1.0 -1.0 -1.0 -1.0 
169.02 56.43 2.0 -1.0 316.48368670253 116.84161310453516 0.13627413729677892 0.006912089747669087 1.0368188617424423 1.0 -1.0 -1.0 -1.0 -1.0 
169.02 56.43 2.0 -1.0 0.01719488041013931 26.993111938341453 1.6040596785870795 0.006912089747669086 7.707336351900784 32.0 -1.0 -1.0 -1.0 -1.0 
169.02 56.43 2.0 -1.0 5.8086556360048 51.25185669331845 2.251828199773005 0.011059343596270537 84.79836531701208 32.0 84.96093511028528 32.0 5.808669811813161 51.30735208531804 
169.02 56.43 2.0 -1.0 2.3427772328 77.89440873635677 1.911736987624171 0.07603298722435994 8.434449959085239 4.0 9.687910565881245 8.0 2.342858351767063 77.82121055938771 
17.32 55.03 2.0 -1.0 2.06222270715 77.27926680004005 0.10118135941650402 0.03317803078881161 0.8217985397872388 2.0 -1.0 -1.0 -1.0 -1.0 
17.32 55.03 2.0 -1.0 3.0666178824950348 158.22291881667812 0.07496999618546879 0.019353851293473442 2.0452292024284002 8.0 -1.0 -1.0 -1.0 -1.0 
17.32 55.03 2.0 -1.0 0.634563531429 58.59744574041987 0.031156549511556473 0.026265941041142528 0.7894956173932669 8.0 -1.0 -1.0 -1.0 -1.0 
17.32 55.03 2.0 -1.0 137.7782525504162 59.742566120606746 0.03207381464353671 0.017971433343939625 0.20118449072601444 2.0 -1.0 -1.0 -1.0 -1.0 
17.32 55.03 2.0 -1.0 35.662175932705 60.56050924931166 0.05063728905905742 0.016589015394405805 1.958829177286927 1.0 -1.0 -1.0 -1.0 -1.0 
17.32 55.03 2.0 -1.0 0.358562007983 33.24120875056761 0.16185305906356484 0.03456044873834543 0.8997510741842798 2.0 -1.0 -1.0 -1.0 -1.0 
17.32 55.03 2.0 -1.0 5.250105943146989 0.0 0.04237041388009732 0.022118687192541075 0.5841740142946108 1.0 -1.0 -1.0 -1.0 -1.0 
17.32 55.03 2.0 -1.0 3.346415259444355 109.04817791893883 0.552807921196648 0.04423737438508215 3.194993135902379 8.0 -1.0 -1.0 -1.0 -1.0 
17.32 55.03 2.0 -1.0 1.5462713682502525 218.09635583787767 0.015831422964399676 0.01520659744487199 1.5612241969843976 8.0 -1.0 -1.0 -1.0 -1.0 
17.32 55.03 2.0 -1.0 0.396239 327.1445337568165 0.19064614273734584 0.06773847952715704 2.1797691427286088 1.0 -1.0 -1.0 -1.0 -1.0 
17.88 55.03 2.0 -1.0 2.820474141608 86.34716393237187 0.02608805156199015 0.006912089747669087 2.270207016147848 4.0 -1.0 -1.0 -1.0 -1.0 
17.88 55.03 2.0 -1.0 1.636554 32.86763014199961 0.5574098225214513 0.045619792334615966 5.07588725360522 8.0 -1.0 -1.0 -1.0 -1.0 
17.88 55.03 2.0 -1.0 0.02307439124125024 71.86312353081271 0.035551267203640914 0.038707702586946884 0.6706263018795685 16.0 -1.0 -1.0 -1.0 -1.0 
17.88 55.03 2.0 -1.0 2.7337872008546404 53.67614972342509 0.09890073518198203 0.013824179495338172 0.37168560356055313 32.0 -1.0 -1.0 -1.0 -1.0 
17.88 55.03 2.0 -1.0 0.813613 60.59047670244994 0.3984373436262631 0.04147253848601452 2.493462889520452 1.0 -1.0 -1.0 -1.0 -1.0 
17.88 55.03 2.0 -1.0 3.63362703526 0.0 0.2262744216607843 0.015206597444871989 2.3623484773738133 32.0 -1.0 -1.0 -1.0 -1.0 
17.88 55.03 2.0 -1.0 4.39777931 218.44030162170432 0.04093183418410041 0.031795612839277794 3.042895173200942 32.0 -1.0 -1.0 -1.0 -1.0 
17.88 55.03 2.0 -1.0 1.7505409271745818 327.6604524325565 0.7079213307799325 0.009676925646736721 25.246596461143568 32.0 25.413099635482627 32.0 1.7505347689924142 327.5777094677997 
17.88 55.03 2.0 -1.0 3.01978 50.23537089500041 1.4501607341826344 0.02073626924300726 30.86852540022786 32.0 31.00925650109618 32.0 3.019795258296654 50.29537275424667 
17.88 55.03 2.0 -1.0 1.987795 109.22015081085216 1.7989765511541298 0.045619792334615966 15.501921845673124 16.0 16.031202131884882 16.0 1.9877916201949122 109.29376775570705 
173.65 56.43 2.0 -1.0 45.102610653564696 13.83252059786579 0.2867779491143187 0.08432749492156286 1.8992979961184122 2.0 -1.0 -1.0 -1.0 -1.0 
173.65 56.43 2.0 -1.0 204.55934656546316 45.46458066071105 0.035526715283987924 0.06082638977948796 0.49706242171036075 1.0 -1.0 -1.0 -1.0 -1.0 
173.65 56.43 2.0 -1.0 12.285441161466956 91.90067614602137 0.2546481902546703 0.03732528463741307 2.1141903922104013 8.0 -1.0 -1.0 -1.0 -1.0 
173.65 56.43 2.0 -1.0 0.014111716139277362 27.45685944760316 0.2406235522250666 0.10091651031596865 1.9468000267477112 8.0 -1.0 -1.0 -1.0 -1.0 
173.65 56.43 2.0 -1.0 0.81742601326 38.54832036177816 0.3822594545999752 0.011059343596270537 9.5942602641548 32.0 9.622234109108632 32.0 0.8174235214634489 38.86000631314029 
173.65 56.43 2.0 -1.0 0.02850604555160601 77.09664072355632 0.10856843319584761 0.009676925646736721 2.779457079599822 8.0 -1.0 -1.0 -1.0 -1.0 
173.65 56.43 2.0 -1.0 0.3737524374439566 80.87860914788918 8.661512956629936 0.03041319488974398 126.70880373048092 32.0 127.43616538120101 32.0 0.37374168944855535 81.56553408435174 
173.65 56.43 2.0 -1.0 0.764175 93.6817866577867 1.4693210878159408 0.02073626924300726 34.39940724953895 32.0 34.39940841954951 32.0 0.7641877649196734 93.70928605720809 
173.65 56.43 2.0 -1.0 0.878622905444995 0.0 3.592158867031385 0.07741540517389377 7.857369078281788 8.0 -1.0 -1.0 -1.0 -1.0 
173.65 56.43 2.0 -1.0 4.279869765973 115.64496108533447 1.4273006104727985 0.022118687192541075 9.141478700070595 2.0 9.141478865292312 2.0 4.279718268662691 108.5853822239571 
174.81 56.43 2.0 -1.0 1.18994040124844 70.21639481143828 0.068625203982797 0.016589015394405805 2.0028861959873017 8.0 -1.0 -1.0 -1.0 -1.0 
174.81 56.43 2.0 -1.0 269.687163 32.98671683998767 0.2429621118496883 0.01520659744487199 0.2212993903763591 1.0 -1.0 -1.0 -1.0 -1.0 
174.81 56.43 2.0 -1.0 0.3211609168549823 38.428775682516225 0.736862980950253 0.035942866687879244 3.6470074436132585 16.0 -1.0 -1.0 -1.0 -1.0 
174.81 56.43 2.0 -1.0 44.895817333942624 39.15515218056559 4.073436927058742 0.03456044873834543 40.26453347369272 8.0 40.2645326705645 8.0 44.89581139447789 39.163600112461694 
174.81 56.43 2.0 -1.0 0.03363455717906837 43.478821811811784 3.801526268472719 0.012441761545804354 36.16932832463255 32.0 -1.0 -1.0 -1.0 -1.0 
174.81 56.43 2.0 -1.0 1.56246161188 20.200184517182244 5.095311235830817 0.04285495643554833 -inf 1.0 -1.0 -1.0 -1.0 -1.0 
174.81 56.43 2.0 -1.0 0.0068902549872972155 81.64241242361157 8.100108739552656 0.06497364362808941 4.0717876254700185 8.0 -1.0 -1.0 -1.0 -1.0 
174.81 56.43 2.0 -1.0 0.859107 0.0 3.410776682707007 0.08432749492156286 5.322345839862809 8.0 -1.0 -1.0 -1.0 -1.0 
174.81 56.43 2.0 -1.0 6.59709182778 76.85755136503245 3.690257789846957 0.017971433343939622 99.99121291746437 32.0 100.25975729262545 32.0 6.5970804522900535 76.80923122831634 
174.81 56.43 2.0 -1.0 0.827339092144 115.28632704754867 1.8002197938065532 0.027648358990676344 12.327365161775388 16.0 12.327364712043275 16.0 0.8273370137127738 108.38298635774281 
18.43 55.03 2.0 -1.0 0.5348799301340531 55.17068127909668 0.017199806154973397 0.017971433343939625 1.0338779518816608 1.0 -1.0 -1.0 -1.0 -1.0 
18.43 55.03 2.0 -1.0 1.952192814966 9.58348538578003 0.032949724307776485 0.11197585391223919 0.3865383246695997 1.0 -1.0 -1.0 -1.0 -1.0 
18.43 55.03 2.0 -1.0 28.107357409599 147.82198006011387 0.9774600356461515 0.01520659744487199 8.122820517963657 4.0 8.399169062375401 4.0 28.10726679551105 147.74898233641878 
18.43 55.03 2.0 -1.0 3.4672047206 82.80525215179115 0.049257146235465336 0.024883523091608708 2.3886727743694465 32.0 -1.0 -1.0 -1.0 -1.0 
18.43 55.03 2.0 -1.0 5.486065 223.04577630740096 0.17295128471299193 0.04009012053648069 1.059522417139704 8.0 -1.0 -1.0 -1.0 -1.0 
18.43 55.03 2.0 -1.0 2.274361 115.00182462936036 0.05846240640937591 0.02350110514207489 1.9347775186865896 2.0 -1.0 -1.0 -1.0 -1.0 
18.43 55.03 2.0 -1.0 0.0040061858478016125 0.0 0.22847352570395624 0.027648358990676344 1.5072116704508844 16.0 -1.0 -1.0 -1.0 -1.0 
18.43 55.03 2.0 -1.0 6.107714243738 109.3895780507015 0.721249970799335 0.045619792334615966 4.535389754865507 8.0 -1.0 -1.0 -1.0 -1.0 
18.43 55.03 2.0 -1.0 1.10742 218.779156101403 0.374936219222589 0.024883523091608708 2.9468441924307376 16.0 -1.0 -1.0 -1.0 -1.0 
18.43 55.03 2.0 -1.0 0.0386064318053542 328.1687341521045 0.2250273073630341 0.012441761545804354 1.7872394203848339 16.0 -1.0 -1.0 -1.0 -1.0 
18.99 55.03 2.0 -1.0 2.76203446627 202.30068531696656 0.966047542040352 0.02350110514207489 15.734480354877807 16.0 15.857293103716145 16.0 2.762014143324147 202.29466828116517 
18.99 55.03 2.0 -1.0 0.004949232032673308 28.529162445999507 0.06360340234416484 0.011059343596270536 2.8081151053904514 8.0 -1.0 -1.0 -1.0 -1.0 
18.99 55.03 2.0 -1.0 1.2288412978165664 20.34510547704343 0.4654433038693023 0.012441761545804354 13.415590504381479 32.0 13.53890270646079 32.0 1.2288486080554626 20.138388688320095 
18.99 55.03 2.0 -1.0 4.4291820318041 109.54803966879764 0.17152342191960426 0.013824179495338172 1.4642114667550643 32.0 -1.0 -1.0 -1.0 -1.0 
18.99 55.03 2.0 -1.0 0.5218245 219.09607933759528 0.22239996444081098 0.056679135930886505 0.9455016932464602 1.0 -1.0 -1.0 -1.0 -1.0 
18.99 55.03 2.0 -1.0 426.51934403983 328.64411900639294 0.03654738309850336 0.03317803078881161 1.3742995900570374 1.0 -1.0 -1.0 -1.0 -1.0 
18.99 55.03 2.0 -1.0 3.7414393324491 49.17007721107749 1.024474257441211 0.031795612839277794 11.603385119155556 16.0 11.603384307805472 16.0 3.741418671173354 49.182195490068175 
18.99 55.03 2.0 -1.0 205.22225531037 181.98844753859365 3.7158400018911237 0.022118687192541075 22.305280386702524 1.0 22.305280550207705 1.0 205.22177995493016 181.9538837266308 
18.99 55.03 2.0 -1.0 0.001341933801856741 161.38040047218615 5.252572277723245 0.02488352309160871 5.509197982682215 2.0 -1.0 -1.0 -1.0 -1.0 
18.99 55.03 2.0 -1.0 0.664187 0.0 9.19171054608519 0.07603298722435994 10.777345116775791 16.0 -1.0 -1.0 -1.0 -1.0 
181.98 55.26 2.0 -1.0 0.654397111 14.991124534482694 0.1252592424949464 0.02073626924300726 2.278409718526463 32.0 -1.0 -1.0 -1.0 -1.0 
181.98 55.26 2.0 -1.0 12.6998621581 40.31122418120309 0.2985021714522505 0.016589015394405805 3.6034374915543435 16.0 -1.0 -1.0 -1.0 -1.0 
181.98 55.26 2.0 -1.0 100.80135882925016 59.80645917446485 0.08703500716290852 0.016589015394405805 1.482604840549959 2.0 -1.0 -1.0 -1.0 -1.0 
181.98 55.26 2.0 -1.0 0.03721287955679095 18.727617170712943 0.028796913017838353 0.03041319488974398 1.783075165682221 8.0 -1.0 -1.0 -1.0 -1.0 
181.98 55.26 2.0 -1.0 0.685533 55.57327265305595 0.013301860569649207 0.04009012053648069 2.1995917149974256 8.0 -1.0 -1.0 -1.0 -1.0 
181.98 55.26 2.0 -1.0 0.00820494416964135 37.624561802282244 0.16387830076108614 0.12165277955897592 1.1809275001502706 8.0 -1.0 -1.0 -1.0 -1.0 
181.98 55.26 2.0 -1.0 282.535701428469 75.24912360456449 0.17463215463497664 0.04147253848601452 0.3311827375414364 1.0 -1.0 -1.0 -1.0 -1.0 
181.98 55.26 2.0 -1.0 0.821629025162 112.87368540684673 0.08978324947588143 0.056679135930886505 1.0359031970675998 2.0 -1.0 -1.0 -1.0 -1.0 
181.98 55.26 2.0 -1.0 98.96535646146744 82.76726286658668 4.841372476313745 0.02626594104114253 34.24649834981045 2.0 34.24649845815715 2.0 98.96563521275918 82.77990928163737 
181.98 55.26 2.0 -1.0 3.46801177677 0.0 7.755127795831871 0.027648358990676344 139.6707911609125 32.0 -1.0 -1.0 -1.0 -1.0 
182.54 55.26 2.0 -1.0 0.785012 40.3004056208399 0.010041536703492851 0.03456044873834543 1.0904606058428088 1.0 -1.0 -1.0 -1.0 -1.0 
182.54 55.26 2.0 -1.0 31.953380185111733 19.1460773624203 0.19343214725462585 0.01520659744487199 1.0027931440324545 4.0 -1.0 -1.0 -1.0 -1.0 
182.54 55.26 2.0 -1.0 0.001431107536828458 26.49086013374359 0.2921773626975146 0.015206597444871989 1.1998087940840065 2.0 -1.0 -1.0 -1.0 -1.0 
182.54 55.26 2.0 -1.0 57.80624908500715 49.664721596566984 0.33639744242527675 0.022118687192541075 1.1262459393836375 4.0 -1.0 -1.0 -1.0 -1.0 
182.54 55.26 2.0 -1.0 2.721551083248 58.11517059153033 0.029726742058157247 0.006912089747669086 2.3272423881565847 16.0 -1.0 -1.0 -1.0 -1.0 
182.54 55.26 2.0 -1.0 0.0016502206479446465 0.0 0.5008065115563315 0.022118687192541075 0.871597305053775 2.0 -1.0 -1.0 -1.0 -1.0 
182.54 55.26 2.0 -1.0 1.22352355821 37.60393391216669 0.4814689191514564 0.03041319488974398 5.6291025306581055 16.0 -1.0 -1.0 -1.0 -1.0 
182.54 55.26 2.0 -1.0 10.78643292 75.20786782433338 0.8246917104001704 0.03041319488974398 10.022729750635413 8.0 10.022729485996049 8.0 10.786485897066694 75.19006429860217 
182.54 55.26 2.0 -1.0 1.37333511678 112.81180173650006 0.041301097859493346 0.006912089747669086 1.1770818683490218 8.0 -1.0 -1.0 -1.0 -1.0 
182.54 55.26 2.0 -1.0 0.0018426428931229803 9.691502919457301 1.098510166047577 0.038707702586946884 1.219200889523834 2.0 -1.0 -1.0 -1.0 -1.0 
19.55 55.03 2.0 -1.0 3.207184 27.167966613754015 0.0451196203330497 0.07188573337575849 0.7962176156718527 2.0 -1.0 -1.0 -1.0 -1.0 
19.55 55.03 2.0 -1.0 0.0015833605930140066 34.54448118524601 0.5278034774114226 0.008294507697202903 5.5501877067317285 2.0 -1.0 -1.0 -1.0 -1.0 
19.55 55.03 2.0 -1.0 1.3012367996509 41.03186230392424 0.4702916161939979 0.013824179495338172 11.29658803093983 32.0 11.744526328752322 32.0 1.3012443863165877 41.18755877460441 
19.55 55.03 2.0 -1.0 0.499765 0.0 0.08941186207550403 0.017971433343939622 0.6726698457746434 1.0 -1.0 -1.0 -1.0 -1.0 
19.55 55.03 2.0 -1.0 0.909379126021 109.75858511956623 0.09627163549856319 0.013824179495338172 3.000919821789783 8.0 -1.0 -1.0 -1.0 -1.0 
19.55 55.03 2.0 -1.0 173.708218965958 219.51717023913247 0.892884079763517 0.04423737438508214 2.086453365720705 1.0 -1.0 -1.0 -1.0 -1.0 
19.55 55.03 2.0 -1.0 128.25813729784 329.2757553586987 0.0831556933797168 0.09400442056829957 0.717863482043934 1.0 -1.0 -1.0 -1.0 -1.0 
19.55 55.03 2.0 -1.0 2.015344 18.704733377711854 1.1803402058496175 0.026265941041142528 18.249846962179138 32.0 18.52539940771935 32.0 2.0153493096586317 18.721617624820187 
19.55 55.03 2.0 -1.0 1.18486164335 128.66090370901446 5.850280880215022 0.038707702586946884 62.3191907177094 16.0 66.00233215475464 32.0 1.1848593809797119 128.82496884538432 
19.55 55.03 2.0 -1.0 4.61936868862 179.17685617628555 4.929118702665705 0.024883523091608708 96.77953984830822 32.0 96.96134573028496 32.0 4.619353906794762 179.22153953273815 
194.48 56.43 2.0 -1.0 17.485862788642 40.54241858026138 0.037649358067924674 0.019353851293473442 1.8587217287065796 2.0 -1.0 -1.0 -1.0 -1.0 
194.48 56.43 2.0 -1.0 0.022968596257459013 78.9079123875998 0.032029529200852905 0.009676925646736721 1.9695309442002444 1.0 -1.0 -1.0 -1.0 -1.0 
194.48 56.43 2.0 -1.0 155.2642352611918 61.05488499728818 0.44747118751276277 0.0027648358990676344 11.11105080057904 1.0 11.11105110391355 1.0 155.26408484826487 61.022353663603106 
194.48 56.43 2.0 -1.0 3.26978936174 0.0 0.7471147983930847 0.012441761545804354 20.188949413924323 32.0 -1.0 -1.0 -1.0 -1.0 
194.48 56.43 2.0 -1.0 0.922923422192 74.80093059950799 0.20957145722768147 0.03732528463741307 1.4784750085697045 4.0 -1.0 -1.0 -1.0 -1.0 
194.48 56.43 2.0 -1.0 9.410971404024096 54.34457049106169 1.7865912494267449 0.03041319488974398 27.540202822294624 16.0 27.84442458916009 16.0 9.410966110105317 54.343290078532114 
194.48 56.43 2.0 -1.0 212.765957 11.82720984876709 8.373215895525812 0.060826389779487955 30.646248087252385 2.0 30.646247764967566 2.0 212.7659778731565 11.840158173534931 
194.48 56.43 2.0 -1.0 1.330601 49.59797678515232 2.0856043462141063 0.08294507697202903 5.41530250116474 8.0 6.230995219225807 8.0 1.3306513816739123 51.30735208531804 
194.48 56.43 2.0 -1.0 342.465753 37.400465299753996 6.516004838727284 0.05529671798135269 27.747008101121516 1.0 27.747008198555697 1.0 342.4657431120674 37.443235249640374 
194.48 56.43 2.0 -1.0 1.143 112.201395899262 6.234182015477381 0.029030776940210157 76.02546569258949 16.0 76.02546553061232 16.0 1.1429923082080982 106.86501736113578 
195.06 56.43 2.0 -1.0 1.15226 36.55602261335043 0.02797336257603725 0.022118687192541075 1.4136367182847827 32.0 -1.0 -1.0 -1.0 -1.0 
195.06 56.43 2.0 -1.0 0.6890079310895 97.17977650528792 0.3218479632114377 0.012441761545804354 4.992107033064244 32.0 -1.0 -1.0 -1.0 -1.0 
195.06 56.43 2.0 -1.0 1.46195913357 65.45974092273984 0.5159068058447316 0.022118687192541075 11.35665753709989 16.0 11.376284661422439 32.0 1.461952100119864 65.4750627203171 
195.06 56.43 2.0 -1.0 1.88704458069 1.4362096054354987 0.03682617525797668 0.008294507697202903 1.3878920303982811 32.0 -1.0 -1.0 -1.0 -1.0 
195.06 56.43 2.0 -1.0 1.713648107847 65.44852053519737 0.4124407198270377 0.015206597444871989 6.359068603651515 16.0 6.489128175511136 32.0 1.7136396005904924 65.67745858653136 
195.06 56.43 2.0 -1.0 1.70068 112.19265503710587 0.010280191389284826 0.006912089747669085 1.2258365911488218 8.0 -1.0 -1.0 -1.0 -1.0 
195.06 56.43 2.0 -1.0 141.63006751692097 40.84221065457199 5.281682335805868 0.02073626924300726 49.31887600231756 2.0 49.31887639904484 2.0 141.629910406967 40.883964975283 
195.06 56.43 2.0 -1.0 0.2785177904653875 0.0 1.9940221259603996 0.02350110514207489 19.84651633246474 32.0 -1.0 -1.0 -1.0 -1.0 
195.06 56.43 2.0 -1.0 2.12042426647 37.39755167903529 6.67547921863847 0.05529671798135269 64.1264551498752 16.0 65.78106546321605 32.0 2.120426264203464 37.443235249640374 
195.06 56.43 2.0 -1.0 5.0214063292 74.79510335807058 2.7494379596855727 0.07465056927482613 17.322565030008445 8.0 17.52716801840563 8.0 5.021380881468455 74.88647049928075 
2.24 55.03 2.0 -1.0 59.665418222544 83.67450904421601 0.8448754276301367 0.013824179495338172 6.458410725396272 8.0 -1.0 -1.0 -1.0 -1.0 
2.24 55.03 2.0 -1.0 8.389566016290832 57.315385048864165 0.23261443611725988 0.18524400523753148 0.6818519293032063 1.0 -1.0 -1.0 -1.0 -1.0 
2.24 55.03 2.0 -1.0 19.363095610826207 68.06408680355594 0.09410167626613881 0.03456044873834543 1.644969455173715 16.0 -1.0 -1.0 -1.0 -1.0 
2.24 55.03 2.0 -1.0 10.9405323 0.0 0.0212193791684895 0.027648358990676344 -0.24482173196608736 32.0 -1.0 -1.0 -1.0 -1.0 
2.24 55.03 2.0 -1.0 0.10857111194022039 110.23207061042369 0.9821983945518493 0.017971433343939622 12.824661431286478 32.0 12.892154437339155 32.0 0.10856335090162854 112.12730988270685 
2.24 55.03 2.0 -1.0 2.93069668519 220.46414122084738 0.10641496346621235 0.031795612839277794 1.6959765948047627 2.0 -1.0 -1.0 -1.0 -1.0 
2.24 55.03 2.0 -1.0 0.3967613979300638 330.69621183127106 0.03557583609071558 0.015206597444871992 2.7906091105611455 8.0 -1.0 -1.0 -1.0 -1.0 
2.24 55.03 2.0 -1.0 5.5373591568 74.94325592655868 1.438188400122166 0.03456044873834543 9.973262741405659 16.0 10.153344385907872 16.0 5.537367542274296 74.88647049928075 
2.24 55.03 2.0 -1.0 0.115088121 42.16798380686775 1.4825764651044098 0.031795612839277794 4.673982119879273 32.0 -1.0 -1.0 -1.0 -1.0 
2.24 55.03 2.0 -1.0 5.751536555171 131.23338019266762 8.667498783590988 0.053914300031818865 58.47655192313327 8.0 59.62987860708616 16.0 5.751523228051762 131.2537192399556 
20.11 55.03 2.0 -1.0 1.61613383449 96.20134086619188 0.011909885623504696 0.015206597444871989 1.0634630541735304 4.0 -1.0 -1.0 -1.0 -1.0 
20.11 55.03 2.0 -1.0 0.2104307696878421 111.54735235942661 0.18596317084298622 0.01520659744487199 1.6520073585476927 1.0 -1.0 -1.0 -1.0 -1.0 
20.11 55.03 2.0 -1.0 0.8125946329902368 41.35172559359809 0.04953013217684496 0.03456044873834543 2.2728225556268007 4.0 -1.0 -1.0 -1.0 -1.0 
20.11 55.03 2.0 -1.0 0.04098312229597392 0.0 0.46737660191985736 0.08985716671969811 1.2324794933098375 4.0 -1.0 -1.0 -1.0 -1.0 
20.11 55.03 2.0 -1.0 2.08696826121 109.996250122476 0.0488842455453372 0.019353851293473442 1.1065499641187495 1.0 -1.0 -1.0 -1.0 -1.0 
20.11 55.03 2.0 -1.0 1.721551635017 219.992500244952 0.7972419798951421 0.01382417949533817 24.9225491943684 32.0 24.99529694578099 32.0 1.7215522044959168 219.90310864180685 
20.11 55.03 2.0 -1.0 9.808365445406661 329.988750367428 0.251501195620805 0.03041319488974398 2.263685050189679 8.0 -1.0 -1.0 -1.0 -1.0 
20.11 55.03 2.0 -1.0 0.89398205209 37.523473264102975 1.5996331735108558 0.022118687192541075 31.995273796164792 32.0 32.38333945869243 32.0 0.8939726588626703 37.443235249640374 
20.11 55.03 2.0 -1.0 0.74364701461 37.78749066613712 1.8315816449434905 0.06497364362808941 7.786544420464852 8.0 7.931910036418581 16.0 0.7436635011496644 36.33005798546188 
20.11 55.03 2.0 -1.0 0.73182352685 4.09226973152926 7.912064681527268 0.012441761545804354 230.8549521876985 32.0 231.9486153305801 32.0 0.7318097535365572 4.149115257392582 
0.01 55.03 2.0 -1.0 13.972467536188166 74.07998278346517 0.06260076752467116 0.019353851293473442 1.4663766692584053 1.0 -1.0 -1.0 -1.0 -1.0 
0.01 55.03 2.0 -1.0 450.9170308627072 161.4340258303929 0.011053615420068413 0.024883523091608708 0.29698582275922225 1.0 -1.0 -1.0 -1.0 -1.0 
0.01 55.03 2.0 -1.0 0.0012699350581559167 59.59918976877877 0.4202060938098521 0.06359122567855559 2.0738867806442487 2.0 -1.0 -1.0 -1.0 -1.0 
0.01 55.03 2.0 -1.0 1.6490236746575566 0.0 0.37261224747125077 0.05806155388042032 1.9997654277152097 1.0 -1.0 -1.0 -1.0 -1.0 
0.01 55.03 2.0 -1.0 5.675652 111.72334055080971 0.3345433837248016 0.08432749492156286 1.6037826933908792 8.0 -1.0 -1.0 -1.0 -1.0 
0.01 55.03 2.0 -1.0 0.223377703467 335.1700216524291 0.03043325008526438 0.015206597444871989 1.3324368188389202 8.0 -1.0 -1.0 -1.0 -1.0 
0.01 55.03 2.0 -1.0 1.48354649394 31.274490469218556 6.123203566945896 0.016589015394405805 96.6479687688581 32.0 96.64797109223363 32.0 1.4835374410419415 31.27016133010507 
0.01 55.03 2.0 -1.0 57.54121018881093 39.31937547737767 1.3403330336259605 0.026265941041142528 12.610849068283626 4.0 12.730692866472218 4.0 57.54118319600821 39.264798045568824 
0.01 55.03 2.0 -1.0 0.15395541118695494 18.570276227167287 1.718792786505633 0.04009012053648069 2.0504937678727915 4.0 -1.0 -1.0 -1.0 -1.0 
0.01 55.03 2.0 -1.0 13.972467536188164 74.07998278346517 0.06260076752467116 0.019353851293473442 1.4663766692584164 1.0 -1.0 -1.0 -1.0 -1.0 
0.01 55.03 2.0 -1.0 450.9170308627072 161.4340258303929 0.011053615420068413 0.024883523091608708 0.29698582275922225 1.0 -1.0 -1.0 -1.0 -1.0 
0.01 55.03 2.0 -1.0 0.0012699350581559167 59.59918976877877 0.4202060938098521 0.06359122567855559 2.0738867806442487 2.0 -1.0 -1.0 -1.0 -1.0 
0.01 55.03 2.0 -1.0 1.6490236746575564 0.0 0.37261224747125077 0.058061553880420315 1.99976542771522 1.0 -1.0 -1.0 -1.0 -1.0 
0.01 55.03 2.0 -1.0 5.675652 111.72334055080971 0.3345433837248016 0.08432749492156286 1.6037826933908792 8.0 -1.0 -1.0 -1.0 -1.0 
0.01 55.03 2.0 -1.0 0.223377703467 335.1700216524291 0.030433250085264384 0.015206597444871989 1.3324368188389202 8.0 -1.0 -1.0 -1.0 -1.0 
0.01 55.03 2.0 -1.0 1.48354649394 31.274490469218556 6.123203566945896 0.016589015394405805 96.6479687688581 32.0 96.64797109223363 32.0 1.4835374410419415 31.27016133010507 
0.01 55.03 2.0 -1.0 57.54121018881093 39.31937547737767 1.3403330336259605 0.026265941041142528 12.610849068283626 4.0 12.730692866472218 4.0 57.54118319600821 39.264798045568824 
0.01 55.03 2.0 -1.0 0.15395541118695494 18.570276227167287 1.718792786505633 0.04009012053648069 2.0504937678727915 4.0 -1.0 -1.0 -1.0 -1.0 
0.01 55.03 2.0 -1.0 1.00399242379 223.44668110161942 4.228269069967017 0.04147253848601452 41.78795758726012 16.0 45.09995619850629 32.0 1.0039912012871355 223.44503630055667 
0.57 55.03 2.0 -1.0 0.71730671014 136.59687105168246 0.6670869092409145 0.06635606157762322 1.9979367988139578 16.0 -1.0 -1.0 -1.0 -1.0 
0.57 55.03 2.0 -1.0 3.08977631356 118.17557928862693 0.25482417336644786 0.06082638977948796 1.5154661567637264 2.0 -1.0 -1.0 -1.0 -1.0 
0.57 55.03 2.0 -1.0 1.490957 53.63455525958223 0.7873894997730058 0.01520659744487199 20.691110145506876 32.0 20.868120686235788 32.0 1.4909649811064205 53.63490454678217 
0.57 55.03 2.0 -1.0 0.17733492662 0.0 0.011379039645988786 0.03456044873834543 1.6443035256331486 2.0 -1.0 -1.0 -1.0 -1.0 
0.57 55.03 2.0 -1.0 1.30094454375 221.6540268818197 0.13731366893478805 0.024883523091608708 0.7669171032027168 16.0 -1.0 -1.0 -1.0 -1.0 
0.57 55.03 2.0 -1.0 2.266492130584 100.91808754670308 1.9707405963505449 0.03041319488974398 28.813033130535135 32.0 28.940657314400696 32.0 2.2664911133081964 100.99553724092189 
0.57 55.03 2.0 -1.0 230.5207819237923 31.0568348496279 3.7467728600716743 0.04423737438508215 18.543462471106775 2.0 18.543462832434134 2.0 230.52076964328688 31.067765463890797 
0.57 55.03 2.0 -1.0 383.1975942761 107.76788195679232 2.217862375423104 0.030413194889743984 10.178369441681332 1.0 -1.0 -1.0 -1.0 -1.0 
0.57 55.03 2.0 -1.0 4.833299389106393 110.82701344090985 7.429970658615063 0.017971433343939622 183.29675088355796 32.0 183.29674902633354 32.0 4.833297377141814 110.81173675231409 
0.57 55.03 2.0 -1.0 0.0014778925406905199 332.48104032272954 3.0920679192165 0.024883523091608704 9.246024320351607 2.0 -1.0 -1.0 -1.0 -1.0 
1.13 55.03 2.0 -1.0 1.1055857616377447 54.3564930901521 0.5497611134427101 0.03317803078881161 4.212634672632843 32.0 -1.0 -1.0 -1.0 -1.0 
1.13 55.03 2.0 -1.0 1.808645 77.03282149585972 0.1315563789626525 0.02073626924300726 1.8950218286259963 16.0 -1.0 -1.0 -1.0 -1.0 
1.13 55.03 2.0 -1.0 0.08278700758190688 192.5153586561031 0.017342987552518497 0.026265941041142528 1.7471778195489942 2.0 -1.0 -1.0 -1.0 -1.0 
1.13 55.03 2.0 -1.0 0.00625638591189179 0.0 0.16940370024467943 0.08432749492156286 -0.1687750228275201 1.0 -1.0 -1.0 -1.0 -1.0 
1.13 55.03 2.0 -1.0 1.684824546 111.14735672974047 0.07638152038733344 0.07465056927482613 1.0855347068704726 2.0 -1.0 -1.0 -1.0 -1.0 
1.13 55.03 2.0 -1.0 2.4595822178036584 222.29471345948093 0.5850280880215019 0.011059343596270537 12.834408645582522 16.0 12.92498681845479 16.0 2.459576838494589 222.12946317016386 
1.13 55.03 2.0 -1.0 0.0413615341267772 135.02419663927967 1.0041536703492857 0.006912089747669086 12.826418751767367 32.0 13.211795291441346 32.0 0.04135169244060914 136.71840762774093 
1.13 55.03 2.0 -1.0 0.0011114843736737697 131.28927196069253 1.7865912494267449 0.04561979233461596 0.5941001768166655 1.0 -1.0 -1.0 -1.0 -1.0 
1.13 55.03 2.0 -1.0 0.7725385641444409 60.75922111058719 7.749772057780361 0.024883523091608708 124.15834058594122 32.0 124.19743617389643 32.0 0.7725247996859254 60.718759864281694 
1.13 55.03 2.0 -1.0 2.227442025412 333.4420701892214 7.685790970869665 0.031795612839277794 127.68533949401098 16.0 128.1612874111728 32.0 2.2274434741120785 333.34599165490647 
1.69 55.03 2.0 -1.0 5.256794 38.25688312766035 0.13311053263353947 0.02211868719254107 0.16990149756597267 32.0 -1.0 -1.0 -1.0 -1.0 
1.69 55.03 2.0 -1.0 134.6485499129762 117.79005646417541 0.1092455713563523 0.04147253848601452 -0.09749320749671887 1.0 -1.0 -1.0 -1.0 -1.0 
1.69 55.03 2.0 -1.0 39.113973102535745 54.581589544667196 0.6810567762203223 0.07188573337575849 2.1514800181673954 8.0 -1.0 -1.0 -1.0 -1.0 
1.69 55.03 2.0 -1.0 502.512563 0.0 0.014362026428722101 0.019353851293473442 1.4094141385030898 1.0 -1.0 -1.0 -1.0 -1.0 
1.69 55.03 2.0 -1.0 0.998004 221.17986377188546 0.6303473886221564 0.006912089747669086 16.44787657175554 32.0 17.73188999700574 32.0 0.9980188527454933 221.11748383909247 
1.69 55.03 2.0 -1.0 200.658805294298 331.7697956578282 0.03569893544810421 0.08156265902249521 1.5521866451564375 1.0 -1.0 -1.0 -1.0 -1.0 
1.69 55.03 2.0 -1.0 1.147206256861 74.9542922683302 2.1366479639038585 0.02073626924300726 41.58861191458578 32.0 41.67291431516147 32.0 1.1472063003263127 74.88647049928075 
1.69 55.03 2.0 -1.0 0.8314821707148012 28.96639980090849 8.941186207550407 0.031795612839277794 97.2137574436652 32.0 97.44081063322072 32.0 0.8314903728508701 28.94260886864094 
1.69 55.03 2.0 -1.0 0.2970257612740102 27.672368194682335 5.75010754719375 0.01520659744487199 125.8214235917377 32.0 127.00122384406006 32.0 0.2970106531089793 28.537817136212393 
1.69 55.03 2.0 -1.0 22.026432 110.58993188594273 1.5453216954363693 0.022118687192541075 15.574038385734044 8.0 15.574038356928696 8.0 22.02638521945725 110.60934088609983 
10.06 55.03 2.0 -1.0 2.33768482203 25.586655348592956 0.11959355362282424 0.08985716671969811 1.6160058869353229 8.0 -1.0 -1.0 -1.0 -1.0 
10.06 55.03 2.0 -1.0 0.299 134.39488132972875 0.19064614273734584 0.016589015394405805 2.5832073497223966 16.0 -1.0 -1.0 -1.0 -1.0 
10.06 55.03 2.0 -1.0 3.468609 68.8696649674691 0.359961145803733 0.016589015394405805 5.933633849528366 16.0 -1.0 -1.0 -1.0 -1.0 
10.06 55.03 2.0 -1.0 1.30255755938 79.87712202733334 0.0514838678779917 0.02350110514207489 1.8877961979776783 16.0 -1.0 -1.0 -1.0 -1.0 
10.06 55.03 2.0 -1.0 1.4633093057546707 108.22375923459431 0.673570158688605 0.03456044873834543 5.98795438004958 16.0 6.047080221405178 16.0 1.4633163421725235 108.28178842463568 
10.06 55.03 2.0 -1.0 0.797415129552 216.44751846918862 0.12823624751348844 0.03456044873834543 1.0122613378165126 2.0 -1.0 -1.0 -1.0 -1.0 
10.06 55.03 2.0 -1.0 14.667084337 324.67127770378295 0.12832486944265878 0.016589015394405805 1.3355584445441082 1.0 -1.0 -1.0 -1.0 -1.0 
10.06 55.03 2.0 -1.0 0.00946118159225248 192.71167448464365 9.345382032112322 0.01520659744487199 27.95348779247861 32.0 -1.0 -1.0 -1.0 -1.0 
10.06 55.03 2.0 -1.0 0.022343935234731525 126.1798765033404 1.0301519527800742 0.03317803078881161 2.0013843563157634 4.0 -1.0 -1.0 -1.0 -1.0 
10.06 55.03 2.0 -1.0 7.478313 0.0 2.1366479639038585 0.012441761545804354 60.174111144949826 32.0 -1.0 -1.0 -1.0 -1.0 
10.62 55.03 2.0 -1.0 0.40226922307757423 12.370280673779666 0.18027088572578753 0.04423737438508215 0.3584870112170679 1.0 -1.0 -1.0 -1.0 -1.0 
10.62 55.03 2.0 -1.0 0.909379126021 33.83158126529767 0.6400009491490016 0.013824179495338172 8.533094379393948 32.0 8.672734523322742 32.0 0.9093734358126919 34.103703457104885 
10.62 55.03 2.0 -1.0 0.99597877881 116.72220215810474 0.012422511885612372 0.03732528463741307 -0.15970827219971054 16.0 -1.0 -1.0 -1.0 -1.0 
10.62 55.03 2.0 -1.0 0.005920712181085924 0.0 0.26268903444130803 0.027648358990676348 3.1809215357004006 8.0 -1.0 -1.0 -1.0 -1.0 
10.62 55.03 2.0 -1.0 0.99550771827 108.21560494936385 0.041558691605743284 0.026265941041142528 -0.5063540031182192 32.0 -1.0 -1.0 -1.0 -1.0 
10.62 55.03 2.0 -1.0 1.0829644010729 216.4312098987277 0.06457746728886901 0.027648358990676344 0.7086549259925727 8.0 -1.0 -1.0 -1.0 -1.0 
10.62 55.03 2.0 -1.0 240.25490831930935 324.64681484809154 0.014774641499094882 0.03732528463741307 1.240696648024629 2.0 -1.0 -1.0 -1.0 -1.0 
10.62 55.03 2.0 -1.0 4.3292962132 34.77315118534914 2.1648785797337355 0.04561979233461597 18.59171878490709 16.0 18.59171782200847 16.0 4.329316046399375 34.81208898885484 
10.62 55.03 2.0 -1.0 181.52170888055778 116.1702473773849 4.505732208812994 0.04147253848601452 20.413603220119985 1.0 20.41360349998892 1.0 181.52156068633002 116.17522720699232 
10.62 55.03 2.0 -1.0 2.271936912618 41.234268912598885 8.855125476097193 0.009676925646736721 321.14834126097753 32.0 321.2534053071326 32.0 2.271948081518834 41.18755877460441 
105.89 14.25 2.0 -1.0 0.0027993604566431823 31.346537068047766 0.2793473877157862 0.12441761545804356 0.47127449802519955 1.0 -1.0 -1.0 -1.0 -1.0 
105.89 14.25 2.0 -1.0 0.33318778828133555 49.758123782728696 0.20315652849980984 0.012441761545804356 4.369511249737591 32.0 -1.0 -1.0 -1.0 -1.0 
105.89 14.25 2.0 -1.0 128.0111794870191 45.90286002838259 0.25500027809721515 0.02350110514207489 1.7836731225605758 1.0 -1.0 -1.0 -1.0 -1.0 
105.89 14.25 2.0 -1.0 75.11649135730703 0.0 0.07622338103299053 0.026265941041142528 2.2721106686163286 1.0 -1.0 -1.0 -1.0 -1.0 
105.89 14.25 2.0 -1.0 0.031684024185842756 120.08966442276231 0.13210282079320898 0.03456044873834543 2.7316039302545967 8.0 -1.0 -1.0 -1.0 -1.0 
105.89 14.25 2.0 -1.0 337.36912025226 62.945287652735 1.293037621685656 0.012441761545804354 7.98044798976993 1.0 -1.0 -1.0 -1.0 -1.0 
105.89 14.25 2.0 -1.0 0.00404317639503851 16.862275112467074 2.6268903444130802 0.022118687192541075 3.0841927076566487 1.0 -1.0 -1.0 -1.0 -1.0 
105.89 14.25 2.0 -1.0 0.961936 49.14560524231857 6.417719598388955 0.03456044873834543 104.43274933527304 16.0 105.93168649204239 32.0 0.9619422295751672 49.08099755696104 
105.89 14.25 2.0 -1.0 1.9923208852 240.17932884552462 2.8147831624915383 0.016589015394405805 90.81648185051002 32.0 90.81647998735691 32.0 1.9923087772137176 240.1426952632341 
105.89 14.25 2.0 -1.0 1.9411179295 360.2689932682869 5.0777412570358615 0.03456044873834543 75.93548366177622 16.0 76.0998868476448 16.0 1.9411042255039017 359.9610480620833 
106.18 14.25 2.0 -1.0 4.249688210732 110.12224202207135 0.1 0.013824179495338172 1.4356492536553902 16.0 -1.0 -1.0 -1.0 -1.0 
106.18 14.25 2.0 -1.0 0.66930344771 87.19052636259363 0.06489051458090826 0.017971433343939622 0.9819245763646897 1.0 -1.0 -1.0 -1.0 -1.0 
106.18 14.25 2.0 -1.0 1.465705762893 343.8328581590849 0.5067228364390678 0.09538683851783337 2.1865838784210054 8.0 -1.0 -1.0 -1.0 -1.0 
106.18 14.25 2.0 -1.0 3.2108324764111544 119.05203783962497 0.35355325950947053 0.009676925646736721 9.215048218880426 32.0 9.32056030788672 32.0 3.210819462159028 119.0087693339921 
106.18 14.25 2.0 -1.0 4.4538744 238.10407567924995 0.046415888336127795 0.06497364362808941 0.4438860910696076 4.0 -1.0 -1.0 -1.0 -1.0 
106.18 14.25 2.0 -1.0 170.849405719173 357.1561135188749 0.41158680766598854 0.12856486930664499 1.0641562902807757 1.0 -1.0 -1.0 -1.0 -1.0 
106.18 14.25 2.0 -1.0 0.014111716139277362 0.5357877490532177 3.723549192047441 0.04285495643554833 1.063992196714128 1.0 -1.0 -1.0 -1.0 -1.0 
106.18 14.25 2.0 -1.0 2.248252 188.02578073440918 5.952199345230122 0.02073626924300726 115.92677118861752 32.0 116.27581403545045 32.0 2.24824058629262 188.12695764616612 
106.18 14.25 2.0 -1.0 5.4199894818 42.79158155771699 8.63164577248031 0.08570991287109665 47.330168143268295 8.0 48.813756677020365 16.0 5.419982092765471 42.8067257043186 
106.18 14.25 2.0 -1.0 3.86571065372 0.0 2.623263304627603 0.05944397182995413 10.317567789392719 8.0 -1.0 -1.0 -1.0 -1.0 
106.51 14.25 2.0 -1.0 1.22896880609 30.196033989901082 0.2989148937474159 0.07879782312342758 0.7346105268242927 4.0 -1.0 -1.0 -1.0 -1.0 
106.51 14.25 2.0 -1.0 2.344843177122 108.21720504938759 0.6404432431172377 0.02073626924300726 5.300922916519092 8.0 7.804218294657793 16.0 2.3447986071308455 107.77579875909998 
106.51 14.25 2.0 -1.0 0.0011063882708094472 21.48768186620159 0.09351840469571134 0.12441761545804356 -0.07317420536260191 1.0 -1.0 -1.0 -1.0 -1.0 
106.51 14.25 2.0 -1.0 16.792101165075774 190.38015333843848 0.1410635930080207 0.019353851293473442 1.366359977993758 16.0 -1.0 -1.0 -1.0 -1.0 
106.51 14.25 2.0 -1.0 24.38440141106 0.0 0.16207684425645388 0.016589015394405805 2.337927917484768 16.0 -1.0 -1.0 -1.0 -1.0 
106.51 14.25 2.0 -1.0 2.12042426647 117.98755133451384 0.8066602730969565 0.04561979233461597 6.279311447055085 8.0 6.280175101237838 8.0 2.1204565806935234 118.0979879360279 
106.51 14.25 2.0 -1.0 1.0985150222458 151.97136450017038 2.544723286778917 0.1396242129029155 8.117149766228913 2.0 8.223524607529974 2.0 1.0986695997416973 152.91007692488273 
106.51 14.25 2.0 -1.0 5.0114923575 61.701860778895174 2.2286137387064633 0.017971433343939622 70.18673029810857 32.0 70.34887531860862 32.0 5.011497705709189 61.73073919535305 
106.51 14.25 2.0 -1.0 0.00506426947315055 235.97510266902768 6.355947745071262 0.03456044873834543 8.398901082706873 4.0 -1.0 -1.0 -1.0 -1.0 
106.51 14.25 2.0 -1.0 0.0026613686823646963 353.9626540035415 1.109186309333635 0.017971433343939622 1.2497165616774513 4.0 -1.0 -1.0 -1.0 -1.0 
11.18 55.03 2.0 -1.0 0.00355500598430653 65.70528842897245 0.04515080174918501 0.022118687192541075 2.157899739883008 16.0 -1.0 -1.0 -1.0 -1.0 
11.18 55.03 2.0 -1.0 0.35169302087 39.66989251986381 0.011122556497987162 0.012441761545804352 1.5033001762268985 1.0 -1.0 -1.0 -1.0 -1.0 
11.18 55.03 2.0 -1.0 0.020381854524096684 14.965483184662205 0.04824678145425938 0.027648358990676344 2.7001234847420665 2.0 -1.0 -1.0 -1.0 -1.0 
11.18 55.03 2.0 -1.0 0.22032674928517554 0.0 0.37261224747125077 0.017971433343939622 2.417685836445853 32.0 -1.0 -1.0 -1.0 -1.0 
11.18 55.03 2.0 -1.0 2.467080757786 108.19946953249269 0.029644709215877987 0.055296717981352696 1.6633349222797331 16.0 -1.0 -1.0 -1.0 -1.0 
11.18 55.03 2.0 -1.0 48.5438764505726 216.39893906498537 0.5574098225214513 0.08156265902249521 1.8936324120204857 2.0 -1.0 -1.0 -1.0 -1.0 
11.18 55.03 2.0 -1.0 1.8077686769634342 324.59840859747806 0.2830382852894208 0.04423737438508215 1.9304515971387566 1.0 -1.0 -1.0 -1.0 -1.0 
11.18 55.03 2.0 -1.0 1.820960929021 47.33118109162147 8.849010073010126 0.022118687192541075 190.46064347139338 32.0 190.52042062220647 32.0 1.820959975399698 47.360632694139724 
11.18 55.03 2.0 -1.0 2.3817202891513642 107.64759705062879 2.3536244866247897 0.008294507697202903 109.56408945419692 32.0 109.64843300676839 32.0 2.3817240920228264 107.67460082599285 
11.18 55.03 2.0 -1.0 1.14381850931 85.44284542739896 1.5410572815741164 0.026265941041142528 22.959052871213363 32.0 23.130650527600505 32.0 1.1438108534396938 85.41105554242291 
11.73 55.03 2.0 -1.0 2.67192804814 166.1851302725733 0.02335806398033758 0.042854956435548326 0.6052553470843968 2.0 -1.0 -1.0 -1.0 -1.0 
11.73 55.03 2.0 -1.0 27.838309386354652 49.36866858292656 0.35355325950947053 0.052531882082285056 1.9605594036699812 16.0 -1.0 -1.0 -1.0 -1.0 
11.73 55.03 2.0 -1.0 0.03197657411683124 19.182697654509926 0.6721756073696541 0.13962421290291552 1.1206651103953318 1.0 -1.0 -1.0 -1.0 -1.0 
11.73 55.03 2.0 -1.0 26.322717 215.81346312155074 0.12788237140267286 0.06497364362808941 0.7639903225309205 8.0 -1.0 -1.0 -1.0 -1.0 
11.73 55.03 2.0 -1.0 0.19236888 107.66329631135265 0.04425522941776675 0.11474068981130683 2.107578870824531 4.0 -1.0 -1.0 -1.0 -1.0 
11.73 55.03 2.0 -1.0 1.51981774632 50.82928007946285 0.02127809743662687 0.011059343596270537 3.68890625689954 32.0 -1.0 -1.0 -1.0 -1.0 
11.73 55.03 2.0 -1.0 0.0032878482511591073 0.0 0.05547207448246047 0.01382417949533817 1.2238053895478882 32.0 -1.0 -1.0 -1.0 -1.0 
11.73 55.03 2.0 -1.0 0.942507 216.3652496869089 0.02974728571317075 0.024883523091608708 2.0298436331783685 32.0 -1.0 -1.0 -1.0 -1.0 
11.73 55.03 2.0 -1.0 1.582779 108.18262484345445 8.264026842883293 0.017971433343939622 214.45426422154074 32.0 214.4818592699461 32.0 1.5827936294954272 108.18059049152855 
11.73 55.03 2.0 -1.0 0.7446527222569242 324.54787453036334 8.000005932179063 0.031795612839277794 106.68607033340969 32.0 107.14045205265415 32.0 0.7446639453216146 324.33937560837137 
116.97 56.37 2.0 -1.0 0.001132104598920097 17.893175724454718 0.7966913997731381 0.011059343596270537 10.969180681173388 1.0 -1.0 -1.0 -1.0 -1.0 
116.97 56.37 2.0 -1.0 2.185717553667 79.32587841316004 0.07419711837099707 0.02073626924300726 1.3363921970436907 2.0 -1.0 -1.0 -1.0 -1.0 
116.97 56.37 2.0 -1.0 0.004233315846474604 141.59156690103424 0.010539069785079147 0.10091651031596865 1.8942399974287536 4.0 -1.0 -1.0 -1.0 -1.0 
116.97 56.37 2.0 -1.0 34.23369535044918 92.17308246957248 1.811447712307352 0.06635606157762322 8.633621183241223 4.0 8.633621297068691 4.0 34.233623106653496 92.19131706060104 
116.97 56.37 2.0 -1.0 0.8699442722 49.38644651610913 3.1264357272238157 0.05391430003181887 22.258958718866513 16.0 22.439255467952687 16.0 0.869961998735865 49.58698722249672 
116.97 56.37 2.0 -1.0 3.06493262635 71.89308205134537 2.210214600222975 0.008294507697202903 118.22485332328505 32.0 118.46110935059173 32.0 3.06493651199465 71.95173043917382 
116.97 56.37 2.0 -1.0 12.359917476 0.0 4.098842834710968 0.008294507697202903 181.96138913237783 32.0 -1.0 -1.0 -1.0 -1.0 
116.97 56.37 2.0 -1.0 7.307001256 53.391185935190315 9.660475420403525 0.016589015394405805 320.51594146095744 32.0 320.51594387787225 32.0 7.3070017000039424 53.43250868056789 
116.97 56.37 2.0 -1.0 0.61523110201 106.78237187038063 6.768353736781109 0.056679135930886505 33.77758735951747 16.0 33.78079700582872 16.0 0.6152428492593269 107.06741322735004 
116.97 56.37 2.0 -1.0 8.086733093387805 160.17355780557094 1.5463896414539255 0.05391430003181887 3.1950389657978793 2.0 -1.0 -1.0 -1.0 -1.0 
12.29 55.03 2.0 -1.0 0.30738862302 40.17084009769123 0.022768568864827275 0.06082638977948796 1.686806557443102 16.0 -1.0 -1.0 -1.0 -1.0 
12.29 55.03 2.0 -1.0 3.08977631356 81.08859153107115 0.18353815962816797 0.009676925646736721 4.071966347477236 32.0 -1.0 -1.0 -1.0 -1.0 
12.29 55.03 2.0 -1.0 1.99898269975 2.8577477191566922 0.05008065115563314 0.029030776940210157 -0.23099202311430014 8.0 -1.0 -1.0 -1.0 -1.0 
12.29 55.03 2.0 -1.0 0.001526207014931322 179.81078546557507 0.11347638459718777 0.03456044873834543 0.7346829842613732 1.0 -1.0 -1.0 -1.0 -1.0 
12.29 55.03 2.0 -1.0 215.1657339348127 45.26932182391397 0.03937853236248104 0.049767046183217416 2.250310996652831 1.0 -1.0 -1.0 -1.0 -1.0 
12.29 55.03 2.0 -1.0 0.01287252860404894 94.30567473217086 0.14461589230674415 0.06497364362808941 0.4628001522032195 1.0 -1.0 -1.0 -1.0 -1.0 
12.29 55.03 2.0 -1.0 2.766481 108.23719486305974 0.013674567248957506 0.01105934359627054 1.4037814320067583 1.0 -1.0 -1.0 -1.0 -1.0 
12.29 55.03 2.0 -1.0 244.777668 0.0 4.325771812421892 0.017971433343939622 31.535455806331502 2.0 -1.0 -1.0 -1.0 -1.0 
12.29 55.03 2.0 -1.0 0.537915 216.47438972611948 1.1347638459718776 0.09538683851783337 2.38538744636452 8.0 -1.0 -1.0 -1.0 -1.0 
12.29 55.03 2.0 -1.0 8.54520899704013 324.7115845891792 4.4964035966208 0.03317803078881161 38.427886334195236 16.0 38.42788624991756 16.0 8.545187786997607 324.6429694076928 
12.85 55.03 2.0 -1.0 0.287793 64.20120526433227 0.1705780684399447 0.019353851293473442 1.9103635388973994 32.0 -1.0 -1.0 -1.0 -1.0 
12.85 55.03 2.0 -1.0 156.858385217 159.8207129024547 0.06647866174025409 0.08432749492156287 0.5865970920513761 1.0 -1.0 -1.0 -1.0 -1.0 
12.85 55.03 2.0 -1.0 19.18594491719735 73.98084230105496 0.660666062384638 0.031795612839277794 6.5885225951182536 8.0 -1.0 -1.0 -1.0 -1.0 
12.85 55.03 2.0 -1.0 0.855182765 144.48520233324172 0.011030730151526759 0.045619792334615966 2.375172270162602 1.0 -1.0 -1.0 -1.0 -1.0 
12.85 55.03 2.0 -1.0 1.35421422194 67.77515899868276 0.036597915125661865 0.024883523091608708 0.9018412004387174 4.0 -1.0 -1.0 -1.0 -1.0 
12.85 55.03 2.0 -1.0 0.54575260398 0.0 0.015571097780848735 0.029030776940210157 0.9817115115263759 4.0 -1.0 -1.0 -1.0 -1.0 
12.85 55.03 2.0 -1.0 3.043599 108.29079815081957 0.263234030920558 0.09400442056829957 2.0078792613276413 4.0 -1.0 -1.0 -1.0 -1.0 
12.85 55.03 2.0 -1.0 0.007148282058705888 324.8723944524587 0.03793655635542592 0.026265941041142528 2.5567454188881906 8.0 -1.0 -1.0 -1.0 -1.0 
12.85 55.03 2.0 -1.0 6.367831993811256 88.69903358888013 1.3627413729677893 0.02073626924300726 24.622497121258753 32.0 25.251659973115533 32.0 6.367827154463158 88.7505873349584 
12.85 55.03 2.0 -1.0 298.251728579395 216.58159630163914 4.546380356371674 0.019353851293473442 21.60444032993158 1.0 21.604440558437464 1.0 298.25217400987947 216.56357684927136 
13.41 55.03 2.0 -1.0 1.217137 37.509820690286595 0.044932983531649394 0.031795612839277794 1.7496429099582296 8.0 -1.0 -1.0 -1.0 -1.0 
13.41 55.03 2.0 -1.0 0.026729805481803814 74.9871372031986 0.2736174016357826 0.013824179495338172 1.127640161456188 1.0 -1.0 -1.0 -1.0 -1.0 
13.41 55.03 2.0 -1.0 0.01842197270329436 44.010656165206285 0.24380280832024234 0.02350110514207489 1.0036656038521798 2.0 -1.0 -1.0 -1.0 -1.0 
13.41 55.03 2.0 -1.0 15.3936498245 44.888268954320445 0.05682971231414223 0.05529671798135269 2.045668350855279 32.0 -1.0 -1.0 -1.0 -1.0 
13.41 55.03 2.0 -1.0 0.003826247944021906 221.19092703414236 0.023847219204614304 0.017971433343939622 2.5565977797885213 1.0 -1.0 -1.0 -1.0 -1.0 
13.41 55.03 2.0 -1.0 54.95674577910229 0.0 0.08595941066946328 0.022118687192541075 4.10903889878467 4.0 -1.0 -1.0 -1.0 -1.0 
13.41 55.03 2.0 -1.0 0.41037503068 108.3364231895366 0.034701962441141196 0.017971433343939622 1.620625817596014 1.0 -1.0 -1.0 -1.0 -1.0 
13.41 55.03 2.0 -1.0 2.1867 325.0092695686098 0.9640474491672578 0.012441761545804356 23.43945448772934 32.0 24.042943623724312 32.0 2.1866981114726514 324.94656320701415 
13.41 55.03 2.0 -1.0 3.5877084054849 78.95264684289961 4.20496491224036 0.016589015394405805 84.15463604771658 32.0 84.30182439275856 32.0 3.5877140665737293 78.93438782356621 
13.41 55.03 2.0 -1.0 30.518193584285445 216.6728463790732 1.8790026506185737 0.052531882082285056 9.421689468166688 2.0 9.421689320815123 2.0 30.518276616930965 216.66477478237852 
13.97 55.03 2.0 -1.0 2.331328 61.94196849053985 0.0640885842747449 0.026265941041142528 1.7495092396649718 2.0 -1.0 -1.0 -1.0 -1.0 
13.97 55.03 2.0 -1.0 1.18994040124844 0.0 0.020175786941126064 0.02073626924300726 2.5756514322530695 2.0 -1.0 -1.0 -1.0 -1.0 
13.97 55.03 2.0 -1.0 282.779107035 108.3740582566768 0.04009223857512864 0.011059343596270537 -0.20210367620836067 1.0 -1.0 -1.0 -1.0 -1.0 
13.97 55.03 2.0 -1.0 0.1504582362154283 216.7481165133536 0.08578144136963749 0.009676925646736721 3.268631133595634 2.0 -1.0 -1.0 -1.0 -1.0 
13.97 55.03 2.0 -1.0 117.8372326493 325.1221747700304 0.3687709275549668 0.0884747487701643 2.5264397265853202 1.0 -1.0 -1.0 -1.0 -1.0 
13.97 55.03 2.0 -1.0 0.056016933100715205 65.06345351683477 7.857592982991545 0.008294507697202903 159.0226356760333 32.0 161.93050788938936 32.0 0.056024873629212386 69.62417797770968 
13.97 55.03 2.0 -1.0 0.93273035618 144.98647637759433 4.935933920036516 0.02350110514207489 72.4586262377728 32.0 72.76958544305387 32.0 0.932717133158197 145.21903400874038 
13.97 55.03 2.0 -1.0 194.931774 172.9822952071769 1.1569279963413217 0.017971433343939622 6.075965937289924 1.0 -1.0 -1.0 -1.0 -1.0 
13.97 55.03 2.0 -1.0 0.1075778075546597 67.17695900338862 2.7684980657520066 0.015206597444871992 27.118011909137884 32.0 27.627670346879206 32.0 0.10756290672967832 67.90381311488835 
13.97 55.03 2.0 -1.0 0.3772034274173156 62.787370685161385 4.891802863108921 0.02350110514207489 84.50990604928815 32.0 84.85791057544338 32.0 0.3771977693152925 62.54032266021014 
131.46 55.22 2.0 -1.0 5.65907208453 99.95472603872314 0.11868817192515867 0.029030776940210157 0.9554550368428155 2.0 -1.0 -1.0 -1.0 -1.0 
131.46 55.22 2.0 -1.0 3.46645281446 13.030239212191864 0.017499446100091347 0.02350110514207489 1.6921568997689485 8.0 -1.0 -1.0 -1.0 -1.0 
131.46 55.22 2.0 -1.0 0.32264020682169114 0.0 0.03119962793393873 0.031795612839277794 1.9734829247206234 2.0 -1.0 -1.0 -1.0 -1.0 
131.46 55.22 2.0 -1.0 0.006086235312417038 46.849824481375926 0.08431262080028226 0.011059343596270537 1.5307585590986708 16.0 -1.0 -1.0 -1.0 -1.0 
131.46 55.22 2.0 -1.0 0.082490793464 34.77541727180439 2.222463736833705 0.05391430003181887 1.2862856148098838 32.0 -1.0 -1.0 -1.0 -1.0 
131.46 55.22 2.0 -1.0 0.455919 74.68140338120321 4.370831420364764 0.027648358990676344 80.91456794256004 32.0 81.12601688266422 32.0 0.455929693998769 74.27928290063794 
131.46 55.22 2.0 -1.0 1.980198 63.08491217294184 2.9016582742063783 0.017971433343939622 89.59327589929156 32.0 89.80100666330495 32.0 1.9802124976801376 63.147510258852954 
131.46 55.22 2.0 -1.0 10.65420400680119 44.27751188608886 1.451162916049012 0.031795612839277794 16.159365006826455 8.0 16.7433851036981 16.0 10.65418473444879 44.223496767818496 
131.46 55.22 2.0 -1.0 233.7208617862176 93.69964896275185 5.826081259236011 0.015206597444871992 44.132295889380195 2.0 44.13229588133627 2.0 233.72073580200475 93.70928605720809 
131.46 55.22 2.0 -1.0 22.84670265144544 140.54947344412778 4.392019568453393 0.008294507697202903 10.298763628328768 2.0 -1.0 -1.0 -1.0 -1.0 
134.82 55.23 2.0 -1.0 2.11187653357 51.00637061954017 0.4364796459868221 0.11612310776084063 3.3721440661738615 4.0 -1.0 -1.0 -1.0 -1.0 
134.82 55.23 2.0 -1.0 1.27888080581 91.31785707691868 0.7585566129495857 0.017971433343939622 14.989317667802796 32.0 15.473947452503365 32.0 1.2788708166529736 91.28053566263681 
134.82 55.23 2.0 -1.0 1.155751156623 0.0 0.4499510986058557 0.058061553880420315 2.222914081126593 4.0 -1.0 -1.0 -1.0 -1.0 
134.82 55.23 2.0 -1.0 12.515752038663 91.40012541662763 0.07378818002748848 0.016589015394405805 -1.0299621206889251 32.0 -1.0 -1.0 -1.0 -1.0 
134.82 55.23 2.0 -1.0 0.19461695455997877 137.10018812494144 0.055433765133095315 0.04009012053648069 1.368822031420185 4.0 -1.0 -1.0 -1.0 -1.0 
134.82 55.23 2.0 -1.0 0.03394511707903087 89.42568526361316 2.007845414129436 0.029030776940210157 2.660415848222218 16.0 -1.0 -1.0 -1.0 -1.0 
134.82 55.23 2.0 -1.0 0.761391192926 48.30522679909678 3.119962793393873 0.07188573337575849 14.619266224846301 16.0 14.829785038635876 16.0 0.7613683313441774 48.57500789142535 
134.82 55.23 2.0 -1.0 0.33936907828092244 122.20961863762406 8.309826555609373 0.03732528463741307 98.12283398450847 16.0 99.39447469338926 32.0 0.33936278972153866 123.36028045759898 
134.82 55.23 2.0 -1.0 2.862213 55.28432428440483 9.384199668361846 0.02903077694021016 131.93874779252957 32.0 132.2463446879518 32.0 2.8622101429694644 55.35526940960348 
134.82 55.23 2.0 -1.0 6.67806213863 45.700062708313816 5.16263340422845 0.01520659744487199 166.33450179677186 32.0 166.39976438483322 32.0 6.678055797237904 45.74146576442555 
135.38 55.23 2.0 -1.0 292.02 21.63467402009184 0.05797974856117098 0.016589015394405805 0.4022001758476624 1.0 -1.0 -1.0 -1.0 -1.0 
135.38 55.23 2.0 -1.0 0.24168959255 19.23082135119275 0.029298587592451877 0.11197585391223919 1.193831004424728 1.0 -1.0 -1.0 -1.0 -1.0 
135.38 55.23 2.0 -1.0 0.7716 54.510090918047055 0.012744139921279101 0.013824179495338172 1.7883550506641097 4.0 -1.0 -1.0 -1.0 -1.0 
135.38 55.23 2.0 -1.0 0.0045983819530997 15.884549170054806 0.7020768264702735 0.022118687192541075 4.2136540552112995 1.0 -1.0 -1.0 -1.0 -1.0 
135.38 55.23 2.0 -1.0 2.7177324827378 9.82028448260482 0.012277470827878693 0.04700221028414979 1.851203866654221 2.0 -1.0 -1.0 -1.0 -1.0 
135.38 55.23 2.0 -1.0 1.795203 45.52295991727658 0.4404173165438359 0.07188573337575849 1.8083963170969248 16.0 -1.0 -1.0 -1.0 -1.0 
135.38 55.23 2.0 -1.0 2.3383394841595853 136.56887975182974 0.5120011389792241 0.06912089747669085 1.1677910689819684 1.0 -1.0 -1.0 -1.0 -1.0 
135.38 55.23 2.0 -1.0 1.3899355261798 34.78757243003404 5.628271480212304 0.02350110514207489 131.74225576417223 32.0 131.93189730245558 32.0 1.3899201197394482 34.81208898885484 
135.38 55.23 2.0 -1.0 1.582278 0.0 2.244063301440265 0.11197585391223919 3.4285713349343063 4.0 -1.0 -1.0 -1.0 -1.0 
135.38 55.23 2.0 -1.0 385.6909919750328 91.04591983455316 1.5668214264876303 0.012441761545804354 12.26265917723561 1.0 -1.0 -1.0 -1.0 -1.0 
135.94 55.23 2.0 -1.0 2.274361 57.20951478722023 0.5046267831325151 0.017971433343939622 39.651677894662065 32.0 39.93458516403394 32.0 2.2743734007235616 57.17683220553193 
135.94 55.23 2.0 -1.0 2.227442025412 61.69920322474286 0.10013826441970505 0.052531882082285056 1.4653861576148506 1.0 -1.0 -1.0 -1.0 -1.0 
135.94 55.23 2.0 -1.0 409.836066 48.475030008767106 0.13740856411831398 0.04285495643554833 0.5655227764818853 1.0 -1.0 -1.0 -1.0 -1.0 
135.94 55.23 2.0 -1.0 0.42118683683774877 90.6917064379572 0.048180165428117296 0.011059343596270537 0.569261762171806 16.0 -1.0 -1.0 -1.0 -1.0 
135.94 55.23 2.0 -1.0 0.07279135971847846 136.0375596569358 0.2805077046772915 0.009676925646736721 2.4775388456651335 32.0 -1.0 -1.0 -1.0 -1.0 
135.94 55.23 2.0 -1.0 0.331159372546 74.76011504299052 6.791773565719267 0.016589015394405805 188.60006847713416 32.0 188.925961957852 32.0 0.33114702091552317 74.58287669995934 
135.94 55.23 2.0 -1.0 0.24832 94.82766184706897 7.575092471847536 0.0884747487701643 13.888241482714138 8.0 15.384664072077108 16.0 0.24835268656412762 94.11407778963662 
135.94 55.23 2.0 -1.0 1.21878672858 114.16053236137097 8.105706589434478 0.016589015394405805 288.7593142408862 32.0 288.75931135196544 32.0 1.218783533355842 114.15126854484957 
135.94 55.23 2.0 -1.0 0.4102676860891 0.0 6.94359142921429 0.013824179495338172 165.10657658437438 32.0 -1.0 -1.0 -1.0 -1.0 
135.94 55.23 2.0 -1.0 15.9235474 45.3458532189786 7.696417685155276 0.01520659744487199 194.3524233516885 16.0 194.35242717757697 16.0 15.923554504600665 45.33667403199699 
137.07 55.23 2.0 -1.0 4.2165396656 117.3723994952811 0.6666262149960813 0.07465056927482613 3.164212003910885 16.0 -1.0 -1.0 -1.0 -1.0 
137.07 55.23 2.0 -1.0 0.772798 94.51886616054725 0.7632877084845537 0.011059343596270537 18.674144183953945 32.0 18.73312120956035 32.0 0.7727976480964572 94.41767158895803 
137.07 55.23 2.0 -1.0 3.2404792414142376 49.44624489375672 0.021440411841405254 0.016589015394405805 1.2979970189482386 1.0 -1.0 -1.0 -1.0 -1.0 
137.07 55.23 2.0 -1.0 5.294087 89.98325647332304 0.14622327330595072 0.016589015394405805 2.6882831447970688 16.0 -1.0 -1.0 -1.0 -1.0 
137.07 55.23 2.0 -1.0 1.5894998973414058 134.97488470998456 0.09965517359035103 0.02350110514207489 1.4486934216078438 1.0 -1.0 -1.0 -1.0 -1.0 
137.07 55.23 2.0 -1.0 426.51934403983 63.350048399235675 3.375614434310193 0.01520659744487199 32.724707055468 1.0 32.724707424078986 1.0 426.51954572647816 63.349906125067236 
137.07 55.23 2.0 -1.0 0.701967086843 36.19038562930979 1.3083130433883792 0.019353851293473442 30.293971560095603 32.0 30.36125559160906 32.0 0.7019783273184051 36.1276621192476 
137.07 55.23 2.0 -1.0 12.342028775005748 66.2253009688153 1.8353815962816797 0.017971433343939622 40.579444683006656 16.0 40.57944476430932 16.0 12.342025001998993 66.18344825206705 
137.07 55.23 2.0 -1.0 1.1964621075 0.0 1.1489629662788923 0.013824179495338172 30.84697174850959 32.0 -1.0 -1.0 -1.0 -1.0 
137.07 55.23 2.0 -1.0 0.01759454949387518 44.99162823666152 3.6648517020634492 0.06497364362808941 0.9772509380125458 16.0 -1.0 -1.0 -1.0 -1.0 
14.53 55.03 2.0 -1.0 147.058824 69.79465656840591 0.02422916423928535 0.013824179495338172 0.7929653180650174 1.0 -1.0 -1.0 -1.0 -1.0 
14.53 55.03 2.0 -1.0 1.06477508236 47.18053707421379 0.6538551491077016 0.03732528463741307 4.352966249635215 16.0 -1.0 -1.0 -1.0 -1.0 
14.53 55.03 2.0 -1.0 0.0011217471065547253 144.2748285428027 0.7272540837450232 0.029030776940210157 2.186894666580419 1.0 -1.0 -1.0 -1.0 -1.0 
14.53 55.03 2.0 -1.0 0.006490675780325397 70.08750128128034 0.019761940299240183 0.013824179495338172 1.1332543243173854 32.0 -1.0 -1.0 -1.0 -1.0 
14.53 55.03 2.0 -1.0 130.38603910501416 0.0 0.06684709031242649 0.09400442056829957 1.2415356338851034 2.0 -1.0 -1.0 -1.0 -1.0 
14.53 55.03 2.0 -1.0 246.55815713199 108.4501586678307 0.011795250557810912 0.019353851293473442 0.9849154955873745 1.0 -1.0 -1.0 -1.0 -1.0 
14.53 55.03 2.0 -1.0 1.864837 216.9003173356614 0.24770763559917114 0.012441761545804354 4.789583699525117 32.0 -1.0 -1.0 -1.0 -1.0 
14.53 55.03 2.0 -1.0 195.694716 325.35047600349213 0.01808946582811853 0.02073626924300726 0.8312740130084999 1.0 -1.0 -1.0 -1.0 -1.0 
14.53 55.03 2.0 -1.0 4.368538167500896 74.54524857725778 5.636053377113842 0.011059343596270537 217.05321784254454 32.0 217.0532113073815 32.0 4.368545584535847 74.58287669995934 
14.53 55.03 2.0 -1.0 1.3104998476363685 53.98104207318667 1.876408245646434 0.02073626924300726 38.416442421158074 32.0 38.63096512820435 32.0 1.3104909157846123 53.93849834610357 
15.08 55.03 2.0 -1.0 2.66608189885 41.46612168591127 0.03785801297873459 0.027648358990676344 1.924080815594746 1.0 -1.0 -1.0 -1.0 -1.0 
15.08 55.03 2.0 -1.0 1.334812202073005 58.95811488727368 0.11473765527464062 0.013824179495338172 1.2138278226884158 8.0 -1.0 -1.0 -1.0 -1.0 
15.08 55.03 2.0 -1.0 1.01726312363 123.25829101295226 0.09462319317574847 0.06082638977948796 2.019206086499839 4.0 -1.0 -1.0 -1.0 -1.0 
15.08 55.03 2.0 -1.0 18.83649089489798 108.56762260733876 0.09442728648786386 0.013824179495338172 0.3567628647626315 2.0 -1.0 -1.0 -1.0 -1.0 
15.08 55.03 2.0 -1.0 0.27344484969650096 217.13524521467752 0.04093183418410041 0.02350110514207489 0.9296801371747638 2.0 -1.0 -1.0 -1.0 -1.0 
15.08 55.03 2.0 -1.0 3.1411201226 325.7028678220163 0.02877702569594295 0.04009012053648069 1.0782542344862132 32.0 -1.0 -1.0 -1.0 -1.0 
15.08 55.03 2.0 -1.0 1.469313 24.658172911417775 2.844103485256103 0.045619792334615966 31.78601387334927 16.0 31.798626326111105 16.0 1.4693190072042248 24.79349361124836 
15.08 55.03 2.0 -1.0 398.837694790884 92.8671743334902 7.2174841460961225 0.11474068981130683 13.945163906908899 1.0 -1.0 -1.0 -1.0 -1.0 
15.08 55.03 2.0 -1.0 1.127887471217 109.51225538730061 1.6987247418078029 0.013824179495338172 51.23532877332093 32.0 51.488121531381495 32.0 1.1278946961586676 109.49616362192133 
15.08 55.03 2.0 -1.0 0.0021345519190796537 0.0 1.8481051304768321 0.013824179495338172 2.2334072608326405 1.0 -1.0 -1.0 -1.0 -1.0 
15.19 53.86 2.0 -1.0 1.498159748737 73.97656182710234 0.24195710181010072 0.026265941041142528 0.8429114054717074 1.0 -1.0 -1.0 -1.0 -1.0 
15.19 53.86 2.0 -1.0 253.628279 37.235281119985565 0.012474110904895277 0.07741540517389377 1.9319099068230257 2.0 -1.0 -1.0 -1.0 -1.0 
15.19 53.86 2.0 -1.0 6.280644351360491 76.57006399466353 0.025324469357735295 0.016589015394405805 1.3824648085933524 8.0 -1.0 -1.0 -1.0 -1.0 
15.19 53.86 2.0 -1.0 1.6226634697651 57.24229784117184 0.010722672220103232 0.024883523091608708 0.5327349375868797 2.0 -1.0 -1.0 -1.0 -1.0 
15.19 53.86 2.0 -1.0 13.39141661 146.2549972349682 0.5482440125568449 0.006912089747669086 15.712417338923295 8.0 15.86847685338822 8.0 13.391399988904597 146.2310133398117 
15.19 53.86 2.0 -1.0 0.618723247886 205.81292201146252 0.046255834094871634 0.019353851293473445 0.9299717031271731 1.0 -1.0 -1.0 -1.0 -1.0 
15.19 53.86 2.0 -1.0 1.35421422194 308.71938301719376 0.03677532806403433 0.06220880772902178 1.725439980381824 2.0 -1.0 -1.0 -1.0 -1.0 
15.19 53.86 2.0 -1.0 9.93255637407 44.92316254525622 2.8976518526871895 0.017971433343939622 66.6345778447179 32.0 66.745399359282 32.0 9.932561321572091 44.93188229956846 
15.19 53.86 2.0 -1.0 0.453891 0.0 1.8328474204317418 0.016589015394405805 19.464463427528035 32.0 -1.0 -1.0 -1.0 -1.0 
15.19 53.86 2.0 -1.0 0.724541971 102.90646100573126 2.9644709215878002 0.02488352309160871 46.823979939112704 32.0 46.89847666045509 32.0 0.7245337959223738 103.12069383617174 
15.64 55.03 2.0 -1.0 156.599195693311 63.48356109213824 0.1488734599008061 0.020736269243007255 0.5305618263452048 1.0 -1.0 -1.0 -1.0 -1.0 
15.64 55.03 2.0 -1.0 0.801089 109.91427038602876 0.08507324120391956 0.06359122567855559 1.5890972087418285 1.0 -1.0 -1.0 -1.0 -1.0 
15.64 55.03 2.0 -1.0 0.970346 0.0 0.2634159475634402 0.10644618211410392 1.5129955036039255 8.0 -1.0 -1.0 -1.0 -1.0 
15.64 55.03 2.0 -1.0 1.57618 108.6752486492536 0.314159151265845 0.04976704618321742 0.6166012622722659 8.0 -1.0 -1.0 -1.0 -1.0 
15.64 55.03 2.0 -1.0 0.0039513335998734465 326.0257459477608 0.022878942329845036 0.017971433343939622 1.0518694174893364 16.0 -1.0 -1.0 -1.0 -1.0 
15.64 55.03 2.0 -1.0 23.057654430953995 137.6292302875786 1.24999907309771 0.013824179495338172 16.959823009483774 8.0 16.959823504327 8.0 23.057630945307515 137.62918902570516 
15.64 55.03 2.0 -1.0 0.7310895701613709 61.62502848697549 2.9460962052327924 0.08294507697202903 15.020947567079467 8.0 15.06443484211216 8.0 0.731112474265198 61.933135061567334 
15.64 55.03 2.0 -1.0 0.1423857038953062 91.10070348815317 1.4174741629268062 0.019353851293473442 18.659938067992506 32.0 19.89708943481153 32.0 0.14239655380758148 91.28053566263681 
15.64 55.03 2.0 -1.0 28.224759634040677 62.6032035423243 8.033235319613656 0.012441761545804354 201.13289671120538 16.0 201.19761366000245 16.0 28.22477351098011 62.64152059331728 
15.64 55.03 2.0 -1.0 0.9319943359 217.3504972985072 7.2926654131761595 0.056679135930886505 51.041175133539234 16.0 51.475712084459914 16.0 0.9319895373967787 217.57555618034272 
155.71 56.42 2.0 -1.0 2.8936595854908 24.317382203613974 0.02316522291218108 0.03456044873834543 0.7763500297153829 16.0 -1.0 -1.0 -1.0 -1.0 
155.71 56.42 2.0 -1.0 0.03110692935198607 20.60732842330429 0.4398092168823045 0.017971433343939622 2.306688734545668 1.0 -1.0 -1.0 -1.0 -1.0 
155.71 56.42 2.0 -1.0 0.002115023153604762 7.787439618075775 0.11000290147540624 0.07326815132529232 2.4076939089631084 1.0 -1.0 -1.0 -1.0 -1.0 
155.71 56.42 2.0 -1.0 252.67407210877 76.39282354901691 0.5084761966519021 0.10921101801317155 1.5328303435280275 1.0 -1.0 -1.0 -1.0 -1.0 
155.71 56.42 2.0 -1.0 109.99844724197537 53.96107924034581 0.7015919679774667 0.017971433343939622 5.242626886855798 2.0 -1.0 -1.0 -1.0 -1.0 
155.71 56.42 2.0 -1.0 0.742167900236 81.62118316681307 0.06717113988391868 0.013824179495338172 2.035387206833819 16.0 -1.0 -1.0 -1.0 -1.0 
155.71 56.42 2.0 -1.0 2.27174930502 122.4317747502196 0.2471947847766056 0.016589015394405805 2.566428721168911 1.0 -1.0 -1.0 -1.0 -1.0 
155.71 56.42 2.0 -1.0 0.0021443838166475015 120.63184766868322 3.375614434310193 0.012441761545804354 6.991810782922279 8.0 -1.0 -1.0 -1.0 -1.0 
155.71 56.42 2.0 -1.0 0.004252814799581741 0.0 3.8358214714603345 0.031795612839277794 3.4827205905068874 16.0 -1.0 -1.0 -1.0 -1.0 
155.71 56.42 2.0 -1.0 3.100775 40.810591583406534 1.8341140706762948 0.06082638977948796 15.087151717888906 8.0 15.108159679766734 8.0 3.1007706032445035 40.883964975283 
156.87 56.42 2.0 -1.0 184.614253 49.91672931069371 0.0776048723514451 0.013824179495338172 0.6524479052015584 2.0 -1.0 -1.0 -1.0 -1.0 
156.87 56.42 2.0 -1.0 0.2015142891 117.70698605579985 0.2581910561960041 0.011059343596270537 3.090064925780812 16.0 -1.0 -1.0 -1.0 -1.0 
156.87 56.42 2.0 -1.0 0.0025418332638687128 0.0 0.42870960754281573 0.024883523091608708 1.005455207198381 1.0 -1.0 -1.0 -1.0 -1.0 
156.87 56.42 2.0 -1.0 0.002361643206703525 40.60836192153824 0.8625684705825069 0.011059343596270537 4.541877346801042 1.0 -1.0 -1.0 -1.0 -1.0 
156.87 56.42 2.0 -1.0 0.701967086843 81.21672384307648 0.0807217742540839 0.016589015394405805 1.8341255124783202 32.0 -1.0 -1.0 -1.0 -1.0 
156.87 56.42 2.0 -1.0 0.2015142891 121.82508576461471 0.013092171966844394 0.03317803078881161 3.0911222956943956 16.0 -1.0 -1.0 -1.0 -1.0 
156.87 56.42 2.0 -1.0 265.8152125688832 47.33377919747256 1.653567173740338 0.017971433343939622 12.960828061574073 1.0 12.960828204487525 1.0 265.81498483816785 47.360632694139724 
156.87 56.42 2.0 -1.0 0.25640622895786946 66.30384205730905 2.0357801389985517 0.013824179495338172 60.95351463114353 32.0 61.25871359214787 32.0 0.2564168729198476 66.99303171692412 
156.87 56.42 2.0 -1.0 0.003302992313449221 4.373957974747142 2.6579233608580393 0.015206597444871989 3.5891929236274818 32.0 -1.0 -1.0 -1.0 -1.0 
156.87 56.42 2.0 -1.0 0.025529235825387523 116.11091782546036 3.5330909349505513 0.02073626924300726 11.869741092611415 32.0 11.869740787792251 32.0 0.025526484629760187 113.13928921377821 
158.39 55.25 2.0 -1.0 18.90166 30.743547659433247 0.3037024146099722 0.03732528463741306 4.208842797330143 8.0 -1.0 -1.0 -1.0 -1.0 
158.39 55.25 2.0 -1.0 24.009604 61.5353962578444 0.5577950391413088 0.019353851293473442 8.083114014980021 4.0 8.08311402049204 4.0 24.009689999123417 61.52834332913878 
158.39 55.25 2.0 -1.0 4.1785550317 56.45172243042044 0.26579233608580394 0.022118687192541075 7.325647918481514 16.0 7.92173216715939 16.0 4.1785824578255415 56.2660508075677 
158.39 55.25 2.0 -1.0 3.18414434133 47.32284496359737 0.25289502973203115 0.02350110514207489 3.4606450843143026 32.0 -1.0 -1.0 -1.0 -1.0 
158.39 55.25 2.0 -1.0 223.2232854038148 32.50653193212659 0.019236604356197163 0.030413194889743977 1.4744810422792674 2.0 -1.0 -1.0 -1.0 -1.0 
158.39 55.25 2.0 -1.0 0.61894065595 13.717466669723555 0.04017541726172728 0.020736269243007255 2.555307072176649 8.0 -1.0 -1.0 -1.0 -1.0 
158.39 55.25 2.0 -1.0 2.698764 0.0 0.039188560946779236 0.019353851293473442 0.8768595658011807 1.0 -1.0 -1.0 -1.0 -1.0 
158.39 55.25 2.0 -1.0 0.003364269329216067 40.24675740333504 0.06216978392254384 0.026265941041142528 3.605217597042666 1.0 -1.0 -1.0 -1.0 -1.0 
158.39 55.25 2.0 -1.0 0.6457791716938079 80.49351480667008 0.6400009491490016 0.02211868719254107 11.12404686901166 32.0 11.155922526466648 32.0 0.6457715547488382 80.55355475328038 
158.39 55.25 2.0 -1.0 0.004577298591068276 120.74027221000512 0.24447745947558114 0.01520659744487199 3.5053800639987562 1.0 -1.0 -1.0 -1.0 -1.0 
16.76 55.03 2.0 -1.0 486.154230881221 63.59927178822499 0.11545327069384025 0.06220880772902177 1.3656257007606583 1.0 -1.0 -1.0 -1.0 -1.0 
16.76 55.03 2.0 -1.0 2.515150138446 156.07463821476065 0.7333081784913691 0.016589015394405805 12.631125044946854 32.0 12.76510236297807 32.0 2.515146964772915 155.94601491809684 
16.76 55.03 2.0 -1.0 0.1323466 108.8733296713682 0.07383917380647688 0.06635606157762322 1.6887945945261023 2.0 -1.0 -1.0 -1.0 -1.0 
16.76 55.03 2.0 -1.0 0.45630888762 217.7466593427364 0.013922408471454342 0.04700221028414978 2.434683385423024 32.0 -1.0 -1.0 -1.0 -1.0 
16.76 55.03 2.0 -1.0 429.184549 326.6199890141046 0.021859184887200275 0.038707702586946884 -0.24308159094358872 1.0 -1.0 -1.0 -1.0 -1.0 
16.76 55.03 2.0 -1.0 0.80130712057 200.7607213202007 6.670869092409146 0.058061553880420315 51.91868534015146 16.0 52.199998138178024 16.0 0.801325465242068 200.675501351451 
16.76 55.03 2.0 -1.0 0.8026608259746 115.04706483725137 1.0216471553317565 0.01520659744487199 24.50360038418887 32.0 24.790845077303462 32.0 0.8026593908046683 114.96085200970668 
16.76 55.03 2.0 -1.0 5.7291241736163805 28.059463002611846 3.0496389432454394 0.013824179495338174 85.9309895741388 32.0 86.93170770007922 32.0 5.729119341898089 28.031827470676713 
16.76 55.03 2.0 -1.0 0.7790225779 98.51844053070701 2.487365314604511 0.031795612839277794 31.480556655925056 16.0 32.201964913143556 16.0 0.7790125285585722 98.46558891324348 
16.76 55.03 2.0 -1.0 3.5852282245022074 0.0 2.562364236117258 0.06773847952715704 6.791757252913717 8.0 -1.0 -1.0 -1.0 -1.0 
169.02 56.43 2.0 -1.0 0.3652624619393678 89.05389873683993 0.019343214725462587 0.027648358990676348 1.26700537538734 1.0 -1.0 -1.0 -1.0 -1.0 
169.02 56.43 2.0 -1.0 2.996958107478261 40.05731070330498 0.23715784958474712 0.029030776940210157 2.542588596750142 8.0 -1.0 -1.0 -1.0 -1.0 
169.02 56.43 2.0 -1.0 0.288597141714 25.60255768697235 0.022193951030734772 0.016589015394405805 1.447037268080436 1.0 -1.0 -1.0 -1.0 -1.0 
169.02 56.43 2.0 -1.0 88.63067025815513 90.05883710337558 0.03333897897859852 0.03456044873834543 0.993469698032497 2.0 -1.0 -1.0 -1.0 -1.0 
169.02 56.43 2.0 -1.0 1.555307 0.0 0.2634159475634402 0.08985716671969811 0.372894373756474 4.0 -1.0 -1.0 -1.0 -1.0 
169.02 56.43 2.0 -1.0 0.026607250597988085 38.94720436817838 0.03669918888002356 0.026265941041142528 2.7382024065153594 4.0 -1.0 -1.0 -1.0 -1.0 
169.02 56.43 2.0 -1.0 316.48368670253 116.84161310453516 0.13627413729677892 0.006912089747669087 1.0368188617424423 1.0 -1.0 -1.0 -1.0 -1.0 
169.02 56.43 2.0 -1.0 0.01719488041013931 26.993111938341453 1.6040596785870795 0.006912089747669086 7.707336351900784 32.0 -1.0 -1.0 -1.0 -1.0 
169.02 56.43 2.0 -1.0 5.8086556360048 51.25185669331845 2.251828199773005 0.011059343596270537 84.79836531701208 32.0 84.96093511028528 32.0 5.808669811813161 51.30735208531804 
169.02 56.43 2.0 -1.0 2.3427772328 77.89440873635677 1.911736987624171 0.07603298722435994 8.434449959085239 4.0 9.687910565881245 8.0 2.342858351767063 77.82121055938771 
17.32 55.03 2.0 -1.0 2.06222270715 77.27926680004005 0.10118135941650402 0.03317803078881161 0.8217985397872388 2.0 -1.0 -1.0 -1.0 -1.0 
17.32 55.03 2.0 -1.0 3.0666178824950348 158.22291881667812 0.07496999618546879 0.019353851293473442 2.0452292024284002 8.0 -1.0 -1.0 -1.0 -1.0 
17.32 55.03 2.0 -1.0 0.634563531429 58.59744574041987 0.031156549511556473 0.026265941041142528 0.7894956173932669 8.0 -1.0 -1.0 -1.0 -1.0 
17.32 55.03 2.0 -1.0 137.7782525504162 59.742566120606746 0.03207381464353671 0.017971433343939625 0.20118449072601444 2.0 -1.0 -1.0 -1.0 -1.0 
17.32 55.03 2.0 -1.0 35.662175932705 60.56050924931166 0.05063728905905742 0.016589015394405805 1.958829177286927 1.0 -1.0 -1.0 -1.0 -1.0 
17.32 55.03 2.0 -1.0 0.358562007983 33.24120875056761 0.16185305906356484 0.03456044873834543 0.8997510741842798 2.0 -1.0 -1.0 -1.0 -1.0 
17.32 55.03 2.0 -1.0 5.250105943146989 0.0 0.04237041388009732 0.022118687192541075 0.5841740142946108 1.0 -1.0 -1.0 -1.0 -1.0 
17.32 55.03 2.0 -1.0 3.346415259444355 109.04817791893883 0.552807921196648 0.04423737438508215 3.194993135902379 8.0 -1.0 -1.0 -1.0 -1.0 
17.32 55.03 2.0 -1.0 1.5462713682502525 218.09635583787767 0.015831422964399676 0.01520659744487199 1.5612241969843976 8.0 -1.0 -1.0 -1.0 -1.0 
17.32 55.03 2.0 -1.0 0.396239 327.1445337568165 0.19064614273734584 0.06773847952715704 2.1797691427286088 1.0 -1.0 -1.0 -1.0 -1.0 
17.88 55.03 2.0 -1.0 2.820474141608 86.34716393237187 0.02608805156199015 0.006912089747669087 2.270207016147848 4.0 -1.0 -1.0 -1.0 -1.0 
17.88 55.03 2.0 -1.0 1.636554 32.86763014199961 0.5574098225214513 0.045619792334615966 5.07588725360522 8.0 -1.0 -1.0 -1.0 -1.0 
17.88 55.03 2.0 -1.0 0.02307439124125024 71.86312353081271 0.035551267203640914 0.038707702586946884 0.6706263018795685 16.0 -1.0 -1.0 -1.0 -1.0 
17.88 55.03 2.0 -1.0 2.7337872008546404 53.67614972342509 0.09890073518198203 0.013824179495338172 0.37168560356055313 32.0 -1.0 -1.0 -1.0 -1.0 
17.88 55.03 2.0 -1.0 0.813613 60.59047670244994 0.3984373436262631 0.04147253848601452 2.493462889520452 1.0 -1.0 -1.0 -1.0 -1.0 
17.88 55.03 2.0 -1.0 3.63362703526 0.0 0.2262744216607843 0.015206597444871989 2.3623484773738133 32.0 -1.0 -1.0 -1.0 -1.0 
17.88 55.03 2.0 -1.0 4.39777931 218.44030162170432 0.04093183418410041 0.031795612839277794 3.042895173200942 32.0 -1.0 -1.0 -1.0 -1.0 
17.88 55.03 2.0 -1.0 1.7505409271745818 327.6604524325565 0.7079213307799325 0.009676925646736721 25.246596461143568 32.0 25.413099635482627 32.0 1.7505347689924142 327.5777094677997 
17.88 55.03 2.0 -1.0 3.01978 50.23537089500041 1.4501607341826344 0.02073626924300726 30.86852540022786 32.0 31.00925650109618 32.0 3.019795258296654 50.29537275424667 
17.88 55.03 2.0 -1.0 1.987795 109.22015081085216 1.7989765511541298 0.045619792334615966 15.501921845673124 16.0 16.031202131884882 16.0 1.9877916201949122 109.29376775570705 
173.65 56.43 2.0 -1.0 45.102610653564696 13.83252059786579 0.2867779491143187 0.08432749492156286 1.8992979961184122 2.0 -1.0 -1.0 -1.0 -1.0 
173.65 56.43 2.0 -1.0 204.55934656546316 45.46458066071105 0.035526715283987924 0.06082638977948796 0.49706242171036075 1.0 -1.0 -1.0 -1.0 -1.0 
173.65 56.43 2.0 -1.0 12.285441161466956 91.90067614602137 0.2546481902546703 0.03732528463741307 2.1141903922104013 8.0 -1.0 -1.0 -1.0 -1.0 
173.65 56.43 2.0 -1.0 0.014111716139277362 27.45685944760316 0.2406235522250666 0.10091651031596865 1.9468000267477112 8.0 -1.0 -1.0 -1.0 -1.0 
173.65 56.43 2.0 -1.0 0.81742601326 38.54832036177816 0.3822594545999752 0.011059343596270537 9.5942602641548 32.0 9.622234109108632 32.0 0.8174235214634489 38.86000631314029 
173.65 56.43 2.0 -1.0 0.02850604555160601 77.09664072355632 0.10856843319584761 0.009676925646736721 2.779457079599822 8.0 -1.0 -1.0 -1.0 -1.0 
173.65 56.43 2.0 -1.0 0.3737524374439566 80.87860914788918 8.661512956629936 0.03041319488974398 126.70880373048092 32.0 127.43616538120101 32.0 0.37374168944855535 81.56553408435174 
173.65 56.43 2.0 -1.0 0.764175 93.6817866577867 1.4693210878159408 0.02073626924300726 34.39940724953895 32.0 34.39940841954951 32.0 0.7641877649196734 93.70928605720809 
173.65 56.43 2.0 -1.0 0.878622905444995 0.0 3.592158867031385 0.07741540517389377 7.857369078281788 8.0 -1.0 -1.0 -1.0 -1.0 
173.65 56.43 2.0 -1.0 4.279869765973 115.64496108533447 1.4273006104727985 0.022118687192541075 9.141478700070595 2.0 9.141478865292312 2.0 4.279718268662691 108.5853822239571 
174.81 56.43 2.0 -1.0 1.18994040124844 70.21639481143828 0.068625203982797 0.016589015394405805 2.0028861959873017 8.0 -1.0 -1.0 -1.0 -1.0 
174.81 56.43 2.0 -1.0 269.687163 32.98671683998767 0.2429621118496883 0.01520659744487199 0.2212993903763591 1.0 -1.0 -1.0 -1.0 -1.0 
174.81 56.43 2.0 -1.0 0.3211609168549823 38.428775682516225 0.736862980950253 0.035942866687879244 3.6470074436132585 16.0 -1.0 -1.0 -1.0 -1.0 
174.81 56.43 2.0 -1.0 44.895817333942624 39.15515218056559 4.073436927058742 0.03456044873834543 40.26453347369272 8.0 40.2645326705645 8.0 44.89581139447789 39.163600112461694 
174.81 56.43 2.0 -1.0 0.03363455717906837 43.478821811811784 3.801526268472719 0.012441761545804354 36.16932832463255 32.0 -1.0 -1.0 -1.0 -1.0 
174.81 56.43 2.0 -1.0 1.56246161188 20.200184517182244 5.095311235830817 0.04285495643554833 -inf 1.0 -1.0 -1.0 -1.0 -1.0 
174.81 56.43 2.0 -1.0 0.0068902549872972155 81.64241242361157 8.100108739552656 0.06497364362808941 4.0717876254700185 8.0 -1.0 -1.0 -1.0 -1.0 
174.81 56.43 2.0 -1.0 0.859107 0.0 3.410776682707007 0.08432749492156286 5.322345839862809 8.0 -1.0 -1.0 -1.0 -1.0 
174.81 56.43 2.0 -1.0 6.59709182778 76.85755136503245 3.690257789846957 0.017971433343939622 99.99121291746437 32.0 100.25975729262545 32.0 6.5970804522900535 76.80923122831634 
174.81 56.43 2.0 -1.0 0.827339092144 115.28632704754867 1.8002197938065532 0.027648358990676344 12.327365161775388 16.0 12.327364712043275 16.0 0.8273370137127738 108.38298635774281 
18.43 55.03 2.0 -1.0 0.5348799301340531 55.17068127909668 0.017199806154973397 0.017971433343939625 1.0338779518816608 1.0 -1.0 -1.0 -1.0 -1.0 
18.43 55.03 2.0 -1.0 1.952192814966 9.58348538578003 0.032949724307776485 0.11197585391223919 0.3865383246695997 1.0 -1.0 -1.0 -1.0 -1.0 
18.43 55.03 2.0 -1.0 28.107357409599 147.82198006011387 0.9774600356461515 0.01520659744487199 8.122820517963657 4.0 8.399169062375401 4.0 28.10726679551105 147.74898233641878 
18.43 55.03 2.0 -1.0 3.4672047206 82.80525215179115 0.049257146235465336 0.024883523091608708 2.3886727743694465 32.0 -1.0 -1.0 -1.0 -1.0 
18.43 55.03 2.0 -1.0 5.486065 223.04577630740096 0.17295128471299193 0.04009012053648069 1.059522417139704 8.0 -1.0 -1.0 -1.0 -1.0 
18.43 55.03 2.0 -1.0 2.274361 115.00182462936036 0.05846240640937591 0.02350110514207489 1.9347775186865896 2.0 -1.0 -1.0 -1.0 -1.0 
18.43 55.03 2.0 -1.0 0.0040061858478016125 0.0 0.22847352570395624 0.027648358990676344 1.5072116704508844 16.0 -1.0 -1.0 -1.0 -1.0 
18.43 55.03 2.0 -1.0 6.107714243738 109.3895780507015 0.721249970799335 0.045619792334615966 4.535389754865507 8.0 -1.0 -1.0 -1.0 -1.0 
18.43 55.03 2.0 -1.0 1.10742 218.779156101403 0.374936219222589 0.024883523091608708 2.9468441924307376 16.0 -1.0 -1.0 -1.0 -1.0 
18.43 55.03 2.0 -1.0 0.0386064318053542 328.1687341521045 0.2250273073630341 0.012441761545804354 1.7872394203848339 16.0 -1.0 -1.0 -1.0 -1.0 
18.99 55.03 2.0 -1.0 2.76203446627 202.30068531696656 0.966047542040352 0.02350110514207489 15.734480354877807 16.0 15.857293103716145 16.0 2.762014143324147 202.29466828116517 
18.99 55.03 2.0 -1.0 0.004949232032673308 28.529162445999507 0.06360340234416484 0.011059343596270536 2.8081151053904514 8.0 -1.0 -1.0 -1.0 -1.0 
18.99 55.03 2.0 -1.0 1.2288412978165664 20.34510547704343 0.4654433038693023 0.012441761545804354 13.415590504381479 32.0 13.53890270646079 32.0 1.2288486080554626 20.138388688320095 
18.99 55.03 2.0 -1.0 4.4291820318041 109.54803966879764 0.17152342191960426 0.013824179495338172 1.4642114667550643 32.0 -1.0 -1.0 -1.0 -1.0 
18.99 55.03 2.0 -1.0 0.5218245 219.09607933759528 0.22239996444081098 0.056679135930886505 0.9455016932464602 1.0 -1.0 -1.0 -1.0 -1.0 
18.99 55.03 2.0 -1.0 426.51934403983 328.64411900639294 0.03654738309850336 0.03317803078881161 1.3742995900570374 1.0 -1.0 -1.0 -1.0 -1.0 
18.99 55.03 2.0 -1.0 3.7414393324491 49.17007721107749 1.024474257441211 0.031795612839277794 11.603385119155556 16.0 11.603384307805472 16.0 3.741418671173354 49.182195490068175 
18.99 55.03 2.0 -1.0 205.22225531037 181.98844753859365 3.7158400018911237 0.022118687192541075 22.305280386702524 1.0 22.305280550207705 1.0 205.22177995493016 181.9538837266308 
18.99 55.03 2.0 -1.0 0.001341933801856741 161.38040047218615 5.252572277723245 0.02488352309160871 5.509197982682215 2.0 -1.0 -1.0 -1.0 -1.0 
18.99 55.03 2.0 -1.0 0.664187 0.0 9.19171054608519 0.07603298722435994 10.777345116775791 16.0 -1.0 -1.0 -1.0 -1.0 
181.98 55.26 2.0 -1.0 0.654397111 14.991124534482694 0.1252592424949464 0.02073626924300726 2.278409718526463 32.0 -1.0 -1.0 -1.0 -1.0 
181.98 55.26 2.0 -1.0 12.6998621581 40.31122418120309 0.2985021714522505 0.016589015394405805 3.6034374915543435 16.0 -1.0 -1.0 -1.0 -1.0 
181.98 55.26 2.0 -1.0 100.80135882925016 59.80645917446485 0.08703500716290852 0.016589015394405805 1.482604840549959 2.0 -1.0 -1.0 -1.0 -1.0 
181.98 55.26 2.0 -1.0 0.03721287955679095 18.727617170712943 0.028796913017838353 0.03041319488974398 1.783075165682221 8.0 -1.0 -1.0 -1.0 -1.0 
181.98 55.26 2.0 -1.0 0.685533 55.57327265305595 0.013301860569649207 0.04009012053648069 2.1995917149974256 8.0 -1.0 -1.0 -1.0 -1.0 
181.98 55.26 2.0 -1.0 0.00820494416964135 37.624561802282244 0.16387830076108614 0.12165277955897592 1.1809275001502706 8.0 -1.0 -1.0 -1.0 -1.0 
181.98 55.26 2.0 -1.0 282.535701428469 75.24912360456449 0.17463215463497664 0.04147253848601452 0.3311827375414364 1.0 -1.0 -1.0 -1.0 -1.0 
181.98 55.26 2.0 -1.0 0.821629025162 112.87368540684673 0.08978324947588143 0.056679135930886505 1.0359031970675998 2.0 -1.0 -1.0 -1.0 -1.0 
181.98 55.26 2.0 -1.0 98.96535646146744 82.76726286658668 4.841372476313745 0.02626594104114253 34.24649834981045 2.0 34.24649845815715 2.0 98.96563521275918 82.77990928163737 
181.98 55.26 2.0 -1.0 3.46801177677 0.0 7.755127795831871 0.027648358990676344 139.6707911609125 32.0 -1.0 -1.0 -1.0 -1.0 
182.54 55.26 2.0 -1.0 0.785012 40.3004056208399 0.010041536703492851 0.03456044873834543 1.0904606058428088 1.0 -1.0 -1.0 -1.0 -1.0 
182.54 55.26 2.0 -1.0 31.953380185111733 19.1460773624203 0.19343214725462585 0.01520659744487199 1.0027931440324545 4.0 -1.0 -1.0 -1.0 -1.0 
182.54 55.26 2.0 -1.0 0.001431107536828458 26.49086013374359 0.2921773626975146 0.015206597444871989 1.1998087940840065 2.0 -1.0 -1.0 -1.0 -1.0 
182.54 55.26 2.0 -1.0 57.80624908500715 49.664721596566984 0.33639744242527675 0.022118687192541075 1.1262459393836375 4.0 -1.0 -1.0 -1.0 -1.0 
182.54 55.26 2.0 -1.0 2.721551083248 58.11517059153033 0.029726742058157247 0.006912089747669086 2.3272423881565847 16.0 -1.0 -1.0 -1.0 -1.0 
182.54 55.26 2.0 -1.0 0.0016502206479446465 0.0 0.5008065115563315 0.022118687192541075 0.871597305053775 2.0 -1.0 -1.0 -1.0 -1.0 
182.54 55.26 2.0 -1.0 1.22352355821 37.60393391216669 0.4814689191514564 0.03041319488974398 5.6291025306581055 16.0 -1.0 -1.0 -1.0 -1.0 
182.54 55.26 2.0 -1.0 10.78643292 75.20786782433338 0.8246917104001704 0.03041319488974398 10.022729750635413 8.0 10.022729485996049 8.0 10.786485897066694 75.19006429860217 
182.54 55.26 2.0 -1.0 1.37333511678 112.81180173650006 0.041301097859493346 0.006912089747669086 1.1770818683490218 8.0 -1.0 -1.0 -1.0 -1.0 
182.54 55.26 2.0 -1.0 0.0018426428931229803 9.691502919457301 1.098510166047577 0.038707702586946884 1.219200889523834 2.0 -1.0 -1.0 -1.0 -1.0 
19.55 55.03 2.0 -1.0 3.207184 27.167966613754015 0.0451196203330497 0.07188573337575849 0.7962176156718527 2.0 -1.0 -1.0 -1.0 -1.0 
19.55 55.03 2.0 -1.0 0.0015833605930140066 34.54448118524601 0.5278034774114226 0.008294507697202903 5.5501877067317285 2.0 -1.0 -1.0 -1.0 -1.0 
19.55 55.03 2.0 -1.0 1.3012367996509 41.03186230392424 0.4702916161939979 0.013824179495338172 11.29658803093983 32.0 11.744526328752322 32.0 1.3012443863165877 41.18755877460441 
19.55 55.03 2.0 -1.0 0.499765 0.0 0.08941186207550403 0.017971433343939622 0.6726698457746434 1.0 -1.0 -1.0 -1.0 -1.0 
19.55 55.03 2.0 -1.0 0.909379126021 109.75858511956623 0.09627163549856319 0.013824179495338172 3.000919821789783 8.0 -1.0 -1.0 -1.0 -1.0 
19.55 55.03 2.0 -1.0 173.708218965958 219.51717023913247 0.892884079763517 0.04423737438508214 2.086453365720705 1.0 -1.0 -1.0 -1.0 -1.0 
19.55 55.03 2.0 -1.0 128.25813729784 329.2757553586987 0.0831556933797168 0.09400442056829957 0.717863482043934 1.0 -1.0 -1.0 -1.0 -1.0 
19.55 55.03 2.0 -1.0 2.015344 18.704733377711854 1.1803402058496175 0.026265941041142528 18.249846962179138 32.0 18.52539940771935 32.0 2.0153493096586317 18.721617624820187 
19.55 55.03 2.0 -1.0 1.18486164335 128.66090370901446 5.850280880215022 0.038707702586946884 62.3191907177094 16.0 66.00233215475464 32.0 1.1848593809797119 128.82496884538432 
19.55 55.03 2.0 -1.0 4.61936868862 179.17685617628555 4.929118702665705 0.024883523091608708 96.77953984830822 32.0 96.96134573028496 32.0 4.619353906794762 179.22153953273815 
194.48 56.43 2.0 -1.0 17.485862788642 40.54241858026138 0.037649358067924674 0.019353851293473442 1.8587217287065796 2.0 -1.0 -1.0 -1.0 -1.0 
194.48 56.43 2.0 -1.0 0.022968596257459013 78.9079123875998 0.032029529200852905 0.009676925646736721 1.9695309442002444 1.0 -1.0 -1.0 -1.0 -1.0 
194.48 56.43 2.0 -1.0 155.2642352611918 61.05488499728818 0.44747118751276277 0.0027648358990676344 11.11105080057904 1.0 11.11105110391355 1.0 155.26408484826487 61.022353663603106 
194.48 56.43 2.0 -1.0 3.26978936174 0.0 0.7471147983930847 0.012441761545804354 20.188949413924323 32.0 -1.0 -1.0 -1.0 -1.0 
194.48 56.43 2.0 -1.0 0.922923422192 74.80093059950799 0.20957145722768147 0.03732528463741307 1.4784750085697045 4.0 -1.0 -1.0 -1.0 -1.0 
194.48 56.43 2.0 -1.0 9.410971404024096 54.34457049106169 1.7865912494267449 0.03041319488974398 27.540202822294624 16.0 27.84442458916009 16.0 9.410966110105317 54.343290078532114 
194.48 56.43 2.0 -1.0 212.765957 11.82720984876709 8.373215895525812 0.060826389779487955 30.646248087252385 2.0 30.646247764967566 2.0 212.7659778731565 11.840158173534931 
194.48 56.43 2.0 -1.0 1.330601 49.59797678515232 2.0856043462141063 0.08294507697202903 5.41530250116474 8.0 6.230995219225807 8.0 1.3306513816739123 51.30735208531804 
194.48 56.43 2.0 -1.0 342.465753 37.400465299753996 6.516004838727284 0.05529671798135269 27.747008101121516 1.0 27.747008198555697 1.0 342.4657431120674 37.443235249640374 
194.48 56.43 2.0 -1.0 1.143 112.201395899262 6.234182015477381 0.029030776940210157 76.02546569258949 16.0 76.02546553061232 16.0 1.1429923082080982 106.86501736113578 
195.06 56.43 2.0 -1.0 1.15226 36.55602261335043 0.02797336257603725 0.022118687192541075 1.4136367182847827 32.0 -1.0 -1.0 -1.0 -1.0 
195.06 56.43 2.0 -1.0 0.6890079310895 97.17977650528792 0.3218479632114377 0.012441761545804354 4.992107033064244 32.0 -1.0 -1.0 -1.0 -1.0 
195.06 56.43 2.0 -1.0 1.46195913357 65.45974092273984 0.5159068058447316 0.022118687192541075 11.35665753709989 16.0 11.376284661422439 32.0 1.461952100119864 65.4750627203171 
195.06 56.43 2.0 -1.0 1.88704458069 1.4362096054354987 0.03682617525797668 0.008294507697202903 1.3878920303982811 32.0 -1.0 -1.0 -1.0 -1.0 
195.06 56.43 2.0 -1.0 1.713648107847 65.44852053519737 0.4124407198270377 0.015206597444871989 6.359068603651515 16.0 6.489128175511136 32.0 1.7136396005904924 65.67745858653136 
195.06 56.43 2.0 -1.0 1.70068 112.19265503710587 0.010280191389284826 0.006912089747669085 1.2258365911488218 8.0 -1.0 -1.0 -1.0 -1.0 
195.06 56.43 2.0 -1.0 141.63006751692097 40.84221065457199 5.281682335805868 0.02073626924300726 49.31887600231756 2.0 49.31887639904484 2.0 141.629910406967 40.883964975283 
195.06 56.43 2.0 -1.0 0.2785177904653875 0.0 1.9940221259603996 0.02350110514207489 19.84651633246474 32.0 -1.0 -1.0 -1.0 -1.0 
195.06 56.43 2.0 -1.0 2.12042426647 37.39755167903529 6.67547921863847 0.05529671798135269 64.1264551498752 16.0 65.78106546321605 32.0 2.120426264203464 37.443235249640374 
195.06 56.43 2.0 -1.0 5.0214063292 74.79510335807058 2.7494379596855727 0.07465056927482613 17.322565030008445 8.0 17.52716801840563 8.0 5.021380881468455 74.88647049928075 
2.24 55.03 2.0 -1.0 59.665418222544 83.67450904421601 0.8448754276301367 0.013824179495338172 6.458410725396272 8.0 -1.0 -1.0 -1.0 -1.0 
2.24 55.03 2.0 -1.0 8.389566016290832 57.315385048864165 0.23261443611725988 0.18524400523753148 0.6818519293032063 1.0 -1.0 -1.0 -1.0 -1.0 
2.24 55.03 2.0 -1.0 19.363095610826207 68.06408680355594 0.09410167626613881 0.03456044873834543 1.644969455173715 16.0 -1.0 -1.0 -1.0 -1.0 
2.24 55.03 2.0 -1.0 10.9405323 0.0 0.0212193791684895 0.027648358990676344 -0.24482173196608736 32.0 -1.0 -1.0 -1.0 -1.0 
2.24 55.03 2.0 -1.0 0.10857111194022039 110.23207061042369 0.9821983945518493 0.017971433343939622 12.824661431286478 32.0 12.892154437339155 32.0 0.10856335090162854 112.12730988270685 
2.24 55.03 2.0 -1.0 2.93069668519 220.46414122084738 0.10641496346621235 0.031795612839277794 1.6959765948047627 2.0 -1.0 -1.0 -1.0 -1.0 
2.24 55.03 2.0 -1.0 0.3967613979300638 330.69621183127106 0.03557583609071558 0.015206597444871992 2.7906091105611455 8.0 -1.0 -1.0 -1.0 -1.0 
2.24 55.03 2.0 -1.0 5.5373591568 74.94325592655868 1.438188400122166 0.03456044873834543 9.973262741405659 16.0 10.153344385907872 16.0 5.537367542274296 74.88647049928075 
2.24 55.03 2.0 -1.0 0.115088121 42.16798380686775 1.4825764651044098 0.031795612839277794 4.673982119879273 32.0 -1.0 -1.0 -1.0 -1.0 
2.24 55.03 2.0 -1.0 5.751536555171 131.23338019266762 8.667498783590988 0.053914300031818865 58.47655192313327 8.0 59.62987860708616 16.0 5.751523228051762 131.2537192399556 
20.11 55.03 2.0 -1.0 1.61613383449 96.20134086619188 0.011909885623504696 0.015206597444871989 1.0634630541735304 4.0 -1.0 -1.0 -1.0 -1.0 
20.11 55.03 2.0 -1.0 0.2104307696878421 111.54735235942661 0.18596317084298622 0.01520659744487199 1.6520073585476927 1.0 -1.0 -1.0 -1.0 -1.0 
20.11 55.03 2.0 -1.0 0.8125946329902368 41.35172559359809 0.04953013217684496 0.03456044873834543 2.2728225556268007 4.0 -1.0 -1.0 -1.0 -1.0 
20.11 55.03 2.0 -1.0 0.04098312229597392 0.0 0.46737660191985736 0.08985716671969811 1.2324794933098375 4.0 -1.0 -1.0 -1.0 -1.0 
20.11 55.03 2.0 -1.0 2.08696826121 109.996250122476 0.0488842455453372 0.019353851293473442 1.1065499641187495 1.0 -1.0 -1.0 -1.0 -1.0 
20.11 55.03 2.0 -1.0 1.721551635017 219.992500244952 0.7972419798951421 0.01382417949533817 24.9225491943684 32.0 24.99529694578099 32.0 1.7215522044959168 219.90310864180685 
20.11 55.03 2.0 -1.0 9.808365445406661 329.988750367428 0.251501195620805 0.03041319488974398 2.263685050189679 8.0 -1.0 -1.0 -1.0 -1.0 
20.11 55.03 2.0 -1.0 0.89398205209 37.523473264102975 1.5996331735108558 0.022118687192541075 31.995273796164792 32.0 32.38333945869243 32.0 0.8939726588626703 37.443235249640374 
20.11 55.03 2.0 -1.0 0.74364701461 37.78749066613712 1.8315816449434905 0.06497364362808941 7.786544420464852 8.0 7.931910036418581 16.0 0.7436635011496644 36.33005798546188 
20.11 55.03 2.0 -1.0 0.73182352685 4.09226973152926 7.912064681527268 0.012441761545804354 230.8549521876985 32.0 231.9486153305801 32.0 0.7318097535365572 4.149115257392582 
0.01 55.03 2.0 -1.0 13.972467536188166 74.07998278346517 0.06260076752467116 0.019353851293473442 1.4663766692584053 1.0 -1.0 -1.0 -1.0 -1.0 
0.01 55.03 2.0 -1.0 450.9170308627072 161.4340258303929 0.011053615420068413 0.024883523091608708 0.29698582275922225 1.0 -1.0 -1.0 -1.0 -1.0 
0.01 55.03 2.0 -1.0 0.0012699350581559167 59.59918976877877 0.4202060938098521 0.06359122567855559 2.0738867806442487 2.0 -1.0 -1.0 -1.0 -1.0 
0.01 55.03 2.0 -1.0 1.6490236746575566 0.0 0.37261224747125077 0.05806155388042032 1.9997654277152097 1.0 -1.0 -1.0 -1.0 -1.0 
0.01 55.03 2.0 -1.0 5.675652 111.72334055080971 0.3345433837248016 0.08432749492156286 1.6037826933908792 8.0 -1.0 -1.0 -1.0 -1.0 
0.01 55.03 2.0 -1.0 0.223377703467 335.1700216524291 0.03043325008526438 0.015206597444871989 1.3324368188389202 8.0 -1.0 -1.0 -1.0 -1.0 
0.01 55.03 2.0 -1.0 1.48354649394 31.274490469218556 6.123203566945896 0.016589015394405805 96.6479687688581 32.0 96.64797109223363 32.0 1.4835374410419415 31.27016133010507 
0.01 55.03 2.0 -1.0 57.54121018881093 39.31937547737767 1.3403330336259605 0.026265941041142528 12.610849068283626 4.0 12.730692866472218 4.0 57.54118319600821 39.264798045568824 
0.01 55.03 2.0 -1.0 0.15395541118695494 18.570276227167287 1.718792786505633 0.04009012053648069 2.0504937678727915 4.0 -1.0 -1.0 -1.0 -1.0 
0.01 55.03 2.0 -1.0 13.972467536188164 74.07998278346517 0.06260076752467116 0.019353851293473442 1.4663766692584164 1.0 -1.0 -1.0 -1.0 -1.0 
0.01 55.03 2.0 -1.0 450.9170308627072 161.4340258303929 0.011053615420068413 0.024883523091608708 0.29698582275922225 1.0 -1.0 -1.0 -1.0 -1.0 
0.01 55.03 2.0 -1.0 0.0012699350581559167 59.59918976877877 0.4202060938098521 0.06359122567855559 2.0738867806442487 2.0 -1.0 -1.0 -1.0 -1.0 
0.01 55.03 2.0 -1.0 1.6490236746575564 0.0 0.37261224747125077 0.058061553880420315 1.99976542771522 1.0 -1.0 -1.0 -1.0 -1.0 
0.01 55.03 2.0 -1.0 5.675652 111.72334055080971 0.3345433837248016 0.08432749492156286 1.6037826933908792 8.0 -1.0 -1.0 -1.0 -1.0 
0.01 55.03 2.0 -1.0 0.223377703467 335.1700216524291 0.030433250085264384 0.015206597444871989 1.3324368188389202 8.0 -1.0 -1.0 -1.0 -1.0 
0.01 55.03 2.0 -1.0 1.48354649394 31.274490469218556 6.123203566945896 0.016589015394405805 96.6479687688581 32.0 96.64797109223363 32.0 1.4835374410419415 31.27016133010507 
0.01 55.03 2.0 -1.0 57.54121018881093 39.31937547737767 1.3403330336259605 0.026265941041142528 12.610849068283626 4.0 12.730692866472218 4.0 57.54118319600821 39.264798045568824 
0.01 55.03 2.0 -1.0 0.15395541118695494 18.570276227167287 1.718792786505633 0.04009012053648069 2.0504937678727915 4.0 -1.0 -1.0 -1.0 -1.0 
0.01 55.03 2.0 -1.0 1.00399242379 223.44668110161942 4.228269069967017 0.04147253848601452 41.78795758726012 16.0 45.09995619850629 32.0 1.0039912012871355 223.44503630055667 
0.57 55.03 2.0 -1.0 0.71730671014 136.59687105168246 0.6670869092409145 0.06635606157762322 1.9979367988139578 16.0 -1.0 -1.0 -1.0 -1.0 
0.57 55.03 2.0 -1.0 3.08977631356 118.17557928862693 0.25482417336644786 0.06082638977948796 1.5154661567637264 2.0 -1.0 -1.0 -1.0 -1.0 
0.57 55.03 2.0 -1.0 1.490957 53.63455525958223 0.7873894997730058 0.01520659744487199 20.691110145506876 32.0 20.868120686235788 32.0 1.4909649811064205 53.63490454678217 
0.57 55.03 2.0 -1.0 0.17733492662 0.0 0.011379039645988786 0.03456044873834543 1.6443035256331486 2.0 -1.0 -1.0 -1.0 -1.0 
0.57 55.03 2.0 -1.0 1.30094454375 221.6540268818197 0.13731366893478805 0.024883523091608708 0.7669171032027168 16.0 -1.0 -1.0 -1.0 -1.0 
0.57 55.03 2.0 -1.0 2.266492130584 100.91808754670308 1.9707405963505449 0.03041319488974398 28.813033130535135 32.0 28.940657314400696 32.0 2.2664911133081964 100.99553724092189 
0.57 55.03 2.0 -1.0 230.5207819237923 31.0568348496279 3.7467728600716743 0.04423737438508215 18.543462471106775 2.0 18.543462832434134 2.0 230.52076964328688 31.067765463890797 
0.57 55.03 2.0 -1.0 383.1975942761 107.76788195679232 2.217862375423104 0.030413194889743984 10.178369441681332 1.0 -1.0 -1.0 -1.0 -1.0 
0.57 55.03 2.0 -1.0 4.833299389106393 110.82701344090985 7.429970658615063 0.017971433343939622 183.29675088355796 32.0 183.29674902633354 32.0 4.833297377141814 110.81173675231409 
0.57 55.03 2.0 -1.0 0.0014778925406905199 332.48104032272954 3.0920679192165 0.024883523091608704 9.246024320351607 2.0 -1.0 -1.0 -1.0 -1.0 
1.13 55.03 2.0 -1.0 1.1055857616377447 54.3564930901521 0.5497611134427101 0.03317803078881161 4.212634672632843 32.0 -1.0 -1.0 -1.0 -1.0 
1.13 55.03 2.0 -1.0 1.808645 77.03282149585972 0.1315563789626525 0.02073626924300726 1.8950218286259963 16.0 -1.0 -1.0 -1.0 -1.0 
1.13 55.03 2.0 -1.0 0.08278700758190688 192.5153586561031 0.017342987552518497 0.026265941041142528 1.7471778195489942 2.0 -1.0 -1.0 -1.0 -1.0 
1.13 55.03 2.0 -1.0 0.00625638591189179 0.0 0.16940370024467943 0.08432749492156286 -0.1687750228275201 1.0 -1.0 -1.0 -1.0 -1.0 
1.13 55.03 2.0 -1.0 1.684824546 111.14735672974047 0.07638152038733344 0.07465056927482613 1.0855347068704726 2.0 -1.0 -1.0 -1.0 -1.0 
1.13 55.03 2.0 -1.0 2.4595822178036584 222.29471345948093 0.5850280880215019 0.011059343596270537 12.834408645582522 16.0 12.92498681845479 16.0 2.459576838494589 222.12946317016386 
1.13 55.03 2.0 -1.0 0.0413615341267772 135.02419663927967 1.0041536703492857 0.006912089747669086 12.826418751767367 32.0 13.211795291441346 32.0 0.04135169244060914 136.71840762774093 
1.13 55.03 2.0 -1.0 0.0011114843736737697 131.28927196069253 1.7865912494267449 0.04561979233461596 0.5941001768166655 1.0 -1.0 -1.0 -1.0 -1.0 
1.13 55.03 2.0 -1.0 0.7725385641444409 60.75922111058719 7.749772057780361 0.024883523091608708 124.15834058594122 32.0 124.19743617389643 32.0 0.7725247996859254 60.718759864281694 
1.13 55.03 2.0 -1.0 2.227442025412 333.4420701892214 7.685790970869665 0.031795612839277794 127.68533949401098 16.0 128.1612874111728 32.0 2.2274434741120785 333.34599165490647 
1.69 55.03 2.0 -1.0 5.256794 38.25688312766035 0.13311053263353947 0.02211868719254107 0.16990149756597267 32.0 -1.0 -1.0 -1.0 -1.0 
1.69 55.03 2.0 -1.0 134.6485499129762 117.79005646417541 0.1092455713563523 0.04147253848601452 -0.09749320749671887 1.0 -1.0 -1.0 -1.0 -1.0 
1.69 55.03 2.0 -1.0 39.113973102535745 54.581589544667196 0.6810567762203223 0.07188573337575849 2.1514800181673954 8.0 -1.0 -1.0 -1.0 -1.0 
1.69 55.03 2.0 -1.0 502.512563 0.0 0.014362026428722101 0.019353851293473442 1.4094141385030898 1.0 -1.0 -1.0 -1.0 -1.0 
1.69 55.03 2.0 -1.0 0.998004 221.17986377188546 0.6303473886221564 0.006912089747669086 16.44787657175554 32.0 17.73188999700574 32.0 0.9980188527454933 221.11748383909247 
1.69 55.03 2.0 -1.0 200.658805294298 331.7697956578282 0.03569893544810421 0.08156265902249521 1.5521866451564375 1.0 -1.0 -1.0 -1.0 -1.0 
1.69 55.03 2.0 -1.0 1.147206256861 74.9542922683302 2.1366479639038585 0.02073626924300726 41.58861191458578 32.0 41.67291431516147 32.0 1.1472063003263127 74.88647049928075 
1.69 55.03 2.0 -1.0 0.8314821707148012 28.96639980090849 8.941186207550407 0.031795612839277794 97.2137574436652 32.0 97.44081063322072 32.0 0.8314903728508701 28.94260886864094 
1.69 55.03 2.0 -1.0 0.2970257612740102 27.672368194682335 5.75010754719375 0.01520659744487199 125.8214235917377 32.0 127.00122384406006 32.0 0.2970106531089793 28.537817136212393 
1.69 55.03 2.0 -1.0 22.026432 110.58993188594273 1.5453216954363693 0.022118687192541075 15.574038385734044 8.0 15.574038356928696 8.0 22.02638521945725 110.60934088609983 
10.06 55.03 2.0 -1.0 2.33768482203 25.586655348592956 0.11959355362282424 0.08985716671969811 1.6160058869353229 8.0 -1.0 -1.0 -1.0 -1.0 
10.06 55.03 2.0 -1.0 0.299 134.39488132972875 0.19064614273734584 0.016589015394405805 2.5832073497223966 16.0 -1.0 -1.0 -1.0 -1.0 
10.06 55.03 2.0 -1.0 3.468609 68.8696649674691 0.359961145803733 0.016589015394405805 5.933633849528366 16.0 -1.0 -1.0 -1.0 -1.0 
10.06 55.03 2.0 -1.0 1.30255755938 79.87712202733334 0.0514838678779917 0.02350110514207489 1.8877961979776783 16.0 -1.0 -1.0 -1.0 -1.0 
10.06 55.03 2.0 -1.0 1.4633093057546707 108.22375923459431 0.673570158688605 0.03456044873834543 5.98795438004958 16.0 6.047080221405178 16.0 1.4633163421725235 108.28178842463568 
10.06 55.03 2.0 -1.0 0.797415129552 216.44751846918862 0.12823624751348844 0.03456044873834543 1.0122613378165126 2.0 -1.0 -1.0 -1.0 -1.0 
10.06 55.03 2.0 -1.0 14.667084337 324.67127770378295 0.12832486944265878 0.016589015394405805 1.3355584445441082 1.0 -1.0 -1.0 -1.0 -1.0 
10.06 55.03 2.0 -1.0 0.00946118159225248 192.71167448464365 9.345382032112322 0.01520659744487199 27.95348779247861 32.0 -1.0 -1.0 -1.0 -1.0 
10.06 55.03 2.0 -1.0 0.022343935234731525 126.1798765033404 1.0301519527800742 0.03317803078881161 2.0013843563157634 4.0 -1.0 -1.0 -1.0 -1.0 
10.06 55.03 2.0 -1.0 7.478313 0.0 2.1366479639038585 0.012441761545804354 60.174111144949826 32.0 -1.0 -1.0 -1.0 -1.0 
10.62 55.03 2.0 -1.0 0.40226922307757423 12.370280673779666 0.18027088572578753 0.04423737438508215 0.3584870112170679 1.0 -1.0 -1.0 -1.0 -1.0 
10.62 55.03 2.0 -1.0 0.909379126021 33.83158126529767 0.6400009491490016 0.013824179495338172 8.533094379393948 32.0 8.672734523322742 32.0 0.9093734358126919 34.103703457104885 
10.62 55.03 2.0 -1.0 0.99597877881 116.72220215810474 0.012422511885612372 0.03732528463741307 -0.15970827219971054 16.0 -1.0 -1.0 -1.0 -1.0 
10.62 55.03 2.0 -1.0 0.005920712181085924 0.0 0.26268903444130803 0.027648358990676348 3.1809215357004006 8.0 -1.0 -1.0 -1.0 -1.0 
10.62 55.03 2.0 -1.0 0.99550771827 108.21560494936385 0.041558691605743284 0.026265941041142528 -0.5063540031182192 32.0 -1.0 -1.0 -1.0 -1.0 
10.62 55.03 2.0 -1.0 1.0829644010729 216.4312098987277 0.06457746728886901 0.027648358990676344 0.7086549259925727 8.0 -1.0 -1.0 -1.0 -1.0 
10.62 55.03 2.0 -1.0 240.25490831930935 324.64681484809154 0.014774641499094882 0.03732528463741307 1.240696648024629 2.0 -1.0 -1.0 -1.0 -1.0 
10.62 55.03 2.0 -1.0 4.3292962132 34.77315118534914 2.1648785797337355 0.04561979233461597 18.59171878490709 16.0 18.59171782200847 16.0 4.329316046399375 34.81208898885484 
10.62 55.03 2.0 -1.0 181.52170888055778 116.1702473773849 4.505732208812994 0.04147253848601452 20.413603220119985 1.0 20.41360349998892 1.0 181.52156068633002 116.17522720699232 
10.62 55.03 2.0 -1.0 2.271936912618 41.234268912598885 8.855125476097193 0.009676925646736721 321.14834126097753 32.0 321.2534053071326 32.0 2.271948081518834 41.18755877460441 
105.89 14.25 2.0 -1.0 0.0027993604566431823 31.346537068047766 0.2793473877157862 0.12441761545804356 0.47127449802519955 1.0 -1.0 -1.0 -1.0 -1.0 
105.89 14.25 2.0 -1.0 0.33318778828133555 49.758123782728696 0.20315652849980984 0.012441761545804356 4.369511249737591 32.0 -1.0 -1.0 -1.0 -1.0 
105.89 14.25 2.0 -1.0 128.0111794870191 45.90286002838259 0.25500027809721515 0.02350110514207489 1.7836731225605758 1.0 -1.0 -1.0 -1.0 -1.0 
105.89 14.25 2.0 -1.0 75.11649135730703 0.0 0.07622338103299053 0.026265941041142528 2.2721106686163286 1.0 -1.0 -1.0 -1.0 -1.0 
105.89 14.25 2.0 -1.0 0.031684024185842756 120.08966442276231 0.13210282079320898 0.03456044873834543 2.7316039302545967 8.0 -1.0 -1.0 -1.0 -1.0 
105.89 14.25 2.0 -1.0 337.36912025226 62.945287652735 1.293037621685656 0.012441761545804354 7.98044798976993 1.0 -1.0 -1.0 -1.0 -1.0 
105.89 14.25 2.0 -1.0 0.00404317639503851 16.862275112467074 2.6268903444130802 0.022118687192541075 3.0841927076566487 1.0 -1.0 -1.0 -1.0 -1.0 
105.89 14.25 2.0 -1.0 0.961936 49.14560524231857 6.417719598388955 0.03456044873834543 104.43274933527304 16.0 105.93168649204239 32.0 0.9619422295751672 49.08099755696104 
105.89 14.25 2.0 -1.0 1.9923208852 240.17932884552462 2.8147831624915383 0.016589015394405805 90.81648185051002 32.0 90.81647998735691 32.0 1.9923087772137176 240.1426952632341 
105.89 14.25 2.0 -1.0 1.9411179295 360.2689932682869 5.0777412570358615 0.03456044873834543 75.93548366177622 16.0 76.0998868476448 16.0 1.9411042255039017 359.9610480620833 
106.18 14.25 2.0 -1.0 4.249688210732 110.12224202207135 0.1 0.013824179495338172 1.4356492536553902 16.0 -1.0 -1.0 -1.0 -1.0 
106.18 14.25 2.0 -1.0 0.66930344771 87.19052636259363 0.06489051458090826 0.017971433343939622 0.9819245763646897 1.0 -1.0 -1.0 -1.0 -1.0 
106.18 14.25 2.0 -1.0 1.465705762893 343.8328581590849 0.5067228364390678 0.09538683851783337 2.1865838784210054 8.0 -1.0 -1.0 -1.0 -1.0 
106.18 14.25 2.0 -1.0 3.2108324764111544 119.05203783962497 0.35355325950947053 0.009676925646736721 9.215048218880426 32.0 9.32056030788672 32.0 3.210819462159028 119.0087693339921 
106.18 14.25 2.0 -1.0 4.4538744 238.10407567924995 0.046415888336127795 0.06497364362808941 0.4438860910696076 4.0 -1.0 -1.0 -1.0 -1.0 
106.18 14.25 2.0 -1.0 170.849405719173 357.1561135188749 0.41158680766598854 0.12856486930664499 1.0641562902807757 1.0 -1.0 -1.0 -1.0 -1.0 
106.18 14.25 2.0 -1.0 0.014111716139277362 0.5357877490532177 3.723549192047441 0.04285495643554833 1.063992196714128 1.0 -1.0 -1.0 -1.0 -1.0 
106.18 14.25 2.0 -1.0 2.248252 188.02578073440918 5.952199345230122 0.02073626924300726 115.92677118861752 32.0 116.27581403545045 32.0 2.24824058629262 188.12695764616612 
106.18 14.25 2.0 -1.0 5.4199894818 42.79158155771699 8.63164577248031 0.08570991287109665 47.330168143268295 8.0 48.813756677020365 16.0 5.419982092765471 42.8067257043186 
106.18 14.25 2.0 -1.0 3.86571065372 0.0 2.623263304627603 0.05944397182995413 10.317567789392719 8.0 -1.0 -1.0 -1.0 -1.0 
106.51 14.25 2.0 -1.0 1.22896880609 30.196033989901082 0.2989148937474159 0.07879782312342758 0.7346105268242927 4.0 -1.0 -1.0 -1.0 -1.0 
106.51 14.25 2.0 -1.0 2.344843177122 108.21720504938759 0.6404432431172377 0.02073626924300726 5.300922916519092 8.0 7.804218294657793 16.0 2.3447986071308455 107.77579875909998 
106.51 14.25 2.0 -1.0 0.0011063882708094472 21.48768186620159 0.09351840469571134 0.12441761545804356 -0.07317420536260191 1.0 -1.0 -1.0 -1.0 -1.0 
106.51 14.25 2.0 -1.0 16.792101165075774 190.38015333843848 0.1410635930080207 0.019353851293473442 1.366359977993758 16.0 -1.0 -1.0 -1.0 -1.0 
106.51 14.25 2.0 -1.0 24.38440141106 0.0 0.16207684425645388 0.016589015394405805 2.337927917484768 16.0 -1.0 -1.0 -1.0 -1.0 
106.51 14.25 2.0 -1.0 2.12042426647 117.98755133451384 0.8066602730969565 0.04561979233461597 6.279311447055085 8.0 6.280175101237838 8.0 2.1204565806935234 118.0979879360279 
106.51 14.25 2.0 -1.0 1.0985150222458 151.97136450017038 2.544723286778917 0.1396242129029155 8.117149766228913 2.0 8.223524607529974 2.0 1.0986695997416973 152.91007692488273 
106.51 14.25 2.0 -1.0 5.0114923575 61.701860778895174 2.2286137387064633 0.017971433343939622 70.18673029810857 32.0 70.34887531860862 32.0 5.011497705709189 61.73073919535305 
106.51 14.25 2.0 -1.0 0.00506426947315055 235.97510266902768 6.355947745071262 0.03456044873834543 8.398901082706873 4.0 -1.0 -1.0 -1.0 -1.0 
106.51 14.25 2.0 -1.0 0.0026613686823646963 353.9626540035415 1.109186309333635 0.017971433343939622 1.2497165616774513 4.0 -1.0 -1.0 -1.0 -1.0 
11.18 55.03 2.0 -1.0 0.00355500598430653 65.70528842897245 0.04515080174918501 0.022118687192541075 2.157899739883008 16.0 -1.0 -1.0 -1.0 -1.0 
11.18 55.03 2.0 -1.0 0.35169302087 39.66989251986381 0.011122556497987162 0.012441761545804352 1.5033001762268985 1.0 -1.0 -1.0 -1.0 -1.0 
11.18 55.03 2.0 -1.0 0.020381854524096684 14.965483184662205 0.04824678145425938 0.027648358990676344 2.7001234847420665 2.0 -1.0 -1.0 -1.0 -1.0 
11.18 55.03 2.0 -1.0 0.22032674928517554 0.0 0.37261224747125077 0.017971433343939622 2.417685836445853 32.0 -1.0 -1.0 -1.0 -1.0 
11.18 55.03 2.0 -1.0 2.467080757786 108.19946953249269 0.029644709215877987 0.055296717981352696 1.6633349222797331 16.0 -1.0 -1.0 -1.0 -1.0 
11.18 55.03 2.0 -1.0 48.5438764505726 216.39893906498537 0.5574098225214513 0.08156265902249521 1.8936324120204857 2.0 -1.0 -1.0 -1.0 -1.0 
11.18 55.03 2.0 -1.0 1.8077686769634342 324.59840859747806 0.2830382852894208 0.04423737438508215 1.9304515971387566 1.0 -1.0 -1.0 -1.0 -1.0 
11.18 55.03 2.0 -1.0 1.820960929021 47.33118109162147 8.849010073010126 0.022118687192541075 190.46064347139338 32.0 190.52042062220647 32.0 1.820959975399698 47.360632694139724 
11.18 55.03 2.0 -1.0 2.3817202891513642 107.64759705062879 2.3536244866247897 0.008294507697202903 109.56408945419692 32.0 109.64843300676839 32.0 2.3817240920228264 107.67460082599285 
11.18 55.03 2.0 -1.0 1.14381850931 85.44284542739896 1.5410572815741164 0.026265941041142528 22.959052871213363 32.0 23.130650527600505 32.0 1.1438108534396938 85.41105554242291 
11.73 55.03 2.0 -1.0 2.67192804814 166.1851302725733 0.02335806398033758 0.042854956435548326 0.6052553470843968 2.0 -1.0 -1.0 -1.0 -1.0 
11.73 55.03 2.0 -1.0 27.838309386354652 49.36866858292656 0.35355325950947053 0.052531882082285056 1.9605594036699812 16.0 -1.0 -1.0 -1.0 -1.0 
11.73 55.03 2.0 -1.0 0.03197657411683124 19.182697654509926 0.6721756073696541 0.13962421290291552 1.1206651103953318 1.0 -1.0 -1.0 -1.0 -1.0 
11.73 55.03 2.0 -1.0 26.322717 215.81346312155074 0.12788237140267286 0.06497364362808941 0.7639903225309205 8.0 -1.0 -1.0 -1.0 -1.0 
11.73 55.03 2.0 -1.0 0.19236888 107.66329631135265 0.04425522941776675 0.11474068981130683 2.107578870824531 4.0 -1.0 -1.0 -1.0 -1.0 
11.73 55.03 2.0 -1.0 1.51981774632 50.82928007946285 0.02127809743662687 0.011059343596270537 3.68890625689954 32.0 -1.0 -1.0 -1.0 -1.0 
11.73 55.03 2.0 -1.0 0.0032878482511591073 0.0 0.05547207448246047 0.01382417949533817 1.2238053895478882 32.0 -1.0 -1.0 -1.0 -1.0 
11.73 55.03 2.0 -1.0 0.942507 216.3652496869089 0.02974728571317075 0.024883523091608708 2.0298436331783685 32.0 -1.0 -1.0 -1.0 -1.0 
11.73 55.03 2.0 -1.0 1.582779 108.18262484345445 8.264026842883293 0.017971433343939622 214.45426422154074 32.0 214.4818592699461 32.0 1.5827936294954272 108.18059049152855 
11.73 55.03 2.0 -1.0 0.7446527222569242 324.54787453036334 8.000005932179063 0.031795612839277794 106.68607033340969 32.0 107.14045205265415 32.0 0.7446639453216146 324.33937560837137 
116.97 56.37 2.0 -1.0 0.001132104598920097 17.893175724454718 0.7966913997731381 0.011059343596270537 10.969180681173388 1.0 -1.0 -1.0 -1.0 -1.0 
116.97 56.37 2.0 -1.0 2.185717553667 79.32587841316004 0.07419711837099707 0.02073626924300726 1.3363921970436907 2.0 -1.0 -1.0 -1.0 -1.0 
116.97 56.37 2.0 -1.0 0.004233315846474604 141.59156690103424 0.010539069785079147 0.10091651031596865 1.8942399974287536 4.0 -1.0 -1.0 -1.0 -1.0 
116.97 56.37 2.0 -1.0 34.23369535044918 92.17308246957248 1.811447712307352 0.06635606157762322 8.633621183241223 4.0 8.633621297068691 4.0 34.233623106653496 92.19131706060104 
116.97 56.37 2.0 -1.0 0.8699442722 49.38644651610913 3.1264357272238157 0.05391430003181887 22.258958718866513 16.0 22.439255467952687 16.0 0.869961998735865 49.58698722249672 
116.97 56.37 2.0 -1.0 3.06493262635 71.89308205134537 2.210214600222975 0.008294507697202903 118.22485332328505 32.0 118.46110935059173 32.0 3.06493651199465 71.95173043917382 
116.97 56.37 2.0 -1.0 12.359917476 0.0 4.098842834710968 0.008294507697202903 181.96138913237783 32.0 -1.0 -1.0 -1.0 -1.0 
116.97 56.37 2.0 -1.0 7.307001256 53.391185935190315 9.660475420403525 0.016589015394405805 320.51594146095744 32.0 320.51594387787225 32.0 7.3070017000039424 53.43250868056789 
116.97 56.37 2.0 -1.0 0.61523110201 106.78237187038063 6.768353736781109 0.056679135930886505 33.77758735951747 16.0 33.78079700582872 16.0 0.6152428492593269 107.06741322735004 
116.97 56.37 2.0 -1.0 8.086733093387805 160.17355780557094 1.5463896414539255 0.05391430003181887 3.1950389657978793 2.0 -1.0 -1.0 -1.0 -1.0 
12.29 55.03 2.0 -1.0 0.30738862302 40.17084009769123 0.022768568864827275 0.06082638977948796 1.686806557443102 16.0 -1.0 -1.0 -1.0 -1.0 
12.29 55.03 2.0 -1.0 3.08977631356 81.08859153107115 0.18353815962816797 0.009676925646736721 4.071966347477236 32.0 -1.0 -1.0 -1.0 -1.0 
12.29 55.03 2.0 -1.0 1.99898269975 2.8577477191566922 0.05008065115563314 0.029030776940210157 -0.23099202311430014 8.0 -1.0 -1.0 -1.0 -1.0 
12.29 55.03 2.0 -1.0 0.001526207014931322 179.81078546557507 0.11347638459718777 0.03456044873834543 0.7346829842613732 1.0 -1.0 -1.0 -1.0 -1.0 
12.29 55.03 2.0 -1.0 215.1657339348127 45.26932182391397 0.03937853236248104 0.049767046183217416 2.250310996652831 1.0 -1.0 -1.0 -1.0 -1.0 
12.29 55.03 2.0 -1.0 0.01287252860404894 94.30567473217086 0.14461589230674415 0.06497364362808941 0.4628001522032195 1.0 -1.0 -1.0 -1.0 -1.0 
12.29 55.03 2.0 -1.0 2.766481 108.23719486305974 0.013674567248957506 0.01105934359627054 1.4037814320067583 1.0 -1.0 -1.0 -1.0 -1.0 
12.29 55.03 2.0 -1.0 244.777668 0.0 4.325771812421892 0.017971433343939622 31.535455806331502 2.0 -1.0 -1.0 -1.0 -1.0 
12.29 55.03 2.0 -1.0 0.537915 216.47438972611948 1.1347638459718776 0.09538683851783337 2.38538744636452 8.0 -1.0 -1.0 -1.0 -1.0 
12.29 55.03 2.0 -1.0 8.54520899704013 324.7115845891792 4.4964035966208 0.03317803078881161 38.427886334195236 16.0 38.42788624991756 16.0 8.545187786997607 324.6429694076928 
12.85 55.03 2.0 -1.0 0.287793 64.20120526433227 0.1705780684399447 0.019353851293473442 1.9103635388973994 32.0 -1.0 -1.0 -1.0 -1.0 
12.85 55.03 2.0 -1.0 156.858385217 159.8207129024547 0.06647866174025409 0.08432749492156287 0.5865970920513761 1.0 -1.0 -1.0 -1.0 -1.0 
12.85 55.03 2.0 -1.0 19.18594491719735 73.98084230105496 0.660666062384638 0.031795612839277794 6.5885225951182536 8.0 -1.0 -1.0 -1.0 -1.0 
12.85 55.03 2.0 -1.0 0.855182765 144.48520233324172 0.011030730151526759 0.045619792334615966 2.375172270162602 1.0 -1.0 -1.0 -1.0 -1.0 
12.85 55.03 2.0 -1.0 1.35421422194 67.77515899868276 0.036597915125661865 0.024883523091608708 0.9018412004387174 4.0 -1.0 -1.0 -1.0 -1.0 
12.85 55.03 2.0 -1.0 0.54575260398 0.0 0.015571097780848735 0.029030776940210157 0.9817115115263759 4.0 -1.0 -1.0 -1.0 -1.0 
12.85 55.03 2.0 -1.0 3.043599 108.29079815081957 0.263234030920558 0.09400442056829957 2.0078792613276413 4.0 -1.0 -1.0 -1.0 -1.0 
12.85 55.03 2.0 -1.0 0.007148282058705888 324.8723944524587 0.03793655635542592 0.026265941041142528 2.5567454188881906 8.0 -1.0 -1.0 -1.0 -1.0 
12.85 55.03 2.0 -1.0 6.367831993811256 88.69903358888013 1.3627413729677893 0.02073626924300726 24.622497121258753 32.0 25.251659973115533 32.0 6.367827154463158 88.7505873349584 
12.85 55.03 2.0 -1.0 298.251728579395 216.58159630163914 4.546380356371674 0.019353851293473442 21.60444032993158 1.0 21.604440558437464 1.0 298.25217400987947 216.56357684927136 
13.41 55.03 2.0 -1.0 1.217137 37.509820690286595 0.044932983531649394 0.031795612839277794 1.7496429099582296 8.0 -1.0 -1.0 -1.0 -1.0 
13.41 55.03 2.0 -1.0 0.026729805481803814 74.9871372031986 0.2736174016357826 0.013824179495338172 1.127640161456188 1.0 -1.0 -1.0 -1.0 -1.0 
13.41 55.03 2.0 -1.0 0.01842197270329436 44.010656165206285 0.24380280832024234 0.02350110514207489 1.0036656038521798 2.0 -1.0 -1.0 -1.0 -1.0 
13.41 55.03 2.0 -1.0 15.3936498245 44.888268954320445 0.05682971231414223 0.05529671798135269 2.045668350855279 32.0 -1.0 -1.0 -1.0 -1.0 
13.41 55.03 2.0 -1.0 0.003826247944021906 221.19092703414236 0.023847219204614304 0.017971433343939622 2.5565977797885213 1.0 -1.0 -1.0 -1.0 -1.0 
13.41 55.03 2.0 -1.0 54.95674577910229 0.0 0.08595941066946328 0.022118687192541075 4.10903889878467 4.0 -1.0 -1.0 -1.0 -1.0 
13.41 55.03 2.0 -1.0 0.41037503068 108.3364231895366 0.034701962441141196 0.017971433343939622 1.620625817596014 1.0 -1.0 -1.0 -1.0 -1.0 
13.41 55.03 2.0 -1.0 2.1867 325.0092695686098 0.9640474491672578 0.012441761545804356 23.43945448772934 32.0 24.042943623724312 32.0 2.1866981114726514 324.94656320701415 
13.41 55.03 2.0 -1.0 3.5877084054849 78.95264684289961 4.20496491224036 0.016589015394405805 84.15463604771658 32.0 84.30182439275856 32.0 3.5877140665737293 78.93438782356621 
13.41 55.03 2.0 -1.0 30.518193584285445 216.6728463790732 1.8790026506185737 0.052531882082285056 9.421689468166688 2.0 9.421689320815123 2.0 30.518276616930965 216.66477478237852 
13.97 55.03 2.0 -1.0 2.331328 61.94196849053985 0.0640885842747449 0.026265941041142528 1.7495092396649718 2.0 -1.0 -1.0 -1.0 -1.0 
13.97 55.03 2.0 -1.0 1.18994040124844 0.0 0.020175786941126064 0.02073626924300726 2.5756514322530695 2.0 -1.0 -1.0 -1.0 -1.0 
13.97 55.03 2.0 -1.0 282.779107035 108.3740582566768 0.04009223857512864 0.011059343596270537 -0.20210367620836067 1.0 -1.0 -1.0 -1.0 -1.0 
13.97 55.03 2.0 -1.0 0.1504582362154283 216.7481165133536 0.08578144136963749 0.009676925646736721 3.268631133595634 2.0 -1.0 -1.0 -1.0 -1.0 
13.97 55.03 2.0 -1.0 117.8372326493 325.1221747700304 0.3687709275549668 0.0884747487701643 2.5264397265853202 1.0 -1.0 -1.0 -1.0 -1.0 
13.97 55.03 2.0 -1.0 0.056016933100715205 65.06345351683477 7.857592982991545 0.008294507697202903 159.0226356760333 32.0 161.93050788938936 32.0 0.056024873629212386 69.62417797770968 
13.97 55.03 2.0 -1.0 0.93273035618 144.98647637759433 4.935933920036516 0.02350110514207489 72.4586262377728 32.0 72.76958544305387 32.0 0.932717133158197 145.21903400874038 
13.97 55.03 2.0 -1.0 194.931774 172.9822952071769 1.1569279963413217 0.017971433343939622 6.075965937289924 1.0 -1.0 -1.0 -1.0 -1.0 
13.97 55.03 2.0 -1.0 0.1075778075546597 67.17695900338862 2.7684980657520066 0.015206597444871992 27.118011909137884 32.0 27.627670346879206 32.0 0.10756290672967832 67.90381311488835 
13.97 55.03 2.0 -1.0 0.3772034274173156 62.787370685161385 4.891802863108921 0.02350110514207489 84.50990604928815 32.0 84.85791057544338 32.0 0.3771977693152925 62.54032266021014 
131.46 55.22 2.0 -1.0 5.65907208453 99.95472603872314 0.11868817192515867 0.029030776940210157 0.9554550368428155 2.0 -1.0 -1.0 -1.0 -1.0 
131.46 55.22 2.0 -1.0 3.46645281446 13.030239212191864 0.017499446100091347 0.02350110514207489 1.6921568997689485 8.0 -1.0 -1.0 -1.0 -1.0 
131.46 55.22 2.0 -1.0 0.32264020682169114 0.0 0.03119962793393873 0.031795612839277794 1.9734829247206234 2.0 -1.0 -1.0 -1.0 -1.0 
131.46 55.22 2.0 -1.0 0.006086235312417038 46.849824481375926 0.08431262080028226 0.011059343596270537 1.5307585590986708 16.0 -1.0 -1.0 -1.0 -1.0 
131.46 55.22 2.0 -1.0 0.082490793464 34.77541727180439 2.222463736833705 0.05391430003181887 1.2862856148098838 32.0 -1.0 -1.0 -1.0 -1.0 
131.46 55.22 2.0 -1.0 0.455919 74.68140338120321 4.370831420364764 0.027648358990676344 80.91456794256004 32.0 81.12601688266422 32.0 0.455929693998769 74.27928290063794 
131.46 55.22 2.0 -1.0 1.980198 63.08491217294184 2.9016582742063783 0.017971433343939622 89.59327589929156 32.0 89.80100666330495 32.0 1.9802124976801376 63.147510258852954 
131.46 55.22 2.0 -1.0 10.65420400680119 44.27751188608886 1.451162916049012 0.031795612839277794 16.159365006826455 8.0 16.7433851036981 16.0 10.65418473444879 44.223496767818496 
131.46 55.22 2.0 -1.0 233.7208617862176 93.69964896275185 5.826081259236011 0.015206597444871992 44.132295889380195 2.0 44.13229588133627 2.0 233.72073580200475 93.70928605720809 
131.46 55.22 2.0 -1.0 22.84670265144544 140.54947344412778 4.392019568453393 0.008294507697202903 10.298763628328768 2.0 -1.0 -1.0 -1.0 -1.0 
134.82 55.23 2.0 -1.0 2.11187653357 51.00637061954017 0.4364796459868221 0.11612310776084063 3.3721440661738615 4.0 -1.0 -1.0 -1.0 -1.0 
134.82 55.23 2.0 -1.0 1.27888080581 91.31785707691868 0.7585566129495857 0.017971433343939622 14.989317667802796 32.0 15.473947452503365 32.0 1.2788708166529736 91.28053566263681 
134.82 55.23 2.0 -1.0 1.155751156623 0.0 0.4499510986058557 0.058061553880420315 2.222914081126593 4.0 -1.0 -1.0 -1.0 -1.0 
134.82 55.23 2.0 -1.0 12.515752038663 91.40012541662763 0.07378818002748848 0.016589015394405805 -1.0299621206889251 32.0 -1.0 -1.0 -1.0 -1.0 
134.82 55.23 2.0 -1.0 0.19461695455997877 137.10018812494144 0.055433765133095315 0.04009012053648069 1.368822031420185 4.0 -1.0 -1.0 -1.0 -1.0 
134.82 55.23 2.0 -1.0 0.03394511707903087 89.42568526361316 2.007845414129436 0.029030776940210157 2.660415848222218 16.0 -1.0 -1.0 -1.0 -1.0 
134.82 55.23 2.0 -1.0 0.761391192926 48.30522679909678 3.119962793393873 0.07188573337575849 14.619266224846301 16.0 14.829785038635876 16.0 0.7613683313441774 48.57500789142535 
134.82 55.23 2.0 -1.0 0.33936907828092244 122.20961863762406 8.309826555609373 0.03732528463741307 98.12283398450847 16.0 99.39447469338926 32.0 0.33936278972153866 123.36028045759898 
134.82 55.23 2.0 -1.0 2.862213 55.28432428440483 9.384199668361846 0.02903077694021016 131.93874779252957 32.0 132.2463446879518 32.0 2.8622101429694644 55.35526940960348 
134.82 55.23 2.0 -1.0 6.67806213863 45.700062708313816 5.16263340422845 0.01520659744487199 166.33450179677186 32.0 166.39976438483322 32.0 6.678055797237904 45.74146576442555 
135.38 55.23 2.0 -1.0 292.02 21.63467402009184 0.05797974856117098 0.016589015394405805 0.4022001758476624 1.0 -1.0 -1.0 -1.0 -1.0 
135.38 55.23 2.0 -1.0 0.24168959255 19.23082135119275 0.029298587592451877 0.11197585391223919 1.193831004424728 1.0 -1.0 -1.0 -1.0 -1.0 
135.38 55.23 2.0 -1.0 0.7716 54.510090918047055 0.012744139921279101 0.013824179495338172 1.7883550506641097 4.0 -1.0 -1.0 -1.0 -1.0 
135.38 55.23 2.0 -1.0 0.0045983819530997 15.884549170054806 0.7020768264702735 0.022118687192541075 4.2136540552112995 1.0 -1.0 -1.0 -1.0 -1.0 
135.38 55.23 2.0 -1.0 2.7177324827378 9.82028448260482 0.012277470827878693 0.04700221028414979 1.851203866654221 2.0 -1.0 -1.0 -1.0 -1.0 
135.38 55.23 2.0 -1.0 1.795203 45.52295991727658 0.4404173165438359 0.07188573337575849 1.8083963170969248 16.0 -1.0 -1.0 -1.0 -1.0 
135.38 55.23 2.0 -1.0 2.3383394841595853 136.56887975182974 0.5120011389792241 0.06912089747669085 1.1677910689819684 1.0 -1.0 -1.0 -1.0 -1.0 
135.38 55.23 2.0 -1.0 1.3899355261798 34.78757243003404 5.628271480212304 0.02350110514207489 131.74225576417223 32.0 131.93189730245558 32.0 1.3899201197394482 34.81208898885484 
135.38 55.23 2.0 -1.0 1.582278 0.0 2.244063301440265 0.11197585391223919 3.4285713349343063 4.0 -1.0 -1.0 -1.0 -1.0 
135.38 55.23 2.0 -1.0 385.6909919750328 91.04591983455316 1.5668214264876303 0.012441761545804354 12.26265917723561 1.0 -1.0 -1.0 -1.0 -1.0 
135.94 55.23 2.0 -1.0 2.274361 57.20951478722023 0.5046267831325151 0.017971433343939622 39.651677894662065 32.0 39.93458516403394 32.0 2.2743734007235616 57.17683220553193 
135.94 55.23 2.0 -1.0 2.227442025412 61.69920322474286 0.10013826441970505 0.052531882082285056 1.4653861576148506 1.0 -1.0 -1.0 -1.0 -1.0 
135.94 55.23 2.0 -1.0 409.836066 48.475030008767106 0.13740856411831398 0.04285495643554833 0.5655227764818853 1.0 -1.0 -1.0 -1.0 -1.0 
135.94 55.23 2.0 -1.0 0.42118683683774877 90.6917064379572 0.048180165428117296 0.011059343596270537 0.569261762171806 16.0 -1.0 -1.0 -1.0 -1.0 
135.94 55.23 2.0 -1.0 0.07279135971847846 136.0375596569358 0.2805077046772915 0.009676925646736721 2.4775388456651335 32.0 -1.0 -1.0 -1.0 -1.0 
135.94 55.23 2.0 -1.0 0.331159372546 74.76011504299052 6.791773565719267 0.016589015394405805 188.60006847713416 32.0 188.925961957852 32.0 0.33114702091552317 74.58287669995934 
135.94 55.23 2.0 -1.0 0.24832 94.82766184706897 7.575092471847536 0.0884747487701643 13.888241482714138 8.0 15.384664072077108 16.0 0.24835268656412762 94.11407778963662 
135.94 55.23 2.0 -1.0 1.21878672858 114.16053236137097 8.105706589434478 0.016589015394405805 288.7593142408862 32.0 288.75931135196544 32.0 1.218783533355842 114.15126854484957 
135.94 55.23 2.0 -1.0 0.4102676860891 0.0 6.94359142921429 0.013824179495338172 165.10657658437438 32.0 -1.0 -1.0 -1.0 -1.0 
135.94 55.23 2.0 -1.0 15.9235474 45.3458532189786 7.696417685155276 0.01520659744487199 194.3524233516885 16.0 194.35242717757697 16.0 15.923554504600665 45.33667403199699 
137.07 55.23 2.0 -1.0 4.2165396656 117.3723994952811 0.6666262149960813 0.07465056927482613 3.164212003910885 16.0 -1.0 -1.0 -1.0 -1.0 
137.07 55.23 2.0 -1.0 0.772798 94.51886616054725 0.7632877084845537 0.011059343596270537 18.674144183953945 32.0 18.73312120956035 32.0 0.7727976480964572 94.41767158895803 
137.07 55.23 2.0 -1.0 3.2404792414142376 49.44624489375672 0.021440411841405254 0.016589015394405805 1.2979970189482386 1.0 -1.0 -1.0 -1.0 -1.0 
137.07 55.23 2.0 -1.0 5.294087 89.98325647332304 0.14622327330595072 0.016589015394405805 2.6882831447970688 16.0 -1.0 -1.0 -1.0 -1.0 
137.07 55.23 2.0 -1.0 1.5894998973414058 134.97488470998456 0.09965517359035103 0.02350110514207489 1.4486934216078438 1.0 -1.0 -1.0 -1.0 -1.0 
137.07 55.23 2.0 -1.0 426.51934403983 63.350048399235675 3.375614434310193 0.01520659744487199 32.724707055468 1.0 32.724707424078986 1.0 426.51954572647816 63.349906125067236 
137.07 55.23 2.0 -1.0 0.701967086843 36.19038562930979 1.3083130433883792 0.019353851293473442 30.293971560095603 32.0 30.36125559160906 32.0 0.7019783273184051 36.1276621192476 
137.07 55.23 2.0 -1.0 12.342028775005748 66.2253009688153 1.8353815962816797 0.017971433343939622 40.579444683006656 16.0 40.57944476430932 16.0 12.342025001998993 66.18344825206705 
137.07 55.23 2.0 -1.0 1.1964621075 0.0 1.1489629662788923 0.013824179495338172 30.84697174850959 32.0 -1.0 -1.0 -1.0 -1.0 
137.07 55.23 2.0 -1.0 0.01759454949387518 44.99162823666152 3.6648517020634492 0.06497364362808941 0.9772509380125458 16.0 -1.0 -1.0 -1.0 -1.0 
14.53 55.03 2.0 -1.0 147.058824 69.79465656840591 0.02422916423928535 0.013824179495338172 0.7929653180650174 1.0 -1.0 -1.0 -1.0 -1.0 
14.53 55.03 2.0 -1.0 1.06477508236 47.18053707421379 0.6538551491077016 0.03732528463741307 4.352966249635215 16.0 -1.0 -1.0 -1.0 -1.0 
14.53 55.03 2.0 -1.0 0.0011217471065547253 144.2748285428027 0.7272540837450232 0.029030776940210157 2.186894666580419 1.0 -1.0 -1.0 -1.0 -1.0 
14.53 55.03 2.0 -1.0 0.006490675780325397 70.08750128128034 0.019761940299240183 0.013824179495338172 1.1332543243173854 32.0 -1.0 -1.0 -1.0 -1.0 
14.53 55.03 2.0 -1.0 130.38603910501416 0.0 0.06684709031242649 0.09400442056829957 1.2415356338851034 2.0 -1.0 -1.0 -1.0 -1.0 
14.53 55.03 2.0 -1.0 246.55815713199 108.4501586678307 0.011795250557810912 0.019353851293473442 0.9849154955873745 1.0 -1.0 -1.0 -1.0 -1.0 
14.53 55.03 2.0 -1.0 1.864837 216.9003173356614 0.24770763559917114 0.012441761545804354 4.789583699525117 32.0 -1.0 -1.0 -1.0 -1.0 
14.53 55.03 2.0 -1.0 195.694716 325.35047600349213 0.01808946582811853 0.02073626924300726 0.8312740130084999 1.0 -1.0 -1.0 -1.0 -1.0 
14.53 55.03 2.0 -1.0 4.368538167500896 74.54524857725778 5.636053377113842 0.011059343596270537 217.05321784254454 32.0 217.0532113073815 32.0 4.368545584535847 74.58287669995934 
14.53 55.03 2.0 -1.0 1.3104998476363685 53.98104207318667 1.876408245646434 0.02073626924300726 38.416442421158074 32.0 38.63096512820435 32.0 1.3104909157846123 53.93849834610357 
15.08 55.03 2.0 -1.0 2.66608189885 41.46612168591127 0.03785801297873459 0.027648358990676344 1.924080815594746 1.0 -1.0 -1.0 -1.0 -1.0 
15.08 55.03 2.0 -1.0 1.334812202073005 58.95811488727368 0.11473765527464062 0.013824179495338172 1.2138278226884158 8.0 -1.0 -1.0 -1.0 -1.0 
15.08 55.03 2.0 -1.0 1.01726312363 123.25829101295226 0.09462319317574847 0.06082638977948796 2.019206086499839 4.0 -1.0 -1.0 -1.0 -1.0 
15.08 55.03 2.0 -1.0 18.83649089489798 108.56762260733876 0.09442728648786386 0.013824179495338172 0.3567628647626315 2.0 -1.0 -1.0 -1.0 -1.0 
15.08 55.03 2.0 -1.0 0.27344484969650096 217.13524521467752 0.04093183418410041 0.02350110514207489 0.9296801371747638 2.0 -1.0 -1.0 -1.0 -1.0 
15.08 55.03 2.0 -1.0 3.1411201226 325.7028678220163 0.02877702569594295 0.04009012053648069 1.0782542344862132 32.0 -1.0 -1.0 -1.0 -1.0 
15.08 55.03 2.0 -1.0 1.469313 24.658172911417775 2.844103485256103 0.045619792334615966 31.78601387334927 16.0 31.798626326111105 16.0 1.4693190072042248 24.79349361124836 
15.08 55.03 2.0 -1.0 398.837694790884 92.8671743334902 7.2174841460961225 0.11474068981130683 13.945163906908899 1.0 -1.0 -1.0 -1.0 -1.0 
15.08 55.03 2.0 -1.0 1.127887471217 109.51225538730061 1.6987247418078029 0.013824179495338172 51.23532877332093 32.0 51.488121531381495 32.0 1.1278946961586676 109.49616362192133 
15.08 55.03 2.0 -1.0 0.0021345519190796537 0.0 1.8481051304768321 0.013824179495338172 2.2334072608326405 1.0 -1.0 -1.0 -1.0 -1.0 
15.19 53.86 2.0 -1.0 1.498159748737 73.97656182710234 0.24195710181010072 0.026265941041142528 0.8429114054717074 1.0 -1.0 -1.0 -1.0 -1.0 
15.19 53.86 2.0 -1.0 253.628279 37.235281119985565 0.012474110904895277 0.07741540517389377 1.9319099068230257 2.0 -1.0 -1.0 -1.0 -1.0 
15.19 53.86 2.0 -1.0 6.280644351360491 76.57006399466353 0.025324469357735295 0.016589015394405805 1.3824648085933524 8.0 -1.0 -1.0 -1.0 -1.0 
15.19 53.86 2.0 -1.0 1.6226634697651 57.24229784117184 0.010722672220103232 0.024883523091608708 0.5327349375868797 2.0 -1.0 -1.0 -1.0 -1.0 
15.19 53.86 2.0 -1.0 13.39141661 146.2549972349682 0.5482440125568449 0.006912089747669086 15.712417338923295 8.0 15.86847685338822 8.0 13.391399988904597 146.2310133398117 
15.19 53.86 2.0 -1.0 0.618723247886 205.81292201146252 0.046255834094871634 0.019353851293473445 0.9299717031271731 1.0 -1.0 -1.0 -1.0 -1.0 
15.19 53.86 2.0 -1.0 1.35421422194 308.71938301719376 0.03677532806403433 0.06220880772902178 1.725439980381824 2.0 -1.0 -1.0 -1.0 -1.0 
15.19 53.86 2.0 -1.0 9.93255637407 44.92316254525622 2.8976518526871895 0.017971433343939622 66.6345778447179 32.0 66.745399359282 32.0 9.932561321572091 44.93188229956846 
15.19 53.86 2.0 -1.0 0.453891 0.0 1.8328474204317418 0.016589015394405805 19.464463427528035 32.0 -1.0 -1.0 -1.0 -1.0 
15.19 53.86 2.0 -1.0 0.724541971 102.90646100573126 2.9644709215878002 0.02488352309160871 46.823979939112704 32.0 46.89847666045509 32.0 0.7245337959223738 103.12069383617174 
15.64 55.03 2.0 -1.0 156.599195693311 63.48356109213824 0.1488734599008061 0.020736269243007255 0.5305618263452048 1.0 -1.0 -1.0 -1.0 -1.0 
15.64 55.03 2.0 -1.0 0.801089 109.91427038602876 0.08507324120391956 0.06359122567855559 1.5890972087418285 1.0 -1.0 -1.0 -1.0 -1.0 
15.64 55.03 2.0 -1.0 0.970346 0.0 0.2634159475634402 0.10644618211410392 1.5129955036039255 8.0 -1.0 -1.0 -1.0 -1.0 
15.64 55.03 2.0 -1.0 1.57618 108.6752486492536 0.314159151265845 0.04976704618321742 0.6166012622722659 8.0 -1.0 -1.0 -1.0 -1.0 
15.64 55.03 2.0 -1.0 0.0039513335998734465 326.0257459477608 0.022878942329845036 0.017971433343939622 1.0518694174893364 16.0 -1.0 -1.0 -1.0 -1.0 
15.64 55.03 2.0 -1.0 23.057654430953995 137.6292302875786 1.24999907309771 0.013824179495338172 16.959823009483774 8.0 16.959823504327 8.0 23.057630945307515 137.62918902570516 
15.64 55.03 2.0 -1.0 0.7310895701613709 61.62502848697549 2.9460962052327924 0.08294507697202903 15.020947567079467 8.0 15.06443484211216 8.0 0.731112474265198 61.933135061567334 
15.64 55.03 2.0 -1.0 0.1423857038953062 91.10070348815317 1.4174741629268062 0.019353851293473442 18.659938067992506 32.0 19.89708943481153 32.0 0.14239655380758148 91.28053566263681 
15.64 55.03 2.0 -1.0 28.224759634040677 62.6032035423243 8.033235319613656 0.012441761545804354 201.13289671120538 16.0 201.19761366000245 16.0 28.22477351098011 62.64152059331728 
15.64 55.03 2.0 -1.0 0.9319943359 217.3504972985072 7.2926654131761595 0.056679135930886505 51.041175133539234 16.0 51.475712084459914 16.0 0.9319895373967787 217.57555618034272 
155.71 56.42 2.0 -1.0 2.8936595854908 24.317382203613974 0.02316522291218108 0.03456044873834543 0.7763500297153829 16.0 -1.0 -1.0 -1.0 -1.0 
155.71 56.42 2.0 -1.0 0.03110692935198607 20.60732842330429 0.4398092168823045 0.017971433343939622 2.306688734545668 1.0 -1.0 -1.0 -1.0 -1.0 
155.71 56.42 2.0 -1.0 0.002115023153604762 7.787439618075775 0.11000290147540624 0.07326815132529232 2.4076939089631084 1.0 -1.0 -1.0 -1.0 -1.0 
155.71 56.42 2.0 -1.0 252.67407210877 76.39282354901691 0.5084761966519021 0.10921101801317155 1.5328303435280275 1.0 -1.0 -1.0 -1.0 -1.0 
155.71 56.42 2.0 -1.0 109.99844724197537 53.96107924034581 0.7015919679774667 0.017971433343939622 5.242626886855798 2.0 -1.0 -1.0 -1.0 -1.0 
155.71 56.42 2.0 -1.0 0.742167900236 81.62118316681307 0.06717113988391868 0.013824179495338172 2.035387206833819 16.0 -1.0 -1.0 -1.0 -1.0 
155.71 56.42 2.0 -1.0 2.27174930502 122.4317747502196 0.2471947847766056 0.016589015394405805 2.566428721168911 1.0 -1.0 -1.0 -1.0 -1.0 
155.71 56.42 2.0 -1.0 0.0021443838166475015 120.63184766868322 3.375614434310193 0.012441761545804354 6.991810782922279 8.0 -1.0 -1.0 -1.0 -1.0 
155.71 56.42 2.0 -1.0 0.004252814799581741 0.0 3.8358214714603345 0.031795612839277794 3.4827205905068874 16.0 -1.0 -1.0 -1.0 -1.0 
155.71 56.42 2.0 -1.0 3.100775 40.810591583406534 1.8341140706762948 0.06082638977948796 15.087151717888906 8.0 15.108159679766734 8.0 3.1007706032445035 40.883964975283 
156.87 56.42 2.0 -1.0 184.614253 49.91672931069371 0.0776048723514451 0.013824179495338172 0.6524479052015584 2.0 -1.0 -1.0 -1.0 -1.0 
156.87 56.42 2.0 -1.0 0.2015142891 117.70698605579985 0.2581910561960041 0.011059343596270537 3.090064925780812 16.0 -1.0 -1.0 -1.0 -1.0 
156.87 56.42 2.0 -1.0 0.0025418332638687128 0.0 0.42870960754281573 0.024883523091608708 1.005455207198381 1.0 -1.0 -1.0 -1.0 -1.0 
156.87 56.42 2.0 -1.0 0.002361643206703525 40.60836192153824 0.8625684705825069 0.011059343596270537 4.541877346801042 1.0 -1.0 -1.0 -1.0 -1.0 
156.87 56.42 2.0 -1.0 0.701967086843 81.21672384307648 0.0807217742540839 0.016589015394405805 1.8341255124783202 32.0 -1.0 -1.0 -1.0 -1.0 
156.87 56.42 2.0 -1.0 0.2015142891 121.82508576461471 0.013092171966844394 0.03317803078881161 3.0911222956943956 16.0 -1.0 -1.0 -1.0 -1.0 
156.87 56.42 2.0 -1.0 265.8152125688832 47.33377919747256 1.653567173740338 0.017971433343939622 12.960828061574073 1.0 12.960828204487525 1.0 265.81498483816785 47.360632694139724 
156.87 56.42 2.0 -1.0 0.25640622895786946 66.30384205730905 2.0357801389985517 0.013824179495338172 60.95351463114353 32.0 61.25871359214787 32.0 0.2564168729198476 66.99303171692412 
156.87 56.42 2.0 -1.0 0.003302992313449221 4.373957974747142 2.6579233608580393 0.015206597444871989 3.5891929236274818 32.0 -1.0 -1.0 -1.0 -1.0 
156.87 56.42 2.0 -1.0 0.025529235825387523 116.11091782546036 3.5330909349505513 0.02073626924300726 11.869741092611415 32.0 11.869740787792251 32.0 0.025526484629760187 113.13928921377821 
158.39 55.25 2.0 -1.0 18.90166 30.743547659433247 0.3037024146099722 0.03732528463741306 4.208842797330143 8.0 -1.0 -1.0 -1.0 -1.0 
158.39 55.25 2.0 -1.0 24.009604 61.5353962578444 0.5577950391413088 0.019353851293473442 8.083114014980021 4.0 8.08311402049204 4.0 24.009689999123417 61.52834332913878 
158.39 55.25 2.0 -1.0 4.1785550317 56.45172243042044 0.26579233608580394 0.022118687192541075 7.325647918481514 16.0 7.92173216715939 16.0 4.1785824578255415 56.2660508075677 
158.39 55.25 2.0 -1.0 3.18414434133 47.32284496359737 0.25289502973203115 0.02350110514207489 3.4606450843143026 32.0 -1.0 -1.0 -1.0 -1.0 
158.39 55.25 2.0 -1.0 223.2232854038148 32.50653193212659 0.019236604356197163 0.030413194889743977 1.4744810422792674 2.0 -1.0 -1.0 -1.0 -1.0 
158.39 55.25 2.0 -1.0 0.61894065595 13.717466669723555 0.04017541726172728 0.020736269243007255 2.555307072176649 8.0 -1.0 -1.0 -1.0 -1.0 
158.39 55.25 2.0 -1.0 2.698764 0.0 0.039188560946779236 0.019353851293473442 0.8768595658011807 1.0 -1.0 -1.0 -1.0 -1.0 
158.39 55.25 2.0 -1.0 0.003364269329216067 40.24675740333504 0.06216978392254384 0.026265941041142528 3.605217597042666 1.0 -1.0 -1.0 -1.0 -1.0 
158.39 55.25 2.0 -1.0 0.6457791716938079 80.49351480667008 0.6400009491490016 0.02211868719254107 11.12404686901166 32.0 11.155922526466648 32.0 0.6457715547488382 80.55355475328038 
158.39 55.25 2.0 -1.0 0.004577298591068276 120.74027221000512 0.24447745947558114 0.01520659744487199 3.5053800639987562 1.0 -1.0 -1.0 -1.0 -1.0 
16.76 55.03 2.0 -1.0 486.154230881221 63.59927178822499 0.11545327069384025 0.06220880772902177 1.3656257007606583 1.0 -1.0 -1.0 -1.0 -1.0 
16.76 55.03 2.0 -1.0 2.515150138446 156.07463821476065 0.7333081784913691 0.016589015394405805 12.631125044946854 32.0 12.76510236297807 32.0 2.515146964772915 155.94601491809684 
16.76 55.03 2.0 -1.0 0.1323466 108.8733296713682 0.07383917380647688 0.06635606157762322 1.6887945945261023 2.0 -1.0 -1.0 -1.0 -1.0 
16.76 55.03 2.0 -1.0 0.45630888762 217.7466593427364 0.013922408471454342 0.04700221028414978 2.434683385423024 32.0 -1.0 -1.0 -1.0 -1.0 
16.76 55.03 2.0 -1.0 429.184549 326.6199890141046 0.021859184887200275 0.038707702586946884 -0.24308159094358872 1.0 -1.0 -1.0 -1.0 -1.0 
16.76 55.03 2.0 -1.0 0.80130712057 200.7607213202007 6.670869092409146 0.058061553880420315 51.91868534015146 16.0 52.199998138178024 16.0 0.801325465242068 200.675501351451 
16.76 55.03 2.0 -1.0 0.8026608259746 115.04706483725137 1.0216471553317565 0.01520659744487199 24.50360038418887 32.0 24.790845077303462 32.0 0.8026593908046683 114.96085200970668 
16.76 55.03 2.0 -1.0 5.7291241736163805 28.059463002611846 3.0496389432454394 0.013824179495338174 85.9309895741388 32.0 86.93170770007922 32.0 5.729119341898089 28.031827470676713 
16.76 55.03 2.0 -1.0 0.7790225779 98.51844053070701 2.487365314604511 0.031795612839277794 31.480556655925056 16.0 32.201964913143556 16.0 0.7790125285585722 98.46558891324348 
16.76 55.03 2.0 -1.0 3.5852282245022074 0.0 2.562364236117258 0.06773847952715704 6.791757252913717 8.0 -1.0 -1.0 -1.0 -1.0 
169.02 56.43 2.0 -1.0 0.3652624619393678 89.05389873683993 0.019343214725462587 0.027648358990676348 1.26700537538734 1.0 -1.0 -1.0 -1.0 -1.0 
169.02 56.43 2.0 -1.0 2.996958107478261 40.05731070330498 0.23715784958474712 0.029030776940210157 2.542588596750142 8.0 -1.0 -1.0 -1.0 -1.0 
169.02 56.43 2.0 -1.0 0.288597141714 25.60255768697235 0.022193951030734772 0.016589015394405805 1.447037268080436 1.0 -1.0 -1.0 -1.0 -1.0 
169.02 56.43 2.0 -1.0 88.63067025815513 90.05883710337558 0.03333897897859852 0.03456044873834543 0.993469698032497 2.0 -1.0 -1.0 -1.0 -1.0 
169.02 56.43 2.0 -1.0 1.555307 0.0 0.2634159475634402 0.08985716671969811 0.372894373756474 4.0 -1.0 -1.0 -1.0 -1.0 
169.02 56.43 2.0 -1.0 0.026607250597988085 38.94720436817838 0.03669918888002356 0.026265941041142528 2.7382024065153594 4.0 -1.0 -1.0 -1.0 -1.0 
169.02 56.43 2.0 -1.0 316.48368670253 116.84161310453516 0.13627413729677892 0.006912089747669087 1.0368188617424423 1.0 -1.0 -1.0 -1.0 -1.0 
169.02 56.43 2.0 -1.0 0.01719488041013931 26.993111938341453 1.6040596785870795 0.006912089747669086 7.707336351900784 32.0 -1.0 -1.0 -1.0 -1.0 
169.02 56.43 2.0 -1.0 5.8086556360048 51.25185669331845 2.251828199773005 0.011059343596270537 84.79836531701208 32.0 84.96093511028528 32.0 5.808669811813161 51.30735208531804 
169.02 56.43 2.0 -1.0 2.3427772328 77.89440873635677 1.911736987624171 0.07603298722435994 8.434449959085239 4.0 9.687910565881245 8.0 2.342858351767063 77.82121055938771 
17.32 55.03 2.0 -1.0 2.06222270715 77.27926680004005 0.10118135941650402 0.03317803078881161 0.8217985397872388 2.0 -1.0 -1.0 -1.0 -1.0 
17.32 55.03 2.0 -1.0 3.0666178824950348 158.22291881667812 0.07496999618546879 0.019353851293473442 2.0452292024284002 8.0 -1.0 -1.0 -1.0 -1.0 
17.32 55.03 2.0 -1.0 0.634563531429 58.59744574041987 0.031156549511556473 0.026265941041142528 0.7894956173932669 8.0 -1.0 -1.0 -1.0 -1.0 
17.32 55.03 2.0 -1.0 137.7782525504162 59.742566120606746 0.03207381464353671 0.017971433343939625 0.20118449072601444 2.0 -1.0 -1.0 -1.0 -1.0 
17.32 55.03 2.0 -1.0 35.662175932705 60.56050924931166 0.05063728905905742 0.016589015394405805 1.958829177286927 1.0 -1.0 -1.0 -1.0 -1.0 
17.32 55.03 2.0 -1.0 0.358562007983 33.24120875056761 0.16185305906356484 0.03456044873834543 0.8997510741842798 2.0 -1.0 -1.0 -1.0 -1.0 
17.32 55.03 2.0 -1.0 5.250105943146989 0.0 0.04237041388009732 0.022118687192541075 0.5841740142946108 1.0 -1.0 -1.0 -1.0 -1.0 
17.32 55.03 2.0 -1.0 3.346415259444355 109.04817791893883 0.552807921196648 0.04423737438508215 3.194993135902379 8.0 -1.0 -1.0 -1.0 -1.0 
17.32 55.03 2.0 -1.0 1.5462713682502525 218.09635583787767 0.015831422964399676 0.01520659744487199 1.5612241969843976 8.0 -1.0 -1.0 -1.0 -1.0 
17.32 55.03 2.0 -1.0 0.396239 327.1445337568165 0.19064614273734584 0.06773847952715704 2.1797691427286088 1.0 -1.0 -1.0 -1.0 -1.0 
17.88 55.03 2.0 -1.0 2.820474141608 86.34716393237187 0.02608805156199015 0.006912089747669087 2.270207016147848 4.0 -1.0 -1.0 -1.0 -1.0 
17.88 55.03 2.0 -1.0 1.636554 32.86763014199961 0.5574098225214513 0.045619792334615966 5.07588725360522 8.0 -1.0 -1.0 -1.0 -1.0 
17.88 55.03 2.0 -1.0 0.02307439124125024 71.86312353081271 0.035551267203640914 0.038707702586946884 0.6706263018795685 16.0 -1.0 -1.0 -1.0 -1.0 
17.88 55.03 2.0 -1.0 2.7337872008546404 53.67614972342509 0.09890073518198203 0.013824179495338172 0.37168560356055313 32.0 -1.0 -1.0 -1.0 -1.0 
17.88 55.03 2.0 -1.0 0.813613 60.59047670244994 0.3984373436262631 0.04147253848601452 2.493462889520452 1.0 -1.0 -1.0 -1.0 -1.0 
17.88 55.03 2.0 -1.0 3.63362703526 0.0 0.2262744216607843 0.015206597444871989 2.3623484773738133 32.0 -1.0 -1.0 -1.0 -1.0 
17.88 55.03 2.0 -1.0 4.39777931 218.44030162170432 0.04093183418410041 0.031795612839277794 3.042895173200942 32.0 -1.0 -1.0 -1.0 -1.0 
17.88 55.03 2.0 -1.0 1.7505409271745818 327.6604524325565 0.7079213307799325 0.009676925646736721 25.246596461143568 32.0 25.413099635482627 32.0 1.7505347689924142 327.5777094677997 
17.88 55.03 2.0 -1.0 3.01978 50.23537089500041 1.4501607341826344 0.02073626924300726 30.86852540022786 32.0 31.00925650109618 32.0 3.019795258296654 50.29537275424667 
17.88 55.03 2.0 -1.0 1.987795 109.22015081085216 1.7989765511541298 0.045619792334615966 15.501921845673124 16.0 16.031202131884882 16.0 1.9877916201949122 109.29376775570705 
173.65 56.43 2.0 -1.0 45.102610653564696 13.83252059786579 0.2867779491143187 0.08432749492156286 1.8992979961184122 2.0 -1.0 -1.0 -1.0 -1.0 
173.65 56.43 2.0 -1.0 204.55934656546316 45.46458066071105 0.035526715283987924 0.06082638977948796 0.49706242171036075 1.0 -1.0 -1.0 -1.0 -1.0 
173.65 56.43 2.0 -1.0 12.285441161466956 91.90067614602137 0.2546481902546703 0.03732528463741307 2.1141903922104013 8.0 -1.0 -1.0 -1.0 -1.0 
173.65 56.43 2.0 -1.0 0.014111716139277362 27.45685944760316 0.2406235522250666 0.10091651031596865 1.9468000267477112 8.0 -1.0 -1.0 -1.0 -1.0 
173.65 56.43 2.0 -1.0 0.81742601326 38.54832036177816 0.3822594545999752 0.011059343596270537 9.5942602641548 32.0 9.622234109108632 32.0 0.8174235214634489 38.86000631314029 
173.65 56.43 2.0 -1.0 0.02850604555160601 77.09664072355632 0.10856843319584761 0.009676925646736721 2.779457079599822 8.0 -1.0 -1.0 -1.0 -1.0 
173.65 56.43 2.0 -1.0 0.3737524374439566 80.87860914788918 8.661512956629936 0.03041319488974398 126.70880373048092 32.0 127.43616538120101 32.0 0.37374168944855535 81.56553408435174 
173.65 56.43 2.0 -1.0 0.764175 93.6817866577867 1.4693210878159408 0.02073626924300726 34.39940724953895 32.0 34.39940841954951 32.0 0.7641877649196734 93.70928605720809 
173.65 56.43 2.0 -1.0 0.878622905444995 0.0 3.592158867031385 0.07741540517389377 7.857369078281788 8.0 -1.0 -1.0 -1.0 -1.0 
173.65 56.43 2.0 -1.0 4.279869765973 115.64496108533447 1.4273006104727985 0.022118687192541075 9.141478700070595 2.0 9.141478865292312 2.0 4.279718268662691 108.5853822239571 
174.81 56.43 2.0 -1.0 1.18994040124844 70.21639481143828 0.068625203982797 0.016589015394405805 2.0028861959873017 8.0 -1.0 -1.0 -1.0 -1.0 
174.81 56.43 2.0 -1.0 269.687163 32.98671683998767 0.2429621118496883 0.01520659744487199 0.2212993903763591 1.0 -1.0 -1.0 -1.0 -1.0 
174.81 56.43 2.0 -1.0 0.3211609168549823 38.428775682516225 0.736862980950253 0.035942866687879244 3.6470074436132585 16.0 -1.0 -1.0 -1.0 -1.0 
174.81 56.43 2.0 -1.0 44.895817333942624 39.15515218056559 4.073436927058742 0.03456044873834543 40.26453347369272 8.0 40.2645326705645 8.0 44.89581139447789 39.163600112461694 
174.81 56.43 2.0 -1.0 0.03363455717906837 43.478821811811784 3.801526268472719 0.012441761545804354 36.16932832463255 32.0 -1.0 -1.0 -1.0 -1.0 
174.81 56.43 2.0 -1.0 1.56246161188 20.200184517182244 5.095311235830817 0.04285495643554833 -inf 1.0 -1.0 -1.0 -1.0 -1.0 
174.81 56.43 2.0 -1.0 0.0068902549872972155 81.64241242361157 8.100108739552656 0.06497364362808941 4.0717876254700185 8.0 -1.0 -1.0 -1.0 -1.0 
174.81 56.43 2.0 -1.0 0.859107 0.0 3.410776682707007 0.08432749492156286 5.322345839862809 8.0 -1.0 -1.0 -1.0 -1.0 
174.81 56.43 2.0 -1.0 6.59709182778 76.85755136503245 3.690257789846957 0.017971433343939622 99.99121291746437 32.0 100.25975729262545 32.0 6.5970804522900535 76.80923122831634 
174.81 56.43 2.0 -1.0 0.827339092144 115.28632704754867 1.8002197938065532 0.027648358990676344 12.327365161775388 16.0 12.327364712043275 16.0 0.8273370137127738 108.38298635774281 
18.43 55.03 2.0 -1.0 0.5348799301340531 55.17068127909668 0.017199806154973397 0.017971433343939625 1.0338779518816608 1.0 -1.0 -1.0 -1.0 -1.0 
18.43 55.03 2.0 -1.0 1.952192814966 9.58348538578003 0.032949724307776485 0.11197585391223919 0.3865383246695997 1.0 -1.0 -1.0 -1.0 -1.0 
18.43 55.03 2.0 -1.0 28.107357409599 147.82198006011387 0.9774600356461515 0.01520659744487199 8.122820517963657 4.0 8.399169062375401 4.0 28.10726679551105 147.74898233641878 
18.43 55.03 2.0 -1.0 3.4672047206 82.80525215179115 0.049257146235465336 0.024883523091608708 2.3886727743694465 32.0 -1.0 -1.0 -1.0 -1.0 
18.43 55.03 2.0 -1.0 5.486065 223.04577630740096 0.17295128471299193 0.04009012053648069 1.059522417139704 8.0 -1.0 -1.0 -1.0 -1.0 
18.43 55.03 2.0 -1.0 2.274361 115.00182462936036 0.05846240640937591 0.02350110514207489 1.9347775186865896 2.0 -1.0 -1.0 -1.0 -1.0 
18.43 55.03 2.0 -1.0 0.0040061858478016125 0.0 0.22847352570395624 0.027648358990676344 1.5072116704508844 16.0 -1.0 -1.0 -1.0 -1.0 
18.43 55.03 2.0 -1.0 6.107714243738 109.3895780507015 0.721249970799335 0.045619792334615966 4.535389754865507 8.0 -1.0 -1.0 -1.0 -1.0 
18.43 55.03 2.0 -1.0 1.10742 218.779156101403 0.374936219222589 0.024883523091608708 2.9468441924307376 16.0 -1.0 -1.0 -1.0 -1.0 
18.43 55.03 2.0 -1.0 0.0386064318053542 328.1687341521045 0.2250273073630341 0.012441761545804354 1.7872394203848339 16.0 -1.0 -1.0 -1.0 -1.0 
18.99 55.03 2.0 -1.0 2.76203446627 202.30068531696656 0.966047542040352 0.02350110514207489 15.734480354877807 16.0 15.857293103716145 16.0 2.762014143324147 202.29466828116517 
18.99 55.03 2.0 -1.0 0.004949232032673308 28.529162445999507 0.06360340234416484 0.011059343596270536 2.8081151053904514 8.0 -1.0 -1.0 -1.0 -1.0 
18.99 55.03 2.0 -1.0 1.2288412978165664 20.34510547704343 0.4654433038693023 0.012441761545804354 13.415590504381479 32.0 13.53890270646079 32.0 1.2288486080554626 20.138388688320095 
18.99 55.03 2.0 -1.0 4.4291820318041 109.54803966879764 0.17152342191960426 0.013824179495338172 1.4642114667550643 32.0 -1.0 -1.0 -1.0 -1.0 
18.99 55.03 2.0 -1.0 0.5218245 219.09607933759528 0.22239996444081098 0.056679135930886505 0.9455016932464602 1.0 -1.0 -1.0 -1.0 -1.0 
18.99 55.03 2.0 -1.0 426.51934403983 328.64411900639294 0.03654738309850336 0.03317803078881161 1.3742995900570374 1.0 -1.0 -1.0 -1.0 -1.0 
18.99 55.03 2.0 -1.0 3.7414393324491 49.17007721107749 1.024474257441211 0.031795612839277794 11.603385119155556 16.0 11.603384307805472 16.0 3.741418671173354 49.182195490068175 
18.99 55.03 2.0 -1.0 205.22225531037 181.98844753859365 3.7158400018911237 0.022118687192541075 22.305280386702524 1.0 22.305280550207705 1.0 205.22177995493016 181.9538837266308 
18.99 55.03 2.0 -1.0 0.001341933801856741 161.38040047218615 5.252572277723245 0.02488352309160871 5.509197982682215 2.0 -1.0 -1.0 -1.0 -1.0 
18.99 55.03 2.0 -1.0 0.664187 0.0 9.19171054608519 0.07603298722435994 10.777345116775791 16.0 -1.0 -1.0 -1.0 -1.0 
181.98 55.26 2.0 -1.0 0.654397111 14.991124534482694 0.1252592424949464 0.02073626924300726 2.278409718526463 32.0 -1.0 -1.0 -1.0 -1.0 
181.98 55.26 2.0 -1.0 12.6998621581 40.31122418120309 0.2985021714522505 0.016589015394405805 3.6034374915543435 16.0 -1.0 -1.0 -1.0 -1.0 
181.98 55.26 2.0 -1.0 100.80135882925016 59.80645917446485 0.08703500716290852 0.016589015394405805 1.482604840549959 2.0 -1.0 -1.0 -1.0 -1.0 
181.98 55.26 2.0 -1.0 0.03721287955679095 18.727617170712943 0.028796913017838353 0.03041319488974398 1.783075165682221 8.0 -1.0 -1.0 -1.0 -1.0 
181.98 55.26 2.0 -1.0 0.685533 55.57327265305595 0.013301860569649207 0.04009012053648069 2.1995917149974256 8.0 -1.0 -1.0 -1.0 -1.0 
181.98 55.26 2.0 -1.0 0.00820494416964135 37.624561802282244 0.16387830076108614 0.12165277955897592 1.1809275001502706 8.0 -1.0 -1.0 -1.0 -1.0 
181.98 55.26 2.0 -1.0 282.535701428469 75.24912360456449 0.17463215463497664 0.04147253848601452 0.3311827375414364 1.0 -1.0 -1.0 -1.0 -1.0 
181.98 55.26 2.0 -1.0 0.821629025162 112.87368540684673 0.08978324947588143 0.056679135930886505 1.0359031970675998 2.0 -1.0 -1.0 -1.0 -1.0 
181.98 55.26 2.0 -1.0 98.96535646146744 82.76726286658668 4.841372476313745 0.02626594104114253 34.24649834981045 2.0 34.24649845815715 2.0 98.96563521275918 82.77990928163737 
181.98 55.26 2.0 -1.0 3.46801177677 0.0 7.755127795831871 0.027648358990676344 139.6707911609125 32.0 -1.0 -1.0 -1.0 -1.0 
182.54 55.26 2.0 -1.0 0.785012 40.3004056208399 0.010041536703492851 0.03456044873834543 1.0904606058428088 1.0 -1.0 -1.0 -1.0 -1.0 
182.54 55.26 2.0 -1.0 31.953380185111733 19.1460773624203 0.19343214725462585 0.01520659744487199 1.0027931440324545 4.0 -1.0 -1.0 -1.0 -1.0 
182.54 55.26 2.0 -1.0 0.001431107536828458 26.49086013374359 0.2921773626975146 0.015206597444871989 1.1998087940840065 2.0 -1.0 -1.0 -1.0 -1.0 
182.54 55.26 2.0 -1.0 57.80624908500715 49.664721596566984 0.33639744242527675 0.022118687192541075 1.1262459393836375 4.0 -1.0 -1.0 -1.0 -1.0 
182.54 55.26 2.0 -1.0 2.721551083248 58.11517059153033 0.029726742058157247 0.006912089747669086 2.3272423881565847 16.0 -1.0 -1.0 -1.0 -1.0 
182.54 55.26 2.0 -1.0 0.0016502206479446465 0.0 0.5008065115563315 0.022118687192541075 0.871597305053775 2.0 -1.0 -1.0 -1.0 -1.0 
182.54 55.26 2.0 -1.0 1.22352355821 37.60393391216669 0.4814689191514564 0.03041319488974398 5.6291025306581055 16.0 -1.0 -1.0 -1.0 -1.0 
182.54 55.26 2.0 -1.0 10.78643292 75.20786782433338 0.8246917104001704 0.03041319488974398 10.022729750635413 8.0 10.022729485996049 8.0 10.786485897066694 75.19006429860217 
182.54 55.26 2.0 -1.0 1.37333511678 112.81180173650006 0.041301097859493346 0.006912089747669086 1.1770818683490218 8.0 -1.0 -1.0 -1.0 -1.0 
182.54 55.26 2.0 -1.0 0.0018426428931229803 9.691502919457301 1.098510166047577 0.038707702586946884 1.219200889523834 2.0 -1.0 -1.0 -1.0 -1.0 
19.55 55.03 2.0 -1.0 3.207184 27.167966613754015 0.0451196203330497 0.07188573337575849 0.7962176156718527 2.0 -1.0 -1.0 -1.0 -1.0 
19.55 55.03 2.0 -1.0 0.0015833605930140066 34.54448118524601 0.5278034774114226 0.008294507697202903 5.5501877067317285 2.0 -1.0 -1.0 -1.0 -1.0 
19.55 55.03 2.0 -1.0 1.3012367996509 41.03186230392424 0.4702916161939979 0.013824179495338172 11.29658803093983 32.0 11.744526328752322 32.0 1.3012443863165877 41.18755877460441 
19.55 55.03 2.0 -1.0 0.499765 0.0 0.08941186207550403 0.017971433343939622 0.6726698457746434 1.0 -1.0 -1.0 -1.0 -1.0 
19.55 55.03 2.0 -1.0 0.909379126021 109.75858511956623 0.09627163549856319 0.013824179495338172 3.000919821789783 8.0 -1.0 -1.0 -1.0 -1.0 
19.55 55.03 2.0 -1.0 173.708218965958 219.51717023913247 0.892884079763517 0.04423737438508214 2.086453365720705 1.0 -1.0 -1.0 -1.0 -1.0 
19.55 55.03 2.0 -1.0 128.25813729784 329.2757553586987 0.0831556933797168 0.09400442056829957 0.717863482043934 1.0 -1.0 -1.0 -1.0 -1.0 
19.55 55.03 2.0 -1.0 2.015344 18.704733377711854 1.1803402058496175 0.026265941041142528 18.249846962179138 32.0 18.52539940771935 32.0 2.0153493096586317 18.721617624820187 
19.55 55.03 2.0 -1.0 1.18486164335 128.66090370901446 5.850280880215022 0.038707702586946884 62.3191907177094 16.0 66.00233215475464 32.0 1.1848593809797119 128.82496884538432 
19.55 55.03 2.0 -1.0 4.61936868862 179.17685617628555 4.929118702665705 0.024883523091608708 96.77953984830822 32.0 96.96134573028496 32.0 4.619353906794762 179.22153953273815 
194.48 56.43 2.0 -1.0 17.485862788642 40.54241858026138 0.037649358067924674 0.019353851293473442 1.8587217287065796 2.0 -1.0 -1.0 -1.0 -1.0 
194.48 56.43 2.0 -1.0 0.022968596257459013 78.9079123875998 0.032029529200852905 0.009676925646736721 1.9695309442002444 1.0 -1.0 -1.0 -1.0 -1.0 
194.48 56.43 2.0 -1.0 155.2642352611918 61.05488499728818 0.44747118751276277 0.0027648358990676344 11.11105080057904 1.0 11.11105110391355 1.0 155.26408484826487 61.022353663603106 
194.48 56.43 2.0 -1.0 3.26978936174 0.0 0.7471147983930847 0.012441761545804354 20.188949413924323 32.0 -1.0 -1.0 -1.0 -1.0 
194.48 56.43 2.0 -1.0 0.922923422192 74.80093059950799 0.20957145722768147 0.03732528463741307 1.4784750085697045 4.0 -1.0 -1.0 -1.0 -1.0 
194.48 56.43 2.0 -1.0 9.410971404024096 54.34457049106169 1.7865912494267449 0.03041319488974398 27.540202822294624 16.0 27.84442458916009 16.0 9.410966110105317 54.343290078532114 
194.48 56.43 2.0 -1.0 212.765957 11.82720984876709 8.373215895525812 0.060826389779487955 30.646248087252385 2.0 30.646247764967566 2.0 212.7659778731565 11.840158173534931 
194.48 56.43 2.0 -1.0 1.330601 49.59797678515232 2.0856043462141063 0.08294507697202903 5.41530250116474 8.0 6.230995219225807 8.0 1.3306513816739123 51.30735208531804 
194.48 56.43 2.0 -1.0 342.465753 37.400465299753996 6.516004838727284 0.05529671798135269 27.747008101121516 1.0 27.747008198555697 1.0 342.4657431120674 37.443235249640374 
194.48 56.43 2.0 -1.0 1.143 112.201395899262 6.234182015477381 0.029030776940210157 76.02546569258949 16.0 76.02546553061232 16.0 1.1429923082080982 106.86501736113578 
195.06 56.43 2.0 -1.0 1.15226 36.55602261335043 0.02797336257603725 0.022118687192541075 1.4136367182847827 32.0 -1.0 -1.0 -1.0 -1.0 
195.06 56.43 2.0 -1.0 0.6890079310895 97.17977650528792 0.3218479632114377 0.012441761545804354 4.992107033064244 32.0 -1.0 -1.0 -1.0 -1.0 
195.06 56.43 2.0 -1.0 1.46195913357 65.45974092273984 0.5159068058447316 0.022118687192541075 11.35665753709989 16.0 11.376284661422439 32.0 1.461952100119864 65.4750627203171 
195.06 56.43 2.0 -1.0 1.88704458069 1.4362096054354987 0.03682617525797668 0.008294507697202903 1.3878920303982811 32.0 -1.0 -1.0 -1.0 -1.0 
195.06 56.43 2.0 -1.0 1.713648107847 65.44852053519737 0.4124407198270377 0.015206597444871989 6.359068603651515 16.0 6.489128175511136 32.0 1.7136396005904924 65.67745858653136 
195.06 56.43 2.0 -1.0 1.70068 112.19265503710587 0.010280191389284826 0.006912089747669085 1.2258365911488218 8.0 -1.0 -1.0 -1.0 -1.0 
195.06 56.43 2.0 -1.0 141.63006751692097 40.84221065457199 5.281682335805868 0.02073626924300726 49.31887600231756 2.0 49.31887639904484 2.0 141.629910406967 40.883964975283 
195.06 56.43 2.0 -1.0 0.2785177904653875 0.0 1.9940221259603996 0.02350110514207489 19.84651633246474 32.0 -1.0 -1.0 -1.0 -1.0 
195.06 56.43 2.0 -1.0 2.12042426647 37.39755167903529 6.67547921863847 0.05529671798135269 64.1264551498752 16.0 65.78106546321605 32.0 2.120426264203464 37.443235249640374 
195.06 56.43 2.0 -1.0 5.0214063292 74.79510335807058 2.7494379596855727 0.07465056927482613 17.322565030008445 8.0 17.52716801840563 8.0 5.021380881468455 74.88647049928075 
2.24 55.03 2.0 -1.0 59.665418222544 83.67450904421601 0.8448754276301367 0.013824179495338172 6.458410725396272 8.0 -1.0 -1.0 -1.0 -1.0 
2.24 55.03 2.0 -1.0 8.389566016290832 57.315385048864165 0.23261443611725988 0.18524400523753148 0.6818519293032063 1.0 -1.0 -1.0 -1.0 -1.0 
2.24 55.03 2.0 -1.0 19.363095610826207 68.06408680355594 0.09410167626613881 0.03456044873834543 1.644969455173715 16.0 -1.0 -1.0 -1.0 -1.0 
2.24 55.03 2.0 -1.0 10.9405323 0.0 0.0212193791684895 0.027648358990676344 -0.24482173196608736 32.0 -1.0 -1.0 -1.0 -1.0 
2.24 55.03 2.0 -1.0 0.10857111194022039 110.23207061042369 0.9821983945518493 0.017971433343939622 12.824661431286478 32.0 12.892154437339155 32.0 0.10856335090162854 112.12730988270685 
2.24 55.03 2.0 -1.0 2.93069668519 220.46414122084738 0.10641496346621235 0.031795612839277794 1.6959765948047627 2.0 -1.0 -1.0 -1.0 -1.0 
2.24 55.03 2.0 -1.0 0.3967613979300638 330.69621183127106 0.03557583609071558 0.015206597444871992 2.7906091105611455 8.0 -1.0 -1.0 -1.0 -1.0 
2.24 55.03 2.0 -1.0 5.5373591568 74.94325592655868 1.438188400122166 0.03456044873834543 9.973262741405659 16.0 10.153344385907872 16.0 5.537367542274296 74.88647049928075 
2.24 55.03 2.0 -1.0 0.115088121 42.16798380686775 1.4825764651044098 0.031795612839277794 4.673982119879273 32.0 -1.0 -1.0 -1.0 -1.0 
2.24 55.03 2.0 -1.0 5.751536555171 131.23338019266762 8.667498783590988 0.053914300031818865 58.47655192313327 8.0 59.62987860708616 16.0 5.751523228051762 131.2537192399556 
20.11 55.03 2.0 -1.0 1.61613383449 96.20134086619188 0.011909885623504696 0.015206597444871989 1.0634630541735304 4.0 -1.0 -1.0 -1.0 -1.0 
20.11 55.03 2.0 -1.0 0.2104307696878421 111.54735235942661 0.18596317084298622 0.01520659744487199 1.6520073585476927 1.0 -1.0 -1.0 -1.0 -1.0 
20.11 55.03 2.0 -1.0 0.8125946329902368 41.35172559359809 0.04953013217684496 0.03456044873834543 2.2728225556268007 4.0 -1.0 -1.0 -1.0 -1.0 
20.11 55.03 2.0 -1.0 0.04098312229597392 0.0 0.46737660191985736 0.08985716671969811 1.2324794933098375 4.0 -1.0 -1.0 -1.0 -1.0 
20.11 55.03 2.0 -1.0 2.08696826121 109.996250122476 0.0488842455453372 0.019353851293473442 1.1065499641187495 1.0 -1.0 -1.0 -1.0 -1.0 
20.11 55.03 2.0 -1.0 1.721551635017 219.992500244952 0.7972419798951421 0.01382417949533817 24.9225491943684 32.0 24.99529694578099 32.0 1.7215522044959168 219.90310864180685 
20.11 55.03 2.0 -1.0 9.808365445406661 329.988750367428 0.251501195620805 0.03041319488974398 2.263685050189679 8.0 -1.0 -1.0 -1.0 -1.0 
20.11 55.03 2.0 -1.0 0.89398205209 37.523473264102975 1.5996331735108558 0.022118687192541075 31.995273796164792 32.0 32.38333945869243 32.0 0.8939726588626703 37.443235249640374 
20.11 55.03 2.0 -1.0 0.74364701461 37.78749066613712 1.8315816449434905 0.06497364362808941 7.786544420464852 8.0 7.931910036418581 16.0 0.7436635011496644 36.33005798546188 
20.11 55.03 2.0 -1.0 0.73182352685 4.09226973152926 7.912064681527268 0.012441761545804354 230.8549521876985 32.0 231.9486153305801 32.0 0.7318097535365572 4.149115257392582 
20.67 55.03 2.0 -1.0 375.85602004288 122.29607973832105 0.13912793572153864 0.08294507697202903 0.8198309662415183 1.0 -1.0 -1.0 -1.0 -1.0 
20.67 55.03 2.0 -1.0 0.17916629069406123 100.20473813064164 0.2585480425615838 0.016589015394405805 3.988686307502572 16.0 -1.0 -1.0 -1.0 -1.0 
20.67 55.03 2.0 -1.0 0.00721428470441448 35.58425684111235 0.3692808065379914 0.022118687192541075 1.052212780216522 8.0 -1.0 -1.0 -1.0 -1.0 
20.67 55.03 2.0 -1.0 106.97507197376 91.37481566170392 0.02645100905743632 0.02350110514207489 1.1067326041316603 2.0 -1.0 -1.0 -1.0 -1.0 
20.67 55.03 2.0 -1.0 1.2985102380369886 0.0 0.08252616410692565 0.009676925646736721 1.462577265344124 1.0 -1.0 -1.0 -1.0 -1.0 
20.67 55.03 2.0 -1.0 0.008953561031815726 110.22521194370582 0.5137727631521563 0.029030776940210157 0.18983288761504377 8.0 -1.0 -1.0 -1.0 -1.0 
20.67 55.03 2.0 -1.0 0.80262320764 220.45042388741163 0.1690529689206087 0.06773847952715704 1.9430227423053494 1.0 -1.0 -1.0 -1.0 -1.0 
20.67 55.03 2.0 -1.0 0.785012 45.3070928181449 2.3634006668682335 0.022118687192541075 45.06548004833 32.0 45.555614383052365 32.0 0.7850151935902735 45.23547609888986 
20.67 55.03 2.0 -1.0 0.003302992313449221 54.56693660579496 1.2033945513880444 0.02350110514207489 3.441463469343164 1.0 -1.0 -1.0 -1.0 -1.0 
20.67 55.03 2.0 -1.0 4.580013 330.67563583111746 9.281042462954986 0.09262200261876576 52.34546389426312 8.0 52.473751888075874 8.0 4.579972786207994 330.51244952790665 
204.06 80.37 2.0 -1.0 3.2070528011 76.55204681223366 6.6939516053936705 0.015206597444871992 453.11818608035435 32.0 453.67200332485305 32.0 3.207052638269185 76.60683536210207 
204.06 80.37 2.0 -1.0 3.0246300939145647 19.23000499413596 4.465447487050318 0.015206597444871992 326.0517367298542 32.0 326.11396506727067 32.0 3.02463073846108 19.227607290355866 
204.06 80.37 2.0 -1.0 5.029204318571 0.0 7.994481079808956 0.0400901205364807 194.72020138266228 16.0 -1.0 -1.0 -1.0 -1.0 
204.06 80.37 2.0 -1.0 2.53578996532 45.42424283873505 1.0575537029719833 0.031795612839277794 35.32054466888145 32.0 35.32732426046896 32.0 2.5357849153806455 45.539069898211274 
21.23 55.03 2.0 -1.0 1.724 108.3781148190616 0.18353815962816797 0.02073626924300726 2.009171252271568 2.0 -1.0 -1.0 -1.0 -1.0 
21.23 55.03 2.0 -1.0 1.02145 85.98019197660192 0.010759774765112088 0.01520659744487199 2.1095713950064954 16.0 -1.0 -1.0 -1.0 -1.0 
21.23 55.03 2.0 -1.0 216.3733370950632 103.70635872322312 0.21146209145153 0.008294507697202903 2.1724000745148855 2.0 -1.0 -1.0 -1.0 -1.0 
21.23 55.03 2.0 -1.0 0.015757197976037262 44.199451289705955 0.0228947535848214 0.016589015394405805 2.2306349046705347 32.0 -1.0 -1.0 -1.0 -1.0 
21.23 55.03 2.0 -1.0 8.428208952531248 31.807701078049263 0.20245599113661636 0.02350110514207489 3.3344328274710846 16.0 -1.0 -1.0 -1.0 -1.0 
21.23 55.03 2.0 -1.0 5.22349606796 0.0 0.4821346193585811 0.03041319488974398 3.2230132548332517 16.0 -1.0 -1.0 -1.0 -1.0 
21.23 55.03 2.0 -1.0 0.0016963552480874539 220.86472436070457 0.091221248013141 0.016589015394405805 2.80081035481056 2.0 -1.0 -1.0 -1.0 -1.0 
21.23 55.03 2.0 -1.0 0.001457657401549976 331.29708654105684 0.38015262684727213 0.045619792334615966 4.65256398771048 2.0 -1.0 -1.0 -1.0 -1.0 
21.23 55.03 2.0 -1.0 0.11263689558758383 24.91603251113859 9.567491384329692 0.09400442056829957 2.2363936382323484 4.0 -1.0 -1.0 -1.0 -1.0 
21.23 55.03 2.0 -1.0 4.545455 110.43236218035229 8.910354636170874 0.006912089747669086 407.4543357018761 32.0 407.5251693354523 32.0 4.545442304030682 110.40694501988553 
21.78 55.04 2.0 -1.0 0.026242947102859793 45.38383688923346 0.014774641499094882 0.016589015394405805 2.2302744678939144 1.0 -1.0 -1.0 -1.0 -1.0 
21.78 55.04 2.0 -1.0 23.957175372381 132.20075968758422 0.024329804200374013 0.009676925646736721 2.047689388632213 2.0 -1.0 -1.0 -1.0 -1.0 
21.78 55.04 2.0 -1.0 1.54512280855 74.0018818040244 0.03687709275549668 0.017971433343939622 1.75340552083077 2.0 -1.0 -1.0 -1.0 -1.0 
21.78 55.04 2.0 -1.0 16.715110181781558 61.75123380685752 0.10509986549258755 0.0483846282336836 0.4388237061587673 1.0 -1.0 -1.0 -1.0 -1.0 
21.78 55.04 2.0 -1.0 41.14202978752838 114.0737846023454 0.29217736269751454 0.02350110514207489 1.1529027456528225 1.0 -1.0 -1.0 -1.0 -1.0 
21.78 55.04 2.0 -1.0 21.2271044207833 0.0 0.02724855863352144 0.04700221028414978 2.144306796104244 4.0 -1.0 -1.0 -1.0 -1.0 
21.78 55.04 2.0 -1.0 3.2404792414142376 110.65422703132049 0.025836948772326947 0.017971433343939622 0.3937199480113005 1.0 -1.0 -1.0 -1.0 -1.0 
21.78 55.04 2.0 -1.0 3.1523501692506883 82.43457717334796 3.637106982091575 0.022118687192541075 76.28218447053894 32.0 76.62838101187818 32.0 3.1523389528350285 82.37511754920882 
21.78 55.04 2.0 -1.0 101.7320938393003 221.30845406264098 4.72897999417174 0.04423737438508215 19.46411072044279 1.0 19.464110854983716 1.0 101.73243936151268 221.31987970530673 
21.78 55.04 2.0 -1.0 428.7490184657 331.96268109396146 1.0502728289128864 0.07603298722435994 1.6358756128042178 1.0 -1.0 -1.0 -1.0 -1.0 
21.87 56.21 2.0 -1.0 220.16693718147062 173.9203075771549 0.10132125723595094 0.011059343596270537 1.5633849787114098 2.0 -1.0 -1.0 -1.0 -1.0 
21.87 56.21 2.0 -1.0 4.929022 30.899724666122285 0.04558961100544261 0.012441761545804354 2.9678006065243716 1.0 -1.0 -1.0 -1.0 -1.0 
21.87 56.21 2.0 -1.0 0.025883631610384157 69.81308121054809 0.031985304904635636 0.022118687192541075 1.2245118735522285 2.0 -1.0 -1.0 -1.0 -1.0 
21.87 56.21 2.0 -1.0 47.007143985465035 228.2660294418071 0.013533593923801211 0.013824179495338172 0.6784239504981003 1.0 -1.0 -1.0 -1.0 -1.0 
21.87 56.21 2.0 -1.0 0.005134571450367859 62.88426412799745 0.027323960847671802 0.08570991287109667 0.2700128235676605 8.0 -1.0 -1.0 -1.0 -1.0 
21.87 56.21 2.0 -1.0 1.06863614348 0.0 0.5155505174915492 0.01520659744487199 4.143367173746059 32.0 -1.0 -1.0 -1.0 -1.0 
21.87 56.21 2.0 -1.0 0.1477177803212584 116.63508755626906 0.6277399637476767 0.08294507697202902 1.094013340768888 2.0 -1.0 -1.0 -1.0 -1.0 
21.87 56.21 2.0 -1.0 0.08202959894687482 233.2701751125381 0.018265272784775223 0.006912089747669087 0.4848053048788834 4.0 -1.0 -1.0 -1.0 -1.0 
21.87 56.21 2.0 -1.0 2.612776 349.90526266880715 0.016410488614265587 0.009676925646736721 1.1728877576366283 1.0 -1.0 -1.0 -1.0 -1.0 
21.87 56.21 2.0 -1.0 4.573978487088626 43.60255598413179 7.307795382278147 0.031795612839277794 88.59978967996494 16.0 91.6639546812854 32.0 4.573970121176293 43.616309169175686 
213.42 55.24 2.0 -1.0 1.07150635426 86.33350808409358 0.35575836090715596 0.04423737438508215 2.6923265719194998 8.0 -1.0 -1.0 -1.0 -1.0 
213.42 55.24 2.0 -1.0 0.727564 108.78022018595792 0.13684017514024296 0.011059343596270537 2.1800612486541158 16.0 -1.0 -1.0 -1.0 -1.0 
213.42 55.24 2.0 -1.0 268.65020045513 105.6090155099278 0.2851973688702286 0.012441761545804354 1.4406870918202122 1.0 -1.0 -1.0 -1.0 -1.0 
213.42 55.24 2.0 -1.0 266.0 77.57601759085742 0.07857592982991538 0.052531882082285056 0.10733734639735883 1.0 -1.0 -1.0 -1.0 -1.0 
213.42 55.24 2.0 -1.0 0.749653 0.0 0.012439687799583798 0.009676925646736721 1.6000718525061663 1.0 -1.0 -1.0 -1.0 -1.0 
213.42 55.24 2.0 -1.0 275.85470899694 75.22864900504153 0.3306373680429452 0.016589015394405805 1.8391369924407825 1.0 -1.0 -1.0 -1.0 -1.0 
213.42 55.24 2.0 -1.0 0.560796 112.8429735075623 0.015032032351528765 0.029030776940210157 1.0367345906486924 1.0 -1.0 -1.0 -1.0 -1.0 
213.42 55.24 2.0 -1.0 0.16723197844396526 44.82571164836859 7.343220827890099 0.03732528463741307 63.92490199034267 32.0 64.81566057204468 32.0 0.16722575916598242 44.42589263403278 
213.42 55.24 2.0 -1.0 48.5438764505726 64.80091547959024 7.512553516355127 0.013824179495338172 116.93317261173833 8.0 -1.0 -1.0 -1.0 -1.0 
213.42 55.24 2.0 -1.0 0.45813851213 37.614324502520766 9.02184849271757 0.035942866687879244 125.76825705567583 16.0 129.67317426635873 32.0 0.4581427977730831 37.64563111585465 
213.57 56.41 2.0 -1.0 3.7527013778 48.40809735559186 0.055779503914130876 0.05114946413275124 1.8950154349011143 2.0 -1.0 -1.0 -1.0 -1.0 
213.57 56.41 2.0 -1.0 3.38180924275 39.429358923360304 0.14401769029678593 0.026265941041142528 1.4841871340118915 1.0 -1.0 -1.0 -1.0 -1.0 
213.57 56.41 2.0 -1.0 12.981962077048623 63.213946336014104 0.016952077231295482 0.008294507697202903 1.8416192490473502 8.0 -1.0 -1.0 -1.0 -1.0 
213.57 56.41 2.0 -1.0 0.87464894928 35.24608306288878 0.07409467180299634 0.011059343596270537 1.8886122352198742 4.0 -1.0 -1.0 -1.0 -1.0 
213.57 56.41 2.0 -1.0 1.8077708574 47.512490870558665 0.036145630574195266 0.09538683851783337 1.5570004421333121 1.0 -1.0 -1.0 -1.0 -1.0 
213.57 56.41 2.0 -1.0 0.0034742522267341707 0.0 0.5151944751932532 0.08294507697202903 1.1276846999596537 1.0 -1.0 -1.0 -1.0 -1.0 
213.57 56.41 2.0 -1.0 0.0046408404588484465 37.78552423564114 0.3124276591845171 0.026265941041142528 5.510444588511823 1.0 -1.0 -1.0 -1.0 -1.0 
213.57 56.41 2.0 -1.0 280.91751733 75.57104847128228 0.16007386532839324 0.03456044873834543 1.243393384704445 1.0 -1.0 -1.0 -1.0 -1.0 
213.57 56.41 2.0 -1.0 0.002904191233120469 113.35657270692343 0.018532192071769888 0.016589015394405805 6.429074111641816 1.0 -1.0 -1.0 -1.0 -1.0 
213.57 56.41 2.0 -1.0 141.63006751692097 101.20353280875142 1.5368046356341298 0.012441761545804356 19.439365457255516 1.0 19.439365321800057 1.0 141.629910406967 101.19793310713615 
218.78 56.41 2.0 -1.0 129.87013 110.2426360777181 0.012534580706566297 0.009676925646736721 1.38321786510755 2.0 -1.0 -1.0 -1.0 -1.0 
218.78 56.41 2.0 -1.0 0.4309766901630031 28.210391037023307 0.013571044086248001 0.031795612839277794 0.944259880980268 16.0 -1.0 -1.0 -1.0 -1.0 
218.78 56.41 2.0 -1.0 0.72282 35.5721123993634 0.06547591981353262 0.04009012053648069 0.4130770020785824 1.0 -1.0 -1.0 -1.0 -1.0 
218.78 56.41 2.0 -1.0 2.3817202891513642 58.66479045199164 0.022878942329845036 0.03870770258694689 2.2975698555173434 16.0 -1.0 -1.0 -1.0 -1.0 
218.78 56.41 2.0 -1.0 137.14654583092135 37.06048530310245 0.033709536048698946 0.017971433343939622 1.1432849684006594 2.0 -1.0 -1.0 -1.0 -1.0 
218.78 56.41 2.0 -1.0 145.4511 18.833641743467265 0.05702635424403563 0.029030776940210157 1.40553528140576 1.0 -1.0 -1.0 -1.0 -1.0 
218.78 56.41 2.0 -1.0 3.85557384197 0.0 0.010509986549258755 0.013824179495338172 1.611164075143695 1.0 -1.0 -1.0 -1.0 -1.0 
218.78 56.41 2.0 -1.0 1.98059 38.15959144740206 0.6924430145429812 0.009676925646736721 24.544380643139252 32.0 24.62821543818825 32.0 1.9805762955608468 38.15162078139033 
218.78 56.41 2.0 -1.0 6.194650472344996 114.47877434220618 0.12630197479287292 0.012441761545804354 2.195747429772346 4.0 -1.0 -1.0 -1.0 -1.0 
218.78 56.41 2.0 -1.0 0.219403131079 76.31918289480411 4.533834329565707 0.01520659744487199 113.66673097693932 32.0 113.82093953134958 32.0 0.2194004385576894 75.99964776345924 
219.29 30.87 2.0 -1.0 0.878622905444995 20.89771565112817 0.019544704242172924 0.08432749492156286 1.2126674702690696 8.0 -1.0 -1.0 -1.0 -1.0 
219.29 30.87 2.0 -1.0 6.01990518407 64.86336630479978 0.013627413729677892 0.01382417949533817 2.083278925178337 2.0 -1.0 -1.0 -1.0 -1.0 
219.29 30.87 2.0 -1.0 1.1672031766 69.71829666421587 0.09053065854667372 0.019353851293473442 1.2064598379990596 8.0 -1.0 -1.0 -1.0 -1.0 
219.29 30.87 2.0 -1.0 1.636554 0.0 0.06502514182965707 0.02350110514207489 1.1391823649464818 16.0 -1.0 -1.0 -1.0 -1.0 
219.29 30.87 2.0 -1.0 0.001163754422873072 31.17819438908245 0.1125395386653212 0.035942866687879244 1.503396513411523 2.0 -1.0 -1.0 -1.0 -1.0 
219.29 30.87 2.0 -1.0 0.40042483786757027 62.3563887781649 0.37312743763296663 0.07188573337575849 1.7202453935192172 1.0 -1.0 -1.0 -1.0 -1.0 
219.29 30.87 2.0 -1.0 383.141762 43.3669694532812 7.404350157554982 0.05529671798135269 17.649329129756957 1.0 17.649329002156303 1.0 383.14222668608033 43.41391330296141 
219.29 30.87 2.0 -1.0 0.507087 65.48075629270241 3.8067824267077603 0.01520659744487199 163.81742969572036 32.0 164.5105476705788 32.0 0.5070736127284666 65.57626065342423 
219.29 30.87 2.0 -1.0 400.5813533944 55.11608801094323 8.384793073894407 0.016589015394405805 77.32856320231093 1.0 77.3285638634652 1.0 400.58124189575517 55.1528735433892 
219.29 30.87 2.0 -1.0 0.54347721486 93.53458316724735 7.143077934856375 0.019353851293473442 199.2637970786097 32.0 199.9983719870182 32.0 0.5434837172894429 93.60808812410095 
219.36 56.41 2.0 -1.0 2.70735 14.23830353700601 0.02173870771700178 0.013824179495338172 1.8445610862758253 8.0 -1.0 -1.0 -1.0 -1.0 
219.36 56.41 2.0 -1.0 1.689189 85.79666962234539 0.20036883958375687 0.017971433343939622 3.2866786001637953 32.0 -1.0 -1.0 -1.0 -1.0 
219.36 56.41 2.0 -1.0 0.6527 59.91092937551804 0.09153689138922276 0.012441761545804354 1.5765655413139128 32.0 -1.0 -1.0 -1.0 -1.0 
219.36 56.41 2.0 -1.0 1.84704824843 8.55215333221134 0.03363974424252767 0.08018024107296139 2.3560168617286843 2.0 -1.0 -1.0 -1.0 -1.0 
219.36 56.41 2.0 -1.0 0.59505 0.0 0.2749437959685573 0.019353851293473442 1.755538854016236 4.0 -1.0 -1.0 -1.0 -1.0 
219.36 56.41 2.0 -1.0 1.273166302706 38.20955369471903 0.9217145848418996 0.004147253848601451 82.86900121678252 32.0 82.96778804105536 32.0 1.2731713165218632 38.252818714497465 
219.36 56.41 2.0 -1.0 2.706349 114.62866108415707 0.47159300720092434 0.031795612839277794 3.019621941606234 8.0 -1.0 -1.0 -1.0 -1.0 
219.36 56.41 2.0 -1.0 1.941748 45.5121296633767 8.978324947588142 0.02350110514207489 231.99749384037625 32.0 231.9974986467078 32.0 1.9417408717951428 45.539069898211274 
219.36 56.41 2.0 -1.0 1.191335192834 24.555914795706016 4.000923210065315 0.03317803078881161 72.40706269705382 16.0 72.77347695403964 32.0 1.1913167933622997 24.69229567814122 
219.36 56.41 2.0 -1.0 0.59503515667 76.41910738943805 1.90777895102889 0.03456044873834543 27.722974942438242 16.0 27.82078200981489 16.0 0.5950520668799679 75.99964776345924 
219.94 56.41 2.0 -1.0 1.5462713682502522 15.84102274300174 0.07143077934856375 0.012441761545804352 1.4009734071474742 8.0 -1.0 -1.0 -1.0 -1.0 
219.94 56.41 2.0 -1.0 0.02318067352424208 48.78575844765029 0.08530865588540772 0.022118687192541075 1.8527037467558385 4.0 -1.0 -1.0 -1.0 -1.0 
219.94 56.41 2.0 -1.0 0.8189874162 47.48863122304218 0.7093900431442742 0.016589015394405805 20.419774101171924 16.0 20.59216953894204 32.0 0.818999978946522 47.563028560353985 
219.94 56.41 2.0 -1.0 11.7547287226 41.508071187459635 0.774977205778036 0.016589015394405805 15.481955252412838 16.0 15.481955830254904 16.0 11.754733956574153 41.491152573925824 
219.94 56.41 2.0 -1.0 0.42457829519 2.617212453191592 0.023585075113822355 0.029030776940210157 -0.11669398468530785 4.0 -1.0 -1.0 -1.0 -1.0 
219.94 56.41 2.0 -1.0 35.2051272362 0.0 0.6234182015477384 0.06082638977948796 3.561201264239616 8.0 -1.0 -1.0 -1.0 -1.0 
219.94 56.41 2.0 -1.0 0.0017679866917203356 76.51902724989101 0.39651518701716426 0.07879782312342758 6.924206150312648 2.0 -1.0 -1.0 -1.0 -1.0 
219.94 56.41 2.0 -1.0 1.451168 69.20690298373732 8.173183303247916 0.05114946413275123 71.55331630692424 16.0 75.20581069670543 32.0 1.4511594296588253 69.21938624528113 
219.94 56.41 2.0 -1.0 0.90635 38.259513624945505 1.4174741629268064 0.012441761545804354 54.24307129555542 32.0 54.38753418320486 32.0 0.9063417868067821 38.3540166476046 
219.94 56.41 2.0 -1.0 1.437835 114.77854087483652 2.265872786768344 0.008294507697202903 61.1212567005389 16.0 61.25846906658096 16.0 1.4378504905228815 111.52012228406403 
22.34 55.04 2.0 -1.0 0.602381 49.39699362064035 0.017295128471299184 0.05391430003181887 0.3234038076512444 1.0 -1.0 -1.0 -1.0 -1.0 
22.34 55.04 2.0 -1.0 0.0024727047830328253 127.12069989031367 0.01790297859955299 0.01520659744487199 0.9600360955621777 1.0 -1.0 -1.0 -1.0 -1.0 
22.34 55.04 2.0 -1.0 246.55815713199 93.90088881659463 0.6325285139869439 0.029030776940210157 2.3795003446817358 2.0 -1.0 -1.0 -1.0 -1.0 
22.34 55.04 2.0 -1.0 27.75286 96.69694505927238 0.04939345061540832 0.02073626924300726 0.5638805923932273 8.0 -1.0 -1.0 -1.0 -1.0 
22.34 55.04 2.0 -1.0 4.42268268368 0.0 0.08959736334752315 0.04423737438508215 2.046277084749152 16.0 -1.0 -1.0 -1.0 -1.0 
22.34 55.04 2.0 -1.0 1.8244604519282164 110.94351734339237 0.04502620522961262 0.05944397182995414 0.8210531898800938 8.0 -1.0 -1.0 -1.0 -1.0 
22.34 55.04 2.0 -1.0 0.00433171289403577 15.64460040545887 9.390684932040841 0.06497364362808941 5.618530463058211 2.0 -1.0 -1.0 -1.0 -1.0 
22.34 55.04 2.0 -1.0 20.46088289466011 82.48365915899379 5.025394001268609 0.027648358990676344 74.54421007363119 16.0 74.54420961970452 16.0 20.460902305785567 82.47631548231597 
22.34 55.04 2.0 -1.0 0.70366819287 221.88703468678474 2.0259590509116925 0.031795612839277794 23.438033537285357 16.0 24.69550859737227 32.0 0.7036760507617146 221.62347350462818 
22.34 55.04 2.0 -1.0 0.23496782854016698 332.8305520301771 4.147264900506527 0.005529671798135269 178.65463456980515 32.0 178.96111091577907 32.0 0.23495279795800647 332.7388040562637 
22.45 56.21 2.0 -1.0 0.0018511302370087712 120.43729078823974 0.18673560055177577 0.03041319488974398 2.770203021707069 2.0 -1.0 -1.0 -1.0 -1.0 
22.45 56.21 2.0 -1.0 0.01554145218618354 92.476754593009 0.7517745316634095 0.02350110514207489 1.0141452079533506 16.0 -1.0 -1.0 -1.0 -1.0 
22.45 56.21 2.0 -1.0 7.479017300127568 190.60174799082623 0.02897651852687188 0.04147253848601452 0.79930384589708 16.0 -1.0 -1.0 -1.0 -1.0 
22.45 56.21 2.0 -1.0 2.5326985081 85.56555555855424 0.26597602073066334 0.2018330206319373 1.146684307369009 2.0 -1.0 -1.0 -1.0 -1.0 
22.45 56.21 2.0 -1.0 15.601712435858618 78.23336978088395 0.011885227543732946 0.019353851293473442 1.2499325315295362 1.0 -1.0 -1.0 -1.0 -1.0 
22.45 56.21 2.0 -1.0 3.402191551 0.0 0.8637610958729159 0.04285495643554833 4.658370510849904 16.0 -1.0 -1.0 -1.0 -1.0 
22.45 56.21 2.0 -1.0 254.33303103 116.9290679281104 0.02504608637573597 0.029030776940210157 0.6858967483924072 1.0 -1.0 -1.0 -1.0 -1.0 
22.45 56.21 2.0 -1.0 0.004577298591068276 350.7872037843312 0.4755188273662868 0.04423737438508215 2.548911198112017 16.0 -1.0 -1.0 -1.0 -1.0 
22.45 56.21 2.0 -1.0 198.08369995680326 29.539236482288917 5.734239758366275 0.013824179495338172 48.88532951000815 2.0 48.88533156094573 2.0 198.0835804715753 29.54979646728376 
22.45 56.21 2.0 -1.0 0.16193798815580446 233.8581358562208 1.098510166047577 0.02211868719254107 9.013306520846374 32.0 9.550920927628312 32.0 0.16195068989569944 231.23727714980612 
0.01 55.03 2.0 -1.0 13.972467536188166 74.07998278346517 0.06260076752467116 0.019353851293473442 1.4663766692584053 1.0 -1.0 -1.0 -1.0 -1.0 
0.01 55.03 2.0 -1.0 450.9170308627072 161.4340258303929 0.011053615420068413 0.024883523091608708 0.29698582275922225 1.0 -1.0 -1.0 -1.0 -1.0 
0.01 55.03 2.0 -1.0 0.0012699350581559167 59.59918976877877 0.4202060938098521 0.06359122567855559 2.0738867806442487 2.0 -1.0 -1.0 -1.0 -1.0 
0.01 55.03 2.0 -1.0 1.6490236746575566 0.0 0.37261224747125077 0.05806155388042032 1.9997654277152097 1.0 -1.0 -1.0 -1.0 -1.0 
0.01 55.03 2.0 -1.0 5.675652 111.72334055080971 0.3345433837248016 0.08432749492156286 1.6037826933908792 8.0 -1.0 -1.0 -1.0 -1.0 
0.01 55.03 2.0 -1.0 0.223377703467 335.1700216524291 0.03043325008526438 0.015206597444871989 1.3324368188389202 8.0 -1.0 -1.0 -1.0 -1.0 
0.01 55.03 2.0 -1.0 1.48354649394 31.274490469218556 6.123203566945896 0.016589015394405805 96.6479687688581 32.0 96.64797109223363 32.0 1.4835374410419415 31.27016133010507 
0.01 55.03 2.0 -1.0 57.54121018881093 39.31937547737767 1.3403330336259605 0.026265941041142528 12.610849068283626 4.0 12.730692866472218 4.0 57.54118319600821 39.264798045568824 
0.01 55.03 2.0 -1.0 0.15395541118695494 18.570276227167287 1.718792786505633 0.04009012053648069 2.0504937678727915 4.0 -1.0 -1.0 -1.0 -1.0 
0.01 55.03 2.0 -1.0 13.972467536188164 74.07998278346517 0.06260076752467116 0.019353851293473442 1.4663766692584164 1.0 -1.0 -1.0 -1.0 -1.0 
0.01 55.03 2.0 -1.0 450.9170308627072 161.4340258303929 0.011053615420068413 0.024883523091608708 0.29698582275922225 1.0 -1.0 -1.0 -1.0 -1.0 
0.01 55.03 2.0 -1.0 0.0012699350581559167 59.59918976877877 0.4202060938098521 0.06359122567855559 2.0738867806442487 2.0 -1.0 -1.0 -1.0 -1.0 
0.01 55.03 2.0 -1.0 1.6490236746575564 0.0 0.37261224747125077 0.058061553880420315 1.99976542771522 1.0 -1.0 -1.0 -1.0 -1.0 
0.01 55.03 2.0 -1.0 5.675652 111.72334055080971 0.3345433837248016 0.08432749492156286 1.6037826933908792 8.0 -1.0 -1.0 -1.0 -1.0 
0.01 55.03 2.0 -1.0 0.223377703467 335.1700216524291 0.030433250085264384 0.015206597444871989 1.3324368188389202 8.0 -1.0 -1.0 -1.0 -1.0 
0.01 55.03 2.0 -1.0 1.48354649394 31.274490469218556 6.123203566945896 0.016589015394405805 96.6479687688581 32.0 96.64797109223363 32.0 1.4835374410419415 31.27016133010507 
0.01 55.03 2.0 -1.0 57.54121018881093 39.31937547737767 1.3403330336259605 0.026265941041142528 12.610849068283626 4.0 12.730692866472218 4.0 57.54118319600821 39.264798045568824 
0.01 55.03 2.0 -1.0 0.15395541118695494 18.570276227167287 1.718792786505633 0.04009012053648069 2.0504937678727915 4.0 -1.0 -1.0 -1.0 -1.0 
0.01 55.03 2.0 -1.0 1.00399242379 223.44668110161942 4.228269069967017 0.04147253848601452 41.78795758726012 16.0 45.09995619850629 32.0 1.0039912012871355 223.44503630055667 
0.57 55.03 2.0 -1.0 0.71730671014 136.59687105168246 0.6670869092409145 0.06635606157762322 1.9979367988139578 16.0 -1.0 -1.0 -1.0 -1.0 
0.57 55.03 2.0 -1.0 3.08977631356 118.17557928862693 0.25482417336644786 0.06082638977948796 1.5154661567637264 2.0 -1.0 -1.0 -1.0 -1.0 
0.57 55.03 2.0 -1.0 1.490957 53.63455525958223 0.7873894997730058 0.01520659744487199 20.691110145506876 32.0 20.868120686235788 32.0 1.4909649811064205 53.63490454678217 
0.57 55.03 2.0 -1.0 0.17733492662 0.0 0.011379039645988786 0.03456044873834543 1.6443035256331486 2.0 -1.0 -1.0 -1.0 -1.0 
0.57 55.03 2.0 -1.0 1.30094454375 221.6540268818197 0.13731366893478805 0.024883523091608708 0.7669171032027168 16.0 -1.0 -1.0 -1.0 -1.0 
0.57 55.03 2.0 -1.0 2.266492130584 100.91808754670308 1.9707405963505449 0.03041319488974398 28.813033130535135 32.0 28.940657314400696 32.0 2.2664911133081964 100.99553724092189 
0.57 55.03 2.0 -1.0 230.5207819237923 31.0568348496279 3.7467728600716743 0.04423737438508215 18.543462471106775 2.0 18.543462832434134 2.0 230.52076964328688 31.067765463890797 
0.57 55.03 2.0 -1.0 383.1975942761 107.76788195679232 2.217862375423104 0.030413194889743984 10.178369441681332 1.0 -1.0 -1.0 -1.0 -1.0 
0.57 55.03 2.0 -1.0 4.833299389106393 110.82701344090985 7.429970658615063 0.017971433343939622 183.29675088355796 32.0 183.29674902633354 32.0 4.833297377141814 110.81173675231409 
0.57 55.03 2.0 -1.0 0.0014778925406905199 332.48104032272954 3.0920679192165 0.024883523091608704 9.246024320351607 2.0 -1.0 -1.0 -1.0 -1.0 
1.13 55.03 2.0 -1.0 1.1055857616377447 54.3564930901521 0.5497611134427101 0.03317803078881161 4.212634672632843 32.0 -1.0 -1.0 -1.0 -1.0 
1.13 55.03 2.0 -1.0 1.808645 77.03282149585972 0.1315563789626525 0.02073626924300726 1.8950218286259963 16.0 -1.0 -1.0 -1.0 -1.0 
1.13 55.03 2.0 -1.0 0.08278700758190688 192.5153586561031 0.017342987552518497 0.026265941041142528 1.7471778195489942 2.0 -1.0 -1.0 -1.0 -1.0 
1.13 55.03 2.0 -1.0 0.00625638591189179 0.0 0.16940370024467943 0.08432749492156286 -0.1687750228275201 1.0 -1.0 -1.0 -1.0 -1.0 
1.13 55.03 2.0 -1.0 1.684824546 111.14735672974047 0.07638152038733344 0.07465056927482613 1.0855347068704726 2.0 -1.0 -1.0 -1.0 -1.0 
1.13 55.03 2.0 -1.0 2.4595822178036584 222.29471345948093 0.5850280880215019 0.011059343596270537 12.834408645582522 16.0 12.92498681845479 16.0 2.459576838494589 222.12946317016386 
1.13 55.03 2.0 -1.0 0.0413615341267772 135.02419663927967 1.0041536703492857 0.006912089747669086 12.826418751767367 32.0 13.211795291441346 32.0 0.04135169244060914 136.71840762774093 
1.13 55.03 2.0 -1.0 0.0011114843736737697 131.28927196069253 1.7865912494267449 0.04561979233461596 0.5941001768166655 1.0 -1.0 -1.0 -1.0 -1.0 
1.13 55.03 2.0 -1.0 0.7725385641444409 60.75922111058719 7.749772057780361 0.024883523091608708 124.15834058594122 32.0 124.19743617389643 32.0 0.7725247996859254 60.718759864281694 
1.13 55.03 2.0 -1.0 2.227442025412 333.4420701892214 7.685790970869665 0.031795612839277794 127.68533949401098 16.0 128.1612874111728 32.0 2.2274434741120785 333.34599165490647 
1.69 55.03 2.0 -1.0 5.256794 38.25688312766035 0.13311053263353947 0.02211868719254107 0.16990149756597267 32.0 -1.0 -1.0 -1.0 -1.0 
1.69 55.03 2.0 -1.0 134.6485499129762 117.79005646417541 0.1092455713563523 0.04147253848601452 -0.09749320749671887 1.0 -1.0 -1.0 -1.0 -1.0 
1.69 55.03 2.0 -1.0 39.113973102535745 54.581589544667196 0.6810567762203223 0.07188573337575849 2.1514800181673954 8.0 -1.0 -1.0 -1.0 -1.0 
1.69 55.03 2.0 -1.0 502.512563 0.0 0.014362026428722101 0.019353851293473442 1.4094141385030898 1.0 -1.0 -1.0 -1.0 -1.0 
1.69 55.03 2.0 -1.0 0.998004 221.17986377188546 0.6303473886221564 0.006912089747669086 16.44787657175554 32.0 17.73188999700574 32.0 0.9980188527454933 221.11748383909247 
1.69 55.03 2.0 -1.0 200.658805294298 331.7697956578282 0.03569893544810421 0.08156265902249521 1.5521866451564375 1.0 -1.0 -1.0 -1.0 -1.0 
1.69 55.03 2.0 -1.0 1.147206256861 74.9542922683302 2.1366479639038585 0.02073626924300726 41.58861191458578 32.0 41.67291431516147 32.0 1.1472063003263127 74.88647049928075 
1.69 55.03 2.0 -1.0 0.8314821707148012 28.96639980090849 8.941186207550407 0.031795612839277794 97.2137574436652 32.0 97.44081063322072 32.0 0.8314903728508701 28.94260886864094 
1.69 55.03 2.0 -1.0 0.2970257612740102 27.672368194682335 5.75010754719375 0.01520659744487199 125.8214235917377 32.0 127.00122384406006 32.0 0.2970106531089793 28.537817136212393 
1.69 55.03 2.0 -1.0 22.026432 110.58993188594273 1.5453216954363693 0.022118687192541075 15.574038385734044 8.0 15.574038356928696 8.0 22.02638521945725 110.60934088609983 
10.06 55.03 2.0 -1.0 2.33768482203 25.586655348592956 0.11959355362282424 0.08985716671969811 1.6160058869353229 8.0 -1.0 -1.0 -1.0 -1.0 
10.06 55.03 2.0 -1.0 0.299 134.39488132972875 0.19064614273734584 0.016589015394405805 2.5832073497223966 16.0 -1.0 -1.0 -1.0 -1.0 
10.06 55.03 2.0 -1.0 3.468609 68.8696649674691 0.359961145803733 0.016589015394405805 5.933633849528366 16.0 -1.0 -1.0 -1.0 -1.0 
10.06 55.03 2.0 -1.0 1.30255755938 79.87712202733334 0.0514838678779917 0.02350110514207489 1.8877961979776783 16.0 -1.0 -1.0 -1.0 -1.0 
10.06 55.03 2.0 -1.0 1.4633093057546707 108.22375923459431 0.673570158688605 0.03456044873834543 5.98795438004958 16.0 6.047080221405178 16.0 1.4633163421725235 108.28178842463568 
10.06 55.03 2.0 -1.0 0.797415129552 216.44751846918862 0.12823624751348844 0.03456044873834543 1.0122613378165126 2.0 -1.0 -1.0 -1.0 -1.0 
10.06 55.03 2.0 -1.0 14.667084337 324.67127770378295 0.12832486944265878 0.016589015394405805 1.3355584445441082 1.0 -1.0 -1.0 -1.0 -1.0 
10.06 55.03 2.0 -1.0 0.00946118159225248 192.71167448464365 9.345382032112322 0.01520659744487199 27.95348779247861 32.0 -1.0 -1.0 -1.0 -1.0 
10.06 55.03 2.0 -1.0 0.022343935234731525 126.1798765033404 1.0301519527800742 0.03317803078881161 2.0013843563157634 4.0 -1.0 -1.0 -1.0 -1.0 
10.06 55.03 2.0 -1.0 7.478313 0.0 2.1366479639038585 0.012441761545804354 60.174111144949826 32.0 -1.0 -1.0 -1.0 -1.0 
10.62 55.03 2.0 -1.0 0.40226922307757423 12.370280673779666 0.18027088572578753 0.04423737438508215 0.3584870112170679 1.0 -1.0 -1.0 -1.0 -1.0 
10.62 55.03 2.0 -1.0 0.909379126021 33.83158126529767 0.6400009491490016 0.013824179495338172 8.533094379393948 32.0 8.672734523322742 32.0 0.9093734358126919 34.103703457104885 
10.62 55.03 2.0 -1.0 0.99597877881 116.72220215810474 0.012422511885612372 0.03732528463741307 -0.15970827219971054 16.0 -1.0 -1.0 -1.0 -1.0 
10.62 55.03 2.0 -1.0 0.005920712181085924 0.0 0.26268903444130803 0.027648358990676348 3.1809215357004006 8.0 -1.0 -1.0 -1.0 -1.0 
10.62 55.03 2.0 -1.0 0.99550771827 108.21560494936385 0.041558691605743284 0.026265941041142528 -0.5063540031182192 32.0 -1.0 -1.0 -1.0 -1.0 
10.62 55.03 2.0 -1.0 1.0829644010729 216.4312098987277 0.06457746728886901 0.027648358990676344 0.7086549259925727 8.0 -1.0 -1.0 -1.0 -1.0 
10.62 55.03 2.0 -1.0 240.25490831930935 324.64681484809154 0.014774641499094882 0.03732528463741307 1.240696648024629 2.0 -1.0 -1.0 -1.0 -1.0 
10.62 55.03 2.0 -1.0 4.3292962132 34.77315118534914 2.1648785797337355 0.04561979233461597 18.59171878490709 16.0 18.59171782200847 16.0 4.329316046399375 34.81208898885484 
10.62 55.03 2.0 -1.0 181.52170888055778 116.1702473773849 4.505732208812994 0.04147253848601452 20.413603220119985 1.0 20.41360349998892 1.0 181.52156068633002 116.17522720699232 
10.62 55.03 2.0 -1.0 2.271936912618 41.234268912598885 8.855125476097193 0.009676925646736721 321.14834126097753 32.0 321.2534053071326 32.0 2.271948081518834 41.18755877460441 
105.89 14.25 2.0 -1.0 0.0027993604566431823 31.346537068047766 0.2793473877157862 0.12441761545804356 0.47127449802519955 1.0 -1.0 -1.0 -1.0 -1.0 
105.89 14.25 2.0 -1.0 0.33318778828133555 49.758123782728696 0.20315652849980984 0.012441761545804356 4.369511249737591 32.0 -1.0 -1.0 -1.0 -1.0 
105.89 14.25 2.0 -1.0 128.0111794870191 45.90286002838259 0.25500027809721515 0.02350110514207489 1.7836731225605758 1.0 -1.0 -1.0 -1.0 -1.0 
105.89 14.25 2.0 -1.0 75.11649135730703 0.0 0.07622338103299053 0.026265941041142528 2.2721106686163286 1.0 -1.0 -1.0 -1.0 -1.0 
105.89 14.25 2.0 -1.0 0.031684024185842756 120.08966442276231 0.13210282079320898 0.03456044873834543 2.7316039302545967 8.0 -1.0 -1.0 -1.0 -1.0 
105.89 14.25 2.0 -1.0 337.36912025226 62.945287652735 1.293037621685656 0.012441761545804354 7.98044798976993 1.0 -1.0 -1.0 -1.0 -1.0 
105.89 14.25 2.0 -1.0 0.00404317639503851 16.862275112467074 2.6268903444130802 0.022118687192541075 3.0841927076566487 1.0 -1.0 -1.0 -1.0 -1.0 
105.89 14.25 2.0 -1.0 0.961936 49.14560524231857 6.417719598388955 0.03456044873834543 104.43274933527304 16.0 105.93168649204239 32.0 0.9619422295751672 49.08099755696104 
105.89 14.25 2.0 -1.0 1.9923208852 240.17932884552462 2.8147831624915383 0.016589015394405805 90.81648185051002 32.0 90.81647998735691 32.0 1.9923087772137176 240.1426952632341 
105.89 14.25 2.0 -1.0 1.9411179295 360.2689932682869 5.0777412570358615 0.03456044873834543 75.93548366177622 16.0 76.0998868476448 16.0 1.9411042255039017 359.9610480620833 
106.18 14.25 2.0 -1.0 4.249688210732 110.12224202207135 0.1 0.013824179495338172 1.4356492536553902 16.0 -1.0 -1.0 -1.0 -1.0 
106.18 14.25 2.0 -1.0 0.66930344771 87.19052636259363 0.06489051458090826 0.017971433343939622 0.9819245763646897 1.0 -1.0 -1.0 -1.0 -1.0 
106.18 14.25 2.0 -1.0 1.465705762893 343.8328581590849 0.5067228364390678 0.09538683851783337 2.1865838784210054 8.0 -1.0 -1.0 -1.0 -1.0 
106.18 14.25 2.0 -1.0 3.2108324764111544 119.05203783962497 0.35355325950947053 0.009676925646736721 9.215048218880426 32.0 9.32056030788672 32.0 3.210819462159028 119.0087693339921 
106.18 14.25 2.0 -1.0 4.4538744 238.10407567924995 0.046415888336127795 0.06497364362808941 0.4438860910696076 4.0 -1.0 -1.0 -1.0 -1.0 
106.18 14.25 2.0 -1.0 170.849405719173 357.1561135188749 0.41158680766598854 0.12856486930664499 1.0641562902807757 1.0 -1.0 -1.0 -1.0 -1.0 
106.18 14.25 2.0 -1.0 0.014111716139277362 0.5357877490532177 3.723549192047441 0.04285495643554833 1.063992196714128 1.0 -1.0 -1.0 -1.0 -1.0 
106.18 14.25 2.0 -1.0 2.248252 188.02578073440918 5.952199345230122 0.02073626924300726 115.92677118861752 32.0 116.27581403545045 32.0 2.24824058629262 188.12695764616612 
106.18 14.25 2.0 -1.0 5.4199894818 42.79158155771699 8.63164577248031 0.08570991287109665 47.330168143268295 8.0 48.813756677020365 16.0 5.419982092765471 42.8067257043186 
106.18 14.25 2.0 -1.0 3.86571065372 0.0 2.623263304627603 0.05944397182995413 10.317567789392719 8.0 -1.0 -1.0 -1.0 -1.0 
106.51 14.25 2.0 -1.0 1.22896880609 30.196033989901082 0.2989148937474159 0.07879782312342758 0.7346105268242927 4.0 -1.0 -1.0 -1.0 -1.0 
106.51 14.25 2.0 -1.0 2.344843177122 108.21720504938759 0.6404432431172377 0.02073626924300726 5.300922916519092 8.0 7.804218294657793 16.0 2.3447986071308455 107.77579875909998 
106.51 14.25 2.0 -1.0 0.0011063882708094472 21.48768186620159 0.09351840469571134 0.12441761545804356 -0.07317420536260191 1.0 -1.0 -1.0 -1.0 -1.0 
106.51 14.25 2.0 -1.0 16.792101165075774 190.38015333843848 0.1410635930080207 0.019353851293473442 1.366359977993758 16.0 -1.0 -1.0 -1.0 -1.0 
106.51 14.25 2.0 -1.0 24.38440141106 0.0 0.16207684425645388 0.016589015394405805 2.337927917484768 16.0 -1.0 -1.0 -1.0 -1.0 
106.51 14.25 2.0 -1.0 2.12042426647 117.98755133451384 0.8066602730969565 0.04561979233461597 6.279311447055085 8.0 6.280175101237838 8.0 2.1204565806935234 118.0979879360279 
106.51 14.25 2.0 -1.0 1.0985150222458 151.97136450017038 2.544723286778917 0.1396242129029155 8.117149766228913 2.0 8.223524607529974 2.0 1.0986695997416973 152.91007692488273 
106.51 14.25 2.0 -1.0 5.0114923575 61.701860778895174 2.2286137387064633 0.017971433343939622 70.18673029810857 32.0 70.34887531860862 32.0 5.011497705709189 61.73073919535305 
106.51 14.25 2.0 -1.0 0.00506426947315055 235.97510266902768 6.355947745071262 0.03456044873834543 8.398901082706873 4.0 -1.0 -1.0 -1.0 -1.0 
106.51 14.25 2.0 -1.0 0.0026613686823646963 353.9626540035415 1.109186309333635 0.017971433343939622 1.2497165616774513 4.0 -1.0 -1.0 -1.0 -1.0 
11.18 55.03 2.0 -1.0 0.00355500598430653 65.70528842897245 0.04515080174918501 0.022118687192541075 2.157899739883008 16.0 -1.0 -1.0 -1.0 -1.0 
11.18 55.03 2.0 -1.0 0.35169302087 39.66989251986381 0.011122556497987162 0.012441761545804352 1.5033001762268985 1.0 -1.0 -1.0 -1.0 -1.0 
11.18 55.03 2.0 -1.0 0.020381854524096684 14.965483184662205 0.04824678145425938 0.027648358990676344 2.7001234847420665 2.0 -1.0 -1.0 -1.0 -1.0 
11.18 55.03 2.0 -1.0 0.22032674928517554 0.0 0.37261224747125077 0.017971433343939622 2.417685836445853 32.0 -1.0 -1.0 -1.0 -1.0 
11.18 55.03 2.0 -1.0 2.467080757786 108.19946953249269 0.029644709215877987 0.055296717981352696 1.6633349222797331 16.0 -1.0 -1.0 -1.0 -1.0 
11.18 55.03 2.0 -1.0 48.5438764505726 216.39893906498537 0.5574098225214513 0.08156265902249521 1.8936324120204857 2.0 -1.0 -1.0 -1.0 -1.0 
11.18 55.03 2.0 -1.0 1.8077686769634342 324.59840859747806 0.2830382852894208 0.04423737438508215 1.9304515971387566 1.0 -1.0 -1.0 -1.0 -1.0 
11.18 55.03 2.0 -1.0 1.820960929021 47.33118109162147 8.849010073010126 0.022118687192541075 190.46064347139338 32.0 190.52042062220647 32.0 1.820959975399698 47.360632694139724 
11.18 55.03 2.0 -1.0 2.3817202891513642 107.64759705062879 2.3536244866247897 0.008294507697202903 109.56408945419692 32.0 109.64843300676839 32.0 2.3817240920228264 107.67460082599285 
11.18 55.03 2.0 -1.0 1.14381850931 85.44284542739896 1.5410572815741164 0.026265941041142528 22.959052871213363 32.0 23.130650527600505 32.0 1.1438108534396938 85.41105554242291 
11.73 55.03 2.0 -1.0 2.67192804814 166.1851302725733 0.02335806398033758 0.042854956435548326 0.6052553470843968 2.0 -1.0 -1.0 -1.0 -1.0 
11.73 55.03 2.0 -1.0 27.838309386354652 49.36866858292656 0.35355325950947053 0.052531882082285056 1.9605594036699812 16.0 -1.0 -1.0 -1.0 -1.0 
11.73 55.03 2.0 -1.0 0.03197657411683124 19.182697654509926 0.6721756073696541 0.13962421290291552 1.1206651103953318 1.0 -1.0 -1.0 -1.0 -1.0 
11.73 55.03 2.0 -1.0 26.322717 215.81346312155074 0.12788237140267286 0.06497364362808941 0.7639903225309205 8.0 -1.0 -1.0 -1.0 -1.0 
11.73 55.03 2.0 -1.0 0.19236888 107.66329631135265 0.04425522941776675 0.11474068981130683 2.107578870824531 4.0 -1.0 -1.0 -1.0 -1.0 
11.73 55.03 2.0 -1.0 1.51981774632 50.82928007946285 0.02127809743662687 0.011059343596270537 3.68890625689954 32.0 -1.0 -1.0 -1.0 -1.0 
11.73 55.03 2.0 -1.0 0.0032878482511591073 0.0 0.05547207448246047 0.01382417949533817 1.2238053895478882 32.0 -1.0 -1.0 -1.0 -1.0 
11.73 55.03 2.0 -1.0 0.942507 216.3652496869089 0.02974728571317075 0.024883523091608708 2.0298436331783685 32.0 -1.0 -1.0 -1.0 -1.0 
11.73 55.03 2.0 -1.0 1.582779 108.18262484345445 8.264026842883293 0.017971433343939622 214.45426422154074 32.0 214.4818592699461 32.0 1.5827936294954272 108.18059049152855 
11.73 55.03 2.0 -1.0 0.7446527222569242 324.54787453036334 8.000005932179063 0.031795612839277794 106.68607033340969 32.0 107.14045205265415 32.0 0.7446639453216146 324.33937560837137 
116.97 56.37 2.0 -1.0 0.001132104598920097 17.893175724454718 0.7966913997731381 0.011059343596270537 10.969180681173388 1.0 -1.0 -1.0 -1.0 -1.0 
116.97 56.37 2.0 -1.0 2.185717553667 79.32587841316004 0.07419711837099707 0.02073626924300726 1.3363921970436907 2.0 -1.0 -1.0 -1.0 -1.0 
116.97 56.37 2.0 -1.0 0.004233315846474604 141.59156690103424 0.010539069785079147 0.10091651031596865 1.8942399974287536 4.0 -1.0 -1.0 -1.0 -1.0 
116.97 56.37 2.0 -1.0 34.23369535044918 92.17308246957248 1.811447712307352 0.06635606157762322 8.633621183241223 4.0 8.633621297068691 4.0 34.233623106653496 92.19131706060104 
116.97 56.37 2.0 -1.0 0.8699442722 49.38644651610913 3.1264357272238157 0.05391430003181887 22.258958718866513 16.0 22.439255467952687 16.0 0.869961998735865 49.58698722249672 
116.97 56.37 2.0 -1.0 3.06493262635 71.89308205134537 2.210214600222975 0.008294507697202903 118.22485332328505 32.0 118.46110935059173 32.0 3.06493651199465 71.95173043917382 
116.97 56.37 2.0 -1.0 12.359917476 0.0 4.098842834710968 0.008294507697202903 181.96138913237783 32.0 -1.0 -1.0 -1.0 -1.0 
116.97 56.37 2.0 -1.0 7.307001256 53.391185935190315 9.660475420403525 0.016589015394405805 320.51594146095744 32.0 320.51594387787225 32.0 7.3070017000039424 53.43250868056789 
116.97 56.37 2.0 -1.0 0.61523110201 106.78237187038063 6.768353736781109 0.056679135930886505 33.77758735951747 16.0 33.78079700582872 16.0 0.6152428492593269 107.06741322735004 
116.97 56.37 2.0 -1.0 8.086733093387805 160.17355780557094 1.5463896414539255 0.05391430003181887 3.1950389657978793 2.0 -1.0 -1.0 -1.0 -1.0 
12.29 55.03 2.0 -1.0 0.30738862302 40.17084009769123 0.022768568864827275 0.06082638977948796 1.686806557443102 16.0 -1.0 -1.0 -1.0 -1.0 
12.29 55.03 2.0 -1.0 3.08977631356 81.08859153107115 0.18353815962816797 0.009676925646736721 4.071966347477236 32.0 -1.0 -1.0 -1.0 -1.0 
12.29 55.03 2.0 -1.0 1.99898269975 2.8577477191566922 0.05008065115563314 0.029030776940210157 -0.23099202311430014 8.0 -1.0 -1.0 -1.0 -1.0 
12.29 55.03 2.0 -1.0 0.001526207014931322 179.81078546557507 0.11347638459718777 0.03456044873834543 0.7346829842613732 1.0 -1.0 -1.0 -1.0 -1.0 
12.29 55.03 2.0 -1.0 215.1657339348127 45.26932182391397 0.03937853236248104 0.049767046183217416 2.250310996652831 1.0 -1.0 -1.0 -1.0 -1.0 
12.29 55.03 2.0 -1.0 0.01287252860404894 94.30567473217086 0.14461589230674415 0.06497364362808941 0.4628001522032195 1.0 -1.0 -1.0 -1.0 -1.0 
12.29 55.03 2.0 -1.0 2.766481 108.23719486305974 0.013674567248957506 0.01105934359627054 1.4037814320067583 1.0 -1.0 -1.0 -1.0 -1.0 
12.29 55.03 2.0 -1.0 244.777668 0.0 4.325771812421892 0.017971433343939622 31.535455806331502 2.0 -1.0 -1.0 -1.0 -1.0 
12.29 55.03 2.0 -1.0 0.537915 216.47438972611948 1.1347638459718776 0.09538683851783337 2.38538744636452 8.0 -1.0 -1.0 -1.0 -1.0 
12.29 55.03 2.0 -1.0 8.54520899704013 324.7115845891792 4.4964035966208 0.03317803078881161 38.427886334195236 16.0 38.42788624991756 16.0 8.545187786997607 324.6429694076928 
12.85 55.03 2.0 -1.0 0.287793 64.20120526433227 0.1705780684399447 0.019353851293473442 1.9103635388973994 32.0 -1.0 -1.0 -1.0 -1.0 
12.85 55.03 2.0 -1.0 156.858385217 159.8207129024547 0.06647866174025409 0.08432749492156287 0.5865970920513761 1.0 -1.0 -1.0 -1.0 -1.0 
12.85 55.03 2.0 -1.0 19.18594491719735 73.98084230105496 0.660666062384638 0.031795612839277794 6.5885225951182536 8.0 -1.0 -1.0 -1.0 -1.0 
12.85 55.03 2.0 -1.0 0.855182765 144.48520233324172 0.011030730151526759 0.045619792334615966 2.375172270162602 1.0 -1.0 -1.0 -1.0 -1.0 
12.85 55.03 2.0 -1.0 1.35421422194 67.77515899868276 0.036597915125661865 0.024883523091608708 0.9018412004387174 4.0 -1.0 -1.0 -1.0 -1.0 
12.85 55.03 2.0 -1.0 0.54575260398 0.0 0.015571097780848735 0.029030776940210157 0.9817115115263759 4.0 -1.0 -1.0 -1.0 -1.0 
12.85 55.03 2.0 -1.0 3.043599 108.29079815081957 0.263234030920558 0.09400442056829957 2.0078792613276413 4.0 -1.0 -1.0 -1.0 -1.0 
12.85 55.03 2.0 -1.0 0.007148282058705888 324.8723944524587 0.03793655635542592 0.026265941041142528 2.5567454188881906 8.0 -1.0 -1.0 -1.0 -1.0 
12.85 55.03 2.0 -1.0 6.367831993811256 88.69903358888013 1.3627413729677893 0.02073626924300726 24.622497121258753 32.0 25.251659973115533 32.0 6.367827154463158 88.7505873349584 
12.85 55.03 2.0 -1.0 298.251728579395 216.58159630163914 4.546380356371674 0.019353851293473442 21.60444032993158 1.0 21.604440558437464 1.0 298.25217400987947 216.56357684927136 
13.41 55.03 2.0 -1.0 1.217137 37.509820690286595 0.044932983531649394 0.031795612839277794 1.7496429099582296 8.0 -1.0 -1.0 -1.0 -1.0 
13.41 55.03 2.0 -1.0 0.026729805481803814 74.9871372031986 0.2736174016357826 0.013824179495338172 1.127640161456188 1.0 -1.0 -1.0 -1.0 -1.0 
13.41 55.03 2.0 -1.0 0.01842197270329436 44.010656165206285 0.24380280832024234 0.02350110514207489 1.0036656038521798 2.0 -1.0 -1.0 -1.0 -1.0 
13.41 55.03 2.0 -1.0 15.3936498245 44.888268954320445 0.05682971231414223 0.05529671798135269 2.045668350855279 32.0 -1.0 -1.0 -1.0 -1.0 
13.41 55.03 2.0 -1.0 0.003826247944021906 221.19092703414236 0.023847219204614304 0.017971433343939622 2.5565977797885213 1.0 -1.0 -1.0 -1.0 -1.0 
13.41 55.03 2.0 -1.0 54.95674577910229 0.0 0.08595941066946328 0.022118687192541075 4.10903889878467 4.0 -1.0 -1.0 -1.0 -1.0 
13.41 55.03 2.0 -1.0 0.41037503068 108.3364231895366 0.034701962441141196 0.017971433343939622 1.620625817596014 1.0 -1.0 -1.0 -1.0 -1.0 
13.41 55.03 2.0 -1.0 2.1867 325.0092695686098 0.9640474491672578 0.012441761545804356 23.43945448772934 32.0 24.042943623724312 32.0 2.1866981114726514 324.94656320701415 
13.41 55.03 2.0 -1.0 3.5877084054849 78.95264684289961 4.20496491224036 0.016589015394405805 84.15463604771658 32.0 84.30182439275856 32.0 3.5877140665737293 78.93438782356621 
13.41 55.03 2.0 -1.0 30.518193584285445 216.6728463790732 1.8790026506185737 0.052531882082285056 9.421689468166688 2.0 9.421689320815123 2.0 30.518276616930965 216.66477478237852 
13.97 55.03 2.0 -1.0 2.331328 61.94196849053985 0.0640885842747449 0.026265941041142528 1.7495092396649718 2.0 -1.0 -1.0 -1.0 -1.0 
13.97 55.03 2.0 -1.0 1.18994040124844 0.0 0.020175786941126064 0.02073626924300726 2.5756514322530695 2.0 -1.0 -1.0 -1.0 -1.0 
13.97 55.03 2.0 -1.0 282.779107035 108.3740582566768 0.04009223857512864 0.011059343596270537 -0.20210367620836067 1.0 -1.0 -1.0 -1.0 -1.0 
13.97 55.03 2.0 -1.0 0.1504582362154283 216.7481165133536 0.08578144136963749 0.009676925646736721 3.268631133595634 2.0 -1.0 -1.0 -1.0 -1.0 
13.97 55.03 2.0 -1.0 117.8372326493 325.1221747700304 0.3687709275549668 0.0884747487701643 2.5264397265853202 1.0 -1.0 -1.0 -1.0 -1.0 
13.97 55.03 2.0 -1.0 0.056016933100715205 65.06345351683477 7.857592982991545 0.008294507697202903 159.0226356760333 32.0 161.93050788938936 32.0 0.056024873629212386 69.62417797770968 
13.97 55.03 2.0 -1.0 0.93273035618 144.98647637759433 4.935933920036516 0.02350110514207489 72.4586262377728 32.0 72.76958544305387 32.0 0.932717133158197 145.21903400874038 
13.97 55.03 2.0 -1.0 194.931774 172.9822952071769 1.1569279963413217 0.017971433343939622 6.075965937289924 1.0 -1.0 -1.0 -1.0 -1.0 
13.97 55.03 2.0 -1.0 0.1075778075546597 67.17695900338862 2.7684980657520066 0.015206597444871992 27.118011909137884 32.0 27.627670346879206 32.0 0.10756290672967832 67.90381311488835 
13.97 55.03 2.0 -1.0 0.3772034274173156 62.787370685161385 4.891802863108921 0.02350110514207489 84.50990604928815 32.0 84.85791057544338 32.0 0.3771977693152925 62.54032266021014 
131.46 55.22 2.0 -1.0 5.65907208453 99.95472603872314 0.11868817192515867 0.029030776940210157 0.9554550368428155 2.0 -1.0 -1.0 -1.0 -1.0 
131.46 55.22 2.0 -1.0 3.46645281446 13.030239212191864 0.017499446100091347 0.02350110514207489 1.6921568997689485 8.0 -1.0 -1.0 -1.0 -1.0 
131.46 55.22 2.0 -1.0 0.32264020682169114 0.0 0.03119962793393873 0.031795612839277794 1.9734829247206234 2.0 -1.0 -1.0 -1.0 -1.0 
131.46 55.22 2.0 -1.0 0.006086235312417038 46.849824481375926 0.08431262080028226 0.011059343596270537 1.5307585590986708 16.0 -1.0 -1.0 -1.0 -1.0 
131.46 55.22 2.0 -1.0 0.082490793464 34.77541727180439 2.222463736833705 0.05391430003181887 1.2862856148098838 32.0 -1.0 -1.0 -1.0 -1.0 
131.46 55.22 2.0 -1.0 0.455919 74.68140338120321 4.370831420364764 0.027648358990676344 80.91456794256004 32.0 81.12601688266422 32.0 0.455929693998769 74.27928290063794 
131.46 55.22 2.0 -1.0 1.980198 63.08491217294184 2.9016582742063783 0.017971433343939622 89.59327589929156 32.0 89.80100666330495 32.0 1.9802124976801376 63.147510258852954 
131.46 55.22 2.0 -1.0 10.65420400680119 44.27751188608886 1.451162916049012 0.031795612839277794 16.159365006826455 8.0 16.7433851036981 16.0 10.65418473444879 44.223496767818496 
131.46 55.22 2.0 -1.0 233.7208617862176 93.69964896275185 5.826081259236011 0.015206597444871992 44.132295889380195 2.0 44.13229588133627 2.0 233.72073580200475 93.70928605720809 
131.46 55.22 2.0 -1.0 22.84670265144544 140.54947344412778 4.392019568453393 0.008294507697202903 10.298763628328768 2.0 -1.0 -1.0 -1.0 -1.0 
134.82 55.23 2.0 -1.0 2.11187653357 51.00637061954017 0.4364796459868221 0.11612310776084063 3.3721440661738615 4.0 -1.0 -1.0 -1.0 -1.0 
134.82 55.23 2.0 -1.0 1.27888080581 91.31785707691868 0.7585566129495857 0.017971433343939622 14.989317667802796 32.0 15.473947452503365 32.0 1.2788708166529736 91.28053566263681 
134.82 55.23 2.0 -1.0 1.155751156623 0.0 0.4499510986058557 0.058061553880420315 2.222914081126593 4.0 -1.0 -1.0 -1.0 -1.0 
134.82 55.23 2.0 -1.0 12.515752038663 91.40012541662763 0.07378818002748848 0.016589015394405805 -1.0299621206889251 32.0 -1.0 -1.0 -1.0 -1.0 
134.82 55.23 2.0 -1.0 0.19461695455997877 137.10018812494144 0.055433765133095315 0.04009012053648069 1.368822031420185 4.0 -1.0 -1.0 -1.0 -1.0 
134.82 55.23 2.0 -1.0 0.03394511707903087 89.42568526361316 2.007845414129436 0.029030776940210157 2.660415848222218 16.0 -1.0 -1.0 -1.0 -1.0 
134.82 55.23 2.0 -1.0 0.761391192926 48.30522679909678 3.119962793393873 0.07188573337575849 14.619266224846301 16.0 14.829785038635876 16.0 0.7613683313441774 48.57500789142535 
134.82 55.23 2.0 -1.0 0.33936907828092244 122.20961863762406 8.309826555609373 0.03732528463741307 98.12283398450847 16.0 99.39447469338926 32.0 0.33936278972153866 123.36028045759898 
134.82 55.23 2.0 -1.0 2.862213 55.28432428440483 9.384199668361846 0.02903077694021016 131.93874779252957 32.0 132.2463446879518 32.0 2.8622101429694644 55.35526940960348 
134.82 55.23 2.0 -1.0 6.67806213863 45.700062708313816 5.16263340422845 0.01520659744487199 166.33450179677186 32.0 166.39976438483322 32.0 6.678055797237904 45.74146576442555 
135.38 55.23 2.0 -1.0 292.02 21.63467402009184 0.05797974856117098 0.016589015394405805 0.4022001758476624 1.0 -1.0 -1.0 -1.0 -1.0 
135.38 55.23 2.0 -1.0 0.24168959255 19.23082135119275 0.029298587592451877 0.11197585391223919 1.193831004424728 1.0 -1.0 -1.0 -1.0 -1.0 
135.38 55.23 2.0 -1.0 0.7716 54.510090918047055 0.012744139921279101 0.013824179495338172 1.7883550506641097 4.0 -1.0 -1.0 -1.0 -1.0 
135.38 55.23 2.0 -1.0 0.0045983819530997 15.884549170054806 0.7020768264702735 0.022118687192541075 4.2136540552112995 1.0 -1.0 -1.0 -1.0 -1.0 
135.38 55.23 2.0 -1.0 2.7177324827378 9.82028448260482 0.012277470827878693 0.04700221028414979 1.851203866654221 2.0 -1.0 -1.0 -1.0 -1.0 
135.38 55.23 2.0 -1.0 1.795203 45.52295991727658 0.4404173165438359 0.07188573337575849 1.8083963170969248 16.0 -1.0 -1.0 -1.0 -1.0 
135.38 55.23 2.0 -1.0 2.3383394841595853 136.56887975182974 0.5120011389792241 0.06912089747669085 1.1677910689819684 1.0 -1.0 -1.0 -1.0 -1.0 
135.38 55.23 2.0 -1.0 1.3899355261798 34.78757243003404 5.628271480212304 0.02350110514207489 131.74225576417223 32.0 131.93189730245558 32.0 1.3899201197394482 34.81208898885484 
135.38 55.23 2.0 -1.0 1.582278 0.0 2.244063301440265 0.11197585391223919 3.4285713349343063 4.0 -1.0 -1.0 -1.0 -1.0 
135.38 55.23 2.0 -1.0 385.6909919750328 91.04591983455316 1.5668214264876303 0.012441761545804354 12.26265917723561 1.0 -1.0 -1.0 -1.0 -1.0 
135.94 55.23 2.0 -1.0 2.274361 57.20951478722023 0.5046267831325151 0.017971433343939622 39.651677894662065 32.0 39.93458516403394 32.0 2.2743734007235616 57.17683220553193 
135.94 55.23 2.0 -1.0 2.227442025412 61.69920322474286 0.10013826441970505 0.052531882082285056 1.4653861576148506 1.0 -1.0 -1.0 -1.0 -1.0 
135.94 55.23 2.0 -1.0 409.836066 48.475030008767106 0.13740856411831398 0.04285495643554833 0.5655227764818853 1.0 -1.0 -1.0 -1.0 -1.0 
135.94 55.23 2.0 -1.0 0.42118683683774877 90.6917064379572 0.048180165428117296 0.011059343596270537 0.569261762171806 16.0 -1.0 -1.0 -1.0 -1.0 
135.94 55.23 2.0 -1.0 0.07279135971847846 136.0375596569358 0.2805077046772915 0.009676925646736721 2.4775388456651335 32.0 -1.0 -1.0 -1.0 -1.0 
135.94 55.23 2.0 -1.0 0.331159372546 74.76011504299052 6.791773565719267 0.016589015394405805 188.60006847713416 32.0 188.925961957852 32.0 0.33114702091552317 74.58287669995934 
135.94 55.23 2.0 -1.0 0.24832 94.82766184706897 7.575092471847536 0.0884747487701643 13.888241482714138 8.0 15.384664072077108 16.0 0.24835268656412762 94.11407778963662 
135.94 55.23 2.0 -1.0 1.21878672858 114.16053236137097 8.105706589434478 0.016589015394405805 288.7593142408862 32.0 288.75931135196544 32.0 1.218783533355842 114.15126854484957 
135.94 55.23 2.0 -1.0 0.4102676860891 0.0 6.94359142921429 0.013824179495338172 165.10657658437438 32.0 -1.0 -1.0 -1.0 -1.0 
135.94 55.23 2.0 -1.0 15.9235474 45.3458532189786 7.696417685155276 0.01520659744487199 194.3524233516885 16.0 194.35242717757697 16.0 15.923554504600665 45.33667403199699 
137.07 55.23 2.0 -1.0 4.2165396656 117.3723994952811 0.6666262149960813 0.07465056927482613 3.164212003910885 16.0 -1.0 -1.0 -1.0 -1.0 
137.07 55.23 2.0 -1.0 0.772798 94.51886616054725 0.7632877084845537 0.011059343596270537 18.674144183953945 32.0 18.73312120956035 32.0 0.7727976480964572 94.41767158895803 
137.07 55.23 2.0 -1.0 3.2404792414142376 49.44624489375672 0.021440411841405254 0.016589015394405805 1.2979970189482386 1.0 -1.0 -1.0 -1.0 -1.0 
137.07 55.23 2.0 -1.0 5.294087 89.98325647332304 0.14622327330595072 0.016589015394405805 2.6882831447970688 16.0 -1.0 -1.0 -1.0 -1.0 
137.07 55.23 2.0 -1.0 1.5894998973414058 134.97488470998456 0.09965517359035103 0.02350110514207489 1.4486934216078438 1.0 -1.0 -1.0 -1.0 -1.0 
137.07 55.23 2.0 -1.0 426.51934403983 63.350048399235675 3.375614434310193 0.01520659744487199 32.724707055468 1.0 32.724707424078986 1.0 426.51954572647816 63.349906125067236 
137.07 55.23 2.0 -1.0 0.701967086843 36.19038562930979 1.3083130433883792 0.019353851293473442 30.293971560095603 32.0 30.36125559160906 32.0 0.7019783273184051 36.1276621192476 
137.07 55.23 2.0 -1.0 12.342028775005748 66.2253009688153 1.8353815962816797 0.017971433343939622 40.579444683006656 16.0 40.57944476430932 16.0 12.342025001998993 66.18344825206705 
137.07 55.23 2.0 -1.0 1.1964621075 0.0 1.1489629662788923 0.013824179495338172 30.84697174850959 32.0 -1.0 -1.0 -1.0 -1.0 
137.07 55.23 2.0 -1.0 0.01759454949387518 44.99162823666152 3.6648517020634492 0.06497364362808941 0.9772509380125458 16.0 -1.0 -1.0 -1.0 -1.0 
14.53 55.03 2.0 -1.0 147.058824 69.79465656840591 0.02422916423928535 0.013824179495338172 0.7929653180650174 1.0 -1.0 -1.0 -1.0 -1.0 
14.53 55.03 2.0 -1.0 1.06477508236 47.18053707421379 0.6538551491077016 0.03732528463741307 4.352966249635215 16.0 -1.0 -1.0 -1.0 -1.0 
14.53 55.03 2.0 -1.0 0.0011217471065547253 144.2748285428027 0.7272540837450232 0.029030776940210157 2.186894666580419 1.0 -1.0 -1.0 -1.0 -1.0 
14.53 55.03 2.0 -1.0 0.006490675780325397 70.08750128128034 0.019761940299240183 0.013824179495338172 1.1332543243173854 32.0 -1.0 -1.0 -1.0 -1.0 
14.53 55.03 2.0 -1.0 130.38603910501416 0.0 0.06684709031242649 0.09400442056829957 1.2415356338851034 2.0 -1.0 -1.0 -1.0 -1.0 
14.53 55.03 2.0 -1.0 246.55815713199 108.4501586678307 0.011795250557810912 0.019353851293473442 0.9849154955873745 1.0 -1.0 -1.0 -1.0 -1.0 
14.53 55.03 2.0 -1.0 1.864837 216.9003173356614 0.24770763559917114 0.012441761545804354 4.789583699525117 32.0 -1.0 -1.0 -1.0 -1.0 
14.53 55.03 2.0 -1.0 195.694716 325.35047600349213 0.01808946582811853 0.02073626924300726 0.8312740130084999 1.0 -1.0 -1.0 -1.0 -1.0 
14.53 55.03 2.0 -1.0 4.368538167500896 74.54524857725778 5.636053377113842 0.011059343596270537 217.05321784254454 32.0 217.0532113073815 32.0 4.368545584535847 74.58287669995934 
14.53 55.03 2.0 -1.0 1.3104998476363685 53.98104207318667 1.876408245646434 0.02073626924300726 38.416442421158074 32.0 38.63096512820435 32.0 1.3104909157846123 53.93849834610357 
15.08 55.03 2.0 -1.0 2.66608189885 41.46612168591127 0.03785801297873459 0.027648358990676344 1.924080815594746 1.0 -1.0 -1.0 -1.0 -1.0 
15.08 55.03 2.0 -1.0 1.334812202073005 58.95811488727368 0.11473765527464062 0.013824179495338172 1.2138278226884158 8.0 -1.0 -1.0 -1.0 -1.0 
15.08 55.03 2.0 -1.0 1.01726312363 123.25829101295226 0.09462319317574847 0.06082638977948796 2.019206086499839 4.0 -1.0 -1.0 -1.0 -1.0 
15.08 55.03 2.0 -1.0 18.83649089489798 108.56762260733876 0.09442728648786386 0.013824179495338172 0.3567628647626315 2.0 -1.0 -1.0 -1.0 -1.0 
15.08 55.03 2.0 -1.0 0.27344484969650096 217.13524521467752 0.04093183418410041 0.02350110514207489 0.9296801371747638 2.0 -1.0 -1.0 -1.0 -1.0 
15.08 55.03 2.0 -1.0 3.1411201226 325.7028678220163 0.02877702569594295 0.04009012053648069 1.0782542344862132 32.0 -1.0 -1.0 -1.0 -1.0 
15.08 55.03 2.0 -1.0 1.469313 24.658172911417775 2.844103485256103 0.045619792334615966 31.78601387334927 16.0 31.798626326111105 16.0 1.4693190072042248 24.79349361124836 
15.08 55.03 2.0 -1.0 398.837694790884 92.8671743334902 7.2174841460961225 0.11474068981130683 13.945163906908899 1.0 -1.0 -1.0 -1.0 -1.0 
15.08 55.03 2.0 -1.0 1.127887471217 109.51225538730061 1.6987247418078029 0.013824179495338172 51.23532877332093 32.0 51.488121531381495 32.0 1.1278946961586676 109.49616362192133 
15.08 55.03 2.0 -1.0 0.0021345519190796537 0.0 1.8481051304768321 0.013824179495338172 2.2334072608326405 1.0 -1.0 -1.0 -1.0 -1.0 
15.19 53.86 2.0 -1.0 1.498159748737 73.97656182710234 0.24195710181010072 0.026265941041142528 0.8429114054717074 1.0 -1.0 -1.0 -1.0 -1.0 
15.19 53.86 2.0 -1.0 253.628279 37.235281119985565 0.012474110904895277 0.07741540517389377 1.9319099068230257 2.0 -1.0 -1.0 -1.0 -1.0 
15.19 53.86 2.0 -1.0 6.280644351360491 76.57006399466353 0.025324469357735295 0.016589015394405805 1.3824648085933524 8.0 -1.0 -1.0 -1.0 -1.0 
15.19 53.86 2.0 -1.0 1.6226634697651 57.24229784117184 0.010722672220103232 0.024883523091608708 0.5327349375868797 2.0 -1.0 -1.0 -1.0 -1.0 
15.19 53.86 2.0 -1.0 13.39141661 146.2549972349682 0.5482440125568449 0.006912089747669086 15.712417338923295 8.0 15.86847685338822 8.0 13.391399988904597 146.2310133398117 
15.19 53.86 2.0 -1.0 0.618723247886 205.81292201146252 0.046255834094871634 0.019353851293473445 0.9299717031271731 1.0 -1.0 -1.0 -1.0 -1.0 
15.19 53.86 2.0 -1.0 1.35421422194 308.71938301719376 0.03677532806403433 0.06220880772902178 1.725439980381824 2.0 -1.0 -1.0 -1.0 -1.0 
15.19 53.86 2.0 -1.0 9.93255637407 44.92316254525622 2.8976518526871895 0.017971433343939622 66.6345778447179 32.0 66.745399359282 32.0 9.932561321572091 44.93188229956846 
15.19 53.86 2.0 -1.0 0.453891 0.0 1.8328474204317418 0.016589015394405805 19.464463427528035 32.0 -1.0 -1.0 -1.0 -1.0 
15.19 53.86 2.0 -1.0 0.724541971 102.90646100573126 2.9644709215878002 0.02488352309160871 46.823979939112704 32.0 46.89847666045509 32.0 0.7245337959223738 103.12069383617174 
15.64 55.03 2.0 -1.0 156.599195693311 63.48356109213824 0.1488734599008061 0.020736269243007255 0.5305618263452048 1.0 -1.0 -1.0 -1.0 -1.0 
15.64 55.03 2.0 -1.0 0.801089 109.91427038602876 0.08507324120391956 0.06359122567855559 1.5890972087418285 1.0 -1.0 -1.0 -1.0 -1.0 
15.64 55.03 2.0 -1.0 0.970346 0.0 0.2634159475634402 0.10644618211410392 1.5129955036039255 8.0 -1.0 -1.0 -1.0 -1.0 
15.64 55.03 2.0 -1.0 1.57618 108.6752486492536 0.314159151265845 0.04976704618321742 0.6166012622722659 8.0 -1.0 -1.0 -1.0 -1.0 
15.64 55.03 2.0 -1.0 0.0039513335998734465 326.0257459477608 0.022878942329845036 0.017971433343939622 1.0518694174893364 16.0 -1.0 -1.0 -1.0 -1.0 
15.64 55.03 2.0 -1.0 23.057654430953995 137.6292302875786 1.24999907309771 0.013824179495338172 16.959823009483774 8.0 16.959823504327 8.0 23.057630945307515 137.62918902570516 
15.64 55.03 2.0 -1.0 0.7310895701613709 61.62502848697549 2.9460962052327924 0.08294507697202903 15.020947567079467 8.0 15.06443484211216 8.0 0.731112474265198 61.933135061567334 
15.64 55.03 2.0 -1.0 0.1423857038953062 91.10070348815317 1.4174741629268062 0.019353851293473442 18.659938067992506 32.0 19.89708943481153 32.0 0.14239655380758148 91.28053566263681 
15.64 55.03 2.0 -1.0 28.224759634040677 62.6032035423243 8.033235319613656 0.012441761545804354 201.13289671120538 16.0 201.19761366000245 16.0 28.22477351098011 62.64152059331728 
15.64 55.03 2.0 -1.0 0.9319943359 217.3504972985072 7.2926654131761595 0.056679135930886505 51.041175133539234 16.0 51.475712084459914 16.0 0.9319895373967787 217.57555618034272 
155.71 56.42 2.0 -1.0 2.8936595854908 24.317382203613974 0.02316522291218108 0.03456044873834543 0.7763500297153829 16.0 -1.0 -1.0 -1.0 -1.0 
155.71 56.42 2.0 -1.0 0.03110692935198607 20.60732842330429 0.4398092168823045 0.017971433343939622 2.306688734545668 1.0 -1.0 -1.0 -1.0 -1.0 
155.71 56.42 2.0 -1.0 0.002115023153604762 7.787439618075775 0.11000290147540624 0.07326815132529232 2.4076939089631084 1.0 -1.0 -1.0 -1.0 -1.0 
155.71 56.42 2.0 -1.0 252.67407210877 76.39282354901691 0.5084761966519021 0.10921101801317155 1.5328303435280275 1.0 -1.0 -1.0 -1.0 -1.0 
155.71 56.42 2.0 -1.0 109.99844724197537 53.96107924034581 0.7015919679774667 0.017971433343939622 5.242626886855798 2.0 -1.0 -1.0 -1.0 -1.0 
155.71 56.42 2.0 -1.0 0.742167900236 81.62118316681307 0.06717113988391868 0.013824179495338172 2.035387206833819 16.0 -1.0 -1.0 -1.0 -1.0 
155.71 56.42 2.0 -1.0 2.27174930502 122.4317747502196 0.2471947847766056 0.016589015394405805 2.566428721168911 1.0 -1.0 -1.0 -1.0 -1.0 
155.71 56.42 2.0 -1.0 0.0021443838166475015 120.63184766868322 3.375614434310193 0.012441761545804354 6.991810782922279 8.0 -1.0 -1.0 -1.0 -1.0 
155.71 56.42 2.0 -1.0 0.004252814799581741 0.0 3.8358214714603345 0.031795612839277794 3.4827205905068874 16.0 -1.0 -1.0 -1.0 -1.0 
155.71 56.42 2.0 -1.0 3.100775 40.810591583406534 1.8341140706762948 0.06082638977948796 15.087151717888906 8.0 15.108159679766734 8.0 3.1007706032445035 40.883964975283 
156.87 56.42 2.0 -1.0 184.614253 49.91672931069371 0.0776048723514451 0.013824179495338172 0.6524479052015584 2.0 -1.0 -1.0 -1.0 -1.0 
156.87 56.42 2.0 -1.0 0.2015142891 117.70698605579985 0.2581910561960041 0.011059343596270537 3.090064925780812 16.0 -1.0 -1.0 -1.0 -1.0 
156.87 56.42 2.0 -1.0 0.0025418332638687128 0.0 0.42870960754281573 0.024883523091608708 1.005455207198381 1.0 -1.0 -1.0 -1.0 -1.0 
156.87 56.42 2.0 -1.0 0.002361643206703525 40.60836192153824 0.8625684705825069 0.011059343596270537 4.541877346801042 1.0 -1.0 -1.0 -1.0 -1.0 
156.87 56.42 2.0 -1.0 0.701967086843 81.21672384307648 0.0807217742540839 0.016589015394405805 1.8341255124783202 32.0 -1.0 -1.0 -1.0 -1.0 
156.87 56.42 2.0 -1.0 0.2015142891 121.82508576461471 0.013092171966844394 0.03317803078881161 3.0911222956943956 16.0 -1.0 -1.0 -1.0 -1.0 
156.87 56.42 2.0 -1.0 265.8152125688832 47.33377919747256 1.653567173740338 0.017971433343939622 12.960828061574073 1.0 12.960828204487525 1.0 265.81498483816785 47.360632694139724 
156.87 56.42 2.0 -1.0 0.25640622895786946 66.30384205730905 2.0357801389985517 0.013824179495338172 60.95351463114353 32.0 61.25871359214787 32.0 0.2564168729198476 66.99303171692412 
156.87 56.42 2.0 -1.0 0.003302992313449221 4.373957974747142 2.6579233608580393 0.015206597444871989 3.5891929236274818 32.0 -1.0 -1.0 -1.0 -1.0 
156.87 56.42 2.0 -1.0 0.025529235825387523 116.11091782546036 3.5330909349505513 0.02073626924300726 11.869741092611415 32.0 11.869740787792251 32.0 0.025526484629760187 113.13928921377821 
158.39 55.25 2.0 -1.0 18.90166 30.743547659433247 0.3037024146099722 0.03732528463741306 4.208842797330143 8.0 -1.0 -1.0 -1.0 -1.0 
158.39 55.25 2.0 -1.0 24.009604 61.5353962578444 0.5577950391413088 0.019353851293473442 8.083114014980021 4.0 8.08311402049204 4.0 24.009689999123417 61.52834332913878 
158.39 55.25 2.0 -1.0 4.1785550317 56.45172243042044 0.26579233608580394 0.022118687192541075 7.325647918481514 16.0 7.92173216715939 16.0 4.1785824578255415 56.2660508075677 
158.39 55.25 2.0 -1.0 3.18414434133 47.32284496359737 0.25289502973203115 0.02350110514207489 3.4606450843143026 32.0 -1.0 -1.0 -1.0 -1.0 
158.39 55.25 2.0 -1.0 223.2232854038148 32.50653193212659 0.019236604356197163 0.030413194889743977 1.4744810422792674 2.0 -1.0 -1.0 -1.0 -1.0 
158.39 55.25 2.0 -1.0 0.61894065595 13.717466669723555 0.04017541726172728 0.020736269243007255 2.555307072176649 8.0 -1.0 -1.0 -1.0 -1.0 
158.39 55.25 2.0 -1.0 2.698764 0.0 0.039188560946779236 0.019353851293473442 0.8768595658011807 1.0 -1.0 -1.0 -1.0 -1.0 
158.39 55.25 2.0 -1.0 0.003364269329216067 40.24675740333504 0.06216978392254384 0.026265941041142528 3.605217597042666 1.0 -1.0 -1.0 -1.0 -1.0 
158.39 55.25 2.0 -1.0 0.6457791716938079 80.49351480667008 0.6400009491490016 0.02211868719254107 11.12404686901166 32.0 11.155922526466648 32.0 0.6457715547488382 80.55355475328038 
158.39 55.25 2.0 -1.0 0.004577298591068276 120.74027221000512 0.24447745947558114 0.01520659744487199 3.5053800639987562 1.0 -1.0 -1.0 -1.0 -1.0 
16.76 55.03 2.0 -1.0 486.154230881221 63.59927178822499 0.11545327069384025 0.06220880772902177 1.3656257007606583 1.0 -1.0 -1.0 -1.0 -1.0 
16.76 55.03 2.0 -1.0 2.515150138446 156.07463821476065 0.7333081784913691 0.016589015394405805 12.631125044946854 32.0 12.76510236297807 32.0 2.515146964772915 155.94601491809684 
16.76 55.03 2.0 -1.0 0.1323466 108.8733296713682 0.07383917380647688 0.06635606157762322 1.6887945945261023 2.0 -1.0 -1.0 -1.0 -1.0 
16.76 55.03 2.0 -1.0 0.45630888762 217.7466593427364 0.013922408471454342 0.04700221028414978 2.434683385423024 32.0 -1.0 -1.0 -1.0 -1.0 
16.76 55.03 2.0 -1.0 429.184549 326.6199890141046 0.021859184887200275 0.038707702586946884 -0.24308159094358872 1.0 -1.0 -1.0 -1.0 -1.0 
16.76 55.03 2.0 -1.0 0.80130712057 200.7607213202007 6.670869092409146 0.058061553880420315 51.91868534015146 16.0 52.199998138178024 16.0 0.801325465242068 200.675501351451 
16.76 55.03 2.0 -1.0 0.8026608259746 115.04706483725137 1.0216471553317565 0.01520659744487199 24.50360038418887 32.0 24.790845077303462 32.0 0.8026593908046683 114.96085200970668 
16.76 55.03 2.0 -1.0 5.7291241736163805 28.059463002611846 3.0496389432454394 0.013824179495338174 85.9309895741388 32.0 86.93170770007922 32.0 5.729119341898089 28.031827470676713 
16.76 55.03 2.0 -1.0 0.7790225779 98.51844053070701 2.487365314604511 0.031795612839277794 31.480556655925056 16.0 32.201964913143556 16.0 0.7790125285585722 98.46558891324348 
16.76 55.03 2.0 -1.0 3.5852282245022074 0.0 2.562364236117258 0.06773847952715704 6.791757252913717 8.0 -1.0 -1.0 -1.0 -1.0 
169.02 56.43 2.0 -1.0 0.3652624619393678 89.05389873683993 0.019343214725462587 0.027648358990676348 1.26700537538734 1.0 -1.0 -1.0 -1.0 -1.0 
169.02 56.43 2.0 -1.0 2.996958107478261 40.05731070330498 0.23715784958474712 0.029030776940210157 2.542588596750142 8.0 -1.0 -1.0 -1.0 -1.0 
169.02 56.43 2.0 -1.0 0.288597141714 25.60255768697235 0.022193951030734772 0.016589015394405805 1.447037268080436 1.0 -1.0 -1.0 -1.0 -1.0 
169.02 56.43 2.0 -1.0 88.63067025815513 90.05883710337558 0.03333897897859852 0.03456044873834543 0.993469698032497 2.0 -1.0 -1.0 -1.0 -1.0 
169.02 56.43 2.0 -1.0 1.555307 0.0 0.2634159475634402 0.08985716671969811 0.372894373756474 4.0 -1.0 -1.0 -1.0 -1.0 
169.02 56.43 2.0 -1.0 0.026607250597988085 38.94720436817838 0.03669918888002356 0.026265941041142528 2.7382024065153594 4.0 -1.0 -1.0 -1.0 -1.0 
169.02 56.43 2.0 -1.0 316.48368670253 116.84161310453516 0.13627413729677892 0.006912089747669087 1.0368188617424423 1.0 -1.0 -1.0 -1.0 -1.0 
169.02 56.43 2.0 -1.0 0.01719488041013931 26.993111938341453 1.6040596785870795 0.006912089747669086 7.707336351900784 32.0 -1.0 -1.0 -1.0 -1.0 
169.02 56.43 2.0 -1.0 5.8086556360048 51.25185669331845 2.251828199773005 0.011059343596270537 84.79836531701208 32.0 84.96093511028528 32.0 5.808669811813161 51.30735208531804 
169.02 56.43 2.0 -1.0 2.3427772328 77.89440873635677 1.911736987624171 0.07603298722435994 8.434449959085239 4.0 9.687910565881245 8.0 2.342858351767063 77.82121055938771 
17.32 55.03 2.0 -1.0 2.06222270715 77.27926680004005 0.10118135941650402 0.03317803078881161 0.8217985397872388 2.0 -1.0 -1.0 -1.0 -1.0 
17.32 55.03 2.0 -1.0 3.0666178824950348 158.22291881667812 0.07496999618546879 0.019353851293473442 2.0452292024284002 8.0 -1.0 -1.0 -1.0 -1.0 
17.32 55.03 2.0 -1.0 0.634563531429 58.59744574041987 0.031156549511556473 0.026265941041142528 0.7894956173932669 8.0 -1.0 -1.0 -1.0 -1.0 
17.32 55.03 2.0 -1.0 137.7782525504162 59.742566120606746 0.03207381464353671 0.017971433343939625 0.20118449072601444 2.0 -1.0 -1.0 -1.0 -1.0 
17.32 55.03 2.0 -1.0 35.662175932705 60.56050924931166 0.05063728905905742 0.016589015394405805 1.958829177286927 1.0 -1.0 -1.0 -1.0 -1.0 
17.32 55.03 2.0 -1.0 0.358562007983 33.24120875056761 0.16185305906356484 0.03456044873834543 0.8997510741842798 2.0 -1.0 -1.0 -1.0 -1.0 
17.32 55.03 2.0 -1.0 5.250105943146989 0.0 0.04237041388009732 0.022118687192541075 0.5841740142946108 1.0 -1.0 -1.0 -1.0 -1.0 
17.32 55.03 2.0 -1.0 3.346415259444355 109.04817791893883 0.552807921196648 0.04423737438508215 3.194993135902379 8.0 -1.0 -1.0 -1.0 -1.0 
17.32 55.03 2.0 -1.0 1.5462713682502525 218.09635583787767 0.015831422964399676 0.01520659744487199 1.5612241969843976 8.0 -1.0 -1.0 -1.0 -1.0 
17.32 55.03 2.0 -1.0 0.396239 327.1445337568165 0.19064614273734584 0.06773847952715704 2.1797691427286088 1.0 -1.0 -1.0 -1.0 -1.0 
17.88 55.03 2.0 -1.0 2.820474141608 86.34716393237187 0.02608805156199015 0.006912089747669087 2.270207016147848 4.0 -1.0 -1.0 -1.0 -1.0 
17.88 55.03 2.0 -1.0 1.636554 32.86763014199961 0.5574098225214513 0.045619792334615966 5.07588725360522 8.0 -1.0 -1.0 -1.0 -1.0 
17.88 55.03 2.0 -1.0 0.02307439124125024 71.86312353081271 0.035551267203640914 0.038707702586946884 0.6706263018795685 16.0 -1.0 -1.0 -1.0 -1.0 
17.88 55.03 2.0 -1.0 2.7337872008546404 53.67614972342509 0.09890073518198203 0.013824179495338172 0.37168560356055313 32.0 -1.0 -1.0 -1.0 -1.0 
17.88 55.03 2.0 -1.0 0.813613 60.59047670244994 0.3984373436262631 0.04147253848601452 2.493462889520452 1.0 -1.0 -1.0 -1.0 -1.0 
17.88 55.03 2.0 -1.0 3.63362703526 0.0 0.2262744216607843 0.015206597444871989 2.3623484773738133 32.0 -1.0 -1.0 -1.0 -1.0 
17.88 55.03 2.0 -1.0 4.39777931 218.44030162170432 0.04093183418410041 0.031795612839277794 3.042895173200942 32.0 -1.0 -1.0 -1.0 -1.0 
17.88 55.03 2.0 -1.0 1.7505409271745818 327.6604524325565 0.7079213307799325 0.009676925646736721 25.246596461143568 32.0 25.413099635482627 32.0 1.7505347689924142 327.5777094677997 
17.88 55.03 2.0 -1.0 3.01978 50.23537089500041 1.4501607341826344 0.02073626924300726 30.86852540022786 32.0 31.00925650109618 32.0 3.019795258296654 50.29537275424667 
17.88 55.03 2.0 -1.0 1.987795 109.22015081085216 1.7989765511541298 0.045619792334615966 15.501921845673124 16.0 16.031202131884882 16.0 1.9877916201949122 109.29376775570705 
173.65 56.43 2.0 -1.0 45.102610653564696 13.83252059786579 0.2867779491143187 0.08432749492156286 1.8992979961184122 2.0 -1.0 -1.0 -1.0 -1.0 
173.65 56.43 2.0 -1.0 204.55934656546316 45.46458066071105 0.035526715283987924 0.06082638977948796 0.49706242171036075 1.0 -1.0 -1.0 -1.0 -1.0 
173.65 56.43 2.0 -1.0 12.285441161466956 91.90067614602137 0.2546481902546703 0.03732528463741307 2.1141903922104013 8.0 -1.0 -1.0 -1.0 -1.0 
173.65 56.43 2.0 -1.0 0.014111716139277362 27.45685944760316 0.2406235522250666 0.10091651031596865 1.9468000267477112 8.0 -1.0 -1.0 -1.0 -1.0 
173.65 56.43 2.0 -1.0 0.81742601326 38.54832036177816 0.3822594545999752 0.011059343596270537 9.5942602641548 32.0 9.622234109108632 32.0 0.8174235214634489 38.86000631314029 
173.65 56.43 2.0 -1.0 0.02850604555160601 77.09664072355632 0.10856843319584761 0.009676925646736721 2.779457079599822 8.0 -1.0 -1.0 -1.0 -1.0 
173.65 56.43 2.0 -1.0 0.3737524374439566 80.87860914788918 8.661512956629936 0.03041319488974398 126.70880373048092 32.0 127.43616538120101 32.0 0.37374168944855535 81.56553408435174 
173.65 56.43 2.0 -1.0 0.764175 93.6817866577867 1.4693210878159408 0.02073626924300726 34.39940724953895 32.0 34.39940841954951 32.0 0.7641877649196734 93.70928605720809 
173.65 56.43 2.0 -1.0 0.878622905444995 0.0 3.592158867031385 0.07741540517389377 7.857369078281788 8.0 -1.0 -1.0 -1.0 -1.0 
173.65 56.43 2.0 -1.0 4.279869765973 115.64496108533447 1.4273006104727985 0.022118687192541075 9.141478700070595 2.0 9.141478865292312 2.0 4.279718268662691 108.5853822239571 
174.81 56.43 2.0 -1.0 1.18994040124844 70.21639481143828 0.068625203982797 0.016589015394405805 2.0028861959873017 8.0 -1.0 -1.0 -1.0 -1.0 
174.81 56.43 2.0 -1.0 269.687163 32.98671683998767 0.2429621118496883 0.01520659744487199 0.2212993903763591 1.0 -1.0 -1.0 -1.0 -1.0 
174.81 56.43 2.0 -1.0 0.3211609168549823 38.428775682516225 0.736862980950253 0.035942866687879244 3.6470074436132585 16.0 -1.0 -1.0 -1.0 -1.0 
174.81 56.43 2.0 -1.0 44.895817333942624 39.15515218056559 4.073436927058742 0.03456044873834543 40.26453347369272 8.0 40.2645326705645 8.0 44.89581139447789 39.163600112461694 
174.81 56.43 2.0 -1.0 0.03363455717906837 43.478821811811784 3.801526268472719 0.012441761545804354 36.16932832463255 32.0 -1.0 -1.0 -1.0 -1.0 
174.81 56.43 2.0 -1.0 1.56246161188 20.200184517182244 5.095311235830817 0.04285495643554833 -inf 1.0 -1.0 -1.0 -1.0 -1.0 
174.81 56.43 2.0 -1.0 0.0068902549872972155 81.64241242361157 8.100108739552656 0.06497364362808941 4.0717876254700185 8.0 -1.0 -1.0 -1.0 -1.0 
174.81 56.43 2.0 -1.0 0.859107 0.0 3.410776682707007 0.08432749492156286 5.322345839862809 8.0 -1.0 -1.0 -1.0 -1.0 
174.81 56.43 2.0 -1.0 6.59709182778 76.85755136503245 3.690257789846957 0.017971433343939622 99.99121291746437 32.0 100.25975729262545 32.0 6.5970804522900535 76.80923122831634 
174.81 56.43 2.0 -1.0 0.827339092144 115.28632704754867 1.8002197938065532 0.027648358990676344 12.327365161775388 16.0 12.327364712043275 16.0 0.8273370137127738 108.38298635774281 
18.43 55.03 2.0 -1.0 0.5348799301340531 55.17068127909668 0.017199806154973397 0.017971433343939625 1.0338779518816608 1.0 -1.0 -1.0 -1.0 -1.0 
18.43 55.03 2.0 -1.0 1.952192814966 9.58348538578003 0.032949724307776485 0.11197585391223919 0.3865383246695997 1.0 -1.0 -1.0 -1.0 -1.0 
18.43 55.03 2.0 -1.0 28.107357409599 147.82198006011387 0.9774600356461515 0.01520659744487199 8.122820517963657 4.0 8.399169062375401 4.0 28.10726679551105 147.74898233641878 
18.43 55.03 2.0 -1.0 3.4672047206 82.80525215179115 0.049257146235465336 0.024883523091608708 2.3886727743694465 32.0 -1.0 -1.0 -1.0 -1.0 
18.43 55.03 2.0 -1.0 5.486065 223.04577630740096 0.17295128471299193 0.04009012053648069 1.059522417139704 8.0 -1.0 -1.0 -1.0 -1.0 
18.43 55.03 2.0 -1.0 2.274361 115.00182462936036 0.05846240640937591 0.02350110514207489 1.9347775186865896 2.0 -1.0 -1.0 -1.0 -1.0 
18.43 55.03 2.0 -1.0 0.0040061858478016125 0.0 0.22847352570395624 0.027648358990676344 1.5072116704508844 16.0 -1.0 -1.0 -1.0 -1.0 
18.43 55.03 2.0 -1.0 6.107714243738 109.3895780507015 0.721249970799335 0.045619792334615966 4.535389754865507 8.0 -1.0 -1.0 -1.0 -1.0 
18.43 55.03 2.0 -1.0 1.10742 218.779156101403 0.374936219222589 0.024883523091608708 2.9468441924307376 16.0 -1.0 -1.0 -1.0 -1.0 
18.43 55.03 2.0 -1.0 0.0386064318053542 328.1687341521045 0.2250273073630341 0.012441761545804354 1.7872394203848339 16.0 -1.0 -1.0 -1.0 -1.0 
18.99 55.03 2.0 -1.0 2.76203446627 202.30068531696656 0.966047542040352 0.02350110514207489 15.734480354877807 16.0 15.857293103716145 16.0 2.762014143324147 202.29466828116517 
18.99 55.03 2.0 -1.0 0.004949232032673308 28.529162445999507 0.06360340234416484 0.011059343596270536 2.8081151053904514 8.0 -1.0 -1.0 -1.0 -1.0 
18.99 55.03 2.0 -1.0 1.2288412978165664 20.34510547704343 0.4654433038693023 0.012441761545804354 13.415590504381479 32.0 13.53890270646079 32.0 1.2288486080554626 20.138388688320095 
18.99 55.03 2.0 -1.0 4.4291820318041 109.54803966879764 0.17152342191960426 0.013824179495338172 1.4642114667550643 32.0 -1.0 -1.0 -1.0 -1.0 
18.99 55.03 2.0 -1.0 0.5218245 219.09607933759528 0.22239996444081098 0.056679135930886505 0.9455016932464602 1.0 -1.0 -1.0 -1.0 -1.0 
18.99 55.03 2.0 -1.0 426.51934403983 328.64411900639294 0.03654738309850336 0.03317803078881161 1.3742995900570374 1.0 -1.0 -1.0 -1.0 -1.0 
18.99 55.03 2.0 -1.0 3.7414393324491 49.17007721107749 1.024474257441211 0.031795612839277794 11.603385119155556 16.0 11.603384307805472 16.0 3.741418671173354 49.182195490068175 
18.99 55.03 2.0 -1.0 205.22225531037 181.98844753859365 3.7158400018911237 0.022118687192541075 22.305280386702524 1.0 22.305280550207705 1.0 205.22177995493016 181.9538837266308 
18.99 55.03 2.0 -1.0 0.001341933801856741 161.38040047218615 5.252572277723245 0.02488352309160871 5.509197982682215 2.0 -1.0 -1.0 -1.0 -1.0 
18.99 55.03 2.0 -1.0 0.664187 0.0 9.19171054608519 0.07603298722435994 10.777345116775791 16.0 -1.0 -1.0 -1.0 -1.0 
181.98 55.26 2.0 -1.0 0.654397111 14.991124534482694 0.1252592424949464 0.02073626924300726 2.278409718526463 32.0 -1.0 -1.0 -1.0 -1.0 
181.98 55.26 2.0 -1.0 12.6998621581 40.31122418120309 0.2985021714522505 0.016589015394405805 3.6034374915543435 16.0 -1.0 -1.0 -1.0 -1.0 
181.98 55.26 2.0 -1.0 100.80135882925016 59.80645917446485 0.08703500716290852 0.016589015394405805 1.482604840549959 2.0 -1.0 -1.0 -1.0 -1.0 
181.98 55.26 2.0 -1.0 0.03721287955679095 18.727617170712943 0.028796913017838353 0.03041319488974398 1.783075165682221 8.0 -1.0 -1.0 -1.0 -1.0 
181.98 55.26 2.0 -1.0 0.685533 55.57327265305595 0.013301860569649207 0.04009012053648069 2.1995917149974256 8.0 -1.0 -1.0 -1.0 -1.0 
181.98 55.26 2.0 -1.0 0.00820494416964135 37.624561802282244 0.16387830076108614 0.12165277955897592 1.1809275001502706 8.0 -1.0 -1.0 -1.0 -1.0 
181.98 55.26 2.0 -1.0 282.535701428469 75.24912360456449 0.17463215463497664 0.04147253848601452 0.3311827375414364 1.0 -1.0 -1.0 -1.0 -1.0 
181.98 55.26 2.0 -1.0 0.821629025162 112.87368540684673 0.08978324947588143 0.056679135930886505 1.0359031970675998 2.0 -1.0 -1.0 -1.0 -1.0 
181.98 55.26 2.0 -1.0 98.96535646146744 82.76726286658668 4.841372476313745 0.02626594104114253 34.24649834981045 2.0 34.24649845815715 2.0 98.96563521275918 82.77990928163737 
181.98 55.26 2.0 -1.0 3.46801177677 0.0 7.755127795831871 0.027648358990676344 139.6707911609125 32.0 -1.0 -1.0 -1.0 -1.0 
182.54 55.26 2.0 -1.0 0.785012 40.3004056208399 0.010041536703492851 0.03456044873834543 1.0904606058428088 1.0 -1.0 -1.0 -1.0 -1.0 
182.54 55.26 2.0 -1.0 31.953380185111733 19.1460773624203 0.19343214725462585 0.01520659744487199 1.0027931440324545 4.0 -1.0 -1.0 -1.0 -1.0 
182.54 55.26 2.0 -1.0 0.001431107536828458 26.49086013374359 0.2921773626975146 0.015206597444871989 1.1998087940840065 2.0 -1.0 -1.0 -1.0 -1.0 
182.54 55.26 2.0 -1.0 57.80624908500715 49.664721596566984 0.33639744242527675 0.022118687192541075 1.1262459393836375 4.0 -1.0 -1.0 -1.0 -1.0 
182.54 55.26 2.0 -1.0 2.721551083248 58.11517059153033 0.029726742058157247 0.006912089747669086 2.3272423881565847 16.0 -1.0 -1.0 -1.0 -1.0 
182.54 55.26 2.0 -1.0 0.0016502206479446465 0.0 0.5008065115563315 0.022118687192541075 0.871597305053775 2.0 -1.0 -1.0 -1.0 -1.0 
182.54 55.26 2.0 -1.0 1.22352355821 37.60393391216669 0.4814689191514564 0.03041319488974398 5.6291025306581055 16.0 -1.0 -1.0 -1.0 -1.0 
182.54 55.26 2.0 -1.0 10.78643292 75.20786782433338 0.8246917104001704 0.03041319488974398 10.022729750635413 8.0 10.022729485996049 8.0 10.786485897066694 75.19006429860217 
182.54 55.26 2.0 -1.0 1.37333511678 112.81180173650006 0.041301097859493346 0.006912089747669086 1.1770818683490218 8.0 -1.0 -1.0 -1.0 -1.0 
182.54 55.26 2.0 -1.0 0.0018426428931229803 9.691502919457301 1.098510166047577 0.038707702586946884 1.219200889523834 2.0 -1.0 -1.0 -1.0 -1.0 
19.55 55.03 2.0 -1.0 3.207184 27.167966613754015 0.0451196203330497 0.07188573337575849 0.7962176156718527 2.0 -1.0 -1.0 -1.0 -1.0 
19.55 55.03 2.0 -1.0 0.0015833605930140066 34.54448118524601 0.5278034774114226 0.008294507697202903 5.5501877067317285 2.0 -1.0 -1.0 -1.0 -1.0 
19.55 55.03 2.0 -1.0 1.3012367996509 41.03186230392424 0.4702916161939979 0.013824179495338172 11.29658803093983 32.0 11.744526328752322 32.0 1.3012443863165877 41.18755877460441 
19.55 55.03 2.0 -1.0 0.499765 0.0 0.08941186207550403 0.017971433343939622 0.6726698457746434 1.0 -1.0 -1.0 -1.0 -1.0 
19.55 55.03 2.0 -1.0 0.909379126021 109.75858511956623 0.09627163549856319 0.013824179495338172 3.000919821789783 8.0 -1.0 -1.0 -1.0 -1.0 
19.55 55.03 2.0 -1.0 173.708218965958 219.51717023913247 0.892884079763517 0.04423737438508214 2.086453365720705 1.0 -1.0 -1.0 -1.0 -1.0 
19.55 55.03 2.0 -1.0 128.25813729784 329.2757553586987 0.0831556933797168 0.09400442056829957 0.717863482043934 1.0 -1.0 -1.0 -1.0 -1.0 
19.55 55.03 2.0 -1.0 2.015344 18.704733377711854 1.1803402058496175 0.026265941041142528 18.249846962179138 32.0 18.52539940771935 32.0 2.0153493096586317 18.721617624820187 
19.55 55.03 2.0 -1.0 1.18486164335 128.66090370901446 5.850280880215022 0.038707702586946884 62.3191907177094 16.0 66.00233215475464 32.0 1.1848593809797119 128.82496884538432 
19.55 55.03 2.0 -1.0 4.61936868862 179.17685617628555 4.929118702665705 0.024883523091608708 96.77953984830822 32.0 96.96134573028496 32.0 4.619353906794762 179.22153953273815 
194.48 56.43 2.0 -1.0 17.485862788642 40.54241858026138 0.037649358067924674 0.019353851293473442 1.8587217287065796 2.0 -1.0 -1.0 -1.0 -1.0 
194.48 56.43 2.0 -1.0 0.022968596257459013 78.9079123875998 0.032029529200852905 0.009676925646736721 1.9695309442002444 1.0 -1.0 -1.0 -1.0 -1.0 
194.48 56.43 2.0 -1.0 155.2642352611918 61.05488499728818 0.44747118751276277 0.0027648358990676344 11.11105080057904 1.0 11.11105110391355 1.0 155.26408484826487 61.022353663603106 
194.48 56.43 2.0 -1.0 3.26978936174 0.0 0.7471147983930847 0.012441761545804354 20.188949413924323 32.0 -1.0 -1.0 -1.0 -1.0 
194.48 56.43 2.0 -1.0 0.922923422192 74.80093059950799 0.20957145722768147 0.03732528463741307 1.4784750085697045 4.0 -1.0 -1.0 -1.0 -1.0 
194.48 56.43 2.0 -1.0 9.410971404024096 54.34457049106169 1.7865912494267449 0.03041319488974398 27.540202822294624 16.0 27.84442458916009 16.0 9.410966110105317 54.343290078532114 
194.48 56.43 2.0 -1.0 212.765957 11.82720984876709 8.373215895525812 0.060826389779487955 30.646248087252385 2.0 30.646247764967566 2.0 212.7659778731565 11.840158173534931 
194.48 56.43 2.0 -1.0 1.330601 49.59797678515232 2.0856043462141063 0.08294507697202903 5.41530250116474 8.0 6.230995219225807 8.0 1.3306513816739123 51.30735208531804 
194.48 56.43 2.0 -1.0 342.465753 37.400465299753996 6.516004838727284 0.05529671798135269 27.747008101121516 1.0 27.747008198555697 1.0 342.4657431120674 37.443235249640374 
194.48 56.43 2.0 -1.0 1.143 112.201395899262 6.234182015477381 0.029030776940210157 76.02546569258949 16.0 76.02546553061232 16.0 1.1429923082080982 106.86501736113578 
195.06 56.43 2.0 -1.0 1.15226 36.55602261335043 0.02797336257603725 0.022118687192541075 1.4136367182847827 32.0 -1.0 -1.0 -1.0 -1.0 
195.06 56.43 2.0 -1.0 0.6890079310895 97.17977650528792 0.3218479632114377 0.012441761545804354 4.992107033064244 32.0 -1.0 -1.0 -1.0 -1.0 
195.06 56.43 2.0 -1.0 1.46195913357 65.45974092273984 0.5159068058447316 0.022118687192541075 11.35665753709989 16.0 11.376284661422439 32.0 1.461952100119864 65.4750627203171 
195.06 56.43 2.0 -1.0 1.88704458069 1.4362096054354987 0.03682617525797668 0.008294507697202903 1.3878920303982811 32.0 -1.0 -1.0 -1.0 -1.0 
195.06 56.43 2.0 -1.0 1.713648107847 65.44852053519737 0.4124407198270377 0.015206597444871989 6.359068603651515 16.0 6.489128175511136 32.0 1.7136396005904924 65.67745858653136 
195.06 56.43 2.0 -1.0 1.70068 112.19265503710587 0.010280191389284826 0.006912089747669085 1.2258365911488218 8.0 -1.0 -1.0 -1.0 -1.0 
195.06 56.43 2.0 -1.0 141.63006751692097 40.84221065457199 5.281682335805868 0.02073626924300726 49.31887600231756 2.0 49.31887639904484 2.0 141.629910406967 40.883964975283 
195.06 56.43 2.0 -1.0 0.2785177904653875 0.0 1.9940221259603996 0.02350110514207489 19.84651633246474 32.0 -1.0 -1.0 -1.0 -1.0 
195.06 56.43 2.0 -1.0 2.12042426647 37.39755167903529 6.67547921863847 0.05529671798135269 64.1264551498752 16.0 65.78106546321605 32.0 2.120426264203464 37.443235249640374 
195.06 56.43 2.0 -1.0 5.0214063292 74.79510335807058 2.7494379596855727 0.07465056927482613 17.322565030008445 8.0 17.52716801840563 8.0 5.021380881468455 74.88647049928075 
2.24 55.03 2.0 -1.0 59.665418222544 83.67450904421601 0.8448754276301367 0.013824179495338172 6.458410725396272 8.0 -1.0 -1.0 -1.0 -1.0 
2.24 55.03 2.0 -1.0 8.389566016290832 57.315385048864165 0.23261443611725988 0.18524400523753148 0.6818519293032063 1.0 -1.0 -1.0 -1.0 -1.0 
2.24 55.03 2.0 -1.0 19.363095610826207 68.06408680355594 0.09410167626613881 0.03456044873834543 1.644969455173715 16.0 -1.0 -1.0 -1.0 -1.0 
2.24 55.03 2.0 -1.0 10.9405323 0.0 0.0212193791684895 0.027648358990676344 -0.24482173196608736 32.0 -1.0 -1.0 -1.0 -1.0 
2.24 55.03 2.0 -1.0 0.10857111194022039 110.23207061042369 0.9821983945518493 0.017971433343939622 12.824661431286478 32.0 12.892154437339155 32.0 0.10856335090162854 112.12730988270685 
2.24 55.03 2.0 -1.0 2.93069668519 220.46414122084738 0.10641496346621235 0.031795612839277794 1.6959765948047627 2.0 -1.0 -1.0 -1.0 -1.0 
2.24 55.03 2.0 -1.0 0.3967613979300638 330.69621183127106 0.03557583609071558 0.015206597444871992 2.7906091105611455 8.0 -1.0 -1.0 -1.0 -1.0 
2.24 55.03 2.0 -1.0 5.5373591568 74.94325592655868 1.438188400122166 0.03456044873834543 9.973262741405659 16.0 10.153344385907872 16.0 5.537367542274296 74.88647049928075 
2.24 55.03 2.0 -1.0 0.115088121 42.16798380686775 1.4825764651044098 0.031795612839277794 4.673982119879273 32.0 -1.0 -1.0 -1.0 -1.0 
2.24 55.03 2.0 -1.0 5.751536555171 131.23338019266762 8.667498783590988 0.053914300031818865 58.47655192313327 8.0 59.62987860708616 16.0 5.751523228051762 131.2537192399556 
20.11 55.03 2.0 -1.0 1.61613383449 96.20134086619188 0.011909885623504696 0.015206597444871989 1.0634630541735304 4.0 -1.0 -1.0 -1.0 -1.0 
20.11 55.03 2.0 -1.0 0.2104307696878421 111.54735235942661 0.18596317084298622 0.01520659744487199 1.6520073585476927 1.0 -1.0 -1.0 -1.0 -1.0 
20.11 55.03 2.0 -1.0 0.8125946329902368 41.35172559359809 0.04953013217684496 0.03456044873834543 2.2728225556268007 4.0 -1.0 -1.0 -1.0 -1.0 
20.11 55.03 2.0 -1.0 0.04098312229597392 0.0 0.46737660191985736 0.08985716671969811 1.2324794933098375 4.0 -1.0 -1.0 -1.0 -1.0 
20.11 55.03 2.0 -1.0 2.08696826121 109.996250122476 0.0488842455453372 0.019353851293473442 1.1065499641187495 1.0 -1.0 -1.0 -1.0 -1.0 
20.11 55.03 2.0 -1.0 1.721551635017 219.992500244952 0.7972419798951421 0.01382417949533817 24.9225491943684 32.0 24.99529694578099 32.0 1.7215522044959168 219.90310864180685 
20.11 55.03 2.0 -1.0 9.808365445406661 329.988750367428 0.251501195620805 0.03041319488974398 2.263685050189679 8.0 -1.0 -1.0 -1.0 -1.0 
20.11 55.03 2.0 -1.0 0.89398205209 37.523473264102975 1.5996331735108558 0.022118687192541075 31.995273796164792 32.0 32.38333945869243 32.0 0.8939726588626703 37.443235249640374 
20.11 55.03 2.0 -1.0 0.74364701461 37.78749066613712 1.8315816449434905 0.06497364362808941 7.786544420464852 8.0 7.931910036418581 16.0 0.7436635011496644 36.33005798546188 
20.11 55.03 2.0 -1.0 0.73182352685 4.09226973152926 7.912064681527268 0.012441761545804354 230.8549521876985 32.0 231.9486153305801 32.0 0.7318097535365572 4.149115257392582 
20.67 55.03 2.0 -1.0 375.85602004288 122.29607973832105 0.13912793572153864 0.08294507697202903 0.8198309662415183 1.0 -1.0 -1.0 -1.0 -1.0 
20.67 55.03 2.0 -1.0 0.17916629069406123 100.20473813064164 0.2585480425615838 0.016589015394405805 3.988686307502572 16.0 -1.0 -1.0 -1.0 -1.0 
20.67 55.03 2.0 -1.0 0.00721428470441448 35.58425684111235 0.3692808065379914 0.022118687192541075 1.052212780216522 8.0 -1.0 -1.0 -1.0 -1.0 
20.67 55.03 2.0 -1.0 106.97507197376 91.37481566170392 0.02645100905743632 0.02350110514207489 1.1067326041316603 2.0 -1.0 -1.0 -1.0 -1.0 
20.67 55.03 2.0 -1.0 1.2985102380369886 0.0 0.08252616410692565 0.009676925646736721 1.462577265344124 1.0 -1.0 -1.0 -1.0 -1.0 
20.67 55.03 2.0 -1.0 0.008953561031815726 110.22521194370582 0.5137727631521563 0.029030776940210157 0.18983288761504377 8.0 -1.0 -1.0 -1.0 -1.0 
20.67 55.03 2.0 -1.0 0.80262320764 220.45042388741163 0.1690529689206087 0.06773847952715704 1.9430227423053494 1.0 -1.0 -1.0 -1.0 -1.0 
20.67 55.03 2.0 -1.0 0.785012 45.3070928181449 2.3634006668682335 0.022118687192541075 45.06548004833 32.0 45.555614383052365 32.0 0.7850151935902735 45.23547609888986 
20.67 55.03 2.0 -1.0 0.003302992313449221 54.56693660579496 1.2033945513880444 0.02350110514207489 3.441463469343164 1.0 -1.0 -1.0 -1.0 -1.0 
20.67 55.03 2.0 -1.0 4.580013 330.67563583111746 9.281042462954986 0.09262200261876576 52.34546389426312 8.0 52.473751888075874 8.0 4.579972786207994 330.51244952790665 
204.06 80.37 2.0 -1.0 3.2070528011 76.55204681223366 6.6939516053936705 0.015206597444871992 453.11818608035435 32.0 453.67200332485305 32.0 3.207052638269185 76.60683536210207 
204.06 80.37 2.0 -1.0 3.0246300939145647 19.23000499413596 4.465447487050318 0.015206597444871992 326.0517367298542 32.0 326.11396506727067 32.0 3.02463073846108 19.227607290355866 
204.06 80.37 2.0 -1.0 5.029204318571 0.0 7.994481079808956 0.0400901205364807 194.72020138266228 16.0 -1.0 -1.0 -1.0 -1.0 
204.06 80.37 2.0 -1.0 2.53578996532 45.42424283873505 1.0575537029719833 0.031795612839277794 35.32054466888145 32.0 35.32732426046896 32.0 2.5357849153806455 45.539069898211274 
21.23 55.03 2.0 -1.0 1.724 108.3781148190616 0.18353815962816797 0.02073626924300726 2.009171252271568 2.0 -1.0 -1.0 -1.0 -1.0 
21.23 55.03 2.0 -1.0 1.02145 85.98019197660192 0.010759774765112088 0.01520659744487199 2.1095713950064954 16.0 -1.0 -1.0 -1.0 -1.0 
21.23 55.03 2.0 -1.0 216.3733370950632 103.70635872322312 0.21146209145153 0.008294507697202903 2.1724000745148855 2.0 -1.0 -1.0 -1.0 -1.0 
21.23 55.03 2.0 -1.0 0.015757197976037262 44.199451289705955 0.0228947535848214 0.016589015394405805 2.2306349046705347 32.0 -1.0 -1.0 -1.0 -1.0 
21.23 55.03 2.0 -1.0 8.428208952531248 31.807701078049263 0.20245599113661636 0.02350110514207489 3.3344328274710846 16.0 -1.0 -1.0 -1.0 -1.0 
21.23 55.03 2.0 -1.0 5.22349606796 0.0 0.4821346193585811 0.03041319488974398 3.2230132548332517 16.0 -1.0 -1.0 -1.0 -1.0 
21.23 55.03 2.0 -1.0 0.0016963552480874539 220.86472436070457 0.091221248013141 0.016589015394405805 2.80081035481056 2.0 -1.0 -1.0 -1.0 -1.0 
21.23 55.03 2.0 -1.0 0.001457657401549976 331.29708654105684 0.38015262684727213 0.045619792334615966 4.65256398771048 2.0 -1.0 -1.0 -1.0 -1.0 
21.23 55.03 2.0 -1.0 0.11263689558758383 24.91603251113859 9.567491384329692 0.09400442056829957 2.2363936382323484 4.0 -1.0 -1.0 -1.0 -1.0 
21.23 55.03 2.0 -1.0 4.545455 110.43236218035229 8.910354636170874 0.006912089747669086 407.4543357018761 32.0 407.5251693354523 32.0 4.545442304030682 110.40694501988553 
21.78 55.04 2.0 -1.0 0.026242947102859793 45.38383688923346 0.014774641499094882 0.016589015394405805 2.2302744678939144 1.0 -1.0 -1.0 -1.0 -1.0 
21.78 55.04 2.0 -1.0 23.957175372381 132.20075968758422 0.024329804200374013 0.009676925646736721 2.047689388632213 2.0 -1.0 -1.0 -1.0 -1.0 
21.78 55.04 2.0 -1.0 1.54512280855 74.0018818040244 0.03687709275549668 0.017971433343939622 1.75340552083077 2.0 -1.0 -1.0 -1.0 -1.0 
21.78 55.04 2.0 -1.0 16.715110181781558 61.75123380685752 0.10509986549258755 0.0483846282336836 0.4388237061587673 1.0 -1.0 -1.0 -1.0 -1.0 
21.78 55.04 2.0 -1.0 41.14202978752838 114.0737846023454 0.29217736269751454 0.02350110514207489 1.1529027456528225 1.0 -1.0 -1.0 -1.0 -1.0 
21.78 55.04 2.0 -1.0 21.2271044207833 0.0 0.02724855863352144 0.04700221028414978 2.144306796104244 4.0 -1.0 -1.0 -1.0 -1.0 
21.78 55.04 2.0 -1.0 3.2404792414142376 110.65422703132049 0.025836948772326947 0.017971433343939622 0.3937199480113005 1.0 -1.0 -1.0 -1.0 -1.0 
21.78 55.04 2.0 -1.0 3.1523501692506883 82.43457717334796 3.637106982091575 0.022118687192541075 76.28218447053894 32.0 76.62838101187818 32.0 3.1523389528350285 82.37511754920882 
21.78 55.04 2.0 -1.0 101.7320938393003 221.30845406264098 4.72897999417174 0.04423737438508215 19.46411072044279 1.0 19.464110854983716 1.0 101.73243936151268 221.31987970530673 
21.78 55.04 2.0 -1.0 428.7490184657 331.96268109396146 1.0502728289128864 0.07603298722435994 1.6358756128042178 1.0 -1.0 -1.0 -1.0 -1.0 
21.87 56.21 2.0 -1.0 220.16693718147062 173.9203075771549 0.10132125723595094 0.011059343596270537 1.5633849787114098 2.0 -1.0 -1.0 -1.0 -1.0 
21.87 56.21 2.0 -1.0 4.929022 30.899724666122285 0.04558961100544261 0.012441761545804354 2.9678006065243716 1.0 -1.0 -1.0 -1.0 -1.0 
21.87 56.21 2.0 -1.0 0.025883631610384157 69.81308121054809 0.031985304904635636 0.022118687192541075 1.2245118735522285 2.0 -1.0 -1.0 -1.0 -1.0 
21.87 56.21 2.0 -1.0 47.007143985465035 228.2660294418071 0.013533593923801211 0.013824179495338172 0.6784239504981003 1.0 -1.0 -1.0 -1.0 -1.0 
21.87 56.21 2.0 -1.0 0.005134571450367859 62.88426412799745 0.027323960847671802 0.08570991287109667 0.2700128235676605 8.0 -1.0 -1.0 -1.0 -1.0 
21.87 56.21 2.0 -1.0 1.06863614348 0.0 0.5155505174915492 0.01520659744487199 4.143367173746059 32.0 -1.0 -1.0 -1.0 -1.0 
21.87 56.21 2.0 -1.0 0.1477177803212584 116.63508755626906 0.6277399637476767 0.08294507697202902 1.094013340768888 2.0 -1.0 -1.0 -1.0 -1.0 
21.87 56.21 2.0 -1.0 0.08202959894687482 233.2701751125381 0.018265272784775223 0.006912089747669087 0.4848053048788834 4.0 -1.0 -1.0 -1.0 -1.0 
21.87 56.21 2.0 -1.0 2.612776 349.90526266880715 0.016410488614265587 0.009676925646736721 1.1728877576366283 1.0 -1.0 -1.0 -1.0 -1.0 
21.87 56.21 2.0 -1.0 4.573978487088626 43.60255598413179 7.307795382278147 0.031795612839277794 88.59978967996494 16.0 91.6639546812854 32.0 4.573970121176293 43.616309169175686 
213.42 55.24 2.0 -1.0 1.07150635426 86.33350808409358 0.35575836090715596 0.04423737438508215 2.6923265719194998 8.0 -1.0 -1.0 -1.0 -1.0 
213.42 55.24 2.0 -1.0 0.727564 108.78022018595792 0.13684017514024296 0.011059343596270537 2.1800612486541158 16.0 -1.0 -1.0 -1.0 -1.0 
213.42 55.24 2.0 -1.0 268.65020045513 105.6090155099278 0.2851973688702286 0.012441761545804354 1.4406870918202122 1.0 -1.0 -1.0 -1.0 -1.0 
213.42 55.24 2.0 -1.0 266.0 77.57601759085742 0.07857592982991538 0.052531882082285056 0.10733734639735883 1.0 -1.0 -1.0 -1.0 -1.0 
213.42 55.24 2.0 -1.0 0.749653 0.0 0.012439687799583798 0.009676925646736721 1.6000718525061663 1.0 -1.0 -1.0 -1.0 -1.0 
213.42 55.24 2.0 -1.0 275.85470899694 75.22864900504153 0.3306373680429452 0.016589015394405805 1.8391369924407825 1.0 -1.0 -1.0 -1.0 -1.0 
213.42 55.24 2.0 -1.0 0.560796 112.8429735075623 0.015032032351528765 0.029030776940210157 1.0367345906486924 1.0 -1.0 -1.0 -1.0 -1.0 
213.42 55.24 2.0 -1.0 0.16723197844396526 44.82571164836859 7.343220827890099 0.03732528463741307 63.92490199034267 32.0 64.81566057204468 32.0 0.16722575916598242 44.42589263403278 
213.42 55.24 2.0 -1.0 48.5438764505726 64.80091547959024 7.512553516355127 0.013824179495338172 116.93317261173833 8.0 -1.0 -1.0 -1.0 -1.0 
213.42 55.24 2.0 -1.0 0.45813851213 37.614324502520766 9.02184849271757 0.035942866687879244 125.76825705567583 16.0 129.67317426635873 32.0 0.4581427977730831 37.64563111585465 
213.57 56.41 2.0 -1.0 3.7527013778 48.40809735559186 0.055779503914130876 0.05114946413275124 1.8950154349011143 2.0 -1.0 -1.0 -1.0 -1.0 
213.57 56.41 2.0 -1.0 3.38180924275 39.429358923360304 0.14401769029678593 0.026265941041142528 1.4841871340118915 1.0 -1.0 -1.0 -1.0 -1.0 
213.57 56.41 2.0 -1.0 12.981962077048623 63.213946336014104 0.016952077231295482 0.008294507697202903 1.8416192490473502 8.0 -1.0 -1.0 -1.0 -1.0 
213.57 56.41 2.0 -1.0 0.87464894928 35.24608306288878 0.07409467180299634 0.011059343596270537 1.8886122352198742 4.0 -1.0 -1.0 -1.0 -1.0 
213.57 56.41 2.0 -1.0 1.8077708574 47.512490870558665 0.036145630574195266 0.09538683851783337 1.5570004421333121 1.0 -1.0 -1.0 -1.0 -1.0 
213.57 56.41 2.0 -1.0 0.0034742522267341707 0.0 0.5151944751932532 0.08294507697202903 1.1276846999596537 1.0 -1.0 -1.0 -1.0 -1.0 
213.57 56.41 2.0 -1.0 0.0046408404588484465 37.78552423564114 0.3124276591845171 0.026265941041142528 5.510444588511823 1.0 -1.0 -1.0 -1.0 -1.0 
213.57 56.41 2.0 -1.0 280.91751733 75.57104847128228 0.16007386532839324 0.03456044873834543 1.243393384704445 1.0 -1.0 -1.0 -1.0 -1.0 
213.57 56.41 2.0 -1.0 0.002904191233120469 113.35657270692343 0.018532192071769888 0.016589015394405805 6.429074111641816 1.0 -1.0 -1.0 -1.0 -1.0 
213.57 56.41 2.0 -1.0 141.63006751692097 101.20353280875142 1.5368046356341298 0.012441761545804356 19.439365457255516 1.0 19.439365321800057 1.0 141.629910406967 101.19793310713615 
218.78 56.41 2.0 -1.0 129.87013 110.2426360777181 0.012534580706566297 0.009676925646736721 1.38321786510755 2.0 -1.0 -1.0 -1.0 -1.0 
218.78 56.41 2.0 -1.0 0.4309766901630031 28.210391037023307 0.013571044086248001 0.031795612839277794 0.944259880980268 16.0 -1.0 -1.0 -1.0 -1.0 
218.78 56.41 2.0 -1.0 0.72282 35.5721123993634 0.06547591981353262 0.04009012053648069 0.4130770020785824 1.0 -1.0 -1.0 -1.0 -1.0 
218.78 56.41 2.0 -1.0 2.3817202891513642 58.66479045199164 0.022878942329845036 0.03870770258694689 2.2975698555173434 16.0 -1.0 -1.0 -1.0 -1.0 
218.78 56.41 2.0 -1.0 137.14654583092135 37.06048530310245 0.033709536048698946 0.017971433343939622 1.1432849684006594 2.0 -1.0 -1.0 -1.0 -1.0 
218.78 56.41 2.0 -1.0 145.4511 18.833641743467265 0.05702635424403563 0.029030776940210157 1.40553528140576 1.0 -1.0 -1.0 -1.0 -1.0 
218.78 56.41 2.0 -1.0 3.85557384197 0.0 0.010509986549258755 0.013824179495338172 1.611164075143695 1.0 -1.0 -1.0 -1.0 -1.0 
218.78 56.41 2.0 -1.0 1.98059 38.15959144740206 0.6924430145429812 0.009676925646736721 24.544380643139252 32.0 24.62821543818825 32.0 1.9805762955608468 38.15162078139033 
218.78 56.41 2.0 -1.0 6.194650472344996 114.47877434220618 0.12630197479287292 0.012441761545804354 2.195747429772346 4.0 -1.0 -1.0 -1.0 -1.0 
218.78 56.41 2.0 -1.0 0.219403131079 76.31918289480411 4.533834329565707 0.01520659744487199 113.66673097693932 32.0 113.82093953134958 32.0 0.2194004385576894 75.99964776345924 
219.29 30.87 2.0 -1.0 0.878622905444995 20.89771565112817 0.019544704242172924 0.08432749492156286 1.2126674702690696 8.0 -1.0 -1.0 -1.0 -1.0 
219.29 30.87 2.0 -1.0 6.01990518407 64.86336630479978 0.013627413729677892 0.01382417949533817 2.083278925178337 2.0 -1.0 -1.0 -1.0 -1.0 
219.29 30.87 2.0 -1.0 1.1672031766 69.71829666421587 0.09053065854667372 0.019353851293473442 1.2064598379990596 8.0 -1.0 -1.0 -1.0 -1.0 
219.29 30.87 2.0 -1.0 1.636554 0.0 0.06502514182965707 0.02350110514207489 1.1391823649464818 16.0 -1.0 -1.0 -1.0 -1.0 
219.29 30.87 2.0 -1.0 0.001163754422873072 31.17819438908245 0.1125395386653212 0.035942866687879244 1.503396513411523 2.0 -1.0 -1.0 -1.0 -1.0 
219.29 30.87 2.0 -1.0 0.40042483786757027 62.3563887781649 0.37312743763296663 0.07188573337575849 1.7202453935192172 1.0 -1.0 -1.0 -1.0 -1.0 
219.29 30.87 2.0 -1.0 383.141762 43.3669694532812 7.404350157554982 0.05529671798135269 17.649329129756957 1.0 17.649329002156303 1.0 383.14222668608033 43.41391330296141 
219.29 30.87 2.0 -1.0 0.507087 65.48075629270241 3.8067824267077603 0.01520659744487199 163.81742969572036 32.0 164.5105476705788 32.0 0.5070736127284666 65.57626065342423 
219.29 30.87 2.0 -1.0 400.5813533944 55.11608801094323 8.384793073894407 0.016589015394405805 77.32856320231093 1.0 77.3285638634652 1.0 400.58124189575517 55.1528735433892 
219.29 30.87 2.0 -1.0 0.54347721486 93.53458316724735 7.143077934856375 0.019353851293473442 199.2637970786097 32.0 199.9983719870182 32.0 0.5434837172894429 93.60808812410095 
219.36 56.41 2.0 -1.0 2.70735 14.23830353700601 0.02173870771700178 0.013824179495338172 1.8445610862758253 8.0 -1.0 -1.0 -1.0 -1.0 
219.36 56.41 2.0 -1.0 1.689189 85.79666962234539 0.20036883958375687 0.017971433343939622 3.2866786001637953 32.0 -1.0 -1.0 -1.0 -1.0 
219.36 56.41 2.0 -1.0 0.6527 59.91092937551804 0.09153689138922276 0.012441761545804354 1.5765655413139128 32.0 -1.0 -1.0 -1.0 -1.0 
219.36 56.41 2.0 -1.0 1.84704824843 8.55215333221134 0.03363974424252767 0.08018024107296139 2.3560168617286843 2.0 -1.0 -1.0 -1.0 -1.0 
219.36 56.41 2.0 -1.0 0.59505 0.0 0.2749437959685573 0.019353851293473442 1.755538854016236 4.0 -1.0 -1.0 -1.0 -1.0 
219.36 56.41 2.0 -1.0 1.273166302706 38.20955369471903 0.9217145848418996 0.004147253848601451 82.86900121678252 32.0 82.96778804105536 32.0 1.2731713165218632 38.252818714497465 
219.36 56.41 2.0 -1.0 2.706349 114.62866108415707 0.47159300720092434 0.031795612839277794 3.019621941606234 8.0 -1.0 -1.0 -1.0 -1.0 
219.36 56.41 2.0 -1.0 1.941748 45.5121296633767 8.978324947588142 0.02350110514207489 231.99749384037625 32.0 231.9974986467078 32.0 1.9417408717951428 45.539069898211274 
219.36 56.41 2.0 -1.0 1.191335192834 24.555914795706016 4.000923210065315 0.03317803078881161 72.40706269705382 16.0 72.77347695403964 32.0 1.1913167933622997 24.69229567814122 
219.36 56.41 2.0 -1.0 0.59503515667 76.41910738943805 1.90777895102889 0.03456044873834543 27.722974942438242 16.0 27.82078200981489 16.0 0.5950520668799679 75.99964776345924 
219.94 56.41 2.0 -1.0 1.5462713682502522 15.84102274300174 0.07143077934856375 0.012441761545804352 1.4009734071474742 8.0 -1.0 -1.0 -1.0 -1.0 
219.94 56.41 2.0 -1.0 0.02318067352424208 48.78575844765029 0.08530865588540772 0.022118687192541075 1.8527037467558385 4.0 -1.0 -1.0 -1.0 -1.0 
219.94 56.41 2.0 -1.0 0.8189874162 47.48863122304218 0.7093900431442742 0.016589015394405805 20.419774101171924 16.0 20.59216953894204 32.0 0.818999978946522 47.563028560353985 
219.94 56.41 2.0 -1.0 11.7547287226 41.508071187459635 0.774977205778036 0.016589015394405805 15.481955252412838 16.0 15.481955830254904 16.0 11.754733956574153 41.491152573925824 
219.94 56.41 2.0 -1.0 0.42457829519 2.617212453191592 0.023585075113822355 0.029030776940210157 -0.11669398468530785 4.0 -1.0 -1.0 -1.0 -1.0 
219.94 56.41 2.0 -1.0 35.2051272362 0.0 0.6234182015477384 0.06082638977948796 3.561201264239616 8.0 -1.0 -1.0 -1.0 -1.0 
219.94 56.41 2.0 -1.0 0.0017679866917203356 76.51902724989101 0.39651518701716426 0.07879782312342758 6.924206150312648 2.0 -1.0 -1.0 -1.0 -1.0 
219.94 56.41 2.0 -1.0 1.451168 69.20690298373732 8.173183303247916 0.05114946413275123 71.55331630692424 16.0 75.20581069670543 32.0 1.4511594296588253 69.21938624528113 
219.94 56.41 2.0 -1.0 0.90635 38.259513624945505 1.4174741629268064 0.012441761545804354 54.24307129555542 32.0 54.38753418320486 32.0 0.9063417868067821 38.3540166476046 
219.94 56.41 2.0 -1.0 1.437835 114.77854087483652 2.265872786768344 0.008294507697202903 61.1212567005389 16.0 61.25846906658096 16.0 1.4378504905228815 111.52012228406403 
22.34 55.04 2.0 -1.0 0.602381 49.39699362064035 0.017295128471299184 0.05391430003181887 0.3234038076512444 1.0 -1.0 -1.0 -1.0 -1.0 
22.34 55.04 2.0 -1.0 0.0024727047830328253 127.12069989031367 0.01790297859955299 0.01520659744487199 0.9600360955621777 1.0 -1.0 -1.0 -1.0 -1.0 
22.34 55.04 2.0 -1.0 246.55815713199 93.90088881659463 0.6325285139869439 0.029030776940210157 2.3795003446817358 2.0 -1.0 -1.0 -1.0 -1.0 
22.34 55.04 2.0 -1.0 27.75286 96.69694505927238 0.04939345061540832 0.02073626924300726 0.5638805923932273 8.0 -1.0 -1.0 -1.0 -1.0 
22.34 55.04 2.0 -1.0 4.42268268368 0.0 0.08959736334752315 0.04423737438508215 2.046277084749152 16.0 -1.0 -1.0 -1.0 -1.0 
22.34 55.04 2.0 -1.0 1.8244604519282164 110.94351734339237 0.04502620522961262 0.05944397182995414 0.8210531898800938 8.0 -1.0 -1.0 -1.0 -1.0 
22.34 55.04 2.0 -1.0 0.00433171289403577 15.64460040545887 9.390684932040841 0.06497364362808941 5.618530463058211 2.0 -1.0 -1.0 -1.0 -1.0 
22.34 55.04 2.0 -1.0 20.46088289466011 82.48365915899379 5.025394001268609 0.027648358990676344 74.54421007363119 16.0 74.54420961970452 16.0 20.460902305785567 82.47631548231597 
22.34 55.04 2.0 -1.0 0.70366819287 221.88703468678474 2.0259590509116925 0.031795612839277794 23.438033537285357 16.0 24.69550859737227 32.0 0.7036760507617146 221.62347350462818 
22.34 55.04 2.0 -1.0 0.23496782854016698 332.8305520301771 4.147264900506527 0.005529671798135269 178.65463456980515 32.0 178.96111091577907 32.0 0.23495279795800647 332.7388040562637 
22.45 56.21 2.0 -1.0 0.0018511302370087712 120.43729078823974 0.18673560055177577 0.03041319488974398 2.770203021707069 2.0 -1.0 -1.0 -1.0 -1.0 
22.45 56.21 2.0 -1.0 0.01554145218618354 92.476754593009 0.7517745316634095 0.02350110514207489 1.0141452079533506 16.0 -1.0 -1.0 -1.0 -1.0 
22.45 56.21 2.0 -1.0 7.479017300127568 190.60174799082623 0.02897651852687188 0.04147253848601452 0.79930384589708 16.0 -1.0 -1.0 -1.0 -1.0 
22.45 56.21 2.0 -1.0 2.5326985081 85.56555555855424 0.26597602073066334 0.2018330206319373 1.146684307369009 2.0 -1.0 -1.0 -1.0 -1.0 
22.45 56.21 2.0 -1.0 15.601712435858618 78.23336978088395 0.011885227543732946 0.019353851293473442 1.2499325315295362 1.0 -1.0 -1.0 -1.0 -1.0 
22.45 56.21 2.0 -1.0 3.402191551 0.0 0.8637610958729159 0.04285495643554833 4.658370510849904 16.0 -1.0 -1.0 -1.0 -1.0 
22.45 56.21 2.0 -1.0 254.33303103 116.9290679281104 0.02504608637573597 0.029030776940210157 0.6858967483924072 1.0 -1.0 -1.0 -1.0 -1.0 
22.45 56.21 2.0 -1.0 0.004577298591068276 350.7872037843312 0.4755188273662868 0.04423737438508215 2.548911198112017 16.0 -1.0 -1.0 -1.0 -1.0 
22.45 56.21 2.0 -1.0 198.08369995680326 29.539236482288917 5.734239758366275 0.013824179495338172 48.88532951000815 2.0 48.88533156094573 2.0 198.0835804715753 29.54979646728376 
22.45 56.21 2.0 -1.0 0.16193798815580446 233.8581358562208 1.098510166047577 0.02211868719254107 9.013306520846374 32.0 9.550920927628312 32.0 0.16195068989569944 231.23727714980612 
23.02 56.21 2.0 -1.0 278.60300920296 0.0 0.04213688881542749 0.013824179495338172 0.22978044816907137 1.0 -1.0 -1.0 -1.0 -1.0 
23.02 56.21 2.0 -1.0 2.8936595854908 117.21635411385081 0.021190080826200126 0.027648358990676344 0.701783916048396 8.0 -1.0 -1.0 -1.0 -1.0 
23.02 56.21 2.0 -1.0 10.175670257180695 351.64906234155245 0.012243590363412011 0.011059343596270537 1.120057623841584 4.0 -1.0 -1.0 -1.0 -1.0 
23.02 56.21 2.0 -1.0 0.691778 92.7743000757091 2.416230231392835 0.04700221028414978 12.590752591824165 16.0 12.697062739616477 16.0 0.6917616701684892 93.5068901909938 
23.02 56.21 2.0 -1.0 209.57669463535 94.49755280645579 3.159002393760121 0.008294507697202903 37.37072505806066 1.0 37.37072503184117 1.0 209.57668311893943 94.51886952206516 
23.02 56.21 2.0 -1.0 157.728707 209.67413838187176 1.384567494348229 0.035942866687879244 4.417053141795181 2.0 -1.0 -1.0 -1.0 -1.0 
23.02 56.21 2.0 -1.0 0.403403 89.43329988344513 2.5306980126384855 0.07188573337575849 5.685994682811101 8.0 -1.0 -1.0 -1.0 -1.0 
23.02 56.21 2.0 -1.0 2.181080193687 65.41326692222097 5.32933066309083 0.017971433343939622 141.5802734373067 32.0 141.89915588715684 32.0 2.1810895608117185 65.4750627203171 
23.02 56.21 2.0 -1.0 0.0014711164738485903 66.29247749913254 7.8196860836371656 0.016589015394405805 8.345994278875033 2.0 -1.0 -1.0 -1.0 -1.0 
23.02 56.21 2.0 -1.0 9.990329951227002 234.43270822770162 3.788417601929283 0.019353851293473442 49.51226264039899 8.0 49.824463620364874 16.0 9.99037486811479 234.47561100923448 
23.46 55.04 2.0 -1.0 0.24042930163565163 56.52166926013883 0.5028866967141119 0.07741540517389377 1.2157249802565029 1.0 -1.0 -1.0 -1.0 -1.0 
23.46 55.04 2.0 -1.0 0.11793389859857507 10.90299655550607 0.017271248479812762 0.016589015394405805 1.552957055245228 8.0 -1.0 -1.0 -1.0 -1.0 
23.46 55.04 2.0 -1.0 0.28331 46.52168162180657 0.08794161145692235 0.026265941041142528 1.2328470768335236 1.0 -1.0 -1.0 -1.0 -1.0 
23.46 55.04 2.0 -1.0 3.24303 84.14705317071555 0.4929118702665705 0.012441761545804354 12.040788272191607 32.0 12.040788997315715 32.0 3.2430458910918487 84.19668034513728 
23.46 55.04 2.0 -1.0 1.239587 111.27076546064016 0.027954044003046397 0.03732528463741307 1.766902335869372 1.0 -1.0 -1.0 -1.0 -1.0 
23.46 55.04 2.0 -1.0 0.2158 146.8225609775204 0.3128596354744866 0.03456044873834543 1.933586061816084 1.0 -1.0 -1.0 -1.0 -1.0 
23.46 55.04 2.0 -1.0 1.35421422194 0.0 0.36673844198734107 0.02073626924300726 2.576713758175681 32.0 -1.0 -1.0 -1.0 -1.0 
23.46 55.04 2.0 -1.0 3.31882067385 111.47143410890101 0.4307878306033789 0.006912089747669086 18.379692878726466 16.0 18.79782495128874 16.0 3.3188067997495336 111.4189243509569 
23.46 55.04 2.0 -1.0 24.141992420828597 222.94286821780202 0.01564658061099084 0.009676925646736721 1.6285739856563348 1.0 -1.0 -1.0 -1.0 -1.0 
23.46 55.04 2.0 -1.0 358.3494338642142 334.414302326703 0.327454916287773 0.019353851293473442 2.555876424507692 1.0 -1.0 -1.0 -1.0 -1.0 
230.62 49.39 2.0 -1.0 2.054398913559 101.83690627565085 0.3637106982091573 0.031795612839277794 3.7746308359164087 8.0 -1.0 -1.0 -1.0 -1.0 
230.62 49.39 2.0 -1.0 0.0031984309168074355 21.41738964349639 0.10394453964744334 0.022118687192541075 0.8439728045659329 16.0 -1.0 -1.0 -1.0 -1.0 
230.62 49.39 2.0 -1.0 317.594454701573 24.674038176950113 0.49942450401932836 0.008294507697202903 5.379733840552913 1.0 -1.0 -1.0 -1.0 -1.0 
230.62 49.39 2.0 -1.0 336.74002 86.01724347079555 0.6325285139869439 0.009676925646736721 7.144900210058035 1.0 -1.0 -1.0 -1.0 -1.0 
230.62 49.39 2.0 -1.0 20.517029 57.889535318866045 0.3187501112611771 0.017971433343939622 3.8632478556603123 8.0 -1.0 -1.0 -1.0 -1.0 
230.62 49.39 2.0 -1.0 1.713648107847 85.85499051895088 0.013721883928644856 0.04423737438508215 0.910135813021379 8.0 -1.0 -1.0 -1.0 -1.0 
230.62 49.39 2.0 -1.0 435.818755096939 38.627792035591696 0.03992639748175489 0.012441761545804354 1.5702620421744835 1.0 -1.0 -1.0 -1.0 -1.0 
230.62 49.39 2.0 -1.0 3.769066848 77.25558407118339 0.012371126305091651 0.03041319488974398 0.7840555256019008 4.0 -1.0 -1.0 -1.0 -1.0 
230.62 49.39 2.0 -1.0 355.618777 115.88337610677509 0.09455784582756947 0.031795612839277794 2.4002109126866435 1.0 -1.0 -1.0 -1.0 -1.0 
230.62 49.39 2.0 -1.0 0.8573028021 0.0 1.7463215463497674 0.009676925646736721 55.86715589773308 32.0 -1.0 -1.0 -1.0 -1.0 
236.12 56.38 2.0 -1.0 0.06857004804796225 99.31338264475986 0.049632891501042 0.011059343596270537 1.7639302651785467 4.0 -1.0 -1.0 -1.0 -1.0 
236.12 56.38 2.0 -1.0 3.20848561308 84.70953137573684 0.01790297859955299 0.031795612839277794 0.8034100125517798 2.0 -1.0 -1.0 -1.0 -1.0 
236.12 56.38 2.0 -1.0 0.9243476491536 37.85251104786995 0.8769893096646313 0.011059343596270537 38.23322117942848 32.0 38.47118569470531 32.0 0.9243497819018861 37.64563111585465 
236.12 56.38 2.0 -1.0 0.0025653029197927 42.732451496550055 0.05270747206075626 0.016589015394405805 7.626562935150916 2.0 -1.0 -1.0 -1.0 -1.0 
236.12 56.38 2.0 -1.0 0.7479 9.400180127187218 0.049325251342871065 0.017971433343939622 0.7083149353958275 1.0 -1.0 -1.0 -1.0 -1.0 
236.12 56.38 2.0 -1.0 272.081088484952 87.76698792220718 0.10216471553317565 0.024883523091608708 0.07598905580898734 1.0 -1.0 -1.0 -1.0 -1.0 
236.12 56.38 2.0 -1.0 5.3890932493 0.0 0.9580719820772556 0.052531882082285056 6.8670789600024635 16.0 -1.0 -1.0 -1.0 -1.0 
236.12 56.38 2.0 -1.0 13.59246800276662 39.96275556621811 0.06165651845890035 0.07188573337575849 2.1775330148618712 1.0 -1.0 -1.0 -1.0 -1.0 
236.12 56.38 2.0 -1.0 458.12007798349 79.92551113243621 0.481136413810628 0.03732528463741307 0.7268254434471282 1.0 -1.0 -1.0 -1.0 -1.0 
236.12 56.38 2.0 -1.0 0.02957354326608582 119.88826669865432 4.34373964253692 0.015206597444871992 67.4635295038253 32.0 67.46352839079839 32.0 0.02955857780762017 118.19918586913504 
24.02 55.04 2.0 -1.0 22.10004678013 84.42959940813488 0.08173183303247916 0.17694949754032863 0.5063005824541633 2.0 -1.0 -1.0 -1.0 -1.0 
24.02 55.04 2.0 -1.0 1.486923 241.55780981914572 0.7835909453575257 0.017971433343939622 21.790365338776777 32.0 21.854514427740305 32.0 1.4869328879285604 241.4582683936269 
24.02 55.04 2.0 -1.0 0.33166013815647993 111.71252672779417 0.020884879949607416 0.04009012053648069 1.330229941960976 1.0 -1.0 -1.0 -1.0 -1.0 
24.02 55.04 2.0 -1.0 7.794831341300506 223.42505345558834 0.051984226606908684 0.01520659744487199 2.0674200675332712 1.0 -1.0 -1.0 -1.0 -1.0 
24.02 55.04 2.0 -1.0 1.875466208964955 335.1375801833825 0.01706959520944684 0.09400442056829957 1.5968980516517717 1.0 -1.0 -1.0 -1.0 -1.0 
24.02 55.04 2.0 -1.0 0.626629 35.729238971445724 2.691181534972077 0.022118687192541075 34.61124608341505 32.0 34.89125926927465 32.0 0.6266418495215476 35.62167245371192 
24.02 55.04 2.0 -1.0 26.38213277689397 42.432660917307956 1.1934594860975862 0.10921101801317155 2.2243967994834284 4.0 -1.0 -1.0 -1.0 -1.0 
24.02 55.04 2.0 -1.0 12.385435 61.67148190193258 2.8031398436381205 0.05806155388042031 20.462878561412765 16.0 20.613957759819233 16.0 12.38543821576362 61.73073919535305 
24.02 55.04 2.0 -1.0 3.548042944291 100.45077785874562 1.6777315525707737 0.02350110514207489 28.905749169297277 32.0 29.09154480884693 32.0 3.548029781086371 100.38834964227907 
24.02 55.04 2.0 -1.0 0.0865148188 0.0 4.346741528465428 0.0483846282336836 3.7400289879066437 8.0 -1.0 -1.0 -1.0 -1.0 
24.17 56.21 2.0 -1.0 0.458716 38.87741981005531 0.013192042178755196 0.062208807729021785 0.46831026028633105 8.0 -1.0 -1.0 -1.0 -1.0 
24.17 56.21 2.0 -1.0 7.11838566803 144.63388877564626 0.5628271480212301 0.035942866687879244 2.9630296173591644 8.0 -1.0 -1.0 -1.0 -1.0 
24.17 56.21 2.0 -1.0 244.391377738396 12.923828928683236 0.926182710752244 0.031795612839277794 3.7344975688183677 1.0 -1.0 -1.0 -1.0 -1.0 
24.17 56.21 2.0 -1.0 0.54577427435 78.46105978014795 0.19303166773129504 0.020736269243007255 1.868196106747075 16.0 -1.0 -1.0 -1.0 -1.0 
24.17 56.21 2.0 -1.0 0.36228891961 33.722012641782754 0.30140323878155 0.012441761545804354 5.481616075504762 32.0 -1.0 -1.0 -1.0 -1.0 
24.17 56.21 2.0 -1.0 13.655075874659037 0.0 0.6574788520025431 0.026265941041142528 5.673061343169581 16.0 -1.0 -1.0 -1.0 -1.0 
24.17 56.21 2.0 -1.0 2.83973605453 117.69158967022192 0.4382926385504238 0.012441761545804354 12.616672774459822 32.0 12.917153659822867 32.0 2.839745623835673 117.69319620359934 
24.17 56.21 2.0 -1.0 0.907696 235.38317934044383 0.9580719820772556 0.022118687192541075 8.854013362564078 32.0 9.570282273812104 32.0 0.9077060288594415 234.9816006747702 
24.17 56.21 2.0 -1.0 1.116957930831 93.92728128496559 7.2574838589214705 0.038707702586946884 65.56463721151694 16.0 69.49664172299825 32.0 1.1169504432473332 93.91168192342235 
24.17 56.21 2.0 -1.0 2.38677780294 353.07476901066576 1.4038306864969674 0.02350110514207489 19.80178031121416 16.0 19.801780503895728 16.0 2.3867566293726368 353.07958861079806 
24.58 55.04 2.0 -1.0 128.25891710032 68.33793400566918 0.16777315525707737 0.027648358990676344 1.6320844110069035 1.0 -1.0 -1.0 -1.0 -1.0 
24.58 55.04 2.0 -1.0 0.9855927019356281 29.54699655237738 0.01932985618465305 0.031795612839277794 1.2229853882025052 16.0 -1.0 -1.0 -1.0 -1.0 
24.58 55.04 2.0 -1.0 0.014980462096522084 64.94288662024243 0.03705585904209861 0.04147253848601452 0.04024276221558679 4.0 -1.0 -1.0 -1.0 -1.0 
24.58 55.04 2.0 -1.0 6.30957344480193 79.69957773115674 0.980842238722258 0.012441761545804356 18.738100434092214 32.0 18.73810003189693 32.0 6.309589177059631 79.74397128842328 
24.58 55.04 2.0 -1.0 104.491133 112.03656371908284 0.2052727181469264 0.011059343596270537 1.5520517174784936 1.0 -1.0 -1.0 -1.0 -1.0 
24.58 55.04 2.0 -1.0 1.35193245777 224.07312743816567 0.11730240887216133 0.21150994627867403 1.6988969320527394 8.0 -1.0 -1.0 -1.0 -1.0 
24.58 55.04 2.0 -1.0 19.1744057 9.84899885079246 1.4362026428722108 0.03732528463741307 16.322411383317764 16.0 16.32241167611936 16.0 19.1743917336377 9.816199511392206 
24.58 55.04 2.0 -1.0 3.46493998447 72.57333965481543 4.828012399922342 0.049767046183217416 48.16062624130658 16.0 48.16062479686103 16.0 3.464932281834384 72.55891803781662 
24.58 55.04 2.0 -1.0 0.74884614571 0.0 4.549522283913506 0.013824179495338174 84.88137534892091 32.0 -1.0 -1.0 -1.0 -1.0 
24.58 55.04 2.0 -1.0 0.80755526467 336.1096911572485 5.296297807688797 0.012441761545804354 198.72057574338072 32.0 198.7496029199548 32.0 0.8075403457041831 336.07833584879916 
24.75 56.21 2.0 -1.0 0.351294 99.1164547495297 0.021455228951983867 0.011059343596270537 1.7881461285564404 4.0 -1.0 -1.0 -1.0 -1.0 
24.75 56.21 2.0 -1.0 0.06140946221409365 174.6927514960461 0.015283345177132387 0.03732528463741307 0.4983719903486984 16.0 -1.0 -1.0 -1.0 -1.0 
24.75 56.21 2.0 -1.0 0.2876229454360985 162.97577059529812 0.09821983945518488 0.01520659744487199 0.45172978966810995 4.0 -1.0 -1.0 -1.0 -1.0 
24.75 56.21 2.0 -1.0 25.393752987052665 0.0 0.01985773875891723 0.017971433343939622 1.8147110045372263 1.0 -1.0 -1.0 -1.0 -1.0 
24.75 56.21 2.0 -1.0 1.32119257131 353.95193965733836 0.05706576420513988 0.01520659744487199 0.5602557014573881 32.0 -1.0 -1.0 -1.0 -1.0 
24.75 56.21 2.0 -1.0 1.6226634697651 31.858860455205974 2.3880191423863355 0.16589015394405807 3.678617515342833 1.0 -1.0 -1.0 -1.0 -1.0 
24.75 56.21 2.0 -1.0 0.0010615620346009324 130.58592913250538 2.2086882126832648 0.03456044873834543 10.793447934042035 2.0 -1.0 -1.0 -1.0 -1.0 
24.75 56.21 2.0 -1.0 0.01800350828319109 214.4101308635362 3.744185316125869 0.013824179495338172 30.326155036134768 32.0 30.41110570407309 32.0 0.01800799509510398 215.3492016519857 
24.75 56.21 2.0 -1.0 24.4289793809236 117.98397988577945 1.109186309333635 0.016589015394405805 11.630659339828352 8.0 11.803624315190913 8.0 24.429027689620856 117.99679000292075 
24.75 56.21 2.0 -1.0 0.754761301536 235.9679597715589 3.7571409303012784 0.022118687192541075 82.61794407066603 32.0 82.78183421498866 32.0 0.7547593365112941 235.8923820727344 
0.01 55.03 2.0 -1.0 13.972467536188164 74.07998278346517 0.06260076752467116 0.019353851293473442 1.4663766692584164 1.0 -1.0 -1.0 -1.0 -1.0 
0.01 55.03 2.0 -1.0 450.9170308627072 161.4340258303929 0.011053615420068413 0.024883523091608708 0.29698582275922225 1.0 -1.0 -1.0 -1.0 -1.0 
0.01 55.03 2.0 -1.0 0.0012699350581559167 59.59918976877877 0.4202060938098521 0.06359122567855559 2.0738867806442487 2.0 -1.0 -1.0 -1.0 -1.0 
0.01 55.03 2.0 -1.0 1.6490236746575564 0.0 0.37261224747125077 0.058061553880420315 1.99976542771522 1.0 -1.0 -1.0 -1.0 -1.0 
0.01 55.03 2.0 -1.0 5.675652 111.72334055080971 0.3345433837248016 0.08432749492156286 1.6037826933908792 8.0 -1.0 -1.0 -1.0 -1.0 
0.01 55.03 2.0 -1.0 0.223377703467 335.1700216524291 0.030433250085264384 0.015206597444871989 1.3324368188389202 8.0 -1.0 -1.0 -1.0 -1.0 
0.01 55.03 2.0 -1.0 1.48354649394 31.274490469218556 6.123203566945896 0.016589015394405805 96.6479687688581 32.0 96.64797109223363 32.0 1.4835374410419415 31.27016133010507 
0.01 55.03 2.0 -1.0 57.54121018881093 39.31937547737767 1.3403330336259605 0.026265941041142528 12.610849068283626 4.0 12.730692866472218 4.0 57.54118319600821 39.264798045568824 
0.01 55.03 2.0 -1.0 0.15395541118695494 18.570276227167287 1.718792786505633 0.04009012053648069 2.0504937678727915 4.0 -1.0 -1.0 -1.0 -1.0 
0.01 55.03 2.0 -1.0 1.00399242379 223.44668110161942 4.228269069967017 0.04147253848601452 41.78795758726012 16.0 45.09995619850629 32.0 1.0039912012871355 223.44503630055667 
0.57 55.03 2.0 -1.0 0.71730671014 136.59687105168246 0.6670869092409145 0.06635606157762322 1.9979367988139578 16.0 -1.0 -1.0 -1.0 -1.0 
0.57 55.03 2.0 -1.0 3.08977631356 118.17557928862693 0.25482417336644786 0.06082638977948796 1.5154661567637264 2.0 -1.0 -1.0 -1.0 -1.0 
0.57 55.03 2.0 -1.0 1.490957 53.63455525958223 0.7873894997730058 0.01520659744487199 20.691110145506876 32.0 20.868120686235788 32.0 1.4909649811064205 53.63490454678217 
0.57 55.03 2.0 -1.0 0.17733492662 0.0 0.011379039645988786 0.03456044873834543 1.6443035256331486 2.0 -1.0 -1.0 -1.0 -1.0 
0.57 55.03 2.0 -1.0 1.30094454375 221.6540268818197 0.13731366893478805 0.024883523091608708 0.7669171032027168 16.0 -1.0 -1.0 -1.0 -1.0 
0.57 55.03 2.0 -1.0 2.266492130584 100.91808754670308 1.9707405963505449 0.03041319488974398 28.813033130535135 32.0 28.940657314400696 32.0 2.2664911133081964 100.99553724092189 
0.57 55.03 2.0 -1.0 230.5207819237923 31.0568348496279 3.7467728600716743 0.04423737438508215 18.543462471106775 2.0 18.543462832434134 2.0 230.52076964328688 31.067765463890797 
0.57 55.03 2.0 -1.0 383.1975942761 107.76788195679232 2.217862375423104 0.030413194889743984 10.178369441681332 1.0 -1.0 -1.0 -1.0 -1.0 
0.57 55.03 2.0 -1.0 4.833299389106393 110.82701344090985 7.429970658615063 0.017971433343939622 183.29675088355796 32.0 183.29674902633354 32.0 4.833297377141814 110.81173675231409 
0.57 55.03 2.0 -1.0 0.0014778925406905199 332.48104032272954 3.0920679192165 0.024883523091608704 9.246024320351607 2.0 -1.0 -1.0 -1.0 -1.0 
1.13 55.03 2.0 -1.0 1.1055857616377447 54.3564930901521 0.5497611134427101 0.03317803078881161 4.212634672632843 32.0 -1.0 -1.0 -1.0 -1.0 
1.13 55.03 2.0 -1.0 1.808645 77.03282149585972 0.1315563789626525 0.02073626924300726 1.8950218286259963 16.0 -1.0 -1.0 -1.0 -1.0 
1.13 55.03 2.0 -1.0 0.08278700758190688 192.5153586561031 0.017342987552518497 0.026265941041142528 1.7471778195489942 2.0 -1.0 -1.0 -1.0 -1.0 
1.13 55.03 2.0 -1.0 0.00625638591189179 0.0 0.16940370024467943 0.08432749492156286 -0.1687750228275201 1.0 -1.0 -1.0 -1.0 -1.0 
1.13 55.03 2.0 -1.0 1.684824546 111.14735672974047 0.07638152038733345 0.07465056927482613 1.0855347068704726 2.0 -1.0 -1.0 -1.0 -1.0 
1.13 55.03 2.0 -1.0 2.4595822178036584 222.29471345948093 0.5850280880215019 0.011059343596270537 12.834408645582524 16.0 12.92498681845479 16.0 2.459576838494589 222.12946317016386 
1.13 55.03 2.0 -1.0 0.0413615341267772 135.02419663927967 1.0041536703492857 0.006912089747669086 12.826418751767369 32.0 13.211795291441346 32.0 0.04135169244060914 136.71840762774093 
1.13 55.03 2.0 -1.0 0.0011114843736737697 131.28927196069253 1.7865912494267449 0.04561979233461596 0.5941001768166655 1.0 -1.0 -1.0 -1.0 -1.0 
1.13 55.03 2.0 -1.0 0.772538564144441 60.75922111058719 7.74977205778036 0.024883523091608708 124.15834058590056 32.0 124.19743617389643 32.0 0.7725247996859254 60.718759864281694 
1.13 55.03 2.0 -1.0 2.227442025412 333.4420701892214 7.685790970869664 0.031795612839277794 127.68533949401102 16.0 128.1612874111728 32.0 2.2274434741120785 333.34599165490647 
1.69 55.03 2.0 -1.0 5.256794 38.25688312766035 0.1331105326335395 0.02211868719254107 0.16990149756597267 32.0 -1.0 -1.0 -1.0 -1.0 
1.69 55.03 2.0 -1.0 134.6485499129762 117.79005646417541 0.1092455713563523 0.04147253848601452 -0.09749320749671887 1.0 -1.0 -1.0 -1.0 -1.0 
1.69 55.03 2.0 -1.0 39.113973102535745 54.581589544667196 0.6810567762203225 0.07188573337575849 2.1514800181673923 8.0 -1.0 -1.0 -1.0 -1.0 
1.69 55.03 2.0 -1.0 502.512563 0.0 0.014362026428722101 0.019353851293473442 1.4094141385030898 1.0 -1.0 -1.0 -1.0 -1.0 
1.69 55.03 2.0 -1.0 0.998004 221.17986377188546 0.6303473886221564 0.006912089747669086 16.44787657175554 32.0 17.73188999700574 32.0 0.9980188527454933 221.11748383909247 
1.69 55.03 2.0 -1.0 200.658805294298 331.7697956578282 0.035698935448104215 0.08156265902249521 1.5521866451564375 1.0 -1.0 -1.0 -1.0 -1.0 
1.69 55.03 2.0 -1.0 1.147206256861 74.9542922683302 2.1366479639038585 0.02073626924300726 41.58861191458578 32.0 41.67291431516147 32.0 1.1472063003263127 74.88647049928075 
1.69 55.03 2.0 -1.0 0.8314821707148012 28.96639980090849 8.941186207550407 0.031795612839277794 97.2137574436652 32.0 97.44081063322072 32.0 0.8314903728508701 28.94260886864094 
1.69 55.03 2.0 -1.0 0.2970257612740102 27.672368194682335 5.75010754719375 0.01520659744487199 125.8214235917377 32.0 127.00122384406006 32.0 0.2970106531089793 28.537817136212393 
1.69 55.03 2.0 -1.0 22.026432 110.58993188594273 1.5453216954363695 0.022118687192541075 15.574038385734044 8.0 15.574038356928696 8.0 22.02638521945725 110.60934088609983 
10.06 55.03 2.0 -1.0 2.33768482203 25.586655348592956 0.11959355362282424 0.08985716671969811 1.6160058869353229 8.0 -1.0 -1.0 -1.0 -1.0 
10.06 55.03 2.0 -1.0 0.299 134.39488132972875 0.19064614273734584 0.016589015394405805 2.5832073497223966 16.0 -1.0 -1.0 -1.0 -1.0 
10.06 55.03 2.0 -1.0 3.468609 68.8696649674691 0.359961145803733 0.016589015394405805 5.933633849528366 16.0 -1.0 -1.0 -1.0 -1.0 
10.06 55.03 2.0 -1.0 1.30255755938 79.87712202733334 0.0514838678779917 0.02350110514207489 1.8877961979776783 16.0 -1.0 -1.0 -1.0 -1.0 
10.06 55.03 2.0 -1.0 1.4633093057546704 108.22375923459431 0.673570158688605 0.03456044873834543 5.98795438004958 16.0 6.047080221405178 16.0 1.4633163421725235 108.28178842463568 
10.06 55.03 2.0 -1.0 0.797415129552 216.44751846918862 0.12823624751348844 0.03456044873834543 1.0122613378165126 2.0 -1.0 -1.0 -1.0 -1.0 
10.06 55.03 2.0 -1.0 14.667084337 324.67127770378295 0.12832486944265878 0.016589015394405805 1.3355584445441082 1.0 -1.0 -1.0 -1.0 -1.0 
10.06 55.03 2.0 -1.0 0.00946118159225248 192.71167448464365 9.345382032112324 0.01520659744487199 27.95348779247862 32.0 -1.0 -1.0 -1.0 -1.0 
10.06 55.03 2.0 -1.0 0.02234393523473152 126.1798765033404 1.0301519527800742 0.03317803078881161 2.0013843563157634 4.0 -1.0 -1.0 -1.0 -1.0 
10.06 55.03 2.0 -1.0 7.478313 0.0 2.1366479639038585 0.012441761545804354 60.174111144949826 32.0 -1.0 -1.0 -1.0 -1.0 
10.62 55.03 2.0 -1.0 0.4022692230775742 12.370280673779666 0.18027088572578753 0.04423737438508215 0.3584870112170679 1.0 -1.0 -1.0 -1.0 -1.0 
10.62 55.03 2.0 -1.0 0.909379126021 33.83158126529767 0.6400009491490016 0.013824179495338172 8.533094379393948 32.0 8.672734523322742 32.0 0.9093734358126919 34.103703457104885 
10.62 55.03 2.0 -1.0 0.99597877881 116.72220215810474 0.01242251188561237 0.03732528463741307 -0.15970827219971054 16.0 -1.0 -1.0 -1.0 -1.0 
10.62 55.03 2.0 -1.0 0.005920712181085924 0.0 0.26268903444130803 0.027648358990676348 3.1809215357004006 8.0 -1.0 -1.0 -1.0 -1.0 
10.62 55.03 2.0 -1.0 0.99550771827 108.21560494936385 0.041558691605743284 0.026265941041142528 -0.5063540031182192 32.0 -1.0 -1.0 -1.0 -1.0 
10.62 55.03 2.0 -1.0 1.0829644010729 216.4312098987277 0.06457746728886901 0.027648358990676344 0.7086549259925727 8.0 -1.0 -1.0 -1.0 -1.0 
10.62 55.03 2.0 -1.0 240.25490831930935 324.64681484809154 0.014774641499094882 0.03732528463741307 1.240696648024629 2.0 -1.0 -1.0 -1.0 -1.0 
10.62 55.03 2.0 -1.0 4.3292962132 34.77315118534914 2.164878579733735 0.04561979233461597 18.59171878490709 16.0 18.59171782200847 16.0 4.329316046399375 34.81208898885484 
10.62 55.03 2.0 -1.0 181.5217088805578 116.1702473773849 4.505732208812994 0.04147253848601452 20.41360321980714 1.0 20.41360349998892 1.0 181.52156068633002 116.17522720699232 
10.62 55.03 2.0 -1.0 2.271936912618 41.234268912598885 8.855125476097193 0.009676925646736721 321.14834126097753 32.0 321.2534053071326 32.0 2.271948081518834 41.18755877460441 
0.01 55.03 2.0 -1.0 13.972467536188166 0.0 0.06260076752467116 0.019353851293473442 -0.16213580803638103 8.0 -1.0 -1.0 -1.0 -1.0 
0.01 55.03 2.0 -1.0 450.9170308627072 111.7233405508097 0.011053615420068413 0.024883523091608708 1.264224097365502 1.0 -1.0 -1.0 -1.0 -1.0 
0.01 55.03 2.0 -1.0 0.0012699350581559167 148.96445406774626 0.4202060938098521 0.06359122567855559 4.146122587001893 2.0 -1.0 -1.0 -1.0 -1.0 
0.01 55.03 2.0 -1.0 1.6490236746575566 223.4466811016194 0.37261224747125077 0.05806155388042032 2.045053153381613 2.0 -1.0 -1.0 -1.0 -1.0 
0.01 55.03 2.0 -1.0 5.675652 260.6877946185559 0.3345433837248016 0.08432749492156286 2.692986623224031 1.0 -1.0 -1.0 -1.0 -1.0 
0.01 55.03 2.0 -1.0 0.223377703467 335.1700216524291 0.03043325008526438 0.015206597444871989 1.3324368188389202 8.0 -1.0 -1.0 -1.0 -1.0 
0.01 55.03 2.0 -1.0 1.48354649394 37.241113516936565 6.123203566945896 0.016589015394405805 97.89619274302163 32.0 97.94838817082734 32.0 1.4835374410419415 37.342037316533236 
0.01 55.03 2.0 -1.0 57.54121018881093 74.48222703387313 1.3403330336259605 0.026265941041142528 11.38448558864039 4.0 11.384485616651768 4.0 57.54118319600821 74.4816787668522 
0.01 55.03 2.0 -1.0 0.15395541118695494 186.20556758468283 1.718792786505633 0.04009012053648069 7.230513639635303 16.0 7.634885362936478 16.0 0.15394713652009767 187.8233638468447 
0.01 55.03 2.0 -1.0 1.00399242379 297.9289081354925 4.228269069967018 0.04147253848601452 41.85141964199625 16.0 45.24817490749735 32.0 1.0039912012871355 297.7243192011946 
0.57 55.03 2.0 -1.0 0.71730671014 0.0 0.6670869092409146 0.06635606157762322 1.812403030069956 1.0 -1.0 -1.0 -1.0 -1.0 
0.57 55.03 2.0 -1.0 3.08977631356 36.94233781363661 0.25482417336644786 0.06082638977948796 2.1699290767978283 4.0 -1.0 -1.0 -1.0 -1.0 
0.57 55.03 2.0 -1.0 1.490957 147.76935125454645 0.7873894997730058 0.01520659744487199 20.58600060818527 32.0 20.763270463362694 32.0 1.4909649811064205 147.74898233641878 
0.57 55.03 2.0 -1.0 0.17733492662 221.65402688181968 0.011379039645988784 0.03456044873834543 0.6526777284659471 8.0 -1.0 -1.0 -1.0 -1.0 
0.57 55.03 2.0 -1.0 1.30094454375 295.5387025090929 0.13731366893478805 0.024883523091608708 1.5649413123691156 1.0 -1.0 -1.0 -1.0 -1.0 
0.57 55.03 2.0 -1.0 2.266492130584 73.88467562727323 1.9707405963505449 0.03041319488974398 28.415668489075045 32.0 28.558872604548345 32.0 2.2664911133081964 73.77329323510226 
0.57 55.03 2.0 -1.0 230.5207819237923 110.82701344090984 3.7467728600716743 0.04423737438508215 18.064323304022697 1.0 18.064323333989453 1.0 230.52076964328688 110.81173675231409 
0.57 55.03 2.0 -1.0 383.1975942761 184.71168906818306 2.217862375423104 0.030413194889743984 9.575104980972975 1.0 -1.0 -1.0 -1.0 -1.0 
0.57 55.03 2.0 -1.0 4.833299389106393 258.59636469545626 7.429970658615064 0.017971433343939622 144.94000606065495 32.0 144.94000127544385 32.0 4.833297377141814 258.56071908873287 
0.57 55.03 2.0 -1.0 0.0014778925406905199 332.48104032272954 3.0920679192165004 0.024883523091608704 9.246024320351607 2.0 -1.0 -1.0 -1.0 -1.0 
1.13 55.03 2.0 -1.0 1.1055857616377447 37.04911890991349 0.5497611134427101 0.03317803078881161 3.1285525201217372 16.0 -1.0 -1.0 -1.0 -1.0 
1.13 55.03 2.0 -1.0 1.808645 148.19647563965395 0.1315563789626525 0.02073626924300726 1.6128935174969334 16.0 -1.0 -1.0 -1.0 -1.0 
1.13 55.03 2.0 -1.0 0.08278700758190688 185.24559454956744 0.017342987552518497 0.026265941041142528 1.8022001559733318 2.0 -1.0 -1.0 -1.0 -1.0 
1.13 55.03 2.0 -1.0 0.00625638591189179 222.29471345948093 0.16940370024467943 0.08432749492156286 0.5161758793364296 1.0 -1.0 -1.0 -1.0 -1.0 
1.13 55.03 2.0 -1.0 1.684824546 259.3438323693944 0.07638152038733344 0.07465056927482613 1.111426782593472 1.0 -1.0 -1.0 -1.0 -1.0 
1.13 55.03 2.0 -1.0 2.4595822178036584 296.3929512793079 0.5850280880215019 0.011059343596270537 12.571221542358035 16.0 12.5896973135722 16.0 2.459576838494589 296.30754813769465 
1.13 55.03 2.0 -1.0 0.0413615341267772 0.0 1.0041536703492857 0.006912089747669086 5.2831499094562 32.0 -1.0 -1.0 -1.0 -1.0 
1.13 55.03 2.0 -1.0 0.0011114843736737697 74.09823781982698 1.7865912494267449 0.04561979233461596 0.49457194481221933 1.0 -1.0 -1.0 -1.0 -1.0 
1.13 55.03 2.0 -1.0 0.7725385641444409 111.14735672974047 7.749772057780361 0.024883523091608708 126.38391921256392 32.0 126.46251527437295 32.0 0.7725247996859254 111.4189243509569 
1.13 55.03 2.0 -1.0 2.227442025412 333.4420701892214 7.685790970869665 0.031795612839277794 127.68533949401098 16.0 128.1612874111728 32.0 2.2274434741120785 333.34599165490647 
1.69 55.03 2.0 -1.0 5.256794 0.0 0.1331105326335395 0.02211868719254107 1.0589487709487788 1.0 -1.0 -1.0 -1.0 -1.0 
1.69 55.03 2.0 -1.0 134.6485499129762 110.58993188594272 0.1092455713563523 0.04147253848601452 1.3746354670938519 2.0 -1.0 -1.0 -1.0 -1.0 
1.69 55.03 2.0 -1.0 39.113973102535745 184.31655314323788 0.6810567762203225 0.07188573337575849 2.4457126883091114 4.0 -1.0 -1.0 -1.0 -1.0 
1.69 55.03 2.0 -1.0 502.512563 221.17986377188544 0.014362026428722101 0.019353851293473442 0.9888140200392425 1.0 -1.0 -1.0 -1.0 -1.0 
1.69 55.03 2.0 -1.0 0.998004 294.9064850291806 0.6303473886221564 0.006912089747669086 15.61238750362166 32.0 16.99502244227366 32.0 0.9980188527454933 294.9919750073019 
1.69 55.03 2.0 -1.0 200.658805294298 331.7697956578282 0.035698935448104215 0.08156265902249521 1.5521866451564375 1.0 -1.0 -1.0 -1.0 -1.0 
1.69 55.03 2.0 -1.0 1.147206256861 36.863310628647575 2.1366479639038585 0.02073626924300726 41.85368519437432 32.0 41.853685519559306 32.0 1.1472063003263127 36.83604765099756 
1.69 55.03 2.0 -1.0 0.8314821707148012 73.72662125729515 8.941186207550407 0.031795612839277794 99.32043582500877 32.0 99.97194202275719 32.0 0.8314903728508701 73.46969943578085 
1.69 55.03 2.0 -1.0 0.2970257612740102 147.4532425145903 5.75010754719375 0.01520659744487199 135.55781924679837 32.0 136.5806357639861 32.0 0.2970106531089793 148.25497200195446 
1.69 55.03 2.0 -1.0 22.026432 258.043174400533 1.5453216954363695 0.022118687192541075 10.243855432177696 8.0 10.243856108275828 8.0 22.02638521945725 258.0547294231972 
10.06 55.03 2.0 -1.0 2.33768482203 0.0 0.11959355362282424 0.08985716671969811 1.944303136737534 1.0 -1.0 -1.0 -1.0 -1.0 
10.06 55.03 2.0 -1.0 0.299 36.07458641153144 0.19064614273734584 0.016589015394405805 1.8456319266044245 1.0 -1.0 -1.0 -1.0 -1.0 
10.06 55.03 2.0 -1.0 3.468609 72.14917282306288 0.359961145803733 0.016589015394405805 5.599993892851641 32.0 -1.0 -1.0 -1.0 -1.0 
10.06 55.03 2.0 -1.0 1.30255755938 144.29834564612577 0.0514838678779917 0.02350110514207489 0.8510478887988574 2.0 -1.0 -1.0 -1.0 -1.0 
10.06 55.03 2.0 -1.0 1.4633093057546704 252.5221048807201 0.673570158688605 0.03456044873834543 6.123832272550373 16.0 6.199746111226418 16.0 1.4633163421725235 251.98285343676903 
10.06 55.03 2.0 -1.0 0.797415129552 288.59669129225153 0.12823624751348844 0.03456044873834543 1.9257254207821484 16.0 -1.0 -1.0 -1.0 -1.0 
10.06 55.03 2.0 -1.0 14.667084337 324.67127770378295 0.12832486944265878 0.016589015394405805 1.3355584445441082 1.0 -1.0 -1.0 -1.0 -1.0 
10.06 55.03 2.0 -1.0 0.00946118159225248 108.22375923459433 9.345382032112324 0.01520659744487199 15.860397936551372 32.0 -1.0 -1.0 -1.0 -1.0 
10.06 55.03 2.0 -1.0 0.02234393523473152 180.3729320576572 1.0301519527800742 0.03317803078881161 2.049356879525172 4.0 -1.0 -1.0 -1.0 -1.0 
10.06 55.03 2.0 -1.0 7.478313 216.44751846918865 2.1366479639038585 0.012441761545804354 40.86921329292437 32.0 41.2191071390814 32.0 7.478320185327903 216.46237891616425 
10.62 55.03 2.0 -1.0 0.40226922307757423 36.07186831645461 0.18027088572578753 0.04423737438508215 0.21259742951960528 1.0 -1.0 -1.0 -1.0 -1.0 
10.62 55.03 2.0 -1.0 0.909379126021 72.14373663290922 0.6400009491490016 0.013824179495338172 8.680735369421681 32.0 8.786626410730943 32.0 0.9093734358126919 72.35652217160234 
10.62 55.03 2.0 -1.0 0.99597877881 144.28747326581845 0.012422511885612372 0.03732528463741307 -1.148305671154216 16.0 -1.0 -1.0 -1.0 -1.0 
10.62 55.03 2.0 -1.0 0.005920712181085924 216.43120989872767 0.26268903444130803 0.027648358990676348 2.7199390365969762 16.0 -1.0 -1.0 -1.0 -1.0 
10.62 55.03 2.0 -1.0 0.99550771827 252.50307821518228 0.041558691605743284 0.026265941041142528 0.7920393663164609 32.0 -1.0 -1.0 -1.0 -1.0 
10.62 55.03 2.0 -1.0 1.0829644010729 288.5749465316369 0.06457746728886901 0.027648358990676344 1.7446749839987516 4.0 -1.0 -1.0 -1.0 -1.0 
10.62 55.03 2.0 -1.0 240.25490831930935 324.64681484809154 0.014774641499094882 0.03732528463741307 1.240696648024629 2.0 -1.0 -1.0 -1.0 -1.0 
10.62 55.03 2.0 -1.0 4.3292962132 0.0 2.1648785797337355 0.04561979233461597 12.880070604922789 16.0 -1.0 -1.0 -1.0 -1.0 
10.62 55.03 2.0 -1.0 181.52170888055778 108.21560494936384 4.505732208812994 0.04147253848601452 19.9804525021956 1.0 19.98045234517375 1.0 181.52156068633002 108.18059049152855 
10.62 55.03 2.0 -1.0 2.271936912618 180.35934158227306 8.855125476097193 0.009676925646736721 311.3959216876566 32.0 311.5032948075587 32.0 2.271948081518834 180.33471679691664 
105.89 14.25 2.0 -1.0 0.0027993604566431823 40.02988814092077 0.2793473877157862 0.12441761545804356 0.48119723314426793 1.0 -1.0 -1.0 -1.0 -1.0 
105.89 14.25 2.0 -1.0 0.33318778828133555 120.0896644227623 0.20315652849980984 0.012441761545804356 5.180750289383554 32.0 -1.0 -1.0 -1.0 -1.0 
105.89 14.25 2.0 -1.0 128.0111794870191 160.11955256368307 0.25500027809721515 0.02350110514207489 1.3278248293393389 1.0 -1.0 -1.0 -1.0 -1.0 
105.89 14.25 2.0 -1.0 75.11649135730703 240.1793288455246 0.07622338103299053 0.026265941041142528 2.1761054975967866 1.0 -1.0 -1.0 -1.0 -1.0 
105.89 14.25 2.0 -1.0 0.031684024185842756 280.20921698644537 0.13210282079320898 0.03456044873834543 1.9543489935673188 8.0 -1.0 -1.0 -1.0 -1.0 
105.89 14.25 2.0 -1.0 337.36912025226 0.0 1.293037621685656 0.012441761545804354 7.691167448293756 1.0 -1.0 -1.0 -1.0 -1.0 
105.89 14.25 2.0 -1.0 0.00404317639503851 80.05977628184154 2.6268903444130802 0.022118687192541075 3.165303652993311 1.0 -1.0 -1.0 -1.0 -1.0 
105.89 14.25 2.0 -1.0 0.961936 200.14944070460385 6.417719598388955 0.03456044873834543 105.70688872623373 16.0 107.24426082407176 32.0 0.9619422295751672 200.27070961902243 
105.89 14.25 2.0 -1.0 1.9923208852 320.23910512736614 2.8147831624915383 0.016589015394405805 85.94478589524154 32.0 85.9447859214459 32.0 1.9923087772137176 320.1902603509788 
105.89 14.25 2.0 -1.0 1.9411179295 360.2689932682869 5.0777412570358615 0.03456044873834543 75.93548366177622 16.0 76.0998868476448 16.0 1.9411042255039017 359.9610480620833 
106.18 14.25 2.0 -1.0 4.249688210732 39.684012613208324 0.1 0.013824179495338172 1.4694398925641137 32.0 -1.0 -1.0 -1.0 -1.0 
106.18 14.25 2.0 -1.0 0.66930344771 79.36802522641665 0.06489051458090826 0.017971433343939622 0.621811631354204 1.0 -1.0 -1.0 -1.0 -1.0 
106.18 14.25 2.0 -1.0 1.465705762893 119.05203783962497 0.5067228364390678 0.09538683851783337 1.2976180846980991 1.0 -1.0 -1.0 -1.0 -1.0 
106.18 14.25 2.0 -1.0 3.2108324764111544 277.78808829245827 0.35355325950947053 0.009676925646736721 7.849248583346256 16.0 8.045666849629638 16.0 3.210819462159028 277.8895243121959 
106.18 14.25 2.0 -1.0 4.4538744 317.4721009056666 0.046415888336127795 0.06497364362808941 1.1353748154060157 8.0 -1.0 -1.0 -1.0 -1.0 
106.18 14.25 2.0 -1.0 170.849405719173 357.1561135188749 0.41158680766598854 0.12856486930664499 1.0641562902807757 1.0 -1.0 -1.0 -1.0 -1.0 
106.18 14.25 2.0 -1.0 0.014111716139277362 0.0 3.723549192047441 0.04285495643554833 1.1449043255105824 1.0 -1.0 -1.0 -1.0 -1.0 
106.18 14.25 2.0 -1.0 2.248252 158.7360504528333 5.952199345230122 0.02073626924300726 117.72420931475162 32.0 117.82527299843787 32.0 2.24824058629262 158.6783591119895 
106.18 14.25 2.0 -1.0 5.4199894818 198.42006306604162 8.63164577248031 0.08570991287109665 46.6419951226696 8.0 47.328883373306304 16.0 5.419982092765471 198.449146823094 
106.18 14.25 2.0 -1.0 3.86571065372 238.10407567924995 2.623263304627603 0.05944397182995413 14.175273854650618 8.0 14.220984331331808 8.0 3.8657162804156546 238.0175386679842 
106.51 14.25 2.0 -1.0 1.22896880609 0.0 0.2989148937474159 0.07879782312342758 0.9113162140567552 8.0 -1.0 -1.0 -1.0 -1.0 
106.51 14.25 2.0 -1.0 2.344843177122 39.32918377817128 0.6404432431172377 0.02073626924300726 5.774129367387363 32.0 8.39370215950445 32.0 2.3448592401109636 39.36599597867597 
106.51 14.25 2.0 -1.0 0.0011063882708094472 78.65836755634255 0.09351840469571134 0.12441761545804356 -0.10288525387565557 1.0 -1.0 -1.0 -1.0 -1.0 
106.51 14.25 2.0 -1.0 16.792101165075774 117.98755133451382 0.1410635930080207 0.019353851293473442 1.6139973834893284 8.0 -1.0 -1.0 -1.0 -1.0 
106.51 14.25 2.0 -1.0 24.38440141106 235.97510266902765 0.16207684425645388 0.016589015394405805 2.1567035470023064 8.0 -1.0 -1.0 -1.0 -1.0 
106.51 14.25 2.0 -1.0 2.12042426647 275.30428644719893 0.8066602730969565 0.04561979233461597 5.776744775291108 8.0 -1.0 -1.0 -1.0 -1.0 
106.51 14.25 2.0 -1.0 1.0985150222458 157.3167351126851 2.544723286778917 0.1396242129029155 8.4268893455416 8.0 8.49300737670263 8.0 1.098548333781461 156.65440044984678 
106.51 14.25 2.0 -1.0 5.0114923575 196.6459188908564 2.2286137387064633 0.017971433343939622 55.651036297635464 32.0 55.83305726435685 32.0 5.011497705709189 196.62758402716554 
106.51 14.25 2.0 -1.0 0.00506426947315055 314.6334702253702 6.355947745071262 0.03456044873834543 8.592054400227871 4.0 -1.0 -1.0 -1.0 -1.0 
106.51 14.25 2.0 -1.0 0.0026613686823646963 353.9626540035415 1.109186309333635 0.017971433343939622 1.2497165616774513 4.0 -1.0 -1.0 -1.0 -1.0 
11.18 55.03 2.0 -1.0 0.00355500598430653 0.0 0.045150801749185 0.022118687192541075 2.054358625330399 16.0 -1.0 -1.0 -1.0 -1.0 
11.18 55.03 2.0 -1.0 0.35169302087 36.06648984416423 0.011122556497987162 0.012441761545804352 1.4852123327727282 1.0 -1.0 -1.0 -1.0 -1.0 
11.18 55.03 2.0 -1.0 0.020381854524096684 180.33244922082116 0.04824678145425939 0.027648358990676344 2.808871568185607 2.0 -1.0 -1.0 -1.0 -1.0 
11.18 55.03 2.0 -1.0 0.22032674928517554 216.39893906498537 0.37261224747125077 0.017971433343939622 2.623196100658248 32.0 -1.0 -1.0 -1.0 -1.0 
11.18 55.03 2.0 -1.0 2.467080757786 252.4654289091496 0.029644709215877987 0.055296717981352696 3.064137718500176 2.0 -1.0 -1.0 -1.0 -1.0 
11.18 55.03 2.0 -1.0 48.5438764505726 288.53191875331385 0.5574098225214513 0.08156265902249521 1.4507329121053 1.0 -1.0 -1.0 -1.0 -1.0 
11.18 55.03 2.0 -1.0 1.8077686769634342 324.59840859747806 0.28303828528942077 0.04423737438508215 1.9304515971387566 1.0 -1.0 -1.0 -1.0 -1.0 
11.18 55.03 2.0 -1.0 1.820960929021 72.13297968832846 8.849010073010126 0.022118687192541075 190.89654568993421 32.0 190.95623546356666 32.0 1.820959975399698 72.15412630538808 
11.18 55.03 2.0 -1.0 2.3817202891513642 108.19946953249269 2.3536244866247897 0.008294507697202903 109.94566527338806 32.0 110.02983719285864 32.0 2.3817240920228264 108.18059049152855 
11.18 55.03 2.0 -1.0 1.14381850931 144.26595937665692 1.5410572815741164 0.026265941041142528 22.7251520973504 16.0 22.84603626370749 32.0 1.1438108534396938 144.30825261077615 
11.73 55.03 2.0 -1.0 2.67192804814 0.0 0.02335806398033758 0.042854956435548326 0.41324395923202195 4.0 -1.0 -1.0 -1.0 -1.0 
11.73 55.03 2.0 -1.0 27.838309386354652 36.06087494781815 0.35355325950947053 0.052531882082285056 2.0631328093596557 2.0 -1.0 -1.0 -1.0 -1.0 
11.73 55.03 2.0 -1.0 0.03197657411683124 72.1217498956363 0.6721756073696541 0.13962421290291552 1.1375114436624791 1.0 -1.0 -1.0 -1.0 -1.0 
11.73 55.03 2.0 -1.0 26.322717 108.18262484345445 0.12788237140267286 0.06497364362808941 1.0934843053088619 1.0 -1.0 -1.0 -1.0 -1.0 
11.73 55.03 2.0 -1.0 0.19236888 144.2434997912726 0.04425522941776675 0.11474068981130683 1.179290448583812 8.0 -1.0 -1.0 -1.0 -1.0 
11.73 55.03 2.0 -1.0 1.51981774632 180.30437473909075 0.02127809743662687 0.011059343596270537 0.6331609510147155 32.0 -1.0 -1.0 -1.0 -1.0 
11.73 55.03 2.0 -1.0 0.0032878482511591073 216.3652496869089 0.05547207448246047 0.01382417949533817 2.0565829496443278 2.0 -1.0 -1.0 -1.0 -1.0 
11.73 55.03 2.0 -1.0 0.942507 288.4869995825452 0.02974728571317075 0.024883523091608708 1.9978693942874712 1.0 -1.0 -1.0 -1.0 -1.0 
11.73 55.03 2.0 -1.0 1.582779 252.42612463472705 8.264026842883293 0.017971433343939622 206.085346040723 32.0 206.1136842944327 32.0 1.5827936294954272 252.38764516919755 
11.73 55.03 2.0 -1.0 0.7446527222569242 324.54787453036334 8.000005932179063 0.031795612839277794 106.68607033340969 32.0 107.14045205265415 32.0 0.7446639453216146 324.33937560837137 
116.97 56.37 2.0 -1.0 0.001132104598920097 0.0 0.7966913997731381 0.011059343596270537 3.2144698204106823 2.0 -1.0 -1.0 -1.0 -1.0 
116.97 56.37 2.0 -1.0 2.185717553667 35.59412395679354 0.07419711837099707 0.02073626924300726 1.9628008702545765 16.0 -1.0 -1.0 -1.0 -1.0 
116.97 56.37 2.0 -1.0 0.004233315846474604 53.39118593519031 0.010539069785079147 0.10091651031596865 1.3957995561523686 4.0 -1.0 -1.0 -1.0 -1.0 
116.97 56.37 2.0 -1.0 34.23369535044918 17.79706197839677 1.811447712307352 0.06635606157762322 10.788567544791885 4.0 10.788567669448028 4.0 34.233623106653496 17.81083622685596 
116.97 56.37 2.0 -1.0 0.8699442722 71.18824791358708 3.1264357272238157 0.05391430003181887 23.210300451482862 16.0 23.373083658919544 16.0 0.869961998735865 70.93975110810246 
116.97 56.37 2.0 -1.0 3.06493262635 88.98530989198385 2.210214600222975 0.008294507697202903 115.88329809346494 32.0 116.18269845854806 32.0 3.06493651199465 89.05418113427982 
116.97 56.37 2.0 -1.0 12.359917476 106.78237187038062 4.098842834710968 0.008294507697202903 138.07939653396454 32.0 138.15276201494234 32.0 12.35994204762392 106.76381942802864 
116.97 56.37 2.0 -1.0 7.307001256 124.57943384877738 9.660475420403525 0.016589015394405805 245.97328051835814 32.0 245.9732738207213 32.0 7.3070017000039424 124.57465565488461 
116.97 56.37 2.0 -1.0 0.61523110201 142.37649582717415 6.768353736781109 0.056679135930886505 34.73123252782418 16.0 34.832678836762035 16.0 0.6152428492593269 141.980700149312 
116.97 56.37 2.0 -1.0 8.086733093387805 160.17355780557094 1.5463896414539255 0.05391430003181887 3.1950389657978793 2.0 -1.0 -1.0 -1.0 -1.0 
12.29 55.03 2.0 -1.0 0.30738862302 0.0 0.022768568864827275 0.06082638977948796 1.5391377682469698 1.0 -1.0 -1.0 -1.0 -1.0 
12.29 55.03 2.0 -1.0 3.08977631356 36.07906495435324 0.18353815962816797 0.009676925646736721 6.423426965833871 32.0 -1.0 -1.0 -1.0 -1.0 
12.29 55.03 2.0 -1.0 1.99898269975 72.15812990870648 0.05008065115563314 0.029030776940210157 0.533205023691623 32.0 -1.0 -1.0 -1.0 -1.0 
12.29 55.03 2.0 -1.0 0.001526207014931322 108.23719486305973 0.11347638459718777 0.03456044873834543 1.194890958968296 1.0 -1.0 -1.0 -1.0 -1.0 
12.29 55.03 2.0 -1.0 215.1657339348127 144.31625981741297 0.03937853236248104 0.049767046183217416 2.111220082958658 1.0 -1.0 -1.0 -1.0 -1.0 
12.29 55.03 2.0 -1.0 0.01287252860404894 180.3953247717662 0.14461589230674415 0.06497364362808941 1.0781617242093604 1.0 -1.0 -1.0 -1.0 -1.0 
12.29 55.03 2.0 -1.0 2.766481 252.5534546804727 0.013674567248957506 0.01105934359627054 1.4308561352670777 4.0 -1.0 -1.0 -1.0 -1.0 
12.29 55.03 2.0 -1.0 244.777668 216.47438972611945 4.325771812421892 0.017971433343939622 31.102457856594064 2.0 31.102457553967778 2.0 244.77776605635884 216.46237891616425 
12.29 55.03 2.0 -1.0 0.537915 288.63251963482594 1.1347638459718776 0.09538683851783337 1.7373560021297543 4.0 -1.0 -1.0 -1.0 -1.0 
12.29 55.03 2.0 -1.0 8.54520899704013 324.7115845891792 4.4964035966208 0.03317803078881161 38.427886334195236 16.0 38.42788624991756 16.0 8.545187786997607 324.6429694076928 
12.85 55.03 2.0 -1.0 0.287793 36.096932716939854 0.1705780684399447 0.019353851293473442 1.6678276172262338 32.0 -1.0 -1.0 -1.0 -1.0 
12.85 55.03 2.0 -1.0 156.858385217 72.19386543387971 0.06647866174025409 0.08432749492156287 1.5588703640029582 2.0 -1.0 -1.0 -1.0 -1.0 
12.85 55.03 2.0 -1.0 19.18594491719735 108.29079815081957 0.660666062384638 0.031795612839277794 5.982000104370029 8.0 -1.0 -1.0 -1.0 -1.0 
12.85 55.03 2.0 -1.0 0.855182765 144.38773086775942 0.011030730151526759 0.045619792334615966 2.3927229190113413 1.0 -1.0 -1.0 -1.0 -1.0 
12.85 55.03 2.0 -1.0 1.35421422194 180.48466358469926 0.036597915125661865 0.024883523091608708 1.9678347384446369 16.0 -1.0 -1.0 -1.0 -1.0 
12.85 55.03 2.0 -1.0 0.54575260398 216.58159630163914 0.015571097780848735 0.029030776940210157 1.5654193499747744 4.0 -1.0 -1.0 -1.0 -1.0 
12.85 55.03 2.0 -1.0 3.043599 252.67852901857898 0.263234030920558 0.09400442056829957 1.4494922416886848 1.0 -1.0 -1.0 -1.0 -1.0 
12.85 55.03 2.0 -1.0 0.007148282058705888 324.8723944524587 0.03793655635542592 0.026265941041142528 2.5567454188881906 8.0 -1.0 -1.0 -1.0 -1.0 
12.85 55.03 2.0 -1.0 6.367831993811256 0.0 1.3627413729677893 0.02073626924300726 23.21270616862338 32.0 -1.0 -1.0 -1.0 -1.0 
12.85 55.03 2.0 -1.0 298.251728579395 288.77546173551883 4.546380356371674 0.019353851293473442 19.88458623427332 1.0 19.88458598119167 1.0 298.25217400987947 288.8189010877666 
13.41 55.03 2.0 -1.0 1.217137 0.0 0.044932983531649394 0.031795612839277794 2.0798482873882707 2.0 -1.0 -1.0 -1.0 -1.0 
13.41 55.03 2.0 -1.0 0.026729805481803814 36.11214106317887 0.2736174016357826 0.013824179495338172 1.0880195843062466 1.0 -1.0 -1.0 -1.0 -1.0 
13.41 55.03 2.0 -1.0 0.01842197270329436 72.22428212635774 0.24380280832024234 0.02350110514207489 1.0160085486342476 2.0 -1.0 -1.0 -1.0 -1.0 
13.41 55.03 2.0 -1.0 15.3936498245 144.44856425271547 0.05682971231414223 0.05529671798135269 0.8743269328787245 1.0 -1.0 -1.0 -1.0 -1.0 
13.41 55.03 2.0 -1.0 0.003826247944021906 180.56070531589432 0.023847219204614304 0.017971433343939622 3.364176821262775 1.0 -1.0 -1.0 -1.0 -1.0 
13.41 55.03 2.0 -1.0 54.95674577910229 216.6728463790732 0.08595941066946328 0.022118687192541075 3.1775290869569486 1.0 -1.0 -1.0 -1.0 -1.0 
13.41 55.03 2.0 -1.0 0.41037503068 252.7849874422521 0.034701962441141196 0.017971433343939622 0.8824467171055754 16.0 -1.0 -1.0 -1.0 -1.0 
13.41 55.03 2.0 -1.0 2.1867 325.0092695686098 0.9640474491672578 0.012441761545804356 23.43945448772934 32.0 24.042943623724312 32.0 2.1866981114726514 324.94656320701415 
13.41 55.03 2.0 -1.0 3.5877084054849 108.3364231895366 4.20496491224036 0.016589015394405805 80.92001958024157 32.0 81.44278058139213 32.0 3.5877140665737293 108.28178842463568 
13.41 55.03 2.0 -1.0 30.518193584285445 288.89712850543094 1.8790026506185737 0.052531882082285056 8.891491502345847 2.0 8.891491776920677 2.0 30.518276616930965 288.9200990208737 
13.97 55.03 2.0 -1.0 2.331328 108.3740582566768 0.0640885842747449 0.026265941041142528 0.7252653985989304 1.0 -1.0 -1.0 -1.0 -1.0 
13.97 55.03 2.0 -1.0 1.18994040124844 216.7481165133536 0.020175786941126064 0.02073626924300726 2.5189506008418165 4.0 -1.0 -1.0 -1.0 -1.0 
13.97 55.03 2.0 -1.0 282.779107035 252.87280259891253 0.04009223857512864 0.011059343596270537 -0.038829888168129434 1.0 -1.0 -1.0 -1.0 -1.0 
13.97 55.03 2.0 -1.0 0.1504582362154283 288.9974886844715 0.08578144136963749 0.009676925646736721 1.655428021396888 2.0 -1.0 -1.0 -1.0 -1.0 
13.97 55.03 2.0 -1.0 117.8372326493 325.1221747700304 0.3687709275549668 0.0884747487701643 2.5264397265853202 1.0 -1.0 -1.0 -1.0 -1.0 
13.97 55.03 2.0 -1.0 0.056016933100715205 0.0 7.857592982991545 0.008294507697202903 59.44971722982423 32.0 -1.0 -1.0 -1.0 -1.0 
13.97 55.03 2.0 -1.0 0.93273035618 36.124686085558935 4.935933920036516 0.02350110514207489 70.5942309625476 32.0 70.67903830956509 32.0 0.932717133158197 35.92526625303334 
13.97 55.03 2.0 -1.0 194.931774 72.24937217111787 1.1569279963413217 0.017971433343939622 6.353609441540573 2.0 -1.0 -1.0 -1.0 -1.0 
13.97 55.03 2.0 -1.0 0.1075778075546597 144.49874434223574 2.7684980657520066 0.015206597444871992 31.08302173712064 32.0 31.588249737313337 32.0 0.10759322321973742 144.81424227631183 
13.97 55.03 2.0 -1.0 0.3772034274173156 180.6234304277947 4.891802863108921 0.02350110514207489 85.9986246964297 32.0 86.30627100368 32.0 0.3771977693152925 180.13232093070235 
131.46 55.22 2.0 -1.0 5.65907208453 46.84982448137593 0.11868817192515865 0.029030776940210157 1.8323931622384304 8.0 -1.0 -1.0 -1.0 -1.0 
131.46 55.22 2.0 -1.0 3.46645281446 62.46643264183457 0.017499446100091347 0.02350110514207489 1.645798173332723 2.0 -1.0 -1.0 -1.0 -1.0 
131.46 55.22 2.0 -1.0 0.32264020682169114 93.69964896275187 0.03119962793393873 0.031795612839277794 1.5048422962809982 2.0 -1.0 -1.0 -1.0 -1.0 
131.46 55.22 2.0 -1.0 0.006086235312417038 109.3162571232105 0.08431262080028226 0.011059343596270537 1.8725071232939545 32.0 -1.0 -1.0 -1.0 -1.0 
131.46 55.22 2.0 -1.0 0.082490793464 0.0 2.2224637368337055 0.05391430003181887 1.4003498712409421 32.0 -1.0 -1.0 -1.0 -1.0 
131.46 55.22 2.0 -1.0 0.455919 15.616608160458643 4.370831420364764 0.027648358990676344 63.52775358989321 32.0 64.15207333379772 32.0 0.455929693998769 15.786877564713238 
131.46 55.22 2.0 -1.0 1.980198 31.233216320917286 2.901658274206379 0.017971433343939622 89.97887947607869 32.0 90.07328967265994 32.0 1.9802124976801376 31.27016133010507 
131.46 55.22 2.0 -1.0 10.65420400680119 78.08304080229321 1.4511629160490123 0.031795612839277794 14.859722548035851 8.0 15.019000503480205 8.0 10.65418473444879 78.1248043587091 
131.46 55.22 2.0 -1.0 233.7208617862176 124.93286528366914 5.826081259236011 0.015206597444871992 41.86582520758423 2.0 41.865824879606315 2.0 233.72073580200475 124.97944738731314 
131.46 55.22 2.0 -1.0 22.846702651445444 140.54947344412778 4.392019568453393 0.008294507697202903 10.298763628284659 2.0 -1.0 -1.0 -1.0 -1.0 
134.82 55.23 2.0 -1.0 2.11187653357 15.233354236104605 0.4364796459868221 0.11612310776084063 0.18966768702940512 4.0 -1.0 -1.0 -1.0 -1.0 
134.82 55.23 2.0 -1.0 1.27888080581 45.700062708313816 0.7585566129495857 0.017971433343939622 15.657822878902255 32.0 16.219028197646782 32.0 1.2788708166529736 45.539069898211274 
134.82 55.23 2.0 -1.0 1.155751156623 91.40012541662763 0.4499510986058557 0.058061553880420315 1.9724341462736736 8.0 -1.0 -1.0 -1.0 -1.0 
134.82 55.23 2.0 -1.0 12.515752038663 121.86683388883684 0.07378818002748848 0.016589015394405805 0.14425276328881206 32.0 -1.0 -1.0 -1.0 -1.0 
134.82 55.23 2.0 -1.0 0.19461695455997877 137.10018812494144 0.055433765133095315 0.04009012053648069 1.368822031420185 4.0 -1.0 -1.0 -1.0 -1.0 
134.82 55.23 2.0 -1.0 0.03394511707903087 0.0 2.007845414129436 0.029030776940210157 1.9428736879510755 16.0 -1.0 -1.0 -1.0 -1.0 
134.82 55.23 2.0 -1.0 0.761391192926 30.46670847220921 3.119962793393873 0.07188573337575849 13.4009709792801 16.0 13.529592258217331 16.0 0.7613683313441774 30.46057786524798 
134.82 55.23 2.0 -1.0 0.33936907828092244 60.93341694441842 8.309826555609373 0.03732528463741307 94.19036567615733 16.0 95.64757543912333 32.0 0.33936278972153866 61.32594746292451 
134.82 55.23 2.0 -1.0 2.862213 76.16677118052303 9.384199668361846 0.02903077694021016 131.17367338956944 32.0 131.3526571311036 32.0 2.8622101429694644 76.1008456965664 
134.82 55.23 2.0 -1.0 6.67806213863 106.63347965273223 5.16263340422845 0.01520659744487199 137.26014004454274 32.0 137.33377385766804 32.0 6.678055797237904 106.66262149492151 
135.38 55.23 2.0 -1.0 292.02 0.0 0.05797974856117098 0.016589015394405805 0.7286306901806521 1.0 -1.0 -1.0 -1.0 -1.0 
135.38 55.23 2.0 -1.0 0.24168959255 15.174319972425527 0.029298587592451877 0.11197585391223919 1.1846773980272278 1.0 -1.0 -1.0 -1.0 -1.0 
135.38 55.23 2.0 -1.0 0.7716 30.348639944851055 0.012744139921279101 0.013824179495338172 1.2418712491156036 1.0 -1.0 -1.0 -1.0 -1.0 
135.38 55.23 2.0 -1.0 0.0045983819530997 60.69727988970211 0.7020768264702735 0.022118687192541075 4.59921944330502 1.0 -1.0 -1.0 -1.0 -1.0 
135.38 55.23 2.0 -1.0 2.7177324827378 75.87159986212764 0.012277470827878691 0.04700221028414979 2.508640221536681 4.0 -1.0 -1.0 -1.0 -1.0 
135.38 55.23 2.0 -1.0 1.795203 106.2202398069787 0.44041731654383587 0.07188573337575849 0.4046253186427067 4.0 -1.0 -1.0 -1.0 -1.0 
135.38 55.23 2.0 -1.0 2.338339484159585 136.56887975182974 0.5120011389792241 0.06912089747669085 1.1677910689817503 1.0 -1.0 -1.0 -1.0 -1.0 
135.38 55.23 2.0 -1.0 1.3899355261798 45.52295991727658 5.628271480212304 0.02350110514207489 132.66413320527707 32.0 132.85296552110174 32.0 1.3899201197394482 45.539069898211274 
135.38 55.23 2.0 -1.0 1.582278 91.04591983455316 2.244063301440265 0.11197585391223919 5.012443051185605 4.0 -1.0 -1.0 -1.0 -1.0 
135.38 55.23 2.0 -1.0 385.6909919750328 121.39455977940422 1.5668214264876303 0.012441761545804354 11.630910367776222 1.0 -1.0 -1.0 -1.0 -1.0 
135.94 55.23 2.0 -1.0 2.274361 45.345853218978604 0.5046267831325151 0.017971433343939622 39.86814725866097 32.0 40.16597328866668 32.0 2.2743734007235616 45.43787196510413 
135.94 55.23 2.0 -1.0 2.227442025412 60.4611376253048 0.10013826441970505 0.052531882082285056 1.6222410658940485 1.0 -1.0 -1.0 -1.0 -1.0 
135.94 55.23 2.0 -1.0 409.836066 75.576422031631 0.13740856411831398 0.04285495643554833 0.42697101693555356 1.0 -1.0 -1.0 -1.0 -1.0 
135.94 55.23 2.0 -1.0 0.42118683683774877 120.9222752506096 0.048180165428117296 0.011059343596270537 0.9616605881342993 32.0 -1.0 -1.0 -1.0 -1.0 
135.94 55.23 2.0 -1.0 0.07279135971847846 136.0375596569358 0.2805077046772915 0.009676925646736721 2.4775388456651335 32.0 -1.0 -1.0 -1.0 -1.0 
135.94 55.23 2.0 -1.0 0.331159372546 0.0 6.791773565719267 0.016589015394405805 100.79245750837919 32.0 -1.0 -1.0 -1.0 -1.0 
135.94 55.23 2.0 -1.0 0.24832 15.1152844063262 7.575092471847536 0.0884747487701643 4.462227505056011 8.0 7.604426418602015 16.0 0.24835268656412762 20.239586621427232 
135.94 55.23 2.0 -1.0 1.21878672858 30.2305688126524 8.105706589434478 0.016589015394405805 288.74938959371025 32.0 288.7493969353567 32.0 1.218783533355842 30.25818199903371 
135.94 55.23 2.0 -1.0 0.4102676860891 90.69170643795721 6.94359142921429 0.013824179495338172 276.4772151929359 32.0 276.7428718719836 32.0 0.410273059969768 90.77454599710113 
135.94 55.23 2.0 -1.0 15.9235474 105.8069908442834 7.696417685155276 0.01520659744487199 137.98449506385205 16.0 137.9844946872609 16.0 15.923554504600665 105.85303803006441 
137.07 55.23 2.0 -1.0 4.2165396656 44.99162823666152 0.6666262149960813 0.07465056927482613 2.4118622070799733 8.0 -1.0 -1.0 -1.0 -1.0 
137.07 55.23 2.0 -1.0 0.772798 59.988837648882026 0.7632877084845537 0.011059343596270537 18.853678003654107 32.0 18.85367883452356 32.0 0.7727976480964572 60.01037433253174 
137.07 55.23 2.0 -1.0 3.2404792414142376 74.98604706110254 0.021440411841405254 0.016589015394405805 0.6558165687167359 2.0 -1.0 -1.0 -1.0 -1.0 
137.07 55.23 2.0 -1.0 5.294087 119.97767529776405 0.14622327330595072 0.016589015394405805 2.0102634603156377 2.0 -1.0 -1.0 -1.0 -1.0 
137.07 55.23 2.0 -1.0 1.5894998973414056 134.97488470998456 0.09965517359035103 0.02350110514207489 1.4486934216078224 1.0 -1.0 -1.0 -1.0 -1.0 
137.07 55.23 2.0 -1.0 426.51934403983 0.0 3.375614434310193 0.01520659744487199 32.07525568493233 1.0 -1.0 -1.0 -1.0 -1.0 
137.07 55.23 2.0 -1.0 0.701967086843 14.997209412220506 1.3083130433883792 0.019353851293473442 28.999599192634424 32.0 28.99960031677759 32.0 0.7019783273184051 14.97729409985615 
137.07 55.23 2.0 -1.0 12.342028775005748 29.994418824441013 1.8353815962816797 0.017971433343939622 48.189098731398765 32.0 48.18910020153653 32.0 12.342025001998993 29.9545881997123 
137.07 55.23 2.0 -1.0 1.1964621075 89.98325647332304 1.1489629662788923 0.013824179495338172 45.33820139801264 32.0 45.40460203129316 32.0 1.1964705966723463 89.96496253224404 
137.07 55.23 2.0 -1.0 0.01759454949387518 104.98046588554354 3.664851702063449 0.06497364362808941 1.565869571258343 16.0 -1.0 -1.0 -1.0 -1.0 
14.53 55.03 2.0 -1.0 147.058824 0.0 0.02422916423928535 0.013824179495338172 2.3373029123355193 1.0 -1.0 -1.0 -1.0 -1.0 
14.53 55.03 2.0 -1.0 1.06477508236 72.30010577855381 0.6538551491077016 0.03732528463741307 4.792010909138513 32.0 -1.0 -1.0 -1.0 -1.0 
14.53 55.03 2.0 -1.0 0.0011217471065547253 144.60021155710763 0.7272540837450232 0.029030776940210157 2.0423266835442258 1.0 -1.0 -1.0 -1.0 -1.0 
14.53 55.03 2.0 -1.0 0.006490675780325397 180.75026444638453 0.019761940299240183 0.013824179495338172 1.0477725084028402 8.0 -1.0 -1.0 -1.0 -1.0 
14.53 55.03 2.0 -1.0 130.38603910501416 216.90031733566144 0.06684709031242649 0.09400442056829957 1.4674103555592901 2.0 -1.0 -1.0 -1.0 -1.0 
14.53 55.03 2.0 -1.0 246.55815713199 253.05037022493835 0.011795250557810912 0.019353851293473442 0.8654981550636907 1.0 -1.0 -1.0 -1.0 -1.0 
14.53 55.03 2.0 -1.0 1.864837 289.20042311421525 0.24770763559917114 0.012441761545804354 4.017487365978838 16.0 -1.0 -1.0 -1.0 -1.0 
14.53 55.03 2.0 -1.0 195.694716 325.35047600349213 0.01808946582811853 0.02073626924300726 0.8312740130084999 1.0 -1.0 -1.0 -1.0 -1.0 
14.53 55.03 2.0 -1.0 4.368538167500896 36.15005288927691 5.636053377113842 0.011059343596270537 225.5617924071789 32.0 225.5617914717245 32.0 4.368545584535847 36.1276621192476 
14.53 55.03 2.0 -1.0 1.3104998476363685 108.45015866783072 1.876408245646434 0.02073626924300726 38.7606038422852 32.0 39.01826814688691 32.0 1.3104909157846123 108.38298635774281 
15.08 55.03 2.0 -1.0 2.66608189885 0.0 0.03785801297873459 0.027648358990676344 2.4596356700580446 1.0 -1.0 -1.0 -1.0 -1.0 
15.08 55.03 2.0 -1.0 1.334812202073005 144.75683014311835 0.11473765527464062 0.013824179495338172 1.3609388940699214 16.0 -1.0 -1.0 -1.0 -1.0 
15.08 55.03 2.0 -1.0 1.01726312363 180.94603767889794 0.09462319317574847 0.06082638977948796 0.5323763952315796 8.0 -1.0 -1.0 -1.0 -1.0 
15.08 55.03 2.0 -1.0 18.83649089489798 253.3244527504571 0.09442728648786386 0.013824179495338172 2.104219137308267 1.0 -1.0 -1.0 -1.0 -1.0 
15.08 55.03 2.0 -1.0 0.27344484969650096 289.5136602862367 0.04093183418410041 0.02350110514207489 0.7029430498029632 2.0 -1.0 -1.0 -1.0 -1.0 
15.08 55.03 2.0 -1.0 3.1411201226 325.7028678220163 0.02877702569594295 0.04009012053648069 1.0782542344862132 32.0 -1.0 -1.0 -1.0 -1.0 
15.08 55.03 2.0 -1.0 1.469313 36.18920753577959 2.8441034852561033 0.045619792334615966 33.145888291459926 16.0 33.18835616519883 16.0 1.4693190072042248 35.92526625303334 
15.08 55.03 2.0 -1.0 398.837694790884 72.37841507155917 7.2174841460961225 0.11474068981130683 14.650734302811886 1.0 -1.0 -1.0 -1.0 -1.0 
15.08 55.03 2.0 -1.0 1.127887471217 108.56762260733876 1.6987247418078029 0.013824179495338172 51.16265766956334 32.0 51.41561594107357 32.0 1.1278946961586676 108.5853822239571 
15.08 55.03 2.0 -1.0 0.0021345519190796537 217.13524521467752 1.8481051304768321 0.013824179495338172 3.6223372582544218 1.0 -1.0 -1.0 -1.0 -1.0 
15.19 53.86 2.0 -1.0 1.498159748737 0.0 0.24195710181010072 0.026265941041142528 2.0716704988136763 1.0 -1.0 -1.0 -1.0 -1.0 
15.19 53.86 2.0 -1.0 253.628279 34.302153668577084 0.012474110904895275 0.07741540517389377 0.5094495551013504 2.0 -1.0 -1.0 -1.0 -1.0 
15.19 53.86 2.0 -1.0 6.280644351360491 68.60430733715417 0.025324469357735295 0.016589015394405805 2.6767354110839476 1.0 -1.0 -1.0 -1.0 -1.0 
15.19 53.86 2.0 -1.0 1.6226634697651 102.90646100573124 0.010722672220103232 0.024883523091608708 2.0701081266268924 2.0 -1.0 -1.0 -1.0 -1.0 
15.19 53.86 2.0 -1.0 13.39141661 171.51076834288543 0.5482440125568449 0.006912089747669086 14.120213410045753 8.0 14.28240629556954 8.0 13.391399988904597 171.53049661659577 
15.19 53.86 2.0 -1.0 0.618723247886 274.4172293486167 0.046255834094871634 0.019353851293473445 2.039215908040042 4.0 -1.0 -1.0 -1.0 -1.0 
15.19 53.86 2.0 -1.0 1.35421422194 308.71938301719376 0.03677532806403432 0.06220880772902178 1.725439980381824 2.0 -1.0 -1.0 -1.0 -1.0 
15.19 53.86 2.0 -1.0 9.93255637407 137.20861467430834 2.8976518526871895 0.017971433343939622 52.615882198125405 16.0 52.76468372362289 16.0 9.932531005082032 137.2243972932766 
15.19 53.86 2.0 -1.0 0.453891 205.8129220114625 1.8328474204317418 0.016589015394405805 41.14462819421795 32.0 41.56416983908025 32.0 0.4538984891648094 205.83659593991493 
15.19 53.86 2.0 -1.0 0.724541971 240.11507568003958 2.9644709215878002 0.02488352309160871 48.2370713627568 32.0 48.37088613521194 32.0 0.7245337959223738 240.04149733012696 
15.64 55.03 2.0 -1.0 156.599195693311 0.0 0.1488734599008061 0.020736269243007255 0.27973792812693987 1.0 -1.0 -1.0 -1.0 -1.0 
15.64 55.03 2.0 -1.0 0.801089 181.12541441542265 0.08507324120391956 0.06359122567855559 1.4824112170798818 8.0 -1.0 -1.0 -1.0 -1.0 
15.64 55.03 2.0 -1.0 0.970346 217.3504972985072 0.2634159475634402 0.10644618211410392 1.2002160515097722 2.0 -1.0 -1.0 -1.0 -1.0 
15.64 55.03 2.0 -1.0 1.57618 253.57558018159173 0.314159151265845 0.04976704618321742 1.8586610337849567 32.0 -1.0 -1.0 -1.0 -1.0 
15.64 55.03 2.0 -1.0 0.0039513335998734465 326.0257459477608 0.022878942329845036 0.017971433343939622 1.0518694174893364 16.0 -1.0 -1.0 -1.0 -1.0 
15.64 55.03 2.0 -1.0 23.057654430953995 36.22508288308453 1.24999907309771 0.013824179495338172 26.190646755279804 16.0 26.190646107939546 16.0 23.057630945307515 36.22886005235474 
15.64 55.03 2.0 -1.0 0.7310895701613709 72.45016576616906 2.9460962052327924 0.08294507697202903 15.737502385829593 8.0 15.798910009035362 8.0 0.731112474265198 72.15412630538808 
15.64 55.03 2.0 -1.0 0.14238570389530616 108.6752486492536 1.4174741629268064 0.019353851293473442 19.13349339343549 32.0 20.390071673716175 32.0 0.14239655380758148 109.19256982259992 
15.64 55.03 2.0 -1.0 28.224759634040677 144.90033153233813 8.033235319613656 0.012441761545804354 150.3509918398704 8.0 150.35099535121952 8.0 28.22477351098011 144.91544020941896 
15.64 55.03 2.0 -1.0 0.9319943359 289.80066306467626 7.292665413176159 0.056679135930886505 50.053025570444 16.0 50.30049500959412 16.0 0.9319895373967787 289.42608868640934 
155.71 56.42 2.0 -1.0 2.8936595854908 0.0 0.02316522291218108 0.03456044873834543 1.136369111385903 8.0 -1.0 -1.0 -1.0 -1.0 
155.71 56.42 2.0 -1.0 0.03110692935198607 13.603530527802178 0.4398092168823045 0.017971433343939622 2.292573134012579 1.0 -1.0 -1.0 -1.0 -1.0 
155.71 56.42 2.0 -1.0 0.002115023153604762 27.207061055604356 0.11000290147540624 0.07326815132529232 3.0568678377713208 1.0 -1.0 -1.0 -1.0 -1.0 
155.71 56.42 2.0 -1.0 252.67407210877 40.810591583406534 0.5084761966519021 0.10921101801317155 2.2771994883803415 2.0 -1.0 -1.0 -1.0 -1.0 
155.71 56.42 2.0 -1.0 109.99844724197537 68.01765263901089 0.7015919679774667 0.017971433343939622 3.778328335600446 1.0 -1.0 -1.0 -1.0 -1.0 
155.71 56.42 2.0 -1.0 0.742167900236 108.82824422241742 0.06717113988391868 0.013824179495338172 1.2944200667372308 32.0 -1.0 -1.0 -1.0 -1.0 
155.71 56.42 2.0 -1.0 2.27174930502 122.4317747502196 0.2471947847766056 0.016589015394405805 2.566428721168911 1.0 -1.0 -1.0 -1.0 -1.0 
155.71 56.42 2.0 -1.0 0.0021443838166475015 54.41412211120871 3.375614434310193 0.012441761545804354 5.665206928686718 32.0 -1.0 -1.0 -1.0 -1.0 
155.71 56.42 2.0 -1.0 0.004252814799581741 81.62118316681307 3.8358214714603345 0.031795612839277794 5.98738234796891 1.0 -1.0 -1.0 -1.0 -1.0 
155.71 56.42 2.0 -1.0 3.100775 95.22471369461525 1.8341140706762948 0.06082638977948796 14.6821843682254 8.0 14.768019768973502 8.0 3.1007706032445035 95.32845298692226 
156.87 56.42 2.0 -1.0 184.614253 40.60836192153823 0.0776048723514451 0.013824179495338172 2.0353107963640547 1.0 -1.0 -1.0 -1.0 -1.0 
156.87 56.42 2.0 -1.0 0.2015142891 54.14448256205098 0.2581910561960041 0.011059343596270537 2.8891016626455057 32.0 -1.0 -1.0 -1.0 -1.0 
156.87 56.42 2.0 -1.0 0.0025418332638687128 81.21672384307647 0.42870960754281573 0.024883523091608708 4.01408025313105 2.0 -1.0 -1.0 -1.0 -1.0 
156.87 56.42 2.0 -1.0 0.002361643206703525 94.75284448358921 0.8625684705825069 0.011059343596270537 4.602089144228335 2.0 -1.0 -1.0 -1.0 -1.0 
156.87 56.42 2.0 -1.0 0.701967086843 108.28896512410196 0.0807217742540839 0.016589015394405805 1.5602880624201534 32.0 -1.0 -1.0 -1.0 -1.0 
156.87 56.42 2.0 -1.0 0.2015142891 121.82508576461471 0.013092171966844394 0.03317803078881161 1.9852707456809973 8.0 -1.0 -1.0 -1.0 -1.0 
156.87 56.42 2.0 -1.0 265.8152125688832 0.0 1.653567173740338 0.017971433343939622 12.779118874739186 1.0 -1.0 -1.0 -1.0 -1.0 
156.87 56.42 2.0 -1.0 0.25640622895786946 13.536120640512745 2.0357801389985517 0.013824179495338172 49.73728318221295 32.0 49.891149297378846 32.0 0.2564168729198476 13.864116835677653 
156.87 56.42 2.0 -1.0 0.003302992313449221 27.07224128102549 2.6579233608580393 0.015206597444871989 3.959835069091641 1.0 -1.0 -1.0 -1.0 -1.0 
156.87 56.42 2.0 -1.0 0.025529235825387523 67.68060320256373 3.5330909349505513 0.02073626924300726 8.10637590963831 32.0 -1.0 -1.0 -1.0 -1.0 
158.39 55.25 2.0 -1.0 18.90166 0.0 0.3037024146099722 0.03732528463741306 3.531493112837313 16.0 -1.0 -1.0 -1.0 -1.0 
158.39 55.25 2.0 -1.0 24.009604 13.41558580111168 0.5577950391413088 0.019353851293473442 9.63416155828266 16.0 9.91433804295143 16.0 24.00956873316318 13.459325103249107 
158.39 55.25 2.0 -1.0 4.1785550317 26.83117160222336 0.26579233608580394 0.022118687192541075 7.5840573500724915 32.0 7.930363923537296 32.0 4.178552141335483 26.918650206498214 
158.39 55.25 2.0 -1.0 3.18414434133 40.24675740333504 0.25289502973203115 0.02350110514207489 2.4621007318860313 32.0 -1.0 -1.0 -1.0 -1.0 
158.39 55.25 2.0 -1.0 223.2232854038148 53.66234320444672 0.019236604356197163 0.030413194889743977 1.5492010482820155 2.0 -1.0 -1.0 -1.0 -1.0 
158.39 55.25 2.0 -1.0 0.61894065595 67.0779290055584 0.04017541726172728 0.020736269243007255 0.7774510145781632 4.0 -1.0 -1.0 -1.0 -1.0 
158.39 55.25 2.0 -1.0 2.698764 80.49351480667008 0.039188560946779236 0.019353851293473442 2.114203141630847 8.0 -1.0 -1.0 -1.0 -1.0 
158.39 55.25 2.0 -1.0 0.003364269329216067 93.90910060778177 0.06216978392254384 0.026265941041142528 3.4652104504305288 1.0 -1.0 -1.0 -1.0 -1.0 
158.39 55.25 2.0 -1.0 0.6457791716938079 107.32468640889344 0.6400009491490016 0.02211868719254107 11.545409520449924 32.0 11.644591756949243 32.0 0.6457715547488382 106.96621529424291 
158.39 55.25 2.0 -1.0 0.004577298591068276 120.74027221000512 0.24447745947558114 0.01520659744487199 3.5053800639987562 1.0 -1.0 -1.0 -1.0 -1.0 
16.76 55.03 2.0 -1.0 486.154230881221 36.29110989045606 0.11545327069384025 0.06220880772902177 0.963241701778404 1.0 -1.0 -1.0 -1.0 -1.0 
16.76 55.03 2.0 -1.0 2.515150138446 145.16443956182425 0.7333081784913691 0.016589015394405805 12.314895085508908 32.0 12.441578922180215 32.0 2.515146964772915 145.21903400874038 
16.76 55.03 2.0 -1.0 0.1323466 254.03776923319245 0.07383917380647688 0.06635606157762322 0.790903879613857 2.0 -1.0 -1.0 -1.0 -1.0 
16.76 55.03 2.0 -1.0 0.45630888762 290.3288791236485 0.013922408471454342 0.04700221028414978 1.5857511902719832 1.0 -1.0 -1.0 -1.0 -1.0 
16.76 55.03 2.0 -1.0 429.184549 326.6199890141046 0.021859184887200275 0.038707702586946884 -0.24308159094358872 1.0 -1.0 -1.0 -1.0 -1.0 
16.76 55.03 2.0 -1.0 0.80130712057 0.0 6.670869092409146 0.058061553880420315 20.137445939032236 16.0 -1.0 -1.0 -1.0 -1.0 
16.76 55.03 2.0 -1.0 0.8026608259746 72.58221978091213 1.0216471553317565 0.01520659744487199 24.910203676772614 32.0 25.16159578360129 32.0 0.8026593908046683 72.55891803781662 
16.76 55.03 2.0 -1.0 5.7291241736163805 108.8733296713682 3.0496389432454394 0.013824179495338174 75.61302298206033 32.0 76.6865704192304 32.0 5.729119341898089 108.88897602327849 
16.76 55.03 2.0 -1.0 0.7790225779 181.4555494522803 2.487365314604511 0.031795612839277794 31.700865626763143 16.0 32.409756479655606 16.0 0.7790125285585722 181.54909199420226 
16.76 55.03 2.0 -1.0 3.5852282245022074 217.7466593427364 2.562364236117258 0.06773847952715704 12.572633136121206 8.0 12.613316125408078 8.0 3.5852281143888836 217.6767541134499 
156.87 56.42 2.0 -1.0 0.25640622895786946 13.536120640512745 2.0357801389985517 0.013824179495338172 49.73728318221295 32.0 49.891149297378846 32.0 0.2564168729198476 13.864116835677653 
169.02 56.43 2.0 -1.0 0.3652624619393678 12.982401456059462 0.019343214725462587 0.027648358990676348 1.3691681406885121 1.0 -1.0 -1.0 -1.0 -1.0 
169.02 56.43 2.0 -1.0 2.996958107478261 25.964802912118923 0.23715784958474712 0.029030776940210157 2.4046785386602116 16.0 -1.0 -1.0 -1.0 -1.0 
169.02 56.43 2.0 -1.0 0.288597141714 38.94720436817838 0.022193951030734772 0.016589015394405805 3.0439539900102615 32.0 -1.0 -1.0 -1.0 -1.0 
169.02 56.43 2.0 -1.0 88.63067025815513 51.929605824237846 0.03333897897859852 0.03456044873834543 1.0746128061126046 1.0 -1.0 -1.0 -1.0 -1.0 
169.02 56.43 2.0 -1.0 1.555307 77.89440873635677 0.2634159475634402 0.08985716671969811 -0.7162709674416808 8.0 -1.0 -1.0 -1.0 -1.0 
169.02 56.43 2.0 -1.0 0.026607250597988085 90.87681019241623 0.03669918888002356 0.026265941041142528 2.715024104218375 4.0 -1.0 -1.0 -1.0 -1.0 
169.02 56.43 2.0 -1.0 316.48368670253 116.84161310453516 0.13627413729677892 0.006912089747669087 1.0368188617424423 1.0 -1.0 -1.0 -1.0 -1.0 
169.02 56.43 2.0 -1.0 0.01719488041013931 0.0 1.6040596785870795 0.006912089747669086 8.309469632544923 32.0 -1.0 -1.0 -1.0 -1.0 
169.02 56.43 2.0 -1.0 5.8086556360048 64.9120072802973 2.251828199773005 0.011059343596270537 81.67728702998838 32.0 81.72699247768153 32.0 5.808669811813161 64.86787512167427 
169.02 56.43 2.0 -1.0 2.3427772328 103.85921164847569 1.911736987624171 0.07603298722435994 8.616771844839096 4.0 9.976751858693314 8.0 2.342858351767063 103.62668350170742 
17.32 55.03 2.0 -1.0 2.06222270715 0.0 0.10118135941650402 0.03317803078881161 0.3427943196399738 1.0 -1.0 -1.0 -1.0 -1.0 
17.32 55.03 2.0 -1.0 3.0666178824950348 36.349392639646275 0.07496999618546879 0.019353851293473442 3.4641281213138635 8.0 -1.0 -1.0 -1.0 -1.0 
17.32 55.03 2.0 -1.0 0.634563531429 72.69878527929255 0.031156549511556473 0.026265941041142528 1.61137486031364 16.0 -1.0 -1.0 -1.0 -1.0 
17.32 55.03 2.0 -1.0 137.7782525504162 109.04817791893882 0.03207381464353671 0.017971433343939625 0.9346816714152483 1.0 -1.0 -1.0 -1.0 -1.0 
17.32 55.03 2.0 -1.0 35.662175932705 145.3975705585851 0.05063728905905742 0.016589015394405805 0.8275105815268864 8.0 -1.0 -1.0 -1.0 -1.0 
17.32 55.03 2.0 -1.0 0.358562007983 181.74696319823138 0.16185305906356484 0.03456044873834543 2.0376017011376266 32.0 -1.0 -1.0 -1.0 -1.0 
17.32 55.03 2.0 -1.0 5.250105943146989 218.09635583787764 0.04237041388009732 0.022118687192541075 0.7219588335992095 4.0 -1.0 -1.0 -1.0 -1.0 
17.32 55.03 2.0 -1.0 3.346415259444355 254.44574847752392 0.552807921196648 0.04423737438508215 1.7356672204787071 2.0 -1.0 -1.0 -1.0 -1.0 
17.32 55.03 2.0 -1.0 1.5462713682502525 290.7951411171702 0.015831422964399676 0.01520659744487199 0.5560635150358023 4.0 -1.0 -1.0 -1.0 -1.0 
17.32 55.03 2.0 -1.0 0.396239 327.1445337568165 0.19064614273734584 0.06773847952715704 2.1797691427286088 1.0 -1.0 -1.0 -1.0 -1.0 
17.88 55.03 2.0 -1.0 2.820474141608 0.0 0.02608805156199015 0.006912089747669087 0.5682407602828924 4.0 -1.0 -1.0 -1.0 -1.0 
17.88 55.03 2.0 -1.0 1.636554 36.40671693695072 0.5574098225214513 0.045619792334615966 4.791408653162475 8.0 -1.0 -1.0 -1.0 -1.0 
17.88 55.03 2.0 -1.0 0.02307439124125024 72.81343387390145 0.035551267203640914 0.038707702586946884 0.6681351247854207 16.0 -1.0 -1.0 -1.0 -1.0 
17.88 55.03 2.0 -1.0 2.7337872008546404 109.22015081085218 0.09890073518198203 0.013824179495338172 1.0078804617265293 2.0 -1.0 -1.0 -1.0 -1.0 
17.88 55.03 2.0 -1.0 0.813613 145.6268677478029 0.3984373436262631 0.04147253848601452 2.775092933234618 16.0 -1.0 -1.0 -1.0 -1.0 
17.88 55.03 2.0 -1.0 3.63362703526 218.44030162170435 0.2262744216607843 0.015206597444871989 3.1190177250031232 16.0 -1.0 -1.0 -1.0 -1.0 
17.88 55.03 2.0 -1.0 4.39777931 291.2537354956058 0.04093183418410041 0.031795612839277794 1.2624876290267029 4.0 -1.0 -1.0 -1.0 -1.0 
17.88 55.03 2.0 -1.0 1.7505409271745818 327.6604524325565 0.7079213307799325 0.009676925646736721 25.246596461143568 32.0 25.413099635482627 32.0 1.7505347689924142 327.5777094677997 
17.88 55.03 2.0 -1.0 3.01978 182.0335846847536 1.4501607341826344 0.02073626924300726 28.639226996852685 32.0 28.807960744208206 32.0 3.019795258296654 181.9538837266308 
17.88 55.03 2.0 -1.0 1.987795 254.84701855865507 1.7989765511541298 0.045619792334615966 15.46889871038209 16.0 16.039929533967584 16.0 1.9877916201949122 254.91759349687598 
173.65 56.43 2.0 -1.0 45.102610653564696 0.0 0.2867779491143187 0.08432749492156286 0.9236713718563018 8.0 -1.0 -1.0 -1.0 -1.0 
173.65 56.43 2.0 -1.0 204.55934656546316 12.84944012059272 0.035526715283987924 0.06082638977948796 1.4512731242205879 1.0 -1.0 -1.0 -1.0 -1.0 
173.65 56.43 2.0 -1.0 12.285441161466956 25.69888024118544 0.2546481902546703 0.03732528463741307 3.054392827795085 1.0 -1.0 -1.0 -1.0 -1.0 
173.65 56.43 2.0 -1.0 0.014111716139277362 38.54832036177816 0.2406235522250666 0.10091651031596865 1.9451347336992693 8.0 -1.0 -1.0 -1.0 -1.0 
173.65 56.43 2.0 -1.0 0.81742601326 89.94608084414904 0.3822594545999752 0.011059343596270537 10.108473191246361 32.0 10.165143718010118 32.0 0.8174235214634489 89.66136873292263 
173.65 56.43 2.0 -1.0 0.02850604555160601 102.79552096474175 0.10856843319584761 0.009676925646736721 2.774916734815587 8.0 -1.0 -1.0 -1.0 -1.0 
173.65 56.43 2.0 -1.0 0.3737524374439566 51.39776048237088 8.661512956629936 0.03041319488974398 122.38983861049881 32.0 122.71770873021738 32.0 0.37374168944855535 51.20615415221089 
173.65 56.43 2.0 -1.0 0.764175 64.2472006029636 1.4693210878159408 0.02073626924300726 34.57007851603714 32.0 34.77968204706301 32.0 0.7641877649196734 64.15948958992432 
173.65 56.43 2.0 -1.0 0.878622905444995 77.09664072355632 3.592158867031385 0.07741540517389377 17.14022633710207 8.0 18.82262174933028 16.0 0.878632514892767 77.11282502763774 
173.65 56.43 2.0 -1.0 4.279869765973 115.64496108533447 1.4273006104727985 0.022118687192541075 9.141478700070595 2.0 9.141478865292312 2.0 4.279718268662691 108.5853822239571 
174.81 56.43 2.0 -1.0 1.18994040124844 38.428775682516225 0.068625203982797 0.016589015394405805 2.478115768216593 4.0 -1.0 -1.0 -1.0 -1.0 
174.81 56.43 2.0 -1.0 269.687163 64.04795947086038 0.2429621118496883 0.01520659744487199 1.9134257580269944 1.0 -1.0 -1.0 -1.0 -1.0 
174.81 56.43 2.0 -1.0 0.3211609168549823 89.66714325920452 0.7368629809502529 0.035942866687879244 4.855155613807063 8.0 -1.0 -1.0 -1.0 -1.0 
174.81 56.43 2.0 -1.0 44.89581733394263 0.0 4.073436927058742 0.03456044873834543 47.039464023443756 8.0 -1.0 -1.0 -1.0 -1.0 
174.81 56.43 2.0 -1.0 0.03363455717906837 12.809591894172074 3.8015262684727196 0.012441761545804354 21.30295601458808 32.0 -1.0 -1.0 -1.0 -1.0 
174.81 56.43 2.0 -1.0 1.56246161188 25.61918378834415 5.095311235830818 0.04285495643554833 -inf 1.0 -1.0 -1.0 -1.0 -1.0 
174.81 56.43 2.0 -1.0 0.0068902549872972155 51.2383675766883 8.100108739552656 0.06497364362808941 4.049853065014455 8.0 -1.0 -1.0 -1.0 -1.0 
174.81 56.43 2.0 -1.0 0.859107 76.85755136503245 3.410776682707007 0.08432749492156286 11.481643818498371 8.0 12.102987752821589 16.0 0.8591086952947081 76.4044394958878 
174.81 56.43 2.0 -1.0 6.59709182778 102.4767351533766 3.690257789846957 0.017971433343939622 91.70391891756239 32.0 91.98600578365193 32.0 6.5970804522900535 102.51350623752892 
174.81 56.43 2.0 -1.0 0.827339092144 115.28632704754867 1.8002197938065532 0.027648358990676344 12.32736516177539 16.0 12.327364712043275 16.0 0.8273370137127738 108.38298635774281 
18.43 55.03 2.0 -1.0 0.5348799301340531 0.0 0.017199806154973397 0.017971433343939625 1.88862696239504 4.0 -1.0 -1.0 -1.0 -1.0 
18.43 55.03 2.0 -1.0 1.952192814966 36.463192683567165 0.032949724307776485 0.11197585391223919 2.3562795856916745 1.0 -1.0 -1.0 -1.0 -1.0 
18.43 55.03 2.0 -1.0 28.107357409599 72.92638536713433 0.9774600356461515 0.01520659744487199 13.249356416459714 8.0 13.41514249120587 8.0 28.107388061471287 72.96370977024517 
18.43 55.03 2.0 -1.0 3.4672047206 109.38957805070149 0.049257146235465336 0.024883523091608708 0.7381466226433845 4.0 -1.0 -1.0 -1.0 -1.0 
18.43 55.03 2.0 -1.0 5.486065 145.85277073426866 0.17295128471299193 0.04009012053648069 0.9777831131689676 1.0 -1.0 -1.0 -1.0 -1.0 
18.43 55.03 2.0 -1.0 2.274361 182.31596341783583 0.05846240640937591 0.02350110514207489 2.0573185927370115 8.0 -1.0 -1.0 -1.0 -1.0 
18.43 55.03 2.0 -1.0 0.0040061858478016125 218.77915610140298 0.22847352570395624 0.027648358990676344 2.0355809385019272 1.0 -1.0 -1.0 -1.0 -1.0 
18.43 55.03 2.0 -1.0 6.107714243738 255.24234878497015 0.721249970799335 0.045619792334615966 4.090800149946779 4.0 -1.0 -1.0 -1.0 -1.0 
18.43 55.03 2.0 -1.0 1.10742 291.7055414685373 0.374936219222589 0.024883523091608708 3.4400951584042674 16.0 -1.0 -1.0 -1.0 -1.0 
18.43 55.03 2.0 -1.0 0.0386064318053542 328.1687341521045 0.2250273073630341 0.012441761545804354 1.7872485465475834 16.0 -1.0 -1.0 -1.0 -1.0 
18.99 55.03 2.0 -1.0 2.76203446627 109.54803966879766 0.966047542040352 0.02350110514207489 15.606454793520184 32.0 15.742618631435482 32.0 2.7620444598142058 109.69855948813559 
18.99 55.03 2.0 -1.0 0.004949232032673308 146.0640528917302 0.06360340234416484 0.011059343596270536 2.3501618609602057 8.0 -1.0 -1.0 -1.0 -1.0 
18.99 55.03 2.0 -1.0 1.2288412978165664 182.58006611466274 0.4654433038693023 0.012441761545804354 13.392463495685956 32.0 13.450124428471087 32.0 1.2288486080554626 182.7634671914879 
18.99 55.03 2.0 -1.0 4.4291820318041 255.61209256052786 0.17152342191960426 0.013824179495338172 2.206932749764047 16.0 -1.0 -1.0 -1.0 -1.0 
18.99 55.03 2.0 -1.0 0.5218245 292.1281057834604 0.22239996444081098 0.056679135930886505 0.3457350019666793 1.0 -1.0 -1.0 -1.0 -1.0 
18.99 55.03 2.0 -1.0 426.51934403983 328.64411900639294 0.03654738309850336 0.03317803078881161 1.3742995900570374 1.0 -1.0 -1.0 -1.0 -1.0 
18.99 55.03 2.0 -1.0 3.7414393324491 0.0 1.024474257441211 0.031795612839277794 7.525060846691644 16.0 -1.0 -1.0 -1.0 -1.0 
18.99 55.03 2.0 -1.0 205.22225531037 36.51601322293255 3.7158400018911237 0.022118687192541075 26.85811881326044 2.0 26.858119609346005 2.0 205.2222650187711 36.53245385167615 
18.99 55.03 2.0 -1.0 0.001341933801856741 73.0320264458651 5.252572277723245 0.02488352309160871 8.345136547834212 2.0 -1.0 -1.0 -1.0 -1.0 
18.99 55.03 2.0 -1.0 0.664187 219.0960793375953 9.19171054608519 0.07603298722435994 34.23594000576151 16.0 34.958720561789114 16.0 0.6641736642147105 218.5875355114141 
181.98 55.26 2.0 -1.0 0.654397111 12.541520600760748 0.1252592424949464 0.02073626924300726 2.0602804607164176 1.0 -1.0 -1.0 -1.0 -1.0 
181.98 55.26 2.0 -1.0 12.6998621581 25.083041201521496 0.2985021714522505 0.016589015394405805 4.210319679397575 32.0 -1.0 -1.0 -1.0 -1.0 
181.98 55.26 2.0 -1.0 100.80135882925016 37.624561802282244 0.08703500716290852 0.016589015394405805 1.9399447090736177 1.0 -1.0 -1.0 -1.0 -1.0 
181.98 55.26 2.0 -1.0 0.03721287955679095 50.16608240304299 0.028796913017838353 0.03041319488974398 1.6340951747078245 8.0 -1.0 -1.0 -1.0 -1.0 
181.98 55.26 2.0 -1.0 0.685533 62.70760300380374 0.013301860569649207 0.04009012053648069 2.4686022173384177 16.0 -1.0 -1.0 -1.0 -1.0 
181.98 55.26 2.0 -1.0 0.00820494416964135 87.79064420532524 0.16387830076108614 0.12165277955897592 1.3266139399059504 8.0 -1.0 -1.0 -1.0 -1.0 
181.98 55.26 2.0 -1.0 282.535701428469 100.33216480608598 0.17463215463497664 0.04147253848601452 0.3822682840561786 1.0 -1.0 -1.0 -1.0 -1.0 
181.98 55.26 2.0 -1.0 0.821629025162 112.87368540684673 0.08978324947588143 0.056679135930886505 1.0359031970675998 2.0 -1.0 -1.0 -1.0 -1.0 
181.98 55.26 2.0 -1.0 98.96535646146744 0.0 4.841372476313745 0.02626594104114253 39.23849698325774 4.0 -1.0 -1.0 -1.0 -1.0 
181.98 55.26 2.0 -1.0 3.46801177677 75.24912360456449 7.755127795831871 0.027648358990676344 165.0219927499679 32.0 165.0712509862436 32.0 3.468024563820412 75.19006429860217 
182.54 55.26 2.0 -1.0 0.785012 12.534644637388896 0.010041536703492851 0.03456044873834543 1.2460814244996203 8.0 -1.0 -1.0 -1.0 -1.0 
182.54 55.26 2.0 -1.0 31.953380185111733 25.06928927477779 0.19343214725462585 0.01520659744487199 2.501815679193607 8.0 -1.0 -1.0 -1.0 -1.0 
182.54 55.26 2.0 -1.0 0.001431107536828458 37.60393391216669 0.2921773626975146 0.015206597444871989 0.8762919755025613 2.0 -1.0 -1.0 -1.0 -1.0 
182.54 55.26 2.0 -1.0 57.80624908500715 50.13857854955558 0.33639744242527675 0.022118687192541075 0.9610109380909468 8.0 -1.0 -1.0 -1.0 -1.0 
182.54 55.26 2.0 -1.0 2.721551083248 62.673223186944476 0.029726742058157247 0.006912089747669086 2.0053824772455333 8.0 -1.0 -1.0 -1.0 -1.0 
182.54 55.26 2.0 -1.0 0.0016502206479446465 75.20786782433338 0.5008065115563315 0.022118687192541075 0.9396310602211062 2.0 -1.0 -1.0 -1.0 -1.0 
182.54 55.26 2.0 -1.0 1.22352355821 87.74251246172227 0.4814689191514564 0.03041319488974398 5.183496941345665 16.0 -1.0 -1.0 -1.0 -1.0 
182.54 55.26 2.0 -1.0 10.78643292 100.27715709911116 0.8246917104001704 0.03041319488974398 9.27685679503889 8.0 9.276856751859558 8.0 10.786485897066694 100.28715170917192 
182.54 55.26 2.0 -1.0 1.37333511678 112.81180173650006 0.041301097859493346 0.006912089747669086 1.1770818683490218 8.0 -1.0 -1.0 -1.0 -1.0 
182.54 55.26 2.0 -1.0 0.0018426428931229803 0.0 1.098510166047577 0.038707702586946884 0.9169802708115452 2.0 -1.0 -1.0 -1.0 -1.0 
19.55 55.03 2.0 -1.0 3.207184 0.0 0.0451196203330497 0.07188573337575849 0.9650200646130437 1.0 -1.0 -1.0 -1.0 -1.0 
19.55 55.03 2.0 -1.0 0.0015833605930140066 73.17239007971082 0.5278034774114226 0.008294507697202903 4.209824725609381 2.0 -1.0 -1.0 -1.0 -1.0 
19.55 55.03 2.0 -1.0 1.3012367996509 182.93097519927704 0.4702916161939979 0.013824179495338172 10.695937871261327 32.0 11.17372101295008 32.0 1.3012443863165877 182.7634671914879 
19.55 55.03 2.0 -1.0 0.499765 219.51717023913247 0.08941186207550403 0.017971433343939622 0.30372506322683346 1.0 -1.0 -1.0 -1.0 -1.0 
19.55 55.03 2.0 -1.0 0.909379126021 256.1033652789879 0.09627163549856319 0.013824179495338172 2.5756120595683303 32.0 -1.0 -1.0 -1.0 -1.0 
19.55 55.03 2.0 -1.0 173.708218965958 292.6895603188433 0.892884079763517 0.04423737438508214 2.488159156890098 1.0 -1.0 -1.0 -1.0 -1.0 
19.55 55.03 2.0 -1.0 128.25813729784 329.2757553586987 0.0831556933797168 0.09400442056829957 0.717863482043934 1.0 -1.0 -1.0 -1.0 -1.0 
19.55 55.03 2.0 -1.0 2.015344 36.58619503985541 1.1803402058496175 0.026265941041142528 18.491998015826997 32.0 19.038273998926503 32.0 2.0153493096586317 36.431255918569015 
19.55 55.03 2.0 -1.0 1.18486164335 109.75858511956623 5.850280880215022 0.038707702586946884 62.711979029378355 16.0 66.24793346497177 32.0 1.1848593809797119 109.90095535434986 
19.55 55.03 2.0 -1.0 4.61936868862 146.34478015942165 4.929118702665705 0.024883523091608708 100.80924523626518 32.0 100.98685788011069 32.0 4.619353906794762 146.3322112729189 
194.48 56.43 2.0 -1.0 17.485862788642 12.466821766584665 0.037649358067924674 0.019353851293473442 0.7704228140532238 2.0 -1.0 -1.0 -1.0 -1.0 
194.48 56.43 2.0 -1.0 0.022968596257459013 37.400465299753996 0.032029529200852905 0.009676925646736721 1.5181981959006061 1.0 -1.0 -1.0 -1.0 -1.0 
194.48 56.43 2.0 -1.0 155.2642352611918 62.33410883292333 0.44747118751276277 0.0027648358990676344 11.312507641813918 1.0 11.312507468521408 1.0 155.26408484826487 62.33792679399587 
194.48 56.43 2.0 -1.0 3.26978936174 74.80093059950799 0.7471147983930847 0.012441761545804354 22.42288501940668 32.0 22.422886053694334 32.0 3.269785035323973 74.78527256617362 
194.48 56.43 2.0 -1.0 0.922923422192 99.73457413267732 0.20957145722768147 0.03732528463741307 1.3616710663772669 16.0 -1.0 -1.0 -1.0 -1.0 
194.48 56.43 2.0 -1.0 9.410971404024096 0.0 1.7865912494267449 0.03041319488974398 26.49313538415124 16.0 -1.0 -1.0 -1.0 -1.0 
194.48 56.43 2.0 -1.0 212.765957 24.93364353316933 8.373215895525812 0.060826389779487955 26.258209437733964 1.0 26.25820929832891 1.0 212.76549280931553 24.894691544355492 
194.48 56.43 2.0 -1.0 1.330601 49.86728706633866 2.0856043462141063 0.08294507697202903 5.58991351635304 8.0 6.338555011533839 8.0 1.3306513816739123 51.30735208531804 
194.48 56.43 2.0 -1.0 342.465753 87.26775236609265 6.516004838727284 0.05529671798135269 28.963499227805173 1.0 28.963498773477184 1.0 342.4657431120674 87.23261833835137 
194.48 56.43 2.0 -1.0 1.143 112.201395899262 6.234182015477381 0.029030776940210157 76.02546569258949 16.0 76.02546553061232 16.0 1.1429923082080982 106.86501736113578 
195.06 56.43 2.0 -1.0 1.15226 0.0 0.02797336257603725 0.022118687192541075 0.9490624257511047 1.0 -1.0 -1.0 -1.0 -1.0 
195.06 56.43 2.0 -1.0 0.6890079310895 12.46585055967843 0.3218479632114377 0.012441761545804354 4.028650915604887 32.0 -1.0 -1.0 -1.0 -1.0 
195.06 56.43 2.0 -1.0 1.46195913357 24.93170111935686 0.5159068058447316 0.022118687192541075 9.865407367645496 16.0 10.003262520597428 16.0 1.4619824166099231 24.69229567814122 
195.06 56.43 2.0 -1.0 1.88704458069 37.39755167903529 0.03682617525797668 0.008294507697202903 1.453964715891144 1.0 -1.0 -1.0 -1.0 -1.0 
195.06 56.43 2.0 -1.0 1.713648107847 49.86340223871372 0.4124407198270377 0.015206597444871989 6.607459270083859 8.0 6.70815365180083 8.0 1.7136092841004333 50.19417482113953 
195.06 56.43 2.0 -1.0 1.70068 112.19265503710587 0.010280191389284826 0.006912089747669085 1.2258365911488218 8.0 -1.0 -1.0 -1.0 -1.0 
195.06 56.43 2.0 -1.0 141.63006751692097 62.32925279839215 5.281682335805868 0.02073626924300726 46.79862404043796 2.0 46.79862444868976 2.0 141.629910406967 62.33792679399587 
195.06 56.43 2.0 -1.0 0.2785177904653875 74.79510335807058 1.9940221259603996 0.02350110514207489 33.606044911107496 32.0 33.901493487339344 32.0 0.27851759417292976 74.58287669995934 
195.06 56.43 2.0 -1.0 2.12042426647 87.260953917749 6.67547921863847 0.05529671798135269 64.26036946729751 16.0 65.63639279750028 32.0 2.120426264203464 87.23261833835137 
195.06 56.43 2.0 -1.0 5.0214063292 99.72680447742744 2.7494379596855727 0.07465056927482613 16.88052194888225 8.0 17.093717737798357 8.0 5.021380881468455 99.78116204363624 
2.24 55.03 2.0 -1.0 59.665418222544 0.0 0.8448754276301367 0.013824179495338172 10.258493724315818 8.0 -1.0 -1.0 -1.0 -1.0 
2.24 55.03 2.0 -1.0 8.389566016290834 36.744023536807894 0.23261443611725988 0.18524400523753148 0.7094616038503869 2.0 -1.0 -1.0 -1.0 -1.0 
2.24 55.03 2.0 -1.0 19.36309561082621 183.72011768403948 0.09410167626613881 0.03456044873834543 1.398172506612811 8.0 -1.0 -1.0 -1.0 -1.0 
2.24 55.03 2.0 -1.0 10.9405323 220.46414122084735 0.021219379168489504 0.027648358990676344 -0.045812848885455254 32.0 -1.0 -1.0 -1.0 -1.0 
2.24 55.03 2.0 -1.0 0.10857111194022039 257.20816475765525 0.9821983945518493 0.017971433343939622 13.43348459092294 32.0 13.472657525538686 32.0 0.10856335090162854 257.34634389144725 
2.24 55.03 2.0 -1.0 2.93069668519 293.95218829446316 0.10641496346621236 0.031795612839277794 0.5330228705425673 2.0 -1.0 -1.0 -1.0 -1.0 
2.24 55.03 2.0 -1.0 0.3967613979300639 330.69621183127106 0.035575836090715574 0.01520659744487199 2.7906091105611455 8.0 -1.0 -1.0 -1.0 -1.0 
2.24 55.03 2.0 -1.0 5.5373591568 73.48804707361579 1.4381884001221659 0.03456044873834543 10.314503100456495 16.0 10.451823966127565 16.0 5.537367542274296 73.46969943578085 
2.24 55.03 2.0 -1.0 0.115088121 110.23207061042368 1.4825764651044098 0.031795612839277794 6.916349792896592 32.0 7.178162423435944 32.0 0.11508139626433453 109.69855948813559 
2.24 55.03 2.0 -1.0 5.751536555171 146.97609414723158 8.667498783590988 0.053914300031818865 58.0524905457597 8.0 59.2433299882148 16.0 5.751523228051762 146.9393988715617 
20.11 55.03 2.0 -1.0 1.61613383449 0.0 0.011909885623504696 0.015206597444871989 2.4089331796722715 1.0 -1.0 -1.0 -1.0 -1.0 
20.11 55.03 2.0 -1.0 0.2104307696878421 109.996250122476 0.18596317084298622 0.01520659744487199 1.6613553858488235 1.0 -1.0 -1.0 -1.0 -1.0 
20.11 55.03 2.0 -1.0 0.8125946329902368 146.661666829968 0.04953013217684496 0.03456044873834543 0.9195749115901111 16.0 -1.0 -1.0 -1.0 -1.0 
20.11 55.03 2.0 -1.0 0.04098312229597392 219.992500244952 0.46737660191985736 0.08985716671969811 0.9150300121317155 2.0 -1.0 -1.0 -1.0 -1.0 
20.11 55.03 2.0 -1.0 2.08696826121 256.657916952444 0.0488842455453372 0.019353851293473442 0.8887560606406172 32.0 -1.0 -1.0 -1.0 -1.0 
20.11 55.03 2.0 -1.0 1.721551635017 293.323333659936 0.7972419798951421 0.01382417949533817 24.550234110853648 32.0 24.550234745328222 32.0 1.7215522044959168 293.3728080775877 
20.11 55.03 2.0 -1.0 9.808365445406661 329.988750367428 0.251501195620805 0.03041319488974398 2.263685050189679 8.0 -1.0 -1.0 -1.0 -1.0 
20.11 55.03 2.0 -1.0 0.89398205209 36.665416707492 1.5996331735108558 0.022118687192541075 32.00977662922422 32.0 32.39534038917815 32.0 0.8939726588626703 36.63365178478329 
20.11 55.03 2.0 -1.0 0.74364701461 73.330833414984 1.8315816449434905 0.06497364362808941 8.937626592137233 8.0 8.957621919366856 8.0 0.7437241341297826 74.27928290063794 
20.11 55.03 2.0 -1.0 0.73182352685 183.32708353746 7.912064681527268 0.012441761545804354 283.891817619224 32.0 284.3057391659845 32.0 0.7318097535365572 183.26945685702356 
20.67 55.03 2.0 -1.0 375.85602004288 0.0 0.13912793572153864 0.08294507697202903 0.548177822520046 1.0 -1.0 -1.0 -1.0 -1.0 
20.67 55.03 2.0 -1.0 0.17916629069406123 73.48347462913722 0.2585480425615838 0.016589015394405805 2.350300485977079 16.0 -1.0 -1.0 -1.0 -1.0 
20.67 55.03 2.0 -1.0 0.00721428470441448 110.22521194370583 0.3692808065379914 0.022118687192541075 0.809878002548906 8.0 -1.0 -1.0 -1.0 -1.0 
20.67 55.03 2.0 -1.0 106.97507197376 183.70868657284305 0.02645100905743632 0.02350110514207489 1.7544977101832822 4.0 -1.0 -1.0 -1.0 -1.0 
20.67 55.03 2.0 -1.0 1.2985102380369886 220.45042388741166 0.08252616410692565 0.009676925646736721 2.2115602376891115 32.0 -1.0 -1.0 -1.0 -1.0 
20.67 55.03 2.0 -1.0 0.008953561031815726 257.1921612019803 0.5137727631521563 0.029030776940210157 0.24899632132348204 8.0 -1.0 -1.0 -1.0 -1.0 
20.67 55.03 2.0 -1.0 0.80262320764 293.9338985165489 0.1690529689206087 0.06773847952715704 1.4657797523213012 1.0 -1.0 -1.0 -1.0 -1.0 
20.67 55.03 2.0 -1.0 0.785012 36.74173731456861 2.3634006668682335 0.022118687192541075 44.73954704598389 32.0 45.373185873849884 32.0 0.7850151935902735 36.431255918569015 
20.67 55.03 2.0 -1.0 0.003302992313449221 146.96694925827444 1.2033945513880444 0.02350110514207489 3.1253595809989445 1.0 -1.0 -1.0 -1.0 -1.0 
20.67 55.03 2.0 -1.0 4.580013 330.67563583111746 9.281042462954986 0.09262200261876576 52.34546389426312 8.0 52.473751888075874 8.0 4.579972786207994 330.51244952790665 
204.06 80.37 2.0 -1.0 3.2070528011 30.282828559156698 6.6939516053936705 0.015206597444871992 477.806106888939 32.0 477.8691655235292 32.0 3.207052638269185 30.25818199903371 
204.06 80.37 2.0 -1.0 3.0246300939145647 75.70707139789175 4.465447487050318 0.015206597444871992 311.37202325176185 32.0 311.4363029031004 32.0 3.02463073846108 75.69605396413785 
204.06 80.37 2.0 -1.0 5.029204318571 90.8484856774701 7.994481079808956 0.0400901205364807 228.95344167732821 16.0 229.16556360898505 16.0 5.0292025359037025 90.77454599710113 
204.06 80.37 2.0 -1.0 2.53578996532 105.98989995704844 1.0575537029719833 0.031795612839277794 34.58237634492521 32.0 34.582374366016865 32.0 2.5357849153806455 105.95423596317157 
156.87 56.42 2.0 -1.0 0.25640622895786946 13.536120640512745 2.0357801389985517 0.013824179495338172 49.73728318221295 32.0 49.891149297378846 32.0 0.2564168729198476 13.864116835677653 
21.23 55.03 2.0 -1.0 1.724 0.0 0.18353815962816797 0.02073626924300726 1.3452659661131918 16.0 -1.0 -1.0 -1.0 -1.0 
21.23 55.03 2.0 -1.0 1.02145 36.81078739345076 0.010759774765112088 0.01520659744487199 0.6934819833184723 16.0 -1.0 -1.0 -1.0 -1.0 
21.23 55.03 2.0 -1.0 216.3733370950632 110.43236218035227 0.21146209145153 0.008294507697202903 1.5020490652296443 1.0 -1.0 -1.0 -1.0 -1.0 
21.23 55.03 2.0 -1.0 0.015757197976037262 147.24314957380304 0.0228947535848214 0.016589015394405805 2.2591232974138964 8.0 -1.0 -1.0 -1.0 -1.0 
21.23 55.03 2.0 -1.0 8.428208952531248 184.0539369672538 0.20245599113661636 0.02350110514207489 1.8072003186741368 2.0 -1.0 -1.0 -1.0 -1.0 
21.23 55.03 2.0 -1.0 5.22349606796 220.86472436070454 0.4821346193585811 0.03041319488974398 3.181130220456743 8.0 -1.0 -1.0 -1.0 -1.0 
21.23 55.03 2.0 -1.0 0.0016963552480874539 294.4862991476061 0.09122124801314098 0.016589015394405805 5.677459551722857 2.0 -1.0 -1.0 -1.0 -1.0 
21.23 55.03 2.0 -1.0 0.001457657401549976 331.29708654105684 0.38015262684727213 0.045619792334615966 4.65256398771048 2.0 -1.0 -1.0 -1.0 -1.0 
21.23 55.03 2.0 -1.0 0.11263689558758383 73.62157478690152 9.567491384329692 0.09400442056829957 5.469733407920651 8.0 -1.0 -1.0 -1.0 -1.0 
21.23 55.03 2.0 -1.0 4.545455 257.6755117541553 8.910354636170874 0.006912089747669086 313.76640128198335 32.0 313.8517429032011 32.0 4.545442304030682 257.64993769076864 
21.78 55.04 2.0 -1.0 0.026242947102859793 0.0 0.014774641499094882 0.016589015394405805 2.2886787956061028 1.0 -1.0 -1.0 -1.0 -1.0 
21.78 55.04 2.0 -1.0 23.957175372381 36.884742343773496 0.024329804200374013 0.009676925646736721 0.4493258809608541 1.0 -1.0 -1.0 -1.0 -1.0 
21.78 55.04 2.0 -1.0 1.54512280855 73.76948468754699 0.03687709275549668 0.017971433343939622 1.7478805837364502 2.0 -1.0 -1.0 -1.0 -1.0 
21.78 55.04 2.0 -1.0 16.715110181781558 110.65422703132049 0.10509986549258755 0.0483846282336836 0.04834315940163772 1.0 -1.0 -1.0 -1.0 -1.0 
21.78 55.04 2.0 -1.0 41.14202978752838 184.42371171886748 0.29217736269751454 0.02350110514207489 1.8831409304800708 1.0 -1.0 -1.0 -1.0 -1.0 
21.78 55.04 2.0 -1.0 21.2271044207833 221.30845406264098 0.02724855863352144 0.04700221028414978 2.833380130858102 16.0 -1.0 -1.0 -1.0 -1.0 
21.78 55.04 2.0 -1.0 3.2404792414142376 258.1931964064145 0.025836948772326947 0.017971433343939622 2.252539712471905 1.0 -1.0 -1.0 -1.0 -1.0 
21.78 55.04 2.0 -1.0 3.1523501692506883 147.53896937509398 3.637106982091575 0.022118687192541075 74.0972201886702 32.0 74.20212066924141 32.0 3.1523389528350285 147.54658647020452 
21.78 55.04 2.0 -1.0 101.7320938393003 295.07793875018797 4.72897999417174 0.04423737438508215 19.36914504440947 1.0 19.36914508078134 1.0 101.73243936151268 295.09317294040903 
21.78 55.04 2.0 -1.0 428.7490184657 331.96268109396146 1.0502728289128864 0.07603298722435994 1.6358756128042178 1.0 -1.0 -1.0 -1.0 -1.0 
21.87 56.21 2.0 -1.0 220.1669371814706 0.0 0.10132125723595094 0.011059343596270537 0.7862723504675224 1.0 -1.0 -1.0 -1.0 -1.0 
21.87 56.21 2.0 -1.0 4.929022 38.87836251875635 0.04558961100544261 0.012441761545804354 1.377699208912972 2.0 -1.0 -1.0 -1.0 -1.0 
21.87 56.21 2.0 -1.0 0.025883631610384157 77.7567250375127 0.031985304904635636 0.022118687192541075 1.210388962814846 2.0 -1.0 -1.0 -1.0 -1.0 
21.87 56.21 2.0 -1.0 47.00714398546504 155.5134500750254 0.013533593923801211 0.013824179495338172 1.3828938888023143 2.0 -1.0 -1.0 -1.0 -1.0 
21.87 56.21 2.0 -1.0 0.005134571450367859 194.39181259378174 0.027323960847671802 0.08570991287109667 0.49574769329450424 8.0 -1.0 -1.0 -1.0 -1.0 
21.87 56.21 2.0 -1.0 1.06863614348 233.27017511253808 0.5155505174915492 0.01520659744487199 9.379223525343761 16.0 9.538884349297286 16.0 1.0686562745831907 233.5648296112702 
21.87 56.21 2.0 -1.0 0.14771778032125837 272.1485376312944 0.6277399637476767 0.08294507697202903 1.1551461008373227 2.0 -1.0 -1.0 -1.0 -1.0 
21.87 56.21 2.0 -1.0 0.08202959894687482 311.0269001500508 0.018265272784775223 0.006912089747669087 0.012527869660181042 1.0 -1.0 -1.0 -1.0 -1.0 
21.87 56.21 2.0 -1.0 2.612776 349.90526266880715 0.016410488614265587 0.009676925646736721 1.1728877576366283 1.0 -1.0 -1.0 -1.0 -1.0 
21.87 56.21 2.0 -1.0 4.573978487088625 116.63508755626904 7.307795382278147 0.031795612839277794 86.50958605290452 16.0 87.99880436459321 32.0 4.573970121176293 116.58001893942085 
213.42 55.24 2.0 -1.0 1.07150635426 0.0 0.35575836090715596 0.04423737438508215 2.7119460979474663 16.0 -1.0 -1.0 -1.0 -1.0 
213.42 55.24 2.0 -1.0 0.727564 12.538108167506923 0.13684017514024296 0.011059343596270537 1.2127549843782466 2.0 -1.0 -1.0 -1.0 -1.0 
213.42 55.24 2.0 -1.0 268.65020045513 25.076216335013847 0.2851973688702286 0.012441761545804354 1.452057749556278 1.0 -1.0 -1.0 -1.0 -1.0 
213.42 55.24 2.0 -1.0 266.0 62.69054083753461 0.07857592982991538 0.052531882082285056 1.4258064152520227 1.0 -1.0 -1.0 -1.0 -1.0 
213.42 55.24 2.0 -1.0 0.749653 75.22864900504155 0.012439687799583798 0.009676925646736721 1.3350932219598506 16.0 -1.0 -1.0 -1.0 -1.0 
213.42 55.24 2.0 -1.0 275.85470899694 100.30486534005539 0.3306373680429452 0.016589015394405805 1.9293768570369532 1.0 -1.0 -1.0 -1.0 -1.0 
213.42 55.24 2.0 -1.0 0.560796 112.8429735075623 0.015032032351528765 0.029030776940210157 1.0367345906486924 1.0 -1.0 -1.0 -1.0 -1.0 
213.42 55.24 2.0 -1.0 0.16723197844396523 37.61432450252077 7.343220827890098 0.03732528463741307 62.304215602615066 32.0 62.917765076087065 32.0 0.16722575916598242 37.443235249640374 
213.42 55.24 2.0 -1.0 48.5438764505726 50.15243267002769 7.512553516355126 0.013824179495338172 127.0765874883049 8.0 -1.0 -1.0 -1.0 -1.0 
213.42 55.24 2.0 -1.0 0.45813851213 87.76675717254847 9.02184849271757 0.035942866687879244 133.25153945902142 16.0 137.09376801711917 32.0 0.4581427977730831 87.63741007077991 
213.57 56.41 2.0 -1.0 3.7527013778 0.0 0.055779503914130876 0.05114946413275124 2.6530817645263074 1.0 -1.0 -1.0 -1.0 -1.0 
213.57 56.41 2.0 -1.0 3.38180924275 25.19034949042743 0.14401769029678593 0.026265941041142528 2.6388755809123694 32.0 -1.0 -1.0 -1.0 -1.0 
213.57 56.41 2.0 -1.0 12.981962077048623 37.78552423564115 0.016952077231295482 0.008294507697202903 0.378036332323217 1.0 -1.0 -1.0 -1.0 -1.0 
213.57 56.41 2.0 -1.0 0.87464894928 50.38069898085486 0.07409467180299632 0.011059343596270537 2.36171929419423 8.0 -1.0 -1.0 -1.0 -1.0 
213.57 56.41 2.0 -1.0 1.8077708574 62.97587372606857 0.036145630574195266 0.09538683851783337 1.9245137302126578 2.0 -1.0 -1.0 -1.0 -1.0 
213.57 56.41 2.0 -1.0 0.0034742522267341707 75.5710484712823 0.5151944751932532 0.08294507697202903 5.0254297566050425 1.0 -1.0 -1.0 -1.0 -1.0 
213.57 56.41 2.0 -1.0 0.0046408404588484465 88.16622321649601 0.31242765918451704 0.026265941041142528 6.366726300538185 1.0 -1.0 -1.0 -1.0 -1.0 
213.57 56.41 2.0 -1.0 280.91751733 100.76139796170972 0.16007386532839324 0.03456044873834543 2.129516256120613 1.0 -1.0 -1.0 -1.0 -1.0 
213.57 56.41 2.0 -1.0 0.002904191233120469 113.35657270692343 0.018532192071769888 0.016589015394405805 6.4290770039361025 1.0 -1.0 -1.0 -1.0 -1.0 
213.57 56.41 2.0 -1.0 141.630067516921 12.595174745213715 1.5368046356341298 0.012441761545804354 20.490975756959827 2.0 20.49097636016443 2.0 141.629910406967 12.548543705284883 
218.78 56.41 2.0 -1.0 129.87013 0.0 0.012534580706566299 0.009676925646736721 0.4905090863167801 2.0 -1.0 -1.0 -1.0 -1.0 
218.78 56.41 2.0 -1.0 0.4309766901630031 12.719863815800686 0.013571044086248003 0.031795612839277794 0.6216675535361139 1.0 -1.0 -1.0 -1.0 -1.0 
218.78 56.41 2.0 -1.0 0.72282 25.43972763160137 0.06547591981353264 0.04009012053648069 0.697665530513468 32.0 -1.0 -1.0 -1.0 -1.0 
218.78 56.41 2.0 -1.0 2.3817202891513642 38.15959144740206 0.022878942329845036 0.03870770258694689 1.3692613173099923 4.0 -1.0 -1.0 -1.0 -1.0 
218.78 56.41 2.0 -1.0 137.14654583092138 50.87945526320274 0.03370953604869895 0.017971433343939622 1.6108204128598402 1.0 -1.0 -1.0 -1.0 -1.0 
218.78 56.41 2.0 -1.0 145.4511 63.59931907900343 0.05702635424403563 0.029030776940210157 2.4687893137654475 1.0 -1.0 -1.0 -1.0 -1.0 
218.78 56.41 2.0 -1.0 3.85557384197 76.31918289480411 0.010509986549258755 0.013824179495338172 0.03907741516046206 32.0 -1.0 -1.0 -1.0 -1.0 
218.78 56.41 2.0 -1.0 1.98059 89.0390467106048 0.6924430145429812 0.009676925646736721 24.68452621814596 32.0 24.768206948138168 32.0 1.9805762955608468 89.05418113427982 
218.78 56.41 2.0 -1.0 6.194650472344997 114.47877434220618 0.12630197479287292 0.012441761545804354 2.19574742977198 4.0 -1.0 -1.0 -1.0 -1.0 
218.78 56.41 2.0 -1.0 0.219403131079 101.75891052640549 4.533834329565707 0.01520659744487199 113.42529155344741 32.0 113.97350474581712 32.0 0.2194004385576894 102.00751657199324 
219.29 30.87 2.0 -1.0 0.878622905444995 0.0 0.019544704242172924 0.08432749492156286 0.8415350738462035 1.0 -1.0 -1.0 -1.0 -1.0 
219.29 30.87 2.0 -1.0 6.01990518407 20.785462926054965 0.013627413729677892 0.01382417949533817 1.4185708386069233 1.0 -1.0 -1.0 -1.0 -1.0 
219.29 30.87 2.0 -1.0 1.1672031766 51.96365731513741 0.09053065854667372 0.019353851293473442 1.8040705441090907 4.0 -1.0 -1.0 -1.0 -1.0 
219.29 30.87 2.0 -1.0 1.636554 62.3563887781649 0.06502514182965707 0.02350110514207489 2.135930323752652 8.0 -1.0 -1.0 -1.0 -1.0 
219.29 30.87 2.0 -1.0 0.001163754422873072 72.74912024119237 0.1125395386653212 0.035942866687879244 1.4692071550457584 2.0 -1.0 -1.0 -1.0 -1.0 
219.29 30.87 2.0 -1.0 0.40042483786757027 83.14185170421986 0.37312743763296663 0.07188573337575849 1.584745696526547 1.0 -1.0 -1.0 -1.0 -1.0 
219.29 30.87 2.0 -1.0 383.141762 10.392731463027483 7.404350157554982 0.05529671798135269 19.62300895353164 1.0 19.623008763397653 1.0 383.14222668608033 10.423387110035025 
219.29 30.87 2.0 -1.0 0.507087 31.17819438908245 3.8067824267077603 0.01520659744487199 160.4009617825345 32.0 161.3614599001641 32.0 0.5070736127284666 31.27016133010507 
219.29 30.87 2.0 -1.0 400.5813533944 41.57092585210993 8.384793073894407 0.016589015394405805 84.26033677549017 1.0 84.26033818674837 1.0 400.58124189575517 41.59235050703296 
219.29 30.87 2.0 -1.0 0.54347721486 93.53458316724735 7.143077934856375 0.019353851293473442 199.2637970786097 32.0 199.9983719870182 32.0 0.5434837172894429 93.60808812410095 
219.36 56.41 2.0 -1.0 2.70735 0.0 0.02173870771700178 0.013824179495338172 1.0758986692459784 8.0 -1.0 -1.0 -1.0 -1.0 
219.36 56.41 2.0 -1.0 1.689189 38.20955369471903 0.20036883958375687 0.017971433343939622 2.911062542298005 32.0 -1.0 -1.0 -1.0 -1.0 
219.36 56.41 2.0 -1.0 0.6527 50.9460715929587 0.09153689138922276 0.012441761545804354 1.7164407072033065 8.0 -1.0 -1.0 -1.0 -1.0 
219.36 56.41 2.0 -1.0 1.84704824843 63.68258949119838 0.03363974424252767 0.08018024107296139 1.3151432484067729 4.0 -1.0 -1.0 -1.0 -1.0 
219.36 56.41 2.0 -1.0 0.59505 76.41910738943805 0.2749437959685573 0.019353851293473442 4.413152412119819 16.0 -1.0 -1.0 -1.0 -1.0 
219.36 56.41 2.0 -1.0 1.273166302706 89.15562528767774 0.9217145848418996 0.004147253848601451 81.67267314698151 32.0 81.7722465570688 32.0 1.2731713165218632 89.15537906738696 
219.36 56.41 2.0 -1.0 2.706349 114.62866108415707 0.47159300720092434 0.031795612839277794 3.019621941606234 8.0 -1.0 -1.0 -1.0 -1.0 
219.36 56.41 2.0 -1.0 1.941748 12.736517898239676 8.978324947588142 0.02350110514207489 228.65560055291715 32.0 228.97169994307103 32.0 1.9417408717951428 12.852137504606292 
219.36 56.41 2.0 -1.0 1.191335192834 25.47303579647935 4.000923210065315 0.03317803078881161 72.65148086835065 16.0 72.9082218831407 32.0 1.1913167933622997 25.50187914299831 
219.36 56.41 2.0 -1.0 0.59503515667 101.8921431859174 1.90777895102889 0.03456044873834543 27.17472173355121 16.0 27.2895316543442 16.0 0.5950520668799679 102.20991243820751 
219.94 56.41 2.0 -1.0 1.5462713682502525 0.0 0.07143077934856376 0.012441761545804354 0.850086331776678 1.0 -1.0 -1.0 -1.0 -1.0 
219.94 56.41 2.0 -1.0 0.02318067352424208 12.75317120831517 0.08530865588540773 0.022118687192541075 1.7902372480102229 4.0 -1.0 -1.0 -1.0 -1.0 
219.94 56.41 2.0 -1.0 0.8189874162 38.25951362494551 0.7093900431442742 0.016589015394405805 20.31724625702133 16.0 20.39678189483681 16.0 0.8189696624564629 38.45521458071173 
219.94 56.41 2.0 -1.0 11.7547287226 51.01268483326068 0.7749772057780361 0.016589015394405805 14.927260990141642 16.0 14.927261271721612 16.0 11.754733956574153 51.00375828599662 
219.94 56.41 2.0 -1.0 0.42457829519 63.765856041575844 0.023585075113822355 0.029030776940210157 0.5077746674151685 16.0 -1.0 -1.0 -1.0 -1.0 
219.94 56.41 2.0 -1.0 35.2051272362 76.51902724989102 0.6234182015477384 0.06082638977948796 2.1211315775584616 2.0 -1.0 -1.0 -1.0 -1.0 
219.94 56.41 2.0 -1.0 0.0017679866917203356 102.02536966652136 0.3965151870171643 0.07879782312342758 7.007979414081881 2.0 -1.0 -1.0 -1.0 -1.0 
219.94 56.41 2.0 -1.0 1.451168 25.50634241663034 8.173183303247916 0.05114946413275123 66.69019889991701 16.0 70.87294562488924 32.0 1.4511594296588253 25.704275009212584 
219.94 56.41 2.0 -1.0 0.90635 89.27219845820619 1.4174741629268062 0.012441761545804354 55.305362284551755 32.0 55.44458122506687 32.0 0.9063417868067821 89.35777493360122 
219.94 56.41 2.0 -1.0 1.437835 114.77854087483652 2.265872786768344 0.008294507697202903 61.1212567005389 16.0 61.25846906658096 16.0 1.4378504905228815 111.52012228406403 
22.34 55.04 2.0 -1.0 0.602381 36.981172447797455 0.017295128471299184 0.05391430003181887 0.2917218285676675 1.0 -1.0 -1.0 -1.0 -1.0 
22.34 55.04 2.0 -1.0 0.0024727047830328253 73.96234489559491 0.01790297859955299 0.01520659744487199 3.5091884753254865 1.0 -1.0 -1.0 -1.0 -1.0 
22.34 55.04 2.0 -1.0 246.55815713199 110.94351734339236 0.6325285139869439 0.029030776940210157 1.9046625925624865 1.0 -1.0 -1.0 -1.0 -1.0 
22.34 55.04 2.0 -1.0 27.75286 184.90586223898728 0.04939345061540832 0.02073626924300726 0.5215168342280602 1.0 -1.0 -1.0 -1.0 -1.0 
22.34 55.04 2.0 -1.0 4.42268268368 221.88703468678472 0.08959736334752315 0.04423737438508215 0.49450084066363614 2.0 -1.0 -1.0 -1.0 -1.0 
22.34 55.04 2.0 -1.0 1.8244604519282164 258.8682071345822 0.04502620522961262 0.05944397182995414 1.4587181340458573 1.0 -1.0 -1.0 -1.0 -1.0 
22.34 55.04 2.0 -1.0 0.00433171289403577 0.0 9.390684932040841 0.06497364362808941 6.201517030439233 2.0 -1.0 -1.0 -1.0 -1.0 
22.34 55.04 2.0 -1.0 20.46088289466011 147.92468979118982 5.025394001268609 0.027648358990676344 64.26264390181528 8.0 64.26264515430861 8.0 20.460962938765686 147.95137820263307 
22.34 55.04 2.0 -1.0 0.70366819287 295.84937958237964 2.0259590509116925 0.031795612839277794 23.64347527112033 16.0 24.553919818130044 32.0 0.7036760507617146 295.90275640526613 
22.34 55.04 2.0 -1.0 0.23496782854016698 332.8305520301771 4.147264900506527 0.005529671798135269 178.65463456980515 32.0 178.96111091577907 32.0 0.23495279795800647 332.7388040562637 
22.45 56.21 2.0 -1.0 0.0018511302370087712 0.0 0.18673560055177577 0.03041319488974398 1.4357339280905341 32.0 -1.0 -1.0 -1.0 -1.0 
22.45 56.21 2.0 -1.0 0.01554145218618354 38.9763559760368 0.7517745316634095 0.02350110514207489 0.9925590211164016 16.0 -1.0 -1.0 -1.0 -1.0 
22.45 56.21 2.0 -1.0 7.479017300127568 77.9527119520736 0.02897651852687188 0.04147253848601452 1.494242903523939 16.0 -1.0 -1.0 -1.0 -1.0 
22.45 56.21 2.0 -1.0 2.5326985081 116.9290679281104 0.26597602073066334 0.2018330206319373 2.3040155541285285 1.0 -1.0 -1.0 -1.0 -1.0 
22.45 56.21 2.0 -1.0 15.601712435858618 194.881779880184 0.011885227543732946 0.019353851293473442 1.8289807017613562 2.0 -1.0 -1.0 -1.0 -1.0 
22.45 56.21 2.0 -1.0 3.402191551 233.8581358562208 0.8637610958729159 0.04285495643554833 7.841994306692203 8.0 7.902159524308461 8.0 3.4022377803921704 233.76722547748452 
22.45 56.21 2.0 -1.0 254.33303103 272.8344918322576 0.02504608637573597 0.029030776940210157 0.2530757610763996 1.0 -1.0 -1.0 -1.0 -1.0 
22.45 56.21 2.0 -1.0 0.004577298591068276 350.7872037843312 0.4755188273662868 0.04423737438508215 2.5486988425934975 16.0 -1.0 -1.0 -1.0 -1.0 
22.45 56.21 2.0 -1.0 198.08369995680326 155.9054239041472 5.734239758366275 0.013824179495338172 44.33623525720978 1.0 44.33623475161798 1.0 198.0835804715753 155.94601491809684 
22.45 56.21 2.0 -1.0 0.16193798815580446 311.8108478082944 1.098510166047577 0.02211868719254107 8.121884398987397 32.0 8.551509019399298 32.0 0.16195068989569944 310.2728629064794 
23.02 56.21 2.0 -1.0 278.60300920296 234.43270822770165 0.04213688881542749 0.013824179495338172 1.1144568978972849 1.0 -1.0 -1.0 -1.0 -1.0 
23.02 56.21 2.0 -1.0 2.8936595854908 273.5048262656519 0.021190080826200126 0.027648358990676344 1.384567976546877 1.0 -1.0 -1.0 -1.0 -1.0 
23.02 56.21 2.0 -1.0 10.175670257180693 351.64906234155245 0.012243590363412011 0.011059343596270537 1.120057623841584 4.0 -1.0 -1.0 -1.0 -1.0 
23.02 56.21 2.0 -1.0 0.691778 0.0 2.416230231392835 0.04700221028414978 4.2725567158523985 32.0 -1.0 -1.0 -1.0 -1.0 
23.02 56.21 2.0 -1.0 209.57669463535 39.072118037950275 3.1590023937601206 0.008294507697202903 39.09340484030314 2.0 39.09340435282615 2.0 209.57668311893943 39.06240217935455 
23.02 56.21 2.0 -1.0 157.728707 78.14423607590055 1.384567494348229 0.035942866687879244 4.294488481996528 1.0 -1.0 -1.0 -1.0 -1.0 
23.02 56.21 2.0 -1.0 0.403403 117.21635411385083 2.530698012638485 0.07188573337575849 6.521878527354388 8.0 6.698683789615031 8.0 0.403451849706471 119.10996726709925 
23.02 56.21 2.0 -1.0 2.181080193687 156.2884721518011 5.32933066309083 0.017971433343939622 138.61194691080408 32.0 138.61194328891443 32.0 2.1810895608117185 156.2496087174182 
23.02 56.21 2.0 -1.0 0.0014711164738485903 195.36059018975138 7.819686083637166 0.016589015394405805 8.478959827542083 2.0 -1.0 -1.0 -1.0 -1.0 
23.02 56.21 2.0 -1.0 9.990329951227002 312.5769443036022 3.788417601929283 0.019353851293473442 43.33983688368394 8.0 43.63569698134468 8.0 9.99037486811479 312.6004153679436 
23.46 55.04 2.0 -1.0 0.24042930163565163 0.0 0.5028866967141119 0.07741540517389377 2.033608865310349 8.0 -1.0 -1.0 -1.0 -1.0 
23.46 55.04 2.0 -1.0 0.11793389859857506 37.157144702967 0.017271248479812762 0.016589015394405805 1.470043945818173 8.0 -1.0 -1.0 -1.0 -1.0 
23.46 55.04 2.0 -1.0 0.28331 74.314289405934 0.08794161145692234 0.026265941041142528 1.4510614759301375 4.0 -1.0 -1.0 -1.0 -1.0 
23.46 55.04 2.0 -1.0 3.24303 111.47143410890101 0.4929118702665705 0.012441761545804354 12.76157445426712 32.0 12.823306388681665 32.0 3.2430155746017895 111.4189243509569 
23.46 55.04 2.0 -1.0 1.239587 148.628578811868 0.027954044003046394 0.03732528463741307 2.4268630589918243 8.0 -1.0 -1.0 -1.0 -1.0 
23.46 55.04 2.0 -1.0 0.2158 185.785723514835 0.3128596354744866 0.03456044873834543 1.655762309125885 1.0 -1.0 -1.0 -1.0 -1.0 
23.46 55.04 2.0 -1.0 1.35421422194 222.94286821780202 0.3667384419873411 0.02073626924300726 4.230818448552006 32.0 -1.0 -1.0 -1.0 -1.0 
23.46 55.04 2.0 -1.0 3.31882067385 260.100012920769 0.4307878306033789 0.006912089747669086 16.82112170689452 16.0 17.185284932346462 16.0 3.3188067997495336 260.0786880853399 
23.46 55.04 2.0 -1.0 24.141992420828597 297.257157623736 0.01564658061099084 0.009676925646736721 1.2276198375380023 4.0 -1.0 -1.0 -1.0 -1.0 
23.46 55.04 2.0 -1.0 358.3494338642141 334.414302326703 0.327454916287773 0.019353851293473442 2.555876424522377 1.0 -1.0 -1.0 -1.0 -1.0 
230.62 49.39 2.0 -1.0 2.054398913559 0.0 0.3637106982091573 0.031795612839277794 1.7090022936965144 1.0 -1.0 -1.0 -1.0 -1.0 
230.62 49.39 2.0 -1.0 0.0031984309168074355 12.875930678530565 0.10394453964744334 0.022118687192541075 0.8789374607415871 16.0 -1.0 -1.0 -1.0 -1.0 
230.62 49.39 2.0 -1.0 317.594454701573 25.75186135706113 0.49942450401932836 0.008294507697202903 5.117482476859584 1.0 -1.0 -1.0 -1.0 -1.0 
230.62 49.39 2.0 -1.0 336.74002 38.627792035591696 0.6325285139869439 0.009676925646736721 6.692574578617659 1.0 -1.0 -1.0 -1.0 -1.0 
230.62 49.39 2.0 -1.0 20.517029 51.50372271412226 0.3187501112611771 0.017971433343939622 3.8958023379485414 8.0 -1.0 -1.0 -1.0 -1.0 
230.62 49.39 2.0 -1.0 1.713648107847 64.37965339265283 0.013721883928644856 0.04423737438508215 2.0982744093087202 1.0 -1.0 -1.0 -1.0 -1.0 
230.62 49.39 2.0 -1.0 435.818755096939 90.13151474971396 0.03992639748175489 0.012441761545804354 1.4082545971824836 1.0 -1.0 -1.0 -1.0 -1.0 
230.62 49.39 2.0 -1.0 3.769066848 103.00744542824452 0.012371126305091651 0.03041319488974398 1.4275143352593564 2.0 -1.0 -1.0 -1.0 -1.0 
230.62 49.39 2.0 -1.0 355.618777 115.88337610677509 0.09455784582756947 0.031795612839277794 2.4002109126866435 1.0 -1.0 -1.0 -1.0 -1.0 
230.62 49.39 2.0 -1.0 0.8573028021 77.25558407118339 1.7463215463497674 0.009676925646736721 82.15630761919387 32.0 82.35548882555796 32.0 0.8572897058911623 77.21402296074488 
236.12 56.38 2.0 -1.0 0.06857004804796225 0.0 0.04963289150104199 0.011059343596270537 2.357717374286377 8.0 -1.0 -1.0 -1.0 -1.0 
236.12 56.38 2.0 -1.0 3.20848561308 13.320918522072702 0.01790297859955299 0.031795612839277794 1.8615397195122467 16.0 -1.0 -1.0 -1.0 -1.0 
236.12 56.38 2.0 -1.0 0.9243476491536 26.641837044145404 0.8769893096646312 0.011059343596270537 38.283738628112424 32.0 38.539820998205954 32.0 0.9243497819018861 26.716254340283946 
236.12 56.38 2.0 -1.0 0.0025653029197927 39.96275556621811 0.05270747206075626 0.016589015394405805 6.977898970022263 2.0 -1.0 -1.0 -1.0 -1.0 
236.12 56.38 2.0 -1.0 0.7479 53.28367408829081 0.049325251342871065 0.017971433343939622 2.4446473550630703 32.0 -1.0 -1.0 -1.0 -1.0 
236.12 56.38 2.0 -1.0 272.081088484952 66.60459261036351 0.10216471553317565 0.024883523091608708 0.5354009820282875 1.0 -1.0 -1.0 -1.0 -1.0 
236.12 56.38 2.0 -1.0 5.3890932493 79.92551113243621 0.9580719820772557 0.052531882082285056 7.254025042500599 8.0 7.254025042500599 8.0 5.389059272905191 79.94636715463757 
236.12 56.38 2.0 -1.0 13.59246800276662 93.24642965450892 0.06165651845890035 0.07188573337575849 1.356957713933528 1.0 -1.0 -1.0 -1.0 -1.0 
236.12 56.38 2.0 -1.0 458.12007798349 106.56734817658162 0.481136413810628 0.03732528463741307 1.0424986954201572 1.0 -1.0 -1.0 -1.0 -1.0 
236.12 56.38 2.0 -1.0 0.02957354326608582 119.88826669865432 4.34373964253692 0.015206597444871992 67.4635295038253 32.0 67.46352839079839 32.0 0.02955857780762017 118.19918586913504 
24.02 55.04 2.0 -1.0 22.10004678013 0.0 0.08173183303247916 0.17694949754032863 0.9158416718855042 2.0 -1.0 -1.0 -1.0 -1.0 
24.02 55.04 2.0 -1.0 1.486923 37.237508909264726 0.7835909453575257 0.017971433343939622 23.216267702260847 32.0 23.228421457104297 32.0 1.4869328879285604 37.342037316533236 
24.02 55.04 2.0 -1.0 0.33166013815647993 260.6625623648531 0.020884879949607416 0.04009012053648069 1.3311004181936905 1.0 -1.0 -1.0 -1.0 -1.0 
24.02 55.04 2.0 -1.0 7.794831341300506 297.9000712741178 0.051984226606908684 0.01520659744487199 1.595567581865569 1.0 -1.0 -1.0 -1.0 -1.0 
24.02 55.04 2.0 -1.0 1.875466208964955 335.1375801833825 0.01706959520944684 0.09400442056829957 1.5968980516517717 1.0 -1.0 -1.0 -1.0 -1.0 
24.02 55.04 2.0 -1.0 0.626629 74.47501781852945 2.691181534972077 0.022118687192541075 36.59415210725115 32.0 36.85843823985307 32.0 0.6266418495215476 74.58287669995934 
24.02 55.04 2.0 -1.0 26.38213277689397 111.71252672779417 1.1934594860975862 0.10921101801317155 3.21234145484821 2.0 -1.0 -1.0 -1.0 -1.0 
24.02 55.04 2.0 -1.0 12.385435 148.9500356370589 2.8031398436381205 0.05806155388042031 18.924833833491935 8.0 18.9248339935626 8.0 12.385377582783502 148.9633575337044 
24.02 55.04 2.0 -1.0 3.548042944291 186.18754454632364 1.6777315525707737 0.02350110514207489 27.801772489972116 16.0 28.00296262870251 16.0 3.5480600975764296 186.20419691713053 
24.02 55.04 2.0 -1.0 0.0865148188 223.42505345558834 4.346741528465428 0.0483846282336836 15.143640089993482 16.0 15.296282636229117 16.0 0.08652326262866458 227.99894329037778 
24.17 56.21 2.0 -1.0 0.458716 39.230529890073974 0.013192042178755196 0.062208807729021785 0.47037322946241167 8.0 -1.0 -1.0 -1.0 -1.0 
24.17 56.21 2.0 -1.0 7.11838566803 78.46105978014795 0.5628271480212301 0.035942866687879244 2.8045659084410564 8.0 -1.0 -1.0 -1.0 -1.0 
24.17 56.21 2.0 -1.0 244.391377738396 117.69158967022193 0.926182710752244 0.031795612839277794 3.9441361763872145 1.0 -1.0 -1.0 -1.0 -1.0 
24.17 56.21 2.0 -1.0 0.54577427435 156.9221195602959 0.19303166773129504 0.020736269243007255 3.492260887446425 32.0 -1.0 -1.0 -1.0 -1.0 
24.17 56.21 2.0 -1.0 0.36228891961 196.15264945036986 0.30140323878155 0.012441761545804354 5.445922780266851 32.0 -1.0 -1.0 -1.0 -1.0 
24.17 56.21 2.0 -1.0 13.655075874659037 235.38317934044386 0.6574788520025431 0.026265941041142528 4.446773900687526 4.0 -1.0 -1.0 -1.0 -1.0 
24.17 56.21 2.0 -1.0 2.83973605453 274.6137092305178 0.4382926385504238 0.012441761545804354 9.979318473907153 16.0 10.312999581949365 16.0 2.839745623835673 274.7523883858746 
24.17 56.21 2.0 -1.0 0.907696 313.8442391205918 0.9580719820772556 0.022118687192541075 9.172188243346278 16.0 9.496016054573532 16.0 0.9076757123693825 313.5111967659078 
24.17 56.21 2.0 -1.0 1.116957930831 0.0 7.2574838589214705 0.038707702586946884 30.354103023297338 16.0 -1.0 -1.0 -1.0 -1.0 
24.17 56.21 2.0 -1.0 2.38677780294 353.07476901066576 1.4038306864969674 0.02350110514207489 19.80178031121416 16.0 19.801780503895728 16.0 2.3867566293726368 353.07958861079806 
24.58 55.04 2.0 -1.0 128.25891710032 0.0 0.16777315525707737 0.027648358990676344 0.8399552222124572 1.0 -1.0 -1.0 -1.0 -1.0 
24.58 55.04 2.0 -1.0 0.9855927019356281 74.69104247938856 0.01932985618465305 0.031795612839277794 0.45286994571911404 16.0 -1.0 -1.0 -1.0 -1.0 
24.58 55.04 2.0 -1.0 0.014980462096522084 149.3820849587771 0.03705585904209861 0.04147253848601452 0.17000631139212866 1.0 -1.0 -1.0 -1.0 -1.0 
24.58 55.04 2.0 -1.0 6.30957344480193 186.7276061984714 0.980842238722258 0.012441761545804356 14.735931573881947 16.0 14.783718704438805 16.0 6.309589177059631 186.81138451577334 
24.58 55.04 2.0 -1.0 104.491133 261.41864867785995 0.2052727181469264 0.011059343596270537 2.5597746644020214 1.0 -1.0 -1.0 -1.0 -1.0 
24.58 55.04 2.0 -1.0 1.35193245777 298.7641699175542 0.11730240887216133 0.21150994627867403 1.5577537895322584 8.0 -1.0 -1.0 -1.0 -1.0 
24.58 55.04 2.0 -1.0 19.1744057 37.34552123969428 1.4362026428722108 0.03732528463741307 14.601183191672733 16.0 14.601182551248787 16.0 19.1743917336377 37.342037316533236 
24.58 55.04 2.0 -1.0 3.46493998447 112.03656371908284 4.828012399922342 0.049767046183217416 48.124470762849946 16.0 48.12447067935753 16.0 3.464932281834384 112.02611194959972 
24.58 55.04 2.0 -1.0 0.74884614571 224.07312743816567 4.549522283913506 0.013824179495338174 142.86784125621458 32.0 143.25724984268868 32.0 0.7488476209497701 224.1534218323066 
24.58 55.04 2.0 -1.0 0.80755526467 336.1096911572485 5.296297807688797 0.012441761545804354 198.72057574338072 32.0 198.7496029199548 32.0 0.8075403457041831 336.07833584879916 
0.01 55.03 2.0 -1.0 13.972467536188166 0.0 0.06260076752467116 0.019353851293473442 -0.16213580803638103 8.0 -1.0 -1.0 -1.0 -1.0 
0.01 55.03 2.0 -1.0 450.9170308627072 111.7233405508097 0.011053615420068413 0.024883523091608708 1.264224097365502 1.0 -1.0 -1.0 -1.0 -1.0 
0.01 55.03 2.0 -1.0 0.0012699350581559167 148.96445406774626 0.4202060938098521 0.06359122567855559 4.146122587001893 2.0 -1.0 -1.0 -1.0 -1.0 
0.01 55.03 2.0 -1.0 1.6490236746575566 223.4466811016194 0.37261224747125077 0.05806155388042032 2.045053153381613 2.0 -1.0 -1.0 -1.0 -1.0 
0.01 55.03 2.0 -1.0 5.675652 260.6877946185559 0.3345433837248016 0.08432749492156286 2.692986623224031 1.0 -1.0 -1.0 -1.0 -1.0 
0.01 55.03 2.0 -1.0 0.223377703467 335.1700216524291 0.03043325008526438 0.015206597444871989 1.3324368188389202 8.0 -1.0 -1.0 -1.0 -1.0 
0.01 55.03 2.0 -1.0 1.48354649394 37.241113516936565 6.123203566945896 0.016589015394405805 97.89619274302163 32.0 97.94838817082734 32.0 1.4835374410419415 37.342037316533236 
0.01 55.03 2.0 -1.0 57.54121018881093 74.48222703387313 1.3403330336259605 0.026265941041142528 11.38448558864039 4.0 11.384485616651768 4.0 57.54118319600821 74.4816787668522 
0.01 55.03 2.0 -1.0 0.15395541118695494 186.20556758468283 1.718792786505633 0.04009012053648069 7.230513639635303 16.0 7.634885362936478 16.0 0.15394713652009767 187.8233638468447 
0.01 55.03 2.0 -1.0 1.00399242379 297.9289081354925 4.228269069967018 0.04147253848601452 41.85141964199625 16.0 45.24817490749735 32.0 1.0039912012871355 297.7243192011946 
0.01 55.03 2.0 -1.0 13.972467536188166 0.0 0.06260076752467116 0.019353851293473442 -0.16213580803638103 8.0 -1.0 -1.0 -1.0 -1.0 
0.01 55.03 2.0 -1.0 450.9170308627072 111.7233405508097 0.011053615420068413 0.024883523091608708 1.264224097365502 1.0 -1.0 -1.0 -1.0 -1.0 
0.01 55.03 2.0 -1.0 0.0012699350581559167 148.96445406774626 0.4202060938098521 0.06359122567855559 4.146122587001893 2.0 -1.0 -1.0 -1.0 -1.0 
0.01 55.03 2.0 -1.0 1.6490236746575566 223.4466811016194 0.37261224747125077 0.05806155388042032 2.045053153381613 2.0 -1.0 -1.0 -1.0 -1.0 
0.01 55.03 2.0 -1.0 5.675652 260.6877946185559 0.3345433837248016 0.08432749492156286 2.692986623224031 1.0 -1.0 -1.0 -1.0 -1.0 
0.01 55.03 2.0 -1.0 0.223377703467 335.1700216524291 0.03043325008526438 0.015206597444871989 1.3324368188389202 8.0 -1.0 -1.0 -1.0 -1.0 
0.01 55.03 2.0 -1.0 1.48354649394 37.241113516936565 6.123203566945896 0.016589015394405805 97.89619274302163 32.0 97.94838817082734 32.0 1.4835374410419415 37.342037316533236 
0.01 55.03 2.0 -1.0 57.54121018881093 74.48222703387313 1.3403330336259605 0.026265941041142528 11.38448558864039 4.0 11.384485616651768 4.0 57.54118319600821 74.4816787668522 
0.01 55.03 2.0 -1.0 0.15395541118695494 186.20556758468283 1.718792786505633 0.04009012053648069 7.230513639635303 16.0 7.634885362936478 16.0 0.15394713652009767 187.8233638468447 
0.01 55.03 2.0 -1.0 1.00399242379 297.9289081354925 4.228269069967018 0.04147253848601452 41.85141964199625 16.0 45.24817490749735 32.0 1.0039912012871355 297.7243192011946 
0.57 55.03 2.0 -1.0 0.71730671014 0.0 0.6670869092409146 0.06635606157762322 1.812403030069956 1.0 -1.0 -1.0 -1.0 -1.0 
0.57 55.03 2.0 -1.0 3.08977631356 36.94233781363661 0.25482417336644786 0.06082638977948796 2.1699290767978283 4.0 -1.0 -1.0 -1.0 -1.0 
0.57 55.03 2.0 -1.0 1.490957 147.76935125454645 0.7873894997730058 0.01520659744487199 20.58600060818527 32.0 20.763270463362694 32.0 1.4909649811064205 147.74898233641878 
0.57 55.03 2.0 -1.0 0.17733492662 221.65402688181968 0.011379039645988784 0.03456044873834543 0.6526777284659471 8.0 -1.0 -1.0 -1.0 -1.0 
0.57 55.03 2.0 -1.0 1.30094454375 295.5387025090929 0.13731366893478805 0.024883523091608708 1.5649413123691156 1.0 -1.0 -1.0 -1.0 -1.0 
0.57 55.03 2.0 -1.0 2.266492130584 73.88467562727323 1.9707405963505449 0.03041319488974398 28.415668489075045 32.0 28.558872604548345 32.0 2.2664911133081964 73.77329323510226 
0.57 55.03 2.0 -1.0 230.5207819237923 110.82701344090984 3.7467728600716743 0.04423737438508215 18.064323304022697 1.0 18.064323333989453 1.0 230.52076964328688 110.81173675231409 
0.57 55.03 2.0 -1.0 383.1975942761 184.71168906818306 2.217862375423104 0.030413194889743984 9.575104980972975 1.0 -1.0 -1.0 -1.0 -1.0 
0.57 55.03 2.0 -1.0 4.833299389106393 258.59636469545626 7.429970658615064 0.017971433343939622 144.94000606065495 32.0 144.94000127544385 32.0 4.833297377141814 258.56071908873287 
0.57 55.03 2.0 -1.0 0.0014778925406905199 332.48104032272954 3.0920679192165004 0.024883523091608704 9.246024320351607 2.0 -1.0 -1.0 -1.0 -1.0 
1.13 55.03 2.0 -1.0 1.1055857616377447 37.04911890991349 0.5497611134427101 0.03317803078881161 3.1285525201217372 16.0 -1.0 -1.0 -1.0 -1.0 
1.13 55.03 2.0 -1.0 1.808645 148.19647563965395 0.1315563789626525 0.02073626924300726 1.6128935174969334 16.0 -1.0 -1.0 -1.0 -1.0 
1.13 55.03 2.0 -1.0 0.08278700758190688 185.24559454956744 0.017342987552518497 0.026265941041142528 1.8022001559733318 2.0 -1.0 -1.0 -1.0 -1.0 
1.13 55.03 2.0 -1.0 0.00625638591189179 222.29471345948093 0.16940370024467943 0.08432749492156286 0.5161758793364296 1.0 -1.0 -1.0 -1.0 -1.0 
1.13 55.03 2.0 -1.0 1.684824546 259.3438323693944 0.07638152038733345 0.07465056927482613 1.111426782593472 1.0 -1.0 -1.0 -1.0 -1.0 
1.13 55.03 2.0 -1.0 2.4595822178036584 296.3929512793079 0.5850280880215019 0.011059343596270537 12.571221542358035 16.0 12.5896973135722 16.0 2.459576838494589 296.30754813769465 
1.13 55.03 2.0 -1.0 0.0413615341267772 0.0 1.0041536703492857 0.006912089747669086 5.2831499094562 32.0 -1.0 -1.0 -1.0 -1.0 
1.13 55.03 2.0 -1.0 0.0011114843736737697 74.09823781982698 1.7865912494267449 0.04561979233461596 0.49457194481221933 1.0 -1.0 -1.0 -1.0 -1.0 
1.13 55.03 2.0 -1.0 0.772538564144441 111.14735672974047 7.74977205778036 0.024883523091608708 126.38391921252295 32.0 126.46251527437295 32.0 0.7725247996859254 111.4189243509569 
1.13 55.03 2.0 -1.0 2.227442025412 333.4420701892214 7.685790970869664 0.031795612839277794 127.68533949401102 16.0 128.1612874111728 32.0 2.2274434741120785 333.34599165490647 
1.69 55.03 2.0 -1.0 5.256794 0.0 0.1331105326335395 0.02211868719254107 1.0589487709487788 1.0 -1.0 -1.0 -1.0 -1.0 
1.69 55.03 2.0 -1.0 134.6485499129762 110.58993188594272 0.1092455713563523 0.04147253848601452 1.3746354670938519 2.0 -1.0 -1.0 -1.0 -1.0 
1.69 55.03 2.0 -1.0 39.113973102535745 184.31655314323788 0.6810567762203225 0.07188573337575849 2.4457126883091114 4.0 -1.0 -1.0 -1.0 -1.0 
1.69 55.03 2.0 -1.0 502.512563 221.17986377188544 0.014362026428722101 0.019353851293473442 0.9888140200392425 1.0 -1.0 -1.0 -1.0 -1.0 
1.69 55.03 2.0 -1.0 0.998004 294.9064850291806 0.6303473886221564 0.006912089747669086 15.61238750362166 32.0 16.99502244227366 32.0 0.9980188527454933 294.9919750073019 
1.69 55.03 2.0 -1.0 200.658805294298 331.7697956578282 0.035698935448104215 0.08156265902249521 1.5521866451564375 1.0 -1.0 -1.0 -1.0 -1.0 
1.69 55.03 2.0 -1.0 1.147206256861 36.863310628647575 2.1366479639038585 0.02073626924300726 41.85368519437432 32.0 41.853685519559306 32.0 1.1472063003263127 36.83604765099756 
1.69 55.03 2.0 -1.0 0.8314821707148012 73.72662125729515 8.941186207550407 0.031795612839277794 99.32043582500877 32.0 99.97194202275719 32.0 0.8314903728508701 73.46969943578085 
1.69 55.03 2.0 -1.0 0.2970257612740102 147.4532425145903 5.75010754719375 0.01520659744487199 135.55781924679837 32.0 136.5806357639861 32.0 0.2970106531089793 148.25497200195446 
1.69 55.03 2.0 -1.0 22.026432 258.043174400533 1.5453216954363695 0.022118687192541075 10.243855432177696 8.0 10.243856108275828 8.0 22.02638521945725 258.0547294231972 
10.06 55.03 2.0 -1.0 2.33768482203 0.0 0.11959355362282424 0.08985716671969811 1.944303136737534 1.0 -1.0 -1.0 -1.0 -1.0 
10.06 55.03 2.0 -1.0 0.299 36.07458641153144 0.19064614273734584 0.016589015394405805 1.8456319266044245 1.0 -1.0 -1.0 -1.0 -1.0 
10.06 55.03 2.0 -1.0 3.468609 72.14917282306288 0.359961145803733 0.016589015394405805 5.599993892851641 32.0 -1.0 -1.0 -1.0 -1.0 
10.06 55.03 2.0 -1.0 1.30255755938 144.29834564612577 0.0514838678779917 0.02350110514207489 0.8510478887988574 2.0 -1.0 -1.0 -1.0 -1.0 
10.06 55.03 2.0 -1.0 1.4633093057546704 252.5221048807201 0.673570158688605 0.03456044873834543 6.123832272550373 16.0 6.199746111226418 16.0 1.4633163421725235 251.98285343676903 
10.06 55.03 2.0 -1.0 0.797415129552 288.59669129225153 0.12823624751348844 0.03456044873834543 1.9257254207821484 16.0 -1.0 -1.0 -1.0 -1.0 
10.06 55.03 2.0 -1.0 14.667084337 324.67127770378295 0.12832486944265878 0.016589015394405805 1.3355584445441082 1.0 -1.0 -1.0 -1.0 -1.0 
10.06 55.03 2.0 -1.0 0.00946118159225248 108.22375923459433 9.345382032112324 0.01520659744487199 15.860397936551372 32.0 -1.0 -1.0 -1.0 -1.0 
10.06 55.03 2.0 -1.0 0.02234393523473152 180.3729320576572 1.0301519527800742 0.03317803078881161 2.049356879525172 4.0 -1.0 -1.0 -1.0 -1.0 
10.06 55.03 2.0 -1.0 7.478313 216.44751846918865 2.1366479639038585 0.012441761545804354 40.86921329292437 32.0 41.2191071390814 32.0 7.478320185327903 216.46237891616425 
10.62 55.03 2.0 -1.0 0.40226922307757423 36.07186831645461 0.18027088572578753 0.04423737438508215 0.21259742951960528 1.0 -1.0 -1.0 -1.0 -1.0 
10.62 55.03 2.0 -1.0 0.909379126021 72.14373663290922 0.6400009491490016 0.013824179495338172 8.680735369421681 32.0 8.786626410730943 32.0 0.9093734358126919 72.35652217160234 
10.62 55.03 2.0 -1.0 0.99597877881 144.28747326581845 0.012422511885612372 0.03732528463741307 -1.148305671154216 16.0 -1.0 -1.0 -1.0 -1.0 
10.62 55.03 2.0 -1.0 0.005920712181085924 216.43120989872767 0.26268903444130803 0.027648358990676348 2.7199390365969762 16.0 -1.0 -1.0 -1.0 -1.0 
10.62 55.03 2.0 -1.0 0.99550771827 252.50307821518228 0.041558691605743284 0.026265941041142528 0.7920393663164609 32.0 -1.0 -1.0 -1.0 -1.0 
10.62 55.03 2.0 -1.0 1.0829644010729 288.5749465316369 0.06457746728886901 0.027648358990676344 1.7446749839987516 4.0 -1.0 -1.0 -1.0 -1.0 
10.62 55.03 2.0 -1.0 240.25490831930935 324.64681484809154 0.014774641499094882 0.03732528463741307 1.240696648024629 2.0 -1.0 -1.0 -1.0 -1.0 
10.62 55.03 2.0 -1.0 4.3292962132 0.0 2.1648785797337355 0.04561979233461597 12.880070604922789 16.0 -1.0 -1.0 -1.0 -1.0 
10.62 55.03 2.0 -1.0 181.52170888055778 108.21560494936384 4.505732208812994 0.04147253848601452 19.9804525021956 1.0 19.98045234517375 1.0 181.52156068633002 108.18059049152855 
10.62 55.03 2.0 -1.0 2.271936912618 180.35934158227306 8.855125476097193 0.009676925646736721 311.3959216876566 32.0 311.5032948075587 32.0 2.271948081518834 180.33471679691664 
105.89 14.25 2.0 -1.0 0.0027993604566431823 40.02988814092077 0.2793473877157862 0.12441761545804356 0.48119723314426793 1.0 -1.0 -1.0 -1.0 -1.0 
105.89 14.25 2.0 -1.0 0.33318778828133555 120.0896644227623 0.20315652849980984 0.012441761545804356 5.180750289383554 32.0 -1.0 -1.0 -1.0 -1.0 
105.89 14.25 2.0 -1.0 128.0111794870191 160.11955256368307 0.25500027809721515 0.02350110514207489 1.3278248293393389 1.0 -1.0 -1.0 -1.0 -1.0 
105.89 14.25 2.0 -1.0 75.11649135730703 240.1793288455246 0.07622338103299053 0.026265941041142528 2.1761054975967866 1.0 -1.0 -1.0 -1.0 -1.0 
105.89 14.25 2.0 -1.0 0.031684024185842756 280.20921698644537 0.13210282079320898 0.03456044873834543 1.9543489935673188 8.0 -1.0 -1.0 -1.0 -1.0 
105.89 14.25 2.0 -1.0 337.36912025226 0.0 1.293037621685656 0.012441761545804354 7.691167448293756 1.0 -1.0 -1.0 -1.0 -1.0 
105.89 14.25 2.0 -1.0 0.00404317639503851 80.05977628184154 2.6268903444130802 0.022118687192541075 3.165303652993311 1.0 -1.0 -1.0 -1.0 -1.0 
105.89 14.25 2.0 -1.0 0.961936 200.14944070460385 6.417719598388955 0.03456044873834543 105.70688872623373 16.0 107.24426082407176 32.0 0.9619422295751672 200.27070961902243 
105.89 14.25 2.0 -1.0 1.9923208852 320.23910512736614 2.8147831624915383 0.016589015394405805 85.94478589524154 32.0 85.9447859214459 32.0 1.9923087772137176 320.1902603509788 
105.89 14.25 2.0 -1.0 1.9411179295 360.2689932682869 5.0777412570358615 0.03456044873834543 75.93548366177622 16.0 76.0998868476448 16.0 1.9411042255039017 359.9610480620833 
106.18 14.25 2.0 -1.0 4.249688210732 39.684012613208324 0.1 0.013824179495338172 1.4694398925641137 32.0 -1.0 -1.0 -1.0 -1.0 
106.18 14.25 2.0 -1.0 0.66930344771 79.36802522641665 0.06489051458090826 0.017971433343939622 0.621811631354204 1.0 -1.0 -1.0 -1.0 -1.0 
106.18 14.25 2.0 -1.0 1.465705762893 119.05203783962497 0.5067228364390678 0.09538683851783337 1.2976180846980991 1.0 -1.0 -1.0 -1.0 -1.0 
106.18 14.25 2.0 -1.0 3.2108324764111544 277.78808829245827 0.35355325950947053 0.009676925646736721 7.849248583346256 16.0 8.045666849629638 16.0 3.210819462159028 277.8895243121959 
106.18 14.25 2.0 -1.0 4.4538744 317.4721009056666 0.046415888336127795 0.06497364362808941 1.1353748154060157 8.0 -1.0 -1.0 -1.0 -1.0 
106.18 14.25 2.0 -1.0 170.849405719173 357.1561135188749 0.41158680766598854 0.12856486930664499 1.0641562902807757 1.0 -1.0 -1.0 -1.0 -1.0 
106.18 14.25 2.0 -1.0 0.014111716139277362 0.0 3.723549192047441 0.04285495643554833 1.1449043255105824 1.0 -1.0 -1.0 -1.0 -1.0 
106.18 14.25 2.0 -1.0 2.248252 158.7360504528333 5.952199345230122 0.02073626924300726 117.72420931475162 32.0 117.82527299843787 32.0 2.24824058629262 158.6783591119895 
106.18 14.25 2.0 -1.0 5.4199894818 198.42006306604162 8.63164577248031 0.08570991287109665 46.6419951226696 8.0 47.328883373306304 16.0 5.419982092765471 198.449146823094 
106.18 14.25 2.0 -1.0 3.86571065372 238.10407567924995 2.623263304627603 0.05944397182995413 14.175273854650618 8.0 14.220984331331808 8.0 3.8657162804156546 238.0175386679842 
106.51 14.25 2.0 -1.0 1.22896880609 0.0 0.2989148937474159 0.07879782312342758 0.9113162140567552 8.0 -1.0 -1.0 -1.0 -1.0 
106.51 14.25 2.0 -1.0 2.344843177122 39.32918377817128 0.6404432431172377 0.02073626924300726 5.774129367387363 32.0 8.39370215950445 32.0 2.3448592401109636 39.36599597867597 
106.51 14.25 2.0 -1.0 0.0011063882708094472 78.65836755634255 0.09351840469571134 0.12441761545804356 -0.10288525387565557 1.0 -1.0 -1.0 -1.0 -1.0 
106.51 14.25 2.0 -1.0 16.792101165075774 117.98755133451382 0.1410635930080207 0.019353851293473442 1.6139973834893284 8.0 -1.0 -1.0 -1.0 -1.0 
106.51 14.25 2.0 -1.0 24.38440141106 235.97510266902765 0.16207684425645388 0.016589015394405805 2.1567035470023064 8.0 -1.0 -1.0 -1.0 -1.0 
106.51 14.25 2.0 -1.0 2.12042426647 275.30428644719893 0.8066602730969565 0.04561979233461597 5.776744775291108 8.0 -1.0 -1.0 -1.0 -1.0 
106.51 14.25 2.0 -1.0 1.0985150222458 157.3167351126851 2.544723286778917 0.1396242129029155 8.4268893455416 8.0 8.49300737670263 8.0 1.098548333781461 156.65440044984678 
106.51 14.25 2.0 -1.0 5.0114923575 196.6459188908564 2.2286137387064633 0.017971433343939622 55.651036297635464 32.0 55.83305726435685 32.0 5.011497705709189 196.62758402716554 
106.51 14.25 2.0 -1.0 0.00506426947315055 314.6334702253702 6.355947745071262 0.03456044873834543 8.592054400227871 4.0 -1.0 -1.0 -1.0 -1.0 
106.51 14.25 2.0 -1.0 0.0026613686823646963 353.9626540035415 1.109186309333635 0.017971433343939622 1.2497165616774513 4.0 -1.0 -1.0 -1.0 -1.0 
11.18 55.03 2.0 -1.0 0.00355500598430653 0.0 0.045150801749185 0.022118687192541075 2.054358625330399 16.0 -1.0 -1.0 -1.0 -1.0 
11.18 55.03 2.0 -1.0 0.35169302087 36.06648984416423 0.011122556497987162 0.012441761545804352 1.4852123327727282 1.0 -1.0 -1.0 -1.0 -1.0 
11.18 55.03 2.0 -1.0 0.020381854524096684 180.33244922082116 0.04824678145425939 0.027648358990676344 2.808871568185607 2.0 -1.0 -1.0 -1.0 -1.0 
11.18 55.03 2.0 -1.0 0.22032674928517554 216.39893906498537 0.37261224747125077 0.017971433343939622 2.623196100658248 32.0 -1.0 -1.0 -1.0 -1.0 
11.18 55.03 2.0 -1.0 2.467080757786 252.4654289091496 0.029644709215877987 0.055296717981352696 3.064137718500176 2.0 -1.0 -1.0 -1.0 -1.0 
11.18 55.03 2.0 -1.0 48.5438764505726 288.53191875331385 0.5574098225214513 0.08156265902249521 1.4507329121053 1.0 -1.0 -1.0 -1.0 -1.0 
11.18 55.03 2.0 -1.0 1.8077686769634342 324.59840859747806 0.28303828528942077 0.04423737438508215 1.9304515971387566 1.0 -1.0 -1.0 -1.0 -1.0 
11.18 55.03 2.0 -1.0 1.820960929021 72.13297968832846 8.849010073010126 0.022118687192541075 190.89654568993421 32.0 190.95623546356666 32.0 1.820959975399698 72.15412630538808 
11.18 55.03 2.0 -1.0 2.3817202891513642 108.19946953249269 2.3536244866247897 0.008294507697202903 109.94566527338806 32.0 110.02983719285864 32.0 2.3817240920228264 108.18059049152855 
11.18 55.03 2.0 -1.0 1.14381850931 144.26595937665692 1.5410572815741164 0.026265941041142528 22.7251520973504 16.0 22.84603626370749 32.0 1.1438108534396938 144.30825261077615 
11.73 55.03 2.0 -1.0 2.67192804814 0.0 0.02335806398033758 0.042854956435548326 0.41324395923202195 4.0 -1.0 -1.0 -1.0 -1.0 
11.73 55.03 2.0 -1.0 27.838309386354652 36.06087494781815 0.35355325950947053 0.052531882082285056 2.0631328093596557 2.0 -1.0 -1.0 -1.0 -1.0 
11.73 55.03 2.0 -1.0 0.03197657411683124 72.1217498956363 0.6721756073696541 0.13962421290291552 1.1375114436624791 1.0 -1.0 -1.0 -1.0 -1.0 
11.73 55.03 2.0 -1.0 26.322717 108.18262484345445 0.12788237140267286 0.06497364362808941 1.0934843053088619 1.0 -1.0 -1.0 -1.0 -1.0 
11.73 55.03 2.0 -1.0 0.19236888 144.2434997912726 0.04425522941776675 0.11474068981130683 1.179290448583812 8.0 -1.0 -1.0 -1.0 -1.0 
11.73 55.03 2.0 -1.0 1.51981774632 180.30437473909075 0.02127809743662687 0.011059343596270537 0.6331609510147155 32.0 -1.0 -1.0 -1.0 -1.0 
11.73 55.03 2.0 -1.0 0.0032878482511591073 216.3652496869089 0.05547207448246047 0.01382417949533817 2.0565829496443278 2.0 -1.0 -1.0 -1.0 -1.0 
11.73 55.03 2.0 -1.0 0.942507 288.4869995825452 0.02974728571317075 0.024883523091608708 1.9978693942874712 1.0 -1.0 -1.0 -1.0 -1.0 
11.73 55.03 2.0 -1.0 1.582779 252.42612463472705 8.264026842883293 0.017971433343939622 206.085346040723 32.0 206.1136842944327 32.0 1.5827936294954272 252.38764516919755 
11.73 55.03 2.0 -1.0 0.7446527222569242 324.54787453036334 8.000005932179063 0.031795612839277794 106.68607033340969 32.0 107.14045205265415 32.0 0.7446639453216146 324.33937560837137 
116.97 56.37 2.0 -1.0 0.001132104598920097 0.0 0.7966913997731381 0.011059343596270537 3.2144698204106823 2.0 -1.0 -1.0 -1.0 -1.0 
116.97 56.37 2.0 -1.0 2.185717553667 35.59412395679354 0.07419711837099706 0.02073626924300726 1.9628008702545765 16.0 -1.0 -1.0 -1.0 -1.0 
116.97 56.37 2.0 -1.0 0.004233315846474603 53.39118593519031 0.010539069785079147 0.10091651031596865 1.3957995561523686 4.0 -1.0 -1.0 -1.0 -1.0 
116.97 56.37 2.0 -1.0 34.233695350449175 17.79706197839677 1.811447712307352 0.06635606157762322 10.788567544865804 4.0 10.788567669448028 4.0 34.233623106653496 17.81083622685596 
116.97 56.37 2.0 -1.0 0.8699442722 71.18824791358708 3.1264357272238157 0.05391430003181887 23.210300451482862 16.0 23.373083658919544 16.0 0.869961998735865 70.93975110810246 
116.97 56.37 2.0 -1.0 3.06493262635 88.98530989198385 2.210214600222975 0.008294507697202903 115.88329809346494 32.0 116.18269845854806 32.0 3.06493651199465 89.05418113427982 
116.97 56.37 2.0 -1.0 12.359917476 106.78237187038062 4.098842834710968 0.008294507697202903 138.07939653396454 32.0 138.15276201494234 32.0 12.35994204762392 106.76381942802864 
116.97 56.37 2.0 -1.0 7.307001256 124.57943384877738 9.660475420403525 0.016589015394405805 245.97328051835814 32.0 245.9732738207213 32.0 7.3070017000039424 124.57465565488461 
116.97 56.37 2.0 -1.0 0.61523110201 142.37649582717415 6.768353736781109 0.056679135930886505 34.73123252782418 16.0 34.832678836762035 16.0 0.6152428492593269 141.980700149312 
116.97 56.37 2.0 -1.0 8.086733093387805 160.17355780557094 1.5463896414539253 0.05391430003181887 3.1950389657978793 2.0 -1.0 -1.0 -1.0 -1.0 
12.29 55.03 2.0 -1.0 0.30738862302 0.0 0.022768568864827275 0.06082638977948796 1.5391377682469698 1.0 -1.0 -1.0 -1.0 -1.0 
12.29 55.03 2.0 -1.0 3.08977631356 36.07906495435324 0.18353815962816797 0.009676925646736721 6.423426965833871 32.0 -1.0 -1.0 -1.0 -1.0 
12.29 55.03 2.0 -1.0 1.99898269975 72.15812990870648 0.05008065115563314 0.029030776940210157 0.533205023691623 32.0 -1.0 -1.0 -1.0 -1.0 
12.29 55.03 2.0 -1.0 0.001526207014931322 108.23719486305973 0.11347638459718777 0.03456044873834543 1.194890958968296 1.0 -1.0 -1.0 -1.0 -1.0 
12.29 55.03 2.0 -1.0 215.1657339348127 144.31625981741297 0.03937853236248104 0.049767046183217416 2.111220082958658 1.0 -1.0 -1.0 -1.0 -1.0 
12.29 55.03 2.0 -1.0 0.01287252860404894 180.3953247717662 0.14461589230674415 0.06497364362808941 1.0781617242093604 1.0 -1.0 -1.0 -1.0 -1.0 
12.29 55.03 2.0 -1.0 2.766481 252.5534546804727 0.013674567248957506 0.01105934359627054 1.4308561352670777 4.0 -1.0 -1.0 -1.0 -1.0 
12.29 55.03 2.0 -1.0 244.777668 216.47438972611945 4.325771812421892 0.017971433343939622 31.102457856594064 2.0 31.102457553967778 2.0 244.77776605635884 216.46237891616425 
12.29 55.03 2.0 -1.0 0.537915 288.63251963482594 1.1347638459718776 0.09538683851783337 1.7373560021297543 4.0 -1.0 -1.0 -1.0 -1.0 
12.29 55.03 2.0 -1.0 8.54520899704013 324.7115845891792 4.4964035966208 0.03317803078881161 38.427886334195236 16.0 38.42788624991756 16.0 8.545187786997607 324.6429694076928 
12.85 55.03 2.0 -1.0 0.287793 36.096932716939854 0.1705780684399447 0.019353851293473442 1.6678276172262338 32.0 -1.0 -1.0 -1.0 -1.0 
12.85 55.03 2.0 -1.0 156.858385217 72.19386543387971 0.06647866174025409 0.08432749492156287 1.5588703640029582 2.0 -1.0 -1.0 -1.0 -1.0 
12.85 55.03 2.0 -1.0 19.18594491719735 108.29079815081957 0.660666062384638 0.031795612839277794 5.982000104370029 8.0 -1.0 -1.0 -1.0 -1.0 
12.85 55.03 2.0 -1.0 0.855182765 144.38773086775942 0.011030730151526759 0.045619792334615966 2.3927229190113413 1.0 -1.0 -1.0 -1.0 -1.0 
12.85 55.03 2.0 -1.0 1.35421422194 180.48466358469926 0.036597915125661865 0.024883523091608708 1.9678347384446369 16.0 -1.0 -1.0 -1.0 -1.0 
12.85 55.03 2.0 -1.0 0.54575260398 216.58159630163914 0.015571097780848735 0.029030776940210157 1.5654193499747744 4.0 -1.0 -1.0 -1.0 -1.0 
12.85 55.03 2.0 -1.0 3.043599 252.67852901857898 0.263234030920558 0.09400442056829957 1.4494922416886848 1.0 -1.0 -1.0 -1.0 -1.0 
12.85 55.03 2.0 -1.0 0.007148282058705888 324.8723944524587 0.03793655635542592 0.026265941041142528 2.5567454188881906 8.0 -1.0 -1.0 -1.0 -1.0 
12.85 55.03 2.0 -1.0 6.367831993811256 0.0 1.3627413729677893 0.02073626924300726 23.21270616862338 32.0 -1.0 -1.0 -1.0 -1.0 
12.85 55.03 2.0 -1.0 298.251728579395 288.77546173551883 4.546380356371674 0.019353851293473442 19.88458623427332 1.0 19.88458598119167 1.0 298.25217400987947 288.8189010877666 
13.41 55.03 2.0 -1.0 1.217137 0.0 0.044932983531649394 0.031795612839277794 2.0798482873882707 2.0 -1.0 -1.0 -1.0 -1.0 
13.41 55.03 2.0 -1.0 0.026729805481803814 36.11214106317887 0.2736174016357826 0.013824179495338172 1.0880195843062466 1.0 -1.0 -1.0 -1.0 -1.0 
13.41 55.03 2.0 -1.0 0.01842197270329436 72.22428212635774 0.24380280832024234 0.02350110514207489 1.0160085486342476 2.0 -1.0 -1.0 -1.0 -1.0 
13.41 55.03 2.0 -1.0 15.3936498245 144.44856425271547 0.05682971231414223 0.05529671798135269 0.8743269328787245 1.0 -1.0 -1.0 -1.0 -1.0 
13.41 55.03 2.0 -1.0 0.003826247944021906 180.56070531589432 0.023847219204614304 0.017971433343939622 3.364176821262775 1.0 -1.0 -1.0 -1.0 -1.0 
13.41 55.03 2.0 -1.0 54.95674577910229 216.6728463790732 0.08595941066946328 0.022118687192541075 3.1775290869569486 1.0 -1.0 -1.0 -1.0 -1.0 
13.41 55.03 2.0 -1.0 0.41037503068 252.7849874422521 0.034701962441141196 0.017971433343939622 0.8824467171055754 16.0 -1.0 -1.0 -1.0 -1.0 
13.41 55.03 2.0 -1.0 2.1867 325.0092695686098 0.9640474491672578 0.012441761545804356 23.43945448772934 32.0 24.042943623724312 32.0 2.1866981114726514 324.94656320701415 
13.41 55.03 2.0 -1.0 3.5877084054849 108.3364231895366 4.20496491224036 0.016589015394405805 80.92001958024157 32.0 81.44278058139213 32.0 3.5877140665737293 108.28178842463568 
13.41 55.03 2.0 -1.0 30.518193584285445 288.89712850543094 1.8790026506185737 0.052531882082285056 8.891491502345847 2.0 8.891491776920677 2.0 30.518276616930965 288.9200990208737 
13.97 55.03 2.0 -1.0 2.331328 108.3740582566768 0.0640885842747449 0.026265941041142528 0.7252653985989304 1.0 -1.0 -1.0 -1.0 -1.0 
13.97 55.03 2.0 -1.0 1.18994040124844 216.7481165133536 0.020175786941126064 0.02073626924300726 2.5189506008418165 4.0 -1.0 -1.0 -1.0 -1.0 
13.97 55.03 2.0 -1.0 282.779107035 252.87280259891253 0.04009223857512864 0.011059343596270537 -0.038829888168129434 1.0 -1.0 -1.0 -1.0 -1.0 
13.97 55.03 2.0 -1.0 0.1504582362154283 288.9974886844715 0.08578144136963749 0.009676925646736721 1.655428021396888 2.0 -1.0 -1.0 -1.0 -1.0 
13.97 55.03 2.0 -1.0 117.8372326493 325.1221747700304 0.3687709275549668 0.0884747487701643 2.5264397265853202 1.0 -1.0 -1.0 -1.0 -1.0 
13.97 55.03 2.0 -1.0 0.056016933100715205 0.0 7.857592982991545 0.008294507697202903 59.44971722982423 32.0 -1.0 -1.0 -1.0 -1.0 
13.97 55.03 2.0 -1.0 0.93273035618 36.124686085558935 4.935933920036516 0.02350110514207489 70.5942309625476 32.0 70.67903830956509 32.0 0.932717133158197 35.92526625303334 
13.97 55.03 2.0 -1.0 194.931774 72.24937217111787 1.1569279963413217 0.017971433343939622 6.353609441540573 2.0 -1.0 -1.0 -1.0 -1.0 
13.97 55.03 2.0 -1.0 0.1075778075546597 144.49874434223574 2.7684980657520066 0.015206597444871992 31.08302173712064 32.0 31.588249737313337 32.0 0.10759322321973742 144.81424227631183 
13.97 55.03 2.0 -1.0 0.3772034274173156 180.6234304277947 4.891802863108921 0.02350110514207489 85.9986246964297 32.0 86.30627100368 32.0 0.3771977693152925 180.13232093070235 
131.46 55.22 2.0 -1.0 5.65907208453 46.84982448137593 0.11868817192515867 0.029030776940210157 1.8323931622384304 8.0 -1.0 -1.0 -1.0 -1.0 
131.46 55.22 2.0 -1.0 3.46645281446 62.46643264183457 0.017499446100091347 0.02350110514207489 1.645798173332723 2.0 -1.0 -1.0 -1.0 -1.0 
131.46 55.22 2.0 -1.0 0.32264020682169114 93.69964896275187 0.03119962793393873 0.031795612839277794 1.5048422962809982 2.0 -1.0 -1.0 -1.0 -1.0 
131.46 55.22 2.0 -1.0 0.006086235312417038 109.3162571232105 0.08431262080028226 0.011059343596270537 1.8725071232939545 32.0 -1.0 -1.0 -1.0 -1.0 
131.46 55.22 2.0 -1.0 0.082490793464 0.0 2.222463736833705 0.05391430003181887 1.4003498712409421 32.0 -1.0 -1.0 -1.0 -1.0 
131.46 55.22 2.0 -1.0 0.455919 15.616608160458643 4.370831420364764 0.027648358990676344 63.52775358989321 32.0 64.15207333379772 32.0 0.455929693998769 15.786877564713238 
131.46 55.22 2.0 -1.0 1.980198 31.233216320917286 2.9016582742063783 0.017971433343939622 89.97887947607869 32.0 90.07328967265994 32.0 1.9802124976801376 31.27016133010507 
131.46 55.22 2.0 -1.0 10.65420400680119 78.08304080229321 1.451162916049012 0.031795612839277794 14.85972254803584 8.0 15.019000503480205 8.0 10.65418473444879 78.1248043587091 
131.46 55.22 2.0 -1.0 233.7208617862176 124.93286528366914 5.826081259236011 0.015206597444871992 41.86582520758423 2.0 41.865824879606315 2.0 233.72073580200475 124.97944738731314 
131.46 55.22 2.0 -1.0 22.84670265144544 140.54947344412778 4.392019568453393 0.008294507697202903 10.298763628328768 2.0 -1.0 -1.0 -1.0 -1.0 
134.82 55.23 2.0 -1.0 2.11187653357 15.233354236104605 0.43647964598682204 0.11612310776084063 0.18966768702940512 4.0 -1.0 -1.0 -1.0 -1.0 
134.82 55.23 2.0 -1.0 1.27888080581 45.700062708313816 0.7585566129495857 0.017971433343939622 15.657822878902255 32.0 16.219028197646782 32.0 1.2788708166529736 45.539069898211274 
134.82 55.23 2.0 -1.0 1.155751156623 91.40012541662763 0.4499510986058557 0.058061553880420315 1.9724341462736736 8.0 -1.0 -1.0 -1.0 -1.0 
134.82 55.23 2.0 -1.0 12.515752038663 121.86683388883684 0.07378818002748848 0.016589015394405805 0.14425276328881206 32.0 -1.0 -1.0 -1.0 -1.0 
134.82 55.23 2.0 -1.0 0.19461695455997877 137.10018812494144 0.055433765133095315 0.04009012053648069 1.368822031420185 4.0 -1.0 -1.0 -1.0 -1.0 
134.82 55.23 2.0 -1.0 0.03394511707903087 0.0 2.007845414129436 0.029030776940210157 1.9428736879510755 16.0 -1.0 -1.0 -1.0 -1.0 
134.82 55.23 2.0 -1.0 0.761391192926 30.46670847220921 3.1199627933938725 0.07188573337575849 13.400970979280096 16.0 13.529592258217331 16.0 0.7613683313441774 30.46057786524798 
134.82 55.23 2.0 -1.0 0.33936907828092244 60.93341694441842 8.309826555609373 0.03732528463741307 94.19036567615733 16.0 95.64757543912333 32.0 0.33936278972153866 61.32594746292451 
134.82 55.23 2.0 -1.0 2.862213 76.16677118052303 9.384199668361845 0.02903077694021016 131.1736733895694 32.0 131.3526571311036 32.0 2.8622101429694644 76.1008456965664 
134.82 55.23 2.0 -1.0 6.67806213863 106.63347965273223 5.16263340422845 0.01520659744487199 137.26014004454274 32.0 137.33377385766804 32.0 6.678055797237904 106.66262149492151 
135.38 55.23 2.0 -1.0 292.02 0.0 0.05797974856117098 0.016589015394405805 0.7286306901806521 1.0 -1.0 -1.0 -1.0 -1.0 
135.38 55.23 2.0 -1.0 0.24168959255 15.174319972425527 0.029298587592451877 0.11197585391223919 1.1846773980272278 1.0 -1.0 -1.0 -1.0 -1.0 
135.38 55.23 2.0 -1.0 0.7716 30.348639944851055 0.012744139921279101 0.013824179495338172 1.2418712491156036 1.0 -1.0 -1.0 -1.0 -1.0 
135.38 55.23 2.0 -1.0 0.0045983819530997 60.69727988970211 0.7020768264702735 0.022118687192541075 4.59921944330502 1.0 -1.0 -1.0 -1.0 -1.0 
135.38 55.23 2.0 -1.0 2.7177324827378 75.87159986212764 0.012277470827878691 0.04700221028414979 2.508640221536681 4.0 -1.0 -1.0 -1.0 -1.0 
135.38 55.23 2.0 -1.0 1.795203 106.2202398069787 0.44041731654383587 0.07188573337575849 0.4046253186427067 4.0 -1.0 -1.0 -1.0 -1.0 
135.38 55.23 2.0 -1.0 2.338339484159585 136.56887975182974 0.5120011389792241 0.06912089747669085 1.1677910689817503 1.0 -1.0 -1.0 -1.0 -1.0 
135.38 55.23 2.0 -1.0 1.3899355261798 45.52295991727658 5.628271480212304 0.02350110514207489 132.66413320527707 32.0 132.85296552110174 32.0 1.3899201197394482 45.539069898211274 
135.38 55.23 2.0 -1.0 1.582278 91.04591983455316 2.244063301440265 0.11197585391223919 5.012443051185605 4.0 -1.0 -1.0 -1.0 -1.0 
135.38 55.23 2.0 -1.0 385.6909919750328 121.39455977940422 1.5668214264876303 0.012441761545804354 11.630910367776222 1.0 -1.0 -1.0 -1.0 -1.0 
135.94 55.23 2.0 -1.0 2.274361 45.345853218978604 0.5046267831325151 0.017971433343939622 39.86814725866097 32.0 40.16597328866668 32.0 2.2743734007235616 45.43787196510413 
135.94 55.23 2.0 -1.0 2.227442025412 60.4611376253048 0.10013826441970505 0.052531882082285056 1.6222410658940485 1.0 -1.0 -1.0 -1.0 -1.0 
135.94 55.23 2.0 -1.0 409.836066 75.576422031631 0.13740856411831398 0.04285495643554833 0.42697101693555356 1.0 -1.0 -1.0 -1.0 -1.0 
135.94 55.23 2.0 -1.0 0.42118683683774877 120.9222752506096 0.048180165428117296 0.011059343596270537 0.9616605881342993 32.0 -1.0 -1.0 -1.0 -1.0 
135.94 55.23 2.0 -1.0 0.07279135971847846 136.0375596569358 0.2805077046772915 0.009676925646736721 2.4775388456651335 32.0 -1.0 -1.0 -1.0 -1.0 
135.94 55.23 2.0 -1.0 0.331159372546 0.0 6.791773565719267 0.016589015394405805 100.79245750837919 32.0 -1.0 -1.0 -1.0 -1.0 
135.94 55.23 2.0 -1.0 0.24832 15.1152844063262 7.575092471847536 0.0884747487701643 4.462227505056011 8.0 7.604426418602015 16.0 0.24835268656412762 20.239586621427232 
135.94 55.23 2.0 -1.0 1.21878672858 30.2305688126524 8.105706589434478 0.016589015394405805 288.74938959371025 32.0 288.7493969353567 32.0 1.218783533355842 30.25818199903371 
135.94 55.23 2.0 -1.0 0.4102676860891 90.69170643795721 6.94359142921429 0.013824179495338172 276.4772151929359 32.0 276.7428718719836 32.0 0.410273059969768 90.77454599710113 
135.94 55.23 2.0 -1.0 15.9235474 105.8069908442834 7.696417685155276 0.01520659744487199 137.98449506385205 16.0 137.9844946872609 16.0 15.923554504600665 105.85303803006441 
137.07 55.23 2.0 -1.0 4.2165396656 44.99162823666152 0.6666262149960813 0.07465056927482613 2.4118622070799733 8.0 -1.0 -1.0 -1.0 -1.0 
137.07 55.23 2.0 -1.0 0.772798 59.988837648882026 0.7632877084845537 0.011059343596270537 18.853678003654107 32.0 18.85367883452356 32.0 0.7727976480964572 60.01037433253174 
137.07 55.23 2.0 -1.0 3.2404792414142376 74.98604706110254 0.021440411841405254 0.016589015394405805 0.6558165687167359 2.0 -1.0 -1.0 -1.0 -1.0 
137.07 55.23 2.0 -1.0 5.294087 119.97767529776405 0.14622327330595072 0.016589015394405805 2.0102634603156377 2.0 -1.0 -1.0 -1.0 -1.0 
137.07 55.23 2.0 -1.0 1.5894998973414056 134.97488470998456 0.09965517359035103 0.02350110514207489 1.4486934216078224 1.0 -1.0 -1.0 -1.0 -1.0 
137.07 55.23 2.0 -1.0 426.51934403983 0.0 3.375614434310193 0.01520659744487199 32.07525568493233 1.0 -1.0 -1.0 -1.0 -1.0 
137.07 55.23 2.0 -1.0 0.701967086843 14.997209412220506 1.3083130433883792 0.019353851293473442 28.999599192634424 32.0 28.99960031677759 32.0 0.7019783273184051 14.97729409985615 
137.07 55.23 2.0 -1.0 12.342028775005748 29.994418824441013 1.8353815962816797 0.017971433343939622 48.189098731398765 32.0 48.18910020153653 32.0 12.342025001998993 29.9545881997123 
137.07 55.23 2.0 -1.0 1.1964621075 89.98325647332304 1.1489629662788923 0.013824179495338172 45.33820139801264 32.0 45.40460203129316 32.0 1.1964705966723463 89.96496253224404 
137.07 55.23 2.0 -1.0 0.01759454949387518 104.98046588554354 3.664851702063449 0.06497364362808941 1.565869571258343 16.0 -1.0 -1.0 -1.0 -1.0 
14.53 55.03 2.0 -1.0 147.058824 0.0 0.02422916423928535 0.013824179495338172 2.3373029123355193 1.0 -1.0 -1.0 -1.0 -1.0 
14.53 55.03 2.0 -1.0 1.06477508236 72.30010577855381 0.6538551491077016 0.03732528463741307 4.792010909138513 32.0 -1.0 -1.0 -1.0 -1.0 
14.53 55.03 2.0 -1.0 0.0011217471065547253 144.60021155710763 0.7272540837450232 0.029030776940210157 2.0423266835442258 1.0 -1.0 -1.0 -1.0 -1.0 
14.53 55.03 2.0 -1.0 0.006490675780325397 180.75026444638453 0.019761940299240183 0.013824179495338172 1.0477725084028402 8.0 -1.0 -1.0 -1.0 -1.0 
14.53 55.03 2.0 -1.0 130.38603910501416 216.90031733566144 0.06684709031242649 0.09400442056829957 1.4674103555592901 2.0 -1.0 -1.0 -1.0 -1.0 
14.53 55.03 2.0 -1.0 246.55815713199 253.05037022493835 0.011795250557810912 0.019353851293473442 0.8654981550636907 1.0 -1.0 -1.0 -1.0 -1.0 
14.53 55.03 2.0 -1.0 1.864837 289.20042311421525 0.24770763559917114 0.012441761545804354 4.017487365978838 16.0 -1.0 -1.0 -1.0 -1.0 
14.53 55.03 2.0 -1.0 195.694716 325.35047600349213 0.01808946582811853 0.02073626924300726 0.8312740130084999 1.0 -1.0 -1.0 -1.0 -1.0 
14.53 55.03 2.0 -1.0 4.368538167500896 36.15005288927691 5.636053377113842 0.011059343596270537 225.5617924071789 32.0 225.5617914717245 32.0 4.368545584535847 36.1276621192476 
14.53 55.03 2.0 -1.0 1.3104998476363685 108.45015866783072 1.876408245646434 0.02073626924300726 38.7606038422852 32.0 39.01826814688691 32.0 1.3104909157846123 108.38298635774281 
15.08 55.03 2.0 -1.0 2.66608189885 0.0 0.03785801297873459 0.027648358990676344 2.4596356700580446 1.0 -1.0 -1.0 -1.0 -1.0 
15.08 55.03 2.0 -1.0 1.334812202073005 144.75683014311835 0.11473765527464062 0.013824179495338172 1.3609388940699214 16.0 -1.0 -1.0 -1.0 -1.0 
15.08 55.03 2.0 -1.0 1.01726312363 180.94603767889794 0.09462319317574847 0.06082638977948796 0.5323763952315796 8.0 -1.0 -1.0 -1.0 -1.0 
15.08 55.03 2.0 -1.0 18.83649089489798 253.3244527504571 0.09442728648786386 0.013824179495338172 2.104219137308267 1.0 -1.0 -1.0 -1.0 -1.0 
15.08 55.03 2.0 -1.0 0.27344484969650096 289.5136602862367 0.04093183418410041 0.02350110514207489 0.7029430498029632 2.0 -1.0 -1.0 -1.0 -1.0 
15.08 55.03 2.0 -1.0 3.1411201226 325.7028678220163 0.02877702569594295 0.04009012053648069 1.0782542344862132 32.0 -1.0 -1.0 -1.0 -1.0 
15.08 55.03 2.0 -1.0 1.469313 36.18920753577959 2.844103485256103 0.045619792334615966 33.14588829145992 16.0 33.18835616519884 16.0 1.4693190072042248 35.92526625303334 
15.08 55.03 2.0 -1.0 398.837694790884 72.37841507155917 7.2174841460961225 0.11474068981130683 14.650734302811886 1.0 -1.0 -1.0 -1.0 -1.0 
15.08 55.03 2.0 -1.0 1.127887471217 108.56762260733876 1.6987247418078029 0.013824179495338172 51.16265766956334 32.0 51.41561594107357 32.0 1.1278946961586676 108.5853822239571 
15.08 55.03 2.0 -1.0 0.0021345519190796537 217.13524521467752 1.8481051304768321 0.013824179495338172 3.6223372582544218 1.0 -1.0 -1.0 -1.0 -1.0 
15.19 53.86 2.0 -1.0 1.498159748737 0.0 0.24195710181010072 0.026265941041142528 2.0716704988136763 1.0 -1.0 -1.0 -1.0 -1.0 
15.19 53.86 2.0 -1.0 253.628279 34.302153668577084 0.012474110904895277 0.07741540517389377 0.5094495551013504 2.0 -1.0 -1.0 -1.0 -1.0 
15.19 53.86 2.0 -1.0 6.280644351360491 68.60430733715417 0.025324469357735295 0.016589015394405805 2.6767354110839476 1.0 -1.0 -1.0 -1.0 -1.0 
15.19 53.86 2.0 -1.0 1.6226634697651 102.90646100573124 0.010722672220103232 0.024883523091608708 2.0701081266268924 2.0 -1.0 -1.0 -1.0 -1.0 
15.19 53.86 2.0 -1.0 13.39141661 171.51076834288543 0.5482440125568449 0.006912089747669086 14.120213410045753 8.0 14.28240629556954 8.0 13.391399988904597 171.53049661659577 
15.19 53.86 2.0 -1.0 0.618723247886 274.4172293486167 0.046255834094871634 0.019353851293473445 2.039215908040042 4.0 -1.0 -1.0 -1.0 -1.0 
15.19 53.86 2.0 -1.0 1.35421422194 308.71938301719376 0.03677532806403433 0.06220880772902178 1.725439980381824 2.0 -1.0 -1.0 -1.0 -1.0 
15.19 53.86 2.0 -1.0 9.93255637407 137.20861467430834 2.8976518526871895 0.017971433343939622 52.615882198125405 16.0 52.76468372362289 16.0 9.932531005082032 137.2243972932766 
15.19 53.86 2.0 -1.0 0.453891 205.8129220114625 1.8328474204317418 0.016589015394405805 41.144628194217944 32.0 41.56416983908025 32.0 0.4538984891648094 205.83659593991493 
15.19 53.86 2.0 -1.0 0.724541971 240.11507568003958 2.9644709215878002 0.02488352309160871 48.2370713627568 32.0 48.37088613521194 32.0 0.7245337959223738 240.04149733012696 
15.64 55.03 2.0 -1.0 156.599195693311 0.0 0.1488734599008061 0.020736269243007255 0.27973792812693987 1.0 -1.0 -1.0 -1.0 -1.0 
15.64 55.03 2.0 -1.0 0.801089 181.12541441542265 0.08507324120391956 0.06359122567855559 1.4824112170798818 8.0 -1.0 -1.0 -1.0 -1.0 
15.64 55.03 2.0 -1.0 0.970346 217.3504972985072 0.2634159475634402 0.10644618211410392 1.2002160515097722 2.0 -1.0 -1.0 -1.0 -1.0 
15.64 55.03 2.0 -1.0 1.57618 253.57558018159173 0.314159151265845 0.04976704618321742 1.8586610337849567 32.0 -1.0 -1.0 -1.0 -1.0 
15.64 55.03 2.0 -1.0 0.0039513335998734465 326.0257459477608 0.022878942329845036 0.017971433343939622 1.0518694174893364 16.0 -1.0 -1.0 -1.0 -1.0 
15.64 55.03 2.0 -1.0 23.057654430953995 36.22508288308453 1.24999907309771 0.013824179495338172 26.190646755279804 16.0 26.190646107939546 16.0 23.057630945307515 36.22886005235474 
15.64 55.03 2.0 -1.0 0.7310895701613709 72.45016576616906 2.9460962052327924 0.08294507697202903 15.737502385829593 8.0 15.798910009035362 8.0 0.731112474265198 72.15412630538808 
15.64 55.03 2.0 -1.0 0.1423857038953062 108.6752486492536 1.4174741629268062 0.019353851293473442 19.133493393440286 32.0 20.390071673716175 32.0 0.14239655380758148 109.19256982259992 
15.64 55.03 2.0 -1.0 28.224759634040677 144.90033153233813 8.033235319613656 0.012441761545804354 150.35099183987043 8.0 150.35099535121952 8.0 28.22477351098011 144.91544020941896 
15.64 55.03 2.0 -1.0 0.9319943359 289.80066306467626 7.2926654131761595 0.056679135930886505 50.05302557044399 16.0 50.30049500959412 16.0 0.9319895373967787 289.42608868640934 
155.71 56.42 2.0 -1.0 2.8936595854908 0.0 0.02316522291218108 0.03456044873834543 1.136369111385903 8.0 -1.0 -1.0 -1.0 -1.0 
155.71 56.42 2.0 -1.0 0.03110692935198607 13.603530527802178 0.4398092168823045 0.017971433343939622 2.292573134012579 1.0 -1.0 -1.0 -1.0 -1.0 
155.71 56.42 2.0 -1.0 0.002115023153604762 27.207061055604356 0.11000290147540624 0.07326815132529232 3.0568678377713208 1.0 -1.0 -1.0 -1.0 -1.0 
155.71 56.42 2.0 -1.0 252.67407210877 40.810591583406534 0.5084761966519021 0.10921101801317155 2.2771994883803415 2.0 -1.0 -1.0 -1.0 -1.0 
155.71 56.42 2.0 -1.0 109.99844724197537 68.01765263901089 0.7015919679774667 0.017971433343939622 3.778328335600446 1.0 -1.0 -1.0 -1.0 -1.0 
155.71 56.42 2.0 -1.0 0.742167900236 108.82824422241742 0.06717113988391868 0.013824179495338172 1.2944200667372308 32.0 -1.0 -1.0 -1.0 -1.0 
155.71 56.42 2.0 -1.0 2.27174930502 122.4317747502196 0.2471947847766056 0.016589015394405805 2.566428721168911 1.0 -1.0 -1.0 -1.0 -1.0 
155.71 56.42 2.0 -1.0 0.0021443838166475015 54.41412211120871 3.375614434310193 0.012441761545804354 5.665206928686718 32.0 -1.0 -1.0 -1.0 -1.0 
155.71 56.42 2.0 -1.0 0.004252814799581741 81.62118316681307 3.8358214714603345 0.031795612839277794 5.98738234796891 1.0 -1.0 -1.0 -1.0 -1.0 
155.71 56.42 2.0 -1.0 3.100775 95.22471369461525 1.8341140706762948 0.06082638977948796 14.6821843682254 8.0 14.768019768973502 8.0 3.1007706032445035 95.32845298692226 
156.87 56.42 2.0 -1.0 0.25640622895786946 13.536120640512745 2.0357801389985517 0.013824179495338172 49.73728318221295 32.0 49.891149297378846 32.0 0.2564168729198476 13.864116835677653 
156.87 56.42 2.0 -1.0 184.614253 40.60836192153823 0.0776048723514451 0.013824179495338172 2.0353107963640547 1.0 -1.0 -1.0 -1.0 -1.0 
156.87 56.42 2.0 -1.0 0.2015142891 54.14448256205098 0.2581910561960041 0.011059343596270537 2.8891016626455057 32.0 -1.0 -1.0 -1.0 -1.0 
156.87 56.42 2.0 -1.0 0.0025418332638687128 81.21672384307647 0.42870960754281573 0.024883523091608708 4.01408025313105 2.0 -1.0 -1.0 -1.0 -1.0 
156.87 56.42 2.0 -1.0 0.002361643206703525 94.75284448358921 0.8625684705825069 0.011059343596270537 4.602089144228335 2.0 -1.0 -1.0 -1.0 -1.0 
156.87 56.42 2.0 -1.0 0.701967086843 108.28896512410196 0.0807217742540839 0.016589015394405805 1.5602880624201534 32.0 -1.0 -1.0 -1.0 -1.0 
156.87 56.42 2.0 -1.0 0.2015142891 121.82508576461471 0.013092171966844394 0.03317803078881161 1.9852707456809973 8.0 -1.0 -1.0 -1.0 -1.0 
156.87 56.42 2.0 -1.0 265.8152125688832 0.0 1.653567173740338 0.017971433343939622 12.779118874739186 1.0 -1.0 -1.0 -1.0 -1.0 
156.87 56.42 2.0 -1.0 0.25640622895786946 13.536120640512745 2.0357801389985517 0.013824179495338172 49.73728318221295 32.0 49.891149297378846 32.0 0.2564168729198476 13.864116835677653 
156.87 56.42 2.0 -1.0 0.003302992313449221 27.07224128102549 2.6579233608580393 0.015206597444871989 3.959835069091641 1.0 -1.0 -1.0 -1.0 -1.0 
156.87 56.42 2.0 -1.0 0.025529235825387523 67.68060320256373 3.5330909349505513 0.02073626924300726 8.10637590963831 32.0 -1.0 -1.0 -1.0 -1.0 
158.39 55.25 2.0 -1.0 18.90166 0.0 0.3037024146099722 0.03732528463741306 3.531493112837313 16.0 -1.0 -1.0 -1.0 -1.0 
158.39 55.25 2.0 -1.0 24.009604 13.41558580111168 0.5577950391413088 0.019353851293473442 9.63416155828266 16.0 9.91433804295143 16.0 24.00956873316318 13.459325103249107 
158.39 55.25 2.0 -1.0 4.1785550317 26.83117160222336 0.26579233608580394 0.022118687192541075 7.5840573500724915 32.0 7.930363923537296 32.0 4.178552141335483 26.918650206498214 
158.39 55.25 2.0 -1.0 3.18414434133 40.24675740333504 0.25289502973203115 0.02350110514207489 2.4621007318860313 32.0 -1.0 -1.0 -1.0 -1.0 
158.39 55.25 2.0 -1.0 223.2232854038148 53.66234320444672 0.019236604356197163 0.030413194889743977 1.5492010482820155 2.0 -1.0 -1.0 -1.0 -1.0 
158.39 55.25 2.0 -1.0 0.61894065595 67.0779290055584 0.04017541726172728 0.020736269243007255 0.7774510145781632 4.0 -1.0 -1.0 -1.0 -1.0 
158.39 55.25 2.0 -1.0 2.698764 80.49351480667008 0.039188560946779236 0.019353851293473442 2.114203141630847 8.0 -1.0 -1.0 -1.0 -1.0 
158.39 55.25 2.0 -1.0 0.003364269329216067 93.90910060778177 0.06216978392254384 0.026265941041142528 3.4652104504305288 1.0 -1.0 -1.0 -1.0 -1.0 
158.39 55.25 2.0 -1.0 0.6457791716938079 107.32468640889344 0.6400009491490016 0.02211868719254107 11.545409520449924 32.0 11.644591756949243 32.0 0.6457715547488382 106.96621529424291 
158.39 55.25 2.0 -1.0 0.004577298591068276 120.74027221000512 0.24447745947558114 0.01520659744487199 3.5053800639987562 1.0 -1.0 -1.0 -1.0 -1.0 
16.76 55.03 2.0 -1.0 486.154230881221 36.29110989045606 0.11545327069384025 0.06220880772902177 0.963241701778404 1.0 -1.0 -1.0 -1.0 -1.0 
16.76 55.03 2.0 -1.0 2.515150138446 145.16443956182425 0.7333081784913691 0.016589015394405805 12.314895085508908 32.0 12.441578922180215 32.0 2.515146964772915 145.21903400874038 
16.76 55.03 2.0 -1.0 0.1323466 254.03776923319245 0.07383917380647688 0.06635606157762322 0.790903879613857 2.0 -1.0 -1.0 -1.0 -1.0 
16.76 55.03 2.0 -1.0 0.45630888762 290.3288791236485 0.013922408471454342 0.04700221028414978 1.5857511902719832 1.0 -1.0 -1.0 -1.0 -1.0 
16.76 55.03 2.0 -1.0 429.184549 326.6199890141046 0.021859184887200275 0.038707702586946884 -0.24308159094358872 1.0 -1.0 -1.0 -1.0 -1.0 
16.76 55.03 2.0 -1.0 0.80130712057 0.0 6.670869092409146 0.058061553880420315 20.137445939032236 16.0 -1.0 -1.0 -1.0 -1.0 
16.76 55.03 2.0 -1.0 0.8026608259746 72.58221978091213 1.0216471553317565 0.01520659744487199 24.910203676772614 32.0 25.16159578360129 32.0 0.8026593908046683 72.55891803781662 
16.76 55.03 2.0 -1.0 5.7291241736163805 108.8733296713682 3.0496389432454394 0.013824179495338174 75.61302298206033 32.0 76.6865704192304 32.0 5.729119341898089 108.88897602327849 
16.76 55.03 2.0 -1.0 0.7790225779 181.4555494522803 2.487365314604511 0.031795612839277794 31.700865626763143 16.0 32.409756479655606 16.0 0.7790125285585722 181.54909199420226 
16.76 55.03 2.0 -1.0 3.5852282245022074 217.7466593427364 2.562364236117258 0.06773847952715704 12.572633136121206 8.0 12.613316125408078 8.0 3.5852281143888836 217.6767541134499 
169.02 56.43 2.0 -1.0 0.3652624619393678 12.982401456059462 0.019343214725462587 0.027648358990676348 1.3691681406885121 1.0 -1.0 -1.0 -1.0 -1.0 
169.02 56.43 2.0 -1.0 2.996958107478261 25.964802912118923 0.23715784958474712 0.029030776940210157 2.4046785386602116 16.0 -1.0 -1.0 -1.0 -1.0 
169.02 56.43 2.0 -1.0 0.288597141714 38.94720436817838 0.022193951030734772 0.016589015394405805 3.0439539900102615 32.0 -1.0 -1.0 -1.0 -1.0 
169.02 56.43 2.0 -1.0 88.63067025815513 51.929605824237846 0.03333897897859852 0.03456044873834543 1.0746128061126046 1.0 -1.0 -1.0 -1.0 -1.0 
169.02 56.43 2.0 -1.0 1.555307 77.89440873635677 0.2634159475634402 0.08985716671969811 -0.7162709674416808 8.0 -1.0 -1.0 -1.0 -1.0 
169.02 56.43 2.0 -1.0 0.026607250597988085 90.87681019241623 0.03669918888002356 0.026265941041142528 2.715024104218375 4.0 -1.0 -1.0 -1.0 -1.0 
169.02 56.43 2.0 -1.0 316.48368670253 116.84161310453516 0.13627413729677892 0.006912089747669087 1.0368188617424423 1.0 -1.0 -1.0 -1.0 -1.0 
169.02 56.43 2.0 -1.0 0.01719488041013931 0.0 1.6040596785870795 0.006912089747669086 8.309469632544923 32.0 -1.0 -1.0 -1.0 -1.0 
169.02 56.43 2.0 -1.0 5.8086556360048 64.9120072802973 2.251828199773005 0.011059343596270537 81.67728702998838 32.0 81.72699247768153 32.0 5.808669811813161 64.86787512167427 
169.02 56.43 2.0 -1.0 2.3427772328 103.85921164847569 1.911736987624171 0.07603298722435994 8.616771844839096 4.0 9.976751858693314 8.0 2.342858351767063 103.62668350170742 
17.32 55.03 2.0 -1.0 2.06222270715 0.0 0.10118135941650402 0.03317803078881161 0.3427943196399738 1.0 -1.0 -1.0 -1.0 -1.0 
17.32 55.03 2.0 -1.0 3.0666178824950348 36.349392639646275 0.07496999618546879 0.019353851293473442 3.4641281213138635 8.0 -1.0 -1.0 -1.0 -1.0 
17.32 55.03 2.0 -1.0 0.634563531429 72.69878527929255 0.031156549511556473 0.026265941041142528 1.61137486031364 16.0 -1.0 -1.0 -1.0 -1.0 
17.32 55.03 2.0 -1.0 137.7782525504162 109.04817791893882 0.03207381464353671 0.017971433343939625 0.9346816714152483 1.0 -1.0 -1.0 -1.0 -1.0 
17.32 55.03 2.0 -1.0 35.662175932705 145.3975705585851 0.05063728905905742 0.016589015394405805 0.8275105815268864 8.0 -1.0 -1.0 -1.0 -1.0 
17.32 55.03 2.0 -1.0 0.358562007983 181.74696319823138 0.16185305906356484 0.03456044873834543 2.0376017011376266 32.0 -1.0 -1.0 -1.0 -1.0 
17.32 55.03 2.0 -1.0 5.250105943146989 218.09635583787764 0.04237041388009732 0.022118687192541075 0.7219588335992095 4.0 -1.0 -1.0 -1.0 -1.0 
17.32 55.03 2.0 -1.0 3.346415259444355 254.44574847752392 0.552807921196648 0.04423737438508215 1.7356672204787071 2.0 -1.0 -1.0 -1.0 -1.0 
17.32 55.03 2.0 -1.0 1.5462713682502525 290.7951411171702 0.015831422964399676 0.01520659744487199 0.5560635150358023 4.0 -1.0 -1.0 -1.0 -1.0 
17.32 55.03 2.0 -1.0 0.396239 327.1445337568165 0.19064614273734584 0.06773847952715704 2.1797691427286088 1.0 -1.0 -1.0 -1.0 -1.0 
17.88 55.03 2.0 -1.0 2.820474141608 0.0 0.02608805156199015 0.006912089747669087 0.5682407602828924 4.0 -1.0 -1.0 -1.0 -1.0 
17.88 55.03 2.0 -1.0 1.636554 36.40671693695072 0.5574098225214513 0.045619792334615966 4.791408653162475 8.0 -1.0 -1.0 -1.0 -1.0 
17.88 55.03 2.0 -1.0 0.02307439124125024 72.81343387390145 0.035551267203640914 0.038707702586946884 0.6681351247854207 16.0 -1.0 -1.0 -1.0 -1.0 
17.88 55.03 2.0 -1.0 2.7337872008546404 109.22015081085218 0.09890073518198203 0.013824179495338172 1.0078804617265293 2.0 -1.0 -1.0 -1.0 -1.0 
17.88 55.03 2.0 -1.0 0.813613 145.6268677478029 0.3984373436262631 0.04147253848601452 2.775092933234618 16.0 -1.0 -1.0 -1.0 -1.0 
17.88 55.03 2.0 -1.0 3.63362703526 218.44030162170435 0.2262744216607843 0.015206597444871989 3.1190177250031232 16.0 -1.0 -1.0 -1.0 -1.0 
17.88 55.03 2.0 -1.0 4.39777931 291.2537354956058 0.04093183418410041 0.031795612839277794 1.2624876290267029 4.0 -1.0 -1.0 -1.0 -1.0 
17.88 55.03 2.0 -1.0 1.7505409271745818 327.6604524325565 0.7079213307799325 0.009676925646736721 25.246596461143568 32.0 25.413099635482627 32.0 1.7505347689924142 327.5777094677997 
17.88 55.03 2.0 -1.0 3.01978 182.0335846847536 1.4501607341826344 0.02073626924300726 28.639226996852685 32.0 28.807960744208206 32.0 3.019795258296654 181.9538837266308 
17.88 55.03 2.0 -1.0 1.987795 254.84701855865507 1.7989765511541298 0.045619792334615966 15.46889871038209 16.0 16.039929533967584 16.0 1.9877916201949122 254.91759349687598 
173.65 56.43 2.0 -1.0 45.102610653564696 0.0 0.2867779491143187 0.08432749492156286 0.9236713718563018 8.0 -1.0 -1.0 -1.0 -1.0 
173.65 56.43 2.0 -1.0 204.55934656546316 12.84944012059272 0.035526715283987924 0.06082638977948796 1.4512731242205879 1.0 -1.0 -1.0 -1.0 -1.0 
173.65 56.43 2.0 -1.0 12.285441161466956 25.69888024118544 0.2546481902546703 0.03732528463741307 3.054392827795085 1.0 -1.0 -1.0 -1.0 -1.0 
173.65 56.43 2.0 -1.0 0.014111716139277362 38.54832036177816 0.2406235522250666 0.10091651031596865 1.9451347336992693 8.0 -1.0 -1.0 -1.0 -1.0 
173.65 56.43 2.0 -1.0 0.81742601326 89.94608084414904 0.3822594545999752 0.011059343596270537 10.108473191246361 32.0 10.165143718010118 32.0 0.8174235214634489 89.66136873292263 
173.65 56.43 2.0 -1.0 0.02850604555160601 102.79552096474175 0.10856843319584761 0.009676925646736721 2.774916734815587 8.0 -1.0 -1.0 -1.0 -1.0 
173.65 56.43 2.0 -1.0 0.3737524374439566 51.39776048237088 8.661512956629936 0.03041319488974398 122.38983861049881 32.0 122.71770873021738 32.0 0.37374168944855535 51.20615415221089 
173.65 56.43 2.0 -1.0 0.764175 64.2472006029636 1.4693210878159408 0.02073626924300726 34.57007851603714 32.0 34.77968204706301 32.0 0.7641877649196734 64.15948958992432 
173.65 56.43 2.0 -1.0 0.878622905444995 77.09664072355632 3.592158867031385 0.07741540517389377 17.14022633710207 8.0 18.82262174933028 16.0 0.878632514892767 77.11282502763774 
173.65 56.43 2.0 -1.0 4.279869765973 115.64496108533447 1.4273006104727985 0.022118687192541075 9.141478700070595 2.0 9.141478865292312 2.0 4.279718268662691 108.5853822239571 
174.81 56.43 2.0 -1.0 1.18994040124844 38.428775682516225 0.068625203982797 0.016589015394405805 2.478115768216593 4.0 -1.0 -1.0 -1.0 -1.0 
174.81 56.43 2.0 -1.0 269.687163 64.04795947086038 0.2429621118496883 0.01520659744487199 1.9134257580269944 1.0 -1.0 -1.0 -1.0 -1.0 
174.81 56.43 2.0 -1.0 0.3211609168549823 89.66714325920452 0.7368629809502529 0.035942866687879244 4.855155613807063 8.0 -1.0 -1.0 -1.0 -1.0 
174.81 56.43 2.0 -1.0 44.89581733394263 0.0 4.073436927058742 0.03456044873834543 47.039464023443756 8.0 -1.0 -1.0 -1.0 -1.0 
174.81 56.43 2.0 -1.0 0.03363455717906837 12.809591894172074 3.8015262684727196 0.012441761545804354 21.30295601458808 32.0 -1.0 -1.0 -1.0 -1.0 
174.81 56.43 2.0 -1.0 1.56246161188 25.61918378834415 5.095311235830818 0.04285495643554833 -inf 1.0 -1.0 -1.0 -1.0 -1.0 
174.81 56.43 2.0 -1.0 0.0068902549872972155 51.2383675766883 8.100108739552656 0.06497364362808941 4.049853065014455 8.0 -1.0 -1.0 -1.0 -1.0 
174.81 56.43 2.0 -1.0 0.859107 76.85755136503245 3.410776682707007 0.08432749492156286 11.481643818498371 8.0 12.102987752821589 16.0 0.8591086952947081 76.4044394958878 
174.81 56.43 2.0 -1.0 6.59709182778 102.4767351533766 3.690257789846957 0.017971433343939622 91.70391891756239 32.0 91.98600578365193 32.0 6.5970804522900535 102.51350623752892 
174.81 56.43 2.0 -1.0 0.827339092144 115.28632704754867 1.8002197938065532 0.027648358990676344 12.32736516177539 16.0 12.327364712043275 16.0 0.8273370137127738 108.38298635774281 
18.43 55.03 2.0 -1.0 0.534879930134053 0.0 0.017199806154973397 0.017971433343939625 1.88862696239504 4.0 -1.0 -1.0 -1.0 -1.0 
18.43 55.03 2.0 -1.0 1.952192814966 36.463192683567165 0.032949724307776485 0.11197585391223919 2.3562795856916745 1.0 -1.0 -1.0 -1.0 -1.0 
18.43 55.03 2.0 -1.0 28.107357409599 72.92638536713433 0.9774600356461515 0.01520659744487199 13.249356416459714 8.0 13.41514249120587 8.0 28.107388061471287 72.96370977024517 
18.43 55.03 2.0 -1.0 3.4672047206 109.38957805070149 0.04925714623546533 0.024883523091608708 0.7381466226433845 4.0 -1.0 -1.0 -1.0 -1.0 
18.43 55.03 2.0 -1.0 5.486065 145.85277073426866 0.17295128471299193 0.04009012053648069 0.9777831131689676 1.0 -1.0 -1.0 -1.0 -1.0 
18.43 55.03 2.0 -1.0 2.274361 182.31596341783583 0.05846240640937591 0.02350110514207489 2.0573185927370115 8.0 -1.0 -1.0 -1.0 -1.0 
18.43 55.03 2.0 -1.0 0.0040061858478016125 218.77915610140298 0.22847352570395624 0.027648358990676344 2.0355809385019272 1.0 -1.0 -1.0 -1.0 -1.0 
18.43 55.03 2.0 -1.0 6.107714243738 255.24234878497015 0.721249970799335 0.045619792334615966 4.090800149946779 4.0 -1.0 -1.0 -1.0 -1.0 
18.43 55.03 2.0 -1.0 1.10742 291.7055414685373 0.374936219222589 0.024883523091608708 3.4400951584042674 16.0 -1.0 -1.0 -1.0 -1.0 
18.43 55.03 2.0 -1.0 0.0386064318053542 328.1687341521045 0.2250273073630341 0.012441761545804354 1.7872485465475834 16.0 -1.0 -1.0 -1.0 -1.0 
18.99 55.03 2.0 -1.0 2.76203446627 109.54803966879766 0.966047542040352 0.02350110514207489 15.606454793520184 32.0 15.742618631435482 32.0 2.7620444598142058 109.69855948813559 
18.99 55.03 2.0 -1.0 0.004949232032673308 146.0640528917302 0.06360340234416484 0.011059343596270536 2.3501618609602057 8.0 -1.0 -1.0 -1.0 -1.0 
18.99 55.03 2.0 -1.0 1.2288412978165664 182.58006611466274 0.4654433038693023 0.012441761545804354 13.392463495685956 32.0 13.450124428471087 32.0 1.2288486080554626 182.7634671914879 
18.99 55.03 2.0 -1.0 4.4291820318041 255.61209256052786 0.17152342191960426 0.013824179495338172 2.206932749764047 16.0 -1.0 -1.0 -1.0 -1.0 
18.99 55.03 2.0 -1.0 0.5218245 292.1281057834604 0.22239996444081098 0.056679135930886505 0.3457350019666793 1.0 -1.0 -1.0 -1.0 -1.0 
18.99 55.03 2.0 -1.0 426.51934403983 328.64411900639294 0.03654738309850336 0.03317803078881161 1.3742995900570374 1.0 -1.0 -1.0 -1.0 -1.0 
18.99 55.03 2.0 -1.0 3.7414393324491 0.0 1.024474257441211 0.031795612839277794 7.525060846691644 16.0 -1.0 -1.0 -1.0 -1.0 
18.99 55.03 2.0 -1.0 205.22225531037 36.51601322293255 3.7158400018911237 0.022118687192541075 26.85811881326044 2.0 26.858119609346005 2.0 205.2222650187711 36.53245385167615 
18.99 55.03 2.0 -1.0 0.001341933801856741 73.0320264458651 5.252572277723245 0.02488352309160871 8.345136547834212 2.0 -1.0 -1.0 -1.0 -1.0 
18.99 55.03 2.0 -1.0 0.664187 219.0960793375953 9.19171054608519 0.07603298722435994 34.23594000576151 16.0 34.958720561789114 16.0 0.6641736642147105 218.5875355114141 
181.98 55.26 2.0 -1.0 0.654397111 12.541520600760748 0.1252592424949464 0.02073626924300726 2.0602804607164176 1.0 -1.0 -1.0 -1.0 -1.0 
181.98 55.26 2.0 -1.0 12.6998621581 25.083041201521496 0.2985021714522505 0.016589015394405805 4.210319679397575 32.0 -1.0 -1.0 -1.0 -1.0 
181.98 55.26 2.0 -1.0 100.80135882925016 37.624561802282244 0.08703500716290852 0.016589015394405805 1.9399447090736177 1.0 -1.0 -1.0 -1.0 -1.0 
181.98 55.26 2.0 -1.0 0.03721287955679095 50.16608240304299 0.028796913017838353 0.03041319488974398 1.6340951747078245 8.0 -1.0 -1.0 -1.0 -1.0 
181.98 55.26 2.0 -1.0 0.685533 62.70760300380374 0.013301860569649207 0.04009012053648069 2.4686022173384177 16.0 -1.0 -1.0 -1.0 -1.0 
181.98 55.26 2.0 -1.0 0.00820494416964135 87.79064420532524 0.16387830076108614 0.12165277955897592 1.3266139399059504 8.0 -1.0 -1.0 -1.0 -1.0 
181.98 55.26 2.0 -1.0 282.535701428469 100.33216480608598 0.17463215463497664 0.04147253848601452 0.3822682840561786 1.0 -1.0 -1.0 -1.0 -1.0 
181.98 55.26 2.0 -1.0 0.821629025162 112.87368540684673 0.08978324947588143 0.056679135930886505 1.0359031970675998 2.0 -1.0 -1.0 -1.0 -1.0 
181.98 55.26 2.0 -1.0 98.96535646146744 0.0 4.841372476313745 0.02626594104114253 39.23849698325774 4.0 -1.0 -1.0 -1.0 -1.0 
181.98 55.26 2.0 -1.0 3.46801177677 75.24912360456449 7.755127795831871 0.027648358990676344 165.0219927499679 32.0 165.0712509862436 32.0 3.468024563820412 75.19006429860217 
182.54 55.26 2.0 -1.0 0.785012 12.534644637388896 0.010041536703492851 0.03456044873834543 1.2460814244996203 8.0 -1.0 -1.0 -1.0 -1.0 
182.54 55.26 2.0 -1.0 31.953380185111733 25.06928927477779 0.19343214725462585 0.01520659744487199 2.501815679193607 8.0 -1.0 -1.0 -1.0 -1.0 
182.54 55.26 2.0 -1.0 0.001431107536828458 37.60393391216669 0.2921773626975146 0.015206597444871989 0.8762919755025613 2.0 -1.0 -1.0 -1.0 -1.0 
182.54 55.26 2.0 -1.0 57.80624908500715 50.13857854955558 0.33639744242527675 0.022118687192541075 0.9610109380909468 8.0 -1.0 -1.0 -1.0 -1.0 
182.54 55.26 2.0 -1.0 2.721551083248 62.673223186944476 0.029726742058157247 0.006912089747669086 2.0053824772455333 8.0 -1.0 -1.0 -1.0 -1.0 
182.54 55.26 2.0 -1.0 0.0016502206479446465 75.20786782433338 0.5008065115563315 0.022118687192541075 0.9396310602211062 2.0 -1.0 -1.0 -1.0 -1.0 
182.54 55.26 2.0 -1.0 1.22352355821 87.74251246172227 0.4814689191514564 0.03041319488974398 5.183496941345665 16.0 -1.0 -1.0 -1.0 -1.0 
182.54 55.26 2.0 -1.0 10.78643292 100.27715709911116 0.8246917104001704 0.03041319488974398 9.27685679503889 8.0 9.276856751859558 8.0 10.786485897066694 100.28715170917192 
182.54 55.26 2.0 -1.0 1.37333511678 112.81180173650006 0.041301097859493346 0.006912089747669086 1.1770818683490218 8.0 -1.0 -1.0 -1.0 -1.0 
182.54 55.26 2.0 -1.0 0.0018426428931229803 0.0 1.098510166047577 0.038707702586946884 0.9169802708115452 2.0 -1.0 -1.0 -1.0 -1.0 
19.55 55.03 2.0 -1.0 3.207184 0.0 0.0451196203330497 0.07188573337575849 0.9650200646130437 1.0 -1.0 -1.0 -1.0 -1.0 
19.55 55.03 2.0 -1.0 0.0015833605930140066 73.17239007971082 0.5278034774114226 0.008294507697202903 4.209824725609381 2.0 -1.0 -1.0 -1.0 -1.0 
19.55 55.03 2.0 -1.0 1.3012367996509 182.93097519927704 0.4702916161939979 0.013824179495338172 10.695937871261327 32.0 11.17372101295008 32.0 1.3012443863165877 182.7634671914879 
19.55 55.03 2.0 -1.0 0.499765 219.51717023913247 0.08941186207550403 0.017971433343939622 0.30372506322683346 1.0 -1.0 -1.0 -1.0 -1.0 
19.55 55.03 2.0 -1.0 0.909379126021 256.1033652789879 0.09627163549856319 0.013824179495338172 2.5756120595683303 32.0 -1.0 -1.0 -1.0 -1.0 
19.55 55.03 2.0 -1.0 173.708218965958 292.6895603188433 0.892884079763517 0.04423737438508214 2.488159156890098 1.0 -1.0 -1.0 -1.0 -1.0 
19.55 55.03 2.0 -1.0 128.25813729784 329.2757553586987 0.0831556933797168 0.09400442056829957 0.717863482043934 1.0 -1.0 -1.0 -1.0 -1.0 
19.55 55.03 2.0 -1.0 2.015344 36.58619503985541 1.1803402058496175 0.026265941041142528 18.491998015826997 32.0 19.038273998926503 32.0 2.0153493096586317 36.431255918569015 
19.55 55.03 2.0 -1.0 1.18486164335 109.75858511956623 5.850280880215022 0.038707702586946884 62.711979029378355 16.0 66.24793346497177 32.0 1.1848593809797119 109.90095535434986 
19.55 55.03 2.0 -1.0 4.61936868862 146.34478015942165 4.929118702665705 0.024883523091608708 100.80924523626518 32.0 100.98685788011069 32.0 4.619353906794762 146.3322112729189 
194.48 56.43 2.0 -1.0 17.485862788642 12.466821766584665 0.037649358067924674 0.019353851293473442 0.7704228140532238 2.0 -1.0 -1.0 -1.0 -1.0 
194.48 56.43 2.0 -1.0 0.022968596257459013 37.400465299753996 0.032029529200852905 0.009676925646736721 1.5181981959006061 1.0 -1.0 -1.0 -1.0 -1.0 
194.48 56.43 2.0 -1.0 155.2642352611918 62.33410883292333 0.44747118751276277 0.0027648358990676344 11.312507641813918 1.0 11.312507468521408 1.0 155.26408484826487 62.33792679399587 
194.48 56.43 2.0 -1.0 3.26978936174 74.80093059950799 0.7471147983930847 0.012441761545804354 22.42288501940668 32.0 22.422886053694334 32.0 3.269785035323973 74.78527256617362 
194.48 56.43 2.0 -1.0 0.922923422192 99.73457413267732 0.20957145722768147 0.03732528463741307 1.3616710663772669 16.0 -1.0 -1.0 -1.0 -1.0 
194.48 56.43 2.0 -1.0 9.410971404024096 0.0 1.7865912494267449 0.03041319488974398 26.49313538415124 16.0 -1.0 -1.0 -1.0 -1.0 
194.48 56.43 2.0 -1.0 212.765957 24.93364353316933 8.373215895525812 0.060826389779487955 26.258209437733964 1.0 26.25820929832891 1.0 212.76549280931553 24.894691544355492 
194.48 56.43 2.0 -1.0 1.330601 49.86728706633866 2.0856043462141063 0.08294507697202903 5.58991351635304 8.0 6.338555011533839 8.0 1.3306513816739123 51.30735208531804 
194.48 56.43 2.0 -1.0 342.465753 87.26775236609265 6.516004838727284 0.05529671798135269 28.963499227805173 1.0 28.963498773477184 1.0 342.4657431120674 87.23261833835137 
194.48 56.43 2.0 -1.0 1.143 112.201395899262 6.234182015477381 0.029030776940210157 76.02546569258949 16.0 76.02546553061232 16.0 1.1429923082080982 106.86501736113578 
195.06 56.43 2.0 -1.0 1.15226 0.0 0.02797336257603725 0.022118687192541075 0.9490624257511047 1.0 -1.0 -1.0 -1.0 -1.0 
195.06 56.43 2.0 -1.0 0.6890079310895 12.46585055967843 0.3218479632114377 0.012441761545804354 4.028650915604887 32.0 -1.0 -1.0 -1.0 -1.0 
195.06 56.43 2.0 -1.0 1.46195913357 24.93170111935686 0.5159068058447316 0.022118687192541075 9.865407367645496 16.0 10.003262520597428 16.0 1.4619824166099231 24.69229567814122 
195.06 56.43 2.0 -1.0 1.88704458069 37.39755167903529 0.03682617525797667 0.008294507697202903 1.453964715891144 1.0 -1.0 -1.0 -1.0 -1.0 
195.06 56.43 2.0 -1.0 1.713648107847 49.86340223871372 0.4124407198270377 0.015206597444871989 6.607459270083859 8.0 6.70815365180083 8.0 1.7136092841004333 50.19417482113953 
195.06 56.43 2.0 -1.0 1.70068 112.19265503710587 0.010280191389284826 0.006912089747669085 1.2258365911488218 8.0 -1.0 -1.0 -1.0 -1.0 
195.06 56.43 2.0 -1.0 141.630067516921 62.32925279839215 5.281682335805868 0.02073626924300726 46.79862403959252 2.0 46.79862444868976 2.0 141.629910406967 62.33792679399587 
195.06 56.43 2.0 -1.0 0.2785177904653875 74.79510335807058 1.9940221259603996 0.02350110514207489 33.606044911107496 32.0 33.901493487339344 32.0 0.27851759417292976 74.58287669995934 
195.06 56.43 2.0 -1.0 2.12042426647 87.260953917749 6.67547921863847 0.05529671798135269 64.26036946729751 16.0 65.63639279750028 32.0 2.120426264203464 87.23261833835137 
195.06 56.43 2.0 -1.0 5.0214063292 99.72680447742744 2.7494379596855723 0.07465056927482613 16.880521948882244 8.0 17.093717737798357 8.0 5.021380881468455 99.78116204363624 
2.24 55.03 2.0 -1.0 59.665418222544 0.0 0.8448754276301367 0.013824179495338172 10.258493724315818 8.0 -1.0 -1.0 -1.0 -1.0 
2.24 55.03 2.0 -1.0 8.389566016290834 36.744023536807894 0.23261443611725988 0.18524400523753148 0.7094616038503869 2.0 -1.0 -1.0 -1.0 -1.0 
2.24 55.03 2.0 -1.0 19.36309561082621 183.72011768403948 0.09410167626613881 0.03456044873834543 1.398172506612811 8.0 -1.0 -1.0 -1.0 -1.0 
2.24 55.03 2.0 -1.0 10.9405323 220.46414122084735 0.021219379168489504 0.027648358990676344 -0.045812848885455254 32.0 -1.0 -1.0 -1.0 -1.0 
2.24 55.03 2.0 -1.0 0.10857111194022039 257.20816475765525 0.9821983945518493 0.017971433343939622 13.43348459092294 32.0 13.472657525538686 32.0 0.10856335090162854 257.34634389144725 
2.24 55.03 2.0 -1.0 2.93069668519 293.95218829446316 0.10641496346621236 0.031795612839277794 0.5330228705425673 2.0 -1.0 -1.0 -1.0 -1.0 
2.24 55.03 2.0 -1.0 0.3967613979300639 330.69621183127106 0.035575836090715574 0.01520659744487199 2.7906091105611455 8.0 -1.0 -1.0 -1.0 -1.0 
2.24 55.03 2.0 -1.0 5.5373591568 73.48804707361579 1.4381884001221659 0.03456044873834543 10.314503100456495 16.0 10.451823966127565 16.0 5.537367542274296 73.46969943578085 
2.24 55.03 2.0 -1.0 0.115088121 110.23207061042368 1.4825764651044098 0.031795612839277794 6.916349792896592 32.0 7.178162423435944 32.0 0.11508139626433453 109.69855948813559 
2.24 55.03 2.0 -1.0 5.751536555171 146.97609414723158 8.667498783590988 0.053914300031818865 58.0524905457597 8.0 59.2433299882148 16.0 5.751523228051762 146.9393988715617 
20.11 55.03 2.0 -1.0 1.61613383449 0.0 0.011909885623504696 0.015206597444871989 2.4089331796722715 1.0 -1.0 -1.0 -1.0 -1.0 
20.11 55.03 2.0 -1.0 0.2104307696878421 109.996250122476 0.18596317084298622 0.01520659744487199 1.6613553858488235 1.0 -1.0 -1.0 -1.0 -1.0 
20.11 55.03 2.0 -1.0 0.8125946329902368 146.661666829968 0.04953013217684496 0.03456044873834543 0.9195749115901111 16.0 -1.0 -1.0 -1.0 -1.0 
20.11 55.03 2.0 -1.0 0.04098312229597392 219.992500244952 0.4673766019198573 0.08985716671969811 0.9150300121317155 2.0 -1.0 -1.0 -1.0 -1.0 
20.11 55.03 2.0 -1.0 2.08696826121 256.657916952444 0.04888424554533719 0.019353851293473442 0.8887560606406172 32.0 -1.0 -1.0 -1.0 -1.0 
20.11 55.03 2.0 -1.0 1.721551635017 293.323333659936 0.7972419798951421 0.01382417949533817 24.550234110853644 32.0 24.55023474532822 32.0 1.7215522044959168 293.3728080775877 
20.11 55.03 2.0 -1.0 9.808365445406661 329.988750367428 0.251501195620805 0.03041319488974398 2.263685050189679 8.0 -1.0 -1.0 -1.0 -1.0 
20.11 55.03 2.0 -1.0 0.89398205209 36.665416707492 1.5996331735108558 0.022118687192541075 32.00977662922422 32.0 32.39534038917815 32.0 0.8939726588626703 36.63365178478329 
20.11 55.03 2.0 -1.0 0.74364701461 73.330833414984 1.8315816449434905 0.06497364362808941 8.937626592137233 8.0 8.957621919366856 8.0 0.7437241341297826 74.27928290063794 
20.11 55.03 2.0 -1.0 0.73182352685 183.32708353746 7.912064681527268 0.012441761545804354 283.891817619224 32.0 284.3057391659845 32.0 0.7318097535365572 183.26945685702356 
20.67 55.03 2.0 -1.0 375.85602004288 0.0 0.13912793572153864 0.08294507697202903 0.548177822520046 1.0 -1.0 -1.0 -1.0 -1.0 
20.67 55.03 2.0 -1.0 0.17916629069406123 73.48347462913722 0.2585480425615838 0.016589015394405805 2.350300485977079 16.0 -1.0 -1.0 -1.0 -1.0 
20.67 55.03 2.0 -1.0 0.00721428470441448 110.22521194370583 0.3692808065379914 0.022118687192541075 0.809878002548906 8.0 -1.0 -1.0 -1.0 -1.0 
20.67 55.03 2.0 -1.0 106.97507197376 183.70868657284305 0.02645100905743632 0.02350110514207489 1.7544977101832822 4.0 -1.0 -1.0 -1.0 -1.0 
20.67 55.03 2.0 -1.0 1.2985102380369886 220.45042388741166 0.08252616410692565 0.009676925646736721 2.2115602376891115 32.0 -1.0 -1.0 -1.0 -1.0 
20.67 55.03 2.0 -1.0 0.008953561031815726 257.1921612019803 0.5137727631521563 0.029030776940210157 0.24899632132348204 8.0 -1.0 -1.0 -1.0 -1.0 
20.67 55.03 2.0 -1.0 0.80262320764 293.9338985165489 0.1690529689206087 0.06773847952715704 1.4657797523213012 1.0 -1.0 -1.0 -1.0 -1.0 
20.67 55.03 2.0 -1.0 0.785012 36.74173731456861 2.3634006668682335 0.022118687192541075 44.73954704598389 32.0 45.373185873849884 32.0 0.7850151935902735 36.431255918569015 
20.67 55.03 2.0 -1.0 0.003302992313449221 146.96694925827444 1.2033945513880444 0.02350110514207489 3.1253595809989445 1.0 -1.0 -1.0 -1.0 -1.0 
20.67 55.03 2.0 -1.0 4.580013 330.67563583111746 9.281042462954986 0.09262200261876576 52.34546389426312 8.0 52.473751888075874 8.0 4.579972786207994 330.51244952790665 
204.06 80.37 2.0 -1.0 3.2070528011 30.282828559156698 6.6939516053936705 0.015206597444871992 477.806106888939 32.0 477.8691655235292 32.0 3.207052638269185 30.25818199903371 
204.06 80.37 2.0 -1.0 3.0246300939145647 75.70707139789175 4.465447487050318 0.015206597444871992 311.37202325176185 32.0 311.4363029031004 32.0 3.02463073846108 75.69605396413785 
204.06 80.37 2.0 -1.0 5.029204318571 90.8484856774701 7.994481079808956 0.0400901205364807 228.95344167732821 16.0 229.16556360898505 16.0 5.0292025359037025 90.77454599710113 
204.06 80.37 2.0 -1.0 2.53578996532 105.98989995704844 1.0575537029719833 0.031795612839277794 34.58237634492521 32.0 34.582374366016865 32.0 2.5357849153806455 105.95423596317157 
21.23 55.03 2.0 -1.0 1.724 0.0 0.18353815962816797 0.02073626924300726 1.3452659661131918 16.0 -1.0 -1.0 -1.0 -1.0 
21.23 55.03 2.0 -1.0 1.02145 36.81078739345076 0.010759774765112088 0.01520659744487199 0.6934819833184723 16.0 -1.0 -1.0 -1.0 -1.0 
21.23 55.03 2.0 -1.0 216.3733370950632 110.43236218035227 0.21146209145153 0.008294507697202903 1.5020490652296457 1.0 -1.0 -1.0 -1.0 -1.0 
21.23 55.03 2.0 -1.0 0.015757197976037262 147.24314957380304 0.0228947535848214 0.016589015394405805 2.2591232974138964 8.0 -1.0 -1.0 -1.0 -1.0 
21.23 55.03 2.0 -1.0 8.428208952531248 184.0539369672538 0.20245599113661636 0.02350110514207489 1.8072003186741368 2.0 -1.0 -1.0 -1.0 -1.0 
21.23 55.03 2.0 -1.0 5.22349606796 220.86472436070454 0.4821346193585811 0.03041319488974398 3.181130220456743 8.0 -1.0 -1.0 -1.0 -1.0 
21.23 55.03 2.0 -1.0 0.0016963552480874539 294.4862991476061 0.091221248013141 0.016589015394405805 5.677459551722857 2.0 -1.0 -1.0 -1.0 -1.0 
21.23 55.03 2.0 -1.0 0.001457657401549976 331.29708654105684 0.38015262684727213 0.045619792334615966 4.65256398771048 2.0 -1.0 -1.0 -1.0 -1.0 
21.23 55.03 2.0 -1.0 0.11263689558758383 73.62157478690152 9.567491384329692 0.09400442056829957 5.469733407920651 8.0 -1.0 -1.0 -1.0 -1.0 
21.23 55.03 2.0 -1.0 4.545455 257.6755117541553 8.910354636170874 0.006912089747669086 313.76640128198335 32.0 313.8517429032011 32.0 4.545442304030682 257.64993769076864 
21.78 55.04 2.0 -1.0 0.026242947102859793 0.0 0.014774641499094882 0.016589015394405805 2.2886787956061028 1.0 -1.0 -1.0 -1.0 -1.0 
21.78 55.04 2.0 -1.0 23.957175372381 36.884742343773496 0.024329804200374016 0.009676925646736721 0.4493258809608541 1.0 -1.0 -1.0 -1.0 -1.0 
21.78 55.04 2.0 -1.0 1.54512280855 73.76948468754699 0.03687709275549668 0.017971433343939622 1.7478805837364502 2.0 -1.0 -1.0 -1.0 -1.0 
21.78 55.04 2.0 -1.0 16.71511018178156 110.65422703132049 0.10509986549258755 0.0483846282336836 0.04834315940159844 1.0 -1.0 -1.0 -1.0 -1.0 
21.78 55.04 2.0 -1.0 41.14202978752838 184.42371171886748 0.2921773626975146 0.02350110514207489 1.8831409304800708 1.0 -1.0 -1.0 -1.0 -1.0 
21.78 55.04 2.0 -1.0 21.2271044207833 221.30845406264098 0.02724855863352144 0.04700221028414978 2.833380130858102 16.0 -1.0 -1.0 -1.0 -1.0 
21.78 55.04 2.0 -1.0 3.2404792414142376 258.1931964064145 0.02583694877232695 0.017971433343939622 2.252539712471905 1.0 -1.0 -1.0 -1.0 -1.0 
21.78 55.04 2.0 -1.0 3.152350169250689 147.53896937509398 3.637106982091575 0.022118687192541075 74.09722018853586 32.0 74.20212066924141 32.0 3.1523389528350285 147.54658647020452 
21.78 55.04 2.0 -1.0 101.7320938393003 295.07793875018797 4.728979994171741 0.04423737438508215 19.369145044409475 1.0 19.36914508078134 1.0 101.73243936151268 295.09317294040903 
21.78 55.04 2.0 -1.0 428.7490184657 331.96268109396146 1.0502728289128866 0.07603298722435994 1.6358756128042178 1.0 -1.0 -1.0 -1.0 -1.0 
21.87 56.21 2.0 -1.0 220.16693718147062 0.0 0.10132125723595094 0.011059343596270537 0.7862723504789786 1.0 -1.0 -1.0 -1.0 -1.0 
21.87 56.21 2.0 -1.0 4.929022 38.87836251875635 0.04558961100544261 0.012441761545804354 1.377699208912972 2.0 -1.0 -1.0 -1.0 -1.0 
21.87 56.21 2.0 -1.0 0.025883631610384157 77.7567250375127 0.031985304904635636 0.022118687192541075 1.210388962814846 2.0 -1.0 -1.0 -1.0 -1.0 
21.87 56.21 2.0 -1.0 47.007143985465035 155.5134500750254 0.013533593923801211 0.013824179495338172 1.3828938888023603 2.0 -1.0 -1.0 -1.0 -1.0 
21.87 56.21 2.0 -1.0 0.005134571450367859 194.39181259378174 0.027323960847671802 0.08570991287109667 0.49574769329450424 8.0 -1.0 -1.0 -1.0 -1.0 
21.87 56.21 2.0 -1.0 1.06863614348 233.27017511253808 0.5155505174915492 0.01520659744487199 9.379223525343761 16.0 9.538884349297286 16.0 1.0686562745831907 233.5648296112702 
21.87 56.21 2.0 -1.0 0.1477177803212584 272.1485376312944 0.6277399637476767 0.08294507697202902 1.1551461008373227 2.0 -1.0 -1.0 -1.0 -1.0 
21.87 56.21 2.0 -1.0 0.08202959894687482 311.0269001500508 0.018265272784775223 0.006912089747669087 0.012527869660181042 1.0 -1.0 -1.0 -1.0 -1.0 
21.87 56.21 2.0 -1.0 2.612776 349.90526266880715 0.016410488614265587 0.009676925646736721 1.1728877576366283 1.0 -1.0 -1.0 -1.0 -1.0 
21.87 56.21 2.0 -1.0 4.573978487088626 116.63508755626904 7.307795382278147 0.031795612839277794 86.50958605278126 16.0 87.99880436459321 32.0 4.573970121176293 116.58001893942085 
213.42 55.24 2.0 -1.0 1.07150635426 0.0 0.35575836090715596 0.04423737438508215 2.7119460979474663 16.0 -1.0 -1.0 -1.0 -1.0 
213.42 55.24 2.0 -1.0 0.727564 12.538108167506923 0.13684017514024296 0.011059343596270537 1.2127549843782466 2.0 -1.0 -1.0 -1.0 -1.0 
213.42 55.24 2.0 -1.0 268.65020045513 25.076216335013847 0.2851973688702286 0.012441761545804354 1.452057749556278 1.0 -1.0 -1.0 -1.0 -1.0 
213.42 55.24 2.0 -1.0 266.0 62.69054083753461 0.07857592982991538 0.052531882082285056 1.4258064152520227 1.0 -1.0 -1.0 -1.0 -1.0 
213.42 55.24 2.0 -1.0 0.749653 75.22864900504155 0.012439687799583798 0.009676925646736721 1.3350932219598506 16.0 -1.0 -1.0 -1.0 -1.0 
213.42 55.24 2.0 -1.0 275.85470899694 100.30486534005539 0.3306373680429452 0.016589015394405805 1.9293768570369532 1.0 -1.0 -1.0 -1.0 -1.0 
213.42 55.24 2.0 -1.0 0.560796 112.8429735075623 0.015032032351528765 0.029030776940210157 1.0367345906486924 1.0 -1.0 -1.0 -1.0 -1.0 
213.42 55.24 2.0 -1.0 0.16723197844396526 37.61432450252077 7.343220827890099 0.03732528463741307 62.304215602612885 32.0 62.917765076087065 32.0 0.16722575916598242 37.443235249640374 
213.42 55.24 2.0 -1.0 48.5438764505726 50.15243267002769 7.512553516355127 0.013824179495338172 127.07658748830491 8.0 -1.0 -1.0 -1.0 -1.0 
213.42 55.24 2.0 -1.0 0.45813851213 87.76675717254847 9.02184849271757 0.035942866687879244 133.25153945902142 16.0 137.09376801711917 32.0 0.4581427977730831 87.63741007077991 
213.57 56.41 2.0 -1.0 3.7527013778 0.0 0.055779503914130876 0.05114946413275124 2.6530817645263074 1.0 -1.0 -1.0 -1.0 -1.0 
213.57 56.41 2.0 -1.0 3.38180924275 25.19034949042743 0.14401769029678593 0.026265941041142528 2.6388755809123694 32.0 -1.0 -1.0 -1.0 -1.0 
213.57 56.41 2.0 -1.0 12.981962077048623 37.78552423564115 0.016952077231295482 0.008294507697202903 0.378036332323217 1.0 -1.0 -1.0 -1.0 -1.0 
213.57 56.41 2.0 -1.0 0.87464894928 50.38069898085486 0.07409467180299634 0.011059343596270537 2.36171929419423 8.0 -1.0 -1.0 -1.0 -1.0 
213.57 56.41 2.0 -1.0 1.8077708574 62.97587372606857 0.036145630574195266 0.09538683851783337 1.9245137302126578 2.0 -1.0 -1.0 -1.0 -1.0 
213.57 56.41 2.0 -1.0 0.0034742522267341707 75.5710484712823 0.5151944751932532 0.08294507697202903 5.0254297566050425 1.0 -1.0 -1.0 -1.0 -1.0 
213.57 56.41 2.0 -1.0 0.0046408404588484465 88.16622321649601 0.3124276591845171 0.026265941041142528 6.366726300538185 1.0 -1.0 -1.0 -1.0 -1.0 
213.57 56.41 2.0 -1.0 280.91751733 100.76139796170972 0.16007386532839324 0.03456044873834543 2.129516256120613 1.0 -1.0 -1.0 -1.0 -1.0 
213.57 56.41 2.0 -1.0 0.002904191233120469 113.35657270692343 0.018532192071769888 0.016589015394405805 6.4290770039361025 1.0 -1.0 -1.0 -1.0 -1.0 
213.57 56.41 2.0 -1.0 141.63006751692097 12.595174745213715 1.5368046356341298 0.012441761545804356 20.490975757471386 2.0 20.49097636016443 2.0 141.629910406967 12.548543705284883 
218.78 56.41 2.0 -1.0 129.87013 0.0 0.012534580706566299 0.009676925646736721 0.4905090863167801 2.0 -1.0 -1.0 -1.0 -1.0 
218.78 56.41 2.0 -1.0 0.4309766901630031 12.719863815800686 0.013571044086248003 0.031795612839277794 0.6216675535361139 1.0 -1.0 -1.0 -1.0 -1.0 
218.78 56.41 2.0 -1.0 0.72282 25.43972763160137 0.06547591981353264 0.04009012053648069 0.697665530513468 32.0 -1.0 -1.0 -1.0 -1.0 
218.78 56.41 2.0 -1.0 2.3817202891513642 38.15959144740206 0.022878942329845036 0.03870770258694689 1.3692613173099923 4.0 -1.0 -1.0 -1.0 -1.0 
218.78 56.41 2.0 -1.0 137.14654583092138 50.87945526320274 0.03370953604869895 0.017971433343939622 1.6108204128598402 1.0 -1.0 -1.0 -1.0 -1.0 
218.78 56.41 2.0 -1.0 145.4511 63.59931907900343 0.05702635424403563 0.029030776940210157 2.4687893137654475 1.0 -1.0 -1.0 -1.0 -1.0 
218.78 56.41 2.0 -1.0 3.85557384197 76.31918289480411 0.010509986549258755 0.013824179495338172 0.03907741516046206 32.0 -1.0 -1.0 -1.0 -1.0 
218.78 56.41 2.0 -1.0 1.98059 89.0390467106048 0.6924430145429812 0.009676925646736721 24.68452621814596 32.0 24.768206948138168 32.0 1.9805762955608468 89.05418113427982 
218.78 56.41 2.0 -1.0 6.194650472344997 114.47877434220618 0.12630197479287292 0.012441761545804354 2.19574742977198 4.0 -1.0 -1.0 -1.0 -1.0 
218.78 56.41 2.0 -1.0 0.219403131079 101.75891052640549 4.533834329565707 0.01520659744487199 113.42529155344741 32.0 113.97350474581712 32.0 0.2194004385576894 102.00751657199324 
219.29 30.87 2.0 -1.0 0.8786229054449949 0.0 0.01954470424217292 0.08432749492156286 0.8415350738462035 1.0 -1.0 -1.0 -1.0 -1.0 
219.29 30.87 2.0 -1.0 6.01990518407 20.785462926054965 0.01362741372967789 0.01382417949533817 1.4185708386069233 1.0 -1.0 -1.0 -1.0 -1.0 
219.29 30.87 2.0 -1.0 1.1672031766 51.96365731513741 0.09053065854667372 0.019353851293473442 1.8040705441090907 4.0 -1.0 -1.0 -1.0 -1.0 
219.29 30.87 2.0 -1.0 1.636554 62.3563887781649 0.06502514182965707 0.02350110514207489 2.135930323752652 8.0 -1.0 -1.0 -1.0 -1.0 
219.29 30.87 2.0 -1.0 0.0011637544228730718 72.74912024119237 0.1125395386653212 0.035942866687879244 1.4692071550457584 2.0 -1.0 -1.0 -1.0 -1.0 
219.29 30.87 2.0 -1.0 0.40042483786757027 83.14185170421986 0.37312743763296663 0.07188573337575849 1.584745696526547 1.0 -1.0 -1.0 -1.0 -1.0 
219.29 30.87 2.0 -1.0 383.141762 10.392731463027483 7.404350157554982 0.05529671798135269 19.62300895353164 1.0 19.623008763397653 1.0 383.14222668608033 10.423387110035025 
219.29 30.87 2.0 -1.0 0.507087 31.17819438908245 3.80678242670776 0.01520659744487199 160.4009617825345 32.0 161.3614599001641 32.0 0.5070736127284666 31.27016133010507 
219.29 30.87 2.0 -1.0 400.5813533944 41.57092585210993 8.384793073894407 0.016589015394405805 84.26033677549017 1.0 84.26033818674837 1.0 400.58124189575517 41.59235050703296 
219.29 30.87 2.0 -1.0 0.54347721486 93.53458316724735 7.143077934856375 0.019353851293473442 199.2637970786097 32.0 199.9983719870182 32.0 0.5434837172894429 93.60808812410095 
219.36 56.41 2.0 -1.0 2.70735 0.0 0.02173870771700178 0.013824179495338172 1.0758986692459784 8.0 -1.0 -1.0 -1.0 -1.0 
219.36 56.41 2.0 -1.0 1.689189 38.20955369471903 0.20036883958375684 0.017971433343939622 2.911062542298005 32.0 -1.0 -1.0 -1.0 -1.0 
219.36 56.41 2.0 -1.0 0.6527 50.9460715929587 0.09153689138922276 0.012441761545804354 1.7164407072033065 8.0 -1.0 -1.0 -1.0 -1.0 
219.36 56.41 2.0 -1.0 1.84704824843 63.68258949119838 0.03363974424252767 0.08018024107296139 1.3151432484067729 4.0 -1.0 -1.0 -1.0 -1.0 
219.36 56.41 2.0 -1.0 0.59505 76.41910738943805 0.2749437959685573 0.019353851293473442 4.413152412119819 16.0 -1.0 -1.0 -1.0 -1.0 
219.36 56.41 2.0 -1.0 1.273166302706 89.15562528767774 0.9217145848418996 0.004147253848601451 81.67267314698151 32.0 81.7722465570688 32.0 1.2731713165218632 89.15537906738696 
219.36 56.41 2.0 -1.0 2.706349 114.62866108415707 0.47159300720092434 0.031795612839277794 3.019621941606234 8.0 -1.0 -1.0 -1.0 -1.0 
219.36 56.41 2.0 -1.0 1.941748 12.736517898239676 8.978324947588142 0.02350110514207489 228.65560055291715 32.0 228.97169994307103 32.0 1.9417408717951428 12.852137504606292 
219.36 56.41 2.0 -1.0 1.191335192834 25.47303579647935 4.000923210065315 0.03317803078881161 72.65148086835065 16.0 72.9082218831407 32.0 1.1913167933622997 25.50187914299831 
219.36 56.41 2.0 -1.0 0.59503515667 101.8921431859174 1.90777895102889 0.03456044873834543 27.17472173355121 16.0 27.2895316543442 16.0 0.5950520668799679 102.20991243820751 
219.94 56.41 2.0 -1.0 1.5462713682502525 0.0 0.07143077934856376 0.012441761545804354 0.850086331776678 1.0 -1.0 -1.0 -1.0 -1.0 
219.94 56.41 2.0 -1.0 0.02318067352424208 12.75317120831517 0.08530865588540773 0.022118687192541075 1.7902372480102229 4.0 -1.0 -1.0 -1.0 -1.0 
219.94 56.41 2.0 -1.0 0.8189874162 38.25951362494551 0.7093900431442742 0.016589015394405805 20.31724625702133 16.0 20.39678189483681 16.0 0.8189696624564629 38.45521458071173 
219.94 56.41 2.0 -1.0 11.7547287226 51.01268483326068 0.7749772057780361 0.016589015394405805 14.927260990141642 16.0 14.927261271721612 16.0 11.754733956574153 51.00375828599662 
219.94 56.41 2.0 -1.0 0.42457829519 63.765856041575844 0.023585075113822355 0.029030776940210157 0.5077746674151685 16.0 -1.0 -1.0 -1.0 -1.0 
219.94 56.41 2.0 -1.0 35.2051272362 76.51902724989102 0.6234182015477384 0.06082638977948796 2.1211315775584616 2.0 -1.0 -1.0 -1.0 -1.0 
219.94 56.41 2.0 -1.0 0.0017679866917203356 102.02536966652136 0.3965151870171643 0.07879782312342758 7.007979414081881 2.0 -1.0 -1.0 -1.0 -1.0 
219.94 56.41 2.0 -1.0 1.451168 25.50634241663034 8.173183303247916 0.05114946413275123 66.69019889991701 16.0 70.87294562488924 32.0 1.4511594296588253 25.704275009212584 
219.94 56.41 2.0 -1.0 0.90635 89.27219845820619 1.4174741629268062 0.012441761545804354 55.305362284551755 32.0 55.44458122506687 32.0 0.9063417868067821 89.35777493360122 
219.94 56.41 2.0 -1.0 1.437835 114.77854087483652 2.265872786768344 0.008294507697202903 61.1212567005389 16.0 61.25846906658096 16.0 1.4378504905228815 111.52012228406403 
22.34 55.04 2.0 -1.0 0.602381 36.981172447797455 0.017295128471299184 0.05391430003181887 0.2917218285676675 1.0 -1.0 -1.0 -1.0 -1.0 
22.34 55.04 2.0 -1.0 0.0024727047830328253 73.96234489559491 0.01790297859955299 0.01520659744487199 3.5091884753254865 1.0 -1.0 -1.0 -1.0 -1.0 
22.34 55.04 2.0 -1.0 246.55815713199 110.94351734339236 0.6325285139869439 0.029030776940210157 1.9046625925624865 1.0 -1.0 -1.0 -1.0 -1.0 
22.34 55.04 2.0 -1.0 27.75286 184.90586223898728 0.04939345061540832 0.02073626924300726 0.5215168342280602 1.0 -1.0 -1.0 -1.0 -1.0 
22.34 55.04 2.0 -1.0 4.42268268368 221.88703468678472 0.08959736334752315 0.04423737438508215 0.49450084066363614 2.0 -1.0 -1.0 -1.0 -1.0 
22.34 55.04 2.0 -1.0 1.8244604519282162 258.8682071345822 0.04502620522961263 0.05944397182995413 1.4587181340458573 1.0 -1.0 -1.0 -1.0 -1.0 
22.34 55.04 2.0 -1.0 0.0043317128940357705 0.0 9.390684932040841 0.06497364362808941 6.201517030439233 2.0 -1.0 -1.0 -1.0 -1.0 
22.34 55.04 2.0 -1.0 20.46088289466011 147.92468979118982 5.025394001268609 0.027648358990676344 64.26264390181528 8.0 64.26264515430861 8.0 20.460962938765686 147.95137820263307 
22.34 55.04 2.0 -1.0 0.70366819287 295.84937958237964 2.0259590509116925 0.031795612839277794 23.64347527112033 16.0 24.553919818130044 32.0 0.7036760507617146 295.90275640526613 
22.34 55.04 2.0 -1.0 0.23496782854016696 332.8305520301771 4.147264900506527 0.005529671798135269 178.65463456984855 32.0 178.96111091577907 32.0 0.23495279795800647 332.7388040562637 
22.45 56.21 2.0 -1.0 0.0018511302370087712 0.0 0.1867356005517758 0.03041319488974398 1.4357339280905341 32.0 -1.0 -1.0 -1.0 -1.0 
22.45 56.21 2.0 -1.0 0.01554145218618354 38.9763559760368 0.7517745316634095 0.02350110514207489 0.9925590211164016 16.0 -1.0 -1.0 -1.0 -1.0 
22.45 56.21 2.0 -1.0 7.479017300127568 77.9527119520736 0.02897651852687188 0.04147253848601452 1.494242903523939 16.0 -1.0 -1.0 -1.0 -1.0 
22.45 56.21 2.0 -1.0 2.5326985081 116.9290679281104 0.2659760207306633 0.2018330206319373 2.3040155541285285 1.0 -1.0 -1.0 -1.0 -1.0 
22.45 56.21 2.0 -1.0 15.601712435858618 194.881779880184 0.011885227543732946 0.019353851293473442 1.8289807017613562 2.0 -1.0 -1.0 -1.0 -1.0 
22.45 56.21 2.0 -1.0 3.402191551 233.8581358562208 0.8637610958729159 0.04285495643554833 7.841994306692203 8.0 7.902159524308461 8.0 3.4022377803921704 233.76722547748452 
22.45 56.21 2.0 -1.0 254.33303103 272.8344918322576 0.02504608637573597 0.029030776940210157 0.2530757610763996 1.0 -1.0 -1.0 -1.0 -1.0 
22.45 56.21 2.0 -1.0 0.0045772985910682755 350.7872037843312 0.4755188273662868 0.04423737438508215 2.5486988425934975 16.0 -1.0 -1.0 -1.0 -1.0 
22.45 56.21 2.0 -1.0 198.08369995680323 155.9054239041472 5.734239758366275 0.01382417949533817 44.336235257742366 1.0 44.33623475161798 1.0 198.0835804715753 155.94601491809684 
22.45 56.21 2.0 -1.0 0.16193798815580443 311.8108478082944 1.098510166047577 0.022118687192541075 8.121884398984625 32.0 8.551509019399298 32.0 0.16195068989569944 310.2728629064794 
23.02 56.21 2.0 -1.0 278.60300920296 234.43270822770165 0.04213688881542749 0.013824179495338172 1.1144568978972849 1.0 -1.0 -1.0 -1.0 -1.0 
23.02 56.21 2.0 -1.0 2.8936595854908 273.5048262656519 0.021190080826200126 0.027648358990676344 1.384567976546877 1.0 -1.0 -1.0 -1.0 -1.0 
23.02 56.21 2.0 -1.0 10.175670257180693 351.64906234155245 0.012243590363412011 0.011059343596270537 1.120057623841584 4.0 -1.0 -1.0 -1.0 -1.0 
23.02 56.21 2.0 -1.0 0.691778 0.0 2.416230231392835 0.04700221028414978 4.2725567158523985 32.0 -1.0 -1.0 -1.0 -1.0 
23.02 56.21 2.0 -1.0 209.57669463535 39.072118037950275 3.1590023937601206 0.008294507697202903 39.09340484030314 2.0 39.09340435282615 2.0 209.57668311893943 39.06240217935455 
23.02 56.21 2.0 -1.0 157.728707 78.14423607590055 1.384567494348229 0.035942866687879244 4.294488481996528 1.0 -1.0 -1.0 -1.0 -1.0 
23.02 56.21 2.0 -1.0 0.403403 117.21635411385083 2.530698012638485 0.07188573337575849 6.521878527354388 8.0 6.698683789615031 8.0 0.403451849706471 119.10996726709925 
23.02 56.21 2.0 -1.0 2.181080193687 156.2884721518011 5.32933066309083 0.017971433343939622 138.61194691080408 32.0 138.61194328891443 32.0 2.1810895608117185 156.2496087174182 
23.02 56.21 2.0 -1.0 0.0014711164738485903 195.36059018975138 7.819686083637166 0.016589015394405805 8.478959827542083 2.0 -1.0 -1.0 -1.0 -1.0 
23.02 56.21 2.0 -1.0 9.990329951227002 312.5769443036022 3.788417601929283 0.019353851293473442 43.33983688368394 8.0 43.63569698134468 8.0 9.99037486811479 312.6004153679436 
23.46 55.04 2.0 -1.0 0.24042930163565163 0.0 0.5028866967141119 0.07741540517389377 2.033608865310349 8.0 -1.0 -1.0 -1.0 -1.0 
23.46 55.04 2.0 -1.0 0.11793389859857506 37.157144702967 0.017271248479812762 0.016589015394405805 1.470043945818173 8.0 -1.0 -1.0 -1.0 -1.0 
23.46 55.04 2.0 -1.0 0.28331 74.314289405934 0.08794161145692234 0.026265941041142528 1.4510614759301375 4.0 -1.0 -1.0 -1.0 -1.0 
23.46 55.04 2.0 -1.0 3.24303 111.47143410890101 0.4929118702665705 0.012441761545804354 12.76157445426712 32.0 12.823306388681665 32.0 3.2430155746017895 111.4189243509569 
23.46 55.04 2.0 -1.0 1.239587 148.628578811868 0.027954044003046394 0.03732528463741307 2.4268630589918243 8.0 -1.0 -1.0 -1.0 -1.0 
23.46 55.04 2.0 -1.0 0.2158 185.785723514835 0.3128596354744866 0.03456044873834543 1.655762309125885 1.0 -1.0 -1.0 -1.0 -1.0 
23.46 55.04 2.0 -1.0 1.35421422194 222.94286821780202 0.3667384419873411 0.02073626924300726 4.230818448552006 32.0 -1.0 -1.0 -1.0 -1.0 
23.46 55.04 2.0 -1.0 3.31882067385 260.100012920769 0.4307878306033789 0.006912089747669086 16.82112170689452 16.0 17.185284932346462 16.0 3.3188067997495336 260.0786880853399 
23.46 55.04 2.0 -1.0 24.141992420828597 297.257157623736 0.01564658061099084 0.009676925646736721 1.2276198375380023 4.0 -1.0 -1.0 -1.0 -1.0 
23.46 55.04 2.0 -1.0 358.3494338642141 334.414302326703 0.327454916287773 0.019353851293473442 2.555876424522377 1.0 -1.0 -1.0 -1.0 -1.0 
230.62 49.39 2.0 -1.0 2.054398913559 0.0 0.3637106982091573 0.031795612839277794 1.7090022936965144 1.0 -1.0 -1.0 -1.0 -1.0 
230.62 49.39 2.0 -1.0 0.0031984309168074355 12.875930678530565 0.10394453964744334 0.022118687192541075 0.8789374607415871 16.0 -1.0 -1.0 -1.0 -1.0 
230.62 49.39 2.0 -1.0 317.594454701573 25.75186135706113 0.4994245040193284 0.008294507697202903 5.117482476859584 1.0 -1.0 -1.0 -1.0 -1.0 
230.62 49.39 2.0 -1.0 336.74002 38.627792035591696 0.6325285139869439 0.009676925646736721 6.692574578617659 1.0 -1.0 -1.0 -1.0 -1.0 
230.62 49.39 2.0 -1.0 20.517029 51.50372271412226 0.3187501112611771 0.017971433343939622 3.8958023379485414 8.0 -1.0 -1.0 -1.0 -1.0 
230.62 49.39 2.0 -1.0 1.713648107847 64.37965339265283 0.013721883928644856 0.04423737438508215 2.0982744093087202 1.0 -1.0 -1.0 -1.0 -1.0 
230.62 49.39 2.0 -1.0 435.818755096939 90.13151474971396 0.03992639748175488 0.012441761545804354 1.4082545971824836 1.0 -1.0 -1.0 -1.0 -1.0 
230.62 49.39 2.0 -1.0 3.769066848 103.00744542824452 0.012371126305091651 0.03041319488974398 1.4275143352593564 2.0 -1.0 -1.0 -1.0 -1.0 
230.62 49.39 2.0 -1.0 355.618777 115.88337610677509 0.09455784582756949 0.031795612839277794 2.4002109126866435 1.0 -1.0 -1.0 -1.0 -1.0 
230.62 49.39 2.0 -1.0 0.8573028021 77.25558407118339 1.7463215463497672 0.009676925646736721 82.15630761919387 32.0 82.35548882555796 32.0 0.8572897058911623 77.21402296074488 
236.12 56.38 2.0 -1.0 0.06857004804796225 0.0 0.04963289150104199 0.011059343596270537 2.357717374286377 8.0 -1.0 -1.0 -1.0 -1.0 
236.12 56.38 2.0 -1.0 3.20848561308 13.320918522072702 0.01790297859955299 0.031795612839277794 1.8615397195122467 16.0 -1.0 -1.0 -1.0 -1.0 
236.12 56.38 2.0 -1.0 0.9243476491536 26.641837044145404 0.8769893096646312 0.011059343596270537 38.283738628112424 32.0 38.539820998205954 32.0 0.9243497819018861 26.716254340283946 
236.12 56.38 2.0 -1.0 0.0025653029197927 39.96275556621811 0.05270747206075626 0.016589015394405805 6.977898970022263 2.0 -1.0 -1.0 -1.0 -1.0 
236.12 56.38 2.0 -1.0 0.7479 53.28367408829081 0.049325251342871065 0.017971433343939622 2.4446473550630703 32.0 -1.0 -1.0 -1.0 -1.0 
236.12 56.38 2.0 -1.0 272.081088484952 66.60459261036351 0.10216471553317565 0.024883523091608708 0.5354009820282875 1.0 -1.0 -1.0 -1.0 -1.0 
236.12 56.38 2.0 -1.0 5.3890932493 79.92551113243621 0.9580719820772557 0.052531882082285056 7.254025042500599 8.0 7.254025042500599 8.0 5.389059272905191 79.94636715463757 
236.12 56.38 2.0 -1.0 13.59246800276662 93.24642965450892 0.06165651845890035 0.07188573337575849 1.356957713933528 1.0 -1.0 -1.0 -1.0 -1.0 
236.12 56.38 2.0 -1.0 458.12007798349 106.56734817658162 0.481136413810628 0.03732528463741307 1.0424986954201572 1.0 -1.0 -1.0 -1.0 -1.0 
236.12 56.38 2.0 -1.0 0.02957354326608582 119.88826669865432 4.34373964253692 0.015206597444871992 67.4635295038253 32.0 67.46352839079839 32.0 0.02955857780762017 118.19918586913504 
24.02 55.04 2.0 -1.0 22.10004678013 0.0 0.08173183303247916 0.17694949754032863 0.9158416718855042 2.0 -1.0 -1.0 -1.0 -1.0 
24.02 55.04 2.0 -1.0 1.486923 37.237508909264726 0.7835909453575256 0.017971433343939622 23.216267702260847 32.0 23.228421457104297 32.0 1.4869328879285604 37.342037316533236 
24.02 55.04 2.0 -1.0 0.33166013815647993 260.6625623648531 0.020884879949607416 0.04009012053648069 1.3311004181936905 1.0 -1.0 -1.0 -1.0 -1.0 
24.02 55.04 2.0 -1.0 7.794831341300507 297.9000712741178 0.051984226606908684 0.01520659744487199 1.595567581865566 1.0 -1.0 -1.0 -1.0 -1.0 
24.02 55.04 2.0 -1.0 1.875466208964955 335.1375801833825 0.01706959520944684 0.09400442056829957 1.5968980516517717 1.0 -1.0 -1.0 -1.0 -1.0 
24.02 55.04 2.0 -1.0 0.626629 74.47501781852945 2.691181534972077 0.022118687192541075 36.59415210725115 32.0 36.85843823985307 32.0 0.6266418495215476 74.58287669995934 
24.02 55.04 2.0 -1.0 26.38213277689397 111.71252672779417 1.1934594860975862 0.10921101801317155 3.21234145484821 2.0 -1.0 -1.0 -1.0 -1.0 
24.02 55.04 2.0 -1.0 12.385435 148.9500356370589 2.80313984363812 0.05806155388042031 18.924833833491935 8.0 18.9248339935626 8.0 12.385377582783502 148.9633575337044 
24.02 55.04 2.0 -1.0 3.548042944291 186.18754454632364 1.6777315525707734 0.02350110514207489 27.801772489972112 16.0 28.00296262870251 16.0 3.5480600975764296 186.20419691713053 
24.02 55.04 2.0 -1.0 0.0865148188 223.42505345558834 4.346741528465428 0.0483846282336836 15.14364008999348 16.0 15.296282636229115 16.0 0.08652326262866458 227.99894329037778 
24.17 56.21 2.0 -1.0 0.458716 39.230529890073974 0.013192042178755196 0.062208807729021785 0.47037322946241167 8.0 -1.0 -1.0 -1.0 -1.0 
24.17 56.21 2.0 -1.0 7.11838566803 78.46105978014795 0.5628271480212301 0.035942866687879244 2.8045659084410564 8.0 -1.0 -1.0 -1.0 -1.0 
24.17 56.21 2.0 -1.0 244.391377738396 117.69158967022193 0.926182710752244 0.031795612839277794 3.9441361763872145 1.0 -1.0 -1.0 -1.0 -1.0 
24.17 56.21 2.0 -1.0 0.54577427435 156.9221195602959 0.19303166773129504 0.020736269243007255 3.492260887446425 32.0 -1.0 -1.0 -1.0 -1.0 
24.17 56.21 2.0 -1.0 0.36228891961 196.15264945036986 0.30140323878155 0.012441761545804354 5.445922780266851 32.0 -1.0 -1.0 -1.0 -1.0 
24.17 56.21 2.0 -1.0 13.655075874659035 235.38317934044386 0.6574788520025431 0.026265941041142528 4.4467739006984734 4.0 -1.0 -1.0 -1.0 -1.0 
24.17 56.21 2.0 -1.0 2.83973605453 274.6137092305178 0.4382926385504238 0.012441761545804354 9.979318473907153 16.0 10.312999581949365 16.0 2.839745623835673 274.7523883858746 
24.17 56.21 2.0 -1.0 0.907696 313.8442391205918 0.9580719820772557 0.022118687192541075 9.172188243346278 16.0 9.496016054573532 16.0 0.9076757123693825 313.5111967659078 
24.17 56.21 2.0 -1.0 1.116957930831 0.0 7.2574838589214705 0.038707702586946884 30.354103023297338 16.0 -1.0 -1.0 -1.0 -1.0 
24.17 56.21 2.0 -1.0 2.38677780294 353.07476901066576 1.4038306864969674 0.02350110514207489 19.80178031121416 16.0 19.801780503895728 16.0 2.3867566293726368 353.07958861079806 
24.58 55.04 2.0 -1.0 128.25891710032 0.0 0.16777315525707734 0.027648358990676344 0.8399552222124572 1.0 -1.0 -1.0 -1.0 -1.0 
24.58 55.04 2.0 -1.0 0.9855927019356282 74.69104247938856 0.01932985618465305 0.031795612839277794 0.452869945719119 16.0 -1.0 -1.0 -1.0 -1.0 
24.58 55.04 2.0 -1.0 0.014980462096522085 149.3820849587771 0.037055859042098606 0.04147253848601452 0.17000631139212866 1.0 -1.0 -1.0 -1.0 -1.0 
24.58 55.04 2.0 -1.0 6.30957344480193 186.7276061984714 0.980842238722258 0.012441761545804356 14.735931573881947 16.0 14.783718704438805 16.0 6.309589177059631 186.81138451577334 
24.58 55.04 2.0 -1.0 104.491133 261.41864867785995 0.2052727181469264 0.011059343596270537 2.5597746644020214 1.0 -1.0 -1.0 -1.0 -1.0 
24.58 55.04 2.0 -1.0 1.35193245777 298.7641699175542 0.11730240887216133 0.21150994627867403 1.5577537895322584 8.0 -1.0 -1.0 -1.0 -1.0 
24.58 55.04 2.0 -1.0 19.1744057 37.34552123969428 1.436202642872211 0.03732528463741307 14.601183191672739 16.0 14.601182551248787 16.0 19.1743917336377 37.342037316533236 
24.58 55.04 2.0 -1.0 3.46493998447 112.03656371908284 4.828012399922341 0.049767046183217416 48.12447076284993 16.0 48.12447067935753 16.0 3.464932281834384 112.02611194959972 
24.58 55.04 2.0 -1.0 0.74884614571 224.07312743816567 4.549522283913506 0.013824179495338174 142.8678412562146 32.0 143.25724984268868 32.0 0.7488476209497701 224.1534218323066 
24.58 55.04 2.0 -1.0 0.80755526467 336.1096911572485 5.296297807688797 0.012441761545804354 198.72057574338072 32.0 198.7496029199548 32.0 0.8075403457041831 336.07833584879916 
24.75 56.21 2.0 -1.0 0.351294 0.0 0.021455228951983867 0.011059343596270537 1.8553975788512538 4.0 -1.0 -1.0 -1.0 -1.0 
24.75 56.21 2.0 -1.0 0.06140946221409365 39.327993295259816 0.015283345177132387 0.03732528463741307 0.43183387982072485 1.0 -1.0 -1.0 -1.0 -1.0 
24.75 56.21 2.0 -1.0 0.2876229454360985 196.6399664762991 0.09821983945518488 0.01520659744487199 0.8030477091182303 1.0 -1.0 -1.0 -1.0 -1.0 
24.75 56.21 2.0 -1.0 25.393752987052665 235.9679597715589 0.01985773875891723 0.017971433343939622 1.8971847825878654 1.0 -1.0 -1.0 -1.0 -1.0 
24.75 56.21 2.0 -1.0 1.32119257131 353.95193965733836 0.05706576420513988 0.01520659744487199 0.5602557014573881 32.0 -1.0 -1.0 -1.0 -1.0 
24.75 56.21 2.0 -1.0 1.6226634697651 78.65598659051963 2.3880191423863355 0.16589015394405807 3.655159228123285 1.0 -1.0 -1.0 -1.0 -1.0 
24.75 56.21 2.0 -1.0 0.0010615620346009324 117.98397988577945 2.2086882126832648 0.03456044873834543 10.828896819924411 2.0 -1.0 -1.0 -1.0 -1.0 
24.75 56.21 2.0 -1.0 0.01800350828319109 157.31197318103926 3.744185316125869 0.013824179495338172 27.398925685147045 32.0 27.601507120242907 32.0 0.01800799509510398 158.98195291131088 
24.75 56.21 2.0 -1.0 24.4289793809236 275.2959530668187 1.109186309333635 0.016589015394405805 7.061277169780586 4.0 7.322041995595863 4.0 24.429027689620856 275.2583780514103 
24.75 56.21 2.0 -1.0 0.754761301536 314.6239463620785 3.7571409303012784 0.022118687192541075 83.33334496251038 32.0 83.77531876975054 32.0 0.7547593365112941 314.72557196319343 
24.75 56.21 2.0 -1.0 0.351294 0.0 0.021455228951983863 0.011059343596270537 1.8553975788512538 4.0 -1.0 -1.0 -1.0 -1.0 
24.75 56.21 2.0 -1.0 0.06140946221409365 39.327993295259816 0.015283345177132389 0.03732528463741307 0.43183387982072485 1.0 -1.0 -1.0 -1.0 -1.0 
24.75 56.21 2.0 -1.0 0.28762294543609845 196.6399664762991 0.09821983945518487 0.01520659744487199 0.8030477091182305 1.0 -1.0 -1.0 -1.0 -1.0 
24.75 56.21 2.0 -1.0 25.39375298705266 235.9679597715589 0.01985773875891723 0.017971433343939622 1.8971847825878367 1.0 -1.0 -1.0 -1.0 -1.0 
24.75 56.21 2.0 -1.0 1.32119257131 353.95193965733836 0.05706576420513988 0.01520659744487199 0.5602557014573881 32.0 -1.0 -1.0 -1.0 -1.0 
24.75 56.21 2.0 -1.0 1.6226634697651 78.65598659051963 2.3880191423863355 0.16589015394405807 3.655159228123285 1.0 -1.0 -1.0 -1.0 -1.0 
24.75 56.21 2.0 -1.0 0.0010615620346009324 117.98397988577945 2.2086882126832648 0.03456044873834543 10.828896819924411 2.0 -1.0 -1.0 -1.0 -1.0 
24.75 56.21 2.0 -1.0 0.018003508283191087 157.31197318103926 3.7441853161258685 0.013824179495338172 27.398925685146544 32.0 27.601507120242907 32.0 0.01800799509510398 158.98195291131088 
24.75 56.21 2.0 -1.0 24.4289793809236 275.2959530668187 1.109186309333635 0.016589015394405805 7.061277169780586 4.0 7.322041995595863 4.0 24.429027689620856 275.2583780514103 
24.75 56.21 2.0 -1.0 0.754761301536 314.6239463620785 3.7571409303012784 0.022118687192541075 83.33334496251038 32.0 83.77531876975054 32.0 0.7547593365112941 314.72557196319343 
