10.41 54.25 20260420.0 -1.0 0.821824599075 83.4836393211254 3.4273108462333615 0.049767046183217416 25.493610309760385 16.0 25.507367463115518 16.0 0.8218194125220181 83.3870968802802 
10.41 54.25 20260420.0 -1.0 50.59372299870052 0.0 2.4583236763656173 0.030413194889743977 13.779246363034199 8.0 -1.0 -1.0 -1.0 -1.0 
10.41 54.25 20260420.0 -1.0 0.821824599075 83.4836393211254 3.4273108462333615 0.049767046183217416 25.493610309760385 16.0 25.507367463115518 16.0 0.8218194125220181 83.3870968802802 
10.41 54.25 20260420.0 -1.0 50.59372299870052 0.0 2.4583236763656173 0.030413194889743977 13.779246363034199 8.0 -1.0 -1.0 -1.0 -1.0 
10.41 54.25 20260420.0 -1.0 0.821824599075 83.4836393211254 3.4273108462333615 0.049767046183217416 25.493610309760385 16.0 25.507367463115518 16.0 0.8218194125220181 83.3870968802802 
10.41 54.25 20260420.0 -1.0 50.59372299870052 0.0 2.4583236763656173 0.030413194889743977 13.779246363034199 8.0 -1.0 -1.0 -1.0 -1.0 
104.2 14.24 20260420.0 -1.0 1.55206115637 38.035820026350315 0.11803402058496168 0.019353851293473442 2.6967139913343243 8.0 -1.0 -1.0 -1.0 -1.0 
104.2 14.24 20260420.0 -1.0 0.00545066611565636 304.77516264197106 0.20669574344802213 0.026265941041142528 1.0231378188068478 1.0 -1.0 -1.0 -1.0 -1.0 
104.2 14.24 20260420.0 -1.0 5.519419001073 86.59538472402286 0.7093900431442742 0.029030776940210154 4.58709443506593 32.0 -1.0 -1.0 -1.0 -1.0 
104.2 14.24 20260420.0 -1.0 363.61166596073 46.003798134637144 0.062428016710644345 0.03732528463741307 -0.13204734268511156 1.0 -1.0 -1.0 -1.0 -1.0 
104.2 14.24 20260420.0 -1.0 6.08182071422559 177.85128494534555 0.3176509766967629 0.027648358990676344 2.125818940542567 16.0 -1.0 -1.0 -1.0 -1.0 
104.2 14.24 20260420.0 -1.0 0.0010422266761125902 137.334867960755 0.32972495312000377 0.022118687192541075 1.5681383605214108 1.0 -1.0 -1.0 -1.0 -1.0 
104.2 14.24 20260420.0 -1.0 0.762068243394 68.78018838757023 0.02295810794920963 0.04285495643554833 0.06769881987794252 1.0 -1.0 -1.0 -1.0 -1.0 
104.2 14.24 20260420.0 -1.0 21.324877969630563 47.50719023054032 0.019612332745026013 0.013824179495338172 1.4003252052805149 16.0 -1.0 -1.0 -1.0 -1.0 
104.2 14.24 20260420.0 -1.0 5.9656054404 107.37441119239888 0.029994919779695 0.07879782312342758 1.7624598514916165 2.0 -1.0 -1.0 -1.0 -1.0 
104.2 14.24 20260420.0 -1.0 0.6886922726434971 161.06161678859831 0.826973797382897 0.019353851293473442 11.501184938239598 32.0 11.640571385483508 32.0 0.6886997046725204 160.49992190791792 
104.2 14.24 20260420.0 -1.0 14.29723648860406 214.74882238479776 0.01392240847145434 0.04285495643554833 1.8453534350652332 1.0 -1.0 -1.0 -1.0 -1.0 
104.2 14.24 20260420.0 -1.0 0.723 375.8104391733961 0.03373283214612849 0.016589015394405805 1.0851695128250476 32.0 -1.0 -1.0 -1.0 -1.0 
104.2 14.24 20260420.0 -1.0 4.80266684174 94.45060842511694 7.262499384819735 0.12580003340757737 19.510780840980473 8.0 19.56337380432884 8.0 4.802738355162243 94.51886952206516 
104.2 14.24 20260420.0 -1.0 0.2028349816662017 45.70311971545651 2.8737292245580672 0.02073626924300726 35.39072427087716 32.0 35.97120636231114 32.0 0.2028476349854221 46.854643028604045 
104.2 14.24 20260420.0 -1.0 9.718629858858844 62.35318717758417 3.14593521593293 0.05114946413275123 21.96768114609612 8.0 21.967680974406782 8.0 9.718617851225039 62.33792679399587 
104.2 14.24 20260420.0 -1.0 1.713037 33.75115255302627 9.065583023636844 0.005529671798135269 417.95945667906636 32.0 420.4211479107648 32.0 1.7130332707893106 33.90130759089061 
104.2 14.24 20260420.0 -1.0 25.161428515495537 0.0 7.172747925877025 0.02073626924300726 118.89023458343007 16.0 -1.0 -1.0 -1.0 -1.0 
104.2 14.24 20260420.0 -1.0 0.0017278259805078627 53.68720559619944 7.2174841460961225 0.07326815132529231 6.099847251455353 2.0 -1.0 -1.0 -1.0 -1.0 
104.2 14.24 20260420.0 -1.0 1.2080409765316 268.4360279809972 2.378141128096148 0.02350110514207489 32.679638858859036 32.0 32.971595970499074 32.0 1.2080514958749216 268.27572066701794 
104.2 14.24 20260420.0 -1.0 0.582564 322.12323357719663 1.776744429467855 0.011059343596270537 54.506106975280844 32.0 54.57887178844751 32.0 0.5825616729756197 322.1130210800144 
104.2 14.24 20260420.0 -1.0 1.55206115637 38.035820026350315 0.11803402058496168 0.019353851293473442 2.6967139913343243 8.0 -1.0 -1.0 -1.0 -1.0 
104.2 14.24 20260420.0 -1.0 0.00545066611565636 304.77516264197106 0.20669574344802213 0.026265941041142528 1.0231378188068478 1.0 -1.0 -1.0 -1.0 -1.0 
104.2 14.24 20260420.0 -1.0 5.519419001073 86.59538472402286 0.7093900431442742 0.029030776940210154 4.58709443506593 32.0 -1.0 -1.0 -1.0 -1.0 
104.2 14.24 20260420.0 -1.0 363.61166596073 46.003798134637144 0.062428016710644345 0.03732528463741307 -0.13204734268511156 1.0 -1.0 -1.0 -1.0 -1.0 
104.2 14.24 20260420.0 -1.0 6.08182071422559 177.85128494534555 0.3176509766967629 0.027648358990676344 2.125818940542567 16.0 -1.0 -1.0 -1.0 -1.0 
104.2 14.24 20260420.0 -1.0 0.0010422266761125902 137.334867960755 0.32972495312000377 0.022118687192541075 1.5681383605214108 1.0 -1.0 -1.0 -1.0 -1.0 
104.2 14.24 20260420.0 -1.0 0.762068243394 68.78018838757023 0.02295810794920963 0.04285495643554833 0.06769881987794252 1.0 -1.0 -1.0 -1.0 -1.0 
104.2 14.24 20260420.0 -1.0 21.324877969630563 47.50719023054032 0.019612332745026013 0.013824179495338172 1.4003252052805149 16.0 -1.0 -1.0 -1.0 -1.0 
104.2 14.24 20260420.0 -1.0 5.9656054404 107.37441119239888 0.029994919779695 0.07879782312342758 1.7624598514916165 2.0 -1.0 -1.0 -1.0 -1.0 
104.2 14.24 20260420.0 -1.0 0.6886922726434971 161.06161678859831 0.826973797382897 0.019353851293473442 11.501184938239598 32.0 11.640571385483508 32.0 0.6886997046725204 160.49992190791792 
104.2 14.24 20260420.0 -1.0 14.29723648860406 214.74882238479776 0.01392240847145434 0.04285495643554833 1.8453534350652332 1.0 -1.0 -1.0 -1.0 -1.0 
104.2 14.24 20260420.0 -1.0 0.723 375.8104391733961 0.03373283214612849 0.016589015394405805 1.0851695128250476 32.0 -1.0 -1.0 -1.0 -1.0 
104.2 14.24 20260420.0 -1.0 4.80266684174 94.45060842511694 7.262499384819735 0.12580003340757737 19.510780840980473 8.0 19.56337380432884 8.0 4.802738355162243 94.51886952206516 
104.2 14.24 20260420.0 -1.0 0.2028349816662017 45.70311971545651 2.8737292245580672 0.02073626924300726 35.39072427087716 32.0 35.97120636231114 32.0 0.2028476349854221 46.854643028604045 
104.2 14.24 20260420.0 -1.0 9.718629858858844 62.35318717758417 3.14593521593293 0.05114946413275123 21.96768114609612 8.0 21.967680974406782 8.0 9.718617851225039 62.33792679399587 
104.2 14.24 20260420.0 -1.0 1.713037 33.75115255302627 9.065583023636844 0.005529671798135269 417.95945667906636 32.0 420.4211479107648 32.0 1.7130332707893106 33.90130759089061 
104.2 14.24 20260420.0 -1.0 25.161428515495537 0.0 7.172747925877025 0.02073626924300726 118.89023458343007 16.0 -1.0 -1.0 -1.0 -1.0 
104.2 14.24 20260420.0 -1.0 0.0017278259805078627 53.68720559619944 7.2174841460961225 0.07326815132529231 6.099847251455353 2.0 -1.0 -1.0 -1.0 -1.0 
104.2 14.24 20260420.0 -1.0 1.2080409765316 268.4360279809972 2.378141128096148 0.02350110514207489 32.679638858859036 32.0 32.971595970499074 32.0 1.2080514958749216 268.27572066701794 
104.2 14.24 20260420.0 -1.0 0.582564 322.12323357719663 1.776744429467855 0.011059343596270537 54.506106975280844 32.0 54.57887178844751 32.0 0.5825616729756197 322.1130210800144 
104.2 14.24 20260420.0 -1.0 1.55206115637 38.035820026350315 0.11803402058496168 0.019353851293473442 2.6967139913343243 8.0 -1.0 -1.0 -1.0 -1.0 
104.2 14.24 20260420.0 -1.0 0.00545066611565636 304.77516264197106 0.20669574344802213 0.026265941041142528 1.0231378188068478 1.0 -1.0 -1.0 -1.0 -1.0 
104.2 14.24 20260420.0 -1.0 5.519419001073 86.59538472402286 0.7093900431442742 0.029030776940210154 4.58709443506593 32.0 -1.0 -1.0 -1.0 -1.0 
104.2 14.24 20260420.0 -1.0 363.61166596073 46.003798134637144 0.062428016710644345 0.03732528463741307 -0.13204734268511156 1.0 -1.0 -1.0 -1.0 -1.0 
104.2 14.24 20260420.0 -1.0 6.08182071422559 177.85128494534555 0.3176509766967629 0.027648358990676344 2.125818940542567 16.0 -1.0 -1.0 -1.0 -1.0 
104.2 14.24 20260420.0 -1.0 0.0010422266761125902 137.334867960755 0.32972495312000377 0.022118687192541075 1.5681383605214108 1.0 -1.0 -1.0 -1.0 -1.0 
104.2 14.24 20260420.0 -1.0 0.762068243394 68.78018838757023 0.02295810794920963 0.04285495643554833 0.06769881987794252 1.0 -1.0 -1.0 -1.0 -1.0 
104.2 14.24 20260420.0 -1.0 21.324877969630563 47.50719023054032 0.019612332745026013 0.013824179495338172 1.4003252052805149 16.0 -1.0 -1.0 -1.0 -1.0 
104.2 14.24 20260420.0 -1.0 5.9656054404 107.37441119239888 0.029994919779695 0.07879782312342758 1.7624598514916165 2.0 -1.0 -1.0 -1.0 -1.0 
104.2 14.24 20260420.0 -1.0 0.6886922726434971 161.06161678859831 0.826973797382897 0.019353851293473442 11.501184938239598 32.0 11.640571385483508 32.0 0.6886997046725204 160.49992190791792 
104.2 14.24 20260420.0 -1.0 14.29723648860406 214.74882238479776 0.01392240847145434 0.04285495643554833 1.8453534350652332 1.0 -1.0 -1.0 -1.0 -1.0 
104.2 14.24 20260420.0 -1.0 0.723 375.8104391733961 0.03373283214612849 0.016589015394405805 1.0851695128250476 32.0 -1.0 -1.0 -1.0 -1.0 
104.2 14.24 20260420.0 -1.0 4.80266684174 94.45060842511694 7.262499384819735 0.12580003340757737 19.510780840980473 8.0 19.56337380432884 8.0 4.802738355162243 94.51886952206516 
104.2 14.24 20260420.0 -1.0 0.2028349816662017 45.70311971545651 2.8737292245580672 0.02073626924300726 35.39072427087716 32.0 35.97120636231114 32.0 0.2028476349854221 46.854643028604045 
104.2 14.24 20260420.0 -1.0 9.718629858858844 62.35318717758417 3.14593521593293 0.05114946413275123 21.96768114609612 8.0 21.967680974406782 8.0 9.718617851225039 62.33792679399587 
104.2 14.24 20260420.0 -1.0 1.713037 33.75115255302627 9.065583023636844 0.005529671798135269 417.95945667906636 32.0 420.4211479107648 32.0 1.7130332707893106 33.90130759089061 
104.2 14.24 20260420.0 -1.0 25.161428515495537 0.0 7.172747925877025 0.02073626924300726 118.89023458343007 16.0 -1.0 -1.0 -1.0 -1.0 
104.2 14.24 20260420.0 -1.0 0.0017278259805078627 53.68720559619944 7.2174841460961225 0.07326815132529231 6.099847251455353 2.0 -1.0 -1.0 -1.0 -1.0 
104.2 14.24 20260420.0 -1.0 1.2080409765316 268.4360279809972 2.378141128096148 0.02350110514207489 32.679638858859036 32.0 32.971595970499074 32.0 1.2080514958749216 268.27572066701794 
104.2 14.24 20260420.0 -1.0 0.582564 322.12323357719663 1.776744429467855 0.011059343596270537 54.506106975280844 32.0 54.57887178844751 32.0 0.5825616729756197 322.1130210800144 
104.53 14.24 20260420.0 -1.0 48.5438764505726 24.82279263251005 0.19558211260887143 0.01520659744487199 1.3080518116760205 8.0 -1.0 -1.0 -1.0 -1.0 
104.53 14.24 20260420.0 -1.0 0.08951395712157724 114.12521177289155 0.8721557721439986 0.02764835899067634 0.03097926267882833 1.0 -1.0 -1.0 -1.0 -1.0 
104.53 14.24 20260420.0 -1.0 420.189443214863 39.73137679617975 0.5307285946818352 0.053914300031818865 1.3529313664900051 1.0 -1.0 -1.0 -1.0 -1.0 
104.53 14.24 20260420.0 -1.0 2.064893576538 41.445863975001764 0.011657533191718465 0.05944397182995413 0.48937249836256125 1.0 -1.0 -1.0 -1.0 -1.0 
104.53 14.24 20260420.0 -1.0 0.45750849207501276 40.99860645009167 0.04181789195669733 0.07603298722435994 1.076925631103344 8.0 -1.0 -1.0 -1.0 -1.0 
104.53 14.24 20260420.0 -1.0 32.846688858644185 4.025317724190819 0.39487500641135964 0.04147253848601452 1.607716202725457 4.0 -1.0 -1.0 -1.0 -1.0 
104.53 14.24 20260420.0 -1.0 36.65016488379 82.03448436059253 0.6592982275469446 0.12165277955897592 2.031214749514028 8.0 -1.0 -1.0 -1.0 -1.0 
104.53 14.24 20260420.0 -1.0 0.850363364 0.0 0.025412096979365754 0.14930113854965227 1.0007460219106203 4.0 -1.0 -1.0 -1.0 -1.0 
104.53 14.24 20260420.0 -1.0 217.8248734478 53.23961894733333 0.15571097780848736 0.006912089747669085 1.1449448318003361 1.0 -1.0 -1.0 -1.0 -1.0 
104.53 14.24 20260420.0 -1.0 1.30035460953 106.47923789466665 0.05903058779446038 0.058061553880420315 0.7950176984151744 1.0 -1.0 -1.0 -1.0 -1.0 
104.53 14.24 20260420.0 -1.0 0.19236888 212.9584757893333 0.1276176053238766 0.02626594104114253 0.05083714010825323 1.0 -1.0 -1.0 -1.0 -1.0 
104.53 14.24 20260420.0 -1.0 1.82745452277 266.19809473666663 0.05307285946818349 0.03041319488974398 1.5582253867718565 16.0 -1.0 -1.0 -1.0 -1.0 
104.53 14.24 20260420.0 -1.0 4.4538744 144.24055178350434 4.011994565168601 0.024883523091608708 59.076188330668835 32.0 59.14585559682483 32.0 4.453856187562148 144.20705467766902 
104.53 14.24 20260420.0 -1.0 30.37826912162766 20.163860081363268 6.7217560736965405 0.012441761545804354 119.40160923409253 16.0 119.45334569389318 16.0 30.37827506583805 20.138388688320095 
104.53 14.24 20260420.0 -1.0 1.59307834609 54.826318261895324 3.886502540210162 0.06497364362808941 19.01225440733406 8.0 19.012254472908847 8.0 1.5930709196254613 54.84927974406779 
104.53 14.24 20260420.0 -1.0 1.777078137137 55.08721848475954 3.8650820329757907 0.019353851293473442 75.39303513186427 32.0 75.63350952236762 32.0 1.7770920142841837 55.1528735433892 
104.53 14.24 20260420.0 -1.0 2.01580589294 115.09426974353008 1.410635930080207 0.03041319488974398 9.757353022342667 16.0 9.759483303024943 16.0 2.015804057009518 115.26444580902808 
104.53 14.24 20260420.0 -1.0 0.3586095482011829 159.71885684199998 4.450049444805962 0.013824179495338172 118.02175115175787 32.0 65.14363966265853 32.0 0.268967899804314 159.48794257684656 
104.53 14.24 20260420.0 -1.0 1.476820564106904 319.43771368399996 2.1440411841405274 0.026265941041142528 16.043387921570478 16.0 16.043387303485513 16.0 1.4768374967388809 319.48187481922884 
104.53 14.24 20260420.0 -1.0 1.791229613092596 372.6773326313333 1.938334576460236 0.1354769590543141 2.882159185040506 2.0 -1.0 -1.0 -1.0 -1.0 
104.53 14.24 20260420.0 -1.0 48.5438764505726 24.82279263251005 0.19558211260887143 0.01520659744487199 1.3074328268783386 8.0 -1.0 -1.0 -1.0 -1.0 
104.53 14.24 20260420.0 -1.0 0.08951395712157724 114.12521177289155 0.8721557721439986 0.02764835899067634 0.03097921891702253 1.0 -1.0 -1.0 -1.0 -1.0 
104.53 14.24 20260420.0 -1.0 420.189443214863 39.73137679617975 0.5307285946818352 0.053914300031818865 1.353039096729579 1.0 -1.0 -1.0 -1.0 -1.0 
104.53 14.24 20260420.0 -1.0 2.064893576538 41.445863975001764 0.011657533191718465 0.05944397182995413 0.4893724990379914 1.0 -1.0 -1.0 -1.0 -1.0 
104.53 14.24 20260420.0 -1.0 0.45750849207501276 40.99860645009167 0.04181789195669733 0.07603298722435994 1.088015928682801 8.0 -1.0 -1.0 -1.0 -1.0 
104.53 14.24 20260420.0 -1.0 32.846688858644185 4.025317724190819 0.39487500641135964 0.04147253848601452 1.6077074126454765 4.0 -1.0 -1.0 -1.0 -1.0 
104.53 14.24 20260420.0 -1.0 36.65016488379 82.03448436059253 0.6592982275469446 0.12165277955897592 2.0315124588097215 8.0 -1.0 -1.0 -1.0 -1.0 
104.53 14.24 20260420.0 -1.0 0.850363364 0.0 0.025412096979365754 0.14930113854965227 1.0046388751751594 4.0 -1.0 -1.0 -1.0 -1.0 
104.53 14.24 20260420.0 -1.0 217.8248734478 53.23961894733333 0.15571097780848736 0.006912089747669085 1.1452621216043464 1.0 -1.0 -1.0 -1.0 -1.0 
104.53 14.24 20260420.0 -1.0 1.30035460953 106.47923789466665 0.05903058779446038 0.058061553880420315 0.8110287476544711 1.0 -1.0 -1.0 -1.0 -1.0 
104.53 14.24 20260420.0 -1.0 0.19236888 212.9584757893333 0.1276176053238766 0.02626594104114253 0.05083736293605698 1.0 -1.0 -1.0 -1.0 -1.0 
104.53 14.24 20260420.0 -1.0 1.82745452277 266.19809473666663 0.05307285946818349 0.03041319488974398 1.5610607614282763 16.0 -1.0 -1.0 -1.0 -1.0 
104.53 14.24 20260420.0 -1.0 4.4538744 144.24055178350434 4.011994565168601 0.024883523091608708 59.054277193161035 32.0 59.12395739838605 32.0 4.453856187562148 144.20705467766902 
104.53 14.24 20260420.0 -1.0 30.37826912162766 20.163860081363268 6.7217560736965405 0.012441761545804354 126.8317074789164 16.0 126.8317026149664 16.0 30.37827506583805 20.138388688320095 
104.53 14.24 20260420.0 -1.0 1.59307834609 54.826318261895324 3.886502540210162 0.06497364362808941 19.01695135732973 8.0 19.016950959316627 8.0 1.5930709196254613 54.84927974406779 
104.53 14.24 20260420.0 -1.0 1.777078137137 55.08721848475954 3.8650820329757907 0.019353851293473442 75.37963321382536 32.0 75.6153922857481 32.0 1.7770920142841837 55.1528735433892 
104.53 14.24 20260420.0 -1.0 2.01580589294 115.09426974353008 1.410635930080207 0.03041319488974398 9.755572905303254 16.0 9.756091170506885 16.0 2.015804057009518 115.26444580902808 
104.53 14.24 20260420.0 -1.0 0.3586095482011829 159.71885684199998 4.450049444805962 0.013824179495338172 118.07647520143222 32.0 65.18890521945619 32.0 0.268967899804314 159.48794257684656 
104.53 14.24 20260420.0 -1.0 1.476820564106904 319.43771368399996 2.1440411841405274 0.026265941041142528 16.040562394041572 16.0 16.040562509304692 16.0 1.4768374967388809 319.48187481922884 
104.53 14.24 20260420.0 -1.0 1.791229613092596 372.6773326313333 1.938334576460236 0.1354769590543141 2.88193597438887 2.0 -1.0 -1.0 -1.0 -1.0 
104.53 14.24 20260420.0 -1.0 48.5438764505726 24.82279263251005 0.19558211260887143 0.01520659744487199 1.3074328268783386 8.0 -1.0 -1.0 -1.0 -1.0 
104.53 14.24 20260420.0 -1.0 0.08951395712157724 114.12521177289155 0.8721557721439986 0.02764835899067634 0.03097921891702253 1.0 -1.0 -1.0 -1.0 -1.0 
104.53 14.24 20260420.0 -1.0 420.189443214863 39.73137679617975 0.5307285946818352 0.053914300031818865 1.353039096729579 1.0 -1.0 -1.0 -1.0 -1.0 
104.53 14.24 20260420.0 -1.0 2.064893576538 41.445863975001764 0.011657533191718465 0.05944397182995413 0.4893724990379914 1.0 -1.0 -1.0 -1.0 -1.0 
104.53 14.24 20260420.0 -1.0 0.45750849207501276 40.99860645009167 0.04181789195669733 0.07603298722435994 1.088015928682801 8.0 -1.0 -1.0 -1.0 -1.0 
104.53 14.24 20260420.0 -1.0 32.846688858644185 4.025317724190819 0.39487500641135964 0.04147253848601452 1.6077074126454765 4.0 -1.0 -1.0 -1.0 -1.0 
104.53 14.24 20260420.0 -1.0 36.65016488379 82.03448436059253 0.6592982275469446 0.12165277955897592 2.0315124588097215 8.0 -1.0 -1.0 -1.0 -1.0 
104.53 14.24 20260420.0 -1.0 0.850363364 0.0 0.025412096979365754 0.14930113854965227 1.0046388751751594 4.0 -1.0 -1.0 -1.0 -1.0 
104.53 14.24 20260420.0 -1.0 217.8248734478 53.23961894733333 0.15571097780848736 0.006912089747669085 1.1452621216043464 1.0 -1.0 -1.0 -1.0 -1.0 
104.53 14.24 20260420.0 -1.0 1.30035460953 106.47923789466665 0.05903058779446038 0.058061553880420315 0.8110287476544711 1.0 -1.0 -1.0 -1.0 -1.0 
104.53 14.24 20260420.0 -1.0 0.19236888 212.9584757893333 0.1276176053238766 0.02626594104114253 0.05083736293605698 1.0 -1.0 -1.0 -1.0 -1.0 
104.53 14.24 20260420.0 -1.0 1.82745452277 266.19809473666663 0.05307285946818349 0.03041319488974398 1.5610607614282763 16.0 -1.0 -1.0 -1.0 -1.0 
104.53 14.24 20260420.0 -1.0 4.4538744 144.24055178350434 4.011994565168601 0.024883523091608708 59.054277193161035 32.0 59.12395739838605 32.0 4.453856187562148 144.20705467766902 
104.53 14.24 20260420.0 -1.0 30.37826912162766 20.163860081363268 6.7217560736965405 0.012441761545804354 126.8317074789164 16.0 126.8317026149664 16.0 30.37827506583805 20.138388688320095 
104.53 14.24 20260420.0 -1.0 1.59307834609 54.826318261895324 3.886502540210162 0.06497364362808941 19.01695135732973 8.0 19.016950959316627 8.0 1.5930709196254613 54.84927974406779 
104.53 14.24 20260420.0 -1.0 1.777078137137 55.08721848475954 3.8650820329757907 0.019353851293473442 75.37963321382536 32.0 75.6153922857481 32.0 1.7770920142841837 55.1528735433892 
104.53 14.24 20260420.0 -1.0 2.01580589294 115.09426974353008 1.410635930080207 0.03041319488974398 9.755572905303254 16.0 9.756091170506885 16.0 2.015804057009518 115.26444580902808 
104.53 14.24 20260420.0 -1.0 0.3586095482011829 159.71885684199998 4.450049444805962 0.013824179495338172 118.07647520143222 32.0 65.18890521945619 32.0 0.268967899804314 159.48794257684656 
104.53 14.24 20260420.0 -1.0 1.476820564106904 319.43771368399996 2.1440411841405274 0.026265941041142528 16.040562394041572 16.0 16.040562509304692 16.0 1.4768374967388809 319.48187481922884 
104.53 14.24 20260420.0 -1.0 1.791229613092596 372.6773326313333 1.938334576460236 0.1354769590543141 2.88193597438887 2.0 -1.0 -1.0 -1.0 -1.0 
104.86 14.24 20260420.0 -1.0 0.03256980257465972 19.0245411982537 0.025500027809721517 0.011059343596270537 1.2967755381256978 1.0 -1.0 -1.0 -1.0 -1.0 
104.86 14.24 20260420.0 -1.0 1.36916434411 160.36025891576568 0.05842203191873788 0.019353851293473442 0.6479360776237502 8.0 -1.0 -1.0 -1.0 -1.0 
104.86 14.24 20260420.0 -1.0 0.154988861 70.96338571232108 0.011860620515744331 0.027648358990676344 0.6149615305091027 1.0 -1.0 -1.0 -1.0 -1.0 
104.86 14.24 20260420.0 -1.0 19.010414954513823 98.26267881039776 0.2000921832876591 0.013824179495338172 1.657129652184565 4.0 -1.0 -1.0 -1.0 -1.0 
104.86 14.24 20260420.0 -1.0 411.88053142429 34.7613461505956 0.12517273770624457 0.03732528463741307 1.7044606057460436 1.0 -1.0 -1.0 -1.0 -1.0 
104.86 14.24 20260420.0 -1.0 0.0014443214647272805 89.3229914900533 0.507073024129293 0.02350110514207489 0.5529360196406712 1.0 -1.0 -1.0 -1.0 -1.0 
104.86 14.24 20260420.0 -1.0 1.273166302706 41.26293692902793 0.7389020282641436 0.031795612839277794 5.273973787736538 16.0 -1.0 -1.0 -1.0 -1.0 
104.86 14.24 20260420.0 -1.0 223.22328540381477 76.02428307962353 0.3413133813514027 0.016589015394405805 1.3562514294967536 1.0 -1.0 -1.0 -1.0 -1.0 
104.86 14.24 20260420.0 -1.0 5.702856412410955 0.0 0.9815200824138256 0.052531882082285056 2.21141359205831 8.0 -1.0 -1.0 -1.0 -1.0 
104.86 14.24 20260420.0 -1.0 82.34765957943779 52.76737515709813 0.03432049597686393 0.012441761545804354 0.46742306991337684 2.0 -1.0 -1.0 -1.0 -1.0 
104.86 14.24 20260420.0 -1.0 0.129305212778 211.06950062839252 0.06391172773542331 0.02073626924300726 0.37051099374232854 32.0 -1.0 -1.0 -1.0 -1.0 
104.86 14.24 20260420.0 -1.0 184.0415856584079 316.6042509425888 0.05325650195176843 0.022118687192541075 1.4173492747067242 1.0 -1.0 -1.0 -1.0 -1.0 
104.86 14.24 20260420.0 -1.0 0.7775961516 369.3716260996869 0.16185305906356484 0.02350110514207489 0.3227500913875765 1.0 -1.0 -1.0 -1.0 -1.0 
104.86 14.24 20260420.0 -1.0 1.268762 17.36220264694998 1.8252658677174425 0.21427478217774165 1.4742749863044011 4.0 -1.0 -1.0 -1.0 -1.0 
104.86 14.24 20260420.0 -1.0 0.3425364911 219.50257048548252 1.9639449623086547 0.012441761545804354 56.423040516601716 32.0 56.79826350077118 32.0 0.3425460211777439 219.59951484248546 
104.86 14.24 20260420.0 -1.0 2.1526984260316393 44.73537745841793 5.8664697780463735 0.02073626924300726 126.0043544018689 32.0 126.04903098719366 32.0 2.152713326116403 44.628288500247045 
104.86 14.24 20260420.0 -1.0 1.0235 4.100435093215847 1.9981590898062889 0.03317803078881161 15.644441574200084 16.0 -1.0 -1.0 -1.0 -1.0 
104.86 14.24 20260420.0 -1.0 8.8799529 105.53475031419626 3.455841816429399 0.022118687192541075 48.737957100475185 16.0 48.737957846762434 16.0 8.879942470230162 105.549444230743 
104.86 14.24 20260420.0 -1.0 244.490583045 158.3021254712944 1.168979191872157 0.009676925646736721 9.020366209983528 1.0 -1.0 -1.0 -1.0 -1.0 
104.86 14.24 20260420.0 -1.0 12.981962077048623 263.83687578549063 9.972404361662386 0.053914300031818865 51.15189359309821 16.0 51.24038584789896 16.0 12.981945474166425 263.823011610304 
104.86 14.24 20260420.0 -1.0 0.03256980257465972 19.0245411982537 0.025500027809721517 0.011059343596270537 1.296775538042822 1.0 -1.0 -1.0 -1.0 -1.0 
104.86 14.24 20260420.0 -1.0 1.36916434411 160.36025891576568 0.05842203191873788 0.019353851293473442 0.6494336076465489 8.0 -1.0 -1.0 -1.0 -1.0 
104.86 14.24 20260420.0 -1.0 0.154988861 70.96338571232108 0.011860620515744331 0.027648358990676344 0.6149615305080355 1.0 -1.0 -1.0 -1.0 -1.0 
104.86 14.24 20260420.0 -1.0 19.010414954513823 98.26267881039776 0.2000921832876591 0.013824179495338172 1.657006977896429 4.0 -1.0 -1.0 -1.0 -1.0 
104.86 14.24 20260420.0 -1.0 411.88053142429 34.7613461505956 0.12517273770624457 0.03732528463741307 1.7043599231166935 1.0 -1.0 -1.0 -1.0 -1.0 
104.86 14.24 20260420.0 -1.0 0.0014443214647272805 89.3229914900533 0.507073024129293 0.02350110514207489 0.5529352681332698 1.0 -1.0 -1.0 -1.0 -1.0 
104.86 14.24 20260420.0 -1.0 1.273166302706 41.26293692902793 0.7389020282641436 0.031795612839277794 5.274311654475297 16.0 -1.0 -1.0 -1.0 -1.0 
104.86 14.24 20260420.0 -1.0 223.22328540381477 76.02428307962353 0.3413133813514027 0.016589015394405805 1.3559741895508157 1.0 -1.0 -1.0 -1.0 -1.0 
104.86 14.24 20260420.0 -1.0 5.702856412410955 0.0 0.9815200824138256 0.052531882082285056 2.215783883542901 8.0 -1.0 -1.0 -1.0 -1.0 
104.86 14.24 20260420.0 -1.0 82.34765957943779 52.76737515709813 0.03432049597686393 0.012441761545804354 0.4676740807537538 2.0 -1.0 -1.0 -1.0 -1.0 
104.86 14.24 20260420.0 -1.0 0.129305212778 211.06950062839252 0.06391172773542331 0.02073626924300726 0.36259101276797145 32.0 -1.0 -1.0 -1.0 -1.0 
104.86 14.24 20260420.0 -1.0 184.0415856584079 316.6042509425888 0.05325650195176843 0.022118687192541075 1.4174587470443416 1.0 -1.0 -1.0 -1.0 -1.0 
104.86 14.24 20260420.0 -1.0 0.7775961516 369.3716260996869 0.16185305906356484 0.02350110514207489 0.3227500913875765 1.0 -1.0 -1.0 -1.0 -1.0 
104.86 14.24 20260420.0 -1.0 1.268762 17.36220264694998 1.8252658677174425 0.21427478217774165 1.4774596706398713 4.0 -1.0 -1.0 -1.0 -1.0 
104.86 14.24 20260420.0 -1.0 0.3425364911 219.50257048548252 1.9639449623086547 0.012441761545804354 56.42257492931557 32.0 56.79298185721568 32.0 0.3425460211777439 219.59951484248546 
104.86 14.24 20260420.0 -1.0 2.1526984260316393 44.73537745841793 5.8664697780463735 0.02073626924300726 126.00930491798991 32.0 126.07447306543828 32.0 2.152713326116403 44.628288500247045 
104.86 14.24 20260420.0 -1.0 1.0235 4.100435093215847 1.9981590898062889 0.03317803078881161 15.651842956470613 16.0 -1.0 -1.0 -1.0 -1.0 
104.86 14.24 20260420.0 -1.0 8.8799529 105.53475031419626 3.455841816429399 0.022118687192541075 48.74304030930418 16.0 48.74303680994361 16.0 8.879942470230162 105.549444230743 
104.86 14.24 20260420.0 -1.0 244.490583045 158.3021254712944 1.168979191872157 0.009676925646736721 9.020434565193064 1.0 -1.0 -1.0 -1.0 -1.0 
104.86 14.24 20260420.0 -1.0 12.981962077048623 263.83687578549063 9.972404361662386 0.053914300031818865 51.14840637955292 16.0 51.236906100362766 16.0 12.981945474166425 263.823011610304 
104.86 14.24 20260420.0 -1.0 0.03256980257465972 19.0245411982537 0.025500027809721517 0.011059343596270537 1.296775538042822 1.0 -1.0 -1.0 -1.0 -1.0 
104.86 14.24 20260420.0 -1.0 1.36916434411 160.36025891576568 0.05842203191873788 0.019353851293473442 0.6494336076465489 8.0 -1.0 -1.0 -1.0 -1.0 
104.86 14.24 20260420.0 -1.0 0.154988861 70.96338571232108 0.011860620515744331 0.027648358990676344 0.6149615305080355 1.0 -1.0 -1.0 -1.0 -1.0 
104.86 14.24 20260420.0 -1.0 19.010414954513823 98.26267881039776 0.2000921832876591 0.013824179495338172 1.657006977896429 4.0 -1.0 -1.0 -1.0 -1.0 
104.86 14.24 20260420.0 -1.0 411.88053142429 34.7613461505956 0.12517273770624457 0.03732528463741307 1.7043599231166935 1.0 -1.0 -1.0 -1.0 -1.0 
104.86 14.24 20260420.0 -1.0 0.0014443214647272805 89.3229914900533 0.507073024129293 0.02350110514207489 0.5529352681332698 1.0 -1.0 -1.0 -1.0 -1.0 
104.86 14.24 20260420.0 -1.0 1.273166302706 41.26293692902793 0.7389020282641436 0.031795612839277794 5.274311654475297 16.0 -1.0 -1.0 -1.0 -1.0 
104.86 14.24 20260420.0 -1.0 223.22328540381477 76.02428307962353 0.3413133813514027 0.016589015394405805 1.3559741895508157 1.0 -1.0 -1.0 -1.0 -1.0 
104.86 14.24 20260420.0 -1.0 5.702856412410955 0.0 0.9815200824138256 0.052531882082285056 2.215783883542901 8.0 -1.0 -1.0 -1.0 -1.0 
104.86 14.24 20260420.0 -1.0 82.34765957943779 52.76737515709813 0.03432049597686393 0.012441761545804354 0.4676740807537538 2.0 -1.0 -1.0 -1.0 -1.0 
104.86 14.24 20260420.0 -1.0 0.129305212778 211.06950062839252 0.06391172773542331 0.02073626924300726 0.36259101276797145 32.0 -1.0 -1.0 -1.0 -1.0 
104.86 14.24 20260420.0 -1.0 184.0415856584079 316.6042509425888 0.05325650195176843 0.022118687192541075 1.4174587470443416 1.0 -1.0 -1.0 -1.0 -1.0 
104.86 14.24 20260420.0 -1.0 0.7775961516 369.3716260996869 0.16185305906356484 0.02350110514207489 0.3227500913875765 1.0 -1.0 -1.0 -1.0 -1.0 
104.86 14.24 20260420.0 -1.0 1.268762 17.36220264694998 1.8252658677174425 0.21427478217774165 1.4774596706398713 4.0 -1.0 -1.0 -1.0 -1.0 
104.86 14.24 20260420.0 -1.0 0.3425364911 219.50257048548252 1.9639449623086547 0.012441761545804354 56.42257492931557 32.0 56.79298185721568 32.0 0.3425460211777439 219.59951484248546 
104.86 14.24 20260420.0 -1.0 2.1526984260316393 44.73537745841793 5.8664697780463735 0.02073626924300726 126.00930491798991 32.0 126.07447306543828 32.0 2.152713326116403 44.628288500247045 
104.86 14.24 20260420.0 -1.0 1.0235 4.100435093215847 1.9981590898062889 0.03317803078881161 15.651842956470613 16.0 -1.0 -1.0 -1.0 -1.0 
104.86 14.24 20260420.0 -1.0 8.8799529 105.53475031419626 3.455841816429399 0.022118687192541075 48.74304030930418 16.0 48.74303680994361 16.0 8.879942470230162 105.549444230743 
104.86 14.24 20260420.0 -1.0 244.490583045 158.3021254712944 1.168979191872157 0.009676925646736721 9.020434565193064 1.0 -1.0 -1.0 -1.0 -1.0 
104.86 14.24 20260420.0 -1.0 12.981962077048623 263.83687578549063 9.972404361662386 0.053914300031818865 51.14840637955292 16.0 51.236906100362766 16.0 12.981945474166425 263.823011610304 
105.19 14.24 20260420.0 -1.0 1.1148 29.036546005750306 0.017427059838365518 0.08156265902249522 0.8703442728236388 2.0 -1.0 -1.0 -1.0 -1.0 
105.19 14.24 20260420.0 -1.0 1.5462713682502522 51.99482386906108 0.15700720842962645 0.009676925646736721 2.8489673068950077 4.0 -1.0 -1.0 -1.0 -1.0 
105.19 14.24 20260420.0 -1.0 0.829660251014 28.560537054836367 0.7841324719742546 0.02350110514207489 7.343317807454842 16.0 7.6255340998491095 32.0 0.8296713834473243 28.335421269998122 
105.19 14.24 20260420.0 -1.0 0.560061 111.23963022127293 0.10834365445564254 0.05114946413275124 2.623940795992481 1.0 -1.0 -1.0 -1.0 -1.0 
105.19 14.24 20260420.0 -1.0 0.33916820176 150.85822136657157 0.1690529689206087 0.02350110514207489 1.4423841405052533 32.0 -1.0 -1.0 -1.0 -1.0 
105.19 14.24 20260420.0 -1.0 201.403784 42.65772521651842 0.03984373436262629 0.026265941041142524 0.8190957293966616 2.0 -1.0 -1.0 -1.0 -1.0 
105.19 14.24 20260420.0 -1.0 3.225621798579152 96.3368884503519 0.44072168159653313 0.019353851293473442 6.241686236773721 16.0 6.379009500900288 32.0 0.8064186355719964 95.53084885313653 
105.19 14.24 20260420.0 -1.0 2.513260850307 31.160278248289423 0.014784852007105203 0.01520659744487199 0.8592110687758909 1.0 -1.0 -1.0 -1.0 -1.0 
105.19 14.24 20260420.0 -1.0 0.054243629318944116 65.98216381130145 0.1637651254177121 0.024883523091608708 2.7311373134557635 1.0 -1.0 -1.0 -1.0 -1.0 
105.19 14.24 20260420.0 -1.0 0.98844095625 0.0 0.7030475489202758 0.01520659744487199 2.7548090660450355 32.0 -1.0 -1.0 -1.0 -1.0 
105.19 14.24 20260420.0 -1.0 0.4504 104.60689011403255 0.11161042720880969 0.017971433343939622 1.6624044398662927 4.0 -1.0 -1.0 -1.0 -1.0 
105.19 14.24 20260420.0 -1.0 4.961548 156.9103351710488 0.8782018738445139 0.03041319488974398 7.479768391011557 16.0 7.825813806411491 16.0 4.961536130091797 156.85679631606104 
105.19 14.24 20260420.0 -1.0 0.552365939363323 209.2137802280651 0.11497569953977362 0.04700221028414978 1.9475470492757272 2.0 -1.0 -1.0 -1.0 -1.0 
105.19 14.24 20260420.0 -1.0 1.1954213511528866 261.5172252850814 0.05032342333122349 0.053914300031818865 0.5966978874092094 2.0 -1.0 -1.0 -1.0 -1.0 
105.19 14.24 20260420.0 -1.0 0.031684024185842756 366.1241153991139 0.7502180669786822 0.029030776940210157 1.5051644660217862 4.0 -1.0 -1.0 -1.0 -1.0 
105.19 14.24 20260420.0 -1.0 238.05684430558327 88.86720952831777 3.410776682707007 0.09123958466923193 8.190719829867193 1.0 -1.0 -1.0 -1.0 -1.0 
105.19 14.24 20260420.0 -1.0 2.309020280644 50.31048450428868 5.9112206094122905 0.008294507697202903 227.75421750548938 32.0 227.81353122249635 32.0 2.30902514886111 50.29537275424667 
105.19 14.24 20260420.0 -1.0 0.9199421210660356 33.210778344534084 5.067228364390674 0.038707702586946884 40.72874241553851 32.0 40.97853384019752 32.0 0.919953890843317 33.39531792535493 
105.19 14.24 20260420.0 -1.0 1.634254 52.303445057016276 1.598528457188781 0.013824179495338172 39.581511259252025 32.0 39.75330498534771 32.0 1.6342407131257157 52.31933141638939 
105.19 14.24 20260420.0 -1.0 0.735983147695 313.8206703420976 3.0202855496317063 0.03041319488974398 32.10698959670324 32.0 32.37716568711871 32.0 0.7359934291647127 314.3207802307649 
105.19 14.24 20260420.0 -1.0 1.1148 29.036546005750306 0.017427059838365518 0.08156265902249522 0.8703442728236388 2.0 -1.0 -1.0 -1.0 -1.0 
105.19 14.24 20260420.0 -1.0 1.5462713682502522 51.99482386906108 0.15700720842962645 0.009676925646736721 2.848795306135683 4.0 -1.0 -1.0 -1.0 -1.0 
105.19 14.24 20260420.0 -1.0 0.829660251014 28.560537054836367 0.7841324719742546 0.02350110514207489 7.343317807454842 16.0 7.6255340998491095 32.0 0.8296713834473243 28.335421269998122 
105.19 14.24 20260420.0 -1.0 0.560061 111.23963022127293 0.10834365445564254 0.05114946413275124 2.6239408000325564 1.0 -1.0 -1.0 -1.0 -1.0 
105.19 14.24 20260420.0 -1.0 0.33916820176 150.85822136657157 0.1690529689206087 0.02350110514207489 1.4423452320214225 32.0 -1.0 -1.0 -1.0 -1.0 
105.19 14.24 20260420.0 -1.0 201.403784 42.65772521651842 0.03984373436262629 0.026265941041142524 0.8189036475214435 2.0 -1.0 -1.0 -1.0 -1.0 
105.19 14.24 20260420.0 -1.0 3.225621798579152 96.3368884503519 0.44072168159653313 0.019353851293473442 6.244809224015114 16.0 6.385161373078763 32.0 0.8064186355719964 95.53084885313653 
105.19 14.24 20260420.0 -1.0 2.513260850307 31.160278248289423 0.014784852007105203 0.01520659744487199 0.8592110764129598 1.0 -1.0 -1.0 -1.0 -1.0 
105.19 14.24 20260420.0 -1.0 0.054243629318944116 65.98216381130145 0.1637651254177121 0.024883523091608708 2.731137313442164 1.0 -1.0 -1.0 -1.0 -1.0 
105.19 14.24 20260420.0 -1.0 0.98844095625 0.0 0.7030475489202758 0.01520659744487199 2.7400694041607014 32.0 -1.0 -1.0 -1.0 -1.0 
105.19 14.24 20260420.0 -1.0 0.4504 104.60689011403255 0.11161042720880969 0.017971433343939622 1.662404663860754 4.0 -1.0 -1.0 -1.0 -1.0 
105.19 14.24 20260420.0 -1.0 4.961548 156.9103351710488 0.8782018738445139 0.03041319488974398 7.481756660762117 16.0 7.825030808583852 16.0 4.961536130091797 156.85679631606104 
105.19 14.24 20260420.0 -1.0 0.552365939363323 209.2137802280651 0.11497569953977362 0.04700221028414978 1.9475447782246613 2.0 -1.0 -1.0 -1.0 -1.0 
105.19 14.24 20260420.0 -1.0 1.1954213511528866 261.5172252850814 0.05032342333122349 0.053914300031818865 0.5966979001816213 2.0 -1.0 -1.0 -1.0 -1.0 
105.19 14.24 20260420.0 -1.0 0.031684024185842756 366.1241153991139 0.7502180669786822 0.029030776940210157 1.5051611594683685 4.0 -1.0 -1.0 -1.0 -1.0 
105.19 14.24 20260420.0 -1.0 238.05684430558327 88.86720952831777 3.410776682707007 0.09123958466923193 8.191170975924459 1.0 -1.0 -1.0 -1.0 -1.0 
105.19 14.24 20260420.0 -1.0 2.309020280644 50.31048450428868 5.9112206094122905 0.008294507697202903 227.75421750548938 32.0 227.81353122249635 32.0 2.30902514886111 50.29537275424667 
105.19 14.24 20260420.0 -1.0 0.9199421210660356 33.210778344534084 5.067228364390674 0.038707702586946884 40.72874241553851 32.0 40.97853384019752 32.0 0.919953890843317 33.39531792535493 
105.19 14.24 20260420.0 -1.0 1.634254 52.303445057016276 1.598528457188781 0.013824179495338172 39.581511259252025 32.0 39.75330498534771 32.0 1.6342407131257157 52.31933141638939 
105.19 14.24 20260420.0 -1.0 0.735983147695 313.8206703420976 3.0202855496317063 0.03041319488974398 32.10698959670324 32.0 32.37716568711871 32.0 0.7359934291647127 314.3207802307649 
105.19 14.24 20260420.0 -1.0 1.1148 29.036546005750306 0.017427059838365518 0.08156265902249522 0.8703442728236388 2.0 -1.0 -1.0 -1.0 -1.0 
105.19 14.24 20260420.0 -1.0 1.5462713682502522 51.99482386906108 0.15700720842962645 0.009676925646736721 2.848795306135683 4.0 -1.0 -1.0 -1.0 -1.0 
105.19 14.24 20260420.0 -1.0 0.829660251014 28.560537054836367 0.7841324719742546 0.02350110514207489 7.343317807454842 16.0 7.6255340998491095 32.0 0.8296713834473243 28.335421269998122 
105.19 14.24 20260420.0 -1.0 0.560061 111.23963022127293 0.10834365445564254 0.05114946413275124 2.6239408000325564 1.0 -1.0 -1.0 -1.0 -1.0 
105.19 14.24 20260420.0 -1.0 0.33916820176 150.85822136657157 0.1690529689206087 0.02350110514207489 1.4423452320214225 32.0 -1.0 -1.0 -1.0 -1.0 
105.19 14.24 20260420.0 -1.0 201.403784 42.65772521651842 0.03984373436262629 0.026265941041142524 0.8189036475214435 2.0 -1.0 -1.0 -1.0 -1.0 
105.19 14.24 20260420.0 -1.0 3.225621798579152 96.3368884503519 0.44072168159653313 0.019353851293473442 6.244809224015114 16.0 6.385161373078763 32.0 0.8064186355719964 95.53084885313653 
105.19 14.24 20260420.0 -1.0 2.513260850307 31.160278248289423 0.014784852007105203 0.01520659744487199 0.8592110764129598 1.0 -1.0 -1.0 -1.0 -1.0 
105.19 14.24 20260420.0 -1.0 0.054243629318944116 65.98216381130145 0.1637651254177121 0.024883523091608708 2.731137313442164 1.0 -1.0 -1.0 -1.0 -1.0 
105.19 14.24 20260420.0 -1.0 0.98844095625 0.0 0.7030475489202758 0.01520659744487199 2.7400694041607014 32.0 -1.0 -1.0 -1.0 -1.0 
105.19 14.24 20260420.0 -1.0 0.4504 104.60689011403255 0.11161042720880969 0.017971433343939622 1.662404663860754 4.0 -1.0 -1.0 -1.0 -1.0 
105.19 14.24 20260420.0 -1.0 4.961548 156.9103351710488 0.8782018738445139 0.03041319488974398 7.481756660762117 16.0 7.825030808583852 16.0 4.961536130091797 156.85679631606104 
105.19 14.24 20260420.0 -1.0 0.552365939363323 209.2137802280651 0.11497569953977362 0.04700221028414978 1.9475447782246613 2.0 -1.0 -1.0 -1.0 -1.0 
105.19 14.24 20260420.0 -1.0 1.1954213511528866 261.5172252850814 0.05032342333122349 0.053914300031818865 0.5966979001816213 2.0 -1.0 -1.0 -1.0 -1.0 
105.19 14.24 20260420.0 -1.0 0.031684024185842756 366.1241153991139 0.7502180669786822 0.029030776940210157 1.5051611594683685 4.0 -1.0 -1.0 -1.0 -1.0 
105.19 14.24 20260420.0 -1.0 238.05684430558327 88.86720952831777 3.410776682707007 0.09123958466923193 8.191170975924459 1.0 -1.0 -1.0 -1.0 -1.0 
105.19 14.24 20260420.0 -1.0 2.309020280644 50.31048450428868 5.9112206094122905 0.008294507697202903 227.75421750548938 32.0 227.81353122249635 32.0 2.30902514886111 50.29537275424667 
105.19 14.24 20260420.0 -1.0 0.9199421210660356 33.210778344534084 5.067228364390674 0.038707702586946884 40.72874241553851 32.0 40.97853384019752 32.0 0.919953890843317 33.39531792535493 
105.19 14.24 20260420.0 -1.0 1.634254 52.303445057016276 1.598528457188781 0.013824179495338172 39.581511259252025 32.0 39.75330498534771 32.0 1.6342407131257157 52.31933141638939 
105.19 14.24 20260420.0 -1.0 0.735983147695 313.8206703420976 3.0202855496317063 0.03041319488974398 32.10698959670324 32.0 32.37716568711871 32.0 0.7359934291647127 314.3207802307649 
105.52 14.25 20260420.0 -1.0 0.00341097197546927 81.23120525060547 0.13468304644516446 0.08985716671969811 1.561607522838066 1.0 -1.0 -1.0 -1.0 -1.0 
105.52 14.25 20260420.0 -1.0 46.5176166256671 104.44531086560409 0.43980921688230445 0.03041319488974398 2.186568817038147 2.0 -1.0 -1.0 -1.0 -1.0 
105.52 14.25 20260420.0 -1.0 183.72305 35.85652933020912 0.6199822243527843 0.04700221028414978 1.98016699778427 1.0 -1.0 -1.0 -1.0 -1.0 
105.52 14.25 20260420.0 -1.0 0.378514 49.843118785255236 0.17271248479812762 0.13132970520571263 1.303988994221236 1.0 -1.0 -1.0 -1.0 -1.0 
105.52 14.25 20260420.0 -1.0 0.0010326914663350483 112.29233248194164 0.18052013621983334 0.026265941041142528 1.8948522980769686 2.0 -1.0 -1.0 -1.0 -1.0 
105.52 14.25 20260420.0 -1.0 0.0330219352130818 66.00943646706178 0.08607826194980724 0.016589015394405805 2.644049745432023 1.0 -1.0 -1.0 -1.0 -1.0 
105.52 14.25 20260420.0 -1.0 0.011214758244299367 54.34789045389346 0.04053785697483141 0.019353851293473442 2.011442242535291 8.0 -1.0 -1.0 -1.0 -1.0 
105.52 14.25 20260420.0 -1.0 3.6854591062113453 20.99804858445884 0.5148386787799171 0.009676925646736721 13.720820540280855 32.0 13.75699726656477 32.0 3.6854544305242602 21.04917008628432 
105.52 14.25 20260420.0 -1.0 1.2293269786077 0.0 0.7272540837450232 0.03456044873834543 1.4084540489159036 16.0 -1.0 -1.0 -1.0 -1.0 
105.52 14.25 20260420.0 -1.0 59.422316724576454 51.89310128423231 0.43647964598682204 0.016589015394405805 3.163676578358633 4.0 -1.0 -1.0 -1.0 -1.0 
105.52 14.25 20260420.0 -1.0 3.89341696386 155.67930385269693 0.1435210792660761 0.02350110514207489 2.1326734717765685 1.0 -1.0 -1.0 -1.0 -1.0 
105.52 14.25 20260420.0 -1.0 0.1185154135 207.57240513692923 0.07653998783070953 0.024883523091608708 0.9978698841706126 4.0 -1.0 -1.0 -1.0 -1.0 
105.52 14.25 20260420.0 -1.0 0.07798602896817859 259.46550642116154 0.033269954369198336 0.06635606157762322 1.9947416033018912 1.0 -1.0 -1.0 -1.0 -1.0 
105.52 14.25 20260420.0 -1.0 1.5900693570117 363.25170898962614 0.06602098024153877 0.009676925646736721 0.8934449729990964 8.0 -1.0 -1.0 -1.0 -1.0 
105.52 14.25 20260420.0 -1.0 11.733640367997438 36.76474942469264 6.570247931400152 0.026265941041142528 74.62348718076439 32.0 74.62348663642108 32.0 11.733633679493021 36.73484971789043 
105.52 14.25 20260420.0 -1.0 455.644016228211 17.83744265565621 7.890230833981745 0.013824179495338172 33.39076497330405 1.0 33.21433412061907 2.0 227.8218744322658 17.81083622685596 
105.52 14.25 20260420.0 -1.0 2.8212 87.11647146285864 2.0189730090554736 0.016589015394405805 35.64224951745378 32.0 35.73214281415898 32.0 2.8211919319195053 87.13142040524421 
105.52 14.25 20260420.0 -1.0 0.941974122159 79.0151482200657 1.3788402464999403 0.06082638977948797 4.8923401029789355 8.0 -1.0 -1.0 -1.0 -1.0 
105.52 14.25 20260420.0 -1.0 0.347045 103.78620256846462 2.3341932760406383 0.016589015394405805 41.40593700874965 32.0 41.95294224430177 32.0 0.34703286170649034 103.72788143481456 
105.52 14.25 20260420.0 -1.0 0.006401806174508402 311.35860770539387 1.3192042178755197 0.058061553880420315 1.0670462469200201 8.0 -1.0 -1.0 -1.0 -1.0 
105.52 14.25 20260420.0 -1.0 0.00341097197546927 81.23120525060547 0.13468304644516446 0.08985716671969811 1.5616075326974512 1.0 -1.0 -1.0 -1.0 -1.0 
105.52 14.25 20260420.0 -1.0 46.5176166256671 104.44531086560409 0.43980921688230445 0.03041319488974398 2.192844658334769 2.0 -1.0 -1.0 -1.0 -1.0 
105.52 14.25 20260420.0 -1.0 183.72305 35.85652933020912 0.6199822243527843 0.04700221028414978 1.9801250042377099 1.0 -1.0 -1.0 -1.0 -1.0 
105.52 14.25 20260420.0 -1.0 0.378514 49.843118785255236 0.17271248479812762 0.13132970520571263 1.3039889953741257 1.0 -1.0 -1.0 -1.0 -1.0 
105.52 14.25 20260420.0 -1.0 0.0010326914663350483 112.29233248194164 0.18052013621983334 0.026265941041142528 1.894871616006954 2.0 -1.0 -1.0 -1.0 -1.0 
105.52 14.25 20260420.0 -1.0 0.0330219352130818 66.00943646706178 0.08607826194980724 0.016589015394405805 2.644049745432876 1.0 -1.0 -1.0 -1.0 -1.0 
105.52 14.25 20260420.0 -1.0 0.011214758244299367 54.34789045389346 0.04053785697483141 0.019353851293473442 2.0114422300572743 8.0 -1.0 -1.0 -1.0 -1.0 
105.52 14.25 20260420.0 -1.0 3.6854591062113453 20.99804858445884 0.5148386787799171 0.009676925646736721 13.725077385904083 32.0 13.752310995542922 32.0 3.6854544305242602 21.04917008628432 
105.52 14.25 20260420.0 -1.0 1.2293269786077 0.0 0.7272540837450232 0.03456044873834543 1.383973024777294 16.0 -1.0 -1.0 -1.0 -1.0 
105.52 14.25 20260420.0 -1.0 59.422316724576454 51.89310128423231 0.43647964598682204 0.016589015394405805 3.16461094698821 4.0 -1.0 -1.0 -1.0 -1.0 
105.52 14.25 20260420.0 -1.0 3.89341696386 155.67930385269693 0.1435210792660761 0.02350110514207489 2.132653769936736 1.0 -1.0 -1.0 -1.0 -1.0 
105.52 14.25 20260420.0 -1.0 0.1185154135 207.57240513692923 0.07653998783070953 0.024883523091608708 0.9978712196512575 4.0 -1.0 -1.0 -1.0 -1.0 
105.52 14.25 20260420.0 -1.0 0.07798602896817859 259.46550642116154 0.033269954369198336 0.06635606157762322 1.994741603233342 1.0 -1.0 -1.0 -1.0 -1.0 
105.52 14.25 20260420.0 -1.0 1.5900693570117 363.25170898962614 0.06602098024153877 0.009676925646736721 0.97406662621391 32.0 -1.0 -1.0 -1.0 -1.0 
105.52 14.25 20260420.0 -1.0 11.733640367997438 36.76474942469264 6.570247931400152 0.026265941041142528 74.61667080496447 32.0 74.61666965488004 32.0 11.733633679493021 36.73484971789043 
105.52 14.25 20260420.0 -1.0 455.644016228211 17.83744265565621 7.890230833981745 0.013824179495338172 33.388700217871474 1.0 33.21226127591474 2.0 227.8218744322658 17.81083622685596 
105.52 14.25 20260420.0 -1.0 2.8212 87.11647146285864 2.0189730090554736 0.016589015394405805 35.64061900461892 32.0 35.7305157312442 32.0 2.8211919319195053 87.13142040524421 
105.52 14.25 20260420.0 -1.0 0.941974122159 79.0151482200657 1.3788402464999403 0.06082638977948797 4.892037944587184 8.0 -1.0 -1.0 -1.0 -1.0 
105.52 14.25 20260420.0 -1.0 0.347045 103.78620256846462 2.3341932760406383 0.016589015394405805 41.413258839706984 32.0 41.9599594888263 32.0 0.34703286170649034 103.72788143481456 
105.52 14.25 20260420.0 -1.0 0.006401806174508402 311.35860770539387 1.3192042178755197 0.058061553880420315 1.0670542999761985 8.0 -1.0 -1.0 -1.0 -1.0 
105.52 14.25 20260420.0 -1.0 0.00341097197546927 81.23120525060547 0.13468304644516446 0.08985716671969811 1.5616075326974512 1.0 -1.0 -1.0 -1.0 -1.0 
105.52 14.25 20260420.0 -1.0 46.5176166256671 104.44531086560409 0.43980921688230445 0.03041319488974398 2.192844658334769 2.0 -1.0 -1.0 -1.0 -1.0 
105.52 14.25 20260420.0 -1.0 183.72305 35.85652933020912 0.6199822243527843 0.04700221028414978 1.9801250042377099 1.0 -1.0 -1.0 -1.0 -1.0 
105.52 14.25 20260420.0 -1.0 0.378514 49.843118785255236 0.17271248479812762 0.13132970520571263 1.3039889953741257 1.0 -1.0 -1.0 -1.0 -1.0 
105.52 14.25 20260420.0 -1.0 0.0010326914663350483 112.29233248194164 0.18052013621983334 0.026265941041142528 1.894871616006954 2.0 -1.0 -1.0 -1.0 -1.0 
105.52 14.25 20260420.0 -1.0 0.0330219352130818 66.00943646706178 0.08607826194980724 0.016589015394405805 2.644049745432876 1.0 -1.0 -1.0 -1.0 -1.0 
105.52 14.25 20260420.0 -1.0 0.011214758244299367 54.34789045389346 0.04053785697483141 0.019353851293473442 2.0114422300572743 8.0 -1.0 -1.0 -1.0 -1.0 
105.52 14.25 20260420.0 -1.0 3.6854591062113453 20.99804858445884 0.5148386787799171 0.009676925646736721 13.725077385904083 32.0 13.752310995542922 32.0 3.6854544305242602 21.04917008628432 
105.52 14.25 20260420.0 -1.0 1.2293269786077 0.0 0.7272540837450232 0.03456044873834543 1.383973024777294 16.0 -1.0 -1.0 -1.0 -1.0 
105.52 14.25 20260420.0 -1.0 59.422316724576454 51.89310128423231 0.43647964598682204 0.016589015394405805 3.16461094698821 4.0 -1.0 -1.0 -1.0 -1.0 
105.52 14.25 20260420.0 -1.0 3.89341696386 155.67930385269693 0.1435210792660761 0.02350110514207489 2.132653769936736 1.0 -1.0 -1.0 -1.0 -1.0 
105.52 14.25 20260420.0 -1.0 0.1185154135 207.57240513692923 0.07653998783070953 0.024883523091608708 0.9978712196512575 4.0 -1.0 -1.0 -1.0 -1.0 
105.52 14.25 20260420.0 -1.0 0.07798602896817859 259.46550642116154 0.033269954369198336 0.06635606157762322 1.994741603233342 1.0 -1.0 -1.0 -1.0 -1.0 
105.52 14.25 20260420.0 -1.0 1.5900693570117 363.25170898962614 0.06602098024153877 0.009676925646736721 0.97406662621391 32.0 -1.0 -1.0 -1.0 -1.0 
105.52 14.25 20260420.0 -1.0 11.733640367997438 36.76474942469264 6.570247931400152 0.026265941041142528 74.61667080496447 32.0 74.61666965488004 32.0 11.733633679493021 36.73484971789043 
105.52 14.25 20260420.0 -1.0 455.644016228211 17.83744265565621 7.890230833981745 0.013824179495338172 33.388700217871474 1.0 33.21226127591474 2.0 227.8218744322658 17.81083622685596 
105.52 14.25 20260420.0 -1.0 2.8212 87.11647146285864 2.0189730090554736 0.016589015394405805 35.64061900461892 32.0 35.7305157312442 32.0 2.8211919319195053 87.13142040524421 
105.52 14.25 20260420.0 -1.0 0.941974122159 79.0151482200657 1.3788402464999403 0.06082638977948797 4.892037944587184 8.0 -1.0 -1.0 -1.0 -1.0 
105.52 14.25 20260420.0 -1.0 0.347045 103.78620256846462 2.3341932760406383 0.016589015394405805 41.413258839706984 32.0 41.9599594888263 32.0 0.34703286170649034 103.72788143481456 
105.52 14.25 20260420.0 -1.0 0.006401806174508402 311.35860770539387 1.3192042178755197 0.058061553880420315 1.0670542999761985 8.0 -1.0 -1.0 -1.0 -1.0 
105.85 14.25 20260420.0 -1.0 2.093296452558 78.04206814872582 0.03045428199617706 0.01520659744487199 2.771067378515114 1.0 -1.0 -1.0 -1.0 -1.0 
105.85 14.25 20260420.0 -1.0 2.801677255733 166.8572565081945 0.09660475420403515 0.14377146675151697 2.4592956354584112 4.0 -1.0 -1.0 -1.0 -1.0 
105.85 14.25 20260420.0 -1.0 152.43624259440242 20.573416857304913 0.13922408471454342 0.016589015394405805 1.022287552687704 2.0 -1.0 -1.0 -1.0 -1.0 
105.85 14.25 20260420.0 -1.0 1.34159887359 18.771891738451593 0.013788402464999404 0.024883523091608708 1.8779999809169217 32.0 -1.0 -1.0 -1.0 -1.0 
105.85 14.25 20260420.0 -1.0 1.2432514573471 47.52423263535058 0.37858012978734595 0.03041319488974398 2.4176986350473206 16.0 -1.0 -1.0 -1.0 -1.0 
105.85 14.25 20260420.0 -1.0 5.01756 157.3091733782719 0.01747528400007684 0.029030776940210157 2.9816537275198067 2.0 -1.0 -1.0 -1.0 -1.0 
105.85 14.25 20260420.0 -1.0 3.700188397774 167.2535920343422 0.8542660740342586 0.016589015394405805 13.925713728526226 32.0 13.925714062765262 32.0 3.7001882446929817 167.28018342609604 
105.85 14.25 20260420.0 -1.0 2.698764 195.10517037181455 0.07653998783070953 0.031795612839277794 0.3878126153011501 2.0 -1.0 -1.0 -1.0 -1.0 
105.85 14.25 20260420.0 -1.0 13.54975 0.0 0.6391172773542334 0.12856486930664499 1.8814166552137703 4.0 -1.0 -1.0 -1.0 -1.0 
105.85 14.25 20260420.0 -1.0 2.316946290122627 51.466999038326705 0.40903566412423487 0.006912089747669086 10.597113579837101 16.0 10.653855565977556 16.0 2.316968069256594 51.30735208531804 
105.85 14.25 20260420.0 -1.0 0.15753387272071392 154.4009971149801 0.3891876190394205 0.052531882082285056 0.9313101063627583 1.0 -1.0 -1.0 -1.0 -1.0 
105.85 14.25 20260420.0 -1.0 1.1942219218 205.86799615330682 0.02946096205232792 0.009676925646736721 0.5723179049890732 32.0 -1.0 -1.0 -1.0 -1.0 
105.85 14.25 20260420.0 -1.0 255.04548929830653 257.33499519163354 0.3389635623896606 0.012441761545804354 1.9313473877762284 1.0 -1.0 -1.0 -1.0 -1.0 
105.85 14.25 20260420.0 -1.0 2.74279572052 360.2689932682869 0.18570640495981353 0.017971433343939622 2.4378155916287128 32.0 -1.0 -1.0 -1.0 -1.0 
105.85 14.25 20260420.0 -1.0 7.59822533 26.8066937685374 1.2805918722139782 0.029030776940210157 15.450072020267845 16.0 15.450071875702395 16.0 7.598221903511634 26.817452273391083 
105.85 14.25 20260420.0 -1.0 0.8189874162 66.1520023642939 1.6627313382536484 0.058061553880420315 4.348296648179702 16.0 -1.0 -1.0 -1.0 -1.0 
105.85 14.25 20260420.0 -1.0 0.009161673065653934 83.08633848151511 2.639624521570016 0.017971433343939622 2.503319866829237 32.0 -1.0 -1.0 -1.0 -1.0 
105.85 14.25 20260420.0 -1.0 168.067227 99.58830857021152 7.533342255189895 0.013824179495338174 47.7596414161681 2.0 47.759642713844954 2.0 168.06734493002295 99.57876617742197 
105.85 14.25 20260420.0 -1.0 3.6635 102.93399807665341 3.1415915126584513 0.02350110514207489 48.3646899948667 32.0 48.36468914896271 32.0 3.6635052917214734 102.91829796995746 
105.85 14.25 20260420.0 -1.0 1.11987265911 308.8019942299602 6.666262149960813 0.022118687192541075 112.74823058742484 32.0 79.98175898044902 32.0 2.2397519690760723 308.7548939098724 
105.85 14.25 20260420.0 -1.0 2.093296452558 78.04206814872582 0.03045428199617706 0.01520659744487199 2.771067665074075 1.0 -1.0 -1.0 -1.0 -1.0 
105.85 14.25 20260420.0 -1.0 2.801677255733 166.8572565081945 0.09660475420403515 0.14377146675151697 2.4592939991886813 4.0 -1.0 -1.0 -1.0 -1.0 
105.85 14.25 20260420.0 -1.0 152.43624259440242 20.573416857304913 0.13922408471454342 0.016589015394405805 1.0223609561976612 2.0 -1.0 -1.0 -1.0 -1.0 
105.85 14.25 20260420.0 -1.0 1.34159887359 18.771891738451593 0.013788402464999404 0.024883523091608708 1.8782179915942345 32.0 -1.0 -1.0 -1.0 -1.0 
105.85 14.25 20260420.0 -1.0 1.2432514573471 47.52423263535058 0.37858012978734595 0.03041319488974398 2.418259097704188 16.0 -1.0 -1.0 -1.0 -1.0 
105.85 14.25 20260420.0 -1.0 5.01756 157.3091733782719 0.01747528400007684 0.029030776940210157 2.9816538035979603 2.0 -1.0 -1.0 -1.0 -1.0 
105.85 14.25 20260420.0 -1.0 3.700188397774 167.2535920343422 0.8542660740342586 0.016589015394405805 13.925473869900879 32.0 13.92547433103872 32.0 3.7001882446929817 167.28018342609604 
105.85 14.25 20260420.0 -1.0 2.698764 195.10517037181455 0.07653998783070953 0.031795612839277794 0.3878128174054856 2.0 -1.0 -1.0 -1.0 -1.0 
105.85 14.25 20260420.0 -1.0 13.54975 0.0 0.6391172773542334 0.12856486930664499 1.8793011727086917 4.0 -1.0 -1.0 -1.0 -1.0 
105.85 14.25 20260420.0 -1.0 2.316946290122627 51.466999038326705 0.40903566412423487 0.006912089747669086 10.596759614659396 16.0 10.652083591081498 16.0 2.316968069256594 51.30735208531804 
105.85 14.25 20260420.0 -1.0 0.15753387272071392 154.4009971149801 0.3891876190394205 0.052531882082285056 0.9313102290837431 1.0 -1.0 -1.0 -1.0 -1.0 
105.85 14.25 20260420.0 -1.0 1.1942219218 205.86799615330682 0.02946096205232792 0.009676925646736721 0.5722210886696951 32.0 -1.0 -1.0 -1.0 -1.0 
105.85 14.25 20260420.0 -1.0 255.04548929830653 257.33499519163354 0.3389635623896606 0.012441761545804354 1.9324746007053308 1.0 -1.0 -1.0 -1.0 -1.0 
105.85 14.25 20260420.0 -1.0 2.74279572052 360.2689932682869 0.18570640495981353 0.017971433343939622 2.4401951985331953 32.0 -1.0 -1.0 -1.0 -1.0 
105.85 14.25 20260420.0 -1.0 7.59822533 26.8066937685374 1.2805918722139782 0.029030776940210157 15.454097681802327 16.0 15.454098000659224 16.0 7.598221903511634 26.817452273391083 
105.85 14.25 20260420.0 -1.0 0.8189874162 66.1520023642939 1.6627313382536484 0.058061553880420315 4.351812962599089 16.0 -1.0 -1.0 -1.0 -1.0 
105.85 14.25 20260420.0 -1.0 0.009161673065653934 83.08633848151511 2.639624521570016 0.017971433343939622 2.5036352264498594 32.0 -1.0 -1.0 -1.0 -1.0 
105.85 14.25 20260420.0 -1.0 168.067227 99.58830857021152 7.533342255189895 0.013824179495338174 47.75967007268426 2.0 47.75967080086374 2.0 168.06734493002295 99.57876617742197 
105.85 14.25 20260420.0 -1.0 3.6635 102.93399807665341 3.1415915126584513 0.02350110514207489 48.36790088205095 32.0 48.367896864057315 32.0 3.6635052917214734 102.91829796995746 
105.85 14.25 20260420.0 -1.0 1.11987265911 308.8019942299602 6.666262149960813 0.022118687192541075 112.75704980932473 32.0 79.98821669206312 32.0 2.2397519690760723 308.7548939098724 
105.85 14.25 20260420.0 -1.0 2.093296452558 78.04206814872582 0.03045428199617706 0.01520659744487199 2.771067665074075 1.0 -1.0 -1.0 -1.0 -1.0 
105.85 14.25 20260420.0 -1.0 2.801677255733 166.8572565081945 0.09660475420403515 0.14377146675151697 2.4592939991886813 4.0 -1.0 -1.0 -1.0 -1.0 
105.85 14.25 20260420.0 -1.0 152.43624259440242 20.573416857304913 0.13922408471454342 0.016589015394405805 1.0223609561976612 2.0 -1.0 -1.0 -1.0 -1.0 
105.85 14.25 20260420.0 -1.0 1.34159887359 18.771891738451593 0.013788402464999404 0.024883523091608708 1.8782179915942345 32.0 -1.0 -1.0 -1.0 -1.0 
105.85 14.25 20260420.0 -1.0 1.2432514573471 47.52423263535058 0.37858012978734595 0.03041319488974398 2.418259097704188 16.0 -1.0 -1.0 -1.0 -1.0 
105.85 14.25 20260420.0 -1.0 5.01756 157.3091733782719 0.01747528400007684 0.029030776940210157 2.9816538035979603 2.0 -1.0 -1.0 -1.0 -1.0 
105.85 14.25 20260420.0 -1.0 3.700188397774 167.2535920343422 0.8542660740342586 0.016589015394405805 13.925473869900879 32.0 13.92547433103872 32.0 3.7001882446929817 167.28018342609604 
105.85 14.25 20260420.0 -1.0 2.698764 195.10517037181455 0.07653998783070953 0.031795612839277794 0.3878128174054856 2.0 -1.0 -1.0 -1.0 -1.0 
105.85 14.25 20260420.0 -1.0 13.54975 0.0 0.6391172773542334 0.12856486930664499 1.8793011727086917 4.0 -1.0 -1.0 -1.0 -1.0 
105.85 14.25 20260420.0 -1.0 2.316946290122627 51.466999038326705 0.40903566412423487 0.006912089747669086 10.596759614659396 16.0 10.652083591081498 16.0 2.316968069256594 51.30735208531804 
105.85 14.25 20260420.0 -1.0 0.15753387272071392 154.4009971149801 0.3891876190394205 0.052531882082285056 0.9313102290837431 1.0 -1.0 -1.0 -1.0 -1.0 
105.85 14.25 20260420.0 -1.0 1.1942219218 205.86799615330682 0.02946096205232792 0.009676925646736721 0.5722210886696951 32.0 -1.0 -1.0 -1.0 -1.0 
105.85 14.25 20260420.0 -1.0 255.04548929830653 257.33499519163354 0.3389635623896606 0.012441761545804354 1.9324746007053308 1.0 -1.0 -1.0 -1.0 -1.0 
105.85 14.25 20260420.0 -1.0 2.74279572052 360.2689932682869 0.18570640495981353 0.017971433343939622 2.4401951985331953 32.0 -1.0 -1.0 -1.0 -1.0 
105.85 14.25 20260420.0 -1.0 7.59822533 26.8066937685374 1.2805918722139782 0.029030776940210157 15.454097681802327 16.0 15.454098000659224 16.0 7.598221903511634 26.817452273391083 
105.85 14.25 20260420.0 -1.0 0.8189874162 66.1520023642939 1.6627313382536484 0.058061553880420315 4.351812962599089 16.0 -1.0 -1.0 -1.0 -1.0 
105.85 14.25 20260420.0 -1.0 0.009161673065653934 83.08633848151511 2.639624521570016 0.017971433343939622 2.5036352264498594 32.0 -1.0 -1.0 -1.0 -1.0 
105.85 14.25 20260420.0 -1.0 168.067227 99.58830857021152 7.533342255189895 0.013824179495338174 47.75967007268426 2.0 47.75967080086374 2.0 168.06734493002295 99.57876617742197 
105.85 14.25 20260420.0 -1.0 3.6635 102.93399807665341 3.1415915126584513 0.02350110514207489 48.36790088205095 32.0 48.367896864057315 32.0 3.6635052917214734 102.91829796995746 
105.85 14.25 20260420.0 -1.0 1.11987265911 308.8019942299602 6.666262149960813 0.022118687192541075 112.75704980932473 32.0 79.98821669206312 32.0 2.2397519690760723 308.7548939098724 
138.67 38.88 20260420.0 -1.0 0.037903251798363014 70.06989307160315 0.054484582499133245 0.03317803078881161 1.2454203736488725 8.0 -1.0 -1.0 -1.0 -1.0 
138.67 38.88 20260420.0 -1.0 1.13278729089 111.18818646205057 0.02485647525109073 0.06220880772902178 1.0034482381302035 1.0 -1.0 -1.0 -1.0 -1.0 
138.67 38.88 20260420.0 -1.0 0.03505483273125927 47.39744164219061 0.026341594756344008 0.03456044873834543 0.8378832517669039 1.0 -1.0 -1.0 -1.0 -1.0 
138.67 38.88 20260420.0 -1.0 26.957044087089127 97.9006985486843 0.15084046126215594 0.031795612839277794 0.7263446517303228 2.0 -1.0 -1.0 -1.0 -1.0 
138.67 38.88 20260420.0 -1.0 6.30957344480193 20.768451636948477 0.5414687004533514 0.02626594104114253 3.6649239988151843 4.0 -1.0 -1.0 -1.0 -1.0 
138.67 38.88 20260420.0 -1.0 0.132180571 23.02354358972507 0.01711683019500161 0.017971433343939622 1.3713104795306343 4.0 -1.0 -1.0 -1.0 -1.0 
138.67 38.88 20260420.0 -1.0 1.1148 19.288848961345703 0.1152142376713014 0.019353851293473442 1.383851269413813 32.0 -1.0 -1.0 -1.0 -1.0 
138.67 38.88 20260420.0 -1.0 0.4879106929608976 77.15539584538281 0.05694761595330197 0.012441761545804354 1.756967765289609 16.0 -1.0 -1.0 -1.0 -1.0 
138.67 38.88 20260420.0 -1.0 1.4741290419615 96.44424480672852 0.963381672181643 0.011059343596270537 27.586912935091938 32.0 27.586912627650307 32.0 1.4741393291236213 96.44163025110075 
138.67 38.88 20260420.0 -1.0 6.636724372953307 115.73309376807421 0.01356167184131214 0.008294507697202903 1.734301690436213 4.0 -1.0 -1.0 -1.0 -1.0 
138.67 38.88 20260420.0 -1.0 238.05684430558327 51.610547565940884 2.709837786268783 0.017971433343939622 18.99988143571581 1.0 18.999881273042785 1.0 238.05672147621712 51.61094588463944 
138.67 38.88 20260420.0 -1.0 0.991179 85.63948002700081 1.024474257441211 0.01520659744487199 24.005555467036352 32.0 24.140886970205433 32.0 0.9911673259921373 85.81584727485146 
138.67 38.88 20260420.0 -1.0 13.781158075623882 120.33008617480357 1.4581976084928143 0.055296717981352696 7.055147577075214 4.0 7.270416798017226 8.0 13.781270051064592 120.52673833059914 
138.67 38.88 20260420.0 -1.0 0.4430253439574548 67.00458844118228 7.627605773872714 0.017971433343939622 159.70620543661732 32.0 63.66847612858147 16.0 3.101195034105331 66.99303171692412 
138.67 38.88 20260420.0 -1.0 1.2060310902 84.72123899233729 1.0560935014207016 0.020736269243007262 21.09616702651226 32.0 21.096167400779596 32.0 1.206020291040962 84.70267001067296 
138.67 38.88 20260420.0 -1.0 101.26565703902918 76.41655904648337 5.422173590099175 0.059443971829954124 21.41035727851518 2.0 21.41035717104262 2.0 101.26580794652304 76.4044394958878 
138.67 38.88 20260420.0 -1.0 0.566181225686 0.0 2.4787882220953037 0.013824179495338172 40.82453009798957 32.0 -1.0 -1.0 -1.0 -1.0 
138.67 38.88 20260420.0 -1.0 3.7024345923069872 38.57769792269141 2.7723259135371627 0.017971433343939622 71.3539333685358 32.0 71.47965663029439 32.0 3.7024316649573548 38.55641251381887 
138.67 38.88 20260420.0 -1.0 0.019556066824271988 57.866546884037106 3.542867704535789 0.058061553880420315 1.58005593272789 16.0 -1.0 -1.0 -1.0 -1.0 
138.67 38.88 20260420.0 -1.0 1.073268736517 135.02194272941992 1.3571044086248008 0.01520659744487199 7.035762103144867 8.0 -1.0 -1.0 -1.0 -1.0 
138.67 38.88 20260420.0 -1.0 0.037903251798363014 70.06989307160315 0.054484582499133245 0.03317803078881161 1.2454203152803829 8.0 -1.0 -1.0 -1.0 -1.0 
138.67 38.88 20260420.0 -1.0 1.13278729089 111.18818646205057 0.02485647525109073 0.06220880772902178 1.0031962686399802 1.0 -1.0 -1.0 -1.0 -1.0 
138.67 38.88 20260420.0 -1.0 0.03505483273125927 47.39744164219061 0.026341594756344008 0.03456044873834543 0.8378832517684571 1.0 -1.0 -1.0 -1.0 -1.0 
138.67 38.88 20260420.0 -1.0 26.957044087089127 97.9006985486843 0.15084046126215594 0.031795612839277794 0.7258933447153625 2.0 -1.0 -1.0 -1.0 -1.0 
138.67 38.88 20260420.0 -1.0 6.30957344480193 20.768451636948477 0.5414687004533514 0.02626594104114253 3.666260874635174 4.0 -1.0 -1.0 -1.0 -1.0 
138.67 38.88 20260420.0 -1.0 0.132180571 23.02354358972507 0.01711683019500161 0.017971433343939622 1.3698092306753598 4.0 -1.0 -1.0 -1.0 -1.0 
138.67 38.88 20260420.0 -1.0 1.1148 19.288848961345703 0.1152142376713014 0.019353851293473442 1.38303079990276 32.0 -1.0 -1.0 -1.0 -1.0 
138.67 38.88 20260420.0 -1.0 0.4879106929608976 77.15539584538281 0.05694761595330197 0.012441761545804354 1.755698827905587 16.0 -1.0 -1.0 -1.0 -1.0 
138.67 38.88 20260420.0 -1.0 1.4741290419615 96.44424480672852 0.963381672181643 0.011059343596270537 27.60413321913726 32.0 27.604132145844634 32.0 1.4741393291236213 96.44163025110075 
138.67 38.88 20260420.0 -1.0 6.636724372953307 115.73309376807421 0.01356167184131214 0.008294507697202903 1.7354751800304318 4.0 -1.0 -1.0 -1.0 -1.0 
138.67 38.88 20260420.0 -1.0 238.05684430558327 51.610547565940884 2.709837786268783 0.017971433343939622 18.999903004531394 1.0 18.999902898356563 1.0 238.05672147621712 51.61094588463944 
138.67 38.88 20260420.0 -1.0 0.991179 85.63948002700081 1.024474257441211 0.01520659744487199 24.012042338366424 32.0 24.118258775812066 32.0 0.9911673259921373 85.6134514086372 
138.67 38.88 20260420.0 -1.0 13.781158075623882 120.33008617480357 1.4581976084928143 0.055296717981352696 7.057549471792226 4.0 7.2797662109300685 8.0 13.781270051064592 120.52673833059914 
138.67 38.88 20260420.0 -1.0 0.4430253439574548 67.00458844118228 7.627605773872714 0.017971433343939622 159.68396176169682 32.0 63.677964907803094 16.0 3.101195034105331 66.99303171692412 
138.67 38.88 20260420.0 -1.0 1.2060310902 84.72123899233729 1.0560935014207016 0.020736269243007262 21.080494529945046 32.0 21.080493436784877 32.0 1.206020291040962 84.70267001067296 
138.67 38.88 20260420.0 -1.0 101.26565703902918 76.41655904648337 5.422173590099175 0.059443971829954124 21.40553782893122 2.0 21.405538032139308 2.0 101.26580794652304 76.4044394958878 
138.67 38.88 20260420.0 -1.0 0.566181225686 0.0 2.4787882220953037 0.013824179495338172 40.83498246973953 32.0 -1.0 -1.0 -1.0 -1.0 
138.67 38.88 20260420.0 -1.0 3.7024345923069872 38.57769792269141 2.7723259135371627 0.017971433343939622 72.51081117904455 32.0 72.57289568339289 32.0 3.7024316649573548 38.55641251381887 
138.67 38.88 20260420.0 -1.0 0.019556066824271988 57.866546884037106 3.542867704535789 0.058061553880420315 1.5801463900879238 16.0 -1.0 -1.0 -1.0 -1.0 
138.67 38.88 20260420.0 -1.0 1.073268736517 135.02194272941992 1.3571044086248008 0.01520659744487199 7.026920084323532 8.0 -1.0 -1.0 -1.0 -1.0 
138.67 38.88 20260420.0 -1.0 0.037903251798363014 70.06989307160315 0.054484582499133245 0.03317803078881161 1.2454203152803829 8.0 -1.0 -1.0 -1.0 -1.0 
138.67 38.88 20260420.0 -1.0 1.13278729089 111.18818646205057 0.02485647525109073 0.06220880772902178 1.0031962686399802 1.0 -1.0 -1.0 -1.0 -1.0 
138.67 38.88 20260420.0 -1.0 0.03505483273125927 47.39744164219061 0.026341594756344008 0.03456044873834543 0.8378832517684571 1.0 -1.0 -1.0 -1.0 -1.0 
138.67 38.88 20260420.0 -1.0 26.957044087089127 97.9006985486843 0.15084046126215594 0.031795612839277794 0.7258933447153625 2.0 -1.0 -1.0 -1.0 -1.0 
138.67 38.88 20260420.0 -1.0 6.30957344480193 20.768451636948477 0.5414687004533514 0.02626594104114253 3.666260874635174 4.0 -1.0 -1.0 -1.0 -1.0 
138.67 38.88 20260420.0 -1.0 0.132180571 23.02354358972507 0.01711683019500161 0.017971433343939622 1.3698092306753598 4.0 -1.0 -1.0 -1.0 -1.0 
138.67 38.88 20260420.0 -1.0 1.1148 19.288848961345703 0.1152142376713014 0.019353851293473442 1.38303079990276 32.0 -1.0 -1.0 -1.0 -1.0 
138.67 38.88 20260420.0 -1.0 0.4879106929608976 77.15539584538281 0.05694761595330197 0.012441761545804354 1.755698827905587 16.0 -1.0 -1.0 -1.0 -1.0 
138.67 38.88 20260420.0 -1.0 1.4741290419615 96.44424480672852 0.963381672181643 0.011059343596270537 27.60413321913726 32.0 27.604132145844634 32.0 1.4741393291236213 96.44163025110075 
138.67 38.88 20260420.0 -1.0 6.636724372953307 115.73309376807421 0.01356167184131214 0.008294507697202903 1.7354751800304318 4.0 -1.0 -1.0 -1.0 -1.0 
138.67 38.88 20260420.0 -1.0 238.05684430558327 51.610547565940884 2.709837786268783 0.017971433343939622 18.999903004531394 1.0 18.999902898356563 1.0 238.05672147621712 51.61094588463944 
138.67 38.88 20260420.0 -1.0 0.991179 85.63948002700081 1.024474257441211 0.01520659744487199 24.012042338366424 32.0 24.118258775812066 32.0 0.9911673259921373 85.6134514086372 
138.67 38.88 20260420.0 -1.0 13.781158075623882 120.33008617480357 1.4581976084928143 0.055296717981352696 7.057549471792226 4.0 7.2797662109300685 8.0 13.781270051064592 120.52673833059914 
138.67 38.88 20260420.0 -1.0 0.4430253439574548 67.00458844118228 7.627605773872714 0.017971433343939622 159.68396176169682 32.0 63.677964907803094 16.0 3.101195034105331 66.99303171692412 
138.67 38.88 20260420.0 -1.0 1.2060310902 84.72123899233729 1.0560935014207016 0.020736269243007262 21.080494529945046 32.0 21.080493436784877 32.0 1.206020291040962 84.70267001067296 
138.67 38.88 20260420.0 -1.0 101.26565703902918 76.41655904648337 5.422173590099175 0.059443971829954124 21.40553782893122 2.0 21.405538032139308 2.0 101.26580794652304 76.4044394958878 
138.67 38.88 20260420.0 -1.0 0.566181225686 0.0 2.4787882220953037 0.013824179495338172 40.83498246973953 32.0 -1.0 -1.0 -1.0 -1.0 
138.67 38.88 20260420.0 -1.0 3.7024345923069872 38.57769792269141 2.7723259135371627 0.017971433343939622 72.51081117904455 32.0 72.57289568339289 32.0 3.7024316649573548 38.55641251381887 
138.67 38.88 20260420.0 -1.0 0.019556066824271988 57.866546884037106 3.542867704535789 0.058061553880420315 1.5801463900879238 16.0 -1.0 -1.0 -1.0 -1.0 
138.67 38.88 20260420.0 -1.0 1.073268736517 135.02194272941992 1.3571044086248008 0.01520659744487199 7.026920084323532 8.0 -1.0 -1.0 -1.0 -1.0 
139.08 38.88 20260420.0 -1.0 0.520833 36.378670815415475 0.2508071620172219 0.06635606157762322 1.144201427141283 1.0 -1.0 -1.0 -1.0 -1.0 
139.08 38.88 20260420.0 -1.0 2.270807 85.06743179211244 0.0776048723514451 0.009676925646736721 1.2192688360292272 8.0 -1.0 -1.0 -1.0 -1.0 
139.08 38.88 20260420.0 -1.0 1.184484581238005 19.871041713893735 0.06791773565719263 0.031795612839277794 1.4744615040662887 16.0 -1.0 -1.0 -1.0 -1.0 
139.08 38.88 20260420.0 -1.0 0.9128643163022 78.55586497456027 0.2042824336814626 0.03456044873834543 1.9652509749159017 2.0 -1.0 -1.0 -1.0 -1.0 
139.08 38.88 20260420.0 -1.0 2.5319475773331 26.826578996279018 0.6118974845614148 0.011059343596270537 15.699330951763107 32.0 15.82222659322497 32.0 2.531942300265655 26.817452273391083 
139.08 38.88 20260420.0 -1.0 61.93152364676491 56.31698078155665 0.11836064433841874 0.013824179495338172 0.5222105816050872 2.0 -1.0 -1.0 -1.0 -1.0 
139.08 38.88 20260420.0 -1.0 0.026852924862108638 90.78523323314484 0.0748147792333613 0.006912089747669087 1.634548208883362 16.0 -1.0 -1.0 -1.0 -1.0 
139.08 38.88 20260420.0 -1.0 7.652855786949726 40.91255101689293 0.04676995980844703 0.04700221028414978 1.0712610038990489 4.0 -1.0 -1.0 -1.0 -1.0 
139.08 38.88 20260420.0 -1.0 1.526554 0.0 0.2573007452468887 0.017971433343939622 1.8642985108665728 32.0 -1.0 -1.0 -1.0 -1.0 
139.08 38.88 20260420.0 -1.0 48.32130509133046 38.435157384122924 0.0870350071629085 0.019353851293473442 1.2792195045710246 4.0 -1.0 -1.0 -1.0 -1.0 
139.08 38.88 20260420.0 -1.0 425.1077962532 57.65273607618438 0.025132750737750977 0.05391430003181888 0.49578256454826053 1.0 -1.0 -1.0 -1.0 -1.0 
139.08 38.88 20260420.0 -1.0 213.33223675351 76.87031476824585 0.015241169810522674 0.21427478217774168 2.6678299477461676 2.0 -1.0 -1.0 -1.0 -1.0 
139.08 38.88 20260420.0 -1.0 0.917 96.08789346030731 0.19898937272332504 0.022118687192541075 1.4819075452235038 16.0 -1.0 -1.0 -1.0 -1.0 
139.08 38.88 20260420.0 -1.0 0.602381 64.0931907413607 5.919393724285377 0.049767046183217416 35.6557926547876 16.0 35.985193864059625 16.0 0.6023886574742695 63.957093723710045 
139.08 38.88 20260420.0 -1.0 158.8731184382565 61.752255563149795 2.0023046365408206 0.08018024107296139 6.456949166088793 1.0 -1.0 -1.0 -1.0 -1.0 
139.08 38.88 20260420.0 -1.0 1.390499284334 11.489417483862729 1.3759855127211713 0.02350110514207489 19.90883230821408 32.0 20.2813452756811 32.0 1.390496133050571 11.435366441106387 
139.08 38.88 20260420.0 -1.0 0.56755806947 50.922066951311976 2.9197558324778985 0.008294507697202903 118.60542832136795 32.0 70.11602158976457 16.0 1.7026953476791582 51.30735208531804 
139.08 38.88 20260420.0 -1.0 0.53638518841 19.217578692061462 5.169771489346303 0.03041319488974398 54.650223195829525 32.0 54.898435698417295 32.0 0.536389658615614 19.430003156570145 
139.08 38.88 20260420.0 -1.0 0.9060216 115.30547215236876 2.258059458990518 0.030413194889743977 25.67867946775973 16.0 26.567822152546356 32.0 0.9060083054161321 115.36564374213522 
139.08 38.88 20260420.0 -1.0 0.92794739509 134.52305084443023 2.051309555691251 0.05529671798135269 2.936764818684758 8.0 -1.0 -1.0 -1.0 -1.0 
139.08 38.88 20260420.0 -1.0 0.520833 36.378670815415475 0.2508071620172219 0.06635606157762322 1.1442013966564388 1.0 -1.0 -1.0 -1.0 -1.0 
139.08 38.88 20260420.0 -1.0 2.270807 85.06743179211244 0.0776048723514451 0.009676925646736721 1.2168783808311003 8.0 -1.0 -1.0 -1.0 -1.0 
139.08 38.88 20260420.0 -1.0 1.184484581238005 19.871041713893735 0.06791773565719263 0.031795612839277794 1.4745323245474682 16.0 -1.0 -1.0 -1.0 -1.0 
139.08 38.88 20260420.0 -1.0 0.9128643163022 78.55586497456027 0.2042824336814626 0.03456044873834543 1.9651771015788069 2.0 -1.0 -1.0 -1.0 -1.0 
139.08 38.88 20260420.0 -1.0 2.5319475773331 26.826578996279018 0.6118974845614148 0.011059343596270537 16.52668111308752 32.0 16.526679961053755 32.0 2.531942300265655 26.817452273391083 
139.08 38.88 20260420.0 -1.0 61.93152364676491 56.31698078155665 0.11836064433841874 0.013824179495338172 0.5219727140645495 2.0 -1.0 -1.0 -1.0 -1.0 
139.08 38.88 20260420.0 -1.0 0.026852924862108638 90.78523323314484 0.0748147792333613 0.006912089747669087 1.6345471495527002 16.0 -1.0 -1.0 -1.0 -1.0 
139.08 38.88 20260420.0 -1.0 7.652855786949726 40.91255101689293 0.04676995980844703 0.04700221028414978 1.0707641503028815 4.0 -1.0 -1.0 -1.0 -1.0 
139.08 38.88 20260420.0 -1.0 1.526554 0.0 0.2573007452468887 0.017971433343939622 1.8463648371072077 32.0 -1.0 -1.0 -1.0 -1.0 
139.08 38.88 20260420.0 -1.0 48.32130509133046 38.435157384122924 0.0870350071629085 0.019353851293473442 1.2796247842092572 4.0 -1.0 -1.0 -1.0 -1.0 
139.08 38.88 20260420.0 -1.0 425.1077962532 57.65273607618438 0.025132750737750977 0.05391430003181888 0.49595205275404164 1.0 -1.0 -1.0 -1.0 -1.0 
139.08 38.88 20260420.0 -1.0 213.33223675351 76.87031476824585 0.015241169810522674 0.21427478217774168 2.6684496815455514 2.0 -1.0 -1.0 -1.0 -1.0 
139.08 38.88 20260420.0 -1.0 0.917 96.08789346030731 0.19898937272332504 0.022118687192541075 1.4840789827984415 16.0 -1.0 -1.0 -1.0 -1.0 
139.08 38.88 20260420.0 -1.0 0.602381 64.0931907413607 5.919393724285377 0.049767046183217416 35.65597686090799 16.0 35.97633185131224 16.0 0.6023886574742695 63.957093723710045 
139.08 38.88 20260420.0 -1.0 158.8731184382565 61.752255563149795 2.0023046365408206 0.08018024107296139 6.455968954697197 1.0 -1.0 -1.0 -1.0 -1.0 
139.08 38.88 20260420.0 -1.0 1.390499284334 11.489417483862729 1.3759855127211713 0.02350110514207489 20.794908131485617 32.0 21.035497024006904 32.0 1.390496133050571 11.435366441106387 
139.08 38.88 20260420.0 -1.0 0.56755806947 50.922066951311976 2.9197558324778985 0.008294507697202903 118.68372314775188 32.0 70.20130557045258 16.0 1.7026953476791582 51.30735208531804 
139.08 38.88 20260420.0 -1.0 0.53638518841 19.217578692061462 5.169771489346303 0.03041319488974398 54.63828131498016 32.0 54.89754768591649 32.0 0.536389658615614 19.430003156570145 
139.08 38.88 20260420.0 -1.0 0.9060216 115.30547215236876 2.258059458990518 0.030413194889743977 25.676535086790686 16.0 26.563511084913056 32.0 0.9060083054161321 115.36564374213522 
139.08 38.88 20260420.0 -1.0 0.92794739509 134.52305084443023 2.051309555691251 0.05529671798135269 2.937454535729717 8.0 -1.0 -1.0 -1.0 -1.0 
139.08 38.88 20260420.0 -1.0 0.520833 36.378670815415475 0.2508071620172219 0.06635606157762322 1.1442013966564388 1.0 -1.0 -1.0 -1.0 -1.0 
139.08 38.88 20260420.0 -1.0 2.270807 85.06743179211244 0.0776048723514451 0.009676925646736721 1.2168783808311003 8.0 -1.0 -1.0 -1.0 -1.0 
139.08 38.88 20260420.0 -1.0 1.184484581238005 19.871041713893735 0.06791773565719263 0.031795612839277794 1.4745323245474682 16.0 -1.0 -1.0 -1.0 -1.0 
139.08 38.88 20260420.0 -1.0 0.9128643163022 78.55586497456027 0.2042824336814626 0.03456044873834543 1.9651771015788069 2.0 -1.0 -1.0 -1.0 -1.0 
139.08 38.88 20260420.0 -1.0 2.5319475773331 26.826578996279018 0.6118974845614148 0.011059343596270537 16.52668111308752 32.0 16.526679961053755 32.0 2.531942300265655 26.817452273391083 
139.08 38.88 20260420.0 -1.0 61.93152364676491 56.31698078155665 0.11836064433841874 0.013824179495338172 0.5219727140645495 2.0 -1.0 -1.0 -1.0 -1.0 
139.08 38.88 20260420.0 -1.0 0.026852924862108638 90.78523323314484 0.0748147792333613 0.006912089747669087 1.6345471495527002 16.0 -1.0 -1.0 -1.0 -1.0 
139.08 38.88 20260420.0 -1.0 7.652855786949726 40.91255101689293 0.04676995980844703 0.04700221028414978 1.0707641503028815 4.0 -1.0 -1.0 -1.0 -1.0 
139.08 38.88 20260420.0 -1.0 1.526554 0.0 0.2573007452468887 0.017971433343939622 1.8463648371072077 32.0 -1.0 -1.0 -1.0 -1.0 
139.08 38.88 20260420.0 -1.0 48.32130509133046 38.435157384122924 0.0870350071629085 0.019353851293473442 1.2796247842092572 4.0 -1.0 -1.0 -1.0 -1.0 
139.08 38.88 20260420.0 -1.0 425.1077962532 57.65273607618438 0.025132750737750977 0.05391430003181888 0.49595205275404164 1.0 -1.0 -1.0 -1.0 -1.0 
139.08 38.88 20260420.0 -1.0 213.33223675351 76.87031476824585 0.015241169810522674 0.21427478217774168 2.6684496815455514 2.0 -1.0 -1.0 -1.0 -1.0 
139.08 38.88 20260420.0 -1.0 0.917 96.08789346030731 0.19898937272332504 0.022118687192541075 1.4840789827984415 16.0 -1.0 -1.0 -1.0 -1.0 
139.08 38.88 20260420.0 -1.0 0.602381 64.0931907413607 5.919393724285377 0.049767046183217416 35.65597686090799 16.0 35.97633185131224 16.0 0.6023886574742695 63.957093723710045 
139.08 38.88 20260420.0 -1.0 158.8731184382565 61.752255563149795 2.0023046365408206 0.08018024107296139 6.455968954697197 1.0 -1.0 -1.0 -1.0 -1.0 
139.08 38.88 20260420.0 -1.0 1.390499284334 11.489417483862729 1.3759855127211713 0.02350110514207489 20.794908131485617 32.0 21.035497024006904 32.0 1.390496133050571 11.435366441106387 
139.08 38.88 20260420.0 -1.0 0.56755806947 50.922066951311976 2.9197558324778985 0.008294507697202903 118.68372314775188 32.0 70.20130557045258 16.0 1.7026953476791582 51.30735208531804 
139.08 38.88 20260420.0 -1.0 0.53638518841 19.217578692061462 5.169771489346303 0.03041319488974398 54.63828131498016 32.0 54.89754768591649 32.0 0.536389658615614 19.430003156570145 
139.08 38.88 20260420.0 -1.0 0.9060216 115.30547215236876 2.258059458990518 0.030413194889743977 25.676535086790686 16.0 26.563511084913056 32.0 0.9060083054161321 115.36564374213522 
139.08 38.88 20260420.0 -1.0 0.92794739509 134.52305084443023 2.051309555691251 0.05529671798135269 2.937454535729717 8.0 -1.0 -1.0 -1.0 -1.0 
139.49 38.88 20260420.0 -1.0 204.57006473144 36.91394377316731 0.5471089349395308 0.01520659744487199 3.940059544841299 1.0 -1.0 -1.0 -1.0 -1.0 
139.49 38.88 20260420.0 -1.0 2.47500399857 25.762018856945378 0.7143077934856376 0.012441761545804354 23.147796575091416 32.0 23.37850674737316 32.0 2.4750079319346696 25.704275009212584 
139.49 38.88 20260420.0 -1.0 0.07048703518080775 37.972840489972036 0.051270905438291665 0.02350110514207489 0.702012072830101 8.0 -1.0 -1.0 -1.0 -1.0 
139.49 38.88 20260420.0 -1.0 0.857118 119.21300505393974 0.09442728648786386 0.07465056927482613 1.5080282243386458 4.0 -1.0 -1.0 -1.0 -1.0 
139.49 38.88 20260420.0 -1.0 0.7084996307 30.60077474006571 0.5589522870375587 0.02903077694021016 2.939380471598615 16.0 -1.0 -1.0 -1.0 -1.0 
139.49 38.88 20260420.0 -1.0 111.01410225980808 84.40345095847296 0.07680483117247854 0.02073626924300726 0.39760413619008217 4.0 -1.0 -1.0 -1.0 -1.0 
139.49 38.88 20260420.0 -1.0 0.17999154333934464 117.02819284078568 0.020712457159722395 0.056679135930886505 0.3445038482561165 8.0 -1.0 -1.0 -1.0 -1.0 
139.49 38.88 20260420.0 -1.0 232.30015221224 63.65443681146389 0.01800219793806553 0.031795612839277794 0.25906620390397767 1.0 -1.0 -1.0 -1.0 -1.0 
139.49 38.88 20260420.0 -1.0 1.6873527450197159 57.438923714270146 0.10153146672788578 0.009676925646736721 1.9901915538063224 32.0 -1.0 -1.0 -1.0 -1.0 
139.49 38.88 20260420.0 -1.0 1.836377892123 76.58523161902686 0.7675178929261796 0.03732528463741307 6.464449518830144 16.0 6.663738274212164 16.0 1.8363910688397787 76.20204362967353 
139.49 38.88 20260420.0 -1.0 0.731764 95.73153952378357 0.10886886377494363 0.038707702586946884 1.2825385871672579 4.0 -1.0 -1.0 -1.0 -1.0 
139.49 38.88 20260420.0 -1.0 1.05155 114.87784742854029 0.9821983945518493 0.01520659744487199 31.67019606222618 32.0 31.67019719237055 32.0 1.0515577741898596 114.85965407659953 
139.49 38.88 20260420.0 -1.0 95.39306582031023 134.024155333297 0.16835368321843133 0.04423737438508215 1.4391038019810982 2.0 -1.0 -1.0 -1.0 -1.0 
139.49 38.88 20260420.0 -1.0 153.13837474186596 32.37007052004323 6.670869092409146 0.026265941041142528 -inf 1.0 -1.0 -1.0 -1.0 -1.0 
139.49 38.88 20260420.0 -1.0 60.247214842403466 31.016291173242248 3.4202149842813188 0.022118687192541075 27.42763536116681 8.0 27.42763541013306 8.0 60.24723309868326 30.966567530783667 
139.49 38.88 20260420.0 -1.0 0.74364701461 53.53460110022884 1.1665589518231836 0.026265941041142524 14.17457895935373 32.0 14.467400391756634 32.0 0.7436331846596053 53.02771694813935 
139.49 38.88 20260420.0 -1.0 104.09670305794363 70.99969504955237 4.706166268762963 0.006912089747669087 87.67880765816597 2.0 87.67880874053799 2.0 104.09664052228133 71.04094904120959 
139.49 38.88 20260420.0 -1.0 0.17752711928731502 0.0 3.9733783034277192 0.06497364362808941 2.4911735988444916 8.0 -1.0 -1.0 -1.0 -1.0 
139.49 38.88 20260420.0 -1.0 0.6681174 19.146307904756714 5.49002038959374 0.05529671798135268 18.27036033829559 16.0 18.764978831359166 16.0 0.6681148079223931 19.328805223463007 
139.49 38.88 20260420.0 -1.0 2.8307527983 38.29261580951343 4.73879112866675 0.10644618211410392 18.291238092912295 8.0 18.48518546390293 8.0 2.8308325757582984 38.55641251381887 
139.49 38.88 20260420.0 -1.0 204.57006473144 36.91394377316731 0.5471089349395308 0.01520659744487199 3.940059544841299 1.0 -1.0 -1.0 -1.0 -1.0 
139.49 38.88 20260420.0 -1.0 2.47500399857 25.762018856945378 0.7143077934856376 0.012441761545804354 23.147796575091416 32.0 23.37850674737316 32.0 2.4750079319346696 25.704275009212584 
139.49 38.88 20260420.0 -1.0 0.07048703518080775 37.972840489972036 0.051270905438291665 0.02350110514207489 0.702012072830101 8.0 -1.0 -1.0 -1.0 -1.0 
139.49 38.88 20260420.0 -1.0 0.857118 119.21300505393974 0.09442728648786386 0.07465056927482613 1.5080282243386458 4.0 -1.0 -1.0 -1.0 -1.0 
139.49 38.88 20260420.0 -1.0 0.7084996307 30.60077474006571 0.5589522870375587 0.02903077694021016 2.939380471598615 16.0 -1.0 -1.0 -1.0 -1.0 
139.49 38.88 20260420.0 -1.0 111.01410225980808 84.40345095847296 0.07680483117247854 0.02073626924300726 0.39760413619008217 4.0 -1.0 -1.0 -1.0 -1.0 
139.49 38.88 20260420.0 -1.0 0.17999154333934464 117.02819284078568 0.020712457159722395 0.056679135930886505 0.3445038482561165 8.0 -1.0 -1.0 -1.0 -1.0 
139.49 38.88 20260420.0 -1.0 232.30015221224 63.65443681146389 0.01800219793806553 0.031795612839277794 0.25906620390397767 1.0 -1.0 -1.0 -1.0 -1.0 
139.49 38.88 20260420.0 -1.0 1.6873527450197159 57.438923714270146 0.10153146672788578 0.009676925646736721 1.9901915538063224 32.0 -1.0 -1.0 -1.0 -1.0 
139.49 38.88 20260420.0 -1.0 1.836377892123 76.58523161902686 0.7675178929261796 0.03732528463741307 6.464449518830144 16.0 6.663738274212164 16.0 1.8363910688397787 76.20204362967353 
139.49 38.88 20260420.0 -1.0 0.731764 95.73153952378357 0.10886886377494363 0.038707702586946884 1.2825385871672579 4.0 -1.0 -1.0 -1.0 -1.0 
139.49 38.88 20260420.0 -1.0 1.05155 114.87784742854029 0.9821983945518493 0.01520659744487199 31.67019606222618 32.0 31.67019719237055 32.0 1.0515577741898596 114.85965407659953 
139.49 38.88 20260420.0 -1.0 95.39306582031023 134.024155333297 0.16835368321843133 0.04423737438508215 1.4391038019810982 2.0 -1.0 -1.0 -1.0 -1.0 
139.49 38.88 20260420.0 -1.0 153.13837474186596 32.37007052004323 6.670869092409146 0.026265941041142528 -inf 1.0 -1.0 -1.0 -1.0 -1.0 
139.49 38.88 20260420.0 -1.0 60.247214842403466 31.016291173242248 3.4202149842813188 0.022118687192541075 27.42763536116681 8.0 27.42763541013306 8.0 60.24723309868326 30.966567530783667 
139.49 38.88 20260420.0 -1.0 0.74364701461 53.53460110022884 1.1665589518231836 0.026265941041142524 14.17457895935373 32.0 14.467400391756634 32.0 0.7436331846596053 53.02771694813935 
139.49 38.88 20260420.0 -1.0 104.09670305794363 70.99969504955237 4.706166268762963 0.006912089747669087 87.67880765816597 2.0 87.67880874053799 2.0 104.09664052228133 71.04094904120959 
139.49 38.88 20260420.0 -1.0 0.17752711928731502 0.0 3.9733783034277192 0.06497364362808941 2.4911735988444916 8.0 -1.0 -1.0 -1.0 -1.0 
139.49 38.88 20260420.0 -1.0 0.6681174 19.146307904756714 5.49002038959374 0.05529671798135268 18.27036033829559 16.0 18.764978831359166 16.0 0.6681148079223931 19.328805223463007 
139.49 38.88 20260420.0 -1.0 2.8307527983 38.29261580951343 4.73879112866675 0.10644618211410392 18.291238092912295 8.0 18.48518546390293 8.0 2.8308325757582984 38.55641251381887 
139.49 38.88 20260420.0 -1.0 204.57006473144 36.91394377316731 0.5471089349395308 0.01520659744487199 3.940059544841299 1.0 -1.0 -1.0 -1.0 -1.0 
139.49 38.88 20260420.0 -1.0 2.47500399857 25.762018856945378 0.7143077934856376 0.012441761545804354 23.147796575091416 32.0 23.37850674737316 32.0 2.4750079319346696 25.704275009212584 
139.49 38.88 20260420.0 -1.0 0.07048703518080775 37.972840489972036 0.051270905438291665 0.02350110514207489 0.702012072830101 8.0 -1.0 -1.0 -1.0 -1.0 
139.49 38.88 20260420.0 -1.0 0.857118 119.21300505393974 0.09442728648786386 0.07465056927482613 1.5080282243386458 4.0 -1.0 -1.0 -1.0 -1.0 
139.49 38.88 20260420.0 -1.0 0.7084996307 30.60077474006571 0.5589522870375587 0.02903077694021016 2.939380471598615 16.0 -1.0 -1.0 -1.0 -1.0 
139.49 38.88 20260420.0 -1.0 111.01410225980808 84.40345095847296 0.07680483117247854 0.02073626924300726 0.39760413619008217 4.0 -1.0 -1.0 -1.0 -1.0 
139.49 38.88 20260420.0 -1.0 0.17999154333934464 117.02819284078568 0.020712457159722395 0.056679135930886505 0.3445038482561165 8.0 -1.0 -1.0 -1.0 -1.0 
139.49 38.88 20260420.0 -1.0 232.30015221224 63.65443681146389 0.01800219793806553 0.031795612839277794 0.25906620390397767 1.0 -1.0 -1.0 -1.0 -1.0 
139.49 38.88 20260420.0 -1.0 1.6873527450197159 57.438923714270146 0.10153146672788578 0.009676925646736721 1.9901915538063224 32.0 -1.0 -1.0 -1.0 -1.0 
139.49 38.88 20260420.0 -1.0 1.836377892123 76.58523161902686 0.7675178929261796 0.03732528463741307 6.464449518830144 16.0 6.663738274212164 16.0 1.8363910688397787 76.20204362967353 
139.49 38.88 20260420.0 -1.0 0.731764 95.73153952378357 0.10886886377494363 0.038707702586946884 1.2825385871672579 4.0 -1.0 -1.0 -1.0 -1.0 
139.49 38.88 20260420.0 -1.0 1.05155 114.87784742854029 0.9821983945518493 0.01520659744487199 31.67019606222618 32.0 31.67019719237055 32.0 1.0515577741898596 114.85965407659953 
139.49 38.88 20260420.0 -1.0 95.39306582031023 134.024155333297 0.16835368321843133 0.04423737438508215 1.4391038019810982 2.0 -1.0 -1.0 -1.0 -1.0 
139.49 38.88 20260420.0 -1.0 153.13837474186596 32.37007052004323 6.670869092409146 0.026265941041142528 -inf 1.0 -1.0 -1.0 -1.0 -1.0 
139.49 38.88 20260420.0 -1.0 60.247214842403466 31.016291173242248 3.4202149842813188 0.022118687192541075 27.42763536116681 8.0 27.42763541013306 8.0 60.24723309868326 30.966567530783667 
139.49 38.88 20260420.0 -1.0 0.74364701461 53.53460110022884 1.1665589518231836 0.026265941041142524 14.17457895935373 32.0 14.467400391756634 32.0 0.7436331846596053 53.02771694813935 
139.49 38.88 20260420.0 -1.0 104.09670305794363 70.99969504955237 4.706166268762963 0.006912089747669087 87.67880765816597 2.0 87.67880874053799 2.0 104.09664052228133 71.04094904120959 
139.49 38.88 20260420.0 -1.0 0.17752711928731502 0.0 3.9733783034277192 0.06497364362808941 2.4911735988444916 8.0 -1.0 -1.0 -1.0 -1.0 
139.49 38.88 20260420.0 -1.0 0.6681174 19.146307904756714 5.49002038959374 0.05529671798135268 18.27036033829559 16.0 18.764978831359166 16.0 0.6681148079223931 19.328805223463007 
139.49 38.88 20260420.0 -1.0 2.8307527983 38.29261580951343 4.73879112866675 0.10644618211410392 18.291238092912295 8.0 18.48518546390293 8.0 2.8308325757582984 38.55641251381887 
139.9 38.88 20260420.0 -1.0 1.74460092962 98.47137107871626 0.516263340422845 0.019353851293473442 7.8336863726560795 16.0 7.888296093582308 16.0 1.7445927369408312 98.2631930470292 
139.9 38.88 20260420.0 -1.0 112.94972319066427 28.84433977895676 0.18557815499596547 0.017971433343939622 0.6189462631320793 1.0 -1.0 -1.0 -1.0 -1.0 
139.9 38.88 20260420.0 -1.0 1.137799550785 74.55460601199795 0.04888424554533719 0.06773847952715704 1.108876780357357 4.0 -1.0 -1.0 -1.0 -1.0 
139.9 38.88 20260420.0 -1.0 1.07746138421 66.43545851866197 0.5084761966519021 0.1534483923982537 1.1506055598358018 4.0 -1.0 -1.0 -1.0 -1.0 
139.9 38.88 20260420.0 -1.0 3.52042385334 74.06051315467323 0.02114620914515299 0.015206597444871992 1.7415576643957085 1.0 -1.0 -1.0 -1.0 -1.0 
139.9 38.88 20260420.0 -1.0 217.15243613666985 36.56287144202945 0.018290527158198625 0.029030776940210157 0.9383986132716735 1.0 -1.0 -1.0 -1.0 -1.0 
139.9 38.88 20260420.0 -1.0 0.786876829081 0.0 0.11355480623157956 0.01520659744487199 1.238012286807874 4.0 -1.0 -1.0 -1.0 -1.0 
139.9 38.88 20260420.0 -1.0 2.2825153353 57.225109811465984 0.017828923130187448 0.031795612839277794 1.0613097616723939 8.0 -1.0 -1.0 -1.0 -1.0 
139.9 38.88 20260420.0 -1.0 0.0016053407386059828 76.30014641528798 0.011673651412337912 0.016589015394405805 3.2973398592351515 32.0 -1.0 -1.0 -1.0 -1.0 
139.9 38.88 20260420.0 -1.0 205.50156142751428 114.45021962293197 0.23471295096132436 0.019353851293473442 0.6399508346409273 1.0 -1.0 -1.0 -1.0 -1.0 
139.9 38.88 20260420.0 -1.0 1.70219494788 70.98912512265468 6.081047529021898 0.006912089747669087 278.5856143367338 32.0 174.50153331241142 32.0 1.1348068558921418 70.93975110810246 
139.9 38.88 20260420.0 -1.0 411.32080042890203 97.81703188928623 7.089001340999037 0.04147253848601452 20.812373990221733 1.0 -1.0 -1.0 -1.0 -1.0 
139.9 38.88 20260420.0 -1.0 266.0 62.749792880239724 1.5538859572745707 0.027648358990676344 7.227722049172031 1.0 -1.0 -1.0 -1.0 -1.0 
139.9 38.88 20260420.0 -1.0 1.72898175945 87.22742010932664 1.7620758638749157 0.02073626924300726 34.70469822713039 32.0 34.95543449336353 32.0 1.7289797445603958 87.3338162714585 
139.9 38.88 20260420.0 -1.0 0.0425178630338289 47.28602183207679 1.9396741271167337 0.011059343596270537 11.379893593192033 32.0 12.091052473342549 32.0 0.04250371906285485 52.31933141638939 
139.9 38.88 20260420.0 -1.0 0.013051224508255634 37.95167298694218 3.846435957016196 0.013824179495338174 3.1330842985207488 32.0 -1.0 -1.0 -1.0 -1.0 
139.9 38.88 20260420.0 -1.0 1.95904132159 19.075036603821996 6.717113988391871 0.04423737438508215 61.49266763518263 32.0 61.84547541222826 32.0 1.9590515876188876 19.126409357248733 
139.9 38.88 20260420.0 -1.0 164.82261748462858 38.15007320764399 1.2832486944265877 0.02211868719254108 7.628299716567837 1.0 7.628299699775201 1.0 164.8227528979381 38.15162078139033 
139.9 38.88 20260420.0 -1.0 12.745507793210034 95.37518301910998 4.118712484354565 0.031795612839277794 42.47764950498265 16.0 42.575952985790856 16.0 12.745537484685581 95.32845298692226 
139.9 38.88 20260420.0 -1.0 0.6253360202400374 133.52525622675398 8.643580267418619 0.05529671798135269 27.060290854026615 8.0 -1.0 -1.0 -1.0 -1.0 
139.9 38.88 20260420.0 -1.0 1.74460092962 98.47137107871626 0.516263340422845 0.019353851293473442 7.826999388651158 16.0 7.878127219825818 16.0 1.7445927369408312 98.2631930470292 
139.9 38.88 20260420.0 -1.0 112.94972319066427 28.84433977895676 0.18557815499596547 0.017971433343939622 0.6192310552005393 1.0 -1.0 -1.0 -1.0 -1.0 
139.9 38.88 20260420.0 -1.0 1.137799550785 74.55460601199795 0.04888424554533719 0.06773847952715704 1.108750580633707 4.0 -1.0 -1.0 -1.0 -1.0 
139.9 38.88 20260420.0 -1.0 1.07746138421 66.43545851866197 0.5084761966519021 0.1534483923982537 1.150605790230649 4.0 -1.0 -1.0 -1.0 -1.0 
139.9 38.88 20260420.0 -1.0 3.52042385334 74.06051315467323 0.02114620914515299 0.015206597444871992 1.7415576829352204 1.0 -1.0 -1.0 -1.0 -1.0 
139.9 38.88 20260420.0 -1.0 217.15243613666985 36.56287144202945 0.018290527158198625 0.029030776940210157 0.9374461567180548 1.0 -1.0 -1.0 -1.0 -1.0 
139.9 38.88 20260420.0 -1.0 0.786876829081 0.0 0.11355480623157956 0.01520659744487199 1.2380232567710059 4.0 -1.0 -1.0 -1.0 -1.0 
139.9 38.88 20260420.0 -1.0 2.2825153353 57.225109811465984 0.017828923130187448 0.031795612839277794 1.060001939214879 8.0 -1.0 -1.0 -1.0 -1.0 
139.9 38.88 20260420.0 -1.0 0.0016053407386059828 76.30014641528798 0.011673651412337912 0.016589015394405805 3.2973398651061223 32.0 -1.0 -1.0 -1.0 -1.0 
139.9 38.88 20260420.0 -1.0 205.50156142751428 114.45021962293197 0.23471295096132436 0.019353851293473442 0.6404497610318176 1.0 -1.0 -1.0 -1.0 -1.0 
139.9 38.88 20260420.0 -1.0 1.70219494788 70.98912512265468 6.081047529021898 0.006912089747669087 278.5277384602561 32.0 174.46482956252422 32.0 1.1348068558921418 70.93975110810246 
139.9 38.88 20260420.0 -1.0 411.32080042890203 97.81703188928623 7.089001340999037 0.04147253848601452 20.8134975050602 1.0 -1.0 -1.0 -1.0 -1.0 
139.9 38.88 20260420.0 -1.0 266.0 62.749792880239724 1.5538859572745707 0.027648358990676344 7.2296390923657725 1.0 -1.0 -1.0 -1.0 -1.0 
139.9 38.88 20260420.0 -1.0 1.72898175945 87.22742010932664 1.7620758638749157 0.02073626924300726 34.70028030037015 32.0 34.93847215090061 32.0 1.7289797445603958 87.3338162714585 
139.9 38.88 20260420.0 -1.0 0.0425178630338289 47.28602183207679 1.9396741271167337 0.011059343596270537 11.3833494549614 32.0 12.093272574911117 32.0 0.04250371906285485 52.31933141638939 
139.9 38.88 20260420.0 -1.0 0.013051224508255634 37.95167298694218 3.846435957016196 0.013824179495338174 3.1331448478374266 32.0 -1.0 -1.0 -1.0 -1.0 
139.9 38.88 20260420.0 -1.0 1.95904132159 19.075036603821996 6.717113988391871 0.04423737438508215 61.43535424045468 32.0 61.792371965967234 32.0 1.9590515876188876 19.126409357248733 
139.9 38.88 20260420.0 -1.0 164.82261748462858 38.15007320764399 1.2832486944265877 0.02211868719254108 7.620012667655114 1.0 7.620012886799714 1.0 164.8227528979381 38.15162078139033 
139.9 38.88 20260420.0 -1.0 12.745507793210034 95.37518301910998 4.118712484354565 0.031795612839277794 47.37563726476897 16.0 47.37563711033022 16.0 12.745537484685581 95.32845298692226 
139.9 38.88 20260420.0 -1.0 0.6253360202400374 133.52525622675398 8.643580267418619 0.05529671798135269 27.063878179456236 8.0 -1.0 -1.0 -1.0 -1.0 
139.9 38.88 20260420.0 -1.0 1.74460092962 98.47137107871626 0.516263340422845 0.019353851293473442 7.826999388651158 16.0 7.878127219825818 16.0 1.7445927369408312 98.2631930470292 
139.9 38.88 20260420.0 -1.0 112.94972319066427 28.84433977895676 0.18557815499596547 0.017971433343939622 0.6192310552005393 1.0 -1.0 -1.0 -1.0 -1.0 
139.9 38.88 20260420.0 -1.0 1.137799550785 74.55460601199795 0.04888424554533719 0.06773847952715704 1.108750580633707 4.0 -1.0 -1.0 -1.0 -1.0 
139.9 38.88 20260420.0 -1.0 1.07746138421 66.43545851866197 0.5084761966519021 0.1534483923982537 1.150605790230649 4.0 -1.0 -1.0 -1.0 -1.0 
139.9 38.88 20260420.0 -1.0 3.52042385334 74.06051315467323 0.02114620914515299 0.015206597444871992 1.7415576829352204 1.0 -1.0 -1.0 -1.0 -1.0 
139.9 38.88 20260420.0 -1.0 217.15243613666985 36.56287144202945 0.018290527158198625 0.029030776940210157 0.9374461567180548 1.0 -1.0 -1.0 -1.0 -1.0 
139.9 38.88 20260420.0 -1.0 0.786876829081 0.0 0.11355480623157956 0.01520659744487199 1.2380232567710059 4.0 -1.0 -1.0 -1.0 -1.0 
139.9 38.88 20260420.0 -1.0 2.2825153353 57.225109811465984 0.017828923130187448 0.031795612839277794 1.060001939214879 8.0 -1.0 -1.0 -1.0 -1.0 
139.9 38.88 20260420.0 -1.0 0.0016053407386059828 76.30014641528798 0.011673651412337912 0.016589015394405805 3.2973398651061223 32.0 -1.0 -1.0 -1.0 -1.0 
139.9 38.88 20260420.0 -1.0 205.50156142751428 114.45021962293197 0.23471295096132436 0.019353851293473442 0.6404497610318176 1.0 -1.0 -1.0 -1.0 -1.0 
139.9 38.88 20260420.0 -1.0 1.70219494788 70.98912512265468 6.081047529021898 0.006912089747669087 278.5277384602561 32.0 174.46482956252422 32.0 1.1348068558921418 70.93975110810246 
139.9 38.88 20260420.0 -1.0 411.32080042890203 97.81703188928623 7.089001340999037 0.04147253848601452 20.8134975050602 1.0 -1.0 -1.0 -1.0 -1.0 
139.9 38.88 20260420.0 -1.0 266.0 62.749792880239724 1.5538859572745707 0.027648358990676344 7.2296390923657725 1.0 -1.0 -1.0 -1.0 -1.0 
139.9 38.88 20260420.0 -1.0 1.72898175945 87.22742010932664 1.7620758638749157 0.02073626924300726 34.70028030037015 32.0 34.93847215090061 32.0 1.7289797445603958 87.3338162714585 
139.9 38.88 20260420.0 -1.0 0.0425178630338289 47.28602183207679 1.9396741271167337 0.011059343596270537 11.3833494549614 32.0 12.093272574911117 32.0 0.04250371906285485 52.31933141638939 
139.9 38.88 20260420.0 -1.0 0.013051224508255634 37.95167298694218 3.846435957016196 0.013824179495338174 3.1331448478374266 32.0 -1.0 -1.0 -1.0 -1.0 
139.9 38.88 20260420.0 -1.0 1.95904132159 19.075036603821996 6.717113988391871 0.04423737438508215 61.43535424045468 32.0 61.792371965967234 32.0 1.9590515876188876 19.126409357248733 
139.9 38.88 20260420.0 -1.0 164.82261748462858 38.15007320764399 1.2832486944265877 0.02211868719254108 7.620012667655114 1.0 7.620012886799714 1.0 164.8227528979381 38.15162078139033 
139.9 38.88 20260420.0 -1.0 12.745507793210034 95.37518301910998 4.118712484354565 0.031795612839277794 47.37563726476897 16.0 47.37563711033022 16.0 12.745537484685581 95.32845298692226 
139.9 38.88 20260420.0 -1.0 0.6253360202400374 133.52525622675398 8.643580267418619 0.05529671798135269 27.063878179456236 8.0 -1.0 -1.0 -1.0 -1.0 
158.89 39.3 20260420.0 -1.0 0.42270536055 37.89864086191786 0.03137253806887683 0.03456044873834543 1.1462605983455791 1.0 -1.0 -1.0 -1.0 -1.0 
158.89 39.3 20260420.0 -1.0 4.295902 34.016341066306765 0.023863699619569044 0.052531882082285056 0.6300151772949756 16.0 -1.0 -1.0 -1.0 -1.0 
158.89 39.3 20260420.0 -1.0 0.8892990815 40.54461304404566 0.019369959509055037 0.03732528463741307 1.043597937591555 2.0 -1.0 -1.0 -1.0 -1.0 
158.89 39.3 20260420.0 -1.0 403.19004 50.42367948823462 0.06986898407027928 0.016589015394405805 0.8779982292793933 1.0 -1.0 -1.0 -1.0 -1.0 
158.89 39.3 20260420.0 -1.0 13.406361453253322 66.06842330745314 0.2181392790138756 0.019353851293473442 1.2422550535666903 4.0 -1.0 -1.0 -1.0 -1.0 
158.89 39.3 20260420.0 -1.0 0.020855600018580035 41.318762110432395 0.14754241632519804 0.06220880772902178 1.4951486991333427 1.0 -1.0 -1.0 -1.0 -1.0 
158.89 39.3 20260420.0 -1.0 9.74485168391 49.98460986849288 0.03331595487854303 0.026265941041142528 1.913182699973817 8.0 -1.0 -1.0 -1.0 -1.0 
158.89 39.3 20260420.0 -1.0 0.5611895882533 0.0 0.04225349001833227 0.012441761545804354 1.771599937747784 8.0 -1.0 -1.0 -1.0 -1.0 
158.89 39.3 20260420.0 -1.0 143.5961701962213 16.504726044351774 0.015052816303829474 0.03732528463741306 1.455687697040749 1.0 -1.0 -1.0 -1.0 -1.0 
158.89 39.3 20260420.0 -1.0 0.53084251673 33.00945208870355 0.2259619966174074 0.02073626924300726 2.9406645046992654 8.0 -1.0 -1.0 -1.0 -1.0 
158.89 39.3 20260420.0 -1.0 347.0053210916637 49.514178133055324 0.19734654293999807 0.013824179495338172 0.5839880212423084 1.0 -1.0 -1.0 -1.0 -1.0 
158.89 39.3 20260420.0 -1.0 11.1946499395 41.2378808646905 9.972404361662386 0.03317803078881161 123.2180602561544 16.0 124.74967020408738 32.0 11.194636802732324 41.28875670771155 
158.89 39.3 20260420.0 -1.0 170.93736991146392 48.031905507009924 1.1230653819750733 0.04423737438508215 4.5740747878889945 1.0 -1.0 -1.0 -1.0 -1.0 
158.89 39.3 20260420.0 -1.0 1.9270125222336 100.05010098272767 5.198422660690873 0.027648358990676344 67.47748708850825 16.0 74.0135306914981 32.0 1.9270070576264213 100.08475584295766 
158.89 39.3 20260420.0 -1.0 4.0690581317 72.85089348609516 2.5184893228948133 0.06773847952715704 14.049742414028254 8.0 14.04974285843203 8.0 4.069079295732081 72.86251183713803 
158.89 39.3 20260420.0 -1.0 1.9612233953 25.281166526181792 3.8570798149775434 0.022118687192541075 74.04505348318628 32.0 74.32360073995682 32.0 1.9612343749031427 25.1982853436769 
158.89 39.3 20260420.0 -1.0 0.17190722018585744 66.0189041774071 6.731049870725823 0.013824179495338172 118.89546972023913 32.0 119.79617805576828 32.0 0.17189449863508344 67.19542758313841 
158.89 39.3 20260420.0 -1.0 0.4102676860891 82.52363022175886 1.0387275492114452 0.07741540517389377 1.1069834755596446 8.0 -1.0 -1.0 -1.0 -1.0 
158.89 39.3 20260420.0 -1.0 200.37770740535 99.02835626611065 5.9112206094122905 0.011059343596270537 45.662716567678146 2.0 45.662716072098625 2.0 200.3779324392478 99.0727765118863 
158.89 39.3 20260420.0 -1.0 0.5192453694 115.5330823104624 4.798086871639708 0.012441761545804354 48.19382179268076 32.0 48.428330273577366 32.0 0.5192305252421647 107.4722049597786 
158.89 39.3 20260420.0 -1.0 0.42270536055 37.89864086191786 0.03137253806887683 0.03456044873834543 1.1462605983455791 1.0 -1.0 -1.0 -1.0 -1.0 
158.89 39.3 20260420.0 -1.0 4.295902 34.016341066306765 0.023863699619569044 0.052531882082285056 0.6300151772949756 16.0 -1.0 -1.0 -1.0 -1.0 
158.89 39.3 20260420.0 -1.0 0.8892990815 40.54461304404566 0.019369959509055037 0.03732528463741307 1.043597937591555 2.0 -1.0 -1.0 -1.0 -1.0 
158.89 39.3 20260420.0 -1.0 403.19004 50.42367948823462 0.06986898407027928 0.016589015394405805 0.8779982292793933 1.0 -1.0 -1.0 -1.0 -1.0 
158.89 39.3 20260420.0 -1.0 13.406361453253322 66.06842330745314 0.2181392790138756 0.019353851293473442 1.2422550535666903 4.0 -1.0 -1.0 -1.0 -1.0 
158.89 39.3 20260420.0 -1.0 0.020855600018580035 41.318762110432395 0.14754241632519804 0.06220880772902178 1.4951486991333427 1.0 -1.0 -1.0 -1.0 -1.0 
158.89 39.3 20260420.0 -1.0 9.74485168391 49.98460986849288 0.03331595487854303 0.026265941041142528 1.913182699973817 8.0 -1.0 -1.0 -1.0 -1.0 
158.89 39.3 20260420.0 -1.0 0.5611895882533 0.0 0.04225349001833227 0.012441761545804354 1.771599937747784 8.0 -1.0 -1.0 -1.0 -1.0 
158.89 39.3 20260420.0 -1.0 143.5961701962213 16.504726044351774 0.015052816303829474 0.03732528463741306 1.455687697040749 1.0 -1.0 -1.0 -1.0 -1.0 
158.89 39.3 20260420.0 -1.0 0.53084251673 33.00945208870355 0.2259619966174074 0.02073626924300726 2.9406645046992654 8.0 -1.0 -1.0 -1.0 -1.0 
158.89 39.3 20260420.0 -1.0 347.0053210916637 49.514178133055324 0.19734654293999807 0.013824179495338172 0.5839880212423084 1.0 -1.0 -1.0 -1.0 -1.0 
158.89 39.3 20260420.0 -1.0 11.1946499395 41.2378808646905 9.972404361662386 0.03317803078881161 123.2180602561544 16.0 124.74967020408738 32.0 11.194636802732324 41.28875670771155 
158.89 39.3 20260420.0 -1.0 170.93736991146392 48.031905507009924 1.1230653819750733 0.04423737438508215 4.5740747878889945 1.0 -1.0 -1.0 -1.0 -1.0 
158.89 39.3 20260420.0 -1.0 1.9270125222336 100.05010098272767 5.198422660690873 0.027648358990676344 67.47748708850825 16.0 74.0135306914981 32.0 1.9270070576264213 100.08475584295766 
158.89 39.3 20260420.0 -1.0 4.0690581317 72.85089348609516 2.5184893228948133 0.06773847952715704 14.049742414028254 8.0 14.04974285843203 8.0 4.069079295732081 72.86251183713803 
158.89 39.3 20260420.0 -1.0 1.9612233953 25.281166526181792 3.8570798149775434 0.022118687192541075 74.04505348318628 32.0 74.32360073995682 32.0 1.9612343749031427 25.1982853436769 
158.89 39.3 20260420.0 -1.0 0.17190722018585744 66.0189041774071 6.731049870725823 0.013824179495338172 118.89546972023913 32.0 119.79617805576828 32.0 0.17189449863508344 67.19542758313841 
158.89 39.3 20260420.0 -1.0 0.4102676860891 82.52363022175886 1.0387275492114452 0.07741540517389377 1.1069834755596446 8.0 -1.0 -1.0 -1.0 -1.0 
158.89 39.3 20260420.0 -1.0 200.37770740535 99.02835626611065 5.9112206094122905 0.011059343596270537 45.662716567678146 2.0 45.662716072098625 2.0 200.3779324392478 99.0727765118863 
158.89 39.3 20260420.0 -1.0 0.5192453694 115.5330823104624 4.798086871639708 0.012441761545804354 48.19382179268076 32.0 48.428330273577366 32.0 0.5192305252421647 107.4722049597786 
158.89 39.3 20260420.0 -1.0 0.42270536055 37.89864086191786 0.03137253806887683 0.03456044873834543 1.1462605983455791 1.0 -1.0 -1.0 -1.0 -1.0 
158.89 39.3 20260420.0 -1.0 4.295902 34.016341066306765 0.023863699619569044 0.052531882082285056 0.6300151772949756 16.0 -1.0 -1.0 -1.0 -1.0 
158.89 39.3 20260420.0 -1.0 0.8892990815 40.54461304404566 0.019369959509055037 0.03732528463741307 1.043597937591555 2.0 -1.0 -1.0 -1.0 -1.0 
158.89 39.3 20260420.0 -1.0 403.19004 50.42367948823462 0.06986898407027928 0.016589015394405805 0.8779982292793933 1.0 -1.0 -1.0 -1.0 -1.0 
158.89 39.3 20260420.0 -1.0 13.406361453253322 66.06842330745314 0.2181392790138756 0.019353851293473442 1.2422550535666903 4.0 -1.0 -1.0 -1.0 -1.0 
158.89 39.3 20260420.0 -1.0 0.020855600018580035 41.318762110432395 0.14754241632519804 0.06220880772902178 1.4951486991333427 1.0 -1.0 -1.0 -1.0 -1.0 
158.89 39.3 20260420.0 -1.0 9.74485168391 49.98460986849288 0.03331595487854303 0.026265941041142528 1.913182699973817 8.0 -1.0 -1.0 -1.0 -1.0 
158.89 39.3 20260420.0 -1.0 0.5611895882533 0.0 0.04225349001833227 0.012441761545804354 1.771599937747784 8.0 -1.0 -1.0 -1.0 -1.0 
158.89 39.3 20260420.0 -1.0 143.5961701962213 16.504726044351774 0.015052816303829474 0.03732528463741306 1.455687697040749 1.0 -1.0 -1.0 -1.0 -1.0 
158.89 39.3 20260420.0 -1.0 0.53084251673 33.00945208870355 0.2259619966174074 0.02073626924300726 2.9406645046992654 8.0 -1.0 -1.0 -1.0 -1.0 
158.89 39.3 20260420.0 -1.0 347.0053210916637 49.514178133055324 0.19734654293999807 0.013824179495338172 0.5839880212423084 1.0 -1.0 -1.0 -1.0 -1.0 
158.89 39.3 20260420.0 -1.0 11.1946499395 41.2378808646905 9.972404361662386 0.03317803078881161 123.2180602561544 16.0 124.74967020408738 32.0 11.194636802732324 41.28875670771155 
158.89 39.3 20260420.0 -1.0 170.93736991146392 48.031905507009924 1.1230653819750733 0.04423737438508215 4.5740747878889945 1.0 -1.0 -1.0 -1.0 -1.0 
158.89 39.3 20260420.0 -1.0 1.9270125222336 100.05010098272767 5.198422660690873 0.027648358990676344 67.47748708850825 16.0 74.0135306914981 32.0 1.9270070576264213 100.08475584295766 
158.89 39.3 20260420.0 -1.0 4.0690581317 72.85089348609516 2.5184893228948133 0.06773847952715704 14.049742414028254 8.0 14.04974285843203 8.0 4.069079295732081 72.86251183713803 
158.89 39.3 20260420.0 -1.0 1.9612233953 25.281166526181792 3.8570798149775434 0.022118687192541075 74.04505348318628 32.0 74.32360073995682 32.0 1.9612343749031427 25.1982853436769 
158.89 39.3 20260420.0 -1.0 0.17190722018585744 66.0189041774071 6.731049870725823 0.013824179495338172 118.89546972023913 32.0 119.79617805576828 32.0 0.17189449863508344 67.19542758313841 
158.89 39.3 20260420.0 -1.0 0.4102676860891 82.52363022175886 1.0387275492114452 0.07741540517389377 1.1069834755596446 8.0 -1.0 -1.0 -1.0 -1.0 
158.89 39.3 20260420.0 -1.0 200.37770740535 99.02835626611065 5.9112206094122905 0.011059343596270537 45.662716567678146 2.0 45.662716072098625 2.0 200.3779324392478 99.0727765118863 
158.89 39.3 20260420.0 -1.0 0.5192453694 115.5330823104624 4.798086871639708 0.012441761545804354 48.19382179268076 32.0 48.428330273577366 32.0 0.5192305252421647 107.4722049597786 
159.31 39.3 20260420.0 -1.0 64.25074255867916 60.06492703146288 0.2239417220558465 0.08985716671969811 0.6642091513493973 1.0 -1.0 -1.0 -1.0 -1.0 
159.31 39.3 20260420.0 -1.0 0.98911728333 21.110733787154643 0.06123203566945893 0.027648358990676344 0.9922574363822148 16.0 -1.0 -1.0 -1.0 -1.0 
159.31 39.3 20260420.0 -1.0 297.619048 71.06321667752273 0.12673900435120206 0.035942866687879244 0.22948098480135648 1.0 -1.0 -1.0 -1.0 -1.0 
159.31 39.3 20260420.0 -1.0 0.439068 68.10656349861334 0.17116830195001612 0.03456044873834543 1.5613459277659483 8.0 -1.0 -1.0 -1.0 -1.0 
159.31 39.3 20260420.0 -1.0 0.0021150231536047615 88.46950562573254 0.4340739829728949 0.024883523091608708 0.5088426180526003 1.0 -1.0 -1.0 -1.0 -1.0 
159.31 39.3 20260420.0 -1.0 1.1469878660290085 25.80456451476178 0.12142508910525404 0.009676925646736721 1.8212291299369776 4.0 -1.0 -1.0 -1.0 -1.0 
159.31 39.3 20260420.0 -1.0 0.1936 88.65357741897203 0.025306980126384854 0.04423737438508215 2.3719993981791516 8.0 -1.0 -1.0 -1.0 -1.0 
159.31 39.3 20260420.0 -1.0 6.1450029089 79.20839352837042 0.2217862375423103 0.03317803078881161 2.1810428367260135 8.0 -1.0 -1.0 -1.0 -1.0 
159.31 39.3 20260420.0 -1.0 0.454064913754 113.56079194169126 0.013864818585597127 0.026265941041142528 0.772103689347232 1.0 -1.0 -1.0 -1.0 -1.0 
159.31 39.3 20260420.0 -1.0 7.479017300127568 32.8666760821735 0.01374085641183139 0.011059343596270537 1.0340439861856272 4.0 -1.0 -1.0 -1.0 -1.0 
159.31 39.3 20260420.0 -1.0 0.99506614549 49.30001412326025 0.026106080578766205 0.06359122567855559 -0.06861869477226494 16.0 -1.0 -1.0 -1.0 -1.0 
159.31 39.3 20260420.0 -1.0 0.17509643785338608 82.16669020543375 0.5972795120198795 0.031795612839277794 1.5420819443133598 4.0 -1.0 -1.0 -1.0 -1.0 
159.31 39.3 20260420.0 -1.0 1.152232382769 98.6000282465205 0.2546481902546703 0.012441761545804354 4.0371061273721045 32.0 -1.0 -1.0 -1.0 -1.0 
159.31 39.3 20260420.0 -1.0 0.5718 115.03336628760724 0.016129494697108886 0.03456044873834543 2.255815068293902 16.0 -1.0 -1.0 -1.0 -1.0 
159.31 39.3 20260420.0 -1.0 2.253933904734789 24.20544081099366 2.7704113285326057 0.09400442056829957 8.09406152935263 8.0 8.162341334574084 16.0 2.2539097699336708 23.579118413962725 
159.31 39.3 20260420.0 -1.0 2.01580589294 93.83059660383284 7.222472028860831 0.013824179495338174 220.35468798348035 32.0 220.38496699268063 32.0 2.015804057009518 93.81048399031522 
159.31 39.3 20260420.0 -1.0 1.480064901357 110.7767060689439 3.8784559734588844 0.011059343596270537 62.83195982883142 32.0 62.89930237379187 32.0 1.4800813611752044 107.16861116045717 
159.31 39.3 20260420.0 -1.0 1.83822897314 0.0 2.6214516631602276 0.0483846282336836 10.503593012538168 16.0 -1.0 -1.0 -1.0 -1.0 
159.31 39.3 20260420.0 -1.0 271.453015271425 16.43333804108675 9.449254360866355 0.03317803078881161 33.66901192821857 1.0 33.504392387239534 2.0 135.72668346265954 16.394065163356057 
159.31 39.3 20260420.0 -1.0 1.5677366427738217 65.733352164347 4.167369282127215 0.027648358990676344 62.481744103732815 32.0 62.89413676255032 32.0 1.5677263339360556 65.7786565196385 
159.31 39.3 20260420.0 -1.0 64.25074255867916 60.06492703146288 0.2239417220558465 0.08985716671969811 0.6628926932493873 1.0 -1.0 -1.0 -1.0 -1.0 
159.31 39.3 20260420.0 -1.0 0.98911728333 21.110733787154643 0.06123203566945893 0.027648358990676344 0.9737017508753277 16.0 -1.0 -1.0 -1.0 -1.0 
159.31 39.3 20260420.0 -1.0 297.619048 71.06321667752273 0.12673900435120206 0.035942866687879244 0.22915481434995988 1.0 -1.0 -1.0 -1.0 -1.0 
159.31 39.3 20260420.0 -1.0 0.439068 68.10656349861334 0.17116830195001612 0.03456044873834543 1.561204707425116 8.0 -1.0 -1.0 -1.0 -1.0 
159.31 39.3 20260420.0 -1.0 0.0021150231536047615 88.46950562573254 0.4340739829728949 0.024883523091608708 0.5088806508474603 1.0 -1.0 -1.0 -1.0 -1.0 
159.31 39.3 20260420.0 -1.0 1.1469878660290085 25.80456451476178 0.12142508910525404 0.009676925646736721 2.206428245174407 32.0 -1.0 -1.0 -1.0 -1.0 
159.31 39.3 20260420.0 -1.0 0.1936 88.65357741897203 0.025306980126384854 0.04423737438508215 2.371999448565143 8.0 -1.0 -1.0 -1.0 -1.0 
159.31 39.3 20260420.0 -1.0 6.1450029089 79.20839352837042 0.2217862375423103 0.03317803078881161 2.1789112770412826 8.0 -1.0 -1.0 -1.0 -1.0 
159.31 39.3 20260420.0 -1.0 0.454064913754 113.56079194169126 0.013864818585597127 0.026265941041142528 0.7721036893328 1.0 -1.0 -1.0 -1.0 -1.0 
159.31 39.3 20260420.0 -1.0 7.479017300127568 32.8666760821735 0.01374085641183139 0.011059343596270537 1.033657021699952 4.0 -1.0 -1.0 -1.0 -1.0 
159.31 39.3 20260420.0 -1.0 0.99506614549 49.30001412326025 0.026106080578766205 0.06359122567855559 -0.07508386057409856 16.0 -1.0 -1.0 -1.0 -1.0 
159.31 39.3 20260420.0 -1.0 0.17509643785338608 82.16669020543375 0.5972795120198795 0.031795612839277794 1.5420794711107804 4.0 -1.0 -1.0 -1.0 -1.0 
159.31 39.3 20260420.0 -1.0 1.152232382769 98.6000282465205 0.2546481902546703 0.012441761545804354 4.036517452258993 32.0 -1.0 -1.0 -1.0 -1.0 
159.31 39.3 20260420.0 -1.0 0.5718 115.03336628760724 0.016129494697108886 0.03456044873834543 2.2566530382857963 16.0 -1.0 -1.0 -1.0 -1.0 
159.31 39.3 20260420.0 -1.0 2.253933904734789 24.20544081099366 2.7704113285326057 0.09400442056829957 8.099454253064412 8.0 8.165738844569894 16.0 2.2539097699336708 23.579118413962725 
159.31 39.3 20260420.0 -1.0 2.01580589294 93.83059660383284 7.222472028860831 0.013824179495338174 220.2089927794732 32.0 220.23927952728909 32.0 2.015804057009518 93.81048399031522 
159.31 39.3 20260420.0 -1.0 1.480064901357 110.7767060689439 3.8784559734588844 0.011059343596270537 62.86806430128176 32.0 62.9353791750896 32.0 1.4800813611752044 107.16861116045717 
159.31 39.3 20260420.0 -1.0 1.83822897314 0.0 2.6214516631602276 0.0483846282336836 10.465589585564587 16.0 -1.0 -1.0 -1.0 -1.0 
159.31 39.3 20260420.0 -1.0 271.453015271425 16.43333804108675 9.449254360866355 0.03317803078881161 33.656900336241875 1.0 33.49225140506189 2.0 135.72668346265954 16.394065163356057 
159.31 39.3 20260420.0 -1.0 1.5677366427738217 65.733352164347 4.167369282127215 0.027648358990676344 63.15556399676225 32.0 63.49592819086905 32.0 1.5677263339360556 65.7786565196385 
159.31 39.3 20260420.0 -1.0 64.25074255867916 60.06492703146288 0.2239417220558465 0.08985716671969811 0.6628926932493873 1.0 -1.0 -1.0 -1.0 -1.0 
159.31 39.3 20260420.0 -1.0 0.98911728333 21.110733787154643 0.06123203566945893 0.027648358990676344 0.9737017508753277 16.0 -1.0 -1.0 -1.0 -1.0 
159.31 39.3 20260420.0 -1.0 297.619048 71.06321667752273 0.12673900435120206 0.035942866687879244 0.22915481434995988 1.0 -1.0 -1.0 -1.0 -1.0 
159.31 39.3 20260420.0 -1.0 0.439068 68.10656349861334 0.17116830195001612 0.03456044873834543 1.561204707425116 8.0 -1.0 -1.0 -1.0 -1.0 
159.31 39.3 20260420.0 -1.0 0.0021150231536047615 88.46950562573254 0.4340739829728949 0.024883523091608708 0.5088806508474603 1.0 -1.0 -1.0 -1.0 -1.0 
159.31 39.3 20260420.0 -1.0 1.1469878660290085 25.80456451476178 0.12142508910525404 0.009676925646736721 2.206428245174407 32.0 -1.0 -1.0 -1.0 -1.0 
159.31 39.3 20260420.0 -1.0 0.1936 88.65357741897203 0.025306980126384854 0.04423737438508215 2.371999448565143 8.0 -1.0 -1.0 -1.0 -1.0 
159.31 39.3 20260420.0 -1.0 6.1450029089 79.20839352837042 0.2217862375423103 0.03317803078881161 2.1789112770412826 8.0 -1.0 -1.0 -1.0 -1.0 
159.31 39.3 20260420.0 -1.0 0.454064913754 113.56079194169126 0.013864818585597127 0.026265941041142528 0.7721036893328 1.0 -1.0 -1.0 -1.0 -1.0 
159.31 39.3 20260420.0 -1.0 7.479017300127568 32.8666760821735 0.01374085641183139 0.011059343596270537 1.033657021699952 4.0 -1.0 -1.0 -1.0 -1.0 
159.31 39.3 20260420.0 -1.0 0.99506614549 49.30001412326025 0.026106080578766205 0.06359122567855559 -0.07508386057409856 16.0 -1.0 -1.0 -1.0 -1.0 
159.31 39.3 20260420.0 -1.0 0.17509643785338608 82.16669020543375 0.5972795120198795 0.031795612839277794 1.5420794711107804 4.0 -1.0 -1.0 -1.0 -1.0 
159.31 39.3 20260420.0 -1.0 1.152232382769 98.6000282465205 0.2546481902546703 0.012441761545804354 4.036517452258993 32.0 -1.0 -1.0 -1.0 -1.0 
159.31 39.3 20260420.0 -1.0 0.5718 115.03336628760724 0.016129494697108886 0.03456044873834543 2.2566530382857963 16.0 -1.0 -1.0 -1.0 -1.0 
159.31 39.3 20260420.0 -1.0 2.253933904734789 24.20544081099366 2.7704113285326057 0.09400442056829957 8.099454253064412 8.0 8.165738844569894 16.0 2.2539097699336708 23.579118413962725 
159.31 39.3 20260420.0 -1.0 2.01580589294 93.83059660383284 7.222472028860831 0.013824179495338174 220.2089927794732 32.0 220.23927952728909 32.0 2.015804057009518 93.81048399031522 
159.31 39.3 20260420.0 -1.0 1.480064901357 110.7767060689439 3.8784559734588844 0.011059343596270537 62.86806430128176 32.0 62.9353791750896 32.0 1.4800813611752044 107.16861116045717 
159.31 39.3 20260420.0 -1.0 1.83822897314 0.0 2.6214516631602276 0.0483846282336836 10.465589585564587 16.0 -1.0 -1.0 -1.0 -1.0 
159.31 39.3 20260420.0 -1.0 271.453015271425 16.43333804108675 9.449254360866355 0.03317803078881161 33.656900336241875 1.0 33.49225140506189 2.0 135.72668346265954 16.394065163356057 
159.31 39.3 20260420.0 -1.0 1.5677366427738217 65.733352164347 4.167369282127215 0.027648358990676344 63.15556399676225 32.0 63.49592819086905 32.0 1.5677263339360556 65.7786565196385 
159.72 39.3 20260420.0 -1.0 259.067358 104.0668141318143 0.22768568864827277 0.02073626924300726 0.5185433089017144 1.0 -1.0 -1.0 -1.0 -1.0 
159.72 39.3 20260420.0 -1.0 340.68494407931905 65.333888264392 0.010849345518076281 0.011059343596270537 0.9047628976456922 1.0 -1.0 -1.0 -1.0 -1.0 
159.72 39.3 20260420.0 -1.0 0.520652642675 52.30835241367945 0.2132224274407285 0.026265941041142528 2.688228406708414 2.0 -1.0 -1.0 -1.0 -1.0 
159.72 39.3 20260420.0 -1.0 162.56588466645525 9.19921309421476 0.015963213127890254 0.01520659744487199 2.3922343179948893 1.0 -1.0 -1.0 -1.0 -1.0 
159.72 39.3 20260420.0 -1.0 56.23413251903491 38.76729403589383 0.026396245215700144 0.026265941041142528 1.5599116199429923 2.0 -1.0 -1.0 -1.0 -1.0 
159.72 39.3 20260420.0 -1.0 3.323676354 70.56930592822282 0.46834626021972464 0.02073626924300726 6.193265292675869 16.0 6.8372364667175525 32.0 3.3236574381589894 70.13016764324534 
159.72 39.3 20260420.0 -1.0 179.600927 29.01819024613448 0.5384843889559966 0.0967692564673672 1.7087006526723552 1.0 -1.0 -1.0 -1.0 -1.0 
159.72 39.3 20260420.0 -1.0 0.43800223922 48.66532655569652 0.12362582730615956 0.03317803078881161 0.31395159317890375 16.0 -1.0 -1.0 -1.0 -1.0 
159.72 39.3 20260420.0 -1.0 0.17671316590882122 0.0 0.0216338350152334 0.11197585391223917 1.4960239973278786 1.0 -1.0 -1.0 -1.0 -1.0 
159.72 39.3 20260420.0 -1.0 1.2993996356827 16.36415793080473 0.011926352757749569 0.012441761545804354 0.6497863223257888 16.0 -1.0 -1.0 -1.0 -1.0 
159.72 39.3 20260420.0 -1.0 4.816127011 32.72831586160946 0.923626850440197 0.01520659744487199 23.328592800859237 32.0 23.43598638354632 32.0 4.816138243768364 32.68693239360498 
159.72 39.3 20260420.0 -1.0 1.9411179295 65.45663172321892 0.3005714973044299 0.006912089747669086 8.049477869956272 16.0 8.224130334582478 32.0 1.9411042255039017 65.1714689209957 
159.72 39.3 20260420.0 -1.0 0.459063 81.82078965402366 0.021499741751177023 0.045619792334615966 1.561317977799519 8.0 -1.0 -1.0 -1.0 -1.0 
159.72 39.3 20260420.0 -1.0 0.2587737194050002 97.96073620003789 1.2894694018291581 0.011059343596270537 28.99263663667784 32.0 29.09108875209833 32.0 0.2587815591444572 97.9595992477078 
159.72 39.3 20260420.0 -1.0 21.521778197384464 53.57997464712632 5.088275960600903 0.006912089747669085 123.0107995613491 16.0 123.06443709925375 16.0 21.52173692593351 53.63490454678217 
159.72 39.3 20260420.0 -1.0 0.37922747574 17.894359717513645 6.030843209777203 0.009676925646736721 186.62542874865605 32.0 82.32642955777239 16.0 1.896175187236319 18.519221758605916 
159.72 39.3 20260420.0 -1.0 1.394095109822 31.42396203914208 1.9734654293999798 0.03456044873834543 23.682341378427168 16.0 23.71671013635035 16.0 1.3940734788775444 31.573755129426477 
159.72 39.3 20260420.0 -1.0 0.5533823989 49.09247379241419 1.1363328206185328 0.038707702586946884 5.4908093168516805 16.0 -1.0 -1.0 -1.0 -1.0 
159.72 39.3 20260420.0 -1.0 0.004156209962109836 98.18494758482838 2.717336449659425 0.027648358990676344 2.844286206755508 1.0 -1.0 -1.0 -1.0 -1.0 
159.72 39.3 20260420.0 -1.0 7.1671888360297 114.54910551563312 1.1673651412337918 0.016589015394405805 2.227479137838948 1.0 -1.0 -1.0 -1.0 -1.0 
159.72 39.3 20260420.0 -1.0 259.067358 104.0668141318143 0.22768568864827277 0.02073626924300726 0.5185256626430019 1.0 -1.0 -1.0 -1.0 -1.0 
159.72 39.3 20260420.0 -1.0 340.68494407931905 65.333888264392 0.010849345518076281 0.011059343596270537 0.9049594257328878 1.0 -1.0 -1.0 -1.0 -1.0 
159.72 39.3 20260420.0 -1.0 0.520652642675 52.30835241367945 0.2132224274407285 0.026265941041142528 2.688228478969631 2.0 -1.0 -1.0 -1.0 -1.0 
159.72 39.3 20260420.0 -1.0 162.56588466645525 9.19921309421476 0.015963213127890254 0.01520659744487199 2.392414396211492 1.0 -1.0 -1.0 -1.0 -1.0 
159.72 39.3 20260420.0 -1.0 56.23413251903491 38.76729403589383 0.026396245215700144 0.026265941041142528 1.5600682359361935 2.0 -1.0 -1.0 -1.0 -1.0 
159.72 39.3 20260420.0 -1.0 3.323676354 70.56930592822282 0.46834626021972464 0.02073626924300726 6.195985356122403 16.0 6.839576607208207 32.0 3.3236574381589894 70.13016764324534 
159.72 39.3 20260420.0 -1.0 179.600927 29.01819024613448 0.5384843889559966 0.0967692564673672 1.7090444289158286 1.0 -1.0 -1.0 -1.0 -1.0 
159.72 39.3 20260420.0 -1.0 0.43800223922 48.66532655569652 0.12362582730615956 0.03317803078881161 0.30213844421489955 16.0 -1.0 -1.0 -1.0 -1.0 
159.72 39.3 20260420.0 -1.0 0.17671316590882122 0.0 0.0216338350152334 0.11197585391223917 1.4960239973274425 1.0 -1.0 -1.0 -1.0 -1.0 
159.72 39.3 20260420.0 -1.0 1.2993996356827 16.36415793080473 0.011926352757749569 0.012441761545804354 0.6507384656891478 16.0 -1.0 -1.0 -1.0 -1.0 
159.72 39.3 20260420.0 -1.0 4.816127011 32.72831586160946 0.923626850440197 0.01520659744487199 23.328368123137007 32.0 23.435762320154513 32.0 4.816138243768364 32.68693239360498 
159.72 39.3 20260420.0 -1.0 1.9411179295 65.45663172321892 0.3005714973044299 0.006912089747669086 8.058851362097293 16.0 8.229496543407206 32.0 1.9411042255039017 65.1714689209957 
159.72 39.3 20260420.0 -1.0 0.459063 81.82078965402366 0.021499741751177023 0.045619792334615966 1.561712878254927 8.0 -1.0 -1.0 -1.0 -1.0 
159.72 39.3 20260420.0 -1.0 0.2587737194050002 97.96073620003789 1.2894694018291581 0.011059343596270537 28.857155553237263 32.0 29.055241858834044 32.0 0.2587815591444572 97.9595992477078 
159.72 39.3 20260420.0 -1.0 21.521778197384464 53.57997464712632 5.088275960600903 0.006912089747669085 123.00975876187945 16.0 123.07087141815335 16.0 21.52173692593351 53.63490454678217 
159.72 39.3 20260420.0 -1.0 0.37922747574 17.894359717513645 6.030843209777203 0.009676925646736721 186.61559511634033 32.0 82.28995770210426 16.0 1.896175187236319 18.519221758605916 
159.72 39.3 20260420.0 -1.0 1.394095109822 31.42396203914208 1.9734654293999798 0.03456044873834543 23.6572973096712 16.0 23.673656760388926 16.0 1.3940734788775444 31.573755129426477 
159.72 39.3 20260420.0 -1.0 0.5533823989 49.09247379241419 1.1363328206185328 0.038707702586946884 5.486281856542501 16.0 -1.0 -1.0 -1.0 -1.0 
159.72 39.3 20260420.0 -1.0 0.004156209962109836 98.18494758482838 2.717336449659425 0.027648358990676344 2.8442863843495414 1.0 -1.0 -1.0 -1.0 -1.0 
159.72 39.3 20260420.0 -1.0 7.1671888360297 114.54910551563312 1.1673651412337918 0.016589015394405805 2.2278153098805897 1.0 -1.0 -1.0 -1.0 -1.0 
159.72 39.3 20260420.0 -1.0 259.067358 104.0668141318143 0.22768568864827277 0.02073626924300726 0.5185256626430019 1.0 -1.0 -1.0 -1.0 -1.0 
159.72 39.3 20260420.0 -1.0 340.68494407931905 65.333888264392 0.010849345518076281 0.011059343596270537 0.9049594257328878 1.0 -1.0 -1.0 -1.0 -1.0 
159.72 39.3 20260420.0 -1.0 0.520652642675 52.30835241367945 0.2132224274407285 0.026265941041142528 2.688228478969631 2.0 -1.0 -1.0 -1.0 -1.0 
159.72 39.3 20260420.0 -1.0 162.56588466645525 9.19921309421476 0.015963213127890254 0.01520659744487199 2.392414396211492 1.0 -1.0 -1.0 -1.0 -1.0 
159.72 39.3 20260420.0 -1.0 56.23413251903491 38.76729403589383 0.026396245215700144 0.026265941041142528 1.5600682359361935 2.0 -1.0 -1.0 -1.0 -1.0 
159.72 39.3 20260420.0 -1.0 3.323676354 70.56930592822282 0.46834626021972464 0.02073626924300726 6.195985356122403 16.0 6.839576607208207 32.0 3.3236574381589894 70.13016764324534 
159.72 39.3 20260420.0 -1.0 179.600927 29.01819024613448 0.5384843889559966 0.0967692564673672 1.7090444289158286 1.0 -1.0 -1.0 -1.0 -1.0 
159.72 39.3 20260420.0 -1.0 0.43800223922 48.66532655569652 0.12362582730615956 0.03317803078881161 0.30213844421489955 16.0 -1.0 -1.0 -1.0 -1.0 
159.72 39.3 20260420.0 -1.0 0.17671316590882122 0.0 0.0216338350152334 0.11197585391223917 1.4960239973274425 1.0 -1.0 -1.0 -1.0 -1.0 
159.72 39.3 20260420.0 -1.0 1.2993996356827 16.36415793080473 0.011926352757749569 0.012441761545804354 0.6507384656891478 16.0 -1.0 -1.0 -1.0 -1.0 
159.72 39.3 20260420.0 -1.0 4.816127011 32.72831586160946 0.923626850440197 0.01520659744487199 23.328368123137007 32.0 23.435762320154513 32.0 4.816138243768364 32.68693239360498 
159.72 39.3 20260420.0 -1.0 1.9411179295 65.45663172321892 0.3005714973044299 0.006912089747669086 8.058851362097293 16.0 8.229496543407206 32.0 1.9411042255039017 65.1714689209957 
159.72 39.3 20260420.0 -1.0 0.459063 81.82078965402366 0.021499741751177023 0.045619792334615966 1.561712878254927 8.0 -1.0 -1.0 -1.0 -1.0 
159.72 39.3 20260420.0 -1.0 0.2587737194050002 97.96073620003789 1.2894694018291581 0.011059343596270537 28.857155553237263 32.0 29.055241858834044 32.0 0.2587815591444572 97.9595992477078 
159.72 39.3 20260420.0 -1.0 21.521778197384464 53.57997464712632 5.088275960600903 0.006912089747669085 123.00975876187945 16.0 123.07087141815335 16.0 21.52173692593351 53.63490454678217 
159.72 39.3 20260420.0 -1.0 0.37922747574 17.894359717513645 6.030843209777203 0.009676925646736721 186.61559511634033 32.0 82.28995770210426 16.0 1.896175187236319 18.519221758605916 
159.72 39.3 20260420.0 -1.0 1.394095109822 31.42396203914208 1.9734654293999798 0.03456044873834543 23.6572973096712 16.0 23.673656760388926 16.0 1.3940734788775444 31.573755129426477 
159.72 39.3 20260420.0 -1.0 0.5533823989 49.09247379241419 1.1363328206185328 0.038707702586946884 5.486281856542501 16.0 -1.0 -1.0 -1.0 -1.0 
159.72 39.3 20260420.0 -1.0 0.004156209962109836 98.18494758482838 2.717336449659425 0.027648358990676344 2.8442863843495414 1.0 -1.0 -1.0 -1.0 -1.0 
159.72 39.3 20260420.0 -1.0 7.1671888360297 114.54910551563312 1.1673651412337918 0.016589015394405805 2.2278153098805897 1.0 -1.0 -1.0 -1.0 -1.0 
196.6 39.69 20260420.0 -1.0 0.555864 47.6798652604029 0.05194832598633263 0.011059343596270537 2.28895102456473 16.0 -1.0 -1.0 -1.0 -1.0 
196.6 39.69 20260420.0 -1.0 169.233373 56.15042955854001 0.7994481079808956 0.05529671798135268 2.183229095317012 1.0 -1.0 -1.0 -1.0 -1.0 
196.6 39.69 20260420.0 -1.0 38.008828488 22.578759723589926 0.4686699264989958 0.019353851293473442 3.3073372101051888 4.0 -1.0 -1.0 -1.0 -1.0 
196.6 39.69 20260420.0 -1.0 3.225621798579152 8.98820989413438 0.3375614434310193 0.02073626924300726 2.4892350207014413 16.0 -1.0 -1.0 -1.0 -1.0 
196.6 39.69 20260420.0 -1.0 274.50510164192235 42.192821942831856 0.010826883167411214 0.019353851293473442 1.650192501028481 1.0 -1.0 -1.0 -1.0 -1.0 
196.6 39.69 20260420.0 -1.0 132.80495704844444 39.32224181957428 0.01263019747928729 0.016589015394405805 -0.9592689278763644 2.0 -1.0 -1.0 -1.0 -1.0 
196.6 39.69 20260420.0 -1.0 1.240695 26.887991243515234 0.020092330025650466 0.038707702586946884 0.6795457699954066 2.0 -1.0 -1.0 -1.0 -1.0 
196.6 39.69 20260420.0 -1.0 8.58456883589144 53.77598248703047 0.2316522291218108 0.012441761545804354 3.539613335067414 32.0 -1.0 -1.0 -1.0 -1.0 
196.6 39.69 20260420.0 -1.0 0.0022349340175341534 67.21997810878808 0.3817316555416103 0.045619792334615966 0.5380718344642823 1.0 -1.0 -1.0 -1.0 -1.0 
196.6 39.69 20260420.0 -1.0 1.773899 80.6639737305457 0.011967620273057575 0.12165277955897594 1.3856407093435053 2.0 -1.0 -1.0 -1.0 -1.0 
196.6 39.69 20260420.0 -1.0 0.69789 94.10796935230331 0.05566401871967786 0.026265941041142524 1.7342151744255365 1.0 -1.0 -1.0 -1.0 -1.0 
196.6 39.69 20260420.0 -1.0 2.0499674301 56.2163117253033 4.419412466775123 0.013824179495338172 107.89576763108654 32.0 107.99368427466415 32.0 2.0499707413061214 56.2660508075677 
196.6 39.69 20260420.0 -1.0 5.4199894818 42.531644514757346 6.395589606316492 0.013824179495338172 178.57916229726538 32.0 178.6141968381747 32.0 5.419982092765471 42.50313190499718 
196.6 39.69 20260420.0 -1.0 0.049027661219924884 53.45867245935422 4.811364138106282 0.029030776940210157 8.632746428743815 32.0 9.422141994593225 32.0 0.04902176442556084 57.37922807174619 
196.6 39.69 20260420.0 -1.0 0.0022349340175341534 3.322343552491556 9.13473745423541 0.016589015394405805 13.876201528253885 16.0 -1.0 -1.0 -1.0 -1.0 
196.6 39.69 20260420.0 -1.0 1.5814382168 82.18329716814807 3.7004694715686357 0.013824179495338172 116.49803321466963 32.0 116.64083741957349 32.0 1.5814293874427678 82.2739196161017 
196.6 39.69 20260420.0 -1.0 3.255405118685032 84.26329129024619 3.220703869641005 0.024883523091608708 47.27700825812618 32.0 47.705632144642344 32.0 3.2554150190359605 84.19668034513728 
196.6 39.69 20260420.0 -1.0 0.013854684443017403 0.0 2.3946272691937414 0.027648358990676344 1.4307116318004278 32.0 -1.0 -1.0 -1.0 -1.0 
196.6 39.69 20260420.0 -1.0 0.028245247079937107 13.443995621757617 1.1030730151526764 0.026265941041142528 1.2430283356424905 2.0 -1.0 -1.0 -1.0 -1.0 
196.6 39.69 20260420.0 -1.0 405.6890420980896 40.33198686527285 5.497611134427103 0.06635606157762322 12.582663313969483 1.0 -1.0 -1.0 -1.0 -1.0 
196.6 39.69 20260420.0 -1.0 0.555864 47.6798652604029 0.05194832598633263 0.011059343596270537 2.288946782707 16.0 -1.0 -1.0 -1.0 -1.0 
196.6 39.69 20260420.0 -1.0 169.233373 56.15042955854001 0.7994481079808956 0.05529671798135268 2.183663252043325 1.0 -1.0 -1.0 -1.0 -1.0 
196.6 39.69 20260420.0 -1.0 38.008828488 22.578759723589926 0.4686699264989958 0.019353851293473442 3.3073920382835404 4.0 -1.0 -1.0 -1.0 -1.0 
196.6 39.69 20260420.0 -1.0 3.225621798579152 8.98820989413438 0.3375614434310193 0.02073626924300726 2.490133374104199 16.0 -1.0 -1.0 -1.0 -1.0 
196.6 39.69 20260420.0 -1.0 274.50510164192235 42.192821942831856 0.010826883167411214 0.019353851293473442 1.6501875343754016 1.0 -1.0 -1.0 -1.0 -1.0 
196.6 39.69 20260420.0 -1.0 132.80495704844444 39.32224181957428 0.01263019747928729 0.016589015394405805 -0.9592812008231237 2.0 -1.0 -1.0 -1.0 -1.0 
196.6 39.69 20260420.0 -1.0 1.240695 26.887991243515234 0.020092330025650466 0.038707702586946884 0.679545770334519 2.0 -1.0 -1.0 -1.0 -1.0 
196.6 39.69 20260420.0 -1.0 8.58456883589144 53.77598248703047 0.2316522291218108 0.012441761545804354 3.5395460275540174 32.0 -1.0 -1.0 -1.0 -1.0 
196.6 39.69 20260420.0 -1.0 0.0022349340175341534 67.21997810878808 0.3817316555416103 0.045619792334615966 0.5380595587078163 1.0 -1.0 -1.0 -1.0 -1.0 
196.6 39.69 20260420.0 -1.0 1.773899 80.6639737305457 0.011967620273057575 0.12165277955897594 1.3856407095175487 2.0 -1.0 -1.0 -1.0 -1.0 
196.6 39.69 20260420.0 -1.0 0.69789 94.10796935230331 0.05566401871967786 0.026265941041142524 1.7342154659006725 1.0 -1.0 -1.0 -1.0 -1.0 
196.6 39.69 20260420.0 -1.0 2.0499674301 56.2163117253033 4.419412466775123 0.013824179495338172 107.89036876577259 32.0 107.988285090846 32.0 2.0499707413061214 56.2660508075677 
196.6 39.69 20260420.0 -1.0 5.4199894818 42.531644514757346 6.395589606316492 0.013824179495338172 178.57916229726538 32.0 178.6141968381747 32.0 5.419982092765471 42.50313190499718 
196.6 39.69 20260420.0 -1.0 0.049027661219924884 53.45867245935422 4.811364138106282 0.029030776940210157 8.632746428743815 32.0 9.422141994593225 32.0 0.04902176442556084 57.37922807174619 
196.6 39.69 20260420.0 -1.0 0.0022349340175341534 3.322343552491556 9.13473745423541 0.016589015394405805 13.876201528253885 16.0 -1.0 -1.0 -1.0 -1.0 
196.6 39.69 20260420.0 -1.0 1.5814382168 82.18329716814807 3.7004694715686357 0.013824179495338172 116.49803321466963 32.0 116.64083741957349 32.0 1.5814293874427678 82.2739196161017 
196.6 39.69 20260420.0 -1.0 3.255405118685032 84.26329129024619 3.220703869641005 0.024883523091608708 47.27700825812618 32.0 47.705632144642344 32.0 3.2554150190359605 84.19668034513728 
196.6 39.69 20260420.0 -1.0 0.013854684443017403 0.0 2.3946272691937414 0.027648358990676344 1.4307116318004278 32.0 -1.0 -1.0 -1.0 -1.0 
196.6 39.69 20260420.0 -1.0 0.028245247079937107 13.443995621757617 1.1030730151526764 0.026265941041142528 1.2430283356424905 2.0 -1.0 -1.0 -1.0 -1.0 
196.6 39.69 20260420.0 -1.0 405.6890420980896 40.33198686527285 5.497611134427103 0.06635606157762322 12.582663313969483 1.0 -1.0 -1.0 -1.0 -1.0 
196.6 39.69 20260420.0 -1.0 0.555864 47.6798652604029 0.05194832598633263 0.011059343596270537 2.28895102456473 16.0 -1.0 -1.0 -1.0 -1.0 
196.6 39.69 20260420.0 -1.0 169.233373 56.15042955854001 0.7994481079808956 0.05529671798135268 2.183229095317012 1.0 -1.0 -1.0 -1.0 -1.0 
196.6 39.69 20260420.0 -1.0 38.008828488 22.578759723589926 0.4686699264989958 0.019353851293473442 3.3073372101051888 4.0 -1.0 -1.0 -1.0 -1.0 
196.6 39.69 20260420.0 -1.0 3.225621798579152 8.98820989413438 0.3375614434310193 0.02073626924300726 2.4892350207014413 16.0 -1.0 -1.0 -1.0 -1.0 
196.6 39.69 20260420.0 -1.0 274.50510164192235 42.192821942831856 0.010826883167411214 0.019353851293473442 1.650192501028481 1.0 -1.0 -1.0 -1.0 -1.0 
196.6 39.69 20260420.0 -1.0 132.80495704844444 39.32224181957428 0.01263019747928729 0.016589015394405805 -0.9592689278763644 2.0 -1.0 -1.0 -1.0 -1.0 
196.6 39.69 20260420.0 -1.0 1.240695 26.887991243515234 0.020092330025650466 0.038707702586946884 0.6795457699954066 2.0 -1.0 -1.0 -1.0 -1.0 
196.6 39.69 20260420.0 -1.0 8.58456883589144 53.77598248703047 0.2316522291218108 0.012441761545804354 3.539613335067414 32.0 -1.0 -1.0 -1.0 -1.0 
196.6 39.69 20260420.0 -1.0 0.0022349340175341534 67.21997810878808 0.3817316555416103 0.045619792334615966 0.5380718344642823 1.0 -1.0 -1.0 -1.0 -1.0 
196.6 39.69 20260420.0 -1.0 1.773899 80.6639737305457 0.011967620273057575 0.12165277955897594 1.3856407093435053 2.0 -1.0 -1.0 -1.0 -1.0 
196.6 39.69 20260420.0 -1.0 0.69789 94.10796935230331 0.05566401871967786 0.026265941041142524 1.7342151744255365 1.0 -1.0 -1.0 -1.0 -1.0 
196.6 39.69 20260420.0 -1.0 2.0499674301 56.2163117253033 4.419412466775123 0.013824179495338172 107.89036876577259 32.0 107.988285090846 32.0 2.0499707413061214 56.2660508075677 
196.6 39.69 20260420.0 -1.0 5.4199894818 42.531644514757346 6.395589606316492 0.013824179495338172 178.6112061783566 32.0 178.64623270361523 32.0 5.419982092765471 42.50313190499718 
196.6 39.69 20260420.0 -1.0 0.049027661219924884 53.45867245935422 4.811364138106282 0.029030776940210157 8.63261759943935 32.0 9.424143792157206 32.0 0.04902176442556084 57.37922807174619 
196.6 39.69 20260420.0 -1.0 0.0022349340175341534 3.322343552491556 9.13473745423541 0.016589015394405805 13.876214542155852 16.0 -1.0 -1.0 -1.0 -1.0 
196.6 39.69 20260420.0 -1.0 1.5814382168 82.18329716814807 3.7004694715686357 0.013824179495338172 116.5104881772858 32.0 116.64686315979816 32.0 1.5814293874427678 82.2739196161017 
196.6 39.69 20260420.0 -1.0 3.255405118685032 84.26329129024619 3.220703869641005 0.024883523091608708 47.27582758661295 32.0 47.70834619785564 32.0 3.2554150190359605 84.19668034513728 
196.6 39.69 20260420.0 -1.0 0.013854684443017403 0.0 2.3946272691937414 0.027648358990676344 1.4307402326086784 32.0 -1.0 -1.0 -1.0 -1.0 
196.6 39.69 20260420.0 -1.0 0.028245247079937107 13.443995621757617 1.1030730151526764 0.026265941041142528 1.2430283311225332 2.0 -1.0 -1.0 -1.0 -1.0 
196.6 39.69 20260420.0 -1.0 405.6890420980896 40.33198686527285 5.497611134427103 0.06635606157762322 12.582733775322408 1.0 -1.0 -1.0 -1.0 -1.0 
197.02 39.69 20260420.0 -1.0 0.003287848251159107 21.41004879496463 0.03793655635542592 0.016589015394405805 2.261154495238891 1.0 -1.0 -1.0 -1.0 -1.0 
197.02 39.69 20260420.0 -1.0 11.5729846782674 52.778699280084915 0.07389020282641436 0.11474068981130682 0.4146924186592732 4.0 -1.0 -1.0 -1.0 -1.0 
197.02 39.69 20260420.0 -1.0 4.04 44.445220446387296 0.6502514182965707 0.02350110514207489 9.600873133924898 32.0 9.765798417108416 32.0 4.040005781765407 44.52709056713991 
197.02 39.69 20260420.0 -1.0 4.316040583 80.9160008296898 0.5874581018442158 0.06082638977948796 1.4734308620302712 2.0 -1.0 -1.0 -1.0 -1.0 
197.02 39.69 20260420.0 -1.0 0.769101 32.360731298655715 0.07852166481863483 0.029030776940210157 2.1635891709540362 4.0 -1.0 -1.0 -1.0 -1.0 
197.02 39.69 20260420.0 -1.0 0.6279752367 69.41731178137914 0.5340387334924581 0.024883523091608708 4.8699457595378055 16.0 -1.0 -1.0 -1.0 -1.0 
197.02 39.69 20260420.0 -1.0 1.330601 0.0 0.5789969388540934 0.02073626924300726 3.880102350092514 32.0 -1.0 -1.0 -1.0 -1.0 
197.02 39.69 20260420.0 -1.0 0.933716 13.496348373524858 0.4440836117519115 0.06220880772902178 3.176566190721942 16.0 -1.0 -1.0 -1.0 -1.0 
197.02 39.69 20260420.0 -1.0 1.95103747456 26.992696747049717 0.05624384561966154 0.011059343596270537 0.8274354142667414 1.0 -1.0 -1.0 -1.0 -1.0 
197.02 39.69 20260420.0 -1.0 175.746924 40.48904512057457 0.9210780431878308 0.02350110514207489 4.1652714542447935 1.0 -1.0 -1.0 -1.0 -1.0 
197.02 39.69 20260420.0 -1.0 43.770068 53.985393494099434 0.14764438042523004 0.02073626924300726 0.7877873798461571 2.0 -1.0 -1.0 -1.0 -1.0 
197.02 39.69 20260420.0 -1.0 1.727116 67.4817418676243 0.7512553516355123 0.030413194889743984 6.8389611288854395 16.0 7.1272624392760475 16.0 1.727130438666791 67.19542758313841 
197.02 39.69 20260420.0 -1.0 0.006733739363044482 80.97809024114915 0.14764438042523004 0.09400442056829957 0.4216635952621429 1.0 -1.0 -1.0 -1.0 -1.0 
197.02 39.69 20260420.0 -1.0 0.024607722949814385 94.47443861467401 0.011633397579297806 0.029030776940210157 2.358667395831119 4.0 -1.0 -1.0 -1.0 -1.0 
197.02 39.69 20260420.0 -1.0 164.1397912192 87.50152775382499 1.1269514080539556 0.03456044873834543 5.246795377601449 1.0 -1.0 -1.0 -1.0 -1.0 
197.02 39.69 20260420.0 -1.0 0.8252288334107 47.62932743840101 1.79401216052578 0.060826389779487955 3.305026845957563 8.0 -1.0 -1.0 -1.0 -1.0 
197.02 39.69 20260420.0 -1.0 89.12656 40.3824133052422 6.144391049998397 0.019353851293473442 70.09040513783258 4.0 70.09040711950686 4.0 89.12660026301941 40.37797530974732 
197.02 39.69 20260420.0 -1.0 0.4644534146 35.97001578218462 3.2587519580827187 0.015206597444871989 69.24964020974548 32.0 69.24964060382213 32.0 0.46444862770537537 35.92526625303334 
197.02 39.69 20260420.0 -1.0 274.50510164192235 48.08285009601721 4.053785697483141 0.026265941041142528 19.12829775147339 1.0 -1.0 -1.0 -1.0 -1.0 
197.02 39.69 20260420.0 -1.0 0.0013543243567566367 14.531621821118977 4.657649639639177 0.07465056927482613 9.39559240183881 1.0 -1.0 -1.0 -1.0 -1.0 
197.02 39.69 20260420.0 -1.0 0.003287848251159107 21.41004879496463 0.03793655635542592 0.016589015394405805 2.2611542717476283 1.0 -1.0 -1.0 -1.0 -1.0 
197.02 39.69 20260420.0 -1.0 11.5729846782674 52.778699280084915 0.07389020282641436 0.11474068981130682 0.4130108638699843 4.0 -1.0 -1.0 -1.0 -1.0 
197.02 39.69 20260420.0 -1.0 4.04 44.445220446387296 0.6502514182965707 0.02350110514207489 9.601765202616033 32.0 9.761244097014888 32.0 4.040005781765407 44.52709056713991 
197.02 39.69 20260420.0 -1.0 4.316040583 80.9160008296898 0.5874581018442158 0.06082638977948796 1.4734891639389047 2.0 -1.0 -1.0 -1.0 -1.0 
197.02 39.69 20260420.0 -1.0 0.769101 32.360731298655715 0.07852166481863483 0.029030776940210157 2.163589158712058 4.0 -1.0 -1.0 -1.0 -1.0 
197.02 39.69 20260420.0 -1.0 0.6279752367 69.41731178137914 0.5340387334924581 0.024883523091608708 4.868134590698066 16.0 -1.0 -1.0 -1.0 -1.0 
197.02 39.69 20260420.0 -1.0 1.330601 0.0 0.5789969388540934 0.02073626924300726 3.8471525716336457 32.0 -1.0 -1.0 -1.0 -1.0 
197.02 39.69 20260420.0 -1.0 0.933716 13.496348373524858 0.4440836117519115 0.06220880772902178 3.1713551110009623 16.0 -1.0 -1.0 -1.0 -1.0 
197.02 39.69 20260420.0 -1.0 1.95103747456 26.992696747049717 0.05624384561966154 0.011059343596270537 0.8274354076111403 1.0 -1.0 -1.0 -1.0 -1.0 
197.02 39.69 20260420.0 -1.0 175.746924 40.48904512057457 0.9210780431878308 0.02350110514207489 4.162997313700187 1.0 -1.0 -1.0 -1.0 -1.0 
197.02 39.69 20260420.0 -1.0 43.770068 53.985393494099434 0.14764438042523004 0.02073626924300726 0.7890814423507891 2.0 -1.0 -1.0 -1.0 -1.0 
197.02 39.69 20260420.0 -1.0 1.727116 67.4817418676243 0.7512553516355123 0.030413194889743984 6.8298318544925465 16.0 7.1299760874754865 16.0 1.727130438666791 67.19542758313841 
197.02 39.69 20260420.0 -1.0 0.006733739363044482 80.97809024114915 0.14764438042523004 0.09400442056829957 0.42166367727137166 1.0 -1.0 -1.0 -1.0 -1.0 
197.02 39.69 20260420.0 -1.0 0.024607722949814385 94.47443861467401 0.011633397579297806 0.029030776940210157 2.358667431773873 4.0 -1.0 -1.0 -1.0 -1.0 
197.02 39.69 20260420.0 -1.0 164.1397912192 87.50152775382499 1.1269514080539556 0.03456044873834543 5.247321249196816 1.0 -1.0 -1.0 -1.0 -1.0 
197.02 39.69 20260420.0 -1.0 0.8252288334107 47.62932743840101 1.79401216052578 0.060826389779487955 3.3050876727314837 8.0 -1.0 -1.0 -1.0 -1.0 
197.02 39.69 20260420.0 -1.0 89.12656 40.3824133052422 6.144391049998397 0.019353851293473442 70.11887775750886 4.0 70.11887790044312 4.0 89.12660026301941 40.37797530974732 
197.02 39.69 20260420.0 -1.0 0.4644534146 35.97001578218462 3.2587519580827187 0.015206597444871989 69.26118034419797 32.0 69.26117981009631 32.0 0.46444862770537537 35.92526625303334 
197.02 39.69 20260420.0 -1.0 274.50510164192235 48.08285009601721 4.053785697483141 0.026265941041142528 19.12810477489102 1.0 -1.0 -1.0 -1.0 -1.0 
197.02 39.69 20260420.0 -1.0 0.0013543243567566367 14.531621821118977 4.657649639639177 0.07465056927482613 9.396095686931151 1.0 -1.0 -1.0 -1.0 -1.0 
197.02 39.69 20260420.0 -1.0 0.003287848251159107 21.41004879496463 0.03793655635542592 0.016589015394405805 2.2611542717476283 1.0 -1.0 -1.0 -1.0 -1.0 
197.02 39.69 20260420.0 -1.0 11.5729846782674 52.778699280084915 0.07389020282641436 0.11474068981130682 0.4130108638699843 4.0 -1.0 -1.0 -1.0 -1.0 
197.02 39.69 20260420.0 -1.0 4.04 44.445220446387296 0.6502514182965707 0.02350110514207489 9.601765202616033 32.0 9.761244097014888 32.0 4.040005781765407 44.52709056713991 
197.02 39.69 20260420.0 -1.0 4.316040583 80.9160008296898 0.5874581018442158 0.06082638977948796 1.4734891639389047 2.0 -1.0 -1.0 -1.0 -1.0 
197.02 39.69 20260420.0 -1.0 0.769101 32.360731298655715 0.07852166481863483 0.029030776940210157 2.163589158712058 4.0 -1.0 -1.0 -1.0 -1.0 
197.02 39.69 20260420.0 -1.0 0.6279752367 69.41731178137914 0.5340387334924581 0.024883523091608708 4.868134590698066 16.0 -1.0 -1.0 -1.0 -1.0 
197.02 39.69 20260420.0 -1.0 1.330601 0.0 0.5789969388540934 0.02073626924300726 3.8471525716336457 32.0 -1.0 -1.0 -1.0 -1.0 
197.02 39.69 20260420.0 -1.0 0.933716 13.496348373524858 0.4440836117519115 0.06220880772902178 3.1713551110009623 16.0 -1.0 -1.0 -1.0 -1.0 
197.02 39.69 20260420.0 -1.0 1.95103747456 26.992696747049717 0.05624384561966154 0.011059343596270537 0.8274354076111403 1.0 -1.0 -1.0 -1.0 -1.0 
197.02 39.69 20260420.0 -1.0 175.746924 40.48904512057457 0.9210780431878308 0.02350110514207489 4.162997313700187 1.0 -1.0 -1.0 -1.0 -1.0 
197.02 39.69 20260420.0 -1.0 43.770068 53.985393494099434 0.14764438042523004 0.02073626924300726 0.7890814423507891 2.0 -1.0 -1.0 -1.0 -1.0 
197.02 39.69 20260420.0 -1.0 1.727116 67.4817418676243 0.7512553516355123 0.030413194889743984 6.8298318544925465 16.0 7.1299760874754865 16.0 1.727130438666791 67.19542758313841 
197.02 39.69 20260420.0 -1.0 0.006733739363044482 80.97809024114915 0.14764438042523004 0.09400442056829957 0.42166367727137166 1.0 -1.0 -1.0 -1.0 -1.0 
197.02 39.69 20260420.0 -1.0 0.024607722949814385 94.47443861467401 0.011633397579297806 0.029030776940210157 2.358667431773873 4.0 -1.0 -1.0 -1.0 -1.0 
197.02 39.69 20260420.0 -1.0 164.1397912192 87.50152775382499 1.1269514080539556 0.03456044873834543 5.247321249196816 1.0 -1.0 -1.0 -1.0 -1.0 
197.02 39.69 20260420.0 -1.0 0.8252288334107 47.62932743840101 1.79401216052578 0.060826389779487955 3.3050876727314837 8.0 -1.0 -1.0 -1.0 -1.0 
197.02 39.69 20260420.0 -1.0 89.12656 40.3824133052422 6.144391049998397 0.019353851293473442 70.11887775750886 4.0 70.11887790044312 4.0 89.12660026301941 40.37797530974732 
197.02 39.69 20260420.0 -1.0 0.4644534146 35.97001578218462 3.2587519580827187 0.015206597444871989 69.26118034419797 32.0 69.26117981009631 32.0 0.46444862770537537 35.92526625303334 
197.02 39.69 20260420.0 -1.0 274.50510164192235 48.08285009601721 4.053785697483141 0.026265941041142528 19.12810477489102 1.0 -1.0 -1.0 -1.0 -1.0 
197.02 39.69 20260420.0 -1.0 0.0013543243567566367 14.531621821118977 4.657649639639177 0.07465056927482613 9.396095686931151 1.0 -1.0 -1.0 -1.0 -1.0 
197.43 39.69 20260420.0 -1.0 20.665427 37.03843942984406 0.7491822145372189 0.03456044873834543 5.0294478019631015 8.0 -1.0 -1.0 -1.0 -1.0 
197.43 39.69 20260420.0 -1.0 1.2773235857 57.19380019512412 0.1113793503618547 0.012441761545804354 0.8442406775433376 8.0 -1.0 -1.0 -1.0 -1.0 
197.43 39.69 20260420.0 -1.0 14.8661645038 64.00394091487522 0.014155170065518703 0.026265941041142528 3.0499470818083987 8.0 -1.0 -1.0 -1.0 -1.0 
197.43 39.69 20260420.0 -1.0 1.1622665438 80.60247330981174 0.035502180320038795 0.022118687192541075 1.171605470406031 1.0 -1.0 -1.0 -1.0 -1.0 
197.43 39.69 20260420.0 -1.0 1.44327383863352 37.78774460652977 0.23601374365373645 0.02903077694021016 1.3932757187778817 4.0 -1.0 -1.0 -1.0 -1.0 
197.43 39.69 20260420.0 -1.0 1.786875 53.712850830014574 0.03446305200337579 0.03041319488974398 1.3425010800039892 1.0 -1.0 -1.0 -1.0 -1.0 
197.43 39.69 20260420.0 -1.0 0.26600815928859156 5.58659176035292 0.1315563789626525 0.03317803078881161 2.2623700922685996 1.0 -1.0 -1.0 -1.0 -1.0 
197.43 39.69 20260420.0 -1.0 0.1687760911319839 13.548467380977163 0.08066602730969565 0.019353851293473442 2.4352312639817506 4.0 -1.0 -1.0 -1.0 -1.0 
197.43 39.69 20260420.0 -1.0 3.524849 27.096934761954326 0.17307080845765033 0.02350110514207489 0.8527090928896828 1.0 -1.0 -1.0 -1.0 -1.0 
197.43 39.69 20260420.0 -1.0 0.003140174492443201 40.64540214293149 0.04895183506376762 0.008294507697202903 3.03343626567081 1.0 -1.0 -1.0 -1.0 -1.0 
197.43 39.69 20260420.0 -1.0 0.0024727047830328253 54.19386952390865 0.5433422881577105 0.031795612839277794 11.198194517504058 1.0 -1.0 -1.0 -1.0 -1.0 
197.43 39.69 20260420.0 -1.0 1.040808 67.74233690488582 0.02034374216950329 0.035942866687879244 1.0074238818459873 2.0 -1.0 -1.0 -1.0 -1.0 
197.43 39.69 20260420.0 -1.0 0.1100782915795634 81.29080428586298 0.09166345434091806 0.022118687192541075 0.9959696721736021 2.0 -1.0 -1.0 -1.0 -1.0 
197.43 39.69 20260420.0 -1.0 1.47839 48.75226086284212 1.0195319497075284 0.013824179495338172 36.106056677728226 32.0 36.1954153581412 32.0 1.4783836377318949 48.777403757639625 
197.43 39.69 20260420.0 -1.0 225.01840471097 69.4292897891059 2.094267259147317 0.05529671798135268 0.2167766072856128 2.0 -1.0 -1.0 -1.0 -1.0 
197.43 39.69 20260420.0 -1.0 168.634064 22.11873002570969 9.931153623322999 0.07050331542622468 28.51186542370924 2.0 28.511865210204764 2.0 168.63438456008834 22.162347350462817 
197.43 39.69 20260420.0 -1.0 114.11768190798891 41.98954452136227 2.092820945540999 0.015206597444871989 14.94625033573421 2.0 14.946250340696702 2.0 114.1175744123757 41.997142239461496 
197.43 39.69 20260420.0 -1.0 1.82745452277 50.725114998926 7.312845677630025 0.022118687192541075 137.11384645343068 32.0 137.11385535508438 32.0 1.827447704272345 50.70016448667521 
197.43 39.69 20260420.0 -1.0 2.2826081287 0.0 8.122523361259269 0.009676925646736721 252.3743714479934 32.0 -1.0 -1.0 -1.0 -1.0 
197.43 39.69 20260420.0 -1.0 0.2311059204 94.83927166684015 7.48147792333613 0.029030776940210157 61.609375680049666 16.0 71.35435602897253 32.0 0.2311026037205011 95.02485918760084 
197.43 39.69 20260420.0 -1.0 20.665427 37.03843942984406 0.7491822145372189 0.03456044873834543 5.035695479103994 8.0 -1.0 -1.0 -1.0 -1.0 
197.43 39.69 20260420.0 -1.0 1.2773235857 57.19380019512412 0.1113793503618547 0.012441761545804354 1.0850095425720028 8.0 -1.0 -1.0 -1.0 -1.0 
197.43 39.69 20260420.0 -1.0 14.8661645038 64.00394091487522 0.014155170065518703 0.026265941041142528 2.8682313787504468 8.0 -1.0 -1.0 -1.0 -1.0 
197.43 39.69 20260420.0 -1.0 1.1622665438 80.60247330981174 0.035502180320038795 0.022118687192541075 1.2144004814978315 1.0 -1.0 -1.0 -1.0 -1.0 
197.43 39.69 20260420.0 -1.0 1.44327383863352 37.78774460652977 0.23601374365373645 0.02903077694021016 1.413920860741894 4.0 -1.0 -1.0 -1.0 -1.0 
197.43 39.69 20260420.0 -1.0 1.786875 53.712850830014574 0.03446305200337579 0.03041319488974398 1.284192685837565 1.0 -1.0 -1.0 -1.0 -1.0 
197.43 39.69 20260420.0 -1.0 0.26600815928859156 5.58659176035292 0.1315563789626525 0.03317803078881161 2.677710664015971 8.0 -1.0 -1.0 -1.0 -1.0 
197.43 39.69 20260420.0 -1.0 0.1687760911319839 13.548467380977163 0.08066602730969565 0.019353851293473442 2.4215377816698016 4.0 -1.0 -1.0 -1.0 -1.0 
197.43 39.69 20260420.0 -1.0 3.524849 27.096934761954326 0.17307080845765033 0.02350110514207489 0.7925474702892206 1.0 -1.0 -1.0 -1.0 -1.0 
197.43 39.69 20260420.0 -1.0 0.003140174492443201 40.64540214293149 0.04895183506376762 0.008294507697202903 3.19183543726417 1.0 -1.0 -1.0 -1.0 -1.0 
197.43 39.69 20260420.0 -1.0 0.0024727047830328253 54.19386952390865 0.5433422881577105 0.031795612839277794 3.1735441757844636 1.0 -1.0 -1.0 -1.0 -1.0 
197.43 39.69 20260420.0 -1.0 1.040808 67.74233690488582 0.02034374216950329 0.035942866687879244 0.6607857654265131 4.0 -1.0 -1.0 -1.0 -1.0 
197.43 39.69 20260420.0 -1.0 0.1100782915795634 81.29080428586298 0.09166345434091806 0.022118687192541075 0.9535049452658761 2.0 -1.0 -1.0 -1.0 -1.0 
197.43 39.69 20260420.0 -1.0 1.47839 48.75226086284212 1.0195319497075284 0.013824179495338172 36.202361079216104 32.0 36.291612285027306 32.0 1.4783836377318949 48.777403757639625 
197.43 39.69 20260420.0 -1.0 225.01840471097 69.4292897891059 2.094267259147317 0.05529671798135268 0.21718746227074553 2.0 -1.0 -1.0 -1.0 -1.0 
197.43 39.69 20260420.0 -1.0 168.634064 22.11873002570969 9.931153623322999 0.07050331542622468 28.507838543001323 2.0 28.50783892737005 2.0 168.63438456008834 22.162347350462817 
197.43 39.69 20260420.0 -1.0 114.11768190798891 41.98954452136227 2.092820945540999 0.015206597444871989 14.921303950120757 2.0 14.92130413818035 2.0 114.1175744123757 41.997142239461496 
197.43 39.69 20260420.0 -1.0 1.82745452277 50.725114998926 7.312845677630025 0.022118687192541075 137.10535725258302 32.0 137.10535068481846 32.0 1.827447704272345 50.70016448667521 
197.43 39.69 20260420.0 -1.0 2.2826081287 0.0 8.122523361259269 0.009676925646736721 252.0126821540786 32.0 9.916706181598546 2.0 52.4989445693791 1.416771063499906 
197.43 39.69 20260420.0 -1.0 0.2311059204 94.83927166684015 7.48147792333613 0.029030776940210157 61.609375680049666 16.0 71.35435602897253 32.0 0.2311026037205011 95.02485918760084 
197.43 39.69 20260420.0 -1.0 20.665427 37.03843942984406 0.7491822145372189 0.03456044873834543 5.032737330408959 8.0 -1.0 -1.0 -1.0 -1.0 
197.43 39.69 20260420.0 -1.0 1.2773235857 57.19380019512412 0.1113793503618547 0.012441761545804354 0.8442902860658466 8.0 -1.0 -1.0 -1.0 -1.0 
197.43 39.69 20260420.0 -1.0 14.8661645038 64.00394091487522 0.014155170065518703 0.026265941041142528 3.0501693561017085 8.0 -1.0 -1.0 -1.0 -1.0 
197.43 39.69 20260420.0 -1.0 1.1622665438 80.60247330981174 0.035502180320038795 0.022118687192541075 1.1716054703318672 1.0 -1.0 -1.0 -1.0 -1.0 
197.43 39.69 20260420.0 -1.0 1.44327383863352 37.78774460652977 0.23601374365373645 0.02903077694021016 1.3932422684341463 4.0 -1.0 -1.0 -1.0 -1.0 
197.43 39.69 20260420.0 -1.0 1.786875 53.712850830014574 0.03446305200337579 0.03041319488974398 1.3425010844613394 1.0 -1.0 -1.0 -1.0 -1.0 
197.43 39.69 20260420.0 -1.0 0.26600815928859156 5.58659176035292 0.1315563789626525 0.03317803078881161 2.262370096310862 1.0 -1.0 -1.0 -1.0 -1.0 
197.43 39.69 20260420.0 -1.0 0.1687760911319839 13.548467380977163 0.08066602730969565 0.019353851293473442 2.4352312564972496 4.0 -1.0 -1.0 -1.0 -1.0 
197.43 39.69 20260420.0 -1.0 3.524849 27.096934761954326 0.17307080845765033 0.02350110514207489 0.852709370723532 1.0 -1.0 -1.0 -1.0 -1.0 
197.43 39.69 20260420.0 -1.0 0.003140174492443201 40.64540214293149 0.04895183506376762 0.008294507697202903 3.2196193516417013 1.0 -1.0 -1.0 -1.0 -1.0 
197.43 39.69 20260420.0 -1.0 0.0024727047830328253 54.19386952390865 0.5433422881577105 0.031795612839277794 3.1838431038363244 1.0 -1.0 -1.0 -1.0 -1.0 
197.43 39.69 20260420.0 -1.0 1.040808 67.74233690488582 0.02034374216950329 0.035942866687879244 1.0074238568508338 2.0 -1.0 -1.0 -1.0 -1.0 
197.43 39.69 20260420.0 -1.0 0.1100782915795634 81.29080428586298 0.09166345434091806 0.022118687192541075 0.9959696730692128 2.0 -1.0 -1.0 -1.0 -1.0 
197.43 39.69 20260420.0 -1.0 1.47839 48.75226086284212 1.0195319497075284 0.013824179495338172 36.202361079216104 32.0 36.291612285027306 32.0 1.4783836377318949 48.777403757639625 
197.43 39.69 20260420.0 -1.0 225.01840471097 69.4292897891059 2.094267259147317 0.05529671798135268 0.324578257831396 2.0 -1.0 -1.0 -1.0 -1.0 
197.43 39.69 20260420.0 -1.0 168.634064 22.11873002570969 9.931153623322999 0.07050331542622468 28.507838543001323 2.0 28.50783892737005 2.0 168.63438456008834 22.162347350462817 
197.43 39.69 20260420.0 -1.0 114.11768190798891 41.98954452136227 2.092820945540999 0.015206597444871989 14.944079416141557 2.0 14.944079781647929 2.0 114.1175744123757 41.997142239461496 
197.43 39.69 20260420.0 -1.0 1.82745452277 50.725114998926 7.312845677630025 0.022118687192541075 137.10535725258302 32.0 137.10535068481846 32.0 1.827447704272345 50.70016448667521 
197.43 39.69 20260420.0 -1.0 2.2826081287 0.0 8.122523361259269 0.009676925646736721 252.0126821540786 32.0 9.916706181598546 2.0 52.4989445693791 1.416771063499906 
197.43 39.69 20260420.0 -1.0 0.2311059204 94.83927166684015 7.48147792333613 0.029030776940210157 61.0608917550203 16.0 70.96057986112399 32.0 0.2311026037205011 95.02485918760084 
217.8 30.87 20260420.0 -1.0 3.8784760942028 61.33350004117789 0.0751774531663409 0.030413194889743984 1.0717726829931449 16.0 -1.0 -1.0 -1.0 -1.0 
217.8 30.87 20260420.0 -1.0 0.12693208929472713 77.50383439900098 0.06360340234416482 0.029030776940210157 0.8501645543431625 1.0 -1.0 -1.0 -1.0 -1.0 
217.8 30.87 20260420.0 -1.0 2.6515508603 37.93594011973721 0.23797846217159135 0.011059343596270537 2.7415645708835883 16.0 -1.0 -1.0 -1.0 -1.0 
217.8 30.87 20260420.0 -1.0 34.31188264149 43.50323516680779 0.041962590049360274 0.08432749492156286 0.9748142615011095 1.0 -1.0 -1.0 -1.0 -1.0 
217.8 30.87 20260420.0 -1.0 3.4436537099 68.36489110565229 0.011347638459718777 0.019353851293473442 2.789154953702118 16.0 -1.0 -1.0 -1.0 -1.0 
217.8 30.87 20260420.0 -1.0 0.7584674975492447 21.607073072131545 0.7089001340999033 0.02350110514207489 7.7496727864671895 16.0 7.797433478062935 16.0 0.758457948298504 21.55515975182 
217.8 30.87 20260420.0 -1.0 155.9793933435009 83.82649108562384 0.8818496349285885 0.01520659744487199 5.067827839911098 1.0 -1.0 -1.0 -1.0 -1.0 
217.8 30.87 20260420.0 -1.0 0.42270536055 69.53057264817126 0.21980329748814836 0.03041319488974398 1.7416382191764292 8.0 -1.0 -1.0 -1.0 -1.0 
217.8 30.87 20260420.0 -1.0 301.503639 54.65647616562926 0.01650143648732039 0.0815626590224952 -0.034264794109266854 1.0 -1.0 -1.0 -1.0 -1.0 
217.8 30.87 20260420.0 -1.0 2.31107 0.0 0.06417719598388952 0.016589015394405805 0.5604726656394067 1.0 -1.0 -1.0 -1.0 -1.0 
217.8 30.87 20260420.0 -1.0 1.289748954997 13.320742564168155 0.06191261931146324 0.013824179495338174 1.608308853179102 1.0 -1.0 -1.0 -1.0 -1.0 
217.8 30.87 20260420.0 -1.0 2.3817202891513642 39.96222769250446 0.0622557426135162 0.024883523091608708 1.6565007791094364 8.0 -1.0 -1.0 -1.0 -1.0 
217.8 30.87 20260420.0 -1.0 1.6245944281 53.28297025667262 0.4568419499727607 0.009676925646736721 15.890511249102914 32.0 16.12702198395871 32.0 1.6246000692869227 53.23011281435362 
217.8 30.87 20260420.0 -1.0 3.1349986738 79.92445538500893 0.0430193026711385 0.011059343596270537 0.7872458518600146 2.0 -1.0 -1.0 -1.0 -1.0 
217.8 30.87 20260420.0 -1.0 0.857118 93.24519794917708 0.11860620515744331 0.04700221028414978 0.4829480590248072 4.0 -1.0 -1.0 -1.0 -1.0 
217.8 30.87 20260420.0 -1.0 0.011528285037182139 52.03602405804662 3.4918397571699917 0.012441761545804354 10.191172591230236 32.0 -1.0 -1.0 -1.0 -1.0 
217.8 30.87 20260420.0 -1.0 0.6552714627 70.59367421494855 7.664581540072595 0.022118687192541075 150.71860038843653 32.0 150.75789028453818 32.0 0.6552606161373358 70.63615730878104 
217.8 30.87 20260420.0 -1.0 7.376615432917449 55.89676132686944 1.542122280526466 0.02350110514207489 22.673393401803256 16.0 22.67339308693156 16.0 7.37660836117963 55.861259075139166 
217.8 30.87 20260420.0 -1.0 0.0025070307675096643 26.64148512833631 3.9188560946779236 0.05529671798135269 14.263931365535234 8.0 -1.0 -1.0 -1.0 -1.0 
217.8 30.87 20260420.0 -1.0 0.005839646453032786 66.60371282084077 1.060480165683625 0.023501105142074888 3.4258961259110094 2.0 -1.0 -1.0 -1.0 -1.0 
217.8 30.87 20260420.0 -1.0 3.8784760942028 61.33350004117789 0.0751774531663409 0.030413194889743984 1.0736039957564147 16.0 -1.0 -1.0 -1.0 -1.0 
217.8 30.87 20260420.0 -1.0 0.12693208929472713 77.50383439900098 0.06360340234416482 0.029030776940210157 0.8501645543251123 1.0 -1.0 -1.0 -1.0 -1.0 
217.8 30.87 20260420.0 -1.0 2.6515508603 37.93594011973721 0.23797846217159135 0.011059343596270537 2.7456339637622813 16.0 -1.0 -1.0 -1.0 -1.0 
217.8 30.87 20260420.0 -1.0 34.31188264149 43.50323516680779 0.041962590049360274 0.08432749492156286 0.973547964904832 1.0 -1.0 -1.0 -1.0 -1.0 
217.8 30.87 20260420.0 -1.0 3.4436537099 68.36489110565229 0.011347638459718777 0.019353851293473442 2.790367117650714 16.0 -1.0 -1.0 -1.0 -1.0 
217.8 30.87 20260420.0 -1.0 0.7584674975492447 21.607073072131545 0.7089001340999033 0.02350110514207489 7.751659867463157 16.0 7.796397592663678 16.0 0.758457948298504 21.55515975182 
217.8 30.87 20260420.0 -1.0 155.9793933435009 83.82649108562384 0.8818496349285885 0.01520659744487199 5.06827670547358 1.0 -1.0 -1.0 -1.0 -1.0 
217.8 30.87 20260420.0 -1.0 0.42270536055 69.53057264817126 0.21980329748814836 0.03041319488974398 1.7416345462772593 8.0 -1.0 -1.0 -1.0 -1.0 
217.8 30.87 20260420.0 -1.0 301.503639 54.65647616562926 0.01650143648732039 0.0815626590224952 -0.034264794109266854 1.0 -1.0 -1.0 -1.0 -1.0 
217.8 30.87 20260420.0 -1.0 2.31107 0.0 0.06417719598388952 0.016589015394405805 0.5604726222153267 1.0 -1.0 -1.0 -1.0 -1.0 
217.8 30.87 20260420.0 -1.0 1.289748954997 13.320742564168155 0.06191261931146324 0.013824179495338174 1.6083093369983845 1.0 -1.0 -1.0 -1.0 -1.0 
217.8 30.87 20260420.0 -1.0 2.3817202891513642 39.96222769250446 0.0622557426135162 0.024883523091608708 1.6569814901017212 8.0 -1.0 -1.0 -1.0 -1.0 
217.8 30.87 20260420.0 -1.0 1.6245944281 53.28297025667262 0.4568419499727607 0.009676925646736721 15.890693467979624 32.0 16.128978971256007 32.0 1.6246000692869227 53.23011281435362 
217.8 30.87 20260420.0 -1.0 3.1349986738 79.92445538500893 0.0430193026711385 0.011059343596270537 0.7872458518600146 2.0 -1.0 -1.0 -1.0 -1.0 
217.8 30.87 20260420.0 -1.0 0.857118 93.24519794917708 0.11860620515744331 0.04700221028414978 0.48294498610331493 4.0 -1.0 -1.0 -1.0 -1.0 
217.8 30.87 20260420.0 -1.0 0.011528285037182139 52.03602405804662 3.4918397571699917 0.012441761545804354 10.191172591230236 32.0 -1.0 -1.0 -1.0 -1.0 
217.8 30.87 20260420.0 -1.0 0.6552714627 70.59367421494855 7.664581540072595 0.022118687192541075 150.73835353433594 32.0 150.77763894286312 32.0 0.6552606161373358 70.63615730878104 
217.8 30.87 20260420.0 -1.0 7.376615432917449 55.89676132686944 1.542122280526466 0.02350110514207489 22.679872732539337 16.0 22.679872037406184 16.0 7.37660836117963 55.861259075139166 
217.8 30.87 20260420.0 -1.0 0.0025070307675096643 26.64148512833631 3.9188560946779236 0.05529671798135269 14.263572103517742 8.0 -1.0 -1.0 -1.0 -1.0 
217.8 30.87 20260420.0 -1.0 0.005839646453032786 66.60371282084077 1.060480165683625 0.023501105142074888 3.426152007152106 2.0 -1.0 -1.0 -1.0 -1.0 
217.8 30.87 20260420.0 -1.0 3.8784760942028 61.33350004117789 0.0751774531663409 0.030413194889743984 1.0736039957564147 16.0 -1.0 -1.0 -1.0 -1.0 
217.8 30.87 20260420.0 -1.0 0.12693208929472713 77.50383439900098 0.06360340234416482 0.029030776940210157 0.8501645543251123 1.0 -1.0 -1.0 -1.0 -1.0 
217.8 30.87 20260420.0 -1.0 2.6515508603 37.93594011973721 0.23797846217159135 0.011059343596270537 2.7456339637622813 16.0 -1.0 -1.0 -1.0 -1.0 
217.8 30.87 20260420.0 -1.0 34.31188264149 43.50323516680779 0.041962590049360274 0.08432749492156286 0.973547964904832 1.0 -1.0 -1.0 -1.0 -1.0 
217.8 30.87 20260420.0 -1.0 3.4436537099 68.36489110565229 0.011347638459718777 0.019353851293473442 2.790367117650714 16.0 -1.0 -1.0 -1.0 -1.0 
217.8 30.87 20260420.0 -1.0 0.7584674975492447 21.607073072131545 0.7089001340999033 0.02350110514207489 7.751659867463157 16.0 7.796397592663678 16.0 0.758457948298504 21.55515975182 
217.8 30.87 20260420.0 -1.0 155.9793933435009 83.82649108562384 0.8818496349285885 0.01520659744487199 5.06827670547358 1.0 -1.0 -1.0 -1.0 -1.0 
217.8 30.87 20260420.0 -1.0 0.42270536055 69.53057264817126 0.21980329748814836 0.03041319488974398 1.7416345462772593 8.0 -1.0 -1.0 -1.0 -1.0 
217.8 30.87 20260420.0 -1.0 301.503639 54.65647616562926 0.01650143648732039 0.0815626590224952 -0.034264794109266854 1.0 -1.0 -1.0 -1.0 -1.0 
217.8 30.87 20260420.0 -1.0 2.31107 0.0 0.06417719598388952 0.016589015394405805 0.5604726222153267 1.0 -1.0 -1.0 -1.0 -1.0 
217.8 30.87 20260420.0 -1.0 1.289748954997 13.320742564168155 0.06191261931146324 0.013824179495338174 1.6083093369983845 1.0 -1.0 -1.0 -1.0 -1.0 
217.8 30.87 20260420.0 -1.0 2.3817202891513642 39.96222769250446 0.0622557426135162 0.024883523091608708 1.6569814901017212 8.0 -1.0 -1.0 -1.0 -1.0 
217.8 30.87 20260420.0 -1.0 1.6245944281 53.28297025667262 0.4568419499727607 0.009676925646736721 15.890693467979624 32.0 16.128978971256007 32.0 1.6246000692869227 53.23011281435362 
217.8 30.87 20260420.0 -1.0 3.1349986738 79.92445538500893 0.0430193026711385 0.011059343596270537 0.7872458518600146 2.0 -1.0 -1.0 -1.0 -1.0 
217.8 30.87 20260420.0 -1.0 0.857118 93.24519794917708 0.11860620515744331 0.04700221028414978 0.48294498610331493 4.0 -1.0 -1.0 -1.0 -1.0 
217.8 30.87 20260420.0 -1.0 0.011528285037182139 52.03602405804662 3.4918397571699917 0.012441761545804354 10.191172591230236 32.0 -1.0 -1.0 -1.0 -1.0 
217.8 30.87 20260420.0 -1.0 0.6552714627 70.59367421494855 7.664581540072595 0.022118687192541075 150.73835353433594 32.0 150.77763894286312 32.0 0.6552606161373358 70.63615730878104 
217.8 30.87 20260420.0 -1.0 7.376615432917449 55.89676132686944 1.542122280526466 0.02350110514207489 22.679872732539337 16.0 22.679872037406184 16.0 7.37660836117963 55.861259075139166 
217.8 30.87 20260420.0 -1.0 0.0025070307675096643 26.64148512833631 3.9188560946779236 0.05529671798135269 14.263572103517742 8.0 -1.0 -1.0 -1.0 -1.0 
217.8 30.87 20260420.0 -1.0 0.005839646453032786 66.60371282084077 1.060480165683625 0.023501105142074888 3.426152007152106 2.0 -1.0 -1.0 -1.0 -1.0 
218.18 30.87 20260420.0 -1.0 31.8068754603104 45.8350481161548 0.08379002485202364 0.06497364362808941 1.0709575273738907 1.0 -1.0 -1.0 -1.0 -1.0 
218.18 30.87 20260420.0 -1.0 0.824140577283 63.83534868810822 0.01894644584200988 0.011059343596270537 1.6886357805697565 1.0 -1.0 -1.0 -1.0 -1.0 
218.18 30.87 20260420.0 -1.0 0.004949232032673308 55.14747705006545 0.02295810794920963 0.016589015394405805 0.3759000817263208 1.0 -1.0 -1.0 -1.0 -1.0 
218.18 30.87 20260420.0 -1.0 12.804214506292507 33.80066798234235 0.7590808387572493 0.016589015394405805 11.743186861796683 16.0 11.743187175511046 16.0 12.804230209439995 33.80010965778348 
218.18 30.87 20260420.0 -1.0 2.383113777136 58.820246819795976 0.11545327069384023 0.026265941041142528 1.6969202794073213 32.0 -1.0 -1.0 -1.0 -1.0 
218.18 30.87 20260420.0 -1.0 192.8565208431179 68.94366806326641 0.13219411484660293 0.01520659744487199 1.1886607521979697 2.0 -1.0 -1.0 -1.0 -1.0 
218.18 30.87 20260420.0 -1.0 0.4586745305 83.30848586822768 0.14501607341826334 0.1534483923982537 2.5934511434688554 1.0 -1.0 -1.0 -1.0 -1.0 
218.18 30.87 20260420.0 -1.0 0.93147459585 17.562178289777435 0.14959514248507325 0.006912089747669086 3.3844828416761144 32.0 -1.0 -1.0 -1.0 -1.0 
218.18 30.87 20260420.0 -1.0 1.106300583096 33.455763207012325 0.1438188400122166 0.006912089747669086 1.7123872972954182 32.0 -1.0 -1.0 -1.0 -1.0 
218.18 30.87 20260420.0 -1.0 0.37033302017362885 0.0 0.7912064681527268 0.04423737438508215 1.5148662718696617 16.0 -1.0 -1.0 -1.0 -1.0 
218.18 30.87 20260420.0 -1.0 60.80349893185531 13.31545501360969 0.7317899463156684 0.019353851293473442 6.60748534518482 8.0 -1.0 -1.0 -1.0 -1.0 
218.18 30.87 20260420.0 -1.0 1.4566001023496797 39.946365040829065 0.023797846217159135 0.023501105142074895 1.8336170657812987 4.0 -1.0 -1.0 -1.0 -1.0 
218.18 30.87 20260420.0 -1.0 244.498778 53.26182005443876 0.016185305906356483 0.02350110514207489 1.5509180551771427 1.0 -1.0 -1.0 -1.0 -1.0 
218.18 30.87 20260420.0 -1.0 2.29484628787 66.57727506804845 0.038677531266236895 0.026265941041142528 1.4129782787413903 8.0 -1.0 -1.0 -1.0 -1.0 
218.18 30.87 20260420.0 -1.0 0.2193165616435737 9.284463681856861 5.358866120566025 0.016589015394405805 71.59595559729537 32.0 74.94483311421696 32.0 0.2193094890875121 11.232970574892114 
218.18 30.87 20260420.0 -1.0 0.266907 32.281222620753326 1.1285095808786585 0.013824179495338172 26.00431995222189 32.0 26.289584744990787 32.0 0.26690637848029536 32.788130326712114 
218.18 30.87 20260420.0 -1.0 1.498159748737 27.93728680173194 8.061031886448362 0.006912089747669087 298.57283798679305 32.0 298.7171307860001 32.0 1.4981499892504266 28.031827470676713 
218.18 30.87 20260420.0 -1.0 1.86626740089 26.63091002721938 1.094722212882365 0.03732528463741307 9.422028077681336 16.0 9.478566756074615 16.0 1.866283128038049 26.3114626078554 
218.18 30.87 20260420.0 -1.0 25.51071841478495 79.89273008165813 7.1628442608254215 0.019353851293473442 72.15136155948029 8.0 72.15135756056436 8.0 25.510720054929457 79.84516922153043 
218.18 30.87 20260420.0 -1.0 1.021138 93.20818509526782 7.424839476044566 0.011059343596270537 273.50653801879344 32.0 273.53250083202767 32.0 1.0211503346605848 93.2032963916724 
218.18 30.87 20260420.0 -1.0 31.8068754603104 45.8350481161548 0.08379002485202364 0.06497364362808941 1.0709575273738907 1.0 -1.0 -1.0 -1.0 -1.0 
218.18 30.87 20260420.0 -1.0 0.824140577283 63.83534868810822 0.01894644584200988 0.011059343596270537 1.6886357805697565 1.0 -1.0 -1.0 -1.0 -1.0 
218.18 30.87 20260420.0 -1.0 0.004949232032673308 55.14747705006545 0.02295810794920963 0.016589015394405805 0.3759000817263208 1.0 -1.0 -1.0 -1.0 -1.0 
218.18 30.87 20260420.0 -1.0 12.804214506292507 33.80066798234235 0.7590808387572493 0.016589015394405805 11.743186861796683 16.0 11.743187175511046 16.0 12.804230209439995 33.80010965778348 
218.18 30.87 20260420.0 -1.0 2.383113777136 58.820246819795976 0.11545327069384023 0.026265941041142528 1.6969202794073213 32.0 -1.0 -1.0 -1.0 -1.0 
218.18 30.87 20260420.0 -1.0 192.8565208431179 68.94366806326641 0.13219411484660293 0.01520659744487199 1.1886607521979697 2.0 -1.0 -1.0 -1.0 -1.0 
218.18 30.87 20260420.0 -1.0 0.4586745305 83.30848586822768 0.14501607341826334 0.1534483923982537 2.5934511434688554 1.0 -1.0 -1.0 -1.0 -1.0 
218.18 30.87 20260420.0 -1.0 0.93147459585 17.562178289777435 0.14959514248507325 0.006912089747669086 3.3844828416761144 32.0 -1.0 -1.0 -1.0 -1.0 
218.18 30.87 20260420.0 -1.0 1.106300583096 33.455763207012325 0.1438188400122166 0.006912089747669086 1.7123872972954182 32.0 -1.0 -1.0 -1.0 -1.0 
218.18 30.87 20260420.0 -1.0 0.37033302017362885 0.0 0.7912064681527268 0.04423737438508215 1.5148662718696617 16.0 -1.0 -1.0 -1.0 -1.0 
218.18 30.87 20260420.0 -1.0 60.80349893185531 13.31545501360969 0.7317899463156684 0.019353851293473442 6.60748534518482 8.0 -1.0 -1.0 -1.0 -1.0 
218.18 30.87 20260420.0 -1.0 1.4566001023496797 39.946365040829065 0.023797846217159135 0.023501105142074895 1.8336170657812987 4.0 -1.0 -1.0 -1.0 -1.0 
218.18 30.87 20260420.0 -1.0 244.498778 53.26182005443876 0.016185305906356483 0.02350110514207489 1.5509180551771427 1.0 -1.0 -1.0 -1.0 -1.0 
218.18 30.87 20260420.0 -1.0 2.29484628787 66.57727506804845 0.038677531266236895 0.026265941041142528 1.4129782787413903 8.0 -1.0 -1.0 -1.0 -1.0 
218.18 30.87 20260420.0 -1.0 0.2193165616435737 9.284463681856861 5.358866120566025 0.016589015394405805 71.59595559729537 32.0 74.94483311421696 32.0 0.2193094890875121 11.232970574892114 
218.18 30.87 20260420.0 -1.0 0.266907 32.281222620753326 1.1285095808786585 0.013824179495338172 26.00431995222189 32.0 26.289584744990787 32.0 0.26690637848029536 32.788130326712114 
218.18 30.87 20260420.0 -1.0 1.498159748737 27.93728680173194 8.061031886448362 0.006912089747669087 298.57283798679305 32.0 298.7171307860001 32.0 1.4981499892504266 28.031827470676713 
218.18 30.87 20260420.0 -1.0 1.86626740089 26.63091002721938 1.094722212882365 0.03732528463741307 9.422028077681336 16.0 9.478566756074615 16.0 1.866283128038049 26.3114626078554 
218.18 30.87 20260420.0 -1.0 25.51071841478495 79.89273008165813 7.1628442608254215 0.019353851293473442 72.15136155948029 8.0 72.15135756056436 8.0 25.510720054929457 79.84516922153043 
218.18 30.87 20260420.0 -1.0 1.021138 93.20818509526782 7.424839476044566 0.011059343596270537 273.50653801879344 32.0 273.53250083202767 32.0 1.0211503346605848 93.2032963916724 
218.18 30.87 20260420.0 -1.0 31.8068754603104 45.8350481161548 0.08379002485202364 0.06497364362808941 1.0709575273738907 1.0 -1.0 -1.0 -1.0 -1.0 
218.18 30.87 20260420.0 -1.0 0.824140577283 63.83534868810822 0.01894644584200988 0.011059343596270537 1.6886357805697565 1.0 -1.0 -1.0 -1.0 -1.0 
218.18 30.87 20260420.0 -1.0 0.004949232032673308 55.14747705006545 0.02295810794920963 0.016589015394405805 0.3759000817263208 1.0 -1.0 -1.0 -1.0 -1.0 
218.18 30.87 20260420.0 -1.0 12.804214506292507 33.80066798234235 0.7590808387572493 0.016589015394405805 11.743186861796683 16.0 11.743187175511046 16.0 12.804230209439995 33.80010965778348 
218.18 30.87 20260420.0 -1.0 2.383113777136 58.820246819795976 0.11545327069384023 0.026265941041142528 1.6969202794073213 32.0 -1.0 -1.0 -1.0 -1.0 
218.18 30.87 20260420.0 -1.0 192.8565208431179 68.94366806326641 0.13219411484660293 0.01520659744487199 1.1886607521979697 2.0 -1.0 -1.0 -1.0 -1.0 
218.18 30.87 20260420.0 -1.0 0.4586745305 83.30848586822768 0.14501607341826334 0.1534483923982537 2.5934511434688554 1.0 -1.0 -1.0 -1.0 -1.0 
218.18 30.87 20260420.0 -1.0 0.93147459585 17.562178289777435 0.14959514248507325 0.006912089747669086 3.3844828416761144 32.0 -1.0 -1.0 -1.0 -1.0 
218.18 30.87 20260420.0 -1.0 1.106300583096 33.455763207012325 0.1438188400122166 0.006912089747669086 1.7123872972954182 32.0 -1.0 -1.0 -1.0 -1.0 
218.18 30.87 20260420.0 -1.0 0.37033302017362885 0.0 0.7912064681527268 0.04423737438508215 1.5148662718696617 16.0 -1.0 -1.0 -1.0 -1.0 
218.18 30.87 20260420.0 -1.0 60.80349893185531 13.31545501360969 0.7317899463156684 0.019353851293473442 6.60748534518482 8.0 -1.0 -1.0 -1.0 -1.0 
218.18 30.87 20260420.0 -1.0 1.4566001023496797 39.946365040829065 0.023797846217159135 0.023501105142074895 1.8336170657812987 4.0 -1.0 -1.0 -1.0 -1.0 
218.18 30.87 20260420.0 -1.0 244.498778 53.26182005443876 0.016185305906356483 0.02350110514207489 1.5509180551771427 1.0 -1.0 -1.0 -1.0 -1.0 
218.18 30.87 20260420.0 -1.0 2.29484628787 66.57727506804845 0.038677531266236895 0.026265941041142528 1.4129782787413903 8.0 -1.0 -1.0 -1.0 -1.0 
218.18 30.87 20260420.0 -1.0 0.2193165616435737 9.284463681856861 5.358866120566025 0.016589015394405805 71.59595559729537 32.0 74.94483311421696 32.0 0.2193094890875121 11.232970574892114 
218.18 30.87 20260420.0 -1.0 0.266907 32.281222620753326 1.1285095808786585 0.013824179495338172 26.00431995222189 32.0 26.289584744990787 32.0 0.26690637848029536 32.788130326712114 
218.18 30.87 20260420.0 -1.0 1.498159748737 27.93728680173194 8.061031886448362 0.006912089747669087 298.57283798679305 32.0 298.7171307860001 32.0 1.4981499892504266 28.031827470676713 
218.18 30.87 20260420.0 -1.0 1.86626740089 26.63091002721938 1.094722212882365 0.03732528463741307 9.422028077681336 16.0 9.478566756074615 16.0 1.866283128038049 26.3114626078554 
218.18 30.87 20260420.0 -1.0 25.51071841478495 79.89273008165813 7.1628442608254215 0.019353851293473442 72.15136155948029 8.0 72.15135756056436 8.0 25.510720054929457 79.84516922153043 
218.18 30.87 20260420.0 -1.0 1.021138 93.20818509526782 7.424839476044566 0.011059343596270537 273.50653801879344 32.0 273.53250083202767 32.0 1.0211503346605848 93.2032963916724 
218.55 30.87 20260420.0 -1.0 83.1080049820838 57.30730441818252 0.08649553701397622 0.0815626590224952 1.5885328861675019 1.0 -1.0 -1.0 -1.0 -1.0 
218.55 30.87 20260420.0 -1.0 1.348363959193 75.59488446696756 0.035748294374042394 0.026265941041142528 0.9849855621872055 1.0 -1.0 -1.0 -1.0 -1.0 
218.55 30.87 20260420.0 -1.0 0.0021053258732772247 12.28813414502546 0.025819105619600408 0.07465056927482613 1.2610634257176958 2.0 -1.0 -1.0 -1.0 -1.0 
218.55 30.87 20260420.0 -1.0 0.005706995932595335 26.097123161454984 0.6782395925350981 0.03041319488974398 0.9686739267862189 8.0 -1.0 -1.0 -1.0 -1.0 
218.55 30.87 20260420.0 -1.0 4.292234700197 56.010379098396236 0.43889864132372547 0.009676925646736721 10.245436106244787 32.0 10.245436670317847 32.0 4.292238979057099 55.9624570082463 
218.55 30.87 20260420.0 -1.0 19.3830879941 46.45605156270445 0.010582845606754477 0.03317803078881161 2.2228404809139444 1.0 -1.0 -1.0 -1.0 -1.0 
218.55 30.87 20260420.0 -1.0 10.129015294167026 33.57077194669826 0.010985101660475756 0.019353851293473442 1.8344440143490421 16.0 -1.0 -1.0 -1.0 -1.0 
218.55 30.87 20260420.0 -1.0 1.195569 76.49993307142275 0.1481552588851499 0.03041319488974398 1.7892815840744287 1.0 -1.0 -1.0 -1.0 -1.0 
218.55 30.87 20260420.0 -1.0 0.700771 52.072951149117 0.09534500147295626 0.026265941041142528 1.3913479940438784 1.0 -1.0 -1.0 -1.0 -1.0 
218.55 30.87 20260420.0 -1.0 0.02153740016448467 0.0 0.13210282079320895 0.016589015394405805 0.25940729721751304 16.0 -1.0 -1.0 -1.0 -1.0 
218.55 30.87 20260420.0 -1.0 2.339783 13.327807063250848 0.025962196589983742 0.009676925646736721 1.6633056902101824 1.0 -1.0 -1.0 -1.0 -1.0 
218.55 30.87 20260420.0 -1.0 263.9807142255208 26.655614126501696 0.014825764651044081 0.05944397182995413 2.0588012966858704 1.0 -1.0 -1.0 -1.0 -1.0 
218.55 30.87 20260420.0 -1.0 0.29430830737650915 39.98342118975255 0.2628705744462246 0.012441761545804354 4.858105511784321 32.0 -1.0 -1.0 -1.0 -1.0 
218.55 30.87 20260420.0 -1.0 0.385545801862 79.9668423795051 0.8806320341568252 0.06635606157762322 1.2632772289249803 16.0 -1.0 -1.0 -1.0 -1.0 
218.55 30.87 20260420.0 -1.0 6.02617884891099 39.96209456578895 1.3065066096061997 0.022118687192541075 20.531697749637132 32.0 20.872255371060998 32.0 6.026190627987186 39.973183577318785 
218.55 30.87 20260420.0 -1.0 0.215973948926 38.77713402181155 1.947730894025813 0.031795612839277794 11.792844563162703 16.0 12.612261284442399 32.0 0.21597467518101138 40.5803711759616 
218.55 30.87 20260420.0 -1.0 0.0017518115885725878 21.861122476685384 4.257580972302213 0.052531882082285056 3.1748733691908235 2.0 -1.0 -1.0 -1.0 -1.0 
218.55 30.87 20260420.0 -1.0 0.007518919968011797 53.31122825300339 1.2439687799583798 0.022118687192541075 1.3993325977248923 2.0 -1.0 -1.0 -1.0 -1.0 
218.55 30.87 20260420.0 -1.0 0.0682556576466749 66.63903531625424 8.29262199356948 0.009676925646736721 109.50900489159856 32.0 110.42170380528889 32.0 0.06824241912302872 67.19542758313841 
218.55 30.87 20260420.0 -1.0 232.64926277734997 93.29464944275594 4.260523315412531 0.027648358990676344 21.798441779647444 1.0 21.798441849302336 1.0 232.649229777356 93.30449432477954 
218.55 30.87 20260420.0 -1.0 83.1080049820838 57.30730441818252 0.08649553701397622 0.0815626590224952 1.586813950109385 1.0 -1.0 -1.0 -1.0 -1.0 
218.55 30.87 20260420.0 -1.0 1.348363959193 75.59488446696756 0.035748294374042394 0.026265941041142528 0.9849855553169196 1.0 -1.0 -1.0 -1.0 -1.0 
218.55 30.87 20260420.0 -1.0 0.0021053258732772247 12.28813414502546 0.025819105619600408 0.07465056927482613 6.479128748615489 1.0 -1.0 -1.0 -1.0 -1.0 
218.55 30.87 20260420.0 -1.0 0.005706995932595335 26.097123161454984 0.6782395925350981 0.03041319488974398 0.9116992730378973 8.0 -1.0 -1.0 -1.0 -1.0 
218.55 30.87 20260420.0 -1.0 4.292234700197 56.010379098396236 0.43889864132372547 0.009676925646736721 10.24023229043508 32.0 10.240232878580988 32.0 4.292238979057099 55.9624570082463 
218.55 30.87 20260420.0 -1.0 19.3830879941 46.45605156270445 0.010582845606754477 0.03317803078881161 2.2218883108553196 1.0 -1.0 -1.0 -1.0 -1.0 
218.55 30.87 20260420.0 -1.0 10.129015294167026 33.57077194669826 0.010985101660475756 0.019353851293473442 1.8388630847467042 16.0 -1.0 -1.0 -1.0 -1.0 
218.55 30.87 20260420.0 -1.0 1.195569 76.49993307142275 0.1481552588851499 0.03041319488974398 2.102742160226189 2.0 -1.0 -1.0 -1.0 -1.0 
218.55 30.87 20260420.0 -1.0 0.700771 52.072951149117 0.09534500147295626 0.026265941041142528 1.3768460835536822 1.0 -1.0 -1.0 -1.0 -1.0 
218.55 30.87 20260420.0 -1.0 0.02153740016448467 0.0 0.13210282079320895 0.016589015394405805 0.2594227672704682 16.0 -1.0 -1.0 -1.0 -1.0 
218.55 30.87 20260420.0 -1.0 2.339783 13.327807063250848 0.025962196589983742 0.009676925646736721 1.6356239805903825 1.0 -1.0 -1.0 -1.0 -1.0 
218.55 30.87 20260420.0 -1.0 263.9807142255208 26.655614126501696 0.014825764651044081 0.05944397182995413 2.0580008318225684 1.0 -1.0 -1.0 -1.0 -1.0 
218.55 30.87 20260420.0 -1.0 0.29430830737650915 39.98342118975255 0.2628705744462246 0.012441761545804354 5.0930482856271295 32.0 -1.0 -1.0 -1.0 -1.0 
218.55 30.87 20260420.0 -1.0 0.385545801862 79.9668423795051 0.8806320341568252 0.06635606157762322 1.2481332820111608 16.0 -1.0 -1.0 -1.0 -1.0 
218.55 30.87 20260420.0 -1.0 6.02617884891099 39.96209456578895 1.3065066096061997 0.022118687192541075 20.541823515627375 32.0 20.882321371788304 32.0 6.026190627987186 39.973183577318785 
218.55 30.87 20260420.0 -1.0 0.215973948926 38.77713402181155 1.947730894025813 0.031795612839277794 12.534927210127085 16.0 13.20359103675072 32.0 0.21597467518101138 40.5803711759616 
218.55 30.87 20260420.0 -1.0 0.0017518115885725878 21.861122476685384 4.257580972302213 0.052531882082285056 6.595447801963698 2.0 -1.0 -1.0 -1.0 -1.0 
218.55 30.87 20260420.0 -1.0 0.007518919968011797 53.31122825300339 1.2439687799583798 0.022118687192541075 1.3848091637980557 2.0 -1.0 -1.0 -1.0 -1.0 
218.55 30.87 20260420.0 -1.0 0.0682556576466749 66.63903531625424 8.29262199356948 0.009676925646736721 112.46492144437582 32.0 113.18912485454258 32.0 0.06824241912302872 67.29662551624554 
218.55 30.87 20260420.0 -1.0 232.64926277734997 93.29464944275594 4.260523315412531 0.027648358990676344 21.804722906477256 1.0 21.804723094469864 1.0 232.649229777356 93.30449432477954 
218.55 30.87 20260420.0 -1.0 83.1080049820838 57.30730441818252 0.08649553701397622 0.0815626590224952 1.586813950109385 1.0 -1.0 -1.0 -1.0 -1.0 
218.55 30.87 20260420.0 -1.0 1.348363959193 75.59488446696756 0.035748294374042394 0.026265941041142528 0.9849855553169196 1.0 -1.0 -1.0 -1.0 -1.0 
218.55 30.87 20260420.0 -1.0 0.0021053258732772247 12.28813414502546 0.025819105619600408 0.07465056927482613 6.479128748615489 1.0 -1.0 -1.0 -1.0 -1.0 
218.55 30.87 20260420.0 -1.0 0.005706995932595335 26.097123161454984 0.6782395925350981 0.03041319488974398 0.9116992730378973 8.0 -1.0 -1.0 -1.0 -1.0 
218.55 30.87 20260420.0 -1.0 4.292234700197 56.010379098396236 0.43889864132372547 0.009676925646736721 10.24023229043508 32.0 10.240232878580988 32.0 4.292238979057099 55.9624570082463 
218.55 30.87 20260420.0 -1.0 19.3830879941 46.45605156270445 0.010582845606754477 0.03317803078881161 2.2218883108553196 1.0 -1.0 -1.0 -1.0 -1.0 
218.55 30.87 20260420.0 -1.0 10.129015294167026 33.57077194669826 0.010985101660475756 0.019353851293473442 1.8388630847467042 16.0 -1.0 -1.0 -1.0 -1.0 
218.55 30.87 20260420.0 -1.0 1.195569 76.49993307142275 0.1481552588851499 0.03041319488974398 2.102742160226189 2.0 -1.0 -1.0 -1.0 -1.0 
218.55 30.87 20260420.0 -1.0 0.700771 52.072951149117 0.09534500147295626 0.026265941041142528 1.3768460835536822 1.0 -1.0 -1.0 -1.0 -1.0 
218.55 30.87 20260420.0 -1.0 0.02153740016448467 0.0 0.13210282079320895 0.016589015394405805 0.2594227672704682 16.0 -1.0 -1.0 -1.0 -1.0 
218.55 30.87 20260420.0 -1.0 2.339783 13.327807063250848 0.025962196589983742 0.009676925646736721 1.6356239805903825 1.0 -1.0 -1.0 -1.0 -1.0 
218.55 30.87 20260420.0 -1.0 263.9807142255208 26.655614126501696 0.014825764651044081 0.05944397182995413 2.0580008318225684 1.0 -1.0 -1.0 -1.0 -1.0 
218.55 30.87 20260420.0 -1.0 0.29430830737650915 39.98342118975255 0.2628705744462246 0.012441761545804354 5.0930482856271295 32.0 -1.0 -1.0 -1.0 -1.0 
218.55 30.87 20260420.0 -1.0 0.385545801862 79.9668423795051 0.8806320341568252 0.06635606157762322 1.2481332820111608 16.0 -1.0 -1.0 -1.0 -1.0 
218.55 30.87 20260420.0 -1.0 6.02617884891099 39.96209456578895 1.3065066096061997 0.022118687192541075 20.541823515627375 32.0 20.882321371788304 32.0 6.026190627987186 39.973183577318785 
218.55 30.87 20260420.0 -1.0 0.215973948926 38.77713402181155 1.947730894025813 0.031795612839277794 12.534927210127085 16.0 13.20359103675072 32.0 0.21597467518101138 40.5803711759616 
218.55 30.87 20260420.0 -1.0 0.0017518115885725878 21.861122476685384 4.257580972302213 0.052531882082285056 6.595447801963698 2.0 -1.0 -1.0 -1.0 -1.0 
218.55 30.87 20260420.0 -1.0 0.007518919968011797 53.31122825300339 1.2439687799583798 0.022118687192541075 1.3848091637980557 2.0 -1.0 -1.0 -1.0 -1.0 
218.55 30.87 20260420.0 -1.0 0.0682556576466749 66.63903531625424 8.29262199356948 0.009676925646736721 112.46492144437582 32.0 113.18912485454258 32.0 0.06824241912302872 67.29662551624554 
218.55 30.87 20260420.0 -1.0 232.64926277734997 93.29464944275594 4.260523315412531 0.027648358990676344 21.804722906477256 1.0 21.804723094469864 1.0 232.649229777356 93.30449432477954 
218.92 30.87 20260420.0 -1.0 66.04697648686016 18.656764617406463 0.34178529631750376 0.031795612839277794 2.2578237713635563 2.0 -1.0 -1.0 -1.0 -1.0 
218.92 30.87 20260420.0 -1.0 0.001190804140741943 18.25504159359651 0.22518281997730039 0.06082638977948796 2.0751573800881165 2.0 -1.0 -1.0 -1.0 -1.0 
218.92 30.87 20260420.0 -1.0 143.5961701962213 68.9375393649686 0.2211742042623624 0.020736269243007262 1.8940925342808328 1.0 -1.0 -1.0 -1.0 -1.0 
218.92 30.87 20260420.0 -1.0 0.2321160610787 20.441162234794863 0.015262242925517455 0.01520659744487199 0.5921136958963055 32.0 -1.0 -1.0 -1.0 -1.0 
218.92 30.87 20260420.0 -1.0 0.0051582216507230555 58.85709418610952 0.06967617614873729 0.038707702586946884 1.0339619424500952 4.0 -1.0 -1.0 -1.0 -1.0 
218.92 30.87 20260420.0 -1.0 0.0012410878415065833 75.76683076973781 0.22831574050845846 0.031795612839277794 2.456527715042269 2.0 -1.0 -1.0 -1.0 -1.0 
218.92 30.87 20260420.0 -1.0 23.90555115685 50.20603558034168 0.41644912717543897 0.011059343596270537 6.8489802156983846 16.0 -1.0 -1.0 -1.0 -1.0 
218.92 30.87 20260420.0 -1.0 2.6716878429782267 0.0 0.28618420759827207 0.019353851293473442 3.6367788508446655 32.0 -1.0 -1.0 -1.0 -1.0 
218.92 30.87 20260420.0 -1.0 182.77088751407 26.689890465619463 0.4269362550790592 0.016589015394405805 2.573921143741292 2.0 -1.0 -1.0 -1.0 -1.0 
218.92 30.87 20260420.0 -1.0 0.1011112983493 40.03483569842919 0.013674567248957504 0.011059343596270537 1.5314925583756231 1.0 -1.0 -1.0 -1.0 -1.0 
218.92 30.87 20260420.0 -1.0 3.3591743451 53.379780931238926 0.4328761281083059 0.05391430003181888 2.4314445938789735 4.0 -1.0 -1.0 -1.0 -1.0 
218.92 30.87 20260420.0 -1.0 0.09372355201430972 80.06967139685838 0.477493975820045 0.022118687192541075 4.189141968065389 16.0 -1.0 -1.0 -1.0 -1.0 
218.92 30.87 20260420.0 -1.0 0.012181879120101153 93.41461662966812 0.4234115261660171 0.012441761545804354 1.5717424096654116 4.0 -1.0 -1.0 -1.0 -1.0 
218.92 30.87 20260420.0 -1.0 10.094892 66.86352747460093 4.1933610431463055 0.016589015394405805 73.46350724932657 32.0 73.46350674925432 32.0 10.0948758093485 66.89183378381699 
218.92 30.87 20260420.0 -1.0 29.281723720712563 43.199238653423876 1.4155170065518718 0.038707702586946884 8.800451756693839 8.0 8.80045127946592 8.0 29.281727620400492 43.21151743674714 
218.92 30.87 20260420.0 -1.0 0.776096931576026 82.5587525908968 2.905670235181032 0.022118687192541075 61.62107591749957 32.0 61.69299797678455 32.0 0.7761021455128988 82.77990928163737 
218.92 30.87 20260420.0 -1.0 363.32402573159436 14.228468959594414 3.0580779044313364 0.0483846282336836 6.502044774861138 1.0 -1.0 -1.0 -1.0 -1.0 
218.92 30.87 20260420.0 -1.0 0.25289554358893185 79.42904996354018 1.0969934144688585 0.027648358990676344 9.561368551976415 16.0 9.84386328022609 16.0 0.25290016007299226 78.63079402424479 
218.92 30.87 20260420.0 -1.0 1.917709448046 13.344945232809732 2.191967362578587 0.015206597444871989 45.74464806470663 32.0 46.1365512797182 32.0 1.9176998951782784 13.256929237034837 
218.92 30.87 20260420.0 -1.0 2.2431095533 66.72472616404866 1.137118121254629 0.016589015394405805 26.07430325564356 32.0 26.074304530081406 32.0 2.243117099472632 66.68943791760272 
218.92 30.87 20260420.0 -1.0 66.04697648686016 18.656764617406463 0.34178529631750376 0.031795612839277794 2.258212882996021 2.0 -1.0 -1.0 -1.0 -1.0 
218.92 30.87 20260420.0 -1.0 0.001190804140741943 18.25504159359651 0.22518281997730039 0.06082638977948796 2.0751574597721363 2.0 -1.0 -1.0 -1.0 -1.0 
218.92 30.87 20260420.0 -1.0 143.5961701962213 68.9375393649686 0.2211742042623624 0.020736269243007262 1.8936310120311561 1.0 -1.0 -1.0 -1.0 -1.0 
218.92 30.87 20260420.0 -1.0 0.2321160610787 20.441162234794863 0.015262242925517455 0.01520659744487199 0.5921139470067867 32.0 -1.0 -1.0 -1.0 -1.0 
218.92 30.87 20260420.0 -1.0 0.0051582216507230555 58.85709418610952 0.06967617614873729 0.038707702586946884 1.0339632481234726 4.0 -1.0 -1.0 -1.0 -1.0 
218.92 30.87 20260420.0 -1.0 0.0012410878415065833 75.76683076973781 0.22831574050845846 0.031795612839277794 2.4565428142560526 2.0 -1.0 -1.0 -1.0 -1.0 
218.92 30.87 20260420.0 -1.0 23.90555115685 50.20603558034168 0.41644912717543897 0.011059343596270537 6.848528160546697 16.0 -1.0 -1.0 -1.0 -1.0 
218.92 30.87 20260420.0 -1.0 2.6716878429782267 0.0 0.28618420759827207 0.019353851293473442 3.6387045812176626 32.0 -1.0 -1.0 -1.0 -1.0 
218.92 30.87 20260420.0 -1.0 182.77088751407 26.689890465619463 0.4269362550790592 0.016589015394405805 2.5730041012058553 2.0 -1.0 -1.0 -1.0 -1.0 
218.92 30.87 20260420.0 -1.0 0.1011112983493 40.03483569842919 0.013674567248957504 0.011059343596270537 1.5314925583708607 1.0 -1.0 -1.0 -1.0 -1.0 
218.92 30.87 20260420.0 -1.0 3.3591743451 53.379780931238926 0.4328761281083059 0.05391430003181888 2.4317168069013833 4.0 -1.0 -1.0 -1.0 -1.0 
218.92 30.87 20260420.0 -1.0 0.09372355201430972 80.06967139685838 0.477493975820045 0.022118687192541075 4.189141968065389 16.0 -1.0 -1.0 -1.0 -1.0 
218.92 30.87 20260420.0 -1.0 0.012181879120101153 93.41461662966812 0.4234115261660171 0.012441761545804354 1.571737243543567 4.0 -1.0 -1.0 -1.0 -1.0 
218.92 30.87 20260420.0 -1.0 10.094892 66.86352747460093 4.1933610431463055 0.016589015394405805 73.44525476466264 32.0 73.44525943952226 32.0 10.0948758093485 66.89183378381699 
218.92 30.87 20260420.0 -1.0 29.281723720712563 43.199238653423876 1.4155170065518718 0.038707702586946884 8.802410221964411 8.0 8.802410218065056 8.0 29.281727620400492 43.21151743674714 
218.92 30.87 20260420.0 -1.0 0.776096931576026 82.5587525908968 2.905670235181032 0.022118687192541075 61.63785943147691 32.0 61.71127247034147 32.0 0.7761021455128988 82.77990928163737 
218.92 30.87 20260420.0 -1.0 363.32402573159436 14.228468959594414 3.0580779044313364 0.0483846282336836 6.500724163017357 1.0 -1.0 -1.0 -1.0 -1.0 
218.92 30.87 20260420.0 -1.0 0.25289554358893185 79.42904996354018 1.0969934144688585 0.027648358990676344 9.560857461203957 16.0 9.843666005755386 16.0 0.25290016007299226 78.63079402424479 
218.92 30.87 20260420.0 -1.0 1.917709448046 13.344945232809732 2.191967362578587 0.015206597444871989 45.73457603198281 32.0 46.13979807095602 32.0 1.9176998951782784 13.256929237034837 
218.92 30.87 20260420.0 -1.0 2.2431095533 66.72472616404866 1.137118121254629 0.016589015394405805 26.07771393162986 32.0 26.077714253573262 32.0 2.243117099472632 66.68943791760272 
218.92 30.87 20260420.0 -1.0 66.04697648686016 18.656764617406463 0.34178529631750376 0.031795612839277794 2.258212882996021 2.0 -1.0 -1.0 -1.0 -1.0 
218.92 30.87 20260420.0 -1.0 0.001190804140741943 18.25504159359651 0.22518281997730039 0.06082638977948796 2.0751574597721363 2.0 -1.0 -1.0 -1.0 -1.0 
218.92 30.87 20260420.0 -1.0 143.5961701962213 68.9375393649686 0.2211742042623624 0.020736269243007262 1.8936310120311561 1.0 -1.0 -1.0 -1.0 -1.0 
218.92 30.87 20260420.0 -1.0 0.2321160610787 20.441162234794863 0.015262242925517455 0.01520659744487199 0.5921139470067867 32.0 -1.0 -1.0 -1.0 -1.0 
218.92 30.87 20260420.0 -1.0 0.0051582216507230555 58.85709418610952 0.06967617614873729 0.038707702586946884 1.0339632481234726 4.0 -1.0 -1.0 -1.0 -1.0 
218.92 30.87 20260420.0 -1.0 0.0012410878415065833 75.76683076973781 0.22831574050845846 0.031795612839277794 2.4565428142560526 2.0 -1.0 -1.0 -1.0 -1.0 
218.92 30.87 20260420.0 -1.0 23.90555115685 50.20603558034168 0.41644912717543897 0.011059343596270537 6.848528160546697 16.0 -1.0 -1.0 -1.0 -1.0 
218.92 30.87 20260420.0 -1.0 2.6716878429782267 0.0 0.28618420759827207 0.019353851293473442 3.6387045812176626 32.0 -1.0 -1.0 -1.0 -1.0 
218.92 30.87 20260420.0 -1.0 182.77088751407 26.689890465619463 0.4269362550790592 0.016589015394405805 2.5730041012058553 2.0 -1.0 -1.0 -1.0 -1.0 
218.92 30.87 20260420.0 -1.0 0.1011112983493 40.03483569842919 0.013674567248957504 0.011059343596270537 1.5314925583708607 1.0 -1.0 -1.0 -1.0 -1.0 
218.92 30.87 20260420.0 -1.0 3.3591743451 53.379780931238926 0.4328761281083059 0.05391430003181888 2.4317168069013833 4.0 -1.0 -1.0 -1.0 -1.0 
218.92 30.87 20260420.0 -1.0 0.09372355201430972 80.06967139685838 0.477493975820045 0.022118687192541075 4.189141968065389 16.0 -1.0 -1.0 -1.0 -1.0 
218.92 30.87 20260420.0 -1.0 0.012181879120101153 93.41461662966812 0.4234115261660171 0.012441761545804354 1.571737243543567 4.0 -1.0 -1.0 -1.0 -1.0 
218.92 30.87 20260420.0 -1.0 10.094892 66.86352747460093 4.1933610431463055 0.016589015394405805 73.44525476466264 32.0 73.44525943952226 32.0 10.0948758093485 66.89183378381699 
218.92 30.87 20260420.0 -1.0 29.281723720712563 43.199238653423876 1.4155170065518718 0.038707702586946884 8.802410221964411 8.0 8.802410218065056 8.0 29.281727620400492 43.21151743674714 
218.92 30.87 20260420.0 -1.0 0.776096931576026 82.5587525908968 2.905670235181032 0.022118687192541075 61.63785943147691 32.0 61.71127247034147 32.0 0.7761021455128988 82.77990928163737 
218.92 30.87 20260420.0 -1.0 363.32402573159436 14.228468959594414 3.0580779044313364 0.0483846282336836 6.500724163017357 1.0 -1.0 -1.0 -1.0 -1.0 
218.92 30.87 20260420.0 -1.0 0.25289554358893185 79.42904996354018 1.0969934144688585 0.027648358990676344 9.560857461203957 16.0 9.843666005755386 16.0 0.25290016007299226 78.63079402424479 
218.92 30.87 20260420.0 -1.0 1.917709448046 13.344945232809732 2.191967362578587 0.015206597444871989 45.73457603198281 32.0 46.13979807095602 32.0 1.9176998951782784 13.256929237034837 
218.92 30.87 20260420.0 -1.0 2.2431095533 66.72472616404866 1.137118121254629 0.016589015394405805 26.07771393162986 32.0 26.077714253573262 32.0 2.243117099472632 66.68943791760272 
255.31 62.65 20260420.0 -1.0 10.0340320774 73.67723700592947 0.4745343190721831 0.012441761545804354 8.403281293478454 16.0 8.403280763194163 16.0 10.03403061379989 73.67209530199511 
255.31 62.65 20260420.0 -1.0 1.078749 67.7256679149348 0.6191261931146324 0.019353851293473442 6.606840674876281 32.0 7.181159831017227 32.0 1.0787213492828112 67.80261518178122 
255.31 62.65 20260420.0 -1.0 0.4500881198 2.4709639529576055 0.6010047269665363 0.013824179495338172 2.53595767615352 32.0 -1.0 -1.0 -1.0 -1.0 
255.31 62.65 20260420.0 -1.0 482.506719 107.24780640982124 0.06977251350936198 0.022118687192541075 1.992919168310542 1.0 -1.0 -1.0 -1.0 -1.0 
255.31 62.65 20260420.0 -1.0 0.915751 18.976319942874884 0.027079663559419802 0.03456044873834543 1.254485384672341 8.0 -1.0 -1.0 -1.0 -1.0 
255.31 62.65 20260420.0 -1.0 0.300752 37.95263988574977 0.17034254530816365 0.09400442056829957 0.6474184508156716 1.0 -1.0 -1.0 -1.0 -1.0 
255.31 62.65 20260420.0 -1.0 247.586036 75.90527977149954 0.037235491920474366 0.01520659744487199 0.8976453254264455 2.0 -1.0 -1.0 -1.0 -1.0 
255.31 62.65 20260420.0 -1.0 438.6537523189659 94.88159971437442 0.020385948985942075 0.017971433343939622 0.4432377228370553 1.0 -1.0 -1.0 -1.0 -1.0 
255.31 62.65 20260420.0 -1.0 1.00399242379 113.85791965724931 0.21589044591006173 0.1382417949533817 -1.1188484657378743 8.0 -1.0 -1.0 -1.0 -1.0 
255.31 62.65 20260420.0 -1.0 5.889291150830903 111.97717827677235 1.399956726105786 0.04423737438508215 8.881077585989958 8.0 8.881077576077553 8.0 5.889281358880302 112.02611194959972 
255.31 62.65 20260420.0 -1.0 22.74195160898362 91.47880526917244 1.4067431901849532 0.07603298722435994 3.966909289400171 8.0 -1.0 -1.0 -1.0 -1.0 
255.31 62.65 20260420.0 -1.0 1.721620624335 47.32028817438167 3.948750064113599 0.01520659744487199 106.91693167199529 32.0 106.96603028732811 32.0 1.721612837476035 47.360632694139724 
255.31 62.65 20260420.0 -1.0 0.661590720545 1.673878806842249 1.0473745339986351 0.008294507697202903 15.484681983852308 32.0 16.267380521170498 32.0 0.6615967625596871 2.023958662142723 
255.31 62.65 20260420.0 -1.0 282.779107035 46.29736223686697 9.541089281125663 0.017971433343939625 33.14498384823972 1.0 32.96652457119995 2.0 141.389318741858 46.24745542996122 
255.31 62.65 20260420.0 -1.0 0.008092602993038956 56.95173368994224 5.032342333122352 0.03041319488974398 3.929036286797207 2.0 -1.0 -1.0 -1.0 -1.0 
255.31 62.65 20260420.0 -1.0 23.377739826307373 31.37858525207454 4.073436927058742 0.026265941041142528 47.770608483768235 16.0 47.770607882129944 16.0 23.377773080331586 31.37135926321221 
255.31 62.65 20260420.0 -1.0 0.018506825616450274 8.077129480635614 3.550218032003879 0.10091651031596865 1.5444126007305 1.0 -1.0 -1.0 -1.0 -1.0 
255.31 62.65 20260420.0 -1.0 1.30177050713 0.0 2.0683858742459553 0.06359122567855559 5.543238356554895 8.0 -1.0 -1.0 -1.0 -1.0 
255.31 62.65 20260420.0 -1.0 0.3635877509649204 56.928959828624656 3.3362018990225044 0.031795612839277794 29.400135513247996 16.0 31.565943076598465 32.0 0.36358566527875763 57.37922807174619 
255.31 62.65 20260420.0 -1.0 1.56682392 132.8342396001242 1.7681729913172577 0.029030776940210154 17.745894856263185 16.0 18.44672617423097 16.0 1.5668168392342827 132.56929237034836 
255.31 62.65 20260420.0 -1.0 10.0340320774 73.67723700592947 0.4745343190721831 0.012441761545804354 8.400992930396118 16.0 8.40099335817348 16.0 10.03403061379989 73.67209530199511 
255.31 62.65 20260420.0 -1.0 1.078749 67.7256679149348 0.6191261931146324 0.019353851293473442 6.599565082605954 32.0 7.180371658252609 32.0 1.0787213492828112 67.80261518178122 
255.31 62.65 20260420.0 -1.0 0.4500881198 2.4709639529576055 0.6010047269665363 0.013824179495338172 4.294315759410312 32.0 -1.0 -1.0 -1.0 -1.0 
255.31 62.65 20260420.0 -1.0 482.506719 107.24780640982124 0.06977251350936198 0.022118687192541075 1.991145744710579 1.0 -1.0 -1.0 -1.0 -1.0 
255.31 62.65 20260420.0 -1.0 0.915751 18.976319942874884 0.027079663559419802 0.03456044873834543 1.2199247433562488 8.0 -1.0 -1.0 -1.0 -1.0 
255.31 62.65 20260420.0 -1.0 0.300752 37.95263988574977 0.17034254530816365 0.09400442056829957 0.6474184508691049 1.0 -1.0 -1.0 -1.0 -1.0 
255.31 62.65 20260420.0 -1.0 247.586036 75.90527977149954 0.037235491920474366 0.01520659744487199 0.8954955913603911 2.0 -1.0 -1.0 -1.0 -1.0 
255.31 62.65 20260420.0 -1.0 438.6537523189659 94.88159971437442 0.020385948985942075 0.017971433343939622 0.44308304412326843 1.0 -1.0 -1.0 -1.0 -1.0 
255.31 62.65 20260420.0 -1.0 1.00399242379 113.85791965724931 0.21589044591006173 0.1382417949533817 -0.5482684343790022 8.0 -1.0 -1.0 -1.0 -1.0 
255.31 62.65 20260420.0 -1.0 5.889291150830903 111.97717827677235 1.399956726105786 0.04423737438508215 8.868758293735409 8.0 8.868758467925828 8.0 5.889281358880302 112.02611194959972 
255.31 62.65 20260420.0 -1.0 22.74195160898362 91.47880526917244 1.4067431901849532 0.07603298722435994 3.9664373197452494 8.0 -1.0 -1.0 -1.0 -1.0 
255.31 62.65 20260420.0 -1.0 1.721620624335 47.32028817438167 3.948750064113599 0.01520659744487199 106.86942761806692 32.0 106.91853669635063 32.0 1.721612837476035 47.360632694139724 
255.31 62.65 20260420.0 -1.0 0.661590720545 1.673878806842249 1.0473745339986351 0.008294507697202903 15.824602842674942 32.0 16.45978228190259 32.0 0.6615967625596871 2.023958662142723 
255.31 62.65 20260420.0 -1.0 282.779107035 46.29736223686697 9.541089281125663 0.017971433343939625 33.147369324959776 1.0 32.968915573755076 2.0 141.389318741858 46.24745542996122 
255.31 62.65 20260420.0 -1.0 0.008092602993038956 56.95173368994224 5.032342333122352 0.03041319488974398 3.9294186878447968 2.0 -1.0 -1.0 -1.0 -1.0 
255.31 62.65 20260420.0 -1.0 23.377739826307373 31.37858525207454 4.073436927058742 0.026265941041142528 47.77565631935692 16.0 47.77565604678962 16.0 23.377773080331586 31.37135926321221 
255.31 62.65 20260420.0 -1.0 0.018506825616450274 8.077129480635614 3.550218032003879 0.10091651031596865 1.5443704291999523 1.0 -1.0 -1.0 -1.0 -1.0 
255.31 62.65 20260420.0 -1.0 1.30177050713 0.0 2.0683858742459553 0.06359122567855559 5.496251498418144 8.0 -1.0 -1.0 -1.0 -1.0 
255.31 62.65 20260420.0 -1.0 0.3635877509649204 56.928959828624656 3.3362018990225044 0.031795612839277794 29.15080965249946 16.0 31.38936643829236 32.0 0.36358566527875763 57.37922807174619 
255.31 62.65 20260420.0 -1.0 1.56682392 132.8342396001242 1.7681729913172577 0.029030776940210154 17.73621965593928 16.0 18.431801636759808 16.0 1.5668168392342827 132.56929237034836 
255.31 62.65 20260420.0 -1.0 10.0340320774 73.67723700592947 0.4745343190721831 0.012441761545804354 8.400992930396118 16.0 8.40099335817348 16.0 10.03403061379989 73.67209530199511 
255.31 62.65 20260420.0 -1.0 1.078749 67.7256679149348 0.6191261931146324 0.019353851293473442 6.599565082605954 32.0 7.180371658252609 32.0 1.0787213492828112 67.80261518178122 
255.31 62.65 20260420.0 -1.0 0.4500881198 2.4709639529576055 0.6010047269665363 0.013824179495338172 4.294315759410312 32.0 -1.0 -1.0 -1.0 -1.0 
255.31 62.65 20260420.0 -1.0 482.506719 107.24780640982124 0.06977251350936198 0.022118687192541075 1.991145744710579 1.0 -1.0 -1.0 -1.0 -1.0 
255.31 62.65 20260420.0 -1.0 0.915751 18.976319942874884 0.027079663559419802 0.03456044873834543 1.2199247433562488 8.0 -1.0 -1.0 -1.0 -1.0 
255.31 62.65 20260420.0 -1.0 0.300752 37.95263988574977 0.17034254530816365 0.09400442056829957 0.6474184508691049 1.0 -1.0 -1.0 -1.0 -1.0 
255.31 62.65 20260420.0 -1.0 247.586036 75.90527977149954 0.037235491920474366 0.01520659744487199 0.8954955913603911 2.0 -1.0 -1.0 -1.0 -1.0 
255.31 62.65 20260420.0 -1.0 438.6537523189659 94.88159971437442 0.020385948985942075 0.017971433343939622 0.44308304412326843 1.0 -1.0 -1.0 -1.0 -1.0 
255.31 62.65 20260420.0 -1.0 1.00399242379 113.85791965724931 0.21589044591006173 0.1382417949533817 -0.5482684343790022 8.0 -1.0 -1.0 -1.0 -1.0 
255.31 62.65 20260420.0 -1.0 5.889291150830903 111.97717827677235 1.399956726105786 0.04423737438508215 8.868758293735409 8.0 8.868758467925828 8.0 5.889281358880302 112.02611194959972 
255.31 62.65 20260420.0 -1.0 22.74195160898362 91.47880526917244 1.4067431901849532 0.07603298722435994 3.9664373197452494 8.0 -1.0 -1.0 -1.0 -1.0 
255.31 62.65 20260420.0 -1.0 1.721620624335 47.32028817438167 3.948750064113599 0.01520659744487199 106.86942761806692 32.0 106.91853669635063 32.0 1.721612837476035 47.360632694139724 
255.31 62.65 20260420.0 -1.0 0.661590720545 1.673878806842249 1.0473745339986351 0.008294507697202903 15.824602842674942 32.0 16.45978228190259 32.0 0.6615967625596871 2.023958662142723 
255.31 62.65 20260420.0 -1.0 282.779107035 46.29736223686697 9.541089281125663 0.017971433343939625 33.147369324959776 1.0 32.968915573755076 2.0 141.389318741858 46.24745542996122 
255.31 62.65 20260420.0 -1.0 0.008092602993038956 56.95173368994224 5.032342333122352 0.03041319488974398 3.9294186878447968 2.0 -1.0 -1.0 -1.0 -1.0 
255.31 62.65 20260420.0 -1.0 23.377739826307373 31.37858525207454 4.073436927058742 0.026265941041142528 47.77565631935692 16.0 47.77565604678962 16.0 23.377773080331586 31.37135926321221 
255.31 62.65 20260420.0 -1.0 0.018506825616450274 8.077129480635614 3.550218032003879 0.10091651031596865 1.5443704291999523 1.0 -1.0 -1.0 -1.0 -1.0 
255.31 62.65 20260420.0 -1.0 1.30177050713 0.0 2.0683858742459553 0.06359122567855559 5.496251498418144 8.0 -1.0 -1.0 -1.0 -1.0 
255.31 62.65 20260420.0 -1.0 0.3635877509649204 56.928959828624656 3.3362018990225044 0.031795612839277794 29.15080965249946 16.0 31.38936643829236 32.0 0.36358566527875763 57.37922807174619 
255.31 62.65 20260420.0 -1.0 1.56682392 132.8342396001242 1.7681729913172577 0.029030776940210154 17.73621965593928 16.0 18.431801636759808 16.0 1.5668168392342827 132.56929237034836 
256.01 62.65 20260420.0 -1.0 2.70735 81.81312563332041 5.095311235830817 0.016589015394405805 98.50420588539521 32.0 99.00058658453278 32.0 2.707353511747594 81.86912788367314 
256.01 62.65 20260420.0 -1.0 0.57061078387 89.77440289543814 7.138144882132064 0.017971433343939622 146.1037669906132 32.0 84.88762705224893 32.0 0.8559254638385029 89.66136873292263 
256.01 62.65 20260420.0 -1.0 4.2711051512 76.19508144906935 5.601119358563683 0.026265941041142528 83.19442985218897 32.0 83.30931561712855 32.0 4.271108385485908 76.20204362967353 
256.01 62.65 20260420.0 -1.0 2.70735 81.81312563332041 5.095311235830817 0.016589015394405805 98.50420588539521 32.0 99.00058658453278 32.0 2.707353511747594 81.86912788367314 
256.01 62.65 20260420.0 -1.0 0.57061078387 89.77440289543814 7.138144882132064 0.017971433343939622 146.1037669906132 32.0 84.88762705224893 32.0 0.8559254638385029 89.66136873292263 
256.01 62.65 20260420.0 -1.0 4.2711051512 76.19508144906935 5.601119358563683 0.026265941041142528 83.19442985218897 32.0 83.30931561712855 32.0 4.271108385485908 76.20204362967353 
256.01 62.65 20260420.0 -1.0 2.70735 81.81312563332041 5.095311235830817 0.016589015394405805 98.50420588539521 32.0 99.00058658453278 32.0 2.707353511747594 81.86912788367314 
256.01 62.65 20260420.0 -1.0 0.57061078387 89.77440289543814 7.138144882132064 0.017971433343939622 146.1037669906132 32.0 84.88762705224893 32.0 0.8559254638385029 89.66136873292263 
256.01 62.65 20260420.0 -1.0 4.2711051512 76.19508144906935 5.601119358563683 0.026265941041142528 83.19442985218897 32.0 83.30931561712855 32.0 4.271108385485908 76.20204362967353 
282.14 13.24 20260420.0 -1.0 2.06709800946 46.19597337806294 0.065430701748217 0.013824179495338174 2.1344394116641285 1.0 -1.0 -1.0 -1.0 -1.0 
282.14 13.24 20260420.0 -1.0 12.117230277075379 54.43504904239787 0.4751904311947493 0.011059343596270537 4.384934309748531 16.0 -1.0 -1.0 -1.0 -1.0 
282.14 13.24 20260420.0 -1.0 1.73619728331 36.43290683940015 0.29850217145225044 0.027648358990676344 0.9325451491794322 32.0 -1.0 -1.0 -1.0 -1.0 
282.14 13.24 20260420.0 -1.0 0.04857911289032549 29.95594562350679 0.7781962056190481 0.024883523091608708 2.217958483541606 1.0 -1.0 -1.0 -1.0 -1.0 
282.14 13.24 20260420.0 -1.0 12.513360302752432 91.29657831520272 0.015820489688171065 0.04147253848601452 -0.8404038384345923 32.0 -1.0 -1.0 -1.0 -1.0 
282.14 13.24 20260420.0 -1.0 150.34910263393004 15.239908743278495 0.8145000008709293 0.01382417949533817 0.6258818920372603 2.0 -1.0 -1.0 -1.0 -1.0 
282.14 13.24 20260420.0 -1.0 383.339448073778 7.19133193823454 0.6035011024807174 0.03732528463741307 0.8597950322358455 1.0 -1.0 -1.0 -1.0 -1.0 
282.14 13.24 20260420.0 -1.0 0.415809 27.765208741660505 0.05785970800743583 0.012441761545804354 1.3398842736629215 1.0 -1.0 -1.0 -1.0 -1.0 
282.14 13.24 20260420.0 -1.0 1.555307 46.719845241113134 0.15410572815741164 0.02073626924300726 1.5483064112856058 16.0 -1.0 -1.0 -1.0 -1.0 
282.14 13.24 20260420.0 -1.0 37.702100452867 136.05700671789435 0.03387294721081126 0.009676925646736721 1.3105858911416166 8.0 -1.0 -1.0 -1.0 -1.0 
282.14 13.24 20260420.0 -1.0 2.726751158543 204.08551007684153 0.014213965975708936 0.029030776940210157 0.9630988116943873 1.0 -1.0 -1.0 -1.0 -1.0 
282.14 13.24 20260420.0 -1.0 428.6895106469847 272.1140134357887 0.02276856886482728 0.01520659744487199 3.147403275218583 1.0 -1.0 -1.0 -1.0 -1.0 
282.14 13.24 20260420.0 -1.0 1.055928358822309 408.17102015368306 0.020371870326560237 0.06773847952715704 1.339206332836441 1.0 -1.0 -1.0 -1.0 -1.0 
282.14 13.24 20260420.0 -1.0 2.185717553667 476.1995235126302 0.23601374365373645 0.011059343596270537 0.44709369466678595 1.0 -1.0 -1.0 -1.0 -1.0 
282.14 13.24 20260420.0 -1.0 0.24168959255 56.149538776016705 2.7418507101288534 0.049767046183217416 6.387682651095459 32.0 6.555448920325665 32.0 0.24168305875112614 55.861259075139166 
282.14 13.24 20260420.0 -1.0 0.004535421422424813 94.72555778244039 2.007845414129436 0.02073626924300726 1.7512226545616207 1.0 -1.0 -1.0 -1.0 -1.0 
282.14 13.24 20260420.0 -1.0 234.79739665614056 100.91677070939728 4.858124572854598 0.024883523091608708 15.843926995734822 1.0 15.843926938539568 1.0 234.79709246506295 100.89433930781473 
282.14 13.24 20260420.0 -1.0 0.4135153129744352 0.0 1.95852533081917 0.006912089747669086 22.913411461790876 32.0 -1.0 -1.0 -1.0 -1.0 
282.14 13.24 20260420.0 -1.0 5.28836132017 68.02850335894718 3.8146802935686224 0.011059343596270537 77.98912270759568 32.0 78.10850040339115 32.0 5.2883478929288685 68.00501104799548 
282.14 13.24 20260420.0 -1.0 3.070937017275 340.1425167947359 2.905670235181032 0.012441761545804354 40.681557061078124 32.0 40.76601378248747 32.0 3.0709391770263514 340.12625317308465 
282.14 13.24 20260420.0 -1.0 2.06709800946 46.19597337806294 0.065430701748217 0.013824179495338174 2.13443946844335 1.0 -1.0 -1.0 -1.0 -1.0 
282.14 13.24 20260420.0 -1.0 12.117230277075379 54.43504904239787 0.4751904311947493 0.011059343596270537 4.384819864562958 16.0 -1.0 -1.0 -1.0 -1.0 
282.14 13.24 20260420.0 -1.0 1.73619728331 36.43290683940015 0.29850217145225044 0.027648358990676344 0.9290805460493888 32.0 -1.0 -1.0 -1.0 -1.0 
282.14 13.24 20260420.0 -1.0 0.04857911289032549 29.95594562350679 0.7781962056190481 0.024883523091608708 2.217958478375394 1.0 -1.0 -1.0 -1.0 -1.0 
282.14 13.24 20260420.0 -1.0 12.513360302752432 91.29657831520272 0.015820489688171065 0.04147253848601452 -0.8403574923215961 32.0 -1.0 -1.0 -1.0 -1.0 
282.14 13.24 20260420.0 -1.0 150.34910263393004 15.239908743278495 0.8145000008709293 0.01382417949533817 2.729422710312965 1.0 -1.0 -1.0 -1.0 -1.0 
282.14 13.24 20260420.0 -1.0 383.339448073778 7.19133193823454 0.6035011024807174 0.03732528463741307 0.8580272533081157 1.0 -1.0 -1.0 -1.0 -1.0 
282.14 13.24 20260420.0 -1.0 0.415809 27.765208741660505 0.05785970800743583 0.012441761545804354 1.3398842694938167 1.0 -1.0 -1.0 -1.0 -1.0 
282.14 13.24 20260420.0 -1.0 1.555307 46.719845241113134 0.15410572815741164 0.02073626924300726 1.5484720328359638 16.0 -1.0 -1.0 -1.0 -1.0 
282.14 13.24 20260420.0 -1.0 37.702100452867 136.05700671789435 0.03387294721081126 0.009676925646736721 2.09882221873156 4.0 -1.0 -1.0 -1.0 -1.0 
282.14 13.24 20260420.0 -1.0 2.726751158543 204.08551007684153 0.014213965975708936 0.029030776940210157 0.9566183394107148 1.0 -1.0 -1.0 -1.0 -1.0 
282.14 13.24 20260420.0 -1.0 428.6895106469847 272.1140134357887 0.02276856886482728 0.01520659744487199 3.147455280338039 1.0 -1.0 -1.0 -1.0 -1.0 
282.14 13.24 20260420.0 -1.0 1.055928358822309 408.17102015368306 0.020371870326560237 0.06773847952715704 1.3392063328532322 1.0 -1.0 -1.0 -1.0 -1.0 
282.14 13.24 20260420.0 -1.0 2.185717553667 476.1995235126302 0.23601374365373645 0.011059343596270537 0.44709369467108784 1.0 -1.0 -1.0 -1.0 -1.0 
282.14 13.24 20260420.0 -1.0 0.24168959255 56.149538776016705 2.7418507101288534 0.049767046183217416 6.388364984740716 32.0 6.555182176708434 32.0 0.24168305875112614 55.861259075139166 
282.14 13.24 20260420.0 -1.0 0.004535421422424813 94.72555778244039 2.007845414129436 0.02073626924300726 1.751211215593099 1.0 -1.0 -1.0 -1.0 -1.0 
282.14 13.24 20260420.0 -1.0 234.79739665614056 100.91677070939728 4.858124572854598 0.024883523091608708 15.841479844120496 1.0 15.841479459375446 1.0 234.79709246506295 100.89433930781473 
282.14 13.24 20260420.0 -1.0 0.4135153129744352 0.0 1.95852533081917 0.006912089747669086 22.91679685811138 32.0 -1.0 -1.0 -1.0 -1.0 
282.14 13.24 20260420.0 -1.0 5.28836132017 68.02850335894718 3.8146802935686224 0.011059343596270537 77.99239110456348 32.0 78.11176447096022 32.0 5.2883478929288685 68.00501104799548 
282.14 13.24 20260420.0 -1.0 3.070937017275 340.1425167947359 2.905670235181032 0.012441761545804354 40.68065211677956 32.0 40.76510880458675 32.0 3.0709391770263514 340.12625317308465 
282.14 13.24 20260420.0 -1.0 2.06709800946 46.19597337806294 0.065430701748217 0.013824179495338174 2.13443946844335 1.0 -1.0 -1.0 -1.0 -1.0 
282.14 13.24 20260420.0 -1.0 12.117230277075379 54.43504904239787 0.4751904311947493 0.011059343596270537 4.384819864562958 16.0 -1.0 -1.0 -1.0 -1.0 
282.14 13.24 20260420.0 -1.0 1.73619728331 36.43290683940015 0.29850217145225044 0.027648358990676344 0.9290805460493888 32.0 -1.0 -1.0 -1.0 -1.0 
282.14 13.24 20260420.0 -1.0 0.04857911289032549 29.95594562350679 0.7781962056190481 0.024883523091608708 2.217958478375394 1.0 -1.0 -1.0 -1.0 -1.0 
282.14 13.24 20260420.0 -1.0 12.513360302752432 91.29657831520272 0.015820489688171065 0.04147253848601452 -0.8403574923215961 32.0 -1.0 -1.0 -1.0 -1.0 
282.14 13.24 20260420.0 -1.0 150.34910263393004 15.239908743278495 0.8145000008709293 0.01382417949533817 2.729422710312965 1.0 -1.0 -1.0 -1.0 -1.0 
282.14 13.24 20260420.0 -1.0 383.339448073778 7.19133193823454 0.6035011024807174 0.03732528463741307 0.8580272533081157 1.0 -1.0 -1.0 -1.0 -1.0 
282.14 13.24 20260420.0 -1.0 0.415809 27.765208741660505 0.05785970800743583 0.012441761545804354 1.3398842694938167 1.0 -1.0 -1.0 -1.0 -1.0 
282.14 13.24 20260420.0 -1.0 1.555307 46.719845241113134 0.15410572815741164 0.02073626924300726 1.5484720328359638 16.0 -1.0 -1.0 -1.0 -1.0 
282.14 13.24 20260420.0 -1.0 37.702100452867 136.05700671789435 0.03387294721081126 0.009676925646736721 2.09882221873156 4.0 -1.0 -1.0 -1.0 -1.0 
282.14 13.24 20260420.0 -1.0 2.726751158543 204.08551007684153 0.014213965975708936 0.029030776940210157 0.9566183394107148 1.0 -1.0 -1.0 -1.0 -1.0 
282.14 13.24 20260420.0 -1.0 428.6895106469847 272.1140134357887 0.02276856886482728 0.01520659744487199 3.147455280338039 1.0 -1.0 -1.0 -1.0 -1.0 
282.14 13.24 20260420.0 -1.0 1.055928358822309 408.17102015368306 0.020371870326560237 0.06773847952715704 1.3392063328532322 1.0 -1.0 -1.0 -1.0 -1.0 
282.14 13.24 20260420.0 -1.0 2.185717553667 476.1995235126302 0.23601374365373645 0.011059343596270537 0.44709369467108784 1.0 -1.0 -1.0 -1.0 -1.0 
282.14 13.24 20260420.0 -1.0 0.24168959255 56.149538776016705 2.7418507101288534 0.049767046183217416 6.388364984740716 32.0 6.555182176708434 32.0 0.24168305875112614 55.861259075139166 
282.14 13.24 20260420.0 -1.0 0.004535421422424813 94.72555778244039 2.007845414129436 0.02073626924300726 1.751211215593099 1.0 -1.0 -1.0 -1.0 -1.0 
282.14 13.24 20260420.0 -1.0 234.79739665614056 100.91677070939728 4.858124572854598 0.024883523091608708 15.841479844120496 1.0 15.841479459375446 1.0 234.79709246506295 100.89433930781473 
282.14 13.24 20260420.0 -1.0 0.4135153129744352 0.0 1.95852533081917 0.006912089747669086 22.91679685811138 32.0 -1.0 -1.0 -1.0 -1.0 
282.14 13.24 20260420.0 -1.0 5.28836132017 68.02850335894718 3.8146802935686224 0.011059343596270537 77.99239110456348 32.0 78.11176447096022 32.0 5.2883478929288685 68.00501104799548 
282.14 13.24 20260420.0 -1.0 3.070937017275 340.1425167947359 2.905670235181032 0.012441761545804354 40.68065211677956 32.0 40.76510880458675 32.0 3.0709391770263514 340.12625317308465 
282.46 13.23 20260420.0 -1.0 1.10480469655 17.51837129704523 0.028284281734170063 0.08985716671969811 1.5716101577432016 8.0 -1.0 -1.0 -1.0 -1.0 
282.46 13.23 20260420.0 -1.0 22.91337153767 76.87531091524598 0.0136651235103008 0.058061553880420315 1.8784819759968183 1.0 -1.0 -1.0 -1.0 -1.0 
282.46 13.23 20260420.0 -1.0 0.0027483727270493745 67.67571928439541 0.31264357272238175 0.02488352309160871 2.3103061253184243 1.0 -1.0 -1.0 -1.0 -1.0 
282.46 13.23 20260420.0 -1.0 2.895182851468 53.240189863645845 0.08788087844939613 0.01382417949533817 2.319133829551368 16.0 -1.0 -1.0 -1.0 -1.0 
282.46 13.23 20260420.0 -1.0 4.079967 55.980493753686446 0.29522084210045635 0.022118687192541075 2.5074327003085575 16.0 -1.0 -1.0 -1.0 -1.0 
282.46 13.23 20260420.0 -1.0 0.2575872542383222 85.78129855787792 0.09293874842458964 0.016589015394405805 0.4886296625036155 1.0 -1.0 -1.0 -1.0 -1.0 
282.46 13.23 20260420.0 -1.0 3.6279007508719 45.99795815425285 0.0259263496730576 0.009676925646736721 1.8805655086993625 32.0 -1.0 -1.0 -1.0 -1.0 
282.46 13.23 20260420.0 -1.0 0.02318067352424208 86.12383654413298 0.08061031886448358 0.008294507697202903 1.5925604186525593 4.0 -1.0 -1.0 -1.0 -1.0 
282.46 13.23 20260420.0 -1.0 0.24943292613086243 107.65479568016623 0.01644453517634065 0.04009012053648069 0.27456453194350183 4.0 -1.0 -1.0 -1.0 -1.0 
282.46 13.23 20260420.0 -1.0 0.5448030067875276 69.89872090947937 0.016297508346206444 0.03041319488974398 2.454327889048368 32.0 -1.0 -1.0 -1.0 -1.0 
282.46 13.23 20260420.0 -1.0 301.503639 209.69616272843808 0.16684847141891276 0.01935385129347344 -0.4289835237677782 1.0 -1.0 -1.0 -1.0 -1.0 
282.46 13.23 20260420.0 -1.0 0.009504760465857926 279.59488363791746 0.025167500389714433 0.07465056927482613 -0.1730390850862945 1.0 -1.0 -1.0 -1.0 -1.0 
282.46 13.23 20260420.0 -1.0 68.540096 349.49360454739684 0.020555653727948493 0.038707702586946884 1.9512964207415928 1.0 -1.0 -1.0 -1.0 -1.0 
282.46 13.23 20260420.0 -1.0 0.37922747574 70.02455119014449 2.2565000295026394 0.026265941041142524 11.608679948551002 32.0 11.86474564549198 32.0 0.379228974149252 70.63615730878104 
282.46 13.23 20260420.0 -1.0 6.173602 80.98576675030688 8.20146411750295 0.18247916933846386 8.260396011553276 2.0 8.260395898882242 2.0 6.173407503714165 80.95834648570893 
282.46 13.23 20260420.0 -1.0 0.3409 73.30312905858592 7.933958947697883 0.02764835899067634 56.0643843467809 32.0 34.067431850785646 32.0 0.2272524094829957 73.0649077033523 
282.46 13.23 20260420.0 -1.0 1.0904482052169715 0.0 9.390684932040841 0.035942866687879244 37.38243765357392 32.0 -1.0 -1.0 -1.0 -1.0 
282.46 13.23 20260420.0 -1.0 0.003395332831576623 139.79744181895873 2.044236098599575 0.017971433343939622 1.5386285130964417 32.0 -1.0 -1.0 -1.0 -1.0 
282.46 13.23 20260420.0 -1.0 2.398082 419.39232545687616 5.898982091432938 0.013824179495338172 23.688214181854626 8.0 23.688214137005744 8.0 2.398155629634857 410.05402495011566 
282.46 13.23 20260420.0 -1.0 135.26875068606108 489.29104636635554 2.4430862186685034 0.07465056927482613 1.3907590829808198 1.0 -1.0 -1.0 -1.0 -1.0 
282.46 13.23 20260420.0 -1.0 1.10480469655 17.51837129704523 0.028284281734170063 0.08985716671969811 1.5716103077256491 8.0 -1.0 -1.0 -1.0 -1.0 
282.46 13.23 20260420.0 -1.0 22.91337153767 76.87531091524598 0.0136651235103008 0.058061553880420315 1.8782331242678074 1.0 -1.0 -1.0 -1.0 -1.0 
282.46 13.23 20260420.0 -1.0 0.0027483727270493745 67.67571928439541 0.31264357272238175 0.02488352309160871 2.310306125908947 1.0 -1.0 -1.0 -1.0 -1.0 
282.46 13.23 20260420.0 -1.0 2.895182851468 53.240189863645845 0.08788087844939613 0.01382417949533817 2.319180402032306 16.0 -1.0 -1.0 -1.0 -1.0 
282.46 13.23 20260420.0 -1.0 4.079967 55.980493753686446 0.29522084210045635 0.022118687192541075 2.506742760878231 16.0 -1.0 -1.0 -1.0 -1.0 
282.46 13.23 20260420.0 -1.0 0.2575872542383222 85.78129855787792 0.09293874842458964 0.016589015394405805 0.48862967233508126 1.0 -1.0 -1.0 -1.0 -1.0 
282.46 13.23 20260420.0 -1.0 3.6279007508719 45.99795815425285 0.0259263496730576 0.009676925646736721 1.8800440642389769 32.0 -1.0 -1.0 -1.0 -1.0 
282.46 13.23 20260420.0 -1.0 0.02318067352424208 86.12383654413298 0.08061031886448358 0.008294507697202903 1.592560410750226 4.0 -1.0 -1.0 -1.0 -1.0 
282.46 13.23 20260420.0 -1.0 0.24943292613086243 107.65479568016623 0.01644453517634065 0.04009012053648069 0.27456454698980043 4.0 -1.0 -1.0 -1.0 -1.0 
282.46 13.23 20260420.0 -1.0 0.5448030067875276 69.89872090947937 0.016297508346206444 0.03041319488974398 2.454141077916952 32.0 -1.0 -1.0 -1.0 -1.0 
282.46 13.23 20260420.0 -1.0 301.503639 209.69616272843808 0.16684847141891276 0.01935385129347344 -0.42876618830505375 1.0 -1.0 -1.0 -1.0 -1.0 
282.46 13.23 20260420.0 -1.0 0.009504760465857926 279.59488363791746 0.025167500389714433 0.07465056927482613 -0.17303908507885118 1.0 -1.0 -1.0 -1.0 -1.0 
282.46 13.23 20260420.0 -1.0 68.540096 349.49360454739684 0.020555653727948493 0.038707702586946884 1.951381646191876 1.0 -1.0 -1.0 -1.0 -1.0 
282.46 13.23 20260420.0 -1.0 0.37922747574 70.02455119014449 2.2565000295026394 0.026265941041142524 11.60897916854545 32.0 11.864415163065257 32.0 0.379228974149252 70.63615730878104 
282.46 13.23 20260420.0 -1.0 6.173602 80.98576675030688 8.20146411750295 0.18247916933846386 8.260279899301919 2.0 8.260279899226393 2.0 6.173407503714165 80.95834648570893 
282.46 13.23 20260420.0 -1.0 0.3409 73.30312905858592 7.933958947697883 0.02764835899067634 56.063761949001915 32.0 34.06542705065546 32.0 0.2272524094829957 73.0649077033523 
282.46 13.23 20260420.0 -1.0 1.0904482052169715 0.0 9.390684932040841 0.035942866687879244 37.377255803482775 32.0 -1.0 -1.0 -1.0 -1.0 
282.46 13.23 20260420.0 -1.0 0.003395332831576623 139.79744181895873 2.044236098599575 0.017971433343939622 1.5386285130964417 32.0 -1.0 -1.0 -1.0 -1.0 
282.46 13.23 20260420.0 -1.0 2.398082 419.39232545687616 5.898982091432938 0.013824179495338172 23.688214181854626 8.0 23.688214137005744 8.0 2.398155629634857 410.05402495011566 
282.46 13.23 20260420.0 -1.0 135.26875068606108 489.29104636635554 2.4430862186685034 0.07465056927482613 1.3907590829808198 1.0 -1.0 -1.0 -1.0 -1.0 
282.46 13.23 20260420.0 -1.0 1.10480469655 17.51837129704523 0.028284281734170063 0.08985716671969811 1.5716103077256491 8.0 -1.0 -1.0 -1.0 -1.0 
282.46 13.23 20260420.0 -1.0 22.91337153767 76.87531091524598 0.0136651235103008 0.058061553880420315 1.8782331242678074 1.0 -1.0 -1.0 -1.0 -1.0 
282.46 13.23 20260420.0 -1.0 0.0027483727270493745 67.67571928439541 0.31264357272238175 0.02488352309160871 2.310306125908947 1.0 -1.0 -1.0 -1.0 -1.0 
282.46 13.23 20260420.0 -1.0 2.895182851468 53.240189863645845 0.08788087844939613 0.01382417949533817 2.319180402032306 16.0 -1.0 -1.0 -1.0 -1.0 
282.46 13.23 20260420.0 -1.0 4.079967 55.980493753686446 0.29522084210045635 0.022118687192541075 2.506742760878231 16.0 -1.0 -1.0 -1.0 -1.0 
282.46 13.23 20260420.0 -1.0 0.2575872542383222 85.78129855787792 0.09293874842458964 0.016589015394405805 0.48862967233508126 1.0 -1.0 -1.0 -1.0 -1.0 
282.46 13.23 20260420.0 -1.0 3.6279007508719 45.99795815425285 0.0259263496730576 0.009676925646736721 1.8800440642389769 32.0 -1.0 -1.0 -1.0 -1.0 
282.46 13.23 20260420.0 -1.0 0.02318067352424208 86.12383654413298 0.08061031886448358 0.008294507697202903 1.592560410750226 4.0 -1.0 -1.0 -1.0 -1.0 
282.46 13.23 20260420.0 -1.0 0.24943292613086243 107.65479568016623 0.01644453517634065 0.04009012053648069 0.27456454698980043 4.0 -1.0 -1.0 -1.0 -1.0 
282.46 13.23 20260420.0 -1.0 0.5448030067875276 69.89872090947937 0.016297508346206444 0.03041319488974398 2.454141077916952 32.0 -1.0 -1.0 -1.0 -1.0 
282.46 13.23 20260420.0 -1.0 301.503639 209.69616272843808 0.16684847141891276 0.01935385129347344 -0.42876618830505375 1.0 -1.0 -1.0 -1.0 -1.0 
282.46 13.23 20260420.0 -1.0 0.009504760465857926 279.59488363791746 0.025167500389714433 0.07465056927482613 -0.17303908507885118 1.0 -1.0 -1.0 -1.0 -1.0 
282.46 13.23 20260420.0 -1.0 68.540096 349.49360454739684 0.020555653727948493 0.038707702586946884 1.951381646191876 1.0 -1.0 -1.0 -1.0 -1.0 
282.46 13.23 20260420.0 -1.0 0.37922747574 70.02455119014449 2.2565000295026394 0.026265941041142524 11.60897916854545 32.0 11.864415163065257 32.0 0.379228974149252 70.63615730878104 
282.46 13.23 20260420.0 -1.0 6.173602 80.98576675030688 8.20146411750295 0.18247916933846386 8.260279899301919 2.0 8.260279899226393 2.0 6.173407503714165 80.95834648570893 
282.46 13.23 20260420.0 -1.0 0.3409 73.30312905858592 7.933958947697883 0.02764835899067634 56.063761949001915 32.0 34.06542705065546 32.0 0.2272524094829957 73.0649077033523 
282.46 13.23 20260420.0 -1.0 1.0904482052169715 0.0 9.390684932040841 0.035942866687879244 37.377255803482775 32.0 -1.0 -1.0 -1.0 -1.0 
282.46 13.23 20260420.0 -1.0 0.003395332831576623 139.79744181895873 2.044236098599575 0.017971433343939622 1.5386285130964417 32.0 -1.0 -1.0 -1.0 -1.0 
282.46 13.23 20260420.0 -1.0 2.398082 419.39232545687616 5.898982091432938 0.013824179495338172 23.688214181854626 8.0 23.688214137005744 8.0 2.398155629634857 410.05402495011566 
282.46 13.23 20260420.0 -1.0 135.26875068606108 489.29104636635554 2.4430862186685034 0.07465056927482613 1.3907590829808198 1.0 -1.0 -1.0 -1.0 -1.0 
282.79 13.23 20260420.0 -1.0 3.522355067817 141.63899093684563 0.28856657484299875 0.011059343596270537 2.5258698644528566 8.0 -1.0 -1.0 -1.0 -1.0 
282.79 13.23 20260420.0 -1.0 1.07746138421 42.18073349075325 0.037441853161258684 0.05391430003181888 2.1112562155699726 16.0 -1.0 -1.0 -1.0 -1.0 
282.79 13.23 20260420.0 -1.0 0.0011425577257181067 285.78575437611414 0.043138345689752236 0.03041319488974398 0.5185479632807278 1.0 -1.0 -1.0 -1.0 -1.0 
282.79 13.23 20260420.0 -1.0 300.93062461215555 232.32004462445784 0.0831556933797168 0.1354769590543141 -0.025934173991361883 1.0 -1.0 -1.0 -1.0 -1.0 
282.79 13.23 20260420.0 -1.0 1.085234618514 1.2538862512114521 0.8122523361259273 0.009676925646736721 9.303704261011754 32.0 9.925359067126394 32.0 1.0852393946455172 1.6191669297141784 
282.79 13.23 20260420.0 -1.0 0.14173287223105083 77.74094757511003 0.17152342191960424 0.024883523091608708 0.8364398674023635 2.0 -1.0 -1.0 -1.0 -1.0 
282.79 13.23 20260420.0 -1.0 0.24625963556 0.0 0.10909473215800525 0.026265941041142528 2.4303507946189873 2.0 -1.0 -1.0 -1.0 -1.0 
282.79 13.23 20260420.0 -1.0 0.4500881198 71.64347786207605 0.9204419411332698 0.026265941041142528 5.818692600606016 32.0 6.176555750000213 32.0 0.4500786114173631 72.86251183713803 
282.79 13.23 20260420.0 -1.0 0.18086 214.93043358622816 0.041558691605743284 0.013824179495338172 0.18986043125647764 2.0 -1.0 -1.0 -1.0 -1.0 
282.79 13.23 20260420.0 -1.0 1.436429 286.5739114483042 0.012243590363412011 0.0483846282336836 0.7137492541689701 2.0 -1.0 -1.0 -1.0 -1.0 
282.79 13.23 20260420.0 -1.0 0.211461 358.21738931038027 0.0144117218517521 0.029030776940210157 1.2064270767218641 1.0 -1.0 -1.0 -1.0 -1.0 
282.79 13.23 20260420.0 -1.0 4.08432434691 429.8608671724563 0.018189718689592425 0.12165277955897592 0.8495403936085999 8.0 -1.0 -1.0 -1.0 -1.0 
282.79 13.23 20260420.0 -1.0 0.5456850475912 501.5043450345324 0.054146870045335145 0.05529671798135269 2.696127537373517 16.0 -1.0 -1.0 -1.0 -1.0 
282.79 13.23 20260420.0 -1.0 55.71965302765676 96.09784229284568 6.507007961928565 0.031795612839277794 27.67796116651168 8.0 27.6779612660935 8.0 55.71964720729739 96.13803645177934 
282.79 13.23 20260420.0 -1.0 0.8699442722 33.905084232757666 2.306940022847628 0.027648358990676348 17.00388707971725 32.0 17.056654774164645 32.0 0.869931682245806 34.00250552399774 
282.79 13.23 20260420.0 -1.0 273.9479176156 48.85140834719817 1.9183519718531423 0.03317803078881161 3.761882858801506 1.0 -1.0 -1.0 -1.0 -1.0 
282.79 13.23 20260420.0 -1.0 200.37770740535 55.22115050335235 7.933958947697883 0.017971433343939622 37.18270408536279 2.0 37.182704402525225 2.0 200.3779324392478 55.25407147649634 
282.79 13.23 20260420.0 -1.0 0.0027357715691219368 126.8431331725505 1.3137473444842838 0.029030776940210157 3.8075783345194645 1.0 -1.0 -1.0 -1.0 -1.0 
282.79 13.23 20260420.0 -1.0 2.7874942067382 87.06986128412323 9.16634543409181 0.08018024107296139 29.96365881344863 16.0 31.236207242815464 32.0 2.787479994973789 87.13142040524421 
282.79 13.23 20260420.0 -1.0 346.020761 143.2869557241521 7.895683640747891 0.049767046183217416 10.560933051218424 1.0 -1.0 -1.0 -1.0 -1.0 
282.79 13.23 20260420.0 -1.0 3.522355067817 141.63899093684563 0.28856657484299875 0.011059343596270537 2.5258698644528566 8.0 -1.0 -1.0 -1.0 -1.0 
282.79 13.23 20260420.0 -1.0 1.07746138421 42.18073349075325 0.037441853161258684 0.05391430003181888 2.1112562155699726 16.0 -1.0 -1.0 -1.0 -1.0 
282.79 13.23 20260420.0 -1.0 0.0011425577257181067 285.78575437611414 0.043138345689752236 0.03041319488974398 0.5185479632807278 1.0 -1.0 -1.0 -1.0 -1.0 
282.79 13.23 20260420.0 -1.0 300.93062461215555 232.32004462445784 0.0831556933797168 0.1354769590543141 -0.025934173991361883 1.0 -1.0 -1.0 -1.0 -1.0 
282.79 13.23 20260420.0 -1.0 1.085234618514 1.2538862512114521 0.8122523361259273 0.009676925646736721 9.303704261011754 32.0 9.925359067126394 32.0 1.0852393946455172 1.6191669297141784 
282.79 13.23 20260420.0 -1.0 0.14173287223105083 77.74094757511003 0.17152342191960424 0.024883523091608708 0.8364398674023635 2.0 -1.0 -1.0 -1.0 -1.0 
282.79 13.23 20260420.0 -1.0 0.24625963556 0.0 0.10909473215800525 0.026265941041142528 2.4303507946189873 2.0 -1.0 -1.0 -1.0 -1.0 
282.79 13.23 20260420.0 -1.0 0.4500881198 71.64347786207605 0.9204419411332698 0.026265941041142528 5.818692600606016 32.0 6.176555750000213 32.0 0.4500786114173631 72.86251183713803 
282.79 13.23 20260420.0 -1.0 0.18086 214.93043358622816 0.041558691605743284 0.013824179495338172 0.18986043125647764 2.0 -1.0 -1.0 -1.0 -1.0 
282.79 13.23 20260420.0 -1.0 1.436429 286.5739114483042 0.012243590363412011 0.0483846282336836 0.7137492541689701 2.0 -1.0 -1.0 -1.0 -1.0 
282.79 13.23 20260420.0 -1.0 0.211461 358.21738931038027 0.0144117218517521 0.029030776940210157 1.2064270767218641 1.0 -1.0 -1.0 -1.0 -1.0 
282.79 13.23 20260420.0 -1.0 4.08432434691 429.8608671724563 0.018189718689592425 0.12165277955897592 0.8495403936085999 8.0 -1.0 -1.0 -1.0 -1.0 
282.79 13.23 20260420.0 -1.0 0.5456850475912 501.5043450345324 0.054146870045335145 0.05529671798135269 2.696127537373517 16.0 -1.0 -1.0 -1.0 -1.0 
282.79 13.23 20260420.0 -1.0 55.71965302765676 96.09784229284568 6.507007961928565 0.031795612839277794 27.67796116651168 8.0 27.6779612660935 8.0 55.71964720729739 96.13803645177934 
282.79 13.23 20260420.0 -1.0 0.8699442722 33.905084232757666 2.306940022847628 0.027648358990676348 17.00388707971725 32.0 17.056654774164645 32.0 0.869931682245806 34.00250552399774 
282.79 13.23 20260420.0 -1.0 273.9479176156 48.85140834719817 1.9183519718531423 0.03317803078881161 3.761882858801506 1.0 -1.0 -1.0 -1.0 -1.0 
282.79 13.23 20260420.0 -1.0 200.37770740535 55.22115050335235 7.933958947697883 0.017971433343939622 37.18270408536279 2.0 37.182704402525225 2.0 200.3779324392478 55.25407147649634 
282.79 13.23 20260420.0 -1.0 0.0027357715691219368 126.8431331725505 1.3137473444842838 0.029030776940210157 3.8075783345194645 1.0 -1.0 -1.0 -1.0 -1.0 
282.79 13.23 20260420.0 -1.0 2.7874942067382 87.06986128412323 9.16634543409181 0.08018024107296139 29.96365881344863 16.0 31.236207242815464 32.0 2.787479994973789 87.13142040524421 
282.79 13.23 20260420.0 -1.0 346.020761 143.2869557241521 7.895683640747891 0.049767046183217416 10.560933051218424 1.0 -1.0 -1.0 -1.0 -1.0 
282.79 13.23 20260420.0 -1.0 3.522355067817 141.63899093684563 0.28856657484299875 0.011059343596270537 2.5258698644528566 8.0 -1.0 -1.0 -1.0 -1.0 
282.79 13.23 20260420.0 -1.0 1.07746138421 42.18073349075325 0.037441853161258684 0.05391430003181888 2.1112562155699726 16.0 -1.0 -1.0 -1.0 -1.0 
282.79 13.23 20260420.0 -1.0 0.0011425577257181067 285.78575437611414 0.043138345689752236 0.03041319488974398 0.5185479632807278 1.0 -1.0 -1.0 -1.0 -1.0 
282.79 13.23 20260420.0 -1.0 300.93062461215555 232.32004462445784 0.0831556933797168 0.1354769590543141 -0.025934173991361883 1.0 -1.0 -1.0 -1.0 -1.0 
282.79 13.23 20260420.0 -1.0 1.085234618514 1.2538862512114521 0.8122523361259273 0.009676925646736721 9.303704261011754 32.0 9.925359067126394 32.0 1.0852393946455172 1.6191669297141784 
282.79 13.23 20260420.0 -1.0 0.14173287223105083 77.74094757511003 0.17152342191960424 0.024883523091608708 0.8364398674023635 2.0 -1.0 -1.0 -1.0 -1.0 
282.79 13.23 20260420.0 -1.0 0.24625963556 0.0 0.10909473215800525 0.026265941041142528 2.4303507946189873 2.0 -1.0 -1.0 -1.0 -1.0 
282.79 13.23 20260420.0 -1.0 0.4500881198 71.64347786207605 0.9204419411332698 0.026265941041142528 5.818692600606016 32.0 6.176555750000213 32.0 0.4500786114173631 72.86251183713803 
282.79 13.23 20260420.0 -1.0 0.18086 214.93043358622816 0.041558691605743284 0.013824179495338172 0.18986043125647764 2.0 -1.0 -1.0 -1.0 -1.0 
282.79 13.23 20260420.0 -1.0 1.436429 286.5739114483042 0.012243590363412011 0.0483846282336836 0.7137492541689701 2.0 -1.0 -1.0 -1.0 -1.0 
282.79 13.23 20260420.0 -1.0 0.211461 358.21738931038027 0.0144117218517521 0.029030776940210157 1.2064270767218641 1.0 -1.0 -1.0 -1.0 -1.0 
282.79 13.23 20260420.0 -1.0 4.08432434691 429.8608671724563 0.018189718689592425 0.12165277955897592 0.8495403936085999 8.0 -1.0 -1.0 -1.0 -1.0 
282.79 13.23 20260420.0 -1.0 0.5456850475912 501.5043450345324 0.054146870045335145 0.05529671798135269 2.696127537373517 16.0 -1.0 -1.0 -1.0 -1.0 
282.79 13.23 20260420.0 -1.0 55.71965302765676 96.09784229284568 6.507007961928565 0.031795612839277794 27.67796116651168 8.0 27.6779612660935 8.0 55.71964720729739 96.13803645177934 
282.79 13.23 20260420.0 -1.0 0.8699442722 33.905084232757666 2.306940022847628 0.027648358990676348 17.00388707971725 32.0 17.056654774164645 32.0 0.869931682245806 34.00250552399774 
282.79 13.23 20260420.0 -1.0 273.9479176156 48.85140834719817 1.9183519718531423 0.03317803078881161 3.761882858801506 1.0 -1.0 -1.0 -1.0 -1.0 
282.79 13.23 20260420.0 -1.0 200.37770740535 55.22115050335235 7.933958947697883 0.017971433343939622 37.18270408536279 2.0 37.182704402525225 2.0 200.3779324392478 55.25407147649634 
282.79 13.23 20260420.0 -1.0 0.0027357715691219368 126.8431331725505 1.3137473444842838 0.029030776940210157 3.8075783345194645 1.0 -1.0 -1.0 -1.0 -1.0 
282.79 13.23 20260420.0 -1.0 2.7874942067382 87.06986128412323 9.16634543409181 0.08018024107296139 29.96365881344863 16.0 31.236207242815464 32.0 2.787479994973789 87.13142040524421 
282.79 13.23 20260420.0 -1.0 346.020761 143.2869557241521 7.895683640747891 0.049767046183217416 10.560933051218424 1.0 -1.0 -1.0 -1.0 -1.0 
283.12 13.23 20260420.0 -1.0 4.37505274487 266.7524902244227 0.5722367659350219 0.12718245135711118 1.7188134214998665 8.0 -1.0 -1.0 -1.0 -1.0 
283.12 13.23 20260420.0 -1.0 207.892963 73.65936365343876 0.9944884875250298 0.0483846282336836 1.4447947827185232 1.0 -1.0 -1.0 -1.0 -1.0 
283.12 13.23 20260420.0 -1.0 0.2102255216 68.94352408759579 0.019912689095578334 0.03732528463741307 1.3840883109959319 1.0 -1.0 -1.0 -1.0 -1.0 
283.12 13.23 20260420.0 -1.0 0.0012699350581559167 41.92996483543 0.8595941066946327 0.030413194889743977 0.865898646336108 1.0 -1.0 -1.0 -1.0 -1.0 
283.12 13.23 20260420.0 -1.0 0.3553286714507606 39.161972046783035 0.6570247931400152 0.017971433343939622 4.079764836030921 16.0 -1.0 -1.0 -1.0 -1.0 
283.12 13.23 20260420.0 -1.0 114.00514689571 119.99761330041764 0.7760487235144514 0.15621322829732134 0.528062797488539 2.0 -1.0 -1.0 -1.0 -1.0 
283.12 13.23 20260420.0 -1.0 0.004705264412182069 83.91118879657569 0.01775517399043698 0.01520659744487199 1.0322124679383222 1.0 -1.0 -1.0 -1.0 -1.0 
283.12 13.23 20260420.0 -1.0 0.6730482796171792 29.627774663665697 0.28559169535731094 0.027648358990676344 2.0743176119859075 16.0 -1.0 -1.0 -1.0 -1.0 
283.12 13.23 20260420.0 -1.0 2.833395130464 45.62062188695929 0.039569424688211494 0.016589015394405805 1.8003882408837069 2.0 -1.0 -1.0 -1.0 -1.0 
283.12 13.23 20260420.0 -1.0 1.22508021431 41.98122396114569 0.14990550498703553 0.024883523091608708 1.41533576742906 1.0 -1.0 -1.0 -1.0 -1.0 
283.12 13.23 20260420.0 -1.0 13.87699831012 73.2199997187329 0.7507365301564752 0.009676925646736721 10.554067223931714 16.0 10.554067392260178 16.0 13.877009526671221 73.26730356956658 
283.12 13.23 20260420.0 -1.0 290.697674 146.4399994374658 0.6731049870725823 0.0483846282336836 2.0160986737283757 1.0 -1.0 -1.0 -1.0 -1.0 
283.12 13.23 20260420.0 -1.0 0.525735 219.6599991561987 0.07197567037875806 0.031795612839277794 1.847730830166389 16.0 -1.0 -1.0 -1.0 -1.0 
283.12 13.23 20260420.0 -1.0 243.902439 292.8799988749316 0.46032684938204665 0.06220880772902177 2.1812955414969104 2.0 -1.0 -1.0 -1.0 -1.0 
283.12 13.23 20260420.0 -1.0 0.001013881958215303 439.3199983123974 0.11561290148859557 0.02350110514207489 1.1457518953044927 1.0 -1.0 -1.0 -1.0 -1.0 
283.12 13.23 20260420.0 -1.0 55.493896 0.9739233885980073 2.084164015267733 0.04423737438508215 7.879916928691754 8.0 7.879916624434165 8.0 55.49384998933723 1.0119793310713614 
283.12 13.23 20260420.0 -1.0 30.153936 73.5568454020074 2.9829602405143465 0.01520659744487199 28.690463273423436 16.0 28.810980317802716 16.0 30.15393303940073 73.57089736888798 
283.12 13.23 20260420.0 -1.0 9.043798163 0.0 7.502180669786825 0.08156265902249521 13.887365601468879 8.0 -1.0 -1.0 -1.0 -1.0 
283.12 13.23 20260420.0 -1.0 2.00325886 366.09999859366445 1.4204149725036725 0.011059343596270537 19.834355087856686 32.0 20.179083393678408 32.0 2.0032530301250517 366.1341219816186 
283.12 13.23 20260420.0 -1.0 0.59787312095 512.5399980311303 2.113160544551766 0.031795612839277794 1.4261694555107618 1.0 -1.0 -1.0 -1.0 -1.0 
283.12 13.23 20260420.0 -1.0 4.37505274487 266.7524902244227 0.5722367659350219 0.12718245135711118 1.7192407574480235 8.0 -1.0 -1.0 -1.0 -1.0 
283.12 13.23 20260420.0 -1.0 207.892963 73.65936365343876 0.9944884875250298 0.0483846282336836 1.4451851084893363 1.0 -1.0 -1.0 -1.0 -1.0 
283.12 13.23 20260420.0 -1.0 0.2102255216 68.94352408759579 0.019912689095578334 0.03732528463741307 1.3840883109878888 1.0 -1.0 -1.0 -1.0 -1.0 
283.12 13.23 20260420.0 -1.0 0.0012699350581559167 41.92996483543 0.8595941066946327 0.030413194889743977 0.8658985021123881 1.0 -1.0 -1.0 -1.0 -1.0 
283.12 13.23 20260420.0 -1.0 0.3553286714507606 39.161972046783035 0.6570247931400152 0.017971433343939622 3.8003634286441157 16.0 -1.0 -1.0 -1.0 -1.0 
283.12 13.23 20260420.0 -1.0 114.00514689571 119.99761330041764 0.7760487235144514 0.15621322829732134 0.527849661606996 2.0 -1.0 -1.0 -1.0 -1.0 
283.12 13.23 20260420.0 -1.0 0.004705264412182069 83.91118879657569 0.01775517399043698 0.01520659744487199 1.0322123909357643 1.0 -1.0 -1.0 -1.0 -1.0 
283.12 13.23 20260420.0 -1.0 0.6730482796171792 29.627774663665697 0.28559169535731094 0.027648358990676344 2.088260671278796 16.0 -1.0 -1.0 -1.0 -1.0 
283.12 13.23 20260420.0 -1.0 2.833395130464 45.62062188695929 0.039569424688211494 0.016589015394405805 1.804098474523486 2.0 -1.0 -1.0 -1.0 -1.0 
283.12 13.23 20260420.0 -1.0 1.22508021431 41.98122396114569 0.14990550498703553 0.024883523091608708 1.5247657312832454 1.0 -1.0 -1.0 -1.0 -1.0 
283.12 13.23 20260420.0 -1.0 13.87699831012 73.2199997187329 0.7507365301564752 0.009676925646736721 10.554206891045741 16.0 10.554206639099018 16.0 13.877009526671221 73.26730356956658 
283.12 13.23 20260420.0 -1.0 290.697674 146.4399994374658 0.6731049870725823 0.0483846282336836 2.0162643916013936 1.0 -1.0 -1.0 -1.0 -1.0 
283.12 13.23 20260420.0 -1.0 0.525735 219.6599991561987 0.07197567037875806 0.031795612839277794 1.8177767139170742 16.0 -1.0 -1.0 -1.0 -1.0 
283.12 13.23 20260420.0 -1.0 243.902439 292.8799988749316 0.46032684938204665 0.06220880772902177 2.1811572347474115 2.0 -1.0 -1.0 -1.0 -1.0 
283.12 13.23 20260420.0 -1.0 0.001013881958215303 439.3199983123974 0.11561290148859557 0.02350110514207489 1.1457518953044927 1.0 -1.0 -1.0 -1.0 -1.0 
283.12 13.23 20260420.0 -1.0 55.493896 0.9739233885980073 2.084164015267733 0.04423737438508215 7.879526739526606 8.0 7.879526389226517 8.0 55.49384998933723 1.0119793310713614 
283.12 13.23 20260420.0 -1.0 30.153936 73.5568454020074 2.9829602405143465 0.01520659744487199 28.703109198985686 16.0 28.823601241914805 16.0 30.15393303940073 73.57089736888798 
283.12 13.23 20260420.0 -1.0 9.043798163 0.0 7.502180669786825 0.08156265902249521 13.883981923805017 8.0 -1.0 -1.0 -1.0 -1.0 
283.12 13.23 20260420.0 -1.0 2.00325886 366.09999859366445 1.4204149725036725 0.011059343596270537 19.832870953839006 32.0 20.177607133797643 32.0 2.0032530301250517 366.1341219816186 
283.12 13.23 20260420.0 -1.0 0.59787312095 512.5399980311303 2.113160544551766 0.031795612839277794 1.4275000826070854 1.0 -1.0 -1.0 -1.0 -1.0 
283.12 13.23 20260420.0 -1.0 4.37505274487 266.7524902244227 0.5722367659350219 0.12718245135711118 1.7192407574480235 8.0 -1.0 -1.0 -1.0 -1.0 
283.12 13.23 20260420.0 -1.0 207.892963 73.65936365343876 0.9944884875250298 0.0483846282336836 1.4451851084893363 1.0 -1.0 -1.0 -1.0 -1.0 
283.12 13.23 20260420.0 -1.0 0.2102255216 68.94352408759579 0.019912689095578334 0.03732528463741307 1.3840883109878888 1.0 -1.0 -1.0 -1.0 -1.0 
283.12 13.23 20260420.0 -1.0 0.0012699350581559167 41.92996483543 0.8595941066946327 0.030413194889743977 0.8658985021123881 1.0 -1.0 -1.0 -1.0 -1.0 
283.12 13.23 20260420.0 -1.0 0.3553286714507606 39.161972046783035 0.6570247931400152 0.017971433343939622 3.8003634286441157 16.0 -1.0 -1.0 -1.0 -1.0 
283.12 13.23 20260420.0 -1.0 114.00514689571 119.99761330041764 0.7760487235144514 0.15621322829732134 0.527849661606996 2.0 -1.0 -1.0 -1.0 -1.0 
283.12 13.23 20260420.0 -1.0 0.004705264412182069 83.91118879657569 0.01775517399043698 0.01520659744487199 1.0322123909357643 1.0 -1.0 -1.0 -1.0 -1.0 
283.12 13.23 20260420.0 -1.0 0.6730482796171792 29.627774663665697 0.28559169535731094 0.027648358990676344 2.088260671278796 16.0 -1.0 -1.0 -1.0 -1.0 
283.12 13.23 20260420.0 -1.0 2.833395130464 45.62062188695929 0.039569424688211494 0.016589015394405805 1.804098474523486 2.0 -1.0 -1.0 -1.0 -1.0 
283.12 13.23 20260420.0 -1.0 1.22508021431 41.98122396114569 0.14990550498703553 0.024883523091608708 1.5247657312832454 1.0 -1.0 -1.0 -1.0 -1.0 
283.12 13.23 20260420.0 -1.0 13.87699831012 73.2199997187329 0.7507365301564752 0.009676925646736721 10.554206891045741 16.0 10.554206639099018 16.0 13.877009526671221 73.26730356956658 
283.12 13.23 20260420.0 -1.0 290.697674 146.4399994374658 0.6731049870725823 0.0483846282336836 2.0162643916013936 1.0 -1.0 -1.0 -1.0 -1.0 
283.12 13.23 20260420.0 -1.0 0.525735 219.6599991561987 0.07197567037875806 0.031795612839277794 1.8177767139170742 16.0 -1.0 -1.0 -1.0 -1.0 
283.12 13.23 20260420.0 -1.0 243.902439 292.8799988749316 0.46032684938204665 0.06220880772902177 2.1811572347474115 2.0 -1.0 -1.0 -1.0 -1.0 
283.12 13.23 20260420.0 -1.0 0.001013881958215303 439.3199983123974 0.11561290148859557 0.02350110514207489 1.1457518953044927 1.0 -1.0 -1.0 -1.0 -1.0 
283.12 13.23 20260420.0 -1.0 55.493896 0.9739233885980073 2.084164015267733 0.04423737438508215 7.879526739526606 8.0 7.879526389226517 8.0 55.49384998933723 1.0119793310713614 
283.12 13.23 20260420.0 -1.0 30.153936 73.5568454020074 2.9829602405143465 0.01520659744487199 28.703109198985686 16.0 28.823601241914805 16.0 30.15393303940073 73.57089736888798 
283.12 13.23 20260420.0 -1.0 9.043798163 0.0 7.502180669786825 0.08156265902249521 13.883981923805017 8.0 -1.0 -1.0 -1.0 -1.0 
283.12 13.23 20260420.0 -1.0 2.00325886 366.09999859366445 1.4204149725036725 0.011059343596270537 19.832870953839006 32.0 20.177607133797643 32.0 2.0032530301250517 366.1341219816186 
283.12 13.23 20260420.0 -1.0 0.59787312095 512.5399980311303 2.113160544551766 0.031795612839277794 1.4275000826070854 1.0 -1.0 -1.0 -1.0 -1.0 
283.45 13.23 20260420.0 -1.0 471.698113 68.17416901953207 0.6123203566945892 0.027648358990676344 0.9749008534044595 1.0 -1.0 -1.0 -1.0 -1.0 
283.45 13.23 20260420.0 -1.0 4.975619 56.566702645636404 0.02366668409085583 0.031795612839277794 -0.3758579864075908 8.0 -1.0 -1.0 -1.0 -1.0 
283.45 13.23 20260420.0 -1.0 0.43415985705 88.71045568103982 0.03225156957156781 0.05529671798135269 0.7740399297956913 16.0 -1.0 -1.0 -1.0 -1.0 
283.45 13.23 20260420.0 -1.0 0.19195228101558848 133.35455711910012 0.013589808011601761 0.07188573337575849 0.7420104061539298 1.0 -1.0 -1.0 -1.0 -1.0 
283.45 13.23 20260420.0 -1.0 7.444726362361596 8.29855062025121 0.3245272167306019 0.026265941041142528 0.46585940009862314 1.0 -1.0 -1.0 -1.0 -1.0 
283.45 13.23 20260420.0 -1.0 3.535085 69.7498431879342 0.05220015194759635 0.009676925646736721 1.4906099373953139 1.0 -1.0 -1.0 -1.0 -1.0 
283.45 13.23 20260420.0 -1.0 0.3387604641 107.51350075730521 0.02836255000138714 0.02903077694021016 0.38539065565201636 1.0 -1.0 -1.0 -1.0 -1.0 
283.45 13.23 20260420.0 -1.0 0.8511150531782 75.02460004691848 0.09009391709551401 0.02073626924300726 1.4348949706123535 1.0 -1.0 -1.0 -1.0 -1.0 
283.45 13.23 20260420.0 -1.0 1.3235647032 225.07380014075545 0.26250761980901427 0.016589015394405805 1.718716550553254 4.0 -1.0 -1.0 -1.0 -1.0 
283.45 13.23 20260420.0 -1.0 1.951877 300.0984001876739 0.918536269531778 0.08709233082063048 0.926533474821568 8.0 -1.0 -1.0 -1.0 -1.0 
283.45 13.23 20260420.0 -1.0 1.841566778822 525.1722003284293 0.6876757952823224 0.03041319488974398 1.4105715634295748 1.0 -1.0 -1.0 -1.0 -1.0 
283.45 13.23 20260420.0 -1.0 0.965804 208.09403517364106 7.906600561915514 0.027648358990676344 78.20222254408299 16.0 56.17873992824229 32.0 1.9316151641154042 208.06295046827194 
283.45 13.23 20260420.0 -1.0 1.75744734512 36.81825306832973 2.50980490658528 0.029030776940210157 19.421524890455355 16.0 19.753810463719176 16.0 1.7574469287258885 36.73484971789043 
283.45 13.23 20260420.0 -1.0 0.0189369888895036 41.96545535177668 5.336699231206312 0.031795612839277794 1.6390081039985236 2.0 -1.0 -1.0 -1.0 -1.0 
283.45 13.23 20260420.0 -1.0 0.04725794036410242 101.36837150053691 6.647866174025409 0.03456044873834543 15.064201713129194 32.0 -1.0 -1.0 -1.0 -1.0 
283.45 13.23 20260420.0 -1.0 0.30673596894934135 67.07119710165058 1.100789226436182 0.10782860006363774 1.1696933375916128 8.0 -1.0 -1.0 -1.0 -1.0 
283.45 13.23 20260420.0 -1.0 6.67806213863 0.0 1.9396741271167337 0.016589015394405805 23.792798560080694 32.0 -1.0 -1.0 -1.0 -1.0 
283.45 13.23 20260420.0 -1.0 2.16584913228 150.04920009383696 6.435478712697456 0.01520659744487199 99.89420367809194 32.0 99.89420597396348 32.0 2.1658403663119925 150.0765347978829 
283.45 13.23 20260420.0 -1.0 4.288969335171291 375.1230002345924 1.5410572815741164 0.015206597444871989 18.680120121388892 32.0 18.821055659710122 16.0 4.288934481640657 375.2419359612609 
283.45 13.23 20260420.0 -1.0 7.8932829065 450.1476002815109 1.669637776112179 0.017971433343939622 16.243239144897835 16.0 16.24323853624226 16.0 7.893261984766772 450.1284064605416 
283.45 13.23 20260420.0 -1.0 471.698113 68.17416901953207 0.6123203566945892 0.027648358990676344 0.9746532419224716 1.0 -1.0 -1.0 -1.0 -1.0 
283.45 13.23 20260420.0 -1.0 4.975619 56.566702645636404 0.02366668409085583 0.031795612839277794 -0.3761113862126145 8.0 -1.0 -1.0 -1.0 -1.0 
283.45 13.23 20260420.0 -1.0 0.43415985705 88.71045568103982 0.03225156957156781 0.05529671798135269 1.054674779372458 16.0 -1.0 -1.0 -1.0 -1.0 
283.45 13.23 20260420.0 -1.0 0.19195228101558848 133.35455711910012 0.013589808011601761 0.07188573337575849 0.7420104061561833 1.0 -1.0 -1.0 -1.0 -1.0 
283.45 13.23 20260420.0 -1.0 7.444726362361596 8.29855062025121 0.3245272167306019 0.026265941041142528 0.46585244608527826 1.0 -1.0 -1.0 -1.0 -1.0 
283.45 13.23 20260420.0 -1.0 3.535085 69.7498431879342 0.05220015194759635 0.009676925646736721 1.4906099423988497 1.0 -1.0 -1.0 -1.0 -1.0 
283.45 13.23 20260420.0 -1.0 0.3387604641 107.51350075730521 0.02836255000138714 0.02903077694021016 0.38539065688174273 1.0 -1.0 -1.0 -1.0 -1.0 
283.45 13.23 20260420.0 -1.0 0.8511150531782 75.02460004691848 0.09009391709551401 0.02073626924300726 1.439762082118659 1.0 -1.0 -1.0 -1.0 -1.0 
283.45 13.23 20260420.0 -1.0 1.3235647032 225.07380014075545 0.26250761980901427 0.016589015394405805 1.7737280847316563 4.0 -1.0 -1.0 -1.0 -1.0 
283.45 13.23 20260420.0 -1.0 1.951877 300.0984001876739 0.918536269531778 0.08709233082063048 0.9305727955209824 8.0 -1.0 -1.0 -1.0 -1.0 
283.45 13.23 20260420.0 -1.0 1.841566778822 525.1722003284293 0.6876757952823224 0.03041319488974398 1.3649055346349055 1.0 -1.0 -1.0 -1.0 -1.0 
283.45 13.23 20260420.0 -1.0 0.965804 208.09403517364106 7.906600561915514 0.027648358990676344 78.1595761488586 16.0 56.16245483051529 32.0 1.9316151641154042 208.06295046827194 
283.45 13.23 20260420.0 -1.0 1.75744734512 36.81825306832973 2.50980490658528 0.029030776940210157 19.423334627028098 16.0 19.756172968374653 16.0 1.7574469287258885 36.73484971789043 
283.45 13.23 20260420.0 -1.0 0.0189369888895036 41.96545535177668 5.336699231206312 0.031795612839277794 1.6389902025668377 2.0 -1.0 -1.0 -1.0 -1.0 
283.45 13.23 20260420.0 -1.0 0.04725794036410242 101.36837150053691 6.647866174025409 0.03456044873834543 15.49371624102193 32.0 -1.0 -1.0 -1.0 -1.0 
283.45 13.23 20260420.0 -1.0 0.30673596894934135 67.07119710165058 1.100789226436182 0.10782860006363774 1.1151757023728006 8.0 -1.0 -1.0 -1.0 -1.0 
283.45 13.23 20260420.0 -1.0 6.67806213863 0.0 1.9396741271167337 0.016589015394405805 23.792798560080694 32.0 -1.0 -1.0 -1.0 -1.0 
283.45 13.23 20260420.0 -1.0 2.16584913228 150.04920009383696 6.435478712697456 0.01520659744487199 99.89420367809194 32.0 99.89420597396348 32.0 2.1658403663119925 150.0765347978829 
283.45 13.23 20260420.0 -1.0 4.288969335171291 375.1230002345924 1.5410572815741164 0.015206597444871989 18.680120121388892 32.0 18.821055659710122 16.0 4.288934481640657 375.2419359612609 
283.45 13.23 20260420.0 -1.0 7.8932829065 450.1476002815109 1.669637776112179 0.017971433343939622 16.243239144897835 16.0 16.24323853624226 16.0 7.893261984766772 450.1284064605416 
283.45 13.23 20260420.0 -1.0 471.698113 68.17416901953207 0.6123203566945892 0.027648358990676344 0.9746532419224716 1.0 -1.0 -1.0 -1.0 -1.0 
283.45 13.23 20260420.0 -1.0 4.975619 56.566702645636404 0.02366668409085583 0.031795612839277794 -0.3761113862126145 8.0 -1.0 -1.0 -1.0 -1.0 
283.45 13.23 20260420.0 -1.0 0.43415985705 88.71045568103982 0.03225156957156781 0.05529671798135269 1.054674779372458 16.0 -1.0 -1.0 -1.0 -1.0 
283.45 13.23 20260420.0 -1.0 0.19195228101558848 133.35455711910012 0.013589808011601761 0.07188573337575849 0.7420104061561833 1.0 -1.0 -1.0 -1.0 -1.0 
283.45 13.23 20260420.0 -1.0 7.444726362361596 8.29855062025121 0.3245272167306019 0.026265941041142528 0.46585244608527826 1.0 -1.0 -1.0 -1.0 -1.0 
283.45 13.23 20260420.0 -1.0 3.535085 69.7498431879342 0.05220015194759635 0.009676925646736721 1.4906099423988497 1.0 -1.0 -1.0 -1.0 -1.0 
283.45 13.23 20260420.0 -1.0 0.3387604641 107.51350075730521 0.02836255000138714 0.02903077694021016 0.38539065688174273 1.0 -1.0 -1.0 -1.0 -1.0 
283.45 13.23 20260420.0 -1.0 0.8511150531782 75.02460004691848 0.09009391709551401 0.02073626924300726 1.439762082118659 1.0 -1.0 -1.0 -1.0 -1.0 
283.45 13.23 20260420.0 -1.0 1.3235647032 225.07380014075545 0.26250761980901427 0.016589015394405805 1.7737280847316563 4.0 -1.0 -1.0 -1.0 -1.0 
283.45 13.23 20260420.0 -1.0 1.951877 300.0984001876739 0.918536269531778 0.08709233082063048 0.9305727955209824 8.0 -1.0 -1.0 -1.0 -1.0 
283.45 13.23 20260420.0 -1.0 1.841566778822 525.1722003284293 0.6876757952823224 0.03041319488974398 1.3649055346349055 1.0 -1.0 -1.0 -1.0 -1.0 
283.45 13.23 20260420.0 -1.0 0.965804 208.09403517364106 7.906600561915514 0.027648358990676344 78.1595761488586 16.0 56.16245483051529 32.0 1.9316151641154042 208.06295046827194 
283.45 13.23 20260420.0 -1.0 1.75744734512 36.81825306832973 2.50980490658528 0.029030776940210157 19.423334627028098 16.0 19.756172968374653 16.0 1.7574469287258885 36.73484971789043 
283.45 13.23 20260420.0 -1.0 0.0189369888895036 41.96545535177668 5.336699231206312 0.031795612839277794 1.6389902025668377 2.0 -1.0 -1.0 -1.0 -1.0 
283.45 13.23 20260420.0 -1.0 0.04725794036410242 101.36837150053691 6.647866174025409 0.03456044873834543 15.49371624102193 32.0 -1.0 -1.0 -1.0 -1.0 
283.45 13.23 20260420.0 -1.0 0.30673596894934135 67.07119710165058 1.100789226436182 0.10782860006363774 1.1151757023728006 8.0 -1.0 -1.0 -1.0 -1.0 
283.45 13.23 20260420.0 -1.0 6.67806213863 0.0 1.9396741271167337 0.016589015394405805 23.792798560080694 32.0 -1.0 -1.0 -1.0 -1.0 
283.45 13.23 20260420.0 -1.0 2.16584913228 150.04920009383696 6.435478712697456 0.01520659744487199 99.89420367809194 32.0 99.89420597396348 32.0 2.1658403663119925 150.0765347978829 
283.45 13.23 20260420.0 -1.0 4.288969335171291 375.1230002345924 1.5410572815741164 0.015206597444871989 18.680120121388892 32.0 18.821055659710122 16.0 4.288934481640657 375.2419359612609 
283.45 13.23 20260420.0 -1.0 7.8932829065 450.1476002815109 1.669637776112179 0.017971433343939622 16.243239144897835 16.0 16.24323853624226 16.0 7.893261984766772 450.1284064605416 
284.15 31.16 20260420.0 -1.0 258.58602012374683 107.35247466037755 0.07852166481863483 0.031795612839277794 -0.35357886513288145 1.0 -1.0 -1.0 -1.0 -1.0 
284.15 31.16 20260420.0 -1.0 8.6682478274 75.1228584724955 0.2779997494079773 0.022118687192541075 3.103202998104295 32.0 -1.0 -1.0 -1.0 -1.0 
284.15 31.16 20260420.0 -1.0 268.66686619507 72.62937376330954 0.8763836555554799 0.024883523091608708 2.559267200958894 1.0 -1.0 -1.0 -1.0 -1.0 
284.15 31.16 20260420.0 -1.0 1.3628723398 83.6908963561876 0.29399966441168973 0.013824179495338174 2.695004399102892 32.0 -1.0 -1.0 -1.0 -1.0 
284.15 31.16 20260420.0 -1.0 163.132137 49.57790341987785 0.14461589230674415 0.022118687192541075 -0.04747829987893685 2.0 -1.0 -1.0 -1.0 -1.0 
284.15 31.16 20260420.0 -1.0 0.023502466665508176 134.2768042329704 0.826973797382897 0.04009012053648069 1.0990729901161975 1.0 -1.0 -1.0 -1.0 -1.0 
284.15 31.16 20260420.0 -1.0 1.63968389547 84.964165143857 0.05694761595330197 0.022118687192541075 1.7576873056522375 32.0 -1.0 -1.0 -1.0 -1.0 
284.15 31.16 20260420.0 -1.0 1.6245944281 48.59642539604934 0.09229889881639672 0.008294507697202903 4.337396501856261 8.0 -1.0 -1.0 -1.0 -1.0 
284.15 31.16 20260420.0 -1.0 4.532131693687569 0.0 0.12345513278322082 0.11474068981130682 0.640388184172621 8.0 -1.0 -1.0 -1.0 -1.0 
284.15 31.16 20260420.0 -1.0 1.85650415521 37.89111490448357 0.023309703733803873 0.013824179495338172 0.7095857836083261 1.0 -1.0 -1.0 -1.0 -1.0 
284.15 31.16 20260420.0 -1.0 0.05016723532396609 75.78222980896714 0.052598347163026186 0.006912089747669086 2.102301891664318 8.0 -1.0 -1.0 -1.0 -1.0 
284.15 31.16 20260420.0 -1.0 32.846688858644185 113.67334471345072 0.0606845740349034 0.016589015394405805 1.4918737103954582 1.0 -1.0 -1.0 -1.0 -1.0 
284.15 31.16 20260420.0 -1.0 0.03721287955679095 57.16446327974145 7.917532577300839 0.011059343596270537 50.68126174151461 32.0 13.672466696211318 1.0 0.855652615427971 61.224749529817366 
284.15 31.16 20260420.0 -1.0 88.02908501431 3.6871741976260144 3.7545462261036096 0.02211868719254107 44.14395576215534 4.0 49.16918652204211 16.0 29.343027563299987 3.6431255918569017 
284.15 31.16 20260420.0 -1.0 3.1668701177630756 70.69294414872898 1.7128659350506201 0.045619792334615966 10.281250323761792 16.0 10.28125000540351 16.0 3.1668605515733366 70.73735524188817 
284.15 31.16 20260420.0 -1.0 19.81316158956402 49.76358845141297 2.8657989853219537 0.016589015394405805 47.05446592024546 16.0 47.0544672298911 16.0 19.813160179182887 49.789383088710984 
284.15 31.16 20260420.0 -1.0 0.011214758244299367 151.5644596179343 1.9571727614076442 0.03732528463741307 1.4686588577570618 4.0 -1.0 -1.0 -1.0 -1.0 
284.15 31.16 20260420.0 -1.0 0.8234244415576 189.45557452241786 2.330970373380388 0.10644618211410393 3.9158968673018313 8.0 -1.0 -1.0 -1.0 -1.0 
284.15 31.16 20260420.0 -1.0 0.23932694474989313 227.34668942690143 1.4581976084928143 0.011059343596270537 28.545168366312986 32.0 28.927971711322627 32.0 0.23931837252651653 227.2905577586278 
284.15 31.16 20260420.0 -1.0 0.364169 265.237804331385 7.237456368940276 0.016589015394405805 103.85556591208228 32.0 76.10249227274397 32.0 0.7283536736698201 262.3050426136969 
284.15 31.16 20260420.0 -1.0 258.58602012374683 107.35247466037755 0.07852166481863483 0.031795612839277794 -0.3536120898310804 1.0 -1.0 -1.0 -1.0 -1.0 
284.15 31.16 20260420.0 -1.0 8.6682478274 75.1228584724955 0.2779997494079773 0.022118687192541075 3.1033826458224927 32.0 -1.0 -1.0 -1.0 -1.0 
284.15 31.16 20260420.0 -1.0 268.66686619507 72.62937376330954 0.8763836555554799 0.024883523091608708 2.559234219940005 1.0 -1.0 -1.0 -1.0 -1.0 
284.15 31.16 20260420.0 -1.0 1.3628723398 83.6908963561876 0.29399966441168973 0.013824179495338174 2.695336333195206 32.0 -1.0 -1.0 -1.0 -1.0 
284.15 31.16 20260420.0 -1.0 163.132137 49.57790341987785 0.14461589230674415 0.022118687192541075 -0.04748630142049434 2.0 -1.0 -1.0 -1.0 -1.0 
284.15 31.16 20260420.0 -1.0 0.023502466665508176 134.2768042329704 0.826973797382897 0.04009012053648069 1.0990731792455373 1.0 -1.0 -1.0 -1.0 -1.0 
284.15 31.16 20260420.0 -1.0 1.63968389547 84.964165143857 0.05694761595330197 0.022118687192541075 1.75814229626522 32.0 -1.0 -1.0 -1.0 -1.0 
284.15 31.16 20260420.0 -1.0 1.6245944281 48.59642539604934 0.09229889881639672 0.008294507697202903 4.337384698210904 8.0 -1.0 -1.0 -1.0 -1.0 
284.15 31.16 20260420.0 -1.0 4.532131693687569 0.0 0.12345513278322082 0.11474068981130682 0.6403881390899406 8.0 -1.0 -1.0 -1.0 -1.0 
284.15 31.16 20260420.0 -1.0 1.85650415521 37.89111490448357 0.023309703733803873 0.013824179495338172 0.7095857770832592 1.0 -1.0 -1.0 -1.0 -1.0 
284.15 31.16 20260420.0 -1.0 0.05016723532396609 75.78222980896714 0.052598347163026186 0.006912089747669086 2.1023021852551396 8.0 -1.0 -1.0 -1.0 -1.0 
284.15 31.16 20260420.0 -1.0 32.846688858644185 113.67334471345072 0.0606845740349034 0.016589015394405805 1.491862353875522 1.0 -1.0 -1.0 -1.0 -1.0 
284.15 31.16 20260420.0 -1.0 0.03721287955679095 57.16446327974145 7.917532577300839 0.011059343596270537 50.681476860830095 32.0 13.667212086035665 1.0 0.855652615427971 61.224749529817366 
284.15 31.16 20260420.0 -1.0 88.02908501431 3.6871741976260144 3.7545462261036096 0.02211868719254107 44.13904328497336 4.0 49.16595359179072 16.0 29.343027563299987 3.6431255918569017 
284.15 31.16 20260420.0 -1.0 3.1668701177630756 70.69294414872898 1.7128659350506201 0.045619792334615966 10.283244206523863 16.0 10.283244452181222 16.0 3.1668605515733366 70.73735524188817 
284.15 31.16 20260420.0 -1.0 19.81316158956402 49.76358845141297 2.8657989853219537 0.016589015394405805 47.05497568377635 16.0 47.05497411507337 16.0 19.813160179182887 49.789383088710984 
284.15 31.16 20260420.0 -1.0 0.011214758244299367 151.5644596179343 1.9571727614076442 0.03732528463741307 1.484243159523688 4.0 -1.0 -1.0 -1.0 -1.0 
284.15 31.16 20260420.0 -1.0 0.8234244415576 189.45557452241786 2.330970373380388 0.10644618211410393 3.916959434914795 8.0 -1.0 -1.0 -1.0 -1.0 
284.15 31.16 20260420.0 -1.0 0.23932694474989313 227.34668942690143 1.4581976084928143 0.011059343596270537 28.53380020498579 32.0 28.922490201526767 32.0 0.23931837252651653 227.2905577586278 
284.15 31.16 20260420.0 -1.0 0.364169 265.237804331385 7.237456368940276 0.016589015394405805 103.87199594635835 32.0 76.11432547648445 32.0 0.7283536736698201 262.3050426136969 
284.15 31.16 20260420.0 -1.0 258.58602012374683 107.35247466037755 0.07852166481863483 0.031795612839277794 -0.3536120898310804 1.0 -1.0 -1.0 -1.0 -1.0 
284.15 31.16 20260420.0 -1.0 8.6682478274 75.1228584724955 0.2779997494079773 0.022118687192541075 3.1033826458224927 32.0 -1.0 -1.0 -1.0 -1.0 
284.15 31.16 20260420.0 -1.0 268.66686619507 72.62937376330954 0.8763836555554799 0.024883523091608708 2.559234219940005 1.0 -1.0 -1.0 -1.0 -1.0 
284.15 31.16 20260420.0 -1.0 1.3628723398 83.6908963561876 0.29399966441168973 0.013824179495338174 2.695336333195206 32.0 -1.0 -1.0 -1.0 -1.0 
284.15 31.16 20260420.0 -1.0 163.132137 49.57790341987785 0.14461589230674415 0.022118687192541075 -0.04748630142049434 2.0 -1.0 -1.0 -1.0 -1.0 
284.15 31.16 20260420.0 -1.0 0.023502466665508176 134.2768042329704 0.826973797382897 0.04009012053648069 1.0990731792455373 1.0 -1.0 -1.0 -1.0 -1.0 
284.15 31.16 20260420.0 -1.0 1.63968389547 84.964165143857 0.05694761595330197 0.022118687192541075 1.75814229626522 32.0 -1.0 -1.0 -1.0 -1.0 
284.15 31.16 20260420.0 -1.0 1.6245944281 48.59642539604934 0.09229889881639672 0.008294507697202903 4.337384698210904 8.0 -1.0 -1.0 -1.0 -1.0 
284.15 31.16 20260420.0 -1.0 4.532131693687569 0.0 0.12345513278322082 0.11474068981130682 0.6403881390899406 8.0 -1.0 -1.0 -1.0 -1.0 
284.15 31.16 20260420.0 -1.0 1.85650415521 37.89111490448357 0.023309703733803873 0.013824179495338172 0.7095857770832592 1.0 -1.0 -1.0 -1.0 -1.0 
284.15 31.16 20260420.0 -1.0 0.05016723532396609 75.78222980896714 0.052598347163026186 0.006912089747669086 2.1023021852551396 8.0 -1.0 -1.0 -1.0 -1.0 
284.15 31.16 20260420.0 -1.0 32.846688858644185 113.67334471345072 0.0606845740349034 0.016589015394405805 1.491862353875522 1.0 -1.0 -1.0 -1.0 -1.0 
284.15 31.16 20260420.0 -1.0 0.03721287955679095 57.16446327974145 7.917532577300839 0.011059343596270537 50.681476860830095 32.0 13.667212086035665 1.0 0.855652615427971 61.224749529817366 
284.15 31.16 20260420.0 -1.0 88.02908501431 3.6871741976260144 3.7545462261036096 0.02211868719254107 44.13904328497336 4.0 49.16595359179072 16.0 29.343027563299987 3.6431255918569017 
284.15 31.16 20260420.0 -1.0 3.1668701177630756 70.69294414872898 1.7128659350506201 0.045619792334615966 10.283244206523863 16.0 10.283244452181222 16.0 3.1668605515733366 70.73735524188817 
284.15 31.16 20260420.0 -1.0 19.81316158956402 49.76358845141297 2.8657989853219537 0.016589015394405805 47.05497568377635 16.0 47.05497411507337 16.0 19.813160179182887 49.789383088710984 
284.15 31.16 20260420.0 -1.0 0.011214758244299367 151.5644596179343 1.9571727614076442 0.03732528463741307 1.484243159523688 4.0 -1.0 -1.0 -1.0 -1.0 
284.15 31.16 20260420.0 -1.0 0.8234244415576 189.45557452241786 2.330970373380388 0.10644618211410393 3.916959434914795 8.0 -1.0 -1.0 -1.0 -1.0 
284.15 31.16 20260420.0 -1.0 0.23932694474989313 227.34668942690143 1.4581976084928143 0.011059343596270537 28.53380020498579 32.0 28.922490201526767 32.0 0.23931837252651653 227.2905577586278 
284.15 31.16 20260420.0 -1.0 0.364169 265.237804331385 7.237456368940276 0.016589015394405805 103.87199594635835 32.0 76.11432547648445 32.0 0.7283536736698201 262.3050426136969 
284.53 31.16 20260420.0 -1.0 194.174757 83.34466007101864 0.4858124572854596 0.035942866687879244 1.6346255231661826 2.0 -1.0 -1.0 -1.0 -1.0 
284.53 31.16 20260420.0 -1.0 3.255405118685032 52.32207470781318 0.18265272784775224 0.03456044873834543 2.055686118481951 8.0 -1.0 -1.0 -1.0 -1.0 
284.53 31.16 20260420.0 -1.0 0.3854191 61.10509238207135 0.05810003816100462 0.02073626924300726 1.2918909124955835 32.0 -1.0 -1.0 -1.0 -1.0 
284.53 31.16 20260420.0 -1.0 0.12012180479939936 166.20585127923405 0.6234182015477384 0.030413194889743977 0.20903249319572312 16.0 -1.0 -1.0 -1.0 -1.0 
284.53 31.16 20260420.0 -1.0 0.621231324318 42.70641621428283 0.08788087844939613 0.03732528463741307 0.6534229546167099 1.0 -1.0 -1.0 -1.0 -1.0 
284.53 31.16 20260420.0 -1.0 0.4894559945292 83.23722254595125 0.022209288899663372 0.08570991287109667 1.7712848992783403 1.0 -1.0 -1.0 -1.0 -1.0 
284.53 31.16 20260420.0 -1.0 1.707709 0.0 0.020064587839707698 0.024883523091608708 1.766189486730652 32.0 -1.0 -1.0 -1.0 -1.0 
284.53 31.16 20260420.0 -1.0 3.121390202582 38.36670761245409 0.04518200471427629 0.03317803078881161 -0.26215084326289323 32.0 -1.0 -1.0 -1.0 -1.0 
284.53 31.16 20260420.0 -1.0 0.931029279866 115.10012283736228 0.043467415284654275 0.024883523091608708 1.518249564126608 32.0 -1.0 -1.0 -1.0 -1.0 
284.53 31.16 20260420.0 -1.0 9.629715252681091 153.46683044981637 0.0734322082789009 0.04285495643554833 1.9400268160048182 4.0 -1.0 -1.0 -1.0 -1.0 
284.53 31.16 20260420.0 -1.0 430.461054545748 191.83353806227046 0.0893501137040289 0.031795612839277794 0.9397674997949326 1.0 -1.0 -1.0 -1.0 -1.0 
284.53 31.16 20260420.0 -1.0 0.023719473348773057 230.20024567472456 0.09842361448831262 0.02764835899067634 0.5825248829661858 1.0 -1.0 -1.0 -1.0 -1.0 
284.53 31.16 20260420.0 -1.0 3.57361490181 268.56695328717865 0.47881529719724253 0.029030776940210157 1.712065799963418 1.0 -1.0 -1.0 -1.0 -1.0 
284.53 31.16 20260420.0 -1.0 0.0010762985944082135 70.45215706293325 9.449254360866355 0.01382417949533817 1.3600112128992403 4.0 -1.0 -1.0 -1.0 -1.0 
284.53 31.16 20260420.0 -1.0 0.25406039840352124 55.70635674743559 2.406235522250667 0.012441761545804354 42.279740462968405 32.0 42.67250190327392 32.0 0.254052186695238 56.569644606889106 
284.53 31.16 20260420.0 -1.0 249.25200211329474 51.08654316953833 7.292665413176159 0.016589015394405805 40.199223146324755 2.0 40.19922313560954 2.0 249.2519949252407 51.104956219103755 
284.53 31.16 20260420.0 -1.0 0.002637020132031692 77.22072114217808 1.4204149725036725 0.029030776940210157 1.0001485656144609 2.0 -1.0 -1.0 -1.0 -1.0 
284.53 31.16 20260420.0 -1.0 0.149096940909 47.94399556131752 6.247115967047402 0.006912089747669086 95.82400278861162 32.0 48.88370217446338 8.0 0.5963859924425682 47.765424426568266 
284.53 31.16 20260420.0 -1.0 4.249688210732 30.53911650040225 5.259834716302625 0.07741540517389377 18.566022359185187 8.0 19.093640406780025 16.0 4.2497049435041845 30.46057786524798 
284.53 31.16 20260420.0 -1.0 4.46970284042 76.73341522490819 7.744420018433866 0.04009012053648069 64.30416416368129 16.0 66.87330259778365 32.0 4.469711711863056 76.7080332952092 
284.53 31.16 20260420.0 -1.0 194.174757 83.34466007101864 0.4858124572854596 0.035942866687879244 1.6346255231661826 2.0 -1.0 -1.0 -1.0 -1.0 
284.53 31.16 20260420.0 -1.0 3.255405118685032 52.32207470781318 0.18265272784775224 0.03456044873834543 2.055686118481951 8.0 -1.0 -1.0 -1.0 -1.0 
284.53 31.16 20260420.0 -1.0 0.3854191 61.10509238207135 0.05810003816100462 0.02073626924300726 1.2918909124955835 32.0 -1.0 -1.0 -1.0 -1.0 
284.53 31.16 20260420.0 -1.0 0.12012180479939936 166.20585127923405 0.6234182015477384 0.030413194889743977 0.20903249319572312 16.0 -1.0 -1.0 -1.0 -1.0 
284.53 31.16 20260420.0 -1.0 0.621231324318 42.70641621428283 0.08788087844939613 0.03732528463741307 0.6534229546167099 1.0 -1.0 -1.0 -1.0 -1.0 
284.53 31.16 20260420.0 -1.0 0.4894559945292 83.23722254595125 0.022209288899663372 0.08570991287109667 1.7712848992783403 1.0 -1.0 -1.0 -1.0 -1.0 
284.53 31.16 20260420.0 -1.0 1.707709 0.0 0.020064587839707698 0.024883523091608708 1.766189486730652 32.0 -1.0 -1.0 -1.0 -1.0 
284.53 31.16 20260420.0 -1.0 3.121390202582 38.36670761245409 0.04518200471427629 0.03317803078881161 -0.26215084326289323 32.0 -1.0 -1.0 -1.0 -1.0 
284.53 31.16 20260420.0 -1.0 0.931029279866 115.10012283736228 0.043467415284654275 0.024883523091608708 1.518249564126608 32.0 -1.0 -1.0 -1.0 -1.0 
284.53 31.16 20260420.0 -1.0 9.629715252681091 153.46683044981637 0.0734322082789009 0.04285495643554833 1.9400268160048182 4.0 -1.0 -1.0 -1.0 -1.0 
284.53 31.16 20260420.0 -1.0 430.461054545748 191.83353806227046 0.0893501137040289 0.031795612839277794 0.9397674997949326 1.0 -1.0 -1.0 -1.0 -1.0 
284.53 31.16 20260420.0 -1.0 0.023719473348773057 230.20024567472456 0.09842361448831262 0.02764835899067634 0.5825248829661858 1.0 -1.0 -1.0 -1.0 -1.0 
284.53 31.16 20260420.0 -1.0 3.57361490181 268.56695328717865 0.47881529719724253 0.029030776940210157 1.712065799963418 1.0 -1.0 -1.0 -1.0 -1.0 
284.53 31.16 20260420.0 -1.0 0.0010762985944082135 70.45215706293325 9.449254360866355 0.01382417949533817 1.3600112128992403 4.0 -1.0 -1.0 -1.0 -1.0 
284.53 31.16 20260420.0 -1.0 0.25406039840352124 55.70635674743559 2.406235522250667 0.012441761545804354 42.279740462968405 32.0 42.67250190327392 32.0 0.254052186695238 56.569644606889106 
284.53 31.16 20260420.0 -1.0 249.25200211329474 51.08654316953833 7.292665413176159 0.016589015394405805 40.199223146324755 2.0 40.19922313560954 2.0 249.2519949252407 51.104956219103755 
284.53 31.16 20260420.0 -1.0 0.002637020132031692 77.22072114217808 1.4204149725036725 0.029030776940210157 1.0001485656144609 2.0 -1.0 -1.0 -1.0 -1.0 
284.53 31.16 20260420.0 -1.0 0.149096940909 47.94399556131752 6.247115967047402 0.006912089747669086 95.82400278861162 32.0 48.88370217446338 8.0 0.5963859924425682 47.765424426568266 
284.53 31.16 20260420.0 -1.0 4.249688210732 30.53911650040225 5.259834716302625 0.07741540517389377 18.566022359185187 8.0 19.093640406780025 16.0 4.2497049435041845 30.46057786524798 
284.53 31.16 20260420.0 -1.0 4.46970284042 76.73341522490819 7.744420018433866 0.04009012053648069 64.30416416368129 16.0 66.87330259778365 32.0 4.469711711863056 76.7080332952092 
284.53 31.16 20260420.0 -1.0 194.174757 83.34466007101864 0.4858124572854596 0.035942866687879244 1.6346255231661826 2.0 -1.0 -1.0 -1.0 -1.0 
284.53 31.16 20260420.0 -1.0 3.255405118685032 52.32207470781318 0.18265272784775224 0.03456044873834543 2.055686118481951 8.0 -1.0 -1.0 -1.0 -1.0 
284.53 31.16 20260420.0 -1.0 0.3854191 61.10509238207135 0.05810003816100462 0.02073626924300726 1.2918909124955835 32.0 -1.0 -1.0 -1.0 -1.0 
284.53 31.16 20260420.0 -1.0 0.12012180479939936 166.20585127923405 0.6234182015477384 0.030413194889743977 0.20903249319572312 16.0 -1.0 -1.0 -1.0 -1.0 
284.53 31.16 20260420.0 -1.0 0.621231324318 42.70641621428283 0.08788087844939613 0.03732528463741307 0.6534229546167099 1.0 -1.0 -1.0 -1.0 -1.0 
284.53 31.16 20260420.0 -1.0 0.4894559945292 83.23722254595125 0.022209288899663372 0.08570991287109667 1.7712848992783403 1.0 -1.0 -1.0 -1.0 -1.0 
284.53 31.16 20260420.0 -1.0 1.707709 0.0 0.020064587839707698 0.024883523091608708 1.766189486730652 32.0 -1.0 -1.0 -1.0 -1.0 
284.53 31.16 20260420.0 -1.0 3.121390202582 38.36670761245409 0.04518200471427629 0.03317803078881161 -0.26215084326289323 32.0 -1.0 -1.0 -1.0 -1.0 
284.53 31.16 20260420.0 -1.0 0.931029279866 115.10012283736228 0.043467415284654275 0.024883523091608708 1.518249564126608 32.0 -1.0 -1.0 -1.0 -1.0 
284.53 31.16 20260420.0 -1.0 9.629715252681091 153.46683044981637 0.0734322082789009 0.04285495643554833 1.9400268160048182 4.0 -1.0 -1.0 -1.0 -1.0 
284.53 31.16 20260420.0 -1.0 430.461054545748 191.83353806227046 0.0893501137040289 0.031795612839277794 0.9397674997949326 1.0 -1.0 -1.0 -1.0 -1.0 
284.53 31.16 20260420.0 -1.0 0.023719473348773057 230.20024567472456 0.09842361448831262 0.02764835899067634 0.5825248829661858 1.0 -1.0 -1.0 -1.0 -1.0 
284.53 31.16 20260420.0 -1.0 3.57361490181 268.56695328717865 0.47881529719724253 0.029030776940210157 1.712065799963418 1.0 -1.0 -1.0 -1.0 -1.0 
284.53 31.16 20260420.0 -1.0 0.0010762985944082135 70.45215706293325 9.449254360866355 0.01382417949533817 1.3600112128992403 4.0 -1.0 -1.0 -1.0 -1.0 
284.53 31.16 20260420.0 -1.0 0.25406039840352124 55.70635674743559 2.406235522250667 0.012441761545804354 42.279740462968405 32.0 42.67250190327392 32.0 0.254052186695238 56.569644606889106 
284.53 31.16 20260420.0 -1.0 249.25200211329474 51.08654316953833 7.292665413176159 0.016589015394405805 40.199223146324755 2.0 40.19922313560954 2.0 249.2519949252407 51.104956219103755 
284.53 31.16 20260420.0 -1.0 0.002637020132031692 77.22072114217808 1.4204149725036725 0.029030776940210157 1.0001485656144609 2.0 -1.0 -1.0 -1.0 -1.0 
284.53 31.16 20260420.0 -1.0 0.149096940909 47.94399556131752 6.247115967047402 0.006912089747669086 95.82400278861162 32.0 48.88370217446338 8.0 0.5963859924425682 47.765424426568266 
284.53 31.16 20260420.0 -1.0 4.249688210732 30.53911650040225 5.259834716302625 0.07741540517389377 18.566022359185187 8.0 19.093640406780025 16.0 4.2497049435041845 30.46057786524798 
284.53 31.16 20260420.0 -1.0 4.46970284042 76.73341522490819 7.744420018433866 0.04009012053648069 64.30416416368129 16.0 66.87330259778365 32.0 4.469711711863056 76.7080332952092 
284.9 31.16 20260420.0 -1.0 0.25058183188379657 63.940403668851246 0.7923004251845865 0.017971433343939622 6.97392423571134 32.0 7.936125811372433 32.0 0.25056579033844173 64.15948958992432 
284.9 31.16 20260420.0 -1.0 0.004493927383091948 57.17120277023562 0.05166201213960514 0.04285495643554833 0.24480940515243854 1.0 -1.0 -1.0 -1.0 -1.0 
284.9 31.16 20260420.0 -1.0 279.329609 15.08797790655291 0.0451196203330497 0.13962421290291552 -0.20989400998724259 1.0 -1.0 -1.0 -1.0 -1.0 
284.9 31.16 20260420.0 -1.0 305.10813096872624 38.54910391259825 0.030391229827701885 0.02350110514207489 1.1017330457925159 1.0 -1.0 -1.0 -1.0 -1.0 
284.9 31.16 20260420.0 -1.0 0.854781 38.83261031856436 0.05663374845755553 0.030413194889743977 0.8216864757801428 1.0 -1.0 -1.0 -1.0 -1.0 
284.9 31.16 20260420.0 -1.0 0.582564 116.49783095569309 0.14652664024818202 0.08432749492156286 0.7606309082407262 1.0 -1.0 -1.0 -1.0 -1.0 
284.9 31.16 20260420.0 -1.0 6.30957344480193 155.33044127425745 0.04915516484961509 0.12165277955897592 3.0481416380313564 1.0 -1.0 -1.0 -1.0 -1.0 
284.9 31.16 20260420.0 -1.0 81.22016464756041 194.16305159282183 0.06489051458090826 0.02073626924300726 0.7852219671168928 1.0 -1.0 -1.0 -1.0 -1.0 
284.9 31.16 20260420.0 -1.0 0.132180571 232.99566191138618 0.08554472200642586 0.013824179495338172 0.8477933934747491 1.0 -1.0 -1.0 -1.0 -1.0 
284.9 31.16 20260420.0 -1.0 3.618331919396013 39.391855831703005 8.978324947588142 0.07879782312342758 36.06841937263831 8.0 36.22250912694631 8.0 3.618333721533418 39.264798045568824 
284.9 31.16 20260420.0 -1.0 0.0022043335512826594 58.666407788002125 3.5748294374042393 0.06497364362808941 2.5478757908558562 1.0 -1.0 -1.0 -1.0 -1.0 
284.9 31.16 20260420.0 -1.0 1.5321247126260973 100.72244710590726 1.6118355570743061 0.017971433343939622 35.95572668685401 32.0 36.25973319245825 32.0 1.5321347746066751 100.59074550849334 
284.9 31.16 20260420.0 -1.0 0.478126 70.0843370145827 5.570248719345162 0.03456044873834543 38.62040195593887 32.0 38.801957674449405 32.0 0.47812136472202843 70.83855317499531 
284.9 31.16 20260420.0 -1.0 43.27524106540171 14.544266991001454 5.989323039447171 0.008294507697202903 96.06599551598048 8.0 98.39043546045825 32.0 14.425071033959588 14.572502367427607 
284.9 31.16 20260420.0 -1.0 0.003287848251159107 170.64367084582452 1.3011022597285766 0.015206597444871989 0.664744267903143 1.0 -1.0 -1.0 -1.0 -1.0 
284.9 31.16 20260420.0 -1.0 1.45234525892 113.8802512622525 4.3768747250644155 0.01520659744487199 77.90488830082654 32.0 77.90488846806163 32.0 1.45234177277113 113.84767474552818 
284.9 31.16 20260420.0 -1.0 0.0167272431430518 53.20211308670999 1.8777050000498472 0.04561979233461597 1.7594443096040349 8.0 -1.0 -1.0 -1.0 -1.0 
284.9 31.16 20260420.0 -1.0 0.762068243394 0.0 3.109204337711029 0.013824179495338172 40.879712160808744 32.0 -1.0 -1.0 -1.0 -1.0 
284.9 31.16 20260420.0 -1.0 1.89273345976 77.66522063712873 2.3797846217159146 0.03456044873834543 24.4704728185934 16.0 24.490138748341693 16.0 1.892719107369582 77.72001262628058 
284.9 31.16 20260420.0 -1.0 0.0013357810993506606 271.8282722299505 1.8152058921173786 0.042854956435548326 6.708104331134834 1.0 -1.0 -1.0 -1.0 -1.0 
284.9 31.16 20260420.0 -1.0 0.25058183188379657 63.940403668851246 0.7923004251845865 0.017971433343939622 6.888628801873905 32.0 7.860284408500426 32.0 0.25056579033844173 64.15948958992432 
284.9 31.16 20260420.0 -1.0 0.004493927383091948 57.17120277023562 0.05166201213960514 0.04285495643554833 0.24480941664147696 1.0 -1.0 -1.0 -1.0 -1.0 
284.9 31.16 20260420.0 -1.0 279.329609 15.08797790655291 0.0451196203330497 0.13962421290291552 -0.20925802353520875 1.0 -1.0 -1.0 -1.0 -1.0 
284.9 31.16 20260420.0 -1.0 305.10813096872624 38.54910391259825 0.030391229827701885 0.02350110514207489 1.101692399286704 1.0 -1.0 -1.0 -1.0 -1.0 
284.9 31.16 20260420.0 -1.0 0.854781 38.83261031856436 0.05663374845755553 0.030413194889743977 0.8096039593174592 1.0 -1.0 -1.0 -1.0 -1.0 
284.9 31.16 20260420.0 -1.0 0.582564 116.49783095569309 0.14652664024818202 0.08432749492156286 0.7606312218370582 1.0 -1.0 -1.0 -1.0 -1.0 
284.9 31.16 20260420.0 -1.0 6.30957344480193 155.33044127425745 0.04915516484961509 0.12165277955897592 3.048141637110124 1.0 -1.0 -1.0 -1.0 -1.0 
284.9 31.16 20260420.0 -1.0 81.22016464756041 194.16305159282183 0.06489051458090826 0.02073626924300726 0.7853542218574368 1.0 -1.0 -1.0 -1.0 -1.0 
284.9 31.16 20260420.0 -1.0 0.132180571 232.99566191138618 0.08554472200642586 0.013824179495338172 1.042337280899978 32.0 -1.0 -1.0 -1.0 -1.0 
284.9 31.16 20260420.0 -1.0 3.618331919396013 39.391855831703005 8.978324947588142 0.07879782312342758 36.05998439872376 8.0 36.221138947956035 8.0 3.618333721533418 39.264798045568824 
284.9 31.16 20260420.0 -1.0 0.0022043335512826594 58.666407788002125 3.5748294374042393 0.06497364362808941 2.5478785817115583 1.0 -1.0 -1.0 -1.0 -1.0 
284.9 31.16 20260420.0 -1.0 1.5321247126260973 100.72244710590726 1.6118355570743061 0.017971433343939622 35.974030528064716 32.0 36.26541191021553 32.0 1.5321347746066751 100.59074550849334 
284.9 31.16 20260420.0 -1.0 0.478126 70.0843370145827 5.570248719345162 0.03456044873834543 38.61927499490837 32.0 38.80466105478894 32.0 0.47812136472202843 70.83855317499531 
284.9 31.16 20260420.0 -1.0 43.27524106540171 14.544266991001454 5.989323039447171 0.008294507697202903 96.08383646582337 8.0 98.40797547729693 32.0 14.425071033959588 14.572502367427607 
284.9 31.16 20260420.0 -1.0 0.003287848251159107 170.64367084582452 1.3011022597285766 0.015206597444871989 0.6647835464509944 1.0 -1.0 -1.0 -1.0 -1.0 
284.9 31.16 20260420.0 -1.0 1.45234525892 113.8802512622525 4.3768747250644155 0.01520659744487199 77.87636412333298 32.0 77.87636334766113 32.0 1.45234177277113 113.84767474552818 
284.9 31.16 20260420.0 -1.0 0.0167272431430518 53.20211308670999 1.8777050000498472 0.04561979233461597 1.7594443096040349 8.0 -1.0 -1.0 -1.0 -1.0 
284.9 31.16 20260420.0 -1.0 0.762068243394 0.0 3.109204337711029 0.013824179495338172 40.84907059792309 32.0 -1.0 -1.0 -1.0 -1.0 
284.9 31.16 20260420.0 -1.0 1.89273345976 77.66522063712873 2.3797846217159146 0.03456044873834543 24.476377330320172 16.0 24.488004295193733 16.0 1.892719107369582 77.72001262628058 
284.9 31.16 20260420.0 -1.0 0.0013357810993506606 271.8282722299505 1.8152058921173786 0.042854956435548326 6.708102687393628 1.0 -1.0 -1.0 -1.0 -1.0 
284.9 31.16 20260420.0 -1.0 0.25058183188379657 63.940403668851246 0.7923004251845865 0.017971433343939622 6.888628801873905 32.0 7.860284408500426 32.0 0.25056579033844173 64.15948958992432 
284.9 31.16 20260420.0 -1.0 0.004493927383091948 57.17120277023562 0.05166201213960514 0.04285495643554833 0.24480941664147696 1.0 -1.0 -1.0 -1.0 -1.0 
284.9 31.16 20260420.0 -1.0 279.329609 15.08797790655291 0.0451196203330497 0.13962421290291552 -0.20925802353520875 1.0 -1.0 -1.0 -1.0 -1.0 
284.9 31.16 20260420.0 -1.0 305.10813096872624 38.54910391259825 0.030391229827701885 0.02350110514207489 1.101692399286704 1.0 -1.0 -1.0 -1.0 -1.0 
284.9 31.16 20260420.0 -1.0 0.854781 38.83261031856436 0.05663374845755553 0.030413194889743977 0.8096039593174592 1.0 -1.0 -1.0 -1.0 -1.0 
284.9 31.16 20260420.0 -1.0 0.582564 116.49783095569309 0.14652664024818202 0.08432749492156286 0.7606312218370582 1.0 -1.0 -1.0 -1.0 -1.0 
284.9 31.16 20260420.0 -1.0 6.30957344480193 155.33044127425745 0.04915516484961509 0.12165277955897592 3.048141637110124 1.0 -1.0 -1.0 -1.0 -1.0 
284.9 31.16 20260420.0 -1.0 81.22016464756041 194.16305159282183 0.06489051458090826 0.02073626924300726 0.7853542218574368 1.0 -1.0 -1.0 -1.0 -1.0 
284.9 31.16 20260420.0 -1.0 0.132180571 232.99566191138618 0.08554472200642586 0.013824179495338172 1.042337280899978 32.0 -1.0 -1.0 -1.0 -1.0 
284.9 31.16 20260420.0 -1.0 3.618331919396013 39.391855831703005 8.978324947588142 0.07879782312342758 36.05998439872376 8.0 36.221138947956035 8.0 3.618333721533418 39.264798045568824 
284.9 31.16 20260420.0 -1.0 0.0022043335512826594 58.666407788002125 3.5748294374042393 0.06497364362808941 2.5478785817115583 1.0 -1.0 -1.0 -1.0 -1.0 
284.9 31.16 20260420.0 -1.0 1.5321247126260973 100.72244710590726 1.6118355570743061 0.017971433343939622 35.974030528064716 32.0 36.26541191021553 32.0 1.5321347746066751 100.59074550849334 
284.9 31.16 20260420.0 -1.0 0.478126 70.0843370145827 5.570248719345162 0.03456044873834543 38.61927499490837 32.0 38.80466105478894 32.0 0.47812136472202843 70.83855317499531 
284.9 31.16 20260420.0 -1.0 43.27524106540171 14.544266991001454 5.989323039447171 0.008294507697202903 96.08383646582337 8.0 98.40797547729693 32.0 14.425071033959588 14.572502367427607 
284.9 31.16 20260420.0 -1.0 0.003287848251159107 170.64367084582452 1.3011022597285766 0.015206597444871989 0.6647835464509944 1.0 -1.0 -1.0 -1.0 -1.0 
284.9 31.16 20260420.0 -1.0 1.45234525892 113.8802512622525 4.3768747250644155 0.01520659744487199 77.87636412333298 32.0 77.87636334766113 32.0 1.45234177277113 113.84767474552818 
284.9 31.16 20260420.0 -1.0 0.0167272431430518 53.20211308670999 1.8777050000498472 0.04561979233461597 1.7594443096040349 8.0 -1.0 -1.0 -1.0 -1.0 
284.9 31.16 20260420.0 -1.0 0.762068243394 0.0 3.109204337711029 0.013824179495338172 40.84907059792309 32.0 -1.0 -1.0 -1.0 -1.0 
284.9 31.16 20260420.0 -1.0 1.89273345976 77.66522063712873 2.3797846217159146 0.03456044873834543 24.476377330320172 16.0 24.488004295193733 16.0 1.892719107369582 77.72001262628058 
284.9 31.16 20260420.0 -1.0 0.0013357810993506606 271.8282722299505 1.8152058921173786 0.042854956435548326 6.708102687393628 1.0 -1.0 -1.0 -1.0 -1.0 
285.28 31.16 20260420.0 -1.0 257.4004155493247 75.26108907131143 0.12465496208633538 0.012441761545804354 0.5944996527715369 1.0 -1.0 -1.0 -1.0 -1.0 
285.28 31.16 20260420.0 -1.0 0.7412385250259942 107.7952567847883 0.016399155431805004 0.09123958466923193 2.23860652210258 1.0 -1.0 -1.0 -1.0 -1.0 
285.28 31.16 20260420.0 -1.0 92.79872660216681 29.999753293798737 0.026949024815046144 0.017971433343939622 1.0788076618006621 2.0 -1.0 -1.0 -1.0 -1.0 
285.28 31.16 20260420.0 -1.0 183.150183 112.2855779848702 0.22239996444081098 0.03456044873834543 1.5658845906534944 2.0 -1.0 -1.0 -1.0 -1.0 
285.28 31.16 20260420.0 -1.0 0.724541971 51.54227586106284 0.5448458249913325 0.030413194889743977 2.562271151766931 8.0 -1.0 -1.0 -1.0 -1.0 
285.28 31.16 20260420.0 -1.0 0.0027357715691219368 62.91959276679184 0.2704227371659052 0.035942866687879244 0.40637050703412575 1.0 -1.0 -1.0 -1.0 -1.0 
285.28 31.16 20260420.0 -1.0 5.455692 77.6853115596992 0.02110242829549124 0.08294507697202903 1.8053735355864817 8.0 -1.0 -1.0 -1.0 -1.0 
285.28 31.16 20260420.0 -1.0 2.79537 37.658092518478306 0.029440616134162323 0.03456044873834543 0.48079592806015176 4.0 -1.0 -1.0 -1.0 -1.0 
285.28 31.16 20260420.0 -1.0 1.157564675162 0.0 0.3094204795719363 0.04147253848601452 1.0387807651814382 4.0 -1.0 -1.0 -1.0 -1.0 
285.28 31.16 20260420.0 -1.0 0.04232292065881791 39.35032574900873 0.1748736087702011 0.027648358990676344 0.7133809842431855 1.0 -1.0 -1.0 -1.0 -1.0 
285.28 31.16 20260420.0 -1.0 4.2340633683 196.75162874504366 0.13110273782441131 0.05391430003181887 1.6179740628354564 1.0 -1.0 -1.0 -1.0 -1.0 
285.28 31.16 20260420.0 -1.0 297.619048 236.1019544940524 0.015974245037904646 0.023501105142074895 0.7843217484198984 1.0 -1.0 -1.0 -1.0 -1.0 
285.28 31.16 20260420.0 -1.0 270.04262113057 188.5383944377948 2.7135845277589143 0.06635606157762322 6.132325663386072 1.0 -1.0 -1.0 -1.0 -1.0 
285.28 31.16 20260420.0 -1.0 12.608085313 5.785076392743558 7.9889600429352345 0.019353851293473442 118.08374519020221 32.0 118.12984153988208 32.0 12.608082518757632 5.76828218710676 
285.28 31.16 20260420.0 -1.0 2.4718570439343 58.53946349800029 3.924274478316304 0.1534483923982537 5.821740664082668 4.0 6.148915584013702 4.0 2.471885333458583 56.569644606889106 
285.28 31.16 20260420.0 -1.0 0.2697008734407655 90.38493164091244 1.473386993275719 0.11474068981130682 1.6127179727338496 4.0 -1.0 -1.0 -1.0 -1.0 
285.28 31.16 20260420.0 -1.0 14.832641066111385 78.70065149801746 1.1681718877884386 0.012441761545804354 15.906241888181398 8.0 15.906241562823425 8.0 14.832645926314097 78.73199195735194 
285.28 31.16 20260420.0 -1.0 0.003987817676680583 118.0509772470262 2.8089554702739137 0.013824179495338172 2.2416979915881856 1.0 -1.0 -1.0 -1.0 -1.0 
285.28 31.16 20260420.0 -1.0 4.637474265324079 157.40130299603493 1.072267222010323 0.047002210284149776 6.408090704800317 8.0 6.498865577702649 8.0 4.6374528513600435 157.56518184781098 
285.28 31.16 20260420.0 -1.0 0.655623504347 275.4522802430611 1.2859110287031283 0.026265941041142528 4.783505035856088 16.0 -1.0 -1.0 -1.0 -1.0 
285.28 31.16 20260420.0 -1.0 257.4004155493247 75.26108907131143 0.12465496208633538 0.012441761545804354 0.5944593981391947 1.0 -1.0 -1.0 -1.0 -1.0 
285.28 31.16 20260420.0 -1.0 0.7412385250259942 107.7952567847883 0.016399155431805004 0.09123958466923193 2.238606522109874 1.0 -1.0 -1.0 -1.0 -1.0 
285.28 31.16 20260420.0 -1.0 92.79872660216681 29.999753293798737 0.026949024815046144 0.017971433343939622 1.0791242344389425 2.0 -1.0 -1.0 -1.0 -1.0 
285.28 31.16 20260420.0 -1.0 183.150183 112.2855779848702 0.22239996444081098 0.03456044873834543 1.5662139659745025 2.0 -1.0 -1.0 -1.0 -1.0 
285.28 31.16 20260420.0 -1.0 0.724541971 51.54227586106284 0.5448458249913325 0.030413194889743977 2.561912348339013 8.0 -1.0 -1.0 -1.0 -1.0 
285.28 31.16 20260420.0 -1.0 0.0027357715691219368 62.91959276679184 0.2704227371659052 0.035942866687879244 0.0313071887310637 1.0 -1.0 -1.0 -1.0 -1.0 
285.28 31.16 20260420.0 -1.0 5.455692 77.6853115596992 0.02110242829549124 0.08294507697202903 1.8049938585618919 8.0 -1.0 -1.0 -1.0 -1.0 
285.28 31.16 20260420.0 -1.0 2.79537 37.658092518478306 0.029440616134162323 0.03456044873834543 0.4807956826803117 4.0 -1.0 -1.0 -1.0 -1.0 
285.28 31.16 20260420.0 -1.0 1.157564675162 0.0 0.3094204795719363 0.04147253848601452 1.0387839865477302 4.0 -1.0 -1.0 -1.0 -1.0 
285.28 31.16 20260420.0 -1.0 0.04232292065881791 39.35032574900873 0.1748736087702011 0.027648358990676344 0.7133809794067473 1.0 -1.0 -1.0 -1.0 -1.0 
285.28 31.16 20260420.0 -1.0 4.2340633683 196.75162874504366 0.13110273782441131 0.05391430003181887 1.6179744297178824 1.0 -1.0 -1.0 -1.0 -1.0 
285.28 31.16 20260420.0 -1.0 297.619048 236.1019544940524 0.015974245037904646 0.023501105142074895 0.784369768048889 1.0 -1.0 -1.0 -1.0 -1.0 
285.28 31.16 20260420.0 -1.0 270.04262113057 188.5383944377948 2.7135845277589143 0.06635606157762322 6.131509401206021 1.0 -1.0 -1.0 -1.0 -1.0 
285.28 31.16 20260420.0 -1.0 12.608085313 5.785076392743558 7.9889600429352345 0.019353851293473442 122.98008693000303 32.0 122.98008711338007 32.0 12.608082518757632 5.76828218710676 
285.28 31.16 20260420.0 -1.0 2.4718570439343 58.53946349800029 3.924274478316304 0.1534483923982537 5.824019870441861 4.0 6.149504725647657 4.0 2.471885333458583 56.569644606889106 
285.28 31.16 20260420.0 -1.0 0.2697008734407655 90.38493164091244 1.473386993275719 0.11474068981130682 1.612751265054275 4.0 -1.0 -1.0 -1.0 -1.0 
285.28 31.16 20260420.0 -1.0 14.832641066111385 78.70065149801746 1.1681718877884386 0.012441761545804354 15.911402517021028 8.0 15.911401964406148 8.0 14.832645926314097 78.73199195735194 
285.28 31.16 20260420.0 -1.0 0.003987817676680583 118.0509772470262 2.8089554702739137 0.013824179495338172 2.241721916974739 1.0 -1.0 -1.0 -1.0 -1.0 
285.28 31.16 20260420.0 -1.0 4.637474265324079 157.40130299603493 1.072267222010323 0.047002210284149776 6.40817299552509 8.0 6.496526202036442 8.0 4.6374528513600435 157.56518184781098 
285.28 31.16 20260420.0 -1.0 0.655623504347 275.4522802430611 1.2859110287031283 0.026265941041142528 4.783577894402296 16.0 -1.0 -1.0 -1.0 -1.0 
285.28 31.16 20260420.0 -1.0 257.4004155493247 75.26108907131143 0.12465496208633538 0.012441761545804354 0.5944593981391947 1.0 -1.0 -1.0 -1.0 -1.0 
285.28 31.16 20260420.0 -1.0 0.7412385250259942 107.7952567847883 0.016399155431805004 0.09123958466923193 2.238606522109874 1.0 -1.0 -1.0 -1.0 -1.0 
285.28 31.16 20260420.0 -1.0 92.79872660216681 29.999753293798737 0.026949024815046144 0.017971433343939622 1.0791242344389425 2.0 -1.0 -1.0 -1.0 -1.0 
285.28 31.16 20260420.0 -1.0 183.150183 112.2855779848702 0.22239996444081098 0.03456044873834543 1.5662139659745025 2.0 -1.0 -1.0 -1.0 -1.0 
285.28 31.16 20260420.0 -1.0 0.724541971 51.54227586106284 0.5448458249913325 0.030413194889743977 2.561912348339013 8.0 -1.0 -1.0 -1.0 -1.0 
285.28 31.16 20260420.0 -1.0 0.0027357715691219368 62.91959276679184 0.2704227371659052 0.035942866687879244 0.0313071887310637 1.0 -1.0 -1.0 -1.0 -1.0 
285.28 31.16 20260420.0 -1.0 5.455692 77.6853115596992 0.02110242829549124 0.08294507697202903 1.8049938585618919 8.0 -1.0 -1.0 -1.0 -1.0 
285.28 31.16 20260420.0 -1.0 2.79537 37.658092518478306 0.029440616134162323 0.03456044873834543 0.4807956826803117 4.0 -1.0 -1.0 -1.0 -1.0 
285.28 31.16 20260420.0 -1.0 1.157564675162 0.0 0.3094204795719363 0.04147253848601452 1.0387839865477302 4.0 -1.0 -1.0 -1.0 -1.0 
285.28 31.16 20260420.0 -1.0 0.04232292065881791 39.35032574900873 0.1748736087702011 0.027648358990676344 0.7133809794067473 1.0 -1.0 -1.0 -1.0 -1.0 
285.28 31.16 20260420.0 -1.0 4.2340633683 196.75162874504366 0.13110273782441131 0.05391430003181887 1.6179744297178824 1.0 -1.0 -1.0 -1.0 -1.0 
285.28 31.16 20260420.0 -1.0 297.619048 236.1019544940524 0.015974245037904646 0.023501105142074895 0.784369768048889 1.0 -1.0 -1.0 -1.0 -1.0 
285.28 31.16 20260420.0 -1.0 270.04262113057 188.5383944377948 2.7135845277589143 0.06635606157762322 6.131509401206021 1.0 -1.0 -1.0 -1.0 -1.0 
285.28 31.16 20260420.0 -1.0 12.608085313 5.785076392743558 7.9889600429352345 0.019353851293473442 122.98008693000303 32.0 122.98008711338007 32.0 12.608082518757632 5.76828218710676 
285.28 31.16 20260420.0 -1.0 2.4718570439343 58.53946349800029 3.924274478316304 0.1534483923982537 5.824019870441861 4.0 6.149504725647657 4.0 2.471885333458583 56.569644606889106 
285.28 31.16 20260420.0 -1.0 0.2697008734407655 90.38493164091244 1.473386993275719 0.11474068981130682 1.612751265054275 4.0 -1.0 -1.0 -1.0 -1.0 
285.28 31.16 20260420.0 -1.0 14.832641066111385 78.70065149801746 1.1681718877884386 0.012441761545804354 15.911402517021028 8.0 15.911401964406148 8.0 14.832645926314097 78.73199195735194 
285.28 31.16 20260420.0 -1.0 0.003987817676680583 118.0509772470262 2.8089554702739137 0.013824179495338172 2.241721916974739 1.0 -1.0 -1.0 -1.0 -1.0 
285.28 31.16 20260420.0 -1.0 4.637474265324079 157.40130299603493 1.072267222010323 0.047002210284149776 6.40817299552509 8.0 6.496526202036442 8.0 4.6374528513600435 157.56518184781098 
285.28 31.16 20260420.0 -1.0 0.655623504347 275.4522802430611 1.2859110287031283 0.026265941041142528 4.783577894402296 16.0 -1.0 -1.0 -1.0 -1.0 
285.65 31.15 20260420.0 -1.0 213.59893407472 121.44392128187256 0.17927732049023584 0.027648358990676344 0.8314201821976216 1.0 -1.0 -1.0 -1.0 -1.0 
285.65 31.15 20260420.0 -1.0 0.0010092333577727544 56.51931402035182 0.029953504740184676 0.022118687192541075 0.7883262509052055 1.0 -1.0 -1.0 -1.0 -1.0 
285.65 31.15 20260420.0 -1.0 1.577139 151.9933923976161 0.05223622660088885 0.031795612839277794 0.8185334630093009 16.0 -1.0 -1.0 -1.0 -1.0 
285.65 31.15 20260420.0 -1.0 0.1687760911319839 99.21596972050891 0.02402913148330111 0.05253188208228505 0.6086829576705856 16.0 -1.0 -1.0 -1.0 -1.0 
285.65 31.15 20260420.0 -1.0 1.861701334345 20.7200251991606 0.7172747925877022 0.016589015394405805 11.015273255849024 32.0 11.175967991922711 32.0 1.861705338039125 20.84677422007005 
285.65 31.15 20260420.0 -1.0 0.696228754897 161.85076287646203 0.2194998073532578 0.026265941041142524 1.258490379662474 4.0 -1.0 -1.0 -1.0 -1.0 
285.65 31.15 20260420.0 -1.0 0.56780822690031 19.267947961483575 0.3174316050154982 0.012441761545804354 1.9537885079219974 32.0 -1.0 -1.0 -1.0 -1.0 
285.65 31.15 20260420.0 -1.0 1.00399242379 62.63479315595313 0.12336987392357227 0.10921101801317155 -0.717202030284318 4.0 -1.0 -1.0 -1.0 -1.0 
285.65 31.15 20260420.0 -1.0 0.562778 79.77648516226678 0.402031818216859 0.03732528463741307 2.2096600321657114 8.0 -1.0 -1.0 -1.0 -1.0 
285.65 31.15 20260420.0 -1.0 19.979243 119.66472774340016 0.021844088802215278 0.015206597444871992 1.2857803077977104 1.0 -1.0 -1.0 -1.0 -1.0 
285.65 31.15 20260420.0 -1.0 24.8169210543861 199.44121290566696 0.06749676032594977 0.016589015394405805 1.518237673093896 2.0 -1.0 -1.0 -1.0 -1.0 
285.65 31.15 20260420.0 -1.0 8.351100256070806 279.2176980679337 0.12000737073062885 0.024883523091608708 0.5899194876531264 1.0 -1.0 -1.0 -1.0 -1.0 
285.65 31.15 20260420.0 -1.0 1.979022 123.45448976480999 1.296615715520493 0.024883523091608708 13.825739340277485 32.0 14.142740650104356 32.0 1.9790301545678328 123.25908252449184 
285.65 31.15 20260420.0 -1.0 0.890226 35.799288821191226 6.934004168588271 0.0027648358990676344 371.93178812345724 32.0 230.87256577298731 32.0 0.5934756093968948 35.52047452060479 
285.65 31.15 20260420.0 -1.0 0.014176715704922844 139.12016919436402 8.935011370402894 0.11612310776084064 1.4587074385736618 1.0 -1.0 -1.0 -1.0 -1.0 
285.65 31.15 20260420.0 -1.0 3.2558702476 37.92155555318072 1.534682715483254 0.012441761545804354 26.38725025383832 32.0 26.489595074514313 32.0 3.255869766386847 37.94922491517605 
285.65 31.15 20260420.0 -1.0 210.16660682455 0.0 3.6045884399314216 0.017971433343939622 20.009509909577865 2.0 -1.0 -1.0 -1.0 -1.0 
285.65 31.15 20260420.0 -1.0 0.1147265319451209 39.88824258113339 3.891876190394204 0.024883523091608708 15.447095435923805 32.0 15.976397385626983 32.0 0.11471759838362536 42.09834017256864 
285.65 31.15 20260420.0 -1.0 308.86 159.55297032453356 3.7261224747125095 0.01105934359627054 16.432380220828417 1.0 -1.0 -1.0 -1.0 -1.0 
285.65 31.15 20260420.0 -1.0 0.698779588461 239.32945548680033 2.8936509629749443 0.052531882082285056 14.743185013948526 16.0 14.85443989448535 16.0 0.6987950958621999 239.0295179990556 
285.65 31.15 20260420.0 -1.0 213.59893407472 121.44392128187256 0.17927732049023584 0.027648358990676344 0.8314201821976216 1.0 -1.0 -1.0 -1.0 -1.0 
285.65 31.15 20260420.0 -1.0 0.0010092333577727544 56.51931402035182 0.029953504740184676 0.022118687192541075 0.7883262509052055 1.0 -1.0 -1.0 -1.0 -1.0 
285.65 31.15 20260420.0 -1.0 1.577139 151.9933923976161 0.05223622660088885 0.031795612839277794 0.8185334630093009 16.0 -1.0 -1.0 -1.0 -1.0 
285.65 31.15 20260420.0 -1.0 0.1687760911319839 99.21596972050891 0.02402913148330111 0.05253188208228505 0.6086829576705856 16.0 -1.0 -1.0 -1.0 -1.0 
285.65 31.15 20260420.0 -1.0 1.861701334345 20.7200251991606 0.7172747925877022 0.016589015394405805 11.015273255849024 32.0 11.175967991922711 32.0 1.861705338039125 20.84677422007005 
285.65 31.15 20260420.0 -1.0 0.696228754897 161.85076287646203 0.2194998073532578 0.026265941041142524 1.258490379662474 4.0 -1.0 -1.0 -1.0 -1.0 
285.65 31.15 20260420.0 -1.0 0.56780822690031 19.267947961483575 0.3174316050154982 0.012441761545804354 1.9537885079219974 32.0 -1.0 -1.0 -1.0 -1.0 
285.65 31.15 20260420.0 -1.0 1.00399242379 62.63479315595313 0.12336987392357227 0.10921101801317155 -0.717202030284318 4.0 -1.0 -1.0 -1.0 -1.0 
285.65 31.15 20260420.0 -1.0 0.562778 79.77648516226678 0.402031818216859 0.03732528463741307 2.2096600321657114 8.0 -1.0 -1.0 -1.0 -1.0 
285.65 31.15 20260420.0 -1.0 19.979243 119.66472774340016 0.021844088802215278 0.015206597444871992 1.2857803077977104 1.0 -1.0 -1.0 -1.0 -1.0 
285.65 31.15 20260420.0 -1.0 24.8169210543861 199.44121290566696 0.06749676032594977 0.016589015394405805 1.518237673093896 2.0 -1.0 -1.0 -1.0 -1.0 
285.65 31.15 20260420.0 -1.0 8.351100256070806 279.2176980679337 0.12000737073062885 0.024883523091608708 0.5899194876531264 1.0 -1.0 -1.0 -1.0 -1.0 
285.65 31.15 20260420.0 -1.0 1.979022 123.45448976480999 1.296615715520493 0.024883523091608708 13.825739340277485 32.0 14.142740650104356 32.0 1.9790301545678328 123.25908252449184 
285.65 31.15 20260420.0 -1.0 0.890226 35.799288821191226 6.934004168588271 0.0027648358990676344 371.93178812345724 32.0 230.87256577298731 32.0 0.5934756093968948 35.52047452060479 
285.65 31.15 20260420.0 -1.0 0.014176715704922844 139.12016919436402 8.935011370402894 0.11612310776084064 1.4587074385736618 1.0 -1.0 -1.0 -1.0 -1.0 
285.65 31.15 20260420.0 -1.0 3.2558702476 37.92155555318072 1.534682715483254 0.012441761545804354 26.38725025383832 32.0 26.489595074514313 32.0 3.255869766386847 37.94922491517605 
285.65 31.15 20260420.0 -1.0 210.16660682455 0.0 3.6045884399314216 0.017971433343939622 20.009509909577865 2.0 -1.0 -1.0 -1.0 -1.0 
285.65 31.15 20260420.0 -1.0 0.1147265319451209 39.88824258113339 3.891876190394204 0.024883523091608708 15.447095435923805 32.0 15.976397385626983 32.0 0.11471759838362536 42.09834017256864 
285.65 31.15 20260420.0 -1.0 308.86 159.55297032453356 3.7261224747125095 0.01105934359627054 16.432380220828417 1.0 -1.0 -1.0 -1.0 -1.0 
285.65 31.15 20260420.0 -1.0 0.698779588461 239.32945548680033 2.8936509629749443 0.052531882082285056 14.743185013948526 16.0 14.85443989448535 16.0 0.6987950958621999 239.0295179990556 
285.65 31.15 20260420.0 -1.0 213.59893407472 121.44392128187256 0.17927732049023584 0.027648358990676344 0.8314201821976216 1.0 -1.0 -1.0 -1.0 -1.0 
285.65 31.15 20260420.0 -1.0 0.0010092333577727544 56.51931402035182 0.029953504740184676 0.022118687192541075 0.7883262509052055 1.0 -1.0 -1.0 -1.0 -1.0 
285.65 31.15 20260420.0 -1.0 1.577139 151.9933923976161 0.05223622660088885 0.031795612839277794 0.8185334630093009 16.0 -1.0 -1.0 -1.0 -1.0 
285.65 31.15 20260420.0 -1.0 0.1687760911319839 99.21596972050891 0.02402913148330111 0.05253188208228505 0.6086829576705856 16.0 -1.0 -1.0 -1.0 -1.0 
285.65 31.15 20260420.0 -1.0 1.861701334345 20.7200251991606 0.7172747925877022 0.016589015394405805 11.015273255849024 32.0 11.175967991922711 32.0 1.861705338039125 20.84677422007005 
285.65 31.15 20260420.0 -1.0 0.696228754897 161.85076287646203 0.2194998073532578 0.026265941041142524 1.258490379662474 4.0 -1.0 -1.0 -1.0 -1.0 
285.65 31.15 20260420.0 -1.0 0.56780822690031 19.267947961483575 0.3174316050154982 0.012441761545804354 1.9537885079219974 32.0 -1.0 -1.0 -1.0 -1.0 
285.65 31.15 20260420.0 -1.0 1.00399242379 62.63479315595313 0.12336987392357227 0.10921101801317155 -0.717202030284318 4.0 -1.0 -1.0 -1.0 -1.0 
285.65 31.15 20260420.0 -1.0 0.562778 79.77648516226678 0.402031818216859 0.03732528463741307 2.2096600321657114 8.0 -1.0 -1.0 -1.0 -1.0 
285.65 31.15 20260420.0 -1.0 19.979243 119.66472774340016 0.021844088802215278 0.015206597444871992 1.2857803077977104 1.0 -1.0 -1.0 -1.0 -1.0 
285.65 31.15 20260420.0 -1.0 24.8169210543861 199.44121290566696 0.06749676032594977 0.016589015394405805 1.518237673093896 2.0 -1.0 -1.0 -1.0 -1.0 
285.65 31.15 20260420.0 -1.0 8.351100256070806 279.2176980679337 0.12000737073062885 0.024883523091608708 0.5899194876531264 1.0 -1.0 -1.0 -1.0 -1.0 
285.65 31.15 20260420.0 -1.0 1.979022 123.45448976480999 1.296615715520493 0.024883523091608708 13.825739340277485 32.0 14.142740650104356 32.0 1.9790301545678328 123.25908252449184 
285.65 31.15 20260420.0 -1.0 0.890226 35.799288821191226 6.934004168588271 0.0027648358990676344 371.93178812345724 32.0 230.87256577298731 32.0 0.5934756093968948 35.52047452060479 
285.65 31.15 20260420.0 -1.0 0.014176715704922844 139.12016919436402 8.935011370402894 0.11612310776084064 1.4587074385736618 1.0 -1.0 -1.0 -1.0 -1.0 
285.65 31.15 20260420.0 -1.0 3.2558702476 37.92155555318072 1.534682715483254 0.012441761545804354 26.38725025383832 32.0 26.489595074514313 32.0 3.255869766386847 37.94922491517605 
285.65 31.15 20260420.0 -1.0 210.16660682455 0.0 3.6045884399314216 0.017971433343939622 20.009509909577865 2.0 -1.0 -1.0 -1.0 -1.0 
285.65 31.15 20260420.0 -1.0 0.1147265319451209 39.88824258113339 3.891876190394204 0.024883523091608708 15.447095435923805 32.0 15.976397385626983 32.0 0.11471759838362536 42.09834017256864 
285.65 31.15 20260420.0 -1.0 308.86 159.55297032453356 3.7261224747125095 0.01105934359627054 16.432380220828417 1.0 -1.0 -1.0 -1.0 -1.0 
285.65 31.15 20260420.0 -1.0 0.698779588461 239.32945548680033 2.8936509629749443 0.052531882082285056 14.743185013948526 16.0 14.85443989448535 16.0 0.6987950958621999 239.0295179990556 
286.87 4.02 20260420.0 -1.0 2.6152212466828 29.63470968337494 0.01225205170424985 0.019353851293473442 1.3480782856856846 2.0 -1.0 -1.0 -1.0 -1.0 
286.87 4.02 20260420.0 -1.0 0.9506580924 57.33450705065323 0.01690529689206086 0.016589015394405805 0.9290087137445958 1.0 -1.0 -1.0 -1.0 -1.0 
286.87 4.02 20260420.0 -1.0 1.961158 114.46533912066471 0.6643275117531315 0.026265941041142528 2.6564121170410524 8.0 -1.0 -1.0 -1.0 -1.0 
286.87 4.02 20260420.0 -1.0 5.029204318571 126.68583795916985 0.6876757952823224 0.02488352309160871 3.150060753473452 32.0 -1.0 -1.0 -1.0 -1.0 
286.87 4.02 20260420.0 -1.0 0.18249017842308915 16.803185902944552 0.23929735251520637 0.06359122567855559 1.1718257475304739 2.0 -1.0 -1.0 -1.0 -1.0 
286.87 4.02 20260420.0 -1.0 56.49315092275782 26.375909993106905 0.24925258091868235 0.05806155388042031 0.35982697652428647 4.0 -1.0 -1.0 -1.0 -1.0 
286.87 4.02 20260420.0 -1.0 0.769231 106.31833989499462 0.011308508805438178 0.015206597444871989 0.5055086742919326 1.0 -1.0 -1.0 -1.0 -1.0 
286.87 4.02 20260420.0 -1.0 0.030540345760177154 45.82687064439423 0.14703365110827446 0.019353851293473442 2.563484414274147 1.0 -1.0 -1.0 -1.0 -1.0 
286.87 4.02 20260420.0 -1.0 0.9839138013 0.0 0.875778419714711 0.016589015394405805 3.9020065451261865 32.0 -1.0 -1.0 -1.0 -1.0 
286.87 4.02 20260420.0 -1.0 0.03772946719586941 290.93516163384 0.5463535224122297 0.022118687192541075 2.178327544735527 1.0 -1.0 -1.0 -1.0 -1.0 
286.87 4.02 20260420.0 -1.0 0.8176959072274 436.40274245076 0.014938859121632253 0.07188573337575849 0.7511184342805499 1.0 -1.0 -1.0 -1.0 -1.0 
286.87 4.02 20260420.0 -1.0 0.12235030097138963 727.3379040845999 0.043617821050951376 0.02350110514207489 0.6462153016969268 8.0 -1.0 -1.0 -1.0 -1.0 
286.87 4.02 20260420.0 -1.0 1.9411179295 872.80548490152 0.04110185153009276 0.011059343596270537 1.1995240262407034 2.0 -1.0 -1.0 -1.0 -1.0 
286.87 4.02 20260420.0 -1.0 36.9232815430327 74.13769295359779 1.9423560062927596 0.04009012053648069 5.49683063969551 8.0 -1.0 -1.0 -1.0 -1.0 
286.87 4.02 20260420.0 -1.0 47.659695194091945 71.69359318589676 1.013212572359509 0.08432749492156286 1.3521046145616 2.0 -1.0 -1.0 -1.0 -1.0 
286.87 4.02 20260420.0 -1.0 7.105007446 95.72724090162352 5.144831280817311 0.04147253848601452 30.537852084042576 16.0 30.537851746022216 16.0 7.105033243230234 95.73324471935081 
286.87 4.02 20260420.0 -1.0 1.2196177773098 80.85896731477561 4.808041380999948 0.038707702586946884 19.436087962848738 16.0 19.436087870872793 16.0 1.2196323950774968 80.8571485526018 
286.87 4.02 20260420.0 -1.0 49.444461011588196 145.46758081692 1.105361542006842 0.013824179495338172 6.7396744418459225 8.0 -1.0 -1.0 -1.0 -1.0 
286.87 4.02 20260420.0 -1.0 12.385435 581.87032326768 9.680517844721683 0.031795612839277794 42.7742581827579 16.0 42.77425641656497 16.0 12.38543821576362 581.8881153660329 
286.87 4.02 20260420.0 -1.0 5.6043908581 1018.27306571844 4.437769249299626 0.019353851293473442 2.5366686396207574 1.0 -1.0 -1.0 -1.0 -1.0 
286.87 4.02 20260420.0 -1.0 2.6152212466828 29.63470968337494 0.01225205170424985 0.019353851293473442 1.347564726860906 2.0 -1.0 -1.0 -1.0 -1.0 
286.87 4.02 20260420.0 -1.0 0.9506580924 57.33450705065323 0.01690529689206086 0.016589015394405805 0.9290087135668887 1.0 -1.0 -1.0 -1.0 -1.0 
286.87 4.02 20260420.0 -1.0 1.961158 114.46533912066471 0.6643275117531315 0.026265941041142528 2.65959355389489 8.0 -1.0 -1.0 -1.0 -1.0 
286.87 4.02 20260420.0 -1.0 5.029204318571 126.68583795916985 0.6876757952823224 0.02488352309160871 3.1502062823936594 32.0 -1.0 -1.0 -1.0 -1.0 
286.87 4.02 20260420.0 -1.0 0.18249017842308915 16.803185902944552 0.23929735251520637 0.06359122567855559 1.1718255661814092 2.0 -1.0 -1.0 -1.0 -1.0 
286.87 4.02 20260420.0 -1.0 56.49315092275782 26.375909993106905 0.24925258091868235 0.05806155388042031 0.3593282558566144 4.0 -1.0 -1.0 -1.0 -1.0 
286.87 4.02 20260420.0 -1.0 0.769231 106.31833989499462 0.011308508805438178 0.015206597444871989 0.5055086743132405 1.0 -1.0 -1.0 -1.0 -1.0 
286.87 4.02 20260420.0 -1.0 0.030540345760177154 45.82687064439423 0.14703365110827446 0.019353851293473442 2.5634844132925676 1.0 -1.0 -1.0 -1.0 -1.0 
286.87 4.02 20260420.0 -1.0 0.9839138013 0.0 0.875778419714711 0.016589015394405805 3.9095558435730418 32.0 -1.0 -1.0 -1.0 -1.0 
286.87 4.02 20260420.0 -1.0 0.03772946719586941 290.93516163384 0.5463535224122297 0.022118687192541075 2.1783275450426376 1.0 -1.0 -1.0 -1.0 -1.0 
286.87 4.02 20260420.0 -1.0 0.8176959072274 436.40274245076 0.014938859121632253 0.07188573337575849 0.7511184342805499 1.0 -1.0 -1.0 -1.0 -1.0 
286.87 4.02 20260420.0 -1.0 0.12235030097138963 727.3379040845999 0.043617821050951376 0.02350110514207489 0.6462153016969268 8.0 -1.0 -1.0 -1.0 -1.0 
286.87 4.02 20260420.0 -1.0 1.9411179295 872.80548490152 0.04110185153009276 0.011059343596270537 1.1995240262407034 2.0 -1.0 -1.0 -1.0 -1.0 
286.87 4.02 20260420.0 -1.0 36.9232815430327 74.13769295359779 1.9423560062927596 0.04009012053648069 5.4969979112977585 8.0 -1.0 -1.0 -1.0 -1.0 
286.87 4.02 20260420.0 -1.0 47.659695194091945 71.69359318589676 1.013212572359509 0.08432749492156286 1.3518573301836911 2.0 -1.0 -1.0 -1.0 -1.0 
286.87 4.02 20260420.0 -1.0 7.105007446 95.72724090162352 5.144831280817311 0.04147253848601452 30.535832038659063 16.0 30.535831215671063 16.0 7.105033243230234 95.73324471935081 
286.87 4.02 20260420.0 -1.0 1.2196177773098 80.85896731477561 4.808041380999948 0.038707702586946884 19.424007372982288 16.0 19.42400751771074 16.0 1.2196323950774968 80.8571485526018 
286.87 4.02 20260420.0 -1.0 49.444461011588196 145.46758081692 1.105361542006842 0.013824179495338172 6.739278637582496 8.0 -1.0 -1.0 -1.0 -1.0 
286.87 4.02 20260420.0 -1.0 12.385435 581.87032326768 9.680517844721683 0.031795612839277794 42.75966765227474 16.0 42.75966959019165 16.0 12.38543821576362 581.8881153660329 
286.87 4.02 20260420.0 -1.0 5.6043908581 1018.27306571844 4.437769249299626 0.019353851293473442 2.5366686396207574 1.0 -1.0 -1.0 -1.0 -1.0 
286.87 4.02 20260420.0 -1.0 2.6152212466828 29.63470968337494 0.01225205170424985 0.019353851293473442 1.347564726860906 2.0 -1.0 -1.0 -1.0 -1.0 
286.87 4.02 20260420.0 -1.0 0.9506580924 57.33450705065323 0.01690529689206086 0.016589015394405805 0.9290087135668887 1.0 -1.0 -1.0 -1.0 -1.0 
286.87 4.02 20260420.0 -1.0 1.961158 114.46533912066471 0.6643275117531315 0.026265941041142528 2.65959355389489 8.0 -1.0 -1.0 -1.0 -1.0 
286.87 4.02 20260420.0 -1.0 5.029204318571 126.68583795916985 0.6876757952823224 0.02488352309160871 3.1502062823936594 32.0 -1.0 -1.0 -1.0 -1.0 
286.87 4.02 20260420.0 -1.0 0.18249017842308915 16.803185902944552 0.23929735251520637 0.06359122567855559 1.1718255661814092 2.0 -1.0 -1.0 -1.0 -1.0 
286.87 4.02 20260420.0 -1.0 56.49315092275782 26.375909993106905 0.24925258091868235 0.05806155388042031 0.3593282558566144 4.0 -1.0 -1.0 -1.0 -1.0 
286.87 4.02 20260420.0 -1.0 0.769231 106.31833989499462 0.011308508805438178 0.015206597444871989 0.5055086743132405 1.0 -1.0 -1.0 -1.0 -1.0 
286.87 4.02 20260420.0 -1.0 0.030540345760177154 45.82687064439423 0.14703365110827446 0.019353851293473442 2.5634844132925676 1.0 -1.0 -1.0 -1.0 -1.0 
286.87 4.02 20260420.0 -1.0 0.9839138013 0.0 0.875778419714711 0.016589015394405805 3.9095558435730418 32.0 -1.0 -1.0 -1.0 -1.0 
286.87 4.02 20260420.0 -1.0 0.03772946719586941 290.93516163384 0.5463535224122297 0.022118687192541075 2.1783275450426376 1.0 -1.0 -1.0 -1.0 -1.0 
286.87 4.02 20260420.0 -1.0 0.8176959072274 436.40274245076 0.014938859121632253 0.07188573337575849 0.7511184342805499 1.0 -1.0 -1.0 -1.0 -1.0 
286.87 4.02 20260420.0 -1.0 0.12235030097138963 727.3379040845999 0.043617821050951376 0.02350110514207489 0.6462153016969268 8.0 -1.0 -1.0 -1.0 -1.0 
286.87 4.02 20260420.0 -1.0 1.9411179295 872.80548490152 0.04110185153009276 0.011059343596270537 1.1995240262407034 2.0 -1.0 -1.0 -1.0 -1.0 
286.87 4.02 20260420.0 -1.0 36.9232815430327 74.13769295359779 1.9423560062927596 0.04009012053648069 5.4969979112977585 8.0 -1.0 -1.0 -1.0 -1.0 
286.87 4.02 20260420.0 -1.0 47.659695194091945 71.69359318589676 1.013212572359509 0.08432749492156286 1.3518573301836911 2.0 -1.0 -1.0 -1.0 -1.0 
286.87 4.02 20260420.0 -1.0 7.105007446 95.72724090162352 5.144831280817311 0.04147253848601452 30.535832038659063 16.0 30.535831215671063 16.0 7.105033243230234 95.73324471935081 
286.87 4.02 20260420.0 -1.0 1.2196177773098 80.85896731477561 4.808041380999948 0.038707702586946884 19.424007372982288 16.0 19.42400751771074 16.0 1.2196323950774968 80.8571485526018 
286.87 4.02 20260420.0 -1.0 49.444461011588196 145.46758081692 1.105361542006842 0.013824179495338172 6.739278637582496 8.0 -1.0 -1.0 -1.0 -1.0 
286.87 4.02 20260420.0 -1.0 12.385435 581.87032326768 9.680517844721683 0.031795612839277794 42.75966765227474 16.0 42.75966959019165 16.0 12.38543821576362 581.8881153660329 
286.87 4.02 20260420.0 -1.0 5.6043908581 1018.27306571844 4.437769249299626 0.019353851293473442 2.5366686396207574 1.0 -1.0 -1.0 -1.0 -1.0 
287.19 4.02 20260420.0 -1.0 0.004213906295137867 73.61037469328394 0.155388595727457 0.08570991287109667 4.233508572638118 4.0 -1.0 -1.0 -1.0 -1.0 
287.19 4.02 20260420.0 -1.0 85.763293 49.86816834791127 0.04977023564332111 0.017971433343939622 1.4617177724080443 4.0 -1.0 -1.0 -1.0 -1.0 
287.19 4.02 20260420.0 -1.0 1.617177115611 21.930552045926564 0.23797846217159135 0.011059343596270537 2.985368759286356 32.0 -1.0 -1.0 -1.0 -1.0 
287.19 4.02 20260420.0 -1.0 15.3987376281305 87.53150773113299 0.33086586600650797 0.02350110514207489 0.9045061735733675 16.0 -1.0 -1.0 -1.0 -1.0 
287.19 4.02 20260420.0 -1.0 1.569859 163.3349376290096 0.10111148295914613 0.016589015394405805 0.8831254649078025 32.0 -1.0 -1.0 -1.0 -1.0 
287.19 4.02 20260420.0 -1.0 0.0676311946300568 20.214247972767094 0.029440616134162323 0.02626594104114253 1.0656849840396583 4.0 -1.0 -1.0 -1.0 -1.0 
287.19 4.02 20260420.0 -1.0 4.595046556485586 34.99353304719587 0.0222399964440811 0.07603298722435994 1.019656639005567 1.0 -1.0 -1.0 -1.0 -1.0 
287.19 4.02 20260420.0 -1.0 1.675060948441 272.4019750400245 0.024532339934557324 0.052531882082285056 0.7515530525417964 2.0 -1.0 -1.0 -1.0 -1.0 
287.19 4.02 20260420.0 -1.0 0.3211609168549823 544.803950080049 0.018868074082146753 0.04147253848601452 0.7906586117823855 16.0 -1.0 -1.0 -1.0 -1.0 
287.19 4.02 20260420.0 -1.0 0.7279851537 817.2059251200735 0.0398712697020723 0.022118687192541075 0.4882231721381969 8.0 -1.0 -1.0 -1.0 -1.0 
287.19 4.02 20260420.0 -1.0 0.618723247886 46.53091042787897 7.685790970869665 0.09538683851783337 9.080144204530017 8.0 9.238773724336452 8.0 0.6186989291260641 44.93188229956846 
287.19 4.02 20260420.0 -1.0 1.7938390569 125.00414666178142 8.548564430521743 0.031795612839277794 50.52028834255501 32.0 50.64685692115001 32.0 1.7938267167968056 125.08064532042027 
287.19 4.02 20260420.0 -1.0 0.487206 115.65982448569098 2.194998073532579 0.04700221028414978 3.4747682906397777 16.0 -1.0 -1.0 -1.0 -1.0 
287.19 4.02 20260420.0 -1.0 0.1359904476439822 73.32432401442404 1.6835368321843143 0.017971433343939622 11.74597915255294 32.0 12.277740522696293 32.0 0.13599977440511188 75.19006429860217 
287.19 4.02 20260420.0 -1.0 0.7479 268.50623722317044 1.7010734737144504 0.053914300031818865 2.2715358078223966 8.0 -1.0 -1.0 -1.0 -1.0 
287.19 4.02 20260420.0 -1.0 3.0700804245 0.0 2.0106215499398554 0.019353851293473442 14.470512843020307 32.0 -1.0 -1.0 -1.0 -1.0 
287.19 4.02 20260420.0 -1.0 9.113052359600674 136.20098752001226 3.394322283922102 0.022118687192541075 22.22203468500524 32.0 22.55294493403259 32.0 9.113045962294564 136.21241796220525 
287.19 4.02 20260420.0 -1.0 5.1298291239 408.60296256003676 2.3117261921407866 0.027648358990676344 12.471530117174273 32.0 12.471531053993338 32.0 5.129822966409847 408.6372538866158 
287.19 4.02 20260420.0 -1.0 1.483305 681.0049376000613 4.443905105200017 0.016589015394405805 49.31759272678986 32.0 49.53771858113485 32.0 1.483325225611528 681.0620898110263 
287.19 4.02 20260420.0 -1.0 0.009906114907577451 953.4069126400858 1.392240847145434 0.01520659744487199 0.3739819808022369 32.0 -1.0 -1.0 -1.0 -1.0 
287.19 4.02 20260420.0 -1.0 0.004213906295137867 73.61037469328394 0.155388595727457 0.08570991287109667 4.233477100448152 4.0 -1.0 -1.0 -1.0 -1.0 
287.19 4.02 20260420.0 -1.0 85.763293 49.86816834791127 0.04977023564332111 0.017971433343939622 1.4615351005991606 4.0 -1.0 -1.0 -1.0 -1.0 
287.19 4.02 20260420.0 -1.0 1.617177115611 21.930552045926564 0.23797846217159135 0.011059343596270537 2.9864070107076772 32.0 -1.0 -1.0 -1.0 -1.0 
287.19 4.02 20260420.0 -1.0 15.3987376281305 87.53150773113299 0.33086586600650797 0.02350110514207489 0.904614144719316 16.0 -1.0 -1.0 -1.0 -1.0 
287.19 4.02 20260420.0 -1.0 1.569859 163.3349376290096 0.10111148295914613 0.016589015394405805 0.8805422696812548 32.0 -1.0 -1.0 -1.0 -1.0 
287.19 4.02 20260420.0 -1.0 0.0676311946300568 20.214247972767094 0.029440616134162323 0.02626594104114253 1.0656849840396583 4.0 -1.0 -1.0 -1.0 -1.0 
287.19 4.02 20260420.0 -1.0 4.595046556485586 34.99353304719587 0.0222399964440811 0.07603298722435994 1.0196566395109048 1.0 -1.0 -1.0 -1.0 -1.0 
287.19 4.02 20260420.0 -1.0 1.675060948441 272.4019750400245 0.024532339934557324 0.052531882082285056 0.7485231654740797 2.0 -1.0 -1.0 -1.0 -1.0 
287.19 4.02 20260420.0 -1.0 0.3211609168549823 544.803950080049 0.018868074082146753 0.04147253848601452 0.7906586117823855 16.0 -1.0 -1.0 -1.0 -1.0 
287.19 4.02 20260420.0 -1.0 0.7279851537 817.2059251200735 0.0398712697020723 0.022118687192541075 0.4768570945892735 8.0 -1.0 -1.0 -1.0 -1.0 
287.19 4.02 20260420.0 -1.0 0.618723247886 46.53091042787897 7.685790970869665 0.09538683851783337 9.080299574776557 8.0 9.221566327864135 8.0 0.6186989291260641 44.93188229956846 
287.19 4.02 20260420.0 -1.0 1.7938390569 125.00414666178142 8.548564430521743 0.031795612839277794 50.572986743725856 32.0 50.69477461734869 32.0 1.7938267167968056 125.08064532042027 
287.19 4.02 20260420.0 -1.0 0.487206 115.65982448569098 2.194998073532579 0.04700221028414978 3.50651863816718 16.0 -1.0 -1.0 -1.0 -1.0 
287.19 4.02 20260420.0 -1.0 0.1359904476439822 73.32432401442404 1.6835368321843143 0.017971433343939622 11.733633023895056 32.0 12.272118406789772 32.0 0.13599977440511188 75.19006429860217 
287.19 4.02 20260420.0 -1.0 0.7479 268.50623722317044 1.7010734737144504 0.053914300031818865 2.2675681096504308 8.0 -1.0 -1.0 -1.0 -1.0 
287.19 4.02 20260420.0 -1.0 3.0700804245 0.0 2.0106215499398554 0.019353851293473442 14.49182696858379 32.0 -1.0 -1.0 -1.0 -1.0 
287.19 4.02 20260420.0 -1.0 9.113052359600674 136.20098752001226 3.394322283922102 0.022118687192541075 22.214843828445225 32.0 22.545791455501195 32.0 9.113045962294564 136.21241796220525 
287.19 4.02 20260420.0 -1.0 5.1298291239 408.60296256003676 2.3117261921407866 0.027648358990676344 12.470588112702169 32.0 12.470587084808141 32.0 5.129822966409847 408.6372538866158 
287.19 4.02 20260420.0 -1.0 1.483305 681.0049376000613 4.443905105200017 0.016589015394405805 49.30724149155119 32.0 49.53812777343186 32.0 1.483325225611528 681.0620898110263 
287.19 4.02 20260420.0 -1.0 0.009906114907577451 953.4069126400858 1.392240847145434 0.01520659744487199 0.3739819808022369 32.0 -1.0 -1.0 -1.0 -1.0 
287.19 4.02 20260420.0 -1.0 0.004213906295137867 73.61037469328394 0.155388595727457 0.08570991287109667 4.233477100448152 4.0 -1.0 -1.0 -1.0 -1.0 
287.19 4.02 20260420.0 -1.0 85.763293 49.86816834791127 0.04977023564332111 0.017971433343939622 1.4615351005991606 4.0 -1.0 -1.0 -1.0 -1.0 
287.19 4.02 20260420.0 -1.0 1.617177115611 21.930552045926564 0.23797846217159135 0.011059343596270537 2.9864070107076772 32.0 -1.0 -1.0 -1.0 -1.0 
287.19 4.02 20260420.0 -1.0 15.3987376281305 87.53150773113299 0.33086586600650797 0.02350110514207489 0.904614144719316 16.0 -1.0 -1.0 -1.0 -1.0 
287.19 4.02 20260420.0 -1.0 1.569859 163.3349376290096 0.10111148295914613 0.016589015394405805 0.8805422696812548 32.0 -1.0 -1.0 -1.0 -1.0 
287.19 4.02 20260420.0 -1.0 0.0676311946300568 20.214247972767094 0.029440616134162323 0.02626594104114253 1.0656849840396583 4.0 -1.0 -1.0 -1.0 -1.0 
287.19 4.02 20260420.0 -1.0 4.595046556485586 34.99353304719587 0.0222399964440811 0.07603298722435994 1.0196566395109048 1.0 -1.0 -1.0 -1.0 -1.0 
287.19 4.02 20260420.0 -1.0 1.675060948441 272.4019750400245 0.024532339934557324 0.052531882082285056 0.7485231654740797 2.0 -1.0 -1.0 -1.0 -1.0 
287.19 4.02 20260420.0 -1.0 0.3211609168549823 544.803950080049 0.018868074082146753 0.04147253848601452 0.7906586117823855 16.0 -1.0 -1.0 -1.0 -1.0 
287.19 4.02 20260420.0 -1.0 0.7279851537 817.2059251200735 0.0398712697020723 0.022118687192541075 0.4768570945892735 8.0 -1.0 -1.0 -1.0 -1.0 
287.19 4.02 20260420.0 -1.0 0.618723247886 46.53091042787897 7.685790970869665 0.09538683851783337 9.080299574776557 8.0 9.221566327864135 8.0 0.6186989291260641 44.93188229956846 
287.19 4.02 20260420.0 -1.0 1.7938390569 125.00414666178142 8.548564430521743 0.031795612839277794 50.572986743725856 32.0 50.69477461734869 32.0 1.7938267167968056 125.08064532042027 
287.19 4.02 20260420.0 -1.0 0.487206 115.65982448569098 2.194998073532579 0.04700221028414978 3.50651863816718 16.0 -1.0 -1.0 -1.0 -1.0 
287.19 4.02 20260420.0 -1.0 0.1359904476439822 73.32432401442404 1.6835368321843143 0.017971433343939622 11.733633023895056 32.0 12.272118406789772 32.0 0.13599977440511188 75.19006429860217 
287.19 4.02 20260420.0 -1.0 0.7479 268.50623722317044 1.7010734737144504 0.053914300031818865 2.2675681096504308 8.0 -1.0 -1.0 -1.0 -1.0 
287.19 4.02 20260420.0 -1.0 3.0700804245 0.0 2.0106215499398554 0.019353851293473442 14.49182696858379 32.0 -1.0 -1.0 -1.0 -1.0 
287.19 4.02 20260420.0 -1.0 9.113052359600674 136.20098752001226 3.394322283922102 0.022118687192541075 22.214843828445225 32.0 22.545791455501195 32.0 9.113045962294564 136.21241796220525 
287.19 4.02 20260420.0 -1.0 5.1298291239 408.60296256003676 2.3117261921407866 0.027648358990676344 12.470588112702169 32.0 12.470587084808141 32.0 5.129822966409847 408.6372538866158 
287.19 4.02 20260420.0 -1.0 1.483305 681.0049376000613 4.443905105200017 0.016589015394405805 49.30724149155119 32.0 49.53812777343186 32.0 1.483325225611528 681.0620898110263 
287.19 4.02 20260420.0 -1.0 0.009906114907577451 953.4069126400858 1.392240847145434 0.01520659744487199 0.3739819808022369 32.0 -1.0 -1.0 -1.0 -1.0 
287.51 4.02 20260420.0 -1.0 20.802023359 17.217702639826946 0.08390587664365595 0.09123958466923192 1.4500497898155207 2.0 -1.0 -1.0 -1.0 -1.0 
287.51 4.02 20260420.0 -1.0 16.11175529272458 20.176995281047205 0.12551911571842692 0.052531882082285056 2.950340741737468 8.0 -1.0 -1.0 -1.0 -1.0 
287.51 4.02 20260420.0 -1.0 284.7848006652508 128.23601445287778 0.1966660399414116 0.03456044873834543 0.7555681816967753 1.0 -1.0 -1.0 -1.0 -1.0 
287.51 4.02 20260420.0 -1.0 12.385435 122.9451579125143 0.039788720718816374 0.017971433343939622 0.7080812297987574 1.0 -1.0 -1.0 -1.0 -1.0 
287.51 4.02 20260420.0 -1.0 0.9281646147 3.676696917879713 0.05025394001268603 0.0483846282336836 0.9914015124849783 16.0 -1.0 -1.0 -1.0 -1.0 
287.51 4.02 20260420.0 -1.0 1.3975847440238869 217.37349582781522 0.08442919515616988 0.01105934359627054 0.33453233742291555 8.0 -1.0 -1.0 -1.0 -1.0 
287.51 4.02 20260420.0 -1.0 37.185887516168556 84.20532697290366 0.0402587685177346 0.013824179495338172 0.43223987471567343 4.0 -1.0 -1.0 -1.0 -1.0 
287.51 4.02 20260420.0 -1.0 0.02361072069427252 60.97936351605377 0.16742579979316569 0.02350110514207489 0.536897629597551 8.0 -1.0 -1.0 -1.0 -1.0 
287.51 4.02 20260420.0 -1.0 3.2854634388411066 0.0 0.4278220124780198 0.016589015394405805 2.659108532881951 32.0 -1.0 -1.0 -1.0 -1.0 
287.51 4.02 20260420.0 -1.0 1.28377920873 256.19019151135365 0.03281342814423536 0.016589015394405805 2.298293000298676 16.0 -1.0 -1.0 -1.0 -1.0 
287.51 4.02 20260420.0 -1.0 27.760652 384.28528726703047 0.2770411328532606 0.022118687192541075 1.7452398753359217 1.0 -1.0 -1.0 -1.0 -1.0 
287.51 4.02 20260420.0 -1.0 0.350018 512.3803830227073 0.13712407512803643 0.07465056927482613 0.8370863966722023 16.0 -1.0 -1.0 -1.0 -1.0 
287.51 4.02 20260420.0 -1.0 0.4504 640.4754787783841 0.34942529093140573 0.02073626924300726 1.295381085143941 32.0 -1.0 -1.0 -1.0 -1.0 
287.51 4.02 20260420.0 -1.0 0.05086365478851063 896.6656702897377 0.6597538575420258 0.013824179495338172 1.6133325646551548 2.0 -1.0 -1.0 -1.0 -1.0 
287.51 4.02 20260420.0 -1.0 4.27150796279 125.1870462770751 4.113025633330323 0.029030776940210157 26.04336125744944 16.0 26.073866218780363 16.0 4.271472183366617 125.08064532042027 
287.51 4.02 20260420.0 -1.0 2.7337872008546404 124.11093986208591 1.6661809787276558 0.06497364362808941 2.690123045192265 2.0 -1.0 -1.0 -1.0 -1.0 
287.51 4.02 20260420.0 -1.0 0.4102676860891 45.3758204987106 3.6749930800565003 0.019353851293473442 29.666215607639227 32.0 29.666213731373034 32.0 0.410273059969768 45.33667403199699 
287.51 4.02 20260420.0 -1.0 5.702856412410955 108.41772131016032 1.109186309333635 0.016589015394405805 8.446344553109997 16.0 8.464406658067812 16.0 5.702834945016852 108.48418429084995 
287.51 4.02 20260420.0 -1.0 1.58482860482 128.09509575567682 3.910742543527955 0.024883523091608708 26.405994296686902 32.0 26.52339167692024 32.0 1.5848248343293867 128.01538538052722 
287.51 4.02 20260420.0 -1.0 173.010381 768.5705745340609 1.769394946143883 0.01520659744487199 2.110130023809939 1.0 -1.0 -1.0 -1.0 -1.0 
287.51 4.02 20260420.0 -1.0 20.802023359 17.217702639826946 0.08390587664365595 0.09123958466923192 1.4500497898155207 2.0 -1.0 -1.0 -1.0 -1.0 
287.51 4.02 20260420.0 -1.0 16.11175529272458 20.176995281047205 0.12551911571842692 0.052531882082285056 2.950340741737468 8.0 -1.0 -1.0 -1.0 -1.0 
287.51 4.02 20260420.0 -1.0 284.7848006652508 128.23601445287778 0.1966660399414116 0.03456044873834543 0.7555681816967753 1.0 -1.0 -1.0 -1.0 -1.0 
287.51 4.02 20260420.0 -1.0 12.385435 122.9451579125143 0.039788720718816374 0.017971433343939622 0.7080812297987574 1.0 -1.0 -1.0 -1.0 -1.0 
287.51 4.02 20260420.0 -1.0 0.9281646147 3.676696917879713 0.05025394001268603 0.0483846282336836 0.9914015124849783 16.0 -1.0 -1.0 -1.0 -1.0 
287.51 4.02 20260420.0 -1.0 1.3975847440238869 217.37349582781522 0.08442919515616988 0.01105934359627054 0.33453233742291555 8.0 -1.0 -1.0 -1.0 -1.0 
287.51 4.02 20260420.0 -1.0 37.185887516168556 84.20532697290366 0.0402587685177346 0.013824179495338172 0.43223987471567343 4.0 -1.0 -1.0 -1.0 -1.0 
287.51 4.02 20260420.0 -1.0 0.02361072069427252 60.97936351605377 0.16742579979316569 0.02350110514207489 0.536897629597551 8.0 -1.0 -1.0 -1.0 -1.0 
287.51 4.02 20260420.0 -1.0 3.2854634388411066 0.0 0.4278220124780198 0.016589015394405805 2.659108532881951 32.0 -1.0 -1.0 -1.0 -1.0 
287.51 4.02 20260420.0 -1.0 1.28377920873 256.19019151135365 0.03281342814423536 0.016589015394405805 2.298293000298676 16.0 -1.0 -1.0 -1.0 -1.0 
287.51 4.02 20260420.0 -1.0 27.760652 384.28528726703047 0.2770411328532606 0.022118687192541075 1.7452398753359217 1.0 -1.0 -1.0 -1.0 -1.0 
287.51 4.02 20260420.0 -1.0 0.350018 512.3803830227073 0.13712407512803643 0.07465056927482613 0.8370863966722023 16.0 -1.0 -1.0 -1.0 -1.0 
287.51 4.02 20260420.0 -1.0 0.4504 640.4754787783841 0.34942529093140573 0.02073626924300726 1.295381085143941 32.0 -1.0 -1.0 -1.0 -1.0 
287.51 4.02 20260420.0 -1.0 0.05086365478851063 896.6656702897377 0.6597538575420258 0.013824179495338172 1.6133325646551548 2.0 -1.0 -1.0 -1.0 -1.0 
287.51 4.02 20260420.0 -1.0 4.27150796279 125.1870462770751 4.113025633330323 0.029030776940210157 26.04336125744944 16.0 26.073866218780363 16.0 4.271472183366617 125.08064532042027 
287.51 4.02 20260420.0 -1.0 2.7337872008546404 124.11093986208591 1.6661809787276558 0.06497364362808941 2.690123045192265 2.0 -1.0 -1.0 -1.0 -1.0 
287.51 4.02 20260420.0 -1.0 0.4102676860891 45.3758204987106 3.6749930800565003 0.019353851293473442 29.666215607639227 32.0 29.666213731373034 32.0 0.410273059969768 45.33667403199699 
287.51 4.02 20260420.0 -1.0 5.702856412410955 108.41772131016032 1.109186309333635 0.016589015394405805 8.446344553109997 16.0 8.464406658067812 16.0 5.702834945016852 108.48418429084995 
287.51 4.02 20260420.0 -1.0 1.58482860482 128.09509575567682 3.910742543527955 0.024883523091608708 26.405994296686902 32.0 26.52339167692024 32.0 1.5848248343293867 128.01538538052722 
287.51 4.02 20260420.0 -1.0 173.010381 768.5705745340609 1.769394946143883 0.01520659744487199 2.110130023809939 1.0 -1.0 -1.0 -1.0 -1.0 
287.51 4.02 20260420.0 -1.0 20.802023359 17.217702639826946 0.08390587664365595 0.09123958466923192 1.4500497898155207 2.0 -1.0 -1.0 -1.0 -1.0 
287.51 4.02 20260420.0 -1.0 16.11175529272458 20.176995281047205 0.12551911571842692 0.052531882082285056 2.950340741737468 8.0 -1.0 -1.0 -1.0 -1.0 
287.51 4.02 20260420.0 -1.0 284.7848006652508 128.23601445287778 0.1966660399414116 0.03456044873834543 0.7555681816967753 1.0 -1.0 -1.0 -1.0 -1.0 
287.51 4.02 20260420.0 -1.0 12.385435 122.9451579125143 0.039788720718816374 0.017971433343939622 0.7080812297987574 1.0 -1.0 -1.0 -1.0 -1.0 
287.51 4.02 20260420.0 -1.0 0.9281646147 3.676696917879713 0.05025394001268603 0.0483846282336836 0.9914015124849783 16.0 -1.0 -1.0 -1.0 -1.0 
287.51 4.02 20260420.0 -1.0 1.3975847440238869 217.37349582781522 0.08442919515616988 0.01105934359627054 0.33453233742291555 8.0 -1.0 -1.0 -1.0 -1.0 
287.51 4.02 20260420.0 -1.0 37.185887516168556 84.20532697290366 0.0402587685177346 0.013824179495338172 0.43223987471567343 4.0 -1.0 -1.0 -1.0 -1.0 
287.51 4.02 20260420.0 -1.0 0.02361072069427252 60.97936351605377 0.16742579979316569 0.02350110514207489 0.536897629597551 8.0 -1.0 -1.0 -1.0 -1.0 
287.51 4.02 20260420.0 -1.0 3.2854634388411066 0.0 0.4278220124780198 0.016589015394405805 2.659108532881951 32.0 -1.0 -1.0 -1.0 -1.0 
287.51 4.02 20260420.0 -1.0 1.28377920873 256.19019151135365 0.03281342814423536 0.016589015394405805 2.298293000298676 16.0 -1.0 -1.0 -1.0 -1.0 
287.51 4.02 20260420.0 -1.0 27.760652 384.28528726703047 0.2770411328532606 0.022118687192541075 1.7452398753359217 1.0 -1.0 -1.0 -1.0 -1.0 
287.51 4.02 20260420.0 -1.0 0.350018 512.3803830227073 0.13712407512803643 0.07465056927482613 0.8370863966722023 16.0 -1.0 -1.0 -1.0 -1.0 
287.51 4.02 20260420.0 -1.0 0.4504 640.4754787783841 0.34942529093140573 0.02073626924300726 1.295381085143941 32.0 -1.0 -1.0 -1.0 -1.0 
287.51 4.02 20260420.0 -1.0 0.05086365478851063 896.6656702897377 0.6597538575420258 0.013824179495338172 1.6133325646551548 2.0 -1.0 -1.0 -1.0 -1.0 
287.51 4.02 20260420.0 -1.0 4.27150796279 125.1870462770751 4.113025633330323 0.029030776940210157 26.04336125744944 16.0 26.073866218780363 16.0 4.271472183366617 125.08064532042027 
287.51 4.02 20260420.0 -1.0 2.7337872008546404 124.11093986208591 1.6661809787276558 0.06497364362808941 2.690123045192265 2.0 -1.0 -1.0 -1.0 -1.0 
287.51 4.02 20260420.0 -1.0 0.4102676860891 45.3758204987106 3.6749930800565003 0.019353851293473442 29.666215607639227 32.0 29.666213731373034 32.0 0.410273059969768 45.33667403199699 
287.51 4.02 20260420.0 -1.0 5.702856412410955 108.41772131016032 1.109186309333635 0.016589015394405805 8.446344553109997 16.0 8.464406658067812 16.0 5.702834945016852 108.48418429084995 
287.51 4.02 20260420.0 -1.0 1.58482860482 128.09509575567682 3.910742543527955 0.024883523091608708 26.405994296686902 32.0 26.52339167692024 32.0 1.5848248343293867 128.01538538052722 
287.51 4.02 20260420.0 -1.0 173.010381 768.5705745340609 1.769394946143883 0.01520659744487199 2.110130023809939 1.0 -1.0 -1.0 -1.0 -1.0 
287.83 4.02 20260420.0 -1.0 12.359917476 67.37421294830769 0.3777963221727812 0.022118687192541075 1.1785031119007736 1.0 -1.0 -1.0 -1.0 -1.0 
287.83 4.02 20260420.0 -1.0 1.96871632878 10.423934833511755 0.07207518712173606 0.03041319488974398 3.2363026605645504 16.0 -1.0 -1.0 -1.0 -1.0 
287.83 4.02 20260420.0 -1.0 0.46173283166641466 74.23875539964469 0.23683039741008302 0.012441761545804354 2.80205914509485 4.0 -1.0 -1.0 -1.0 -1.0 
287.83 4.02 20260420.0 -1.0 0.24943292613086243 44.57715221485515 0.021073291431380897 0.019353851293473442 1.4412470039219958 2.0 -1.0 -1.0 -1.0 -1.0 
287.83 4.02 20260420.0 -1.0 1.220778 36.18715588544325 0.559725119173659 0.008294507697202903 6.097622990580673 32.0 6.277623877701091 32.0 1.2207844216997426 36.33005798546188 
287.83 4.02 20260420.0 -1.0 0.3409 60.594417934641505 0.011926352757749569 0.04285495643554833 1.5473045969163552 16.0 -1.0 -1.0 -1.0 -1.0 
287.83 4.02 20260420.0 -1.0 198.08369995680323 125.5109551904952 0.5939875985383375 0.04285495643554833 2.1729717143364633 2.0 -1.0 -1.0 -1.0 -1.0 
287.83 4.02 20260420.0 -1.0 1.94354745058 69.66239376542002 0.037364334011937 0.07603298722435994 1.5019082928366285 16.0 -1.0 -1.0 -1.0 -1.0 
287.83 4.02 20260420.0 -1.0 242.47326784448205 161.35912132525513 0.2691181534972077 0.21150994627867403 2.490652124937613 1.0 -1.0 -1.0 -1.0 -1.0 
287.83 4.02 20260420.0 -1.0 0.0870795079555429 0.0 0.5651649464577384 0.011059343596270537 0.8239526420143842 8.0 -1.0 -1.0 -1.0 -1.0 
287.83 4.02 20260420.0 -1.0 19.452283402859006 242.11132264874342 0.5524261487105362 0.06635606157762322 2.017853399005401 8.0 -1.0 -1.0 -1.0 -1.0 
287.83 4.02 20260420.0 -1.0 268.3592272034145 363.1669839731151 0.09613870986925059 0.016589015394405805 1.5595031913822048 1.0 -1.0 -1.0 -1.0 -1.0 
287.83 4.02 20260420.0 -1.0 78.2101189443 484.22264529748685 0.7049930221673032 0.017971433343939622 1.8406275628548256 4.0 -1.0 -1.0 -1.0 -1.0 
287.83 4.02 20260420.0 -1.0 0.21433467510702428 605.2783066218585 0.6538551491077016 0.017971433343939622 4.278575723547619 32.0 -1.0 -1.0 -1.0 -1.0 
287.83 4.02 20260420.0 -1.0 1.3165361029035614 150.3419544280476 1.9223319441151956 0.01520659744487199 20.230812177888584 32.0 20.43985549363408 32.0 1.3165238973063729 150.27893066409717 
287.83 4.02 20260420.0 -1.0 1.200607994501 46.35684840594252 1.721169265377828 0.009676925646736721 30.227840584778026 32.0 30.22784304562997 32.0 1.2005936393203835 46.34865336306836 
287.83 4.02 20260420.0 -1.0 483.0961911840376 52.03492672988795 4.239969536556348 0.07741540517389377 3.3301507646253996 1.0 -1.0 -1.0 -1.0 -1.0 
287.83 4.02 20260420.0 -1.0 2.4500513636 121.05566132437171 1.4481584463104344 0.10644618211410392 2.1262994234742214 2.0 -1.0 -1.0 -1.0 -1.0 
287.83 4.02 20260420.0 -1.0 0.0018682223847710365 726.3339679462302 1.039445396474434 0.04700221028414978 0.29837246046236904 1.0 -1.0 -1.0 -1.0 -1.0 
287.83 4.02 20260420.0 -1.0 104.2699714144 847.389629270602 4.456202279847409 0.016589015394405805 3.1033768812329408 4.0 -1.0 -1.0 -1.0 -1.0 
287.83 4.02 20260420.0 -1.0 12.359917476 67.37421294830769 0.3777963221727812 0.022118687192541075 1.1781923152523062 1.0 -1.0 -1.0 -1.0 -1.0 
287.83 4.02 20260420.0 -1.0 1.96871632878 10.423934833511755 0.07207518712173606 0.03041319488974398 3.2450592309966924 16.0 -1.0 -1.0 -1.0 -1.0 
287.83 4.02 20260420.0 -1.0 0.46173283166641466 74.23875539964469 0.23683039741008302 0.012441761545804354 2.8018368450057185 4.0 -1.0 -1.0 -1.0 -1.0 
287.83 4.02 20260420.0 -1.0 0.24943292613086243 44.57715221485515 0.021073291431380897 0.019353851293473442 1.441247011354766 2.0 -1.0 -1.0 -1.0 -1.0 
287.83 4.02 20260420.0 -1.0 1.220778 36.18715588544325 0.559725119173659 0.008294507697202903 6.0999098789550015 32.0 6.280993285835334 32.0 1.2207844216997426 36.33005798546188 
287.83 4.02 20260420.0 -1.0 0.3409 60.594417934641505 0.011926352757749569 0.04285495643554833 1.5352413079355887 16.0 -1.0 -1.0 -1.0 -1.0 
287.83 4.02 20260420.0 -1.0 198.08369995680323 125.5109551904952 0.5939875985383375 0.04285495643554833 2.1743613215620776 2.0 -1.0 -1.0 -1.0 -1.0 
287.83 4.02 20260420.0 -1.0 1.94354745058 69.66239376542002 0.037364334011937 0.07603298722435994 1.5438124545977128 16.0 -1.0 -1.0 -1.0 -1.0 
287.83 4.02 20260420.0 -1.0 242.47326784448205 161.35912132525513 0.2691181534972077 0.21150994627867403 2.489745535272648 1.0 -1.0 -1.0 -1.0 -1.0 
287.83 4.02 20260420.0 -1.0 0.0870795079555429 0.0 0.5651649464577384 0.011059343596270537 0.8246253802044221 8.0 -1.0 -1.0 -1.0 -1.0 
287.83 4.02 20260420.0 -1.0 19.452283402859006 242.11132264874342 0.5524261487105362 0.06635606157762322 2.016972879334962 8.0 -1.0 -1.0 -1.0 -1.0 
287.83 4.02 20260420.0 -1.0 268.3592272034145 363.1669839731151 0.09613870986925059 0.016589015394405805 1.5586607973886544 1.0 -1.0 -1.0 -1.0 -1.0 
287.83 4.02 20260420.0 -1.0 78.2101189443 484.22264529748685 0.7049930221673032 0.017971433343939622 1.8400476541402686 4.0 -1.0 -1.0 -1.0 -1.0 
287.83 4.02 20260420.0 -1.0 0.21433467510702428 605.2783066218585 0.6538551491077016 0.017971433343939622 4.282485395986481 32.0 -1.0 -1.0 -1.0 -1.0 
287.83 4.02 20260420.0 -1.0 1.3165361029035614 150.3419544280476 1.9223319441151956 0.01520659744487199 20.22745114561166 32.0 20.42653611303503 32.0 1.3165238973063729 150.27893066409717 
287.83 4.02 20260420.0 -1.0 1.200607994501 46.35684840594252 1.721169265377828 0.009676925646736721 30.228020208317126 32.0 30.228018714813 32.0 1.2005936393203835 46.34865336306836 
287.83 4.02 20260420.0 -1.0 483.0961911840376 52.03492672988795 4.239969536556348 0.07741540517389377 3.3301496236678823 1.0 -1.0 -1.0 -1.0 -1.0 
287.83 4.02 20260420.0 -1.0 2.4500513636 121.05566132437171 1.4481584463104344 0.10644618211410392 2.125920168038245 2.0 -1.0 -1.0 -1.0 -1.0 
287.83 4.02 20260420.0 -1.0 0.0018682223847710365 726.3339679462302 1.039445396474434 0.04700221028414978 0.29837239365828677 1.0 -1.0 -1.0 -1.0 -1.0 
287.83 4.02 20260420.0 -1.0 104.2699714144 847.389629270602 4.456202279847409 0.016589015394405805 3.101405116424269 4.0 -1.0 -1.0 -1.0 -1.0 
287.83 4.02 20260420.0 -1.0 12.359917476 67.37421294830769 0.3777963221727812 0.022118687192541075 1.1781923152523062 1.0 -1.0 -1.0 -1.0 -1.0 
287.83 4.02 20260420.0 -1.0 1.96871632878 10.423934833511755 0.07207518712173606 0.03041319488974398 3.2450592309966924 16.0 -1.0 -1.0 -1.0 -1.0 
287.83 4.02 20260420.0 -1.0 0.46173283166641466 74.23875539964469 0.23683039741008302 0.012441761545804354 2.8018368450057185 4.0 -1.0 -1.0 -1.0 -1.0 
287.83 4.02 20260420.0 -1.0 0.24943292613086243 44.57715221485515 0.021073291431380897 0.019353851293473442 1.441247011354766 2.0 -1.0 -1.0 -1.0 -1.0 
287.83 4.02 20260420.0 -1.0 1.220778 36.18715588544325 0.559725119173659 0.008294507697202903 6.0999098789550015 32.0 6.280993285835334 32.0 1.2207844216997426 36.33005798546188 
287.83 4.02 20260420.0 -1.0 0.3409 60.594417934641505 0.011926352757749569 0.04285495643554833 1.5352413079355887 16.0 -1.0 -1.0 -1.0 -1.0 
287.83 4.02 20260420.0 -1.0 198.08369995680323 125.5109551904952 0.5939875985383375 0.04285495643554833 2.1743613215620776 2.0 -1.0 -1.0 -1.0 -1.0 
287.83 4.02 20260420.0 -1.0 1.94354745058 69.66239376542002 0.037364334011937 0.07603298722435994 1.5438124545977128 16.0 -1.0 -1.0 -1.0 -1.0 
287.83 4.02 20260420.0 -1.0 242.47326784448205 161.35912132525513 0.2691181534972077 0.21150994627867403 2.489745535272648 1.0 -1.0 -1.0 -1.0 -1.0 
287.83 4.02 20260420.0 -1.0 0.0870795079555429 0.0 0.5651649464577384 0.011059343596270537 0.8246253802044221 8.0 -1.0 -1.0 -1.0 -1.0 
287.83 4.02 20260420.0 -1.0 19.452283402859006 242.11132264874342 0.5524261487105362 0.06635606157762322 2.016972879334962 8.0 -1.0 -1.0 -1.0 -1.0 
287.83 4.02 20260420.0 -1.0 268.3592272034145 363.1669839731151 0.09613870986925059 0.016589015394405805 1.5586607973886544 1.0 -1.0 -1.0 -1.0 -1.0 
287.83 4.02 20260420.0 -1.0 78.2101189443 484.22264529748685 0.7049930221673032 0.017971433343939622 1.8400476541402686 4.0 -1.0 -1.0 -1.0 -1.0 
287.83 4.02 20260420.0 -1.0 0.21433467510702428 605.2783066218585 0.6538551491077016 0.017971433343939622 4.282485395986481 32.0 -1.0 -1.0 -1.0 -1.0 
287.83 4.02 20260420.0 -1.0 1.3165361029035614 150.3419544280476 1.9223319441151956 0.01520659744487199 20.22745114561166 32.0 20.42653611303503 32.0 1.3165238973063729 150.27893066409717 
287.83 4.02 20260420.0 -1.0 1.200607994501 46.35684840594252 1.721169265377828 0.009676925646736721 30.228020208317126 32.0 30.228018714813 32.0 1.2005936393203835 46.34865336306836 
287.83 4.02 20260420.0 -1.0 483.0961911840376 52.03492672988795 4.239969536556348 0.07741540517389377 3.3301496236678823 1.0 -1.0 -1.0 -1.0 -1.0 
287.83 4.02 20260420.0 -1.0 2.4500513636 121.05566132437171 1.4481584463104344 0.10644618211410392 2.125920168038245 2.0 -1.0 -1.0 -1.0 -1.0 
287.83 4.02 20260420.0 -1.0 0.0018682223847710365 726.3339679462302 1.039445396474434 0.04700221028414978 0.29837239365828677 1.0 -1.0 -1.0 -1.0 -1.0 
287.83 4.02 20260420.0 -1.0 104.2699714144 847.389629270602 4.456202279847409 0.016589015394405805 3.101405116424269 4.0 -1.0 -1.0 -1.0 -1.0 
288.15 4.01 20260420.0 -1.0 1.04442576171 67.53067542828641 0.08595941066946326 0.01520659744487199 1.3810073892033208 2.0 -1.0 -1.0 -1.0 -1.0 
288.15 4.01 20260420.0 -1.0 0.0014643714749500898 48.90152358600051 0.06592982275469446 0.01520659744487199 1.441165406319467 1.0 -1.0 -1.0 -1.0 -1.0 
288.15 4.01 20260420.0 -1.0 0.1991405323955412 29.30879492428602 0.4709418621680498 0.08709233082063048 0.29304666293300086 2.0 -1.0 -1.0 -1.0 -1.0 
288.15 4.01 20260420.0 -1.0 0.6547438511715743 133.8568798322871 0.04231191156111125 0.01520659744487199 0.4060621245510559 1.0 -1.0 -1.0 -1.0 -1.0 
288.15 4.01 20260420.0 -1.0 0.482589475307 144.29562870943008 0.02424590861007524 0.030413194889743977 1.0045370672811345 8.0 -1.0 -1.0 -1.0 -1.0 
288.15 4.01 20260420.0 -1.0 1.0366956124632973 18.950344115428766 0.026542534726965158 0.035942866687879244 2.0945726650805647 8.0 -1.0 -1.0 -1.0 -1.0 
288.15 4.01 20260420.0 -1.0 0.011163339112402308 49.14241779085765 0.08824590664848048 0.009676925646736721 0.28879934709602184 4.0 -1.0 -1.0 -1.0 -1.0 
288.15 4.01 20260420.0 -1.0 1.1001096 106.47523854685825 0.338028170801927 0.008294507697202903 4.3194446334366425 32.0 -1.0 -1.0 -1.0 -1.0 
288.15 4.01 20260420.0 -1.0 0.0950246184471621 27.783131626857433 0.5299957990657957 0.03317803078881161 0.7733935041904076 32.0 -1.0 -1.0 -1.0 -1.0 
288.15 4.01 20260420.0 -1.0 0.006142431700545755 57.65401302914346 0.632091685978404 0.013824179495338172 0.2501191423662877 1.0 -1.0 -1.0 -1.0 -1.0 
288.15 4.01 20260420.0 -1.0 3.14404059506 0.0 0.15809563962528994 0.006912089747669085 2.9023883462003295 16.0 -1.0 -1.0 -1.0 -1.0 
288.15 4.01 20260420.0 -1.0 287.457853995106 229.40010993967584 0.1661583045958257 0.027648358990676344 0.5611069494079297 1.0 -1.0 -1.0 -1.0 -1.0 
288.15 4.01 20260420.0 -1.0 0.5498333678648692 458.8002198793517 0.10886886377494363 0.016589015394405805 0.37212142790280556 1.0 -1.0 -1.0 -1.0 -1.0 
288.15 4.01 20260420.0 -1.0 1.06477508236 573.5002748491896 0.5021923433847281 0.06773847952715704 1.8418995540993857 1.0 -1.0 -1.0 -1.0 -1.0 
288.15 4.01 20260420.0 -1.0 0.010960009343034309 688.2003298190275 0.010939661911164156 0.008294507697202903 0.901737958243602 16.0 -1.0 -1.0 -1.0 -1.0 
288.15 4.01 20260420.0 -1.0 240.25490831930935 802.9003847888655 0.06782395925350981 0.011059343596270537 0.9930923472314694 1.0 -1.0 -1.0 -1.0 -1.0 
288.15 4.01 20260420.0 -1.0 1.2373625970827 183.64168216943048 3.245272167306021 0.017971433343939622 33.97710190963619 32.0 34.068976200331456 32.0 1.2373675417620689 183.67424858945213 
288.15 4.01 20260420.0 -1.0 357.99117399581 107.43881536628683 1.8790026506185737 0.1382417949533817 1.7486171485073072 1.0 -1.0 -1.0 -1.0 -1.0 
288.15 4.01 20260420.0 -1.0 1.180767 114.70005496983792 1.2939312183928706 0.013824179495338172 13.727867350878606 32.0 13.874927331947882 32.0 1.1807666548217337 114.55606027727812 
288.15 4.01 20260420.0 -1.0 2.84923231813 344.10016490951375 3.9324161039416032 0.013824179495338172 32.958577874038 32.0 33.24019280216352 32.0 2.849234685224171 344.0729725642629 
288.15 4.01 20260420.0 -1.0 1.04442576171 67.53067542828641 0.08595941066946326 0.01520659744487199 1.3810074872341178 2.0 -1.0 -1.0 -1.0 -1.0 
288.15 4.01 20260420.0 -1.0 0.0014643714749500898 48.90152358600051 0.06592982275469446 0.01520659744487199 1.4411654139930599 1.0 -1.0 -1.0 -1.0 -1.0 
288.15 4.01 20260420.0 -1.0 0.1991405323955412 29.30879492428602 0.4709418621680498 0.08709233082063048 0.29304667275865565 2.0 -1.0 -1.0 -1.0 -1.0 
288.15 4.01 20260420.0 -1.0 0.6547438511715743 133.8568798322871 0.04231191156111125 0.01520659744487199 0.4060621319687597 1.0 -1.0 -1.0 -1.0 -1.0 
288.15 4.01 20260420.0 -1.0 0.482589475307 144.29562870943008 0.02424590861007524 0.030413194889743977 1.0045372504344074 8.0 -1.0 -1.0 -1.0 -1.0 
288.15 4.01 20260420.0 -1.0 1.0366956124632973 18.950344115428766 0.026542534726965158 0.035942866687879244 2.0945726650805647 8.0 -1.0 -1.0 -1.0 -1.0 
288.15 4.01 20260420.0 -1.0 0.011163339112402308 49.14241779085765 0.08824590664848048 0.009676925646736721 0.28879935585988736 4.0 -1.0 -1.0 -1.0 -1.0 
288.15 4.01 20260420.0 -1.0 1.1001096 106.47523854685825 0.338028170801927 0.008294507697202903 4.316575977718957 32.0 -1.0 -1.0 -1.0 -1.0 
288.15 4.01 20260420.0 -1.0 0.0950246184471621 27.783131626857433 0.5299957990657957 0.03317803078881161 0.7733819101739375 32.0 -1.0 -1.0 -1.0 -1.0 
288.15 4.01 20260420.0 -1.0 0.006142431700545755 57.65401302914346 0.632091685978404 0.013824179495338172 0.2501287344380321 1.0 -1.0 -1.0 -1.0 -1.0 
288.15 4.01 20260420.0 -1.0 3.14404059506 0.0 0.15809563962528994 0.006912089747669085 2.905589470753446 16.0 -1.0 -1.0 -1.0 -1.0 
288.15 4.01 20260420.0 -1.0 287.457853995106 229.40010993967584 0.1661583045958257 0.027648358990676344 0.5611442045089274 1.0 -1.0 -1.0 -1.0 -1.0 
288.15 4.01 20260420.0 -1.0 0.5498333678648692 458.8002198793517 0.10886886377494363 0.016589015394405805 0.3721178751408913 1.0 -1.0 -1.0 -1.0 -1.0 
288.15 4.01 20260420.0 -1.0 1.06477508236 573.5002748491896 0.5021923433847281 0.06773847952715704 1.8418995795402395 1.0 -1.0 -1.0 -1.0 -1.0 
288.15 4.01 20260420.0 -1.0 0.010960009343034309 688.2003298190275 0.010939661911164156 0.008294507697202903 0.9017375383446515 16.0 -1.0 -1.0 -1.0 -1.0 
288.15 4.01 20260420.0 -1.0 240.25490831930935 802.9003847888655 0.06782395925350981 0.011059343596270537 0.9930931629032337 1.0 -1.0 -1.0 -1.0 -1.0 
288.15 4.01 20260420.0 -1.0 1.2373625970827 183.64168216943048 3.245272167306021 0.017971433343939622 33.97160203775245 32.0 34.06348370381314 32.0 1.2373675417620689 183.67424858945213 
288.15 4.01 20260420.0 -1.0 357.99117399581 107.43881536628683 1.8790026506185737 0.1382417949533817 1.7486038751600284 1.0 -1.0 -1.0 -1.0 -1.0 
288.15 4.01 20260420.0 -1.0 1.180767 114.70005496983792 1.2939312183928706 0.013824179495338172 13.73010591225933 32.0 13.877980129032473 32.0 1.1807666548217337 114.55606027727812 
288.15 4.01 20260420.0 -1.0 2.84923231813 344.10016490951375 3.9324161039416032 0.013824179495338172 32.94959782684222 32.0 33.23124633694007 32.0 2.849234685224171 344.0729725642629 
288.15 4.01 20260420.0 -1.0 1.04442576171 67.53067542828641 0.08595941066946326 0.01520659744487199 1.3810074872341178 2.0 -1.0 -1.0 -1.0 -1.0 
288.15 4.01 20260420.0 -1.0 0.0014643714749500898 48.90152358600051 0.06592982275469446 0.01520659744487199 1.4411654139930599 1.0 -1.0 -1.0 -1.0 -1.0 
288.15 4.01 20260420.0 -1.0 0.1991405323955412 29.30879492428602 0.4709418621680498 0.08709233082063048 0.29304667275865565 2.0 -1.0 -1.0 -1.0 -1.0 
288.15 4.01 20260420.0 -1.0 0.6547438511715743 133.8568798322871 0.04231191156111125 0.01520659744487199 0.4060621319687597 1.0 -1.0 -1.0 -1.0 -1.0 
288.15 4.01 20260420.0 -1.0 0.482589475307 144.29562870943008 0.02424590861007524 0.030413194889743977 1.0045372504344074 8.0 -1.0 -1.0 -1.0 -1.0 
288.15 4.01 20260420.0 -1.0 1.0366956124632973 18.950344115428766 0.026542534726965158 0.035942866687879244 2.0945726650805647 8.0 -1.0 -1.0 -1.0 -1.0 
288.15 4.01 20260420.0 -1.0 0.011163339112402308 49.14241779085765 0.08824590664848048 0.009676925646736721 0.28879935585988736 4.0 -1.0 -1.0 -1.0 -1.0 
288.15 4.01 20260420.0 -1.0 1.1001096 106.47523854685825 0.338028170801927 0.008294507697202903 4.316575977718957 32.0 -1.0 -1.0 -1.0 -1.0 
288.15 4.01 20260420.0 -1.0 0.0950246184471621 27.783131626857433 0.5299957990657957 0.03317803078881161 0.7733819101739375 32.0 -1.0 -1.0 -1.0 -1.0 
288.15 4.01 20260420.0 -1.0 0.006142431700545755 57.65401302914346 0.632091685978404 0.013824179495338172 0.2501287344380321 1.0 -1.0 -1.0 -1.0 -1.0 
288.15 4.01 20260420.0 -1.0 3.14404059506 0.0 0.15809563962528994 0.006912089747669085 2.905589470753446 16.0 -1.0 -1.0 -1.0 -1.0 
288.15 4.01 20260420.0 -1.0 287.457853995106 229.40010993967584 0.1661583045958257 0.027648358990676344 0.5611442045089274 1.0 -1.0 -1.0 -1.0 -1.0 
288.15 4.01 20260420.0 -1.0 0.5498333678648692 458.8002198793517 0.10886886377494363 0.016589015394405805 0.3721178751408913 1.0 -1.0 -1.0 -1.0 -1.0 
288.15 4.01 20260420.0 -1.0 1.06477508236 573.5002748491896 0.5021923433847281 0.06773847952715704 1.8418995795402395 1.0 -1.0 -1.0 -1.0 -1.0 
288.15 4.01 20260420.0 -1.0 0.010960009343034309 688.2003298190275 0.010939661911164156 0.008294507697202903 0.9017375383446515 16.0 -1.0 -1.0 -1.0 -1.0 
288.15 4.01 20260420.0 -1.0 240.25490831930935 802.9003847888655 0.06782395925350981 0.011059343596270537 0.9930931629032337 1.0 -1.0 -1.0 -1.0 -1.0 
288.15 4.01 20260420.0 -1.0 1.2373625970827 183.64168216943048 3.245272167306021 0.017971433343939622 33.97160203775245 32.0 34.06348370381314 32.0 1.2373675417620689 183.67424858945213 
288.15 4.01 20260420.0 -1.0 357.99117399581 107.43881536628683 1.8790026506185737 0.1382417949533817 1.7486038751600284 1.0 -1.0 -1.0 -1.0 -1.0 
288.15 4.01 20260420.0 -1.0 1.180767 114.70005496983792 1.2939312183928706 0.013824179495338172 13.73010591225933 32.0 13.877980129032473 32.0 1.1807666548217337 114.55606027727812 
288.15 4.01 20260420.0 -1.0 2.84923231813 344.10016490951375 3.9324161039416032 0.013824179495338172 32.94959782684222 32.0 33.23124633694007 32.0 2.849234685224171 344.0729725642629 
288.47 4.01 20260420.0 -1.0 0.646438269959 109.32586264266956 0.10590159234624662 0.03317803078881161 0.3413893303248736 2.0 -1.0 -1.0 -1.0 -1.0 
288.47 4.01 20260420.0 -1.0 355.075809 229.41635282208242 0.10111148295914613 0.05253188208228506 2.7880299582920656 1.0 -1.0 -1.0 -1.0 -1.0 
288.47 4.01 20260420.0 -1.0 0.6249554554 44.890787174503984 0.1467292344570344 0.019353851293473442 0.6114169071651563 2.0 -1.0 -1.0 -1.0 -1.0 
288.47 4.01 20260420.0 -1.0 0.303938 180.4029423356342 0.07554188520624827 0.024883523091608708 2.425937731264212 8.0 -1.0 -1.0 -1.0 -1.0 
288.47 4.01 20260420.0 -1.0 0.0024727047830328253 109.24951776652244 0.31049113500505254 0.027648358990676344 9.349042956122704 1.0 -1.0 -1.0 -1.0 -1.0 
288.47 4.01 20260420.0 -1.0 2.87253929366 202.23757691370926 0.059893230394471676 0.04423737438508215 1.374339434893338 2.0 -1.0 -1.0 -1.0 -1.0 
288.47 4.01 20260420.0 -1.0 3.65798554138 83.90301888568007 0.3338507492441885 0.052531882082285056 0.6512527447684424 8.0 -1.0 -1.0 -1.0 -1.0 
288.47 4.01 20260420.0 -1.0 39.294134837454486 76.72660052785119 0.07643430638053694 0.02350110514207489 2.1269251765843666 2.0 -1.0 -1.0 -1.0 -1.0 
288.47 4.01 20260420.0 -1.0 348.60365221773014 0.0 0.014273006104727986 0.04009012053648069 -0.15293612028946504 1.0 -1.0 -1.0 -1.0 -1.0 
288.47 4.01 20260420.0 -1.0 1.9270125222336 109.05320237071558 0.023863699619569044 0.02073626924300726 1.3832639885040487 8.0 -1.0 -1.0 -1.0 -1.0 
288.47 4.01 20260420.0 -1.0 0.05350093162169203 327.1596071121468 0.013807466919654225 0.013824179495338172 2.1230838316954292 1.0 -1.0 -1.0 -1.0 -1.0 
288.47 4.01 20260420.0 -1.0 402.588227988547 436.2128094828623 0.02935937287463482 0.01520659744487199 0.2364029381734345 1.0 -1.0 -1.0 -1.0 -1.0 
288.47 4.01 20260420.0 -1.0 2.60086625589 654.3192142242935 0.35453161212421364 0.04009012053648069 0.34815361378421794 1.0 -1.0 -1.0 -1.0 -1.0 
288.47 4.01 20260420.0 -1.0 0.5917848809916929 763.3724165950091 0.24363443662967038 0.024883523091608708 0.7262993533179348 8.0 -1.0 -1.0 -1.0 -1.0 
288.47 4.01 20260420.0 -1.0 0.001635122972536765 124.44214811979846 1.4421681552054735 0.01520659744487199 10.284446443471294 2.0 -1.0 -1.0 -1.0 -1.0 
288.47 4.01 20260420.0 -1.0 0.03394511707903087 68.17597439937424 5.531899575193495 0.02350110514207489 6.775001544608749 32.0 -1.0 -1.0 -1.0 -1.0 
288.47 4.01 20260420.0 -1.0 1.775348 0.6871038853240405 5.663374845755554 0.02073626924300726 36.673603999758924 32.0 37.68551902505886 32.0 1.7753336578607561 1.0119793310713614 
288.47 4.01 20260420.0 -1.0 18.07331488113158 186.7395670558448 2.901658274206379 0.1451538847010508 6.535574671616116 2.0 6.535574671616116 2.0 18.07347871363163 186.7101865826662 
288.47 4.01 20260420.0 -1.0 335.8162133708968 218.10640474143116 5.667288709535706 0.04147253848601451 8.677908530606183 1.0 -1.0 -1.0 -1.0 -1.0 
288.47 4.01 20260420.0 -1.0 6.125554131008 545.2660118535779 2.931883535706413 0.027648358990676348 12.948923524395125 16.0 12.948924173815245 16.0 6.125568082400909 545.2544635812496 
288.47 4.01 20260420.0 -1.0 0.646438269959 109.32586264266956 0.10590159234624662 0.03317803078881161 0.34138919479153595 2.0 -1.0 -1.0 -1.0 -1.0 
288.47 4.01 20260420.0 -1.0 355.075809 229.41635282208242 0.10111148295914613 0.05253188208228506 2.7879783449410116 1.0 -1.0 -1.0 -1.0 -1.0 
288.47 4.01 20260420.0 -1.0 0.6249554554 44.890787174503984 0.1467292344570344 0.019353851293473442 0.6114163960503524 2.0 -1.0 -1.0 -1.0 -1.0 
288.47 4.01 20260420.0 -1.0 0.303938 180.4029423356342 0.07554188520624827 0.024883523091608708 2.4259380839698896 8.0 -1.0 -1.0 -1.0 -1.0 
288.47 4.01 20260420.0 -1.0 0.0024727047830328253 109.24951776652244 0.31049113500505254 0.027648358990676344 9.34904295516066 1.0 -1.0 -1.0 -1.0 -1.0 
288.47 4.01 20260420.0 -1.0 2.87253929366 202.23757691370926 0.059893230394471676 0.04423737438508215 1.3743394351834555 2.0 -1.0 -1.0 -1.0 -1.0 
288.47 4.01 20260420.0 -1.0 3.65798554138 83.90301888568007 0.3338507492441885 0.052531882082285056 0.6501335745596711 8.0 -1.0 -1.0 -1.0 -1.0 
288.47 4.01 20260420.0 -1.0 39.294134837454486 76.72660052785119 0.07643430638053694 0.02350110514207489 2.126512871530039 2.0 -1.0 -1.0 -1.0 -1.0 
288.47 4.01 20260420.0 -1.0 348.60365221773014 0.0 0.014273006104727986 0.04009012053648069 -0.1534054971161601 1.0 -1.0 -1.0 -1.0 -1.0 
288.47 4.01 20260420.0 -1.0 1.9270125222336 109.05320237071558 0.023863699619569044 0.02073626924300726 1.3874849252215613 8.0 -1.0 -1.0 -1.0 -1.0 
288.47 4.01 20260420.0 -1.0 0.05350093162169203 327.1596071121468 0.013807466919654225 0.013824179495338172 2.1230838317101353 1.0 -1.0 -1.0 -1.0 -1.0 
288.47 4.01 20260420.0 -1.0 402.588227988547 436.2128094828623 0.02935937287463482 0.01520659744487199 0.23640000856362497 1.0 -1.0 -1.0 -1.0 -1.0 
288.47 4.01 20260420.0 -1.0 2.60086625589 654.3192142242935 0.35453161212421364 0.04009012053648069 0.34815361368265124 1.0 -1.0 -1.0 -1.0 -1.0 
288.47 4.01 20260420.0 -1.0 0.5917848809916929 763.3724165950091 0.24363443662967038 0.024883523091608708 0.7262993094400356 8.0 -1.0 -1.0 -1.0 -1.0 
288.47 4.01 20260420.0 -1.0 0.001635122972536765 124.44214811979846 1.4421681552054735 0.01520659744487199 10.284443507586182 2.0 -1.0 -1.0 -1.0 -1.0 
288.47 4.01 20260420.0 -1.0 0.03394511707903087 68.17597439937424 5.531899575193495 0.02350110514207489 6.775972406925745 32.0 -1.0 -1.0 -1.0 -1.0 
288.47 4.01 20260420.0 -1.0 1.775348 0.6871038853240405 5.663374845755554 0.02073626924300726 36.64257004828649 32.0 37.660300994796714 32.0 1.7753336578607561 1.0119793310713614 
288.47 4.01 20260420.0 -1.0 18.07331488113158 186.7395670558448 2.901658274206379 0.1451538847010508 6.5380823842485425 2.0 6.538082917325701 2.0 18.07347871363163 186.7101865826662 
288.47 4.01 20260420.0 -1.0 335.8162133708968 218.10640474143116 5.667288709535706 0.04147253848601451 8.676176066000721 1.0 -1.0 -1.0 -1.0 -1.0 
288.47 4.01 20260420.0 -1.0 6.125554131008 545.2660118535779 2.931883535706413 0.027648358990676348 12.950542072642191 16.0 12.950542986762763 16.0 6.125568082400909 545.2544635812496 
288.47 4.01 20260420.0 -1.0 0.646438269959 109.32586264266956 0.10590159234624662 0.03317803078881161 0.34138919479153595 2.0 -1.0 -1.0 -1.0 -1.0 
288.47 4.01 20260420.0 -1.0 355.075809 229.41635282208242 0.10111148295914613 0.05253188208228506 2.7879783449410116 1.0 -1.0 -1.0 -1.0 -1.0 
288.47 4.01 20260420.0 -1.0 0.6249554554 44.890787174503984 0.1467292344570344 0.019353851293473442 0.6114163960503524 2.0 -1.0 -1.0 -1.0 -1.0 
288.47 4.01 20260420.0 -1.0 0.303938 180.4029423356342 0.07554188520624827 0.024883523091608708 2.4259380839698896 8.0 -1.0 -1.0 -1.0 -1.0 
288.47 4.01 20260420.0 -1.0 0.0024727047830328253 109.24951776652244 0.31049113500505254 0.027648358990676344 9.34904295516066 1.0 -1.0 -1.0 -1.0 -1.0 
288.47 4.01 20260420.0 -1.0 2.87253929366 202.23757691370926 0.059893230394471676 0.04423737438508215 1.3743394351834555 2.0 -1.0 -1.0 -1.0 -1.0 
288.47 4.01 20260420.0 -1.0 3.65798554138 83.90301888568007 0.3338507492441885 0.052531882082285056 0.6501335745596711 8.0 -1.0 -1.0 -1.0 -1.0 
288.47 4.01 20260420.0 -1.0 39.294134837454486 76.72660052785119 0.07643430638053694 0.02350110514207489 2.126512871530039 2.0 -1.0 -1.0 -1.0 -1.0 
288.47 4.01 20260420.0 -1.0 348.60365221773014 0.0 0.014273006104727986 0.04009012053648069 -0.1534054971161601 1.0 -1.0 -1.0 -1.0 -1.0 
288.47 4.01 20260420.0 -1.0 1.9270125222336 109.05320237071558 0.023863699619569044 0.02073626924300726 1.3874849252215613 8.0 -1.0 -1.0 -1.0 -1.0 
288.47 4.01 20260420.0 -1.0 0.05350093162169203 327.1596071121468 0.013807466919654225 0.013824179495338172 2.1230838317101353 1.0 -1.0 -1.0 -1.0 -1.0 
288.47 4.01 20260420.0 -1.0 402.588227988547 436.2128094828623 0.02935937287463482 0.01520659744487199 0.23640000856362497 1.0 -1.0 -1.0 -1.0 -1.0 
288.47 4.01 20260420.0 -1.0 2.60086625589 654.3192142242935 0.35453161212421364 0.04009012053648069 0.34815361368265124 1.0 -1.0 -1.0 -1.0 -1.0 
288.47 4.01 20260420.0 -1.0 0.5917848809916929 763.3724165950091 0.24363443662967038 0.024883523091608708 0.7262993094400356 8.0 -1.0 -1.0 -1.0 -1.0 
288.47 4.01 20260420.0 -1.0 0.001635122972536765 124.44214811979846 1.4421681552054735 0.01520659744487199 10.284443507586182 2.0 -1.0 -1.0 -1.0 -1.0 
288.47 4.01 20260420.0 -1.0 0.03394511707903087 68.17597439937424 5.531899575193495 0.02350110514207489 6.775972406925745 32.0 -1.0 -1.0 -1.0 -1.0 
288.47 4.01 20260420.0 -1.0 1.775348 0.6871038853240405 5.663374845755554 0.02073626924300726 36.64257004828649 32.0 37.660300994796714 32.0 1.7753336578607561 1.0119793310713614 
288.47 4.01 20260420.0 -1.0 18.07331488113158 186.7395670558448 2.901658274206379 0.1451538847010508 6.5380823842485425 2.0 6.538082917325701 2.0 18.07347871363163 186.7101865826662 
288.47 4.01 20260420.0 -1.0 335.8162133708968 218.10640474143116 5.667288709535706 0.04147253848601451 8.676176066000721 1.0 -1.0 -1.0 -1.0 -1.0 
288.47 4.01 20260420.0 -1.0 6.125554131008 545.2660118535779 2.931883535706413 0.027648358990676348 12.950542072642191 16.0 12.950542986762763 16.0 6.125568082400909 545.2544635812496 
292.28 30.73 20260420.0 -1.0 7.20107927874 83.83249583377827 0.0751774531663409 0.038707702586946884 1.1845937277443261 1.0 -1.0 -1.0 -1.0 -1.0 
292.28 30.73 20260420.0 -1.0 3.404255 54.47892551758626 0.01045928387183566 0.019353851293473442 2.684340834091833 16.0 -1.0 -1.0 -1.0 -1.0 
292.28 30.73 20260420.0 -1.0 0.82961772349 81.3931409598565 0.366232073336369 0.016589015394405805 3.065258961657733 32.0 -1.0 -1.0 -1.0 -1.0 
292.28 30.73 20260420.0 -1.0 0.80130712057 3.496408652621208 0.6351558289205688 0.009676925646736721 10.684001180921351 32.0 11.129303698730322 32.0 0.801325465242068 3.7443235249640376 
292.28 30.73 20260420.0 -1.0 1.352247 0.7724623767418948 0.0192498984522253 0.017971433343939622 2.6768621860168085 1.0 -1.0 -1.0 -1.0 -1.0 
292.28 30.73 20260420.0 -1.0 319.4565261370093 1.8295161554413297 0.03436794901146621 0.13962421290291552 0.10530103775736342 1.0 -1.0 -1.0 -1.0 -1.0 
292.28 30.73 20260420.0 -1.0 265.8152125688832 107.57554993995019 0.10041536703492851 0.013824179495338172 0.8219363737936733 1.0 -1.0 -1.0 -1.0 -1.0 
292.28 30.73 20260420.0 -1.0 1.75312729201 0.0 0.04053785697483141 0.011059343596270537 1.5091292713455895 16.0 -1.0 -1.0 -1.0 -1.0 
292.28 30.73 20260420.0 -1.0 4.348508628268855 174.22220988817006 0.651150484646702 0.01797143334393962 7.50749761318825 16.0 7.6447165602358345 16.0 4.348536701096843 174.3640387435956 
292.28 30.73 20260420.0 -1.0 2.522327 232.2962798508934 0.24498467270948532 0.004147253848601451 8.707175517891605 32.0 8.861442869789068 32.0 2.522331972916921 232.14805854777032 
292.28 30.73 20260420.0 -1.0 0.54991550213 348.4444197763401 0.014194340253526444 0.024883523091608708 0.5990357971975666 1.0 -1.0 -1.0 -1.0 -1.0 
292.28 30.73 20260420.0 -1.0 55.490992750915 406.51848973906345 0.1205891213629961 0.013824179495338172 0.3470912231524694 2.0 -1.0 -1.0 -1.0 -1.0 
292.28 30.73 20260420.0 -1.0 194.47579083371392 40.20869950514389 8.442919515616992 0.06497364362808941 22.07271299115743 2.0 22.072713294132445 2.0 194.4756756226222 40.17557944353305 
292.28 30.73 20260420.0 -1.0 4.6292378837998 112.12901237127083 7.760487235144511 0.056679135930886505 41.27323937907859 16.0 41.273240054973975 16.0 4.629267399044087 112.12730988270685 
292.28 30.73 20260420.0 -1.0 0.179704 29.028322999669097 4.51196203330497 0.017971433343939622 48.87926073337991 32.0 36.385139018404224 32.0 0.35940198965060216 29.448598534176618 
292.28 30.73 20260420.0 -1.0 112.0391351837939 290.8117568860407 8.507324120391955 0.031795612839277794 33.51409087797963 2.0 33.51408967106621 2.0 112.03907585392396 290.84285974990934 
292.28 30.73 20260420.0 -1.0 0.0013235601945406888 30.410624094891435 7.302748574690714 0.05529671798135268 8.204343220380425 2.0 -1.0 -1.0 -1.0 -1.0 
292.28 30.73 20260420.0 -1.0 164.7517730112 58.07406996272335 5.639948359483271 0.019353851293473442 31.235069666435 2.0 31.23507065374908 2.0 164.75193357716006 58.08761360349616 
292.28 30.73 20260420.0 -1.0 66.29687452695 116.1481399254467 1.3941658208736356 0.013824179495338172 7.4976738218855905 2.0 7.497674148472714 2.0 66.29707058891654 116.17522720699232 
292.28 30.73 20260420.0 -1.0 4.511352085937126 290.37034981361677 3.3709536048698947 0.02073626924300726 39.24663547098289 16.0 39.36300928631999 16.0 4.511336252714197 290.43806801748076 
292.28 30.73 20260420.0 -1.0 7.20107927874 83.83249583377827 0.0751774531663409 0.038707702586946884 1.184593751902175 1.0 -1.0 -1.0 -1.0 -1.0 
292.28 30.73 20260420.0 -1.0 3.404255 54.47892551758626 0.01045928387183566 0.019353851293473442 2.6843840200684763 16.0 -1.0 -1.0 -1.0 -1.0 
292.28 30.73 20260420.0 -1.0 0.82961772349 81.3931409598565 0.366232073336369 0.016589015394405805 3.061698685964358 32.0 -1.0 -1.0 -1.0 -1.0 
292.28 30.73 20260420.0 -1.0 0.80130712057 3.496408652621208 0.6351558289205688 0.009676925646736721 10.684442155249062 32.0 11.134018950915237 32.0 0.801325465242068 3.7443235249640376 
292.28 30.73 20260420.0 -1.0 1.352247 0.7724623767418948 0.0192498984522253 0.017971433343939622 2.67686218600912 1.0 -1.0 -1.0 -1.0 -1.0 
292.28 30.73 20260420.0 -1.0 319.4565261370093 1.8295161554413297 0.03436794901146621 0.13962421290291552 0.10587983637948077 1.0 -1.0 -1.0 -1.0 -1.0 
292.28 30.73 20260420.0 -1.0 265.8152125688832 107.57554993995019 0.10041536703492851 0.013824179495338172 0.8222588097032749 1.0 -1.0 -1.0 -1.0 -1.0 
292.28 30.73 20260420.0 -1.0 1.75312729201 0.0 0.04053785697483141 0.011059343596270537 1.5140110984639152 16.0 -1.0 -1.0 -1.0 -1.0 
292.28 30.73 20260420.0 -1.0 4.348508628268855 174.22220988817006 0.651150484646702 0.01797143334393962 7.507062473350603 16.0 7.649552453216817 16.0 4.348536701096843 174.3640387435956 
292.28 30.73 20260420.0 -1.0 2.522327 232.2962798508934 0.24498467270948532 0.004147253848601451 8.708092944586106 32.0 8.862509252880692 32.0 2.522331972916921 232.14805854777032 
292.28 30.73 20260420.0 -1.0 0.54991550213 348.4444197763401 0.014194340253526444 0.024883523091608708 0.5990357974896946 1.0 -1.0 -1.0 -1.0 -1.0 
292.28 30.73 20260420.0 -1.0 55.490992750915 406.51848973906345 0.1205891213629961 0.013824179495338172 0.34700967987985154 2.0 -1.0 -1.0 -1.0 -1.0 
292.28 30.73 20260420.0 -1.0 194.47579083371392 40.20869950514389 8.442919515616992 0.06497364362808941 22.070903485755636 2.0 22.070903137734213 2.0 194.4756756226222 40.17557944353305 
292.28 30.73 20260420.0 -1.0 4.6292378837998 112.12901237127083 7.760487235144511 0.056679135930886505 41.27323937907859 16.0 41.273240054973975 16.0 4.629267399044087 112.12730988270685 
292.28 30.73 20260420.0 -1.0 0.179704 29.028322999669097 4.51196203330497 0.017971433343939622 48.87926073337991 32.0 36.385139018404224 32.0 0.35940198965060216 29.448598534176618 
292.28 30.73 20260420.0 -1.0 112.0391351837939 290.8117568860407 8.507324120391955 0.031795612839277794 33.51409087797963 2.0 33.51408967106621 2.0 112.03907585392396 290.84285974990934 
292.28 30.73 20260420.0 -1.0 0.0013235601945406888 30.410624094891435 7.302748574690714 0.05529671798135268 8.204343220380425 2.0 -1.0 -1.0 -1.0 -1.0 
292.28 30.73 20260420.0 -1.0 164.7517730112 58.07406996272335 5.639948359483271 0.019353851293473442 31.235069666435 2.0 31.23507065374908 2.0 164.75193357716006 58.08761360349616 
292.28 30.73 20260420.0 -1.0 66.29687452695 116.1481399254467 1.3941658208736356 0.013824179495338172 7.4976738218855905 2.0 7.497674148472714 2.0 66.29707058891654 116.17522720699232 
292.28 30.73 20260420.0 -1.0 4.511352085937126 290.37034981361677 3.3709536048698947 0.02073626924300726 39.24663547098289 16.0 39.36300928631999 16.0 4.511336252714197 290.43806801748076 
292.28 30.73 20260420.0 -1.0 7.20107927874 83.83249583377827 0.0751774531663409 0.038707702586946884 1.184593751902175 1.0 -1.0 -1.0 -1.0 -1.0 
292.28 30.73 20260420.0 -1.0 3.404255 54.47892551758626 0.01045928387183566 0.019353851293473442 2.6843840200684763 16.0 -1.0 -1.0 -1.0 -1.0 
292.28 30.73 20260420.0 -1.0 0.82961772349 81.3931409598565 0.366232073336369 0.016589015394405805 3.061698685964358 32.0 -1.0 -1.0 -1.0 -1.0 
292.28 30.73 20260420.0 -1.0 0.80130712057 3.496408652621208 0.6351558289205688 0.009676925646736721 10.684442155249062 32.0 11.134018950915237 32.0 0.801325465242068 3.7443235249640376 
292.28 30.73 20260420.0 -1.0 1.352247 0.7724623767418948 0.0192498984522253 0.017971433343939622 2.67686218600912 1.0 -1.0 -1.0 -1.0 -1.0 
292.28 30.73 20260420.0 -1.0 319.4565261370093 1.8295161554413297 0.03436794901146621 0.13962421290291552 0.10587983637948077 1.0 -1.0 -1.0 -1.0 -1.0 
292.28 30.73 20260420.0 -1.0 265.8152125688832 107.57554993995019 0.10041536703492851 0.013824179495338172 0.8222588097032749 1.0 -1.0 -1.0 -1.0 -1.0 
292.28 30.73 20260420.0 -1.0 1.75312729201 0.0 0.04053785697483141 0.011059343596270537 1.5140110984639152 16.0 -1.0 -1.0 -1.0 -1.0 
292.28 30.73 20260420.0 -1.0 4.348508628268855 174.22220988817006 0.651150484646702 0.01797143334393962 7.507062473350603 16.0 7.649552453216817 16.0 4.348536701096843 174.3640387435956 
292.28 30.73 20260420.0 -1.0 2.522327 232.2962798508934 0.24498467270948532 0.004147253848601451 8.708092944586106 32.0 8.862509252880692 32.0 2.522331972916921 232.14805854777032 
292.28 30.73 20260420.0 -1.0 0.54991550213 348.4444197763401 0.014194340253526444 0.024883523091608708 0.5990357974896946 1.0 -1.0 -1.0 -1.0 -1.0 
292.28 30.73 20260420.0 -1.0 55.490992750915 406.51848973906345 0.1205891213629961 0.013824179495338172 0.34700967987985154 2.0 -1.0 -1.0 -1.0 -1.0 
292.28 30.73 20260420.0 -1.0 194.47579083371392 40.20869950514389 8.442919515616992 0.06497364362808941 22.070903485755636 2.0 22.070903137734213 2.0 194.4756756226222 40.17557944353305 
292.28 30.73 20260420.0 -1.0 4.6292378837998 112.12901237127083 7.760487235144511 0.056679135930886505 41.27323937907859 16.0 41.273240054973975 16.0 4.629267399044087 112.12730988270685 
292.28 30.73 20260420.0 -1.0 0.179704 29.028322999669097 4.51196203330497 0.017971433343939622 48.87926073337991 32.0 36.385139018404224 32.0 0.35940198965060216 29.448598534176618 
292.28 30.73 20260420.0 -1.0 112.0391351837939 290.8117568860407 8.507324120391955 0.031795612839277794 33.51409087797963 2.0 33.51408967106621 2.0 112.03907585392396 290.84285974990934 
292.28 30.73 20260420.0 -1.0 0.0013235601945406888 30.410624094891435 7.302748574690714 0.05529671798135268 8.204343220380425 2.0 -1.0 -1.0 -1.0 -1.0 
292.28 30.73 20260420.0 -1.0 164.7517730112 58.07406996272335 5.639948359483271 0.019353851293473442 31.235069666435 2.0 31.23507065374908 2.0 164.75193357716006 58.08761360349616 
292.28 30.73 20260420.0 -1.0 66.29687452695 116.1481399254467 1.3941658208736356 0.013824179495338172 7.4976738218855905 2.0 7.497674148472714 2.0 66.29707058891654 116.17522720699232 
292.28 30.73 20260420.0 -1.0 4.511352085937126 290.37034981361677 3.3709536048698947 0.02073626924300726 39.24663547098289 16.0 39.36300928631999 16.0 4.511336252714197 290.43806801748076 
292.65 30.73 20260420.0 -1.0 0.8055282493188 138.99517032548425 0.6919648092188234 0.045619792334615966 1.7398689440169708 16.0 -1.0 -1.0 -1.0 -1.0 
292.65 30.73 20260420.0 -1.0 0.005500994066002044 102.69894590241022 0.030223728185376803 0.08294507697202903 6.927498776224086 1.0 -1.0 -1.0 -1.0 -1.0 
292.65 30.73 20260420.0 -1.0 332.78628361061 4.926517700115619 0.06051711107912943 0.12718245135711118 -inf 1.0 -1.0 -1.0 -1.0 -1.0 
292.65 30.73 20260420.0 -1.0 132.978723 72.5924488461481 0.018076973133862834 0.016589015394405805 0.28227853131356667 1.0 -1.0 -1.0 -1.0 -1.0 
292.65 30.73 20260420.0 -1.0 0.9413247893862918 146.279679403433 0.02608805156199015 0.016589015394405805 1.2969559773421213 8.0 -1.0 -1.0 -1.0 -1.0 
292.65 30.73 20260420.0 -1.0 4.06545762605 60.14682598712586 0.5234460021323749 0.008294507697202903 10.14227612943987 32.0 10.142275765129089 32.0 4.065471633415049 60.11157226563888 
292.65 30.73 20260420.0 -1.0 0.004194585735668682 180.44047796137758 0.7424839476044562 0.013824179495338172 7.278251707927396 1.0 -1.0 -1.0 -1.0 -1.0 
292.65 30.73 20260420.0 -1.0 0.381837011156 240.58730394850343 0.22332374057879084 0.022118687192541075 2.4446893989347 8.0 -1.0 -1.0 -1.0 -1.0 
292.65 30.73 20260420.0 -1.0 0.59787312095 300.7341299356293 0.16777315525707734 0.022118687192541075 0.5268385317743663 2.0 -1.0 -1.0 -1.0 -1.0 
292.65 30.73 20260420.0 -1.0 0.19731861899116993 360.88095592275516 0.05960429119114489 0.015206597444871992 2.1819207424664993 32.0 -1.0 -1.0 -1.0 -1.0 
292.65 30.73 20260420.0 -1.0 1.074011086779 421.027781909881 0.04225349001833227 0.02073626924300726 1.3533511508515235 16.0 -1.0 -1.0 -1.0 -1.0 
292.65 30.73 20260420.0 -1.0 4.077548727660106 81.6033444685818 3.3454338372480157 0.01520659744487199 66.01870951251172 32.0 66.08420814964995 32.0 4.077537596458569 81.56553408435174 
292.65 30.73 20260420.0 -1.0 0.78666 83.32973101306675 8.41380609938174 0.009676925646736721 223.82280439332195 32.0 128.6084003554386 32.0 0.2622073225211352 83.3870968802802 
292.65 30.73 20260420.0 -1.0 1.75672140249 132.8896569364521 6.18698620829759 0.056679135930886505 21.397456009345184 16.0 21.785204782685053 16.0 1.7567193329644701 132.77168823656262 
292.65 30.73 20260420.0 -1.0 0.05133329711080282 30.94863683405966 2.8976518526871895 0.05529671798135269 1.6394830533702998 4.0 -1.0 -1.0 -1.0 -1.0 
292.65 30.73 20260420.0 -1.0 3.7366204955279794 60.928812923652146 3.5160464630911767 0.058061553880420315 18.155557534042792 16.0 18.336077871333266 16.0 3.736628665744017 60.819957797388824 
292.65 30.73 20260420.0 -1.0 0.31386558431942146 83.83501487974527 4.456202279847409 0.009676925646736721 174.16340256476784 32.0 88.88400168389431 32.0 0.4184888287757834 83.99428447892299 
292.65 30.73 20260420.0 -1.0 1.1809263676 44.4649802677102 2.8323388832177554 0.013824179495338172 66.74183920353971 32.0 66.93621978959598 32.0 1.1809182372720293 44.52709056713991 
292.65 30.73 20260420.0 -1.0 0.017838796294766226 0.0 3.8094132304713457 0.01520659744487199 7.067020479236731 32.0 -1.0 -1.0 -1.0 -1.0 
292.65 30.73 20260420.0 -1.0 0.1841751755304833 120.29365197425172 6.307830111759223 0.027648358990676348 49.83224803095775 16.0 32.68843050552004 32.0 0.2762741739085565 120.72913419681345 
292.65 30.73 20260420.0 -1.0 0.8055282493188 138.99517032548425 0.6919648092188234 0.045619792334615966 1.7508439195594763 16.0 -1.0 -1.0 -1.0 -1.0 
292.65 30.73 20260420.0 -1.0 0.005500994066002044 102.69894590241022 0.030223728185376803 0.08294507697202903 2.605551393077043 1.0 -1.0 -1.0 -1.0 -1.0 
292.65 30.73 20260420.0 -1.0 332.78628361061 4.926517700115619 0.06051711107912943 0.12718245135711118 -inf 1.0 -1.0 -1.0 -1.0 -1.0 
292.65 30.73 20260420.0 -1.0 132.978723 72.5924488461481 0.018076973133862834 0.016589015394405805 0.28082960587560296 1.0 -1.0 -1.0 -1.0 -1.0 
292.65 30.73 20260420.0 -1.0 0.9413247893862918 146.279679403433 0.02608805156199015 0.016589015394405805 1.2964837693263065 8.0 -1.0 -1.0 -1.0 -1.0 
292.65 30.73 20260420.0 -1.0 4.06545762605 60.14682598712586 0.5234460021323749 0.008294507697202903 10.141187671393194 32.0 10.141188319897788 32.0 4.065471633415049 60.11157226563888 
292.65 30.73 20260420.0 -1.0 0.004194585735668682 180.44047796137758 0.7424839476044562 0.013824179495338172 3.6193195945280165 1.0 -1.0 -1.0 -1.0 -1.0 
292.65 30.73 20260420.0 -1.0 0.381837011156 240.58730394850343 0.22332374057879084 0.022118687192541075 2.360672200130181 8.0 -1.0 -1.0 -1.0 -1.0 
292.65 30.73 20260420.0 -1.0 0.59787312095 300.7341299356293 0.16777315525707734 0.022118687192541075 0.5268015287809289 2.0 -1.0 -1.0 -1.0 -1.0 
292.65 30.73 20260420.0 -1.0 0.19731861899116993 360.88095592275516 0.05960429119114489 0.015206597444871992 2.148210179788183 32.0 -1.0 -1.0 -1.0 -1.0 
292.65 30.73 20260420.0 -1.0 1.074011086779 421.027781909881 0.04225349001833227 0.02073626924300726 1.349425146992063 16.0 -1.0 -1.0 -1.0 -1.0 
292.65 30.73 20260420.0 -1.0 4.077548727660106 81.6033444685818 3.3454338372480157 0.01520659744487199 66.92380152982491 32.0 66.92380021532335 32.0 4.077537596458569 81.56553408435174 
292.65 30.73 20260420.0 -1.0 0.78666 83.32973101306675 8.41380609938174 0.009676925646736721 223.85169381411896 32.0 128.70952905536728 32.0 0.2622073225211352 83.3870968802802 
292.65 30.73 20260420.0 -1.0 1.75672140249 132.8896569364521 6.18698620829759 0.056679135930886505 21.395399077230362 16.0 21.795448944857036 16.0 1.7567193329644701 132.77168823656262 
292.65 30.73 20260420.0 -1.0 0.05133329711080282 30.94863683405966 2.8976518526871895 0.05529671798135269 2.644352252471152 4.0 -1.0 -1.0 -1.0 -1.0 
292.65 30.73 20260420.0 -1.0 3.7366204955279794 60.928812923652146 3.5160464630911767 0.058061553880420315 18.155715855691856 16.0 18.338794148200172 16.0 3.736628665744017 60.819957797388824 
292.65 30.73 20260420.0 -1.0 0.31386558431942146 83.83501487974527 4.456202279847409 0.009676925646736721 177.45718250444804 32.0 88.95327543788929 32.0 0.4184888287757834 83.99428447892299 
292.65 30.73 20260420.0 -1.0 1.1809263676 44.4649802677102 2.8323388832177554 0.013824179495338172 66.67791515656728 32.0 66.89350115599375 32.0 1.1809182372720293 44.52709056713991 
292.65 30.73 20260420.0 -1.0 0.017838796294766226 0.0 3.8094132304713457 0.01520659744487199 7.220833779876079 32.0 -1.0 -1.0 -1.0 -1.0 
292.65 30.73 20260420.0 -1.0 0.1841751755304833 120.29365197425172 6.307830111759223 0.027648358990676348 50.81391048207338 16.0 32.48900709782746 32.0 0.2762741739085565 120.72913419681345 
292.65 30.73 20260420.0 -1.0 0.8055282493188 138.99517032548425 0.6919648092188234 0.045619792334615966 1.7508439195594763 16.0 -1.0 -1.0 -1.0 -1.0 
292.65 30.73 20260420.0 -1.0 0.005500994066002044 102.69894590241022 0.030223728185376803 0.08294507697202903 2.605551393077043 1.0 -1.0 -1.0 -1.0 -1.0 
292.65 30.73 20260420.0 -1.0 332.78628361061 4.926517700115619 0.06051711107912943 0.12718245135711118 -inf 1.0 -1.0 -1.0 -1.0 -1.0 
292.65 30.73 20260420.0 -1.0 132.978723 72.5924488461481 0.018076973133862834 0.016589015394405805 0.28082960587560296 1.0 -1.0 -1.0 -1.0 -1.0 
292.65 30.73 20260420.0 -1.0 0.9413247893862918 146.279679403433 0.02608805156199015 0.016589015394405805 1.2964837693263065 8.0 -1.0 -1.0 -1.0 -1.0 
292.65 30.73 20260420.0 -1.0 4.06545762605 60.14682598712586 0.5234460021323749 0.008294507697202903 10.141187671393194 32.0 10.141188319897788 32.0 4.065471633415049 60.11157226563888 
292.65 30.73 20260420.0 -1.0 0.004194585735668682 180.44047796137758 0.7424839476044562 0.013824179495338172 3.6193195945280165 1.0 -1.0 -1.0 -1.0 -1.0 
292.65 30.73 20260420.0 -1.0 0.381837011156 240.58730394850343 0.22332374057879084 0.022118687192541075 2.360672200130181 8.0 -1.0 -1.0 -1.0 -1.0 
292.65 30.73 20260420.0 -1.0 0.59787312095 300.7341299356293 0.16777315525707734 0.022118687192541075 0.5268015287809289 2.0 -1.0 -1.0 -1.0 -1.0 
292.65 30.73 20260420.0 -1.0 0.19731861899116993 360.88095592275516 0.05960429119114489 0.015206597444871992 2.148210179788183 32.0 -1.0 -1.0 -1.0 -1.0 
292.65 30.73 20260420.0 -1.0 1.074011086779 421.027781909881 0.04225349001833227 0.02073626924300726 1.349425146992063 16.0 -1.0 -1.0 -1.0 -1.0 
292.65 30.73 20260420.0 -1.0 4.077548727660106 81.6033444685818 3.3454338372480157 0.01520659744487199 66.92380152982491 32.0 66.92380021532335 32.0 4.077537596458569 81.56553408435174 
292.65 30.73 20260420.0 -1.0 0.78666 83.32973101306675 8.41380609938174 0.009676925646736721 223.85169381411896 32.0 128.70952905536728 32.0 0.2622073225211352 83.3870968802802 
292.65 30.73 20260420.0 -1.0 1.75672140249 132.8896569364521 6.18698620829759 0.056679135930886505 21.395399077230362 16.0 21.795448944857036 16.0 1.7567193329644701 132.77168823656262 
292.65 30.73 20260420.0 -1.0 0.05133329711080282 30.94863683405966 2.8976518526871895 0.05529671798135269 2.644352252471152 4.0 -1.0 -1.0 -1.0 -1.0 
292.65 30.73 20260420.0 -1.0 3.7366204955279794 60.928812923652146 3.5160464630911767 0.058061553880420315 18.155715855691856 16.0 18.338794148200172 16.0 3.736628665744017 60.819957797388824 
292.65 30.73 20260420.0 -1.0 0.31386558431942146 83.83501487974527 4.456202279847409 0.009676925646736721 177.45718250444804 32.0 88.95327543788929 32.0 0.4184888287757834 83.99428447892299 
292.65 30.73 20260420.0 -1.0 1.1809263676 44.4649802677102 2.8323388832177554 0.013824179495338172 66.67791515656728 32.0 66.89350115599375 32.0 1.1809182372720293 44.52709056713991 
292.65 30.73 20260420.0 -1.0 0.017838796294766226 0.0 3.8094132304713457 0.01520659744487199 7.220833779876079 32.0 -1.0 -1.0 -1.0 -1.0 
292.65 30.73 20260420.0 -1.0 0.1841751755304833 120.29365197425172 6.307830111759223 0.027648358990676348 50.81391048207338 16.0 32.48900709782746 32.0 0.2762741739085565 120.72913419681345 
293.03 30.73 20260420.0 -1.0 1.4352133702 96.67310583430879 0.022658727867683442 0.052531882082285056 0.5616140698575837 4.0 -1.0 -1.0 -1.0 -1.0 
293.03 30.73 20260420.0 -1.0 3.631598085482 128.70834722590365 0.7084105633896746 0.12165277955897592 0.9528093353276894 1.0 -1.0 -1.0 -1.0 -1.0 
293.03 30.73 20260420.0 -1.0 175.746924 48.31473054563423 0.0375454622610361 0.012441761545804352 1.4254690579636862 1.0 -1.0 -1.0 -1.0 -1.0 
293.03 30.73 20260420.0 -1.0 1.013699113957 400.9642543114197 0.18751123867894365 0.06082638977948796 0.5069695498107035 2.0 -1.0 -1.0 -1.0 -1.0 
293.03 30.73 20260420.0 -1.0 0.0028122545094976387 175.40822227904604 0.10069323644853632 0.016589015394405805 0.8858038342779205 1.0 -1.0 -1.0 -1.0 -1.0 
293.03 30.73 20260420.0 -1.0 22.846702651445444 165.19535240761115 0.25482417336644786 0.04561979233461596 1.2661553114611086 8.0 -1.0 -1.0 -1.0 -1.0 
293.03 30.73 20260420.0 -1.0 2.551867 0.0 0.026911815349720772 0.012441761545804352 1.027817715439908 1.0 -1.0 -1.0 -1.0 -1.0 
293.03 30.73 20260420.0 -1.0 2.763031441157 62.34339795145137 0.16331320510037797 0.027648358990676344 1.6253973486004984 32.0 -1.0 -1.0 -1.0 -1.0 
293.03 30.73 20260420.0 -1.0 172.760569821455 124.68679590290274 0.010452060627280742 0.052531882082285056 -0.2532319865246361 2.0 -1.0 -1.0 -1.0 -1.0 
293.03 30.73 20260420.0 -1.0 0.1061048642625269 249.3735918058055 0.025801274789462807 0.016589015394405805 0.29736184570559465 8.0 -1.0 -1.0 -1.0 -1.0 
293.03 30.73 20260420.0 -1.0 2.028 311.71698975725684 0.14856523413221545 0.008294507697202903 1.819950864591478 32.0 -1.0 -1.0 -1.0 -1.0 
293.03 30.73 20260420.0 -1.0 2.322167512743 374.0603877087082 0.13750352488231646 0.01520659744487199 0.11233283427931716 1.0 -1.0 -1.0 -1.0 -1.0 
293.03 30.73 20260420.0 -1.0 1.3235647032 436.4037856601596 0.04654433038693023 0.01520659744487199 1.7654166637817374 4.0 -1.0 -1.0 -1.0 -1.0 
293.03 30.73 20260420.0 -1.0 0.38068628161576884 67.21290428209278 1.6558534687975424 0.02350110514207489 16.015835261169396 32.0 16.13799991560286 32.0 0.3806841656720887 66.99303171692412 
293.03 30.73 20260420.0 -1.0 2.09760208735 214.55755678621307 7.138144882132064 0.06082638977948796 32.94975715720344 32.0 33.04290330644836 32.0 2.0975979471889636 214.53961818712867 
293.03 30.73 20260420.0 -1.0 1.132077460855 36.661584153868795 5.722367659350221 0.03041319488974398 54.685429812012785 16.0 56.861538100861 32.0 1.132078371786823 36.73484971789043 
293.03 30.73 20260420.0 -1.0 0.04857911289032549 135.16776919587102 3.32010726674951 0.008294507697202903 41.73931005278738 32.0 19.39584704500207 16.0 0.12144785917674503 129.93814610956284 
293.03 30.73 20260420.0 -1.0 0.0581146617368716 22.695266380966395 1.512578670015052 0.009676925646736721 9.775705726354111 32.0 11.892554321572831 32.0 0.05811671144329012 30.05578613281944 
293.03 30.73 20260420.0 -1.0 0.02564682529668454 45.95791442145695 1.898575371148436 0.022118687192541075 0.013957548028943768 1.0 -1.0 -1.0 -1.0 -1.0 
293.03 30.73 20260420.0 -1.0 1.7493147466976 187.0301938543541 2.758951553270673 0.02073626924300726 41.23821798433071 32.0 41.4084410291593 32.0 1.7493221093900504 186.91258244888047 
293.03 30.73 20260420.0 -1.0 1.4352133702 96.67310583430879 0.022658727867683442 0.052531882082285056 0.5604640046106679 4.0 -1.0 -1.0 -1.0 -1.0 
293.03 30.73 20260420.0 -1.0 3.631598085482 128.70834722590365 0.7084105633896746 0.12165277955897592 0.9552846466368446 1.0 -1.0 -1.0 -1.0 -1.0 
293.03 30.73 20260420.0 -1.0 175.746924 48.31473054563423 0.0375454622610361 0.012441761545804352 1.4244359360487002 1.0 -1.0 -1.0 -1.0 -1.0 
293.03 30.73 20260420.0 -1.0 1.013699113957 400.9642543114197 0.18751123867894365 0.06082638977948796 0.5069699363462149 2.0 -1.0 -1.0 -1.0 -1.0 
293.03 30.73 20260420.0 -1.0 0.0028122545094976387 175.40822227904604 0.10069323644853632 0.016589015394405805 10.946497397371616 1.0 -1.0 -1.0 -1.0 -1.0 
293.03 30.73 20260420.0 -1.0 22.846702651445444 165.19535240761115 0.25482417336644786 0.04561979233461596 1.2666228911226747 8.0 -1.0 -1.0 -1.0 -1.0 
293.03 30.73 20260420.0 -1.0 2.551867 0.0 0.026911815349720772 0.012441761545804352 1.0278177332263025 1.0 -1.0 -1.0 -1.0 -1.0 
293.03 30.73 20260420.0 -1.0 2.763031441157 62.34339795145137 0.16331320510037797 0.027648358990676344 1.62815045666194 32.0 -1.0 -1.0 -1.0 -1.0 
293.03 30.73 20260420.0 -1.0 172.760569821455 124.68679590290274 0.010452060627280742 0.052531882082285056 -0.25332704148903046 2.0 -1.0 -1.0 -1.0 -1.0 
293.03 30.73 20260420.0 -1.0 0.1061048642625269 249.3735918058055 0.025801274789462807 0.016589015394405805 0.297362858930235 8.0 -1.0 -1.0 -1.0 -1.0 
293.03 30.73 20260420.0 -1.0 2.028 311.71698975725684 0.14856523413221545 0.008294507697202903 1.8220675063041871 32.0 -1.0 -1.0 -1.0 -1.0 
293.03 30.73 20260420.0 -1.0 2.322167512743 374.0603877087082 0.13750352488231646 0.01520659744487199 0.11233283427931716 1.0 -1.0 -1.0 -1.0 -1.0 
293.03 30.73 20260420.0 -1.0 1.3235647032 436.4037856601596 0.04654433038693023 0.01520659744487199 1.7534690531114006 4.0 -1.0 -1.0 -1.0 -1.0 
293.03 30.73 20260420.0 -1.0 0.38068628161576884 67.21290428209278 1.6558534687975424 0.02350110514207489 16.039557459108217 32.0 16.161652829143076 32.0 0.3806841656720887 67.19542758313841 
293.03 30.73 20260420.0 -1.0 2.09760208735 214.55755678621307 7.138144882132064 0.06082638977948796 33.119876656314545 32.0 33.119875698055075 32.0 2.0975979471889636 214.53961818712867 
293.03 30.73 20260420.0 -1.0 1.132077460855 36.661584153868795 5.722367659350221 0.03041319488974398 54.67669125115364 16.0 56.86356248496561 32.0 1.132078371786823 36.73484971789043 
293.03 30.73 20260420.0 -1.0 0.04857911289032549 135.16776919587102 3.32010726674951 0.008294507697202903 41.751647528702435 32.0 19.39032560950034 16.0 0.12144785917674503 129.93814610956284 
293.03 30.73 20260420.0 -1.0 0.0581146617368716 22.695266380966395 1.512578670015052 0.009676925646736721 9.77522941914596 32.0 11.889722416058653 32.0 0.05811671144329012 30.05578613281944 
293.03 30.73 20260420.0 -1.0 0.02564682529668454 45.95791442145695 1.898575371148436 0.022118687192541075 0.013958058756454407 1.0 -1.0 -1.0 -1.0 -1.0 
293.03 30.73 20260420.0 -1.0 1.7493147466976 187.0301938543541 2.758951553270673 0.02073626924300726 41.22874266642078 32.0 41.40133575708887 32.0 1.7493221093900504 186.91258244888047 
293.03 30.73 20260420.0 -1.0 1.4352133702 96.67310583430879 0.022658727867683442 0.052531882082285056 0.5604640046106679 4.0 -1.0 -1.0 -1.0 -1.0 
293.03 30.73 20260420.0 -1.0 3.631598085482 128.70834722590365 0.7084105633896746 0.12165277955897592 0.9552846466368446 1.0 -1.0 -1.0 -1.0 -1.0 
293.03 30.73 20260420.0 -1.0 175.746924 48.31473054563423 0.0375454622610361 0.012441761545804352 1.4244359360487002 1.0 -1.0 -1.0 -1.0 -1.0 
293.03 30.73 20260420.0 -1.0 1.013699113957 400.9642543114197 0.18751123867894365 0.06082638977948796 0.5069699363462149 2.0 -1.0 -1.0 -1.0 -1.0 
293.03 30.73 20260420.0 -1.0 0.0028122545094976387 175.40822227904604 0.10069323644853632 0.016589015394405805 10.946497397371616 1.0 -1.0 -1.0 -1.0 -1.0 
293.03 30.73 20260420.0 -1.0 22.846702651445444 165.19535240761115 0.25482417336644786 0.04561979233461596 1.2666228911226747 8.0 -1.0 -1.0 -1.0 -1.0 
293.03 30.73 20260420.0 -1.0 2.551867 0.0 0.026911815349720772 0.012441761545804352 1.0278177332263025 1.0 -1.0 -1.0 -1.0 -1.0 
293.03 30.73 20260420.0 -1.0 2.763031441157 62.34339795145137 0.16331320510037797 0.027648358990676344 1.62815045666194 32.0 -1.0 -1.0 -1.0 -1.0 
293.03 30.73 20260420.0 -1.0 172.760569821455 124.68679590290274 0.010452060627280742 0.052531882082285056 -0.25332704148903046 2.0 -1.0 -1.0 -1.0 -1.0 
293.03 30.73 20260420.0 -1.0 0.1061048642625269 249.3735918058055 0.025801274789462807 0.016589015394405805 0.297362858930235 8.0 -1.0 -1.0 -1.0 -1.0 
293.03 30.73 20260420.0 -1.0 2.028 311.71698975725684 0.14856523413221545 0.008294507697202903 1.8220675063041871 32.0 -1.0 -1.0 -1.0 -1.0 
293.03 30.73 20260420.0 -1.0 2.322167512743 374.0603877087082 0.13750352488231646 0.01520659744487199 0.11233283427931716 1.0 -1.0 -1.0 -1.0 -1.0 
293.03 30.73 20260420.0 -1.0 1.3235647032 436.4037856601596 0.04654433038693023 0.01520659744487199 1.7534690531114006 4.0 -1.0 -1.0 -1.0 -1.0 
293.03 30.73 20260420.0 -1.0 0.38068628161576884 67.21290428209278 1.6558534687975424 0.02350110514207489 16.039557459108217 32.0 16.161652829143076 32.0 0.3806841656720887 67.19542758313841 
293.03 30.73 20260420.0 -1.0 2.09760208735 214.55755678621307 7.138144882132064 0.06082638977948796 33.119876656314545 32.0 33.119875698055075 32.0 2.0975979471889636 214.53961818712867 
293.03 30.73 20260420.0 -1.0 1.132077460855 36.661584153868795 5.722367659350221 0.03041319488974398 54.67669125115364 16.0 56.86356248496561 32.0 1.132078371786823 36.73484971789043 
293.03 30.73 20260420.0 -1.0 0.04857911289032549 135.16776919587102 3.32010726674951 0.008294507697202903 41.751647528702435 32.0 19.39032560950034 16.0 0.12144785917674503 129.93814610956284 
293.03 30.73 20260420.0 -1.0 0.0581146617368716 22.695266380966395 1.512578670015052 0.009676925646736721 9.77522941914596 32.0 11.889722416058653 32.0 0.05811671144329012 30.05578613281944 
293.03 30.73 20260420.0 -1.0 0.02564682529668454 45.95791442145695 1.898575371148436 0.022118687192541075 0.013958058756454407 1.0 -1.0 -1.0 -1.0 -1.0 
293.03 30.73 20260420.0 -1.0 1.7493147466976 187.0301938543541 2.758951553270673 0.02073626924300726 41.22874266642078 32.0 41.40133575708887 32.0 1.7493221093900504 186.91258244888047 
293.4 30.73 20260420.0 -1.0 0.617917537 22.925224522593737 0.01410635930080207 0.042854956435548326 0.5273071172482846 2.0 -1.0 -1.0 -1.0 -1.0 
293.4 30.73 20260420.0 -1.0 0.009906114907577451 131.13774265602729 0.04006455063324554 0.02350110514207489 1.466734453499255 2.0 -1.0 -1.0 -1.0 -1.0 
293.4 30.73 20260420.0 -1.0 0.003490254878959579 32.24996862404556 0.011649482428952803 0.013824179495338172 1.5402851195006437 16.0 -1.0 -1.0 -1.0 -1.0 
293.4 30.73 20260420.0 -1.0 332.94611339825 61.27039173002731 0.02444774594755811 0.04147253848601452 -0.21434527910998827 1.0 -1.0 -1.0 -1.0 -1.0 
293.4 30.73 20260420.0 -1.0 0.021242512493659646 59.04155045699736 0.9416670836315172 0.20321543858147118 2.2628708498975296 1.0 -1.0 -1.0 -1.0 -1.0 
293.4 30.73 20260420.0 -1.0 0.764175 96.2040671930273 0.0136651235103008 0.016589015394405805 0.3894169206945205 8.0 -1.0 -1.0 -1.0 -1.0 
293.4 30.73 20260420.0 -1.0 2.8936595854908 64.97429705255522 0.0651150484646702 0.01520659744487199 0.9711376429906771 2.0 -1.0 -1.0 -1.0 -1.0 
293.4 30.73 20260420.0 -1.0 2.9920951224926 129.94859410511043 0.24600225828054803 0.01382417949533817 2.444862877451987 32.0 -1.0 -1.0 -1.0 -1.0 
293.4 30.73 20260420.0 -1.0 0.7980292310107 259.89718821022086 0.023962821561103093 0.009676925646736721 1.8142727828522733 8.0 -1.0 -1.0 -1.0 -1.0 
293.4 30.73 20260420.0 -1.0 311.52648 389.8457823153313 0.026652783666455408 0.09538683851783337 2.3954771606731433 1.0 -1.0 -1.0 -1.0 -1.0 
293.4 30.73 20260420.0 -1.0 2.1385053298 81.96677497959111 8.904201091492599 0.045619792334615966 49.27559664199321 16.0 50.22536426512934 32.0 2.138494892278686 81.97032581678029 
293.4 30.73 20260420.0 -1.0 4.28584518744 243.62599710915092 8.830689192089936 0.029030776940210157 88.41118167708785 16.0 90.37115584372853 32.0 4.285842199654629 243.58342498887671 
293.4 30.73 20260420.0 -1.0 151.73732968936153 132.7752586933554 8.613774919917354 0.008294507697202903 68.82474671950962 2.0 68.82474902747641 2.0 151.73718566074967 132.77168823656262 
293.4 30.73 20260420.0 -1.0 0.54991550213 2.3198143862148424 5.259834716302625 0.022118687192541075 41.00948435488652 32.0 43.74733413184629 32.0 0.5499108131819715 3.3395317925354933 
293.4 30.73 20260420.0 -1.0 2.935047 30.566966030124984 4.788152971972427 0.022118687192541075 66.66283640061933 32.0 66.66283404668913 32.0 2.935060668581476 30.56177579835512 
293.4 30.73 20260420.0 -1.0 0.75719801568 136.23223699438145 1.6263766186660567 0.052531882082285056 5.168981919990278 8.0 -1.0 -1.0 -1.0 -1.0 
293.4 30.73 20260420.0 -1.0 201.75854290329892 0.0 3.518476344085464 0.026265941041142528 14.550471583593144 2.0 -1.0 -1.0 -1.0 -1.0 
293.4 30.73 20260420.0 -1.0 129.87013 194.92289115766565 1.1253953866532125 0.052531882082285056 3.289624848473455 1.0 -1.0 -1.0 -1.0 -1.0 
293.4 30.73 20260420.0 -1.0 0.559585564756 324.8714852627761 1.748736087702011 0.03456044873834543 10.610718957090786 16.0 10.697559433394336 16.0 0.5595817735108237 324.94656320701415 
293.4 30.73 20260420.0 -1.0 97.6103338850929 454.8200793678865 9.236268504401973 0.053914300031818865 5.113811605577949 1.0 -1.0 -1.0 -1.0 -1.0 
293.4 30.73 20260420.0 -1.0 0.617917537 22.925224522593737 0.01410635930080207 0.042854956435548326 0.5273071172482846 2.0 -1.0 -1.0 -1.0 -1.0 
293.4 30.73 20260420.0 -1.0 0.009906114907577451 131.13774265602729 0.04006455063324554 0.02350110514207489 1.466734453499255 2.0 -1.0 -1.0 -1.0 -1.0 
293.4 30.73 20260420.0 -1.0 0.003490254878959579 32.24996862404556 0.011649482428952803 0.013824179495338172 1.5402851195006437 16.0 -1.0 -1.0 -1.0 -1.0 
293.4 30.73 20260420.0 -1.0 332.94611339825 61.27039173002731 0.02444774594755811 0.04147253848601452 -0.21434527910998827 1.0 -1.0 -1.0 -1.0 -1.0 
293.4 30.73 20260420.0 -1.0 0.021242512493659646 59.04155045699736 0.9416670836315172 0.20321543858147118 2.2628708498975296 1.0 -1.0 -1.0 -1.0 -1.0 
293.4 30.73 20260420.0 -1.0 0.764175 96.2040671930273 0.0136651235103008 0.016589015394405805 0.3894169206945205 8.0 -1.0 -1.0 -1.0 -1.0 
293.4 30.73 20260420.0 -1.0 2.8936595854908 64.97429705255522 0.0651150484646702 0.01520659744487199 0.9711376429906771 2.0 -1.0 -1.0 -1.0 -1.0 
293.4 30.73 20260420.0 -1.0 2.9920951224926 129.94859410511043 0.24600225828054803 0.01382417949533817 2.444862877451987 32.0 -1.0 -1.0 -1.0 -1.0 
293.4 30.73 20260420.0 -1.0 0.7980292310107 259.89718821022086 0.023962821561103093 0.009676925646736721 1.8142727828522733 8.0 -1.0 -1.0 -1.0 -1.0 
293.4 30.73 20260420.0 -1.0 311.52648 389.8457823153313 0.026652783666455408 0.09538683851783337 2.3954771606731433 1.0 -1.0 -1.0 -1.0 -1.0 
293.4 30.73 20260420.0 -1.0 2.1385053298 81.96677497959111 8.904201091492599 0.045619792334615966 49.27559664199321 16.0 50.22536426512934 32.0 2.138494892278686 81.97032581678029 
293.4 30.73 20260420.0 -1.0 4.28584518744 243.62599710915092 8.830689192089936 0.029030776940210157 88.41118167708785 16.0 90.37115584372853 32.0 4.285842199654629 243.58342498887671 
293.4 30.73 20260420.0 -1.0 151.73732968936153 132.7752586933554 8.613774919917354 0.008294507697202903 68.82474671950962 2.0 68.82474902747641 2.0 151.73718566074967 132.77168823656262 
293.4 30.73 20260420.0 -1.0 0.54991550213 2.3198143862148424 5.259834716302625 0.022118687192541075 41.00948435488652 32.0 43.74733413184629 32.0 0.5499108131819715 3.3395317925354933 
293.4 30.73 20260420.0 -1.0 2.935047 30.566966030124984 4.788152971972427 0.022118687192541075 66.66283640061933 32.0 66.66283404668913 32.0 2.935060668581476 30.56177579835512 
293.4 30.73 20260420.0 -1.0 0.75719801568 136.23223699438145 1.6263766186660567 0.052531882082285056 5.168981919990278 8.0 -1.0 -1.0 -1.0 -1.0 
293.4 30.73 20260420.0 -1.0 201.75854290329892 0.0 3.518476344085464 0.026265941041142528 14.550471583593144 2.0 -1.0 -1.0 -1.0 -1.0 
293.4 30.73 20260420.0 -1.0 129.87013 194.92289115766565 1.1253953866532125 0.052531882082285056 3.289624848473455 1.0 -1.0 -1.0 -1.0 -1.0 
293.4 30.73 20260420.0 -1.0 0.559585564756 324.8714852627761 1.748736087702011 0.03456044873834543 10.610718957090786 16.0 10.697559433394336 16.0 0.5595817735108237 324.94656320701415 
293.4 30.73 20260420.0 -1.0 97.6103338850929 454.8200793678865 9.236268504401973 0.053914300031818865 5.113811605577949 1.0 -1.0 -1.0 -1.0 -1.0 
293.4 30.73 20260420.0 -1.0 0.617917537 22.925224522593737 0.01410635930080207 0.042854956435548326 0.5273071172482846 2.0 -1.0 -1.0 -1.0 -1.0 
293.4 30.73 20260420.0 -1.0 0.009906114907577451 131.13774265602729 0.04006455063324554 0.02350110514207489 1.466734453499255 2.0 -1.0 -1.0 -1.0 -1.0 
293.4 30.73 20260420.0 -1.0 0.003490254878959579 32.24996862404556 0.011649482428952803 0.013824179495338172 1.5402851195006437 16.0 -1.0 -1.0 -1.0 -1.0 
293.4 30.73 20260420.0 -1.0 332.94611339825 61.27039173002731 0.02444774594755811 0.04147253848601452 -0.21434527910998827 1.0 -1.0 -1.0 -1.0 -1.0 
293.4 30.73 20260420.0 -1.0 0.021242512493659646 59.04155045699736 0.9416670836315172 0.20321543858147118 2.2628708498975296 1.0 -1.0 -1.0 -1.0 -1.0 
293.4 30.73 20260420.0 -1.0 0.764175 96.2040671930273 0.0136651235103008 0.016589015394405805 0.3894169206945205 8.0 -1.0 -1.0 -1.0 -1.0 
293.4 30.73 20260420.0 -1.0 2.8936595854908 64.97429705255522 0.0651150484646702 0.01520659744487199 0.9711376429906771 2.0 -1.0 -1.0 -1.0 -1.0 
293.4 30.73 20260420.0 -1.0 2.9920951224926 129.94859410511043 0.24600225828054803 0.01382417949533817 2.444862877451987 32.0 -1.0 -1.0 -1.0 -1.0 
293.4 30.73 20260420.0 -1.0 0.7980292310107 259.89718821022086 0.023962821561103093 0.009676925646736721 1.8142727828522733 8.0 -1.0 -1.0 -1.0 -1.0 
293.4 30.73 20260420.0 -1.0 311.52648 389.8457823153313 0.026652783666455408 0.09538683851783337 2.3954771606731433 1.0 -1.0 -1.0 -1.0 -1.0 
293.4 30.73 20260420.0 -1.0 2.1385053298 81.96677497959111 8.904201091492599 0.045619792334615966 49.27559664199321 16.0 50.22536426512934 32.0 2.138494892278686 81.97032581678029 
293.4 30.73 20260420.0 -1.0 4.28584518744 243.62599710915092 8.830689192089936 0.029030776940210157 88.41118167708785 16.0 90.37115584372853 32.0 4.285842199654629 243.58342498887671 
293.4 30.73 20260420.0 -1.0 151.73732968936153 132.7752586933554 8.613774919917354 0.008294507697202903 68.82474671950962 2.0 68.82474902747641 2.0 151.73718566074967 132.77168823656262 
293.4 30.73 20260420.0 -1.0 0.54991550213 2.3198143862148424 5.259834716302625 0.022118687192541075 41.00948435488652 32.0 43.74733413184629 32.0 0.5499108131819715 3.3395317925354933 
293.4 30.73 20260420.0 -1.0 2.935047 30.566966030124984 4.788152971972427 0.022118687192541075 66.66283640061933 32.0 66.66283404668913 32.0 2.935060668581476 30.56177579835512 
293.4 30.73 20260420.0 -1.0 0.75719801568 136.23223699438145 1.6263766186660567 0.052531882082285056 5.168981919990278 8.0 -1.0 -1.0 -1.0 -1.0 
293.4 30.73 20260420.0 -1.0 201.75854290329892 0.0 3.518476344085464 0.026265941041142528 14.550471583593144 2.0 -1.0 -1.0 -1.0 -1.0 
293.4 30.73 20260420.0 -1.0 129.87013 194.92289115766565 1.1253953866532125 0.052531882082285056 3.289624848473455 1.0 -1.0 -1.0 -1.0 -1.0 
293.4 30.73 20260420.0 -1.0 0.559585564756 324.8714852627761 1.748736087702011 0.03456044873834543 10.610718957090786 16.0 10.697559433394336 16.0 0.5595817735108237 324.94656320701415 
293.4 30.73 20260420.0 -1.0 97.6103338850929 454.8200793678865 9.236268504401973 0.053914300031818865 5.113811605577949 1.0 -1.0 -1.0 -1.0 -1.0 
293.77 30.73 20260420.0 -1.0 3.474139356676 79.16493780415885 0.019871462110558444 0.06082638977948797 0.46879037284350505 8.0 -1.0 -1.0 -1.0 -1.0 
293.77 30.73 20260420.0 -1.0 0.0040805084892322555 142.00329371105713 0.4346741528465427 0.04009012053648069 0.9028269641357978 1.0 -1.0 -1.0 -1.0 -1.0 
293.77 30.73 20260420.0 -1.0 3.08777735214 92.976087025388 0.02161889455822978 0.03456044873834543 1.8584304971787775 2.0 -1.0 -1.0 -1.0 -1.0 
293.77 30.73 20260420.0 -1.0 3.0525575857019174 95.68136367696897 0.02674500751563192 0.05391430003181888 1.1498837444284156 16.0 -1.0 -1.0 -1.0 -1.0 
293.77 30.73 20260420.0 -1.0 1.26048 76.98173208533912 0.03746772860071674 0.02626594104114253 2.694642201516758 4.0 -1.0 -1.0 -1.0 -1.0 
293.77 30.73 20260420.0 -1.0 6.08182071422559 59.990696273655146 0.6570247931400152 0.022118687192541075 6.9860299156855445 16.0 7.033530277355534 32.0 6.081821387245631 60.11157226563888 
293.77 30.73 20260420.0 -1.0 1.7994801437632277 78.07333494474898 0.28737292245580665 0.030413194889743977 1.523469873701168 8.0 -1.0 -1.0 -1.0 -1.0 
293.77 30.73 20260420.0 -1.0 1.331095114579 99.19347722463549 0.6338408101544682 0.04838462823368359 1.0015843326938019 8.0 -1.0 -1.0 -1.0 -1.0 
293.77 30.73 20260420.0 -1.0 6.489247171044 67.7946396971381 0.010315762863996646 0.02073626924300726 2.1764954035728636 16.0 -1.0 -1.0 -1.0 -1.0 
293.77 30.73 20260420.0 -1.0 10.70327802628299 203.38391909141427 0.8229842788911712 0.056679135930886505 2.7152813607671784 8.0 -1.0 -1.0 -1.0 -1.0 
293.77 30.73 20260420.0 -1.0 0.452603 271.1785587885524 0.07006232552992087 0.045619792334615966 1.350633759542887 16.0 -1.0 -1.0 -1.0 -1.0 
293.77 30.73 20260420.0 -1.0 7.296358968158 338.9731984856905 0.16129494697108884 0.005529671798135269 3.1856051685542295 4.0 -1.0 -1.0 -1.0 -1.0 
293.77 30.73 20260420.0 -1.0 3.65 406.76783818282854 0.0129393121839287 0.017971433343939622 0.9842048374599578 1.0 -1.0 -1.0 -1.0 -1.0 
293.77 30.73 20260420.0 -1.0 0.07943282347242812 474.56247787996665 0.018076973133862834 0.01520659744487199 0.6135379808796855 16.0 -1.0 -1.0 -1.0 -1.0 
293.77 30.73 20260420.0 -1.0 0.02134035701318364 87.32822875278914 1.9276514212614073 0.019353851293473442 0.8072998916828036 32.0 -1.0 -1.0 -1.0 -1.0 
293.77 30.73 20260420.0 -1.0 3.20848561308 99.00363324908595 5.551041030677721 0.029030776940210157 60.522629942564016 32.0 60.64705925581127 32.0 3.2084850924244774 99.0727765118863 
293.77 30.73 20260420.0 -1.0 0.93993241362 117.70326484071579 9.747626722828347 0.008294507697202903 300.46885645514186 32.0 186.0090845215809 32.0 0.6266115330314885 117.59199827049223 
293.77 30.73 20260420.0 -1.0 46.150952871948284 130.4228112025351 9.41016762661388 0.016589015394405805 93.7639831447756 8.0 93.7639812026673 8.0 46.15091408292453 130.44413577509852 
293.77 30.73 20260420.0 -1.0 0.2075663829 0.0 1.6444535176340669 0.016589015394405805 4.866672400682918 32.0 -1.0 -1.0 -1.0 -1.0 
293.77 30.73 20260420.0 -1.0 0.415809 135.5892793942762 7.6698784043799595 0.022118687192541075 90.41415702876269 32.0 57.95617116646102 32.0 0.2772139851003885 135.90882416288386 
293.77 30.73 20260420.0 -1.0 3.474139356676 79.16493780415885 0.019871462110558444 0.06082638977948797 0.472698929266048 8.0 -1.0 -1.0 -1.0 -1.0 
293.77 30.73 20260420.0 -1.0 0.0040805084892322555 142.00329371105713 0.4346741528465427 0.04009012053648069 0.9028269912308948 1.0 -1.0 -1.0 -1.0 -1.0 
293.77 30.73 20260420.0 -1.0 3.08777735214 92.976087025388 0.02161889455822978 0.03456044873834543 1.85513796014862 2.0 -1.0 -1.0 -1.0 -1.0 
293.77 30.73 20260420.0 -1.0 3.0525575857019174 95.68136367696897 0.02674500751563192 0.05391430003181888 1.148362443769507 16.0 -1.0 -1.0 -1.0 -1.0 
293.77 30.73 20260420.0 -1.0 1.26048 76.98173208533912 0.03746772860071674 0.02626594104114253 2.7000064625682754 4.0 -1.0 -1.0 -1.0 -1.0 
293.77 30.73 20260420.0 -1.0 6.08182071422559 59.990696273655146 0.6570247931400152 0.022118687192541075 6.985578697462393 16.0 7.0335610362115455 32.0 6.081821387245631 60.11157226563888 
293.77 30.73 20260420.0 -1.0 1.7994801437632277 78.07333494474898 0.28737292245580665 0.030413194889743977 1.525701944841543 8.0 -1.0 -1.0 -1.0 -1.0 
293.77 30.73 20260420.0 -1.0 1.331095114579 99.19347722463549 0.6338408101544682 0.04838462823368359 1.006929047316657 8.0 -1.0 -1.0 -1.0 -1.0 
293.77 30.73 20260420.0 -1.0 6.489247171044 67.7946396971381 0.010315762863996646 0.02073626924300726 2.1790885584511357 16.0 -1.0 -1.0 -1.0 -1.0 
293.77 30.73 20260420.0 -1.0 10.70327802628299 203.38391909141427 0.8229842788911712 0.056679135930886505 2.7157896172330753 8.0 -1.0 -1.0 -1.0 -1.0 
293.77 30.73 20260420.0 -1.0 0.452603 271.1785587885524 0.07006232552992087 0.045619792334615966 1.349868572937475 16.0 -1.0 -1.0 -1.0 -1.0 
293.77 30.73 20260420.0 -1.0 7.296358968158 338.9731984856905 0.16129494697108884 0.005529671798135269 3.187839601633745 4.0 -1.0 -1.0 -1.0 -1.0 
293.77 30.73 20260420.0 -1.0 3.65 406.76783818282854 0.0129393121839287 0.017971433343939622 0.9842048404561006 1.0 -1.0 -1.0 -1.0 -1.0 
293.77 30.73 20260420.0 -1.0 0.07943282347242812 474.56247787996665 0.018076973133862834 0.01520659744487199 0.6135379808796855 16.0 -1.0 -1.0 -1.0 -1.0 
293.77 30.73 20260420.0 -1.0 0.02134035701318364 87.32822875278914 1.9276514212614073 0.019353851293473442 0.807189404605631 32.0 -1.0 -1.0 -1.0 -1.0 
293.77 30.73 20260420.0 -1.0 3.20848561308 99.00363324908595 5.551041030677721 0.029030776940210157 60.50902319228714 32.0 60.638171322625674 32.0 3.2084850924244774 99.0727765118863 
293.77 30.73 20260420.0 -1.0 0.93993241362 117.70326484071579 9.747626722828347 0.008294507697202903 290.1691020777277 32.0 186.03876683134462 32.0 0.6266115330314885 117.59199827049223 
293.77 30.73 20260420.0 -1.0 46.150952871948284 130.4228112025351 9.41016762661388 0.016589015394405805 93.75850275466952 8.0 93.75850676992091 8.0 46.15091408292453 130.44413577509852 
293.77 30.73 20260420.0 -1.0 0.2075663829 0.0 1.6444535176340669 0.016589015394405805 4.866672400682918 32.0 -1.0 -1.0 -1.0 -1.0 
293.77 30.73 20260420.0 -1.0 0.415809 135.5892793942762 7.6698784043799595 0.022118687192541075 90.41415702876269 32.0 57.95617116646102 32.0 0.2772139851003885 135.90882416288386 
293.77 30.73 20260420.0 -1.0 3.474139356676 79.16493780415885 0.019871462110558444 0.06082638977948797 0.472698929266048 8.0 -1.0 -1.0 -1.0 -1.0 
293.77 30.73 20260420.0 -1.0 0.0040805084892322555 142.00329371105713 0.4346741528465427 0.04009012053648069 0.9028269912308948 1.0 -1.0 -1.0 -1.0 -1.0 
293.77 30.73 20260420.0 -1.0 3.08777735214 92.976087025388 0.02161889455822978 0.03456044873834543 1.85513796014862 2.0 -1.0 -1.0 -1.0 -1.0 
293.77 30.73 20260420.0 -1.0 3.0525575857019174 95.68136367696897 0.02674500751563192 0.05391430003181888 1.148362443769507 16.0 -1.0 -1.0 -1.0 -1.0 
293.77 30.73 20260420.0 -1.0 1.26048 76.98173208533912 0.03746772860071674 0.02626594104114253 2.7000064625682754 4.0 -1.0 -1.0 -1.0 -1.0 
293.77 30.73 20260420.0 -1.0 6.08182071422559 59.990696273655146 0.6570247931400152 0.022118687192541075 6.985578697462393 16.0 7.0335610362115455 32.0 6.081821387245631 60.11157226563888 
293.77 30.73 20260420.0 -1.0 1.7994801437632277 78.07333494474898 0.28737292245580665 0.030413194889743977 1.525701944841543 8.0 -1.0 -1.0 -1.0 -1.0 
293.77 30.73 20260420.0 -1.0 1.331095114579 99.19347722463549 0.6338408101544682 0.04838462823368359 1.006929047316657 8.0 -1.0 -1.0 -1.0 -1.0 
293.77 30.73 20260420.0 -1.0 6.489247171044 67.7946396971381 0.010315762863996646 0.02073626924300726 2.1790885584511357 16.0 -1.0 -1.0 -1.0 -1.0 
293.77 30.73 20260420.0 -1.0 10.70327802628299 203.38391909141427 0.8229842788911712 0.056679135930886505 2.7157896172330753 8.0 -1.0 -1.0 -1.0 -1.0 
293.77 30.73 20260420.0 -1.0 0.452603 271.1785587885524 0.07006232552992087 0.045619792334615966 1.349868572937475 16.0 -1.0 -1.0 -1.0 -1.0 
293.77 30.73 20260420.0 -1.0 7.296358968158 338.9731984856905 0.16129494697108884 0.005529671798135269 3.187839601633745 4.0 -1.0 -1.0 -1.0 -1.0 
293.77 30.73 20260420.0 -1.0 3.65 406.76783818282854 0.0129393121839287 0.017971433343939622 0.9842048404561006 1.0 -1.0 -1.0 -1.0 -1.0 
293.77 30.73 20260420.0 -1.0 0.07943282347242812 474.56247787996665 0.018076973133862834 0.01520659744487199 0.6135379808796855 16.0 -1.0 -1.0 -1.0 -1.0 
293.77 30.73 20260420.0 -1.0 0.02134035701318364 87.32822875278914 1.9276514212614073 0.019353851293473442 0.807189404605631 32.0 -1.0 -1.0 -1.0 -1.0 
293.77 30.73 20260420.0 -1.0 3.20848561308 99.00363324908595 5.551041030677721 0.029030776940210157 60.50902319228714 32.0 60.638171322625674 32.0 3.2084850924244774 99.0727765118863 
293.77 30.73 20260420.0 -1.0 0.93993241362 117.70326484071579 9.747626722828347 0.008294507697202903 290.1691020777277 32.0 186.03876683134462 32.0 0.6266115330314885 117.59199827049223 
293.77 30.73 20260420.0 -1.0 46.150952871948284 130.4228112025351 9.41016762661388 0.016589015394405805 93.75850275466952 8.0 93.75850676992091 8.0 46.15091408292453 130.44413577509852 
293.77 30.73 20260420.0 -1.0 0.2075663829 0.0 1.6444535176340669 0.016589015394405805 4.866672400682918 32.0 -1.0 -1.0 -1.0 -1.0 
293.77 30.73 20260420.0 -1.0 0.415809 135.5892793942762 7.6698784043799595 0.022118687192541075 90.41415702876269 32.0 57.95617116646102 32.0 0.2772139851003885 135.90882416288386 
29.41 62.12 20260420.0 -1.0 2.81903117539 0.4475180481754708 0.11959355362282424 0.015206597444871992 1.6771754628758315 1.0 -1.0 -1.0 -1.0 -1.0 
29.41 62.12 20260420.0 -1.0 16.757231 36.20421009739559 0.34391700127099145 0.012441761545804354 2.659607613800889 16.0 -1.0 -1.0 -1.0 -1.0 
29.41 62.12 20260420.0 -1.0 1.25242411862 51.64358275944933 0.07074324360371825 0.029030776940210157 2.4281720202379566 32.0 -1.0 -1.0 -1.0 -1.0 
29.41 62.12 20260420.0 -1.0 5.65907208453 58.9381269447095 0.017354973001596143 0.06497364362808941 1.1116475038036564 4.0 -1.0 -1.0 -1.0 -1.0 
29.41 62.12 20260420.0 -1.0 144.25758434308975 60.41493650368856 0.21396021878122898 0.011059343596270537 1.8255466144128203 2.0 -1.0 -1.0 -1.0 -1.0 
29.41 62.12 20260420.0 -1.0 0.005400798609833176 0.0 0.032363166316024074 0.04700221028414978 1.2741388626662673 4.0 -1.0 -1.0 -1.0 -1.0 
29.41 62.12 20260420.0 -1.0 0.4102676860891 63.92475662437903 0.03772746855181556 0.13132970520571263 0.8480473015296215 1.0 -1.0 -1.0 -1.0 -1.0 
29.41 62.12 20260420.0 -1.0 1.899823440035 191.7742698731371 0.14067431901849534 0.030413194889743977 0.6652647356135803 16.0 -1.0 -1.0 -1.0 -1.0 
29.41 62.12 20260420.0 -1.0 21.039344 319.62378312189514 0.16823741714892704 0.08985716671969811 1.5321447861167905 1.0 -1.0 -1.0 -1.0 -1.0 
29.41 62.12 20260420.0 -1.0 2.0185616445690817 383.5485397462742 0.7197567037875809 0.05391430003181887 2.5724915850558583 16.0 -1.0 -1.0 -1.0 -1.0 
29.41 62.12 20260420.0 -1.0 15.3936498245 447.4732963706532 0.016478652374239944 0.024883523091608708 1.658587083390795 4.0 -1.0 -1.0 -1.0 -1.0 
29.41 62.12 20260420.0 -1.0 186.651669856731 112.81929994503618 2.166374691167717 0.011059343596270537 12.979183573706607 2.0 12.979183645223182 2.0 186.65159586817026 112.83569541445681 
29.41 62.12 20260420.0 -1.0 4.929022 133.0023639177499 8.812406242494825 0.04009012053648069 63.9898194015193 16.0 64.22521326359056 16.0 4.929036852748444 132.97408410277689 
29.41 62.12 20260420.0 -1.0 77.003746 212.57107288334862 1.3065066096061997 0.035942866687879244 4.299474558943622 4.0 -1.0 -1.0 -1.0 -1.0 
29.41 62.12 20260420.0 -1.0 398.2997960549156 86.10247246896058 1.5571097780848744 0.017971433343939622 2.812182919491889 1.0 -1.0 -1.0 -1.0 -1.0 
29.41 62.12 20260420.0 -1.0 0.7378399817266 46.0048553524384 2.2690056826282254 0.05114946413275123 7.042479271622137 16.0 7.346711772282854 32.0 0.7378427350583177 46.34865336306836 
29.41 62.12 20260420.0 -1.0 3.2558702476 81.2692775486655 1.6207684425645388 0.06497364362808941 5.479666553404794 8.0 -1.0 -1.0 -1.0 -1.0 
29.41 62.12 20260420.0 -1.0 15.038547169613716 49.31648890893688 2.0161853420920526 0.06635606157762322 7.4680217744303805 8.0 7.735257011522612 16.0 15.038555526795488 49.283393423175305 
29.41 62.12 20260420.0 -1.0 0.0611279027574804 127.84951324875806 1.1038353304926376 0.022118687192541075 1.0240797485929845 1.0 -1.0 -1.0 -1.0 -1.0 
29.41 62.12 20260420.0 -1.0 157.41960688741847 255.69902649751612 2.121937916848951 0.013824179495338172 11.40162780818154 1.0 11.401627669760915 1.0 157.41970855742693 255.72717696173305 
29.41 62.12 20260420.0 -1.0 2.81903117539 0.4475180481754708 0.11959355362282424 0.015206597444871992 1.6771754628758315 1.0 -1.0 -1.0 -1.0 -1.0 
29.41 62.12 20260420.0 -1.0 16.757231 36.20421009739559 0.34391700127099145 0.012441761545804354 2.659607613800889 16.0 -1.0 -1.0 -1.0 -1.0 
29.41 62.12 20260420.0 -1.0 1.25242411862 51.64358275944933 0.07074324360371825 0.029030776940210157 2.4281720202379566 32.0 -1.0 -1.0 -1.0 -1.0 
29.41 62.12 20260420.0 -1.0 5.65907208453 58.9381269447095 0.017354973001596143 0.06497364362808941 1.1116475038036564 4.0 -1.0 -1.0 -1.0 -1.0 
29.41 62.12 20260420.0 -1.0 144.25758434308975 60.41493650368856 0.21396021878122898 0.011059343596270537 1.8255466144128203 2.0 -1.0 -1.0 -1.0 -1.0 
29.41 62.12 20260420.0 -1.0 0.005400798609833176 0.0 0.032363166316024074 0.04700221028414978 1.2741388626662673 4.0 -1.0 -1.0 -1.0 -1.0 
29.41 62.12 20260420.0 -1.0 0.4102676860891 63.92475662437903 0.03772746855181556 0.13132970520571263 0.8480473015296215 1.0 -1.0 -1.0 -1.0 -1.0 
29.41 62.12 20260420.0 -1.0 1.899823440035 191.7742698731371 0.14067431901849534 0.030413194889743977 0.6652647356135803 16.0 -1.0 -1.0 -1.0 -1.0 
29.41 62.12 20260420.0 -1.0 21.039344 319.62378312189514 0.16823741714892704 0.08985716671969811 1.5321447861167905 1.0 -1.0 -1.0 -1.0 -1.0 
29.41 62.12 20260420.0 -1.0 2.0185616445690817 383.5485397462742 0.7197567037875809 0.05391430003181887 2.5724915850558583 16.0 -1.0 -1.0 -1.0 -1.0 
29.41 62.12 20260420.0 -1.0 15.3936498245 447.4732963706532 0.016478652374239944 0.024883523091608708 1.658587083390795 4.0 -1.0 -1.0 -1.0 -1.0 
29.41 62.12 20260420.0 -1.0 186.651669856731 112.81929994503618 2.166374691167717 0.011059343596270537 12.979183573706607 2.0 12.979183645223182 2.0 186.65159586817026 112.83569541445681 
29.41 62.12 20260420.0 -1.0 4.929022 133.0023639177499 8.812406242494825 0.04009012053648069 63.9898194015193 16.0 64.22521326359056 16.0 4.929036852748444 132.97408410277689 
29.41 62.12 20260420.0 -1.0 77.003746 212.57107288334862 1.3065066096061997 0.035942866687879244 4.299474558943622 4.0 -1.0 -1.0 -1.0 -1.0 
29.41 62.12 20260420.0 -1.0 398.2997960549156 86.10247246896058 1.5571097780848744 0.017971433343939622 2.812182919491889 1.0 -1.0 -1.0 -1.0 -1.0 
29.41 62.12 20260420.0 -1.0 0.7378399817266 46.0048553524384 2.2690056826282254 0.05114946413275123 7.042479271622137 16.0 7.346711772282854 32.0 0.7378427350583177 46.34865336306836 
29.41 62.12 20260420.0 -1.0 3.2558702476 81.2692775486655 1.6207684425645388 0.06497364362808941 5.479666553404794 8.0 -1.0 -1.0 -1.0 -1.0 
29.41 62.12 20260420.0 -1.0 15.038547169613716 49.31648890893688 2.0161853420920526 0.06635606157762322 7.4680217744303805 8.0 7.735257011522612 16.0 15.038555526795488 49.283393423175305 
29.41 62.12 20260420.0 -1.0 0.0611279027574804 127.84951324875806 1.1038353304926376 0.022118687192541075 1.0240797485929845 1.0 -1.0 -1.0 -1.0 -1.0 
29.41 62.12 20260420.0 -1.0 157.41960688741847 255.69902649751612 2.121937916848951 0.013824179495338172 11.40162780818154 1.0 11.401627669760915 1.0 157.41970855742693 255.72717696173305 
29.41 62.12 20260420.0 -1.0 2.81903117539 0.4475180481754708 0.11959355362282424 0.015206597444871992 1.6771754628758315 1.0 -1.0 -1.0 -1.0 -1.0 
29.41 62.12 20260420.0 -1.0 16.757231 36.20421009739559 0.34391700127099145 0.012441761545804354 2.659607613800889 16.0 -1.0 -1.0 -1.0 -1.0 
29.41 62.12 20260420.0 -1.0 1.25242411862 51.64358275944933 0.07074324360371825 0.029030776940210157 2.4281720202379566 32.0 -1.0 -1.0 -1.0 -1.0 
29.41 62.12 20260420.0 -1.0 5.65907208453 58.9381269447095 0.017354973001596143 0.06497364362808941 1.1116475038036564 4.0 -1.0 -1.0 -1.0 -1.0 
29.41 62.12 20260420.0 -1.0 144.25758434308975 60.41493650368856 0.21396021878122898 0.011059343596270537 1.8255466144128203 2.0 -1.0 -1.0 -1.0 -1.0 
29.41 62.12 20260420.0 -1.0 0.005400798609833176 0.0 0.032363166316024074 0.04700221028414978 1.2741388626662673 4.0 -1.0 -1.0 -1.0 -1.0 
29.41 62.12 20260420.0 -1.0 0.4102676860891 63.92475662437903 0.03772746855181556 0.13132970520571263 0.8480473015296215 1.0 -1.0 -1.0 -1.0 -1.0 
29.41 62.12 20260420.0 -1.0 1.899823440035 191.7742698731371 0.14067431901849534 0.030413194889743977 0.6652647356135803 16.0 -1.0 -1.0 -1.0 -1.0 
29.41 62.12 20260420.0 -1.0 21.039344 319.62378312189514 0.16823741714892704 0.08985716671969811 1.5321447861167905 1.0 -1.0 -1.0 -1.0 -1.0 
29.41 62.12 20260420.0 -1.0 2.0185616445690817 383.5485397462742 0.7197567037875809 0.05391430003181887 2.5724915850558583 16.0 -1.0 -1.0 -1.0 -1.0 
29.41 62.12 20260420.0 -1.0 15.3936498245 447.4732963706532 0.016478652374239944 0.024883523091608708 1.658587083390795 4.0 -1.0 -1.0 -1.0 -1.0 
29.41 62.12 20260420.0 -1.0 186.651669856731 112.81929994503618 2.166374691167717 0.011059343596270537 12.979183573706607 2.0 12.979183645223182 2.0 186.65159586817026 112.83569541445681 
29.41 62.12 20260420.0 -1.0 4.929022 133.0023639177499 8.812406242494825 0.04009012053648069 63.9898194015193 16.0 64.22521326359056 16.0 4.929036852748444 132.97408410277689 
29.41 62.12 20260420.0 -1.0 77.003746 212.57107288334862 1.3065066096061997 0.035942866687879244 4.299474558943622 4.0 -1.0 -1.0 -1.0 -1.0 
29.41 62.12 20260420.0 -1.0 398.2997960549156 86.10247246896058 1.5571097780848744 0.017971433343939622 2.812182919491889 1.0 -1.0 -1.0 -1.0 -1.0 
29.41 62.12 20260420.0 -1.0 0.7378399817266 46.0048553524384 2.2690056826282254 0.05114946413275123 7.042479271622137 16.0 7.346711772282854 32.0 0.7378427350583177 46.34865336306836 
29.41 62.12 20260420.0 -1.0 3.2558702476 81.2692775486655 1.6207684425645388 0.06497364362808941 5.479666553404794 8.0 -1.0 -1.0 -1.0 -1.0 
29.41 62.12 20260420.0 -1.0 15.038547169613716 49.31648890893688 2.0161853420920526 0.06635606157762322 7.4680217744303805 8.0 7.735257011522612 16.0 15.038555526795488 49.283393423175305 
29.41 62.12 20260420.0 -1.0 0.0611279027574804 127.84951324875806 1.1038353304926376 0.022118687192541075 1.0240797485929845 1.0 -1.0 -1.0 -1.0 -1.0 
29.41 62.12 20260420.0 -1.0 157.41960688741847 255.69902649751612 2.121937916848951 0.013824179495338172 11.40162780818154 1.0 11.401627669760915 1.0 157.41970855742693 255.72717696173305 
300.72 31.53 20260420.0 -1.0 128.25813729784 36.923354907616044 0.01127730225352492 0.017971433343939622 2.0638564071176817 1.0 -1.0 -1.0 -1.0 -1.0 
300.72 31.53 20260420.0 -1.0 0.014911777391988974 50.85915376163692 0.023896694625368198 0.026265941041142528 1.761690434687887 1.0 -1.0 -1.0 -1.0 -1.0 
300.72 31.53 20260420.0 -1.0 54.956745779102285 83.67991367951784 0.331323335776144 0.019353851293473442 2.1761595056638847 1.0 -1.0 -1.0 -1.0 -1.0 
300.72 31.53 20260420.0 -1.0 337.974855 32.16955436395472 0.4953013217684499 0.06082638977948796 0.865041080367577 1.0 -1.0 -1.0 -1.0 -1.0 
300.72 31.53 20260420.0 -1.0 0.6083291891053473 104.06264751740818 0.6787083125912104 0.024883523091608708 3.243067355489422 16.0 -1.0 -1.0 -1.0 -1.0 
300.72 31.53 20260420.0 -1.0 313.63792463001255 0.0 0.11473765527464062 0.022118687192541075 0.031033052603448852 1.0 -1.0 -1.0 -1.0 -1.0 
300.72 31.53 20260420.0 -1.0 429.184549 93.02006191011661 0.05355165255286887 0.07741540517389377 1.5069870247486108 1.0 -1.0 -1.0 -1.0 -1.0 
300.72 31.53 20260420.0 -1.0 1.142678 372.08024764046644 0.10160163342901272 0.016589015394405805 0.3020483468265002 1.0 -1.0 -1.0 -1.0 -1.0 
300.72 31.53 20260420.0 -1.0 0.005302428120082457 184.2911717611171 4.370831420364764 0.019353851293473442 1.8978567829998358 8.0 -1.0 -1.0 -1.0 -1.0 
300.72 31.53 20260420.0 -1.0 0.02153740016448467 17.908152732970745 1.399956726105786 0.02073626924300726 1.6763662170872176 32.0 -1.0 -1.0 -1.0 -1.0 
300.72 31.53 20260420.0 -1.0 6.327395203976 110.11885916892193 7.054802310718645 0.05529671798135269 24.897433030794247 16.0 25.221092308830304 32.0 6.327384956724321 110.10335122056414 
300.72 31.53 20260420.0 -1.0 3.9484675341910664 48.44969321210994 1.1665589518231836 0.04147253848601452 4.7851952822511175 16.0 -1.0 -1.0 -1.0 -1.0 
300.72 31.53 20260420.0 -1.0 40.766408 58.54337929796618 5.025394001268609 0.02211868719254107 30.632884797614135 8.0 31.440347098725283 32.0 13.58879065567938 58.4924053359247 
300.72 31.53 20260420.0 -1.0 2.7337872008546404 59.91091096121122 3.8704260662198067 0.012441761545804354 58.64293615602032 32.0 59.216859815068176 32.0 2.733789491079127 59.9091763994246 
300.72 31.53 20260420.0 -1.0 3.064857408039 37.37919879536439 3.2858797440244336 0.04700221028414978 14.102119189339192 32.0 14.228931740243624 32.0 3.064845562524473 37.342037316533236 
300.72 31.53 20260420.0 -1.0 0.4507336397195 186.04012382023322 3.3431234604531173 0.03732528463741307 14.251829845942854 16.0 14.279011904276446 16.0 0.4507455741986633 185.9006031178091 
300.72 31.53 20260420.0 -1.0 1.0678649447 279.0601857303498 6.417719598388955 0.01520659744487199 99.32144466525294 32.0 99.4032224084175 32.0 1.0678680458416543 279.2050974425886 
300.72 31.53 20260420.0 -1.0 0.34093223633087555 465.10030955058306 7.912064681527268 0.035942866687879244 35.7196873676772 32.0 32.973446684701464 32.0 0.17046962360230586 465.61169022593344 
300.72 31.53 20260420.0 -1.0 323.624595 558.1203714606996 1.0619464324307952 0.029030776940210154 1.7947596446324083 1.0 -1.0 -1.0 -1.0 -1.0 
300.72 31.53 20260420.0 -1.0 2.46465 651.1404333708163 3.7261224747125095 0.05944397182995413 12.07722063815014 16.0 12.422242029752054 16.0 2.4646700088245175 651.1075016113141 
300.72 31.53 20260420.0 -1.0 128.25813729784 36.923354907616044 0.01127730225352492 0.017971433343939622 2.0621183778958687 1.0 -1.0 -1.0 -1.0 -1.0 
300.72 31.53 20260420.0 -1.0 0.014911777391988974 50.85915376163692 0.023896694625368198 0.026265941041142528 1.7616904348221685 1.0 -1.0 -1.0 -1.0 -1.0 
300.72 31.53 20260420.0 -1.0 54.956745779102285 83.67991367951784 0.331323335776144 0.019353851293473442 2.1776409673955284 1.0 -1.0 -1.0 -1.0 -1.0 
300.72 31.53 20260420.0 -1.0 337.974855 32.16955436395472 0.4953013217684499 0.06082638977948796 0.8646286351508634 1.0 -1.0 -1.0 -1.0 -1.0 
300.72 31.53 20260420.0 -1.0 0.6083291891053473 104.06264751740818 0.6787083125912104 0.024883523091608708 3.237983648832618 16.0 -1.0 -1.0 -1.0 -1.0 
300.72 31.53 20260420.0 -1.0 313.63792463001255 0.0 0.11473765527464062 0.022118687192541075 0.02767673182071433 1.0 -1.0 -1.0 -1.0 -1.0 
300.72 31.53 20260420.0 -1.0 429.184549 93.02006191011661 0.05355165255286887 0.07741540517389377 1.5080491458257024 1.0 -1.0 -1.0 -1.0 -1.0 
300.72 31.53 20260420.0 -1.0 1.142678 372.08024764046644 0.10160163342901272 0.016589015394405805 0.3020483685971037 1.0 -1.0 -1.0 -1.0 -1.0 
300.72 31.53 20260420.0 -1.0 0.005302428120082457 184.2911717611171 4.370831420364764 0.019353851293473442 1.8980736444276822 8.0 -1.0 -1.0 -1.0 -1.0 
300.72 31.53 20260420.0 -1.0 0.02153740016448467 17.908152732970745 1.399956726105786 0.02073626924300726 1.6763636046632253 32.0 -1.0 -1.0 -1.0 -1.0 
300.72 31.53 20260420.0 -1.0 6.327395203976 110.11885916892193 7.054802310718645 0.05529671798135269 24.88131608234913 16.0 25.205963161329024 32.0 6.327384956724321 110.10335122056414 
300.72 31.53 20260420.0 -1.0 3.9484675341910664 48.44969321210994 1.1665589518231836 0.04147253848601452 4.785981514359054 16.0 -1.0 -1.0 -1.0 -1.0 
300.72 31.53 20260420.0 -1.0 40.766408 58.54337929796618 5.025394001268609 0.02211868719254107 30.634247905770422 8.0 31.43331344657558 32.0 13.58879065567938 58.4924053359247 
300.72 31.53 20260420.0 -1.0 2.7337872008546404 59.91091096121122 3.8704260662198067 0.012441761545804354 58.626984789646876 32.0 59.20099426508038 32.0 2.733789491079127 59.9091763994246 
300.72 31.53 20260420.0 -1.0 3.064857408039 37.37919879536439 3.2858797440244336 0.04700221028414978 14.100127055708453 32.0 14.226943948945358 32.0 3.064845562524473 37.342037316533236 
300.72 31.53 20260420.0 -1.0 0.4507336397195 186.04012382023322 3.3431234604531173 0.03732528463741307 14.24842891555111 16.0 14.283603669339342 16.0 0.4507455741986633 185.9006031178091 
300.72 31.53 20260420.0 -1.0 1.0678649447 279.0601857303498 6.417719598388955 0.01520659744487199 99.30554401629203 32.0 99.42701415335966 32.0 1.0678680458416543 279.2050974425886 
300.72 31.53 20260420.0 -1.0 0.34093223633087555 465.10030955058306 7.912064681527268 0.035942866687879244 35.76008858585724 32.0 33.00487344745331 32.0 0.17046962360230586 465.7128881590405 
300.72 31.53 20260420.0 -1.0 323.624595 558.1203714606996 1.0619464324307952 0.029030776940210154 1.7953138835457199 1.0 -1.0 -1.0 -1.0 -1.0 
300.72 31.53 20260420.0 -1.0 2.46465 651.1404333708163 3.7261224747125095 0.05944397182995413 12.069454518336237 16.0 12.414547914694543 16.0 2.4646700088245175 651.1075016113141 
300.72 31.53 20260420.0 -1.0 128.25813729784 36.923354907616044 0.01127730225352492 0.017971433343939622 2.0621183778958687 1.0 -1.0 -1.0 -1.0 -1.0 
300.72 31.53 20260420.0 -1.0 0.014911777391988974 50.85915376163692 0.023896694625368198 0.026265941041142528 1.7616904348221685 1.0 -1.0 -1.0 -1.0 -1.0 
300.72 31.53 20260420.0 -1.0 54.956745779102285 83.67991367951784 0.331323335776144 0.019353851293473442 2.1776409673955284 1.0 -1.0 -1.0 -1.0 -1.0 
300.72 31.53 20260420.0 -1.0 337.974855 32.16955436395472 0.4953013217684499 0.06082638977948796 0.8646286351508634 1.0 -1.0 -1.0 -1.0 -1.0 
300.72 31.53 20260420.0 -1.0 0.6083291891053473 104.06264751740818 0.6787083125912104 0.024883523091608708 3.237983648832618 16.0 -1.0 -1.0 -1.0 -1.0 
300.72 31.53 20260420.0 -1.0 313.63792463001255 0.0 0.11473765527464062 0.022118687192541075 0.02767673182071433 1.0 -1.0 -1.0 -1.0 -1.0 
300.72 31.53 20260420.0 -1.0 429.184549 93.02006191011661 0.05355165255286887 0.07741540517389377 1.5080491458257024 1.0 -1.0 -1.0 -1.0 -1.0 
300.72 31.53 20260420.0 -1.0 1.142678 372.08024764046644 0.10160163342901272 0.016589015394405805 0.3020483685971037 1.0 -1.0 -1.0 -1.0 -1.0 
300.72 31.53 20260420.0 -1.0 0.005302428120082457 184.2911717611171 4.370831420364764 0.019353851293473442 1.8980736444276822 8.0 -1.0 -1.0 -1.0 -1.0 
300.72 31.53 20260420.0 -1.0 0.02153740016448467 17.908152732970745 1.399956726105786 0.02073626924300726 1.6763636046632253 32.0 -1.0 -1.0 -1.0 -1.0 
300.72 31.53 20260420.0 -1.0 6.327395203976 110.11885916892193 7.054802310718645 0.05529671798135269 24.88131608234913 16.0 25.205963161329024 32.0 6.327384956724321 110.10335122056414 
300.72 31.53 20260420.0 -1.0 3.9484675341910664 48.44969321210994 1.1665589518231836 0.04147253848601452 4.785981514359054 16.0 -1.0 -1.0 -1.0 -1.0 
300.72 31.53 20260420.0 -1.0 40.766408 58.54337929796618 5.025394001268609 0.02211868719254107 30.634247905770422 8.0 31.43331344657558 32.0 13.58879065567938 58.4924053359247 
300.72 31.53 20260420.0 -1.0 2.7337872008546404 59.91091096121122 3.8704260662198067 0.012441761545804354 58.626984789646876 32.0 59.20099426508038 32.0 2.733789491079127 59.9091763994246 
300.72 31.53 20260420.0 -1.0 3.064857408039 37.37919879536439 3.2858797440244336 0.04700221028414978 14.100127055708453 32.0 14.226943948945358 32.0 3.064845562524473 37.342037316533236 
300.72 31.53 20260420.0 -1.0 0.4507336397195 186.04012382023322 3.3431234604531173 0.03732528463741307 14.24842891555111 16.0 14.283603669339342 16.0 0.4507455741986633 185.9006031178091 
300.72 31.53 20260420.0 -1.0 1.0678649447 279.0601857303498 6.417719598388955 0.01520659744487199 99.30554401629203 32.0 99.42701415335966 32.0 1.0678680458416543 279.2050974425886 
300.72 31.53 20260420.0 -1.0 0.34093223633087555 465.10030955058306 7.912064681527268 0.035942866687879244 35.76008858585724 32.0 33.00487344745331 32.0 0.17046962360230586 465.7128881590405 
300.72 31.53 20260420.0 -1.0 323.624595 558.1203714606996 1.0619464324307952 0.029030776940210154 1.7953138835457199 1.0 -1.0 -1.0 -1.0 -1.0 
300.72 31.53 20260420.0 -1.0 2.46465 651.1404333708163 3.7261224747125095 0.05944397182995413 12.069454518336237 16.0 12.414547914694543 16.0 2.4646700088245175 651.1075016113141 
30.09 62.12 20260420.0 -1.0 8.428208952531248 78.94471315852577 0.023797846217159135 0.03456044873834543 0.8010331317150281 8.0 -1.0 -1.0 -1.0 -1.0 
30.09 62.12 20260420.0 -1.0 1.026325 59.58679307737656 0.07803496302363373 0.02350110514207489 1.7980192178878733 32.0 -1.0 -1.0 -1.0 -1.0 
30.09 62.12 20260420.0 -1.0 3.18587333048 37.06930443125816 0.025980138630490365 0.026265941041142528 1.596159762645904 1.0 -1.0 -1.0 -1.0 -1.0 
30.09 62.12 20260420.0 -1.0 7.830734887436485 140.08904003553502 0.06466675494927615 0.017971433343939622 1.479635494547574 8.0 -1.0 -1.0 -1.0 -1.0 
30.09 62.12 20260420.0 -1.0 237.65856646672 32.53020592947144 0.1885504367633259 0.008294507697202903 0.9808517936021677 1.0 -1.0 -1.0 -1.0 -1.0 
30.09 62.12 20260420.0 -1.0 0.3039296774992331 89.26893720180536 0.04603268493820467 0.019353851293473442 1.3375952814608625 16.0 -1.0 -1.0 -1.0 -1.0 
30.09 62.12 20260420.0 -1.0 384.1903018555 136.97397243626963 0.031092043377110277 0.016589015394405805 3.016764424690611 1.0 -1.0 -1.0 -1.0 -1.0 
30.09 62.12 20260420.0 -1.0 0.5721 113.0769538533337 0.05478653919335791 0.03041319488974398 1.7816912338018107 4.0 -1.0 -1.0 -1.0 -1.0 
30.09 62.12 20260420.0 -1.0 2.7463792186410614 0.0 0.7358455683452552 0.04009012053648069 1.4276776249673289 1.0 -1.0 -1.0 -1.0 -1.0 
30.09 62.12 20260420.0 -1.0 360.0000167784814 127.13290173491693 0.015657393701560413 0.019353851293473442 -inf 1.0 -1.0 -1.0 -1.0 -1.0 
30.09 62.12 20260420.0 -1.0 32.846688858644185 190.6993526023754 0.09999999999999999 0.04009012053648069 1.685331558008466 2.0 -1.0 -1.0 -1.0 -1.0 
30.09 62.12 20260420.0 -1.0 3.8784760942028 317.83225433729234 0.06606660623846375 0.006912089747669086 1.2143548292055804 4.0 -1.0 -1.0 -1.0 -1.0 
30.09 62.12 20260420.0 -1.0 0.08471126681932407 381.3987052047508 0.20641035137348443 0.012441761545804354 1.053164371992435 32.0 -1.0 -1.0 -1.0 -1.0 
30.09 62.12 20260420.0 -1.0 279.329609 444.96515607220925 0.3096343148981891 0.04009012053648069 -0.015653400924762636 1.0 -1.0 -1.0 -1.0 -1.0 
30.09 62.12 20260420.0 -1.0 3.502872 45.65799081208988 4.219514914022992 0.04700221028414978 16.01282604572619 32.0 16.13498413368897 32.0 3.502858210898315 45.640267831318404 
30.09 62.12 20260420.0 -1.0 2.63060738985 40.71838361896904 1.1926352757749574 0.1147406898113068 1.7475197984135997 8.0 -1.0 -1.0 -1.0 -1.0 
30.09 62.12 20260420.0 -1.0 143.5961701962213 60.387810460044804 5.285332418266483 0.013824179495338172 31.526086067959525 2.0 31.526086834722125 2.0 143.59635921816033 60.41516606496029 
30.09 62.12 20260420.0 -1.0 3.436155481471 51.57661925069412 8.327066811662002 0.009676925646736721 187.90561552183527 32.0 188.00761876682736 32.0 3.4361619327683006 51.61094588463944 
30.09 62.12 20260420.0 -1.0 6.257822 63.566450867458464 5.643846033609972 0.08018024107296139 7.869234271725422 16.0 10.908065056053763 32.0 6.257838928528751 63.55230199128151 
30.09 62.12 20260420.0 -1.0 0.538627704166 254.26580346983386 5.025394001268609 0.012441761545804354 101.09712159464551 32.0 72.1604965597483 16.0 1.0772661577599745 254.10801003201888 
30.09 62.12 20260420.0 -1.0 8.428208952531248 78.94471315852577 0.023797846217159135 0.03456044873834543 0.8000155161243938 8.0 -1.0 -1.0 -1.0 -1.0 
30.09 62.12 20260420.0 -1.0 1.026325 59.58679307737656 0.07803496302363373 0.02350110514207489 1.798567588455414 32.0 -1.0 -1.0 -1.0 -1.0 
30.09 62.12 20260420.0 -1.0 3.18587333048 37.06930443125816 0.025980138630490365 0.026265941041142528 1.6073063495749946 1.0 -1.0 -1.0 -1.0 -1.0 
30.09 62.12 20260420.0 -1.0 7.830734887436485 140.08904003553502 0.06466675494927615 0.017971433343939622 1.4782950420831251 8.0 -1.0 -1.0 -1.0 -1.0 
30.09 62.12 20260420.0 -1.0 237.65856646672 32.53020592947144 0.1885504367633259 0.008294507697202903 0.9815400385206338 1.0 -1.0 -1.0 -1.0 -1.0 
30.09 62.12 20260420.0 -1.0 0.3039296774992331 89.26893720180536 0.04603268493820467 0.019353851293473442 1.548103410261639 16.0 -1.0 -1.0 -1.0 -1.0 
30.09 62.12 20260420.0 -1.0 384.1903018555 136.97397243626963 0.031092043377110277 0.016589015394405805 3.016869495378355 1.0 -1.0 -1.0 -1.0 -1.0 
30.09 62.12 20260420.0 -1.0 0.5721 113.0769538533337 0.05478653919335791 0.03041319488974398 1.8293027922770215 4.0 -1.0 -1.0 -1.0 -1.0 
30.09 62.12 20260420.0 -1.0 2.7463792186410614 0.0 0.7358455683452552 0.04009012053648069 1.4268387047990818 1.0 -1.0 -1.0 -1.0 -1.0 
30.09 62.12 20260420.0 -1.0 360.0000167784814 127.13290173491693 0.015657393701560413 0.019353851293473442 -inf 1.0 -1.0 -1.0 -1.0 -1.0 
30.09 62.12 20260420.0 -1.0 32.846688858644185 190.6993526023754 0.09999999999999999 0.04009012053648069 1.6849353265336895 2.0 -1.0 -1.0 -1.0 -1.0 
30.09 62.12 20260420.0 -1.0 3.8784760942028 317.83225433729234 0.06606660623846375 0.006912089747669086 1.210247637702599 4.0 -1.0 -1.0 -1.0 -1.0 
30.09 62.12 20260420.0 -1.0 0.08471126681932407 381.3987052047508 0.20641035137348443 0.012441761545804354 1.0719622121726837 32.0 -1.0 -1.0 -1.0 -1.0 
30.09 62.12 20260420.0 -1.0 279.329609 444.96515607220925 0.3096343148981891 0.04009012053648069 -0.01513955980053576 1.0 -1.0 -1.0 -1.0 -1.0 
30.09 62.12 20260420.0 -1.0 3.502872 45.65799081208988 4.219514914022992 0.04700221028414978 16.294646622122663 32.0 16.294645951061327 32.0 3.502858210898315 45.640267831318404 
30.09 62.12 20260420.0 -1.0 2.63060738985 40.71838361896904 1.1926352757749574 0.1147406898113068 1.7343135052363632 8.0 -1.0 -1.0 -1.0 -1.0 
30.09 62.12 20260420.0 -1.0 143.5961701962213 60.387810460044804 5.285332418266483 0.013824179495338172 31.516725756523915 2.0 31.51672549986723 2.0 143.59635921816033 60.41516606496029 
30.09 62.12 20260420.0 -1.0 3.436155481471 51.57661925069412 8.327066811662002 0.009676925646736721 187.84261177747806 32.0 187.9446294833538 32.0 3.4361619327683006 51.61094588463944 
30.09 62.12 20260420.0 -1.0 6.257822 63.566450867458464 5.643846033609972 0.08018024107296139 9.314491982039792 16.0 11.793880177309163 32.0 6.257838928528751 63.55230199128151 
30.09 62.12 20260420.0 -1.0 0.538627704166 254.26580346983386 5.025394001268609 0.012441761545804354 101.04617410547553 32.0 72.11232697748967 16.0 1.0772661577599745 254.10801003201888 
30.09 62.12 20260420.0 -1.0 8.428208952531248 78.94471315852577 0.023797846217159135 0.03456044873834543 0.8000155161243938 8.0 -1.0 -1.0 -1.0 -1.0 
30.09 62.12 20260420.0 -1.0 1.026325 59.58679307737656 0.07803496302363373 0.02350110514207489 1.798567588455414 32.0 -1.0 -1.0 -1.0 -1.0 
30.09 62.12 20260420.0 -1.0 3.18587333048 37.06930443125816 0.025980138630490365 0.026265941041142528 1.6073063495749946 1.0 -1.0 -1.0 -1.0 -1.0 
30.09 62.12 20260420.0 -1.0 7.830734887436485 140.08904003553502 0.06466675494927615 0.017971433343939622 1.4782950420831251 8.0 -1.0 -1.0 -1.0 -1.0 
30.09 62.12 20260420.0 -1.0 237.65856646672 32.53020592947144 0.1885504367633259 0.008294507697202903 0.9815400385206338 1.0 -1.0 -1.0 -1.0 -1.0 
30.09 62.12 20260420.0 -1.0 0.3039296774992331 89.26893720180536 0.04603268493820467 0.019353851293473442 1.548103410261639 16.0 -1.0 -1.0 -1.0 -1.0 
30.09 62.12 20260420.0 -1.0 384.1903018555 136.97397243626963 0.031092043377110277 0.016589015394405805 3.016869495378355 1.0 -1.0 -1.0 -1.0 -1.0 
30.09 62.12 20260420.0 -1.0 0.5721 113.0769538533337 0.05478653919335791 0.03041319488974398 1.8293027922770215 4.0 -1.0 -1.0 -1.0 -1.0 
30.09 62.12 20260420.0 -1.0 2.7463792186410614 0.0 0.7358455683452552 0.04009012053648069 1.4268387047990818 1.0 -1.0 -1.0 -1.0 -1.0 
30.09 62.12 20260420.0 -1.0 360.0000167784814 127.13290173491693 0.015657393701560413 0.019353851293473442 -inf 1.0 -1.0 -1.0 -1.0 -1.0 
30.09 62.12 20260420.0 -1.0 32.846688858644185 190.6993526023754 0.09999999999999999 0.04009012053648069 1.6849353265336895 2.0 -1.0 -1.0 -1.0 -1.0 
30.09 62.12 20260420.0 -1.0 3.8784760942028 317.83225433729234 0.06606660623846375 0.006912089747669086 1.210247637702599 4.0 -1.0 -1.0 -1.0 -1.0 
30.09 62.12 20260420.0 -1.0 0.08471126681932407 381.3987052047508 0.20641035137348443 0.012441761545804354 1.0719622121726837 32.0 -1.0 -1.0 -1.0 -1.0 
30.09 62.12 20260420.0 -1.0 279.329609 444.96515607220925 0.3096343148981891 0.04009012053648069 -0.01513955980053576 1.0 -1.0 -1.0 -1.0 -1.0 
30.09 62.12 20260420.0 -1.0 143.5961701962213 60.387810460044804 5.285332418266483 0.013824179495338172 31.516725756523915 2.0 31.51672549986723 2.0 143.59635921816033 60.41516606496029 
30.09 62.12 20260420.0 -1.0 3.436155481471 51.57661925069412 8.327066811662002 0.009676925646736721 187.84261177747806 32.0 187.9446294833538 32.0 3.4361619327683006 51.61094588463944 
30.09 62.12 20260420.0 -1.0 6.257822 63.566450867458464 5.643846033609972 0.08018024107296139 9.314491982039792 16.0 11.793880177309163 32.0 6.257838928528751 63.55230199128151 
30.09 62.12 20260420.0 -1.0 0.538627704166 254.26580346983386 5.025394001268609 0.012441761545804354 101.04617410547553 32.0 72.11232697748967 16.0 1.0772661577599745 254.10801003201888 
301.1 31.53 20260420.0 -1.0 4.6015632504 39.0308214986317 0.025783456273404094 0.13962421290291552 1.7992022070189413 4.0 -1.0 -1.0 -1.0 -1.0 
301.1 31.53 20260420.0 -1.0 0.033480344337898225 69.85127601535059 0.010287295857879502 0.06635606157762322 1.8010291930818298 8.0 -1.0 -1.0 -1.0 -1.0 
301.1 31.53 20260420.0 -1.0 413.984744298621 62.39878906253741 0.891651243346112 0.053914300031818865 1.0453889102022187 1.0 -1.0 -1.0 -1.0 -1.0 
301.1 31.53 20260420.0 -1.0 1.14352903909 82.482609833678 0.05202015203780409 0.012441761545804354 1.4530237797595722 32.0 -1.0 -1.0 -1.0 -1.0 
301.1 31.53 20260420.0 -1.0 0.459063 89.4930001028497 0.37132738203638316 0.21427478217774165 1.1570691936475492 2.0 -1.0 -1.0 -1.0 -1.0 
301.1 31.53 20260420.0 -1.0 0.5394 38.5255681458986 0.6782395925350981 0.017971433343939622 3.4414294772304888 16.0 -1.0 -1.0 -1.0 -1.0 
301.1 31.53 20260420.0 -1.0 6.606295308102913 19.2627840729493 0.049564361624062 0.009676925646736721 1.89175420224568 4.0 -1.0 -1.0 -1.0 -1.0 
301.1 31.53 20260420.0 -1.0 2.4718570439343 156.1232859945268 0.11176474471832028 0.016589015394405805 2.401558210512856 8.0 -1.0 -1.0 -1.0 -1.0 
301.1 31.53 20260420.0 -1.0 0.604887 90.21479060675414 0.041329640358514746 0.0884747487701643 1.2676804568840967 2.0 -1.0 -1.0 -1.0 -1.0 
301.1 31.53 20260420.0 -1.0 0.014775351287334886 180.42958121350827 0.047224505253570005 0.009676925646736721 0.5962892818500383 1.0 -1.0 -1.0 -1.0 -1.0 
301.1 31.53 20260420.0 -1.0 0.966809 270.6443718202624 0.3667384419873411 0.012441761545804354 3.7160706511902806 32.0 -1.0 -1.0 -1.0 -1.0 
301.1 31.53 20260420.0 -1.0 3.2635921412 360.85916242701654 0.027475391812400555 0.04285495643554833 1.797725380235987 8.0 -1.0 -1.0 -1.0 -1.0 
301.1 31.53 20260420.0 -1.0 0.61894065595 451.0739530337707 0.03547766230008382 0.016589015394405805 1.9259833969389801 1.0 -1.0 -1.0 -1.0 -1.0 
301.1 31.53 20260420.0 -1.0 192.5919636477142 541.2887436405248 0.18265272784775224 0.02350110514207489 0.9338767031173384 1.0 -1.0 -1.0 -1.0 -1.0 
301.1 31.53 20260420.0 -1.0 1.07746138421 137.93416529613535 4.079069040987993 0.008294507697202903 83.63896635026856 32.0 84.65569128379596 32.0 1.077448056700329 138.13517869124087 
301.1 31.53 20260420.0 -1.0 313.174935322 2.968363447306942 2.4651263498864164 0.017971433343939622 3.4657010188891975 1.0 -1.0 -1.0 -1.0 -1.0 
301.1 31.53 20260420.0 -1.0 1.667695 69.85127601535059 1.20090305820473 0.012441761545804354 11.776737296826779 32.0 12.04407268291835 32.0 1.6677101181509595 69.82657384392395 
301.1 31.53 20260420.0 -1.0 64.54668603695595 57.472568873389726 1.5032032351528772 0.09815167441690101 2.226945063977907 2.0 -1.0 -1.0 -1.0 -1.0 
301.1 31.53 20260420.0 -1.0 1.82745452277 0.0 1.1300699081019758 0.049767046183217416 2.879717753611131 16.0 -1.0 -1.0 -1.0 -1.0 
301.1 31.53 20260420.0 -1.0 2.8604856126 631.5035342472789 1.7915351049091661 0.04423737438508215 7.542734324687692 16.0 7.542733817531709 16.0 2.860482103036096 631.4751025885297 
301.1 31.53 20260420.0 -1.0 4.6015632504 39.0308214986317 0.025783456273404094 0.13962421290291552 1.7985515471004823 4.0 -1.0 -1.0 -1.0 -1.0 
301.1 31.53 20260420.0 -1.0 0.033480344337898225 69.85127601535059 0.010287295857879502 0.06635606157762322 1.8010291930911086 8.0 -1.0 -1.0 -1.0 -1.0 
301.1 31.53 20260420.0 -1.0 413.984744298621 62.39878906253741 0.891651243346112 0.053914300031818865 1.0449812025559289 1.0 -1.0 -1.0 -1.0 -1.0 
301.1 31.53 20260420.0 -1.0 1.14352903909 82.482609833678 0.05202015203780409 0.012441761545804354 1.4521272718547826 32.0 -1.0 -1.0 -1.0 -1.0 
301.1 31.53 20260420.0 -1.0 0.459063 89.4930001028497 0.37132738203638316 0.21427478217774165 1.1570692618231568 2.0 -1.0 -1.0 -1.0 -1.0 
301.1 31.53 20260420.0 -1.0 0.5394 38.5255681458986 0.6782395925350981 0.017971433343939622 3.4417257821003386 16.0 -1.0 -1.0 -1.0 -1.0 
301.1 31.53 20260420.0 -1.0 6.606295308102913 19.2627840729493 0.049564361624062 0.009676925646736721 1.8860324256758734 4.0 -1.0 -1.0 -1.0 -1.0 
301.1 31.53 20260420.0 -1.0 2.4718570439343 156.1232859945268 0.11176474471832028 0.016589015394405805 2.4019157589871605 8.0 -1.0 -1.0 -1.0 -1.0 
301.1 31.53 20260420.0 -1.0 0.604887 90.21479060675414 0.041329640358514746 0.0884747487701643 1.2676804586477832 2.0 -1.0 -1.0 -1.0 -1.0 
301.1 31.53 20260420.0 -1.0 0.014775351287334886 180.42958121350827 0.047224505253570005 0.009676925646736721 0.5962892792255992 1.0 -1.0 -1.0 -1.0 -1.0 
301.1 31.53 20260420.0 -1.0 0.966809 270.6443718202624 0.3667384419873411 0.012441761545804354 3.714925170709229 32.0 -1.0 -1.0 -1.0 -1.0 
301.1 31.53 20260420.0 -1.0 3.2635921412 360.85916242701654 0.027475391812400555 0.04285495643554833 1.7964927667632915 8.0 -1.0 -1.0 -1.0 -1.0 
301.1 31.53 20260420.0 -1.0 0.61894065595 451.0739530337707 0.03547766230008382 0.016589015394405805 1.9259833969389801 1.0 -1.0 -1.0 -1.0 -1.0 
301.1 31.53 20260420.0 -1.0 192.5919636477142 541.2887436405248 0.18265272784775224 0.02350110514207489 0.9344085394723487 1.0 -1.0 -1.0 -1.0 -1.0 
301.1 31.53 20260420.0 -1.0 1.07746138421 137.93416529613535 4.079069040987993 0.008294507697202903 83.64830364824638 32.0 84.67562021771501 32.0 1.077448056700329 138.13517869124087 
301.1 31.53 20260420.0 -1.0 313.174935322 2.968363447306942 2.4651263498864164 0.017971433343939622 3.465201592597659 1.0 -1.0 -1.0 -1.0 -1.0 
301.1 31.53 20260420.0 -1.0 1.667695 69.85127601535059 1.20090305820473 0.012441761545804354 11.777822952292327 32.0 12.045151228302347 32.0 1.6677101181509595 69.82657384392395 
301.1 31.53 20260420.0 -1.0 64.54668603695595 57.472568873389726 1.5032032351528772 0.09815167441690101 2.2272757621082917 2.0 -1.0 -1.0 -1.0 -1.0 
301.1 31.53 20260420.0 -1.0 1.82745452277 0.0 1.1300699081019758 0.049767046183217416 2.875096297393529 16.0 -1.0 -1.0 -1.0 -1.0 
301.1 31.53 20260420.0 -1.0 2.8604856126 631.5035342472789 1.7915351049091661 0.04423737438508215 7.545548846679421 16.0 7.545549123486011 16.0 2.860482103036096 631.4751025885297 
301.1 31.53 20260420.0 -1.0 4.6015632504 39.0308214986317 0.025783456273404094 0.13962421290291552 1.7985515471004823 4.0 -1.0 -1.0 -1.0 -1.0 
301.1 31.53 20260420.0 -1.0 0.033480344337898225 69.85127601535059 0.010287295857879502 0.06635606157762322 1.8010291930911086 8.0 -1.0 -1.0 -1.0 -1.0 
301.1 31.53 20260420.0 -1.0 413.984744298621 62.39878906253741 0.891651243346112 0.053914300031818865 1.0449812025559289 1.0 -1.0 -1.0 -1.0 -1.0 
301.1 31.53 20260420.0 -1.0 1.14352903909 82.482609833678 0.05202015203780409 0.012441761545804354 1.4521272718547826 32.0 -1.0 -1.0 -1.0 -1.0 
301.1 31.53 20260420.0 -1.0 0.459063 89.4930001028497 0.37132738203638316 0.21427478217774165 1.1570692618231568 2.0 -1.0 -1.0 -1.0 -1.0 
301.1 31.53 20260420.0 -1.0 0.5394 38.5255681458986 0.6782395925350981 0.017971433343939622 3.4417257821003386 16.0 -1.0 -1.0 -1.0 -1.0 
301.1 31.53 20260420.0 -1.0 6.606295308102913 19.2627840729493 0.049564361624062 0.009676925646736721 1.8860324256758734 4.0 -1.0 -1.0 -1.0 -1.0 
301.1 31.53 20260420.0 -1.0 2.4718570439343 156.1232859945268 0.11176474471832028 0.016589015394405805 2.4019157589871605 8.0 -1.0 -1.0 -1.0 -1.0 
301.1 31.53 20260420.0 -1.0 0.604887 90.21479060675414 0.041329640358514746 0.0884747487701643 1.2676804586477832 2.0 -1.0 -1.0 -1.0 -1.0 
301.1 31.53 20260420.0 -1.0 0.014775351287334886 180.42958121350827 0.047224505253570005 0.009676925646736721 0.5962892792255992 1.0 -1.0 -1.0 -1.0 -1.0 
301.1 31.53 20260420.0 -1.0 0.966809 270.6443718202624 0.3667384419873411 0.012441761545804354 3.714925170709229 32.0 -1.0 -1.0 -1.0 -1.0 
301.1 31.53 20260420.0 -1.0 3.2635921412 360.85916242701654 0.027475391812400555 0.04285495643554833 1.7964927667632915 8.0 -1.0 -1.0 -1.0 -1.0 
301.1 31.53 20260420.0 -1.0 0.61894065595 451.0739530337707 0.03547766230008382 0.016589015394405805 1.9259833969389801 1.0 -1.0 -1.0 -1.0 -1.0 
301.1 31.53 20260420.0 -1.0 192.5919636477142 541.2887436405248 0.18265272784775224 0.02350110514207489 0.9344085394723487 1.0 -1.0 -1.0 -1.0 -1.0 
301.1 31.53 20260420.0 -1.0 1.07746138421 137.93416529613535 4.079069040987993 0.008294507697202903 83.64830364824638 32.0 84.67562021771501 32.0 1.077448056700329 138.13517869124087 
301.1 31.53 20260420.0 -1.0 313.174935322 2.968363447306942 2.4651263498864164 0.017971433343939622 3.465201592597659 1.0 -1.0 -1.0 -1.0 -1.0 
301.1 31.53 20260420.0 -1.0 1.667695 69.85127601535059 1.20090305820473 0.012441761545804354 11.777822952292327 32.0 12.045151228302347 32.0 1.6677101181509595 69.82657384392395 
301.1 31.53 20260420.0 -1.0 64.54668603695595 57.472568873389726 1.5032032351528772 0.09815167441690101 2.2272757621082917 2.0 -1.0 -1.0 -1.0 -1.0 
301.1 31.53 20260420.0 -1.0 1.82745452277 0.0 1.1300699081019758 0.049767046183217416 2.875096297393529 16.0 -1.0 -1.0 -1.0 -1.0 
301.1 31.53 20260420.0 -1.0 2.8604856126 631.5035342472789 1.7915351049091661 0.04423737438508215 7.545548846679421 16.0 7.545549123486011 16.0 2.860482103036096 631.4751025885297 
301.47 31.53 20260420.0 -1.0 237.801949 32.74438999076499 0.6400009491490016 0.006912089747669086 2.515251341950437 1.0 -1.0 -1.0 -1.0 -1.0 
301.47 31.53 20260420.0 -1.0 10.50832783882986 37.80602279468095 0.02449846727094853 0.058061553880420315 0.4750907392299265 4.0 -1.0 -1.0 -1.0 -1.0 
301.47 31.53 20260420.0 -1.0 0.80755526467 79.61136039739426 0.42370413880097313 0.022118687192541075 4.0593970651691995 8.0 -1.0 -1.0 -1.0 -1.0 
301.47 31.53 20260420.0 -1.0 2.19539262108 30.494775411246785 0.018544999360231632 0.024883523091608708 2.4795211033484073 2.0 -1.0 -1.0 -1.0 -1.0 
301.47 31.53 20260420.0 -1.0 0.3167636175519972 49.991435100404566 0.2504608637573597 0.008294507697202903 1.8390337761780844 32.0 -1.0 -1.0 -1.0 -1.0 
301.47 31.53 20260420.0 -1.0 14.4181871 73.86234536084774 0.06338408101544683 0.06635606157762322 0.9132007037419619 8.0 -1.0 -1.0 -1.0 -1.0 
301.47 31.53 20260420.0 -1.0 233.03797751128 79.36140322189225 0.6234182015477384 0.13962421290291552 1.0683216399413422 1.0 -1.0 -1.0 -1.0 -1.0 
301.47 31.53 20260420.0 -1.0 0.776096931576026 0.0 0.20812863367917686 0.01520659744487199 1.5847827766453437 1.0 -1.0 -1.0 -1.0 -1.0 
301.47 31.53 20260420.0 -1.0 0.3480956461 89.26149278016878 0.07728386067089815 0.008294507697202903 1.3145391216576434 2.0 -1.0 -1.0 -1.0 -1.0 
301.47 31.53 20260420.0 -1.0 2.61730216935 178.52298556033756 0.5520446398788068 0.18247916933846386 1.350663071032547 8.0 -1.0 -1.0 -1.0 -1.0 
301.47 31.53 20260420.0 -1.0 0.0015688746124169679 267.7844783405063 0.4970151613045875 0.016589015394405805 1.8233383157542224 1.0 -1.0 -1.0 -1.0 -1.0 
301.47 31.53 20260420.0 -1.0 11.38507898552 446.3074639008439 0.11836064433841874 0.012441761545804356 1.5979766549826135 1.0 -1.0 -1.0 -1.0 -1.0 
301.47 31.53 20260420.0 -1.0 0.00545066611565636 535.5689566810127 0.01289469401829158 0.03041319488974398 0.9850967047415495 1.0 -1.0 -1.0 -1.0 -1.0 
301.47 31.53 20260420.0 -1.0 0.0503983091688131 624.8304494611815 0.0402587685177346 0.019353851293473442 0.7072140621592654 16.0 -1.0 -1.0 -1.0 -1.0 
301.47 31.53 20260420.0 -1.0 0.655623504347 22.24618861968003 9.986192648683675 0.019353851293473442 107.07302534759397 32.0 107.65947749242376 32.0 0.6556244140180449 21.959951484248545 
301.47 31.53 20260420.0 -1.0 1.552793723757 61.364486585746604 1.4622327330595073 0.10921101801317155 0.14965653742720056 8.0 -1.0 -1.0 -1.0 -1.0 
301.47 31.53 20260420.0 -1.0 0.009246266070866132 93.60896222550754 7.643430638053695 0.012441761545804354 4.951768874125029 32.0 -1.0 -1.0 -1.0 -1.0 
301.47 31.53 20260420.0 -1.0 11.310098482513277 26.49546060321442 1.560340287301472 0.04700221028414978 5.137485198954927 16.0 -1.0 -1.0 -1.0 -1.0 
301.47 31.53 20260420.0 -1.0 1.399188 176.5322551983036 7.6592883338116815 0.03456044873834543 50.91292036556781 16.0 52.91427506801033 32.0 1.399196965697532 176.69159120505972 
301.47 31.53 20260420.0 -1.0 2.040226 357.0459711206751 7.011074443308612 0.035942866687879244 45.81814679633353 32.0 45.91711360586395 32.0 2.040239147997151 357.1275059350835 
301.47 31.53 20260420.0 -1.0 237.801949 32.74438999076499 0.6400009491490016 0.006912089747669086 2.515251341950437 1.0 -1.0 -1.0 -1.0 -1.0 
301.47 31.53 20260420.0 -1.0 10.50832783882986 37.80602279468095 0.02449846727094853 0.058061553880420315 0.4750907392299265 4.0 -1.0 -1.0 -1.0 -1.0 
301.47 31.53 20260420.0 -1.0 0.80755526467 79.61136039739426 0.42370413880097313 0.022118687192541075 4.0593970651691995 8.0 -1.0 -1.0 -1.0 -1.0 
301.47 31.53 20260420.0 -1.0 2.19539262108 30.494775411246785 0.018544999360231632 0.024883523091608708 2.4795211033484073 2.0 -1.0 -1.0 -1.0 -1.0 
301.47 31.53 20260420.0 -1.0 0.3167636175519972 49.991435100404566 0.2504608637573597 0.008294507697202903 1.8390337761780844 32.0 -1.0 -1.0 -1.0 -1.0 
301.47 31.53 20260420.0 -1.0 14.4181871 73.86234536084774 0.06338408101544683 0.06635606157762322 0.9132007037419619 8.0 -1.0 -1.0 -1.0 -1.0 
301.47 31.53 20260420.0 -1.0 233.03797751128 79.36140322189225 0.6234182015477384 0.13962421290291552 1.0683216399413422 1.0 -1.0 -1.0 -1.0 -1.0 
301.47 31.53 20260420.0 -1.0 0.776096931576026 0.0 0.20812863367917686 0.01520659744487199 1.5847827766453437 1.0 -1.0 -1.0 -1.0 -1.0 
301.47 31.53 20260420.0 -1.0 0.3480956461 89.26149278016878 0.07728386067089815 0.008294507697202903 1.3145391216576434 2.0 -1.0 -1.0 -1.0 -1.0 
301.47 31.53 20260420.0 -1.0 2.61730216935 178.52298556033756 0.5520446398788068 0.18247916933846386 1.350663071032547 8.0 -1.0 -1.0 -1.0 -1.0 
301.47 31.53 20260420.0 -1.0 0.0015688746124169679 267.7844783405063 0.4970151613045875 0.016589015394405805 1.8233383157542224 1.0 -1.0 -1.0 -1.0 -1.0 
301.47 31.53 20260420.0 -1.0 11.38507898552 446.3074639008439 0.11836064433841874 0.012441761545804356 1.5979766549826135 1.0 -1.0 -1.0 -1.0 -1.0 
301.47 31.53 20260420.0 -1.0 0.00545066611565636 535.5689566810127 0.01289469401829158 0.03041319488974398 0.9850967047415495 1.0 -1.0 -1.0 -1.0 -1.0 
301.47 31.53 20260420.0 -1.0 0.0503983091688131 624.8304494611815 0.0402587685177346 0.019353851293473442 0.7072140621592654 16.0 -1.0 -1.0 -1.0 -1.0 
301.47 31.53 20260420.0 -1.0 0.655623504347 22.24618861968003 9.986192648683675 0.019353851293473442 107.07302534759397 32.0 107.65947749242376 32.0 0.6556244140180449 21.959951484248545 
301.47 31.53 20260420.0 -1.0 1.552793723757 61.364486585746604 1.4622327330595073 0.10921101801317155 0.14965653742720056 8.0 -1.0 -1.0 -1.0 -1.0 
301.47 31.53 20260420.0 -1.0 0.009246266070866132 93.60896222550754 7.643430638053695 0.012441761545804354 4.951768874125029 32.0 -1.0 -1.0 -1.0 -1.0 
301.47 31.53 20260420.0 -1.0 11.310098482513277 26.49546060321442 1.560340287301472 0.04700221028414978 5.137485198954927 16.0 -1.0 -1.0 -1.0 -1.0 
301.47 31.53 20260420.0 -1.0 1.399188 176.5322551983036 7.6592883338116815 0.03456044873834543 50.91292036556781 16.0 52.91427506801033 32.0 1.399196965697532 176.69159120505972 
301.47 31.53 20260420.0 -1.0 2.040226 357.0459711206751 7.011074443308612 0.035942866687879244 45.81814679633353 32.0 45.91711360586395 32.0 2.040239147997151 357.1275059350835 
301.47 31.53 20260420.0 -1.0 237.801949 32.74438999076499 0.6400009491490016 0.006912089747669086 2.515251341950437 1.0 -1.0 -1.0 -1.0 -1.0 
301.47 31.53 20260420.0 -1.0 10.50832783882986 37.80602279468095 0.02449846727094853 0.058061553880420315 0.4750907392299265 4.0 -1.0 -1.0 -1.0 -1.0 
301.47 31.53 20260420.0 -1.0 0.80755526467 79.61136039739426 0.42370413880097313 0.022118687192541075 4.0593970651691995 8.0 -1.0 -1.0 -1.0 -1.0 
301.47 31.53 20260420.0 -1.0 2.19539262108 30.494775411246785 0.018544999360231632 0.024883523091608708 2.4795211033484073 2.0 -1.0 -1.0 -1.0 -1.0 
301.47 31.53 20260420.0 -1.0 0.3167636175519972 49.991435100404566 0.2504608637573597 0.008294507697202903 1.8390337761780844 32.0 -1.0 -1.0 -1.0 -1.0 
301.47 31.53 20260420.0 -1.0 14.4181871 73.86234536084774 0.06338408101544683 0.06635606157762322 0.9132007037419619 8.0 -1.0 -1.0 -1.0 -1.0 
301.47 31.53 20260420.0 -1.0 233.03797751128 79.36140322189225 0.6234182015477384 0.13962421290291552 1.0683216399413422 1.0 -1.0 -1.0 -1.0 -1.0 
301.47 31.53 20260420.0 -1.0 0.776096931576026 0.0 0.20812863367917686 0.01520659744487199 1.5847827766453437 1.0 -1.0 -1.0 -1.0 -1.0 
301.47 31.53 20260420.0 -1.0 0.3480956461 89.26149278016878 0.07728386067089815 0.008294507697202903 1.3145391216576434 2.0 -1.0 -1.0 -1.0 -1.0 
301.47 31.53 20260420.0 -1.0 2.61730216935 178.52298556033756 0.5520446398788068 0.18247916933846386 1.350663071032547 8.0 -1.0 -1.0 -1.0 -1.0 
301.47 31.53 20260420.0 -1.0 0.0015688746124169679 267.7844783405063 0.4970151613045875 0.016589015394405805 1.8233383157542224 1.0 -1.0 -1.0 -1.0 -1.0 
301.47 31.53 20260420.0 -1.0 11.38507898552 446.3074639008439 0.11836064433841874 0.012441761545804356 1.5979766549826135 1.0 -1.0 -1.0 -1.0 -1.0 
301.47 31.53 20260420.0 -1.0 0.00545066611565636 535.5689566810127 0.01289469401829158 0.03041319488974398 0.9850967047415495 1.0 -1.0 -1.0 -1.0 -1.0 
301.47 31.53 20260420.0 -1.0 0.0503983091688131 624.8304494611815 0.0402587685177346 0.019353851293473442 0.7072140621592654 16.0 -1.0 -1.0 -1.0 -1.0 
301.47 31.53 20260420.0 -1.0 0.655623504347 22.24618861968003 9.986192648683675 0.019353851293473442 107.07302534759397 32.0 107.65947749242376 32.0 0.6556244140180449 21.959951484248545 
301.47 31.53 20260420.0 -1.0 1.552793723757 61.364486585746604 1.4622327330595073 0.10921101801317155 0.14965653742720056 8.0 -1.0 -1.0 -1.0 -1.0 
301.47 31.53 20260420.0 -1.0 0.009246266070866132 93.60896222550754 7.643430638053695 0.012441761545804354 4.951768874125029 32.0 -1.0 -1.0 -1.0 -1.0 
301.47 31.53 20260420.0 -1.0 11.310098482513277 26.49546060321442 1.560340287301472 0.04700221028414978 5.137485198954927 16.0 -1.0 -1.0 -1.0 -1.0 
301.47 31.53 20260420.0 -1.0 1.399188 176.5322551983036 7.6592883338116815 0.03456044873834543 50.91292036556781 16.0 52.91427506801033 32.0 1.399196965697532 176.69159120505972 
301.47 31.53 20260420.0 -1.0 2.040226 357.0459711206751 7.011074443308612 0.035942866687879244 45.81814679633353 32.0 45.91711360586395 32.0 2.040239147997151 357.1275059350835 
301.85 31.53 20260420.0 -1.0 244.777668 47.27026797836301 0.06810567762203223 0.004147253848601451 1.0217778383013472 2.0 -1.0 -1.0 -1.0 -1.0 
301.85 31.53 20260420.0 -1.0 12.863191626660159 79.42648974785469 0.19898937272332504 0.009676925646736721 3.1527830587773273 32.0 -1.0 -1.0 -1.0 -1.0 
301.85 31.53 20260420.0 -1.0 2.17577321653 54.98278538535907 0.04225349001833227 0.026265941041142528 1.444800554673583 16.0 -1.0 -1.0 -1.0 -1.0 
301.85 31.53 20260420.0 -1.0 19.72231918824971 106.60689383541342 0.14481584463104336 0.027648358990676344 0.8895899143660573 16.0 -1.0 -1.0 -1.0 -1.0 
301.85 31.53 20260420.0 -1.0 0.07727254392411635 98.52119010227237 0.21336978189961653 0.006912089747669086 1.163573930716141 1.0 -1.0 -1.0 -1.0 -1.0 
301.85 31.53 20260420.0 -1.0 0.5863707104347844 108.34843002408995 0.028089554702739137 0.06497364362808941 2.013245331110257 2.0 -1.0 -1.0 -1.0 -1.0 
301.85 31.53 20260420.0 -1.0 3.6703897382 27.304799529607052 0.03363974424252767 0.04700221028414978 0.9926026585089388 32.0 -1.0 -1.0 -1.0 -1.0 
301.85 31.53 20260420.0 -1.0 3.0949330625564375 0.0 0.11238415137058827 0.006912089747669086 2.020889999875419 1.0 -1.0 -1.0 -1.0 -1.0 
301.85 31.53 20260420.0 -1.0 1.383 266.535005365969 0.809451475557974 0.017971433343939622 8.086821969827724 32.0 8.48599020261661 32.0 1.383007960005974 266.9601475366252 
301.85 31.53 20260420.0 -1.0 10.853978 444.22500894328164 0.21381245656306763 0.03456044873834543 0.560203884639803 2.0 -1.0 -1.0 -1.0 -1.0 
301.85 31.53 20260420.0 -1.0 1.25242411862 533.070010731938 0.028657989853219518 0.02488352309160871 1.3550797501747023 1.0 -1.0 -1.0 -1.0 -1.0 
301.85 31.53 20260420.0 -1.0 0.480458905198 621.9150125205944 0.0681998435419825 0.16589015394405807 0.13202071903068044 1.0 -1.0 -1.0 -1.0 -1.0 
301.85 31.53 20260420.0 -1.0 6.728855103385128 154.49913902401804 2.706096218036256 0.019353851293473442 23.47334543049445 32.0 23.797502812957433 32.0 6.728866234576951 154.5292438545969 
301.85 31.53 20260420.0 -1.0 0.3387604641 59.52321902012289 1.4703365110827455 0.03456044873834543 4.730185086224564 16.0 -1.0 -1.0 -1.0 -1.0 
301.85 31.53 20260420.0 -1.0 178.21546091744042 108.59722090818659 1.8622029174201729 0.008294507697202903 11.33881569697826 2.0 11.338815294780108 2.0 178.21536554644507 108.5853822239571 
301.85 31.53 20260420.0 -1.0 0.01719488041013931 80.67044416833792 3.9816218039251856 0.016589015394405805 2.177901317347954 32.0 -1.0 -1.0 -1.0 -1.0 
301.85 31.53 20260420.0 -1.0 2.133003640290252 33.52457163202324 6.018357026646762 0.03732528463741307 34.640495445502296 32.0 35.02347014086137 32.0 2.13300760757799 33.69891172467634 
301.85 31.53 20260420.0 -1.0 352.90623328676 88.84500178865633 2.371578495847471 0.16589015394405807 2.597368168946772 1.0 -1.0 -1.0 -1.0 -1.0 
301.85 31.53 20260420.0 -1.0 1.1599278713806 177.69000357731267 1.1926352757749574 0.038707702586946884 4.18569990900634 8.0 -1.0 -1.0 -1.0 -1.0 
301.85 31.53 20260420.0 -1.0 233.64486 355.38000715462533 9.944884875250297 0.017971433343939622 30.081601571388962 2.0 30.081601352674568 2.0 233.6445807789763 355.4071410722622 
301.85 31.53 20260420.0 -1.0 244.777668 47.27026797836301 0.06810567762203223 0.004147253848601451 1.0220402337596781 2.0 -1.0 -1.0 -1.0 -1.0 
301.85 31.53 20260420.0 -1.0 12.863191626660159 79.42648974785469 0.19898937272332504 0.009676925646736721 3.1541985578469887 32.0 -1.0 -1.0 -1.0 -1.0 
301.85 31.53 20260420.0 -1.0 2.17577321653 54.98278538535907 0.04225349001833227 0.026265941041142528 1.4360228665758754 16.0 -1.0 -1.0 -1.0 -1.0 
301.85 31.53 20260420.0 -1.0 19.72231918824971 106.60689383541342 0.14481584463104336 0.027648358990676344 0.8890479418789164 16.0 -1.0 -1.0 -1.0 -1.0 
301.85 31.53 20260420.0 -1.0 0.07727254392411635 98.52119010227237 0.21336978189961653 0.006912089747669086 1.163573947021173 1.0 -1.0 -1.0 -1.0 -1.0 
301.85 31.53 20260420.0 -1.0 0.5863707104347844 108.34843002408995 0.028089554702739137 0.06497364362808941 1.993230319552573 2.0 -1.0 -1.0 -1.0 -1.0 
301.85 31.53 20260420.0 -1.0 3.6703897382 27.304799529607052 0.03363974424252767 0.04700221028414978 0.9925829427353872 32.0 -1.0 -1.0 -1.0 -1.0 
301.85 31.53 20260420.0 -1.0 3.0949330625564375 0.0 0.11238415137058827 0.006912089747669086 2.020890443722595 1.0 -1.0 -1.0 -1.0 -1.0 
301.85 31.53 20260420.0 -1.0 1.383 266.535005365969 0.809451475557974 0.017971433343939622 8.078613796997477 32.0 8.479499054904888 32.0 1.383007960005974 266.9601475366252 
301.85 31.53 20260420.0 -1.0 10.853978 444.22500894328164 0.21381245656306763 0.03456044873834543 0.5579847547475361 2.0 -1.0 -1.0 -1.0 -1.0 
301.85 31.53 20260420.0 -1.0 1.25242411862 533.070010731938 0.028657989853219518 0.02488352309160871 1.342703692783827 1.0 -1.0 -1.0 -1.0 -1.0 
301.85 31.53 20260420.0 -1.0 0.480458905198 621.9150125205944 0.0681998435419825 0.16589015394405807 0.1300904171692035 1.0 -1.0 -1.0 -1.0 -1.0 
301.85 31.53 20260420.0 -1.0 6.728855103385128 154.49913902401804 2.706096218036256 0.019353851293473442 23.855219745846018 32.0 24.069078795838376 32.0 6.728866234576951 154.5292438545969 
301.85 31.53 20260420.0 -1.0 0.3387604641 59.52321902012289 1.4703365110827455 0.03456044873834543 4.715144977532638 16.0 -1.0 -1.0 -1.0 -1.0 
301.85 31.53 20260420.0 -1.0 178.21546091744042 108.59722090818659 1.8622029174201729 0.008294507697202903 11.338172782780864 2.0 11.338173116618469 2.0 178.21536554644507 108.5853822239571 
301.85 31.53 20260420.0 -1.0 0.01719488041013931 80.67044416833792 3.9816218039251856 0.016589015394405805 3.1810200594899185 32.0 -1.0 -1.0 -1.0 -1.0 
301.85 31.53 20260420.0 -1.0 2.133003640290252 33.52457163202324 6.018357026646762 0.03732528463741307 34.63526703981764 32.0 34.99050701943791 32.0 2.13300760757799 33.69891172467634 
301.85 31.53 20260420.0 -1.0 352.90623328676 88.84500178865633 2.371578495847471 0.16589015394405807 2.596927809561506 1.0 -1.0 -1.0 -1.0 -1.0 
301.85 31.53 20260420.0 -1.0 1.1599278713806 177.69000357731267 1.1926352757749574 0.038707702586946884 4.159526485573255 8.0 -1.0 -1.0 -1.0 -1.0 
301.85 31.53 20260420.0 -1.0 233.64486 355.38000715462533 9.944884875250297 0.017971433343939622 30.079451177248714 2.0 30.07945146468799 2.0 233.6445807789763 355.4071410722622 
301.85 31.53 20260420.0 -1.0 244.777668 47.27026797836301 0.06810567762203223 0.004147253848601451 1.0220402337596781 2.0 -1.0 -1.0 -1.0 -1.0 
301.85 31.53 20260420.0 -1.0 12.863191626660159 79.42648974785469 0.19898937272332504 0.009676925646736721 3.1541985578469887 32.0 -1.0 -1.0 -1.0 -1.0 
301.85 31.53 20260420.0 -1.0 2.17577321653 54.98278538535907 0.04225349001833227 0.026265941041142528 1.4360228665758754 16.0 -1.0 -1.0 -1.0 -1.0 
301.85 31.53 20260420.0 -1.0 19.72231918824971 106.60689383541342 0.14481584463104336 0.027648358990676344 0.8890479418789164 16.0 -1.0 -1.0 -1.0 -1.0 
301.85 31.53 20260420.0 -1.0 0.07727254392411635 98.52119010227237 0.21336978189961653 0.006912089747669086 1.163573947021173 1.0 -1.0 -1.0 -1.0 -1.0 
301.85 31.53 20260420.0 -1.0 0.5863707104347844 108.34843002408995 0.028089554702739137 0.06497364362808941 1.993230319552573 2.0 -1.0 -1.0 -1.0 -1.0 
301.85 31.53 20260420.0 -1.0 3.6703897382 27.304799529607052 0.03363974424252767 0.04700221028414978 0.9925829427353872 32.0 -1.0 -1.0 -1.0 -1.0 
301.85 31.53 20260420.0 -1.0 3.0949330625564375 0.0 0.11238415137058827 0.006912089747669086 2.020890443722595 1.0 -1.0 -1.0 -1.0 -1.0 
301.85 31.53 20260420.0 -1.0 1.383 266.535005365969 0.809451475557974 0.017971433343939622 8.078613796997477 32.0 8.479499054904888 32.0 1.383007960005974 266.9601475366252 
301.85 31.53 20260420.0 -1.0 10.853978 444.22500894328164 0.21381245656306763 0.03456044873834543 0.5579847547475361 2.0 -1.0 -1.0 -1.0 -1.0 
301.85 31.53 20260420.0 -1.0 1.25242411862 533.070010731938 0.028657989853219518 0.02488352309160871 1.342703692783827 1.0 -1.0 -1.0 -1.0 -1.0 
301.85 31.53 20260420.0 -1.0 0.480458905198 621.9150125205944 0.0681998435419825 0.16589015394405807 0.1300904171692035 1.0 -1.0 -1.0 -1.0 -1.0 
301.85 31.53 20260420.0 -1.0 6.728855103385128 154.49913902401804 2.706096218036256 0.019353851293473442 23.855219745846018 32.0 24.069078795838376 32.0 6.728866234576951 154.5292438545969 
301.85 31.53 20260420.0 -1.0 0.3387604641 59.52321902012289 1.4703365110827455 0.03456044873834543 4.715144977532638 16.0 -1.0 -1.0 -1.0 -1.0 
301.85 31.53 20260420.0 -1.0 178.21546091744042 108.59722090818659 1.8622029174201729 0.008294507697202903 11.338172782780864 2.0 11.338173116618469 2.0 178.21536554644507 108.5853822239571 
301.85 31.53 20260420.0 -1.0 0.01719488041013931 80.67044416833792 3.9816218039251856 0.016589015394405805 3.1810200594899185 32.0 -1.0 -1.0 -1.0 -1.0 
301.85 31.53 20260420.0 -1.0 2.133003640290252 33.52457163202324 6.018357026646762 0.03732528463741307 34.63526703981764 32.0 34.99050701943791 32.0 2.13300760757799 33.69891172467634 
301.85 31.53 20260420.0 -1.0 352.90623328676 88.84500178865633 2.371578495847471 0.16589015394405807 2.596927809561506 1.0 -1.0 -1.0 -1.0 -1.0 
301.85 31.53 20260420.0 -1.0 1.1599278713806 177.69000357731267 1.1926352757749574 0.038707702586946884 4.159526485573255 8.0 -1.0 -1.0 -1.0 -1.0 
301.85 31.53 20260420.0 -1.0 233.64486 355.38000715462533 9.944884875250297 0.017971433343939622 30.079451177248714 2.0 30.07945146468799 2.0 233.6445807789763 355.4071410722622 
306.96 55.07 20260420.0 -1.0 1.2615520801009 112.86600648977965 0.14471583393489867 0.016589015394405805 2.7165101301292824 8.0 -1.0 -1.0 -1.0 -1.0 
306.96 55.07 20260420.0 -1.0 12.02609153542 139.63803855381005 0.05422173590099175 0.024883523091608708 1.929629189652927 4.0 -1.0 -1.0 -1.0 -1.0 
306.96 55.07 20260420.0 -1.0 0.015188420245391927 112.14825764087803 0.04709418621680498 0.031795612839277794 2.04765296871713 2.0 -1.0 -1.0 -1.0 -1.0 
306.96 55.07 20260420.0 -1.0 3.797142580957 68.86800205211038 0.09071848096673421 0.009676925646736721 2.6703523815845616 16.0 -1.0 -1.0 -1.0 -1.0 
306.96 55.07 20260420.0 -1.0 0.009504760465857926 78.48583662739209 0.051555051749154895 0.009676925646736721 1.8440065378653794 8.0 -1.0 -1.0 -1.0 -1.0 
306.96 55.07 20260420.0 -1.0 0.1955133740591237 93.7379996665515 0.08379002485202364 0.022118687192541075 2.543912788814636 1.0 -1.0 -1.0 -1.0 -1.0 
306.96 55.07 20260420.0 -1.0 1.06383 135.4033203452905 0.07569861067277131 0.017971433343939622 0.7394394202823534 16.0 -1.0 -1.0 -1.0 -1.0 
306.96 55.07 20260420.0 -1.0 0.0741417828723554 51.26264814405209 0.12708971653659945 0.12441761545804356 1.5539654269091907 2.0 -1.0 -1.0 -1.0 -1.0 
306.96 55.07 20260420.0 -1.0 0.32264020682169114 102.52529628810419 0.16987247418078028 0.06220880772902178 0.7013411317699774 16.0 -1.0 -1.0 -1.0 -1.0 
306.96 55.07 20260420.0 -1.0 5.21880961058 153.78794443215628 0.5797974856117097 0.04147253848601452 3.1340023013645704 16.0 -1.0 -1.0 -1.0 -1.0 
306.96 55.07 20260420.0 -1.0 131.356872901228 205.05059257620837 0.021980329748814836 0.017971433343939625 1.879518192791747 1.0 -1.0 -1.0 -1.0 -1.0 
306.96 55.07 20260420.0 -1.0 1.7505409271745815 256.31324072026047 0.20036883958375684 0.012441761545804354 2.9952395430533807 16.0 -1.0 -1.0 -1.0 -1.0 
306.96 55.07 20260420.0 -1.0 1.899823440035 307.57588886431256 0.03345433837248016 0.011059343596270537 1.371022366544619 16.0 -1.0 -1.0 -1.0 -1.0 
306.96 55.07 20260420.0 -1.0 1.53743384519 31.43739958189093 4.440836117519115 0.01520659744487199 91.65934012983006 32.0 91.71334957251393 32.0 1.5374401603670171 31.472557196319343 
306.96 55.07 20260420.0 -1.0 5.5989842226119295 31.47328702433601 1.449159244429101 0.06359122567855559 6.590244756071932 8.0 6.61277540094106 8.0 5.598970650074383 31.37135926321221 
306.96 55.07 20260420.0 -1.0 0.61082541181 73.24627003041026 1.2184524368437903 0.022118687192541075 12.708379700014987 32.0 12.892486523145218 32.0 0.6108166417106986 73.36850150267371 
306.96 55.07 20260420.0 -1.0 498.8893140547213 70.73414905925459 9.07811749939735 0.017971433343939622 11.22298041642213 1.0 -1.0 -1.0 -1.0 -1.0 
306.96 55.07 20260420.0 -1.0 0.56755806947 20.63527940592156 1.3056043282579313 0.011059343596270537 30.18983543142473 32.0 30.525501576769262 32.0 0.5675550103963664 20.745576286962912 
306.96 55.07 20260420.0 -1.0 0.7446527222569242 0.0 6.480091796771672 0.019353851293473442 43.70477733652039 32.0 -1.0 -1.0 -1.0 -1.0 
306.96 55.07 20260420.0 -1.0 1.333917875234 358.83853700836465 3.234081611808159 0.07188573337575849 12.168822659915456 8.0 12.434311081542804 8.0 1.3339255626002948 358.6454749316905 
306.96 55.07 20260420.0 -1.0 1.2615520801009 112.86600648977965 0.14471583393489867 0.016589015394405805 2.7165101301292824 8.0 -1.0 -1.0 -1.0 -1.0 
306.96 55.07 20260420.0 -1.0 12.02609153542 139.63803855381005 0.05422173590099175 0.024883523091608708 1.929629189652927 4.0 -1.0 -1.0 -1.0 -1.0 
306.96 55.07 20260420.0 -1.0 0.015188420245391927 112.14825764087803 0.04709418621680498 0.031795612839277794 2.04765296871713 2.0 -1.0 -1.0 -1.0 -1.0 
306.96 55.07 20260420.0 -1.0 3.797142580957 68.86800205211038 0.09071848096673421 0.009676925646736721 2.6703523815845616 16.0 -1.0 -1.0 -1.0 -1.0 
306.96 55.07 20260420.0 -1.0 0.009504760465857926 78.48583662739209 0.051555051749154895 0.009676925646736721 1.8440065378653794 8.0 -1.0 -1.0 -1.0 -1.0 
306.96 55.07 20260420.0 -1.0 0.1955133740591237 93.7379996665515 0.08379002485202364 0.022118687192541075 2.543912788814636 1.0 -1.0 -1.0 -1.0 -1.0 
306.96 55.07 20260420.0 -1.0 1.06383 135.4033203452905 0.07569861067277131 0.017971433343939622 0.7394394202823534 16.0 -1.0 -1.0 -1.0 -1.0 
306.96 55.07 20260420.0 -1.0 0.0741417828723554 51.26264814405209 0.12708971653659945 0.12441761545804356 1.5539654269091907 2.0 -1.0 -1.0 -1.0 -1.0 
306.96 55.07 20260420.0 -1.0 0.32264020682169114 102.52529628810419 0.16987247418078028 0.06220880772902178 0.7013411317699774 16.0 -1.0 -1.0 -1.0 -1.0 
306.96 55.07 20260420.0 -1.0 5.21880961058 153.78794443215628 0.5797974856117097 0.04147253848601452 3.1340023013645704 16.0 -1.0 -1.0 -1.0 -1.0 
306.96 55.07 20260420.0 -1.0 131.356872901228 205.05059257620837 0.021980329748814836 0.017971433343939625 1.879518192791747 1.0 -1.0 -1.0 -1.0 -1.0 
306.96 55.07 20260420.0 -1.0 1.7505409271745815 256.31324072026047 0.20036883958375684 0.012441761545804354 2.9952395430533807 16.0 -1.0 -1.0 -1.0 -1.0 
306.96 55.07 20260420.0 -1.0 1.899823440035 307.57588886431256 0.03345433837248016 0.011059343596270537 1.371022366544619 16.0 -1.0 -1.0 -1.0 -1.0 
306.96 55.07 20260420.0 -1.0 1.53743384519 31.43739958189093 4.440836117519115 0.01520659744487199 91.65934012983006 32.0 91.71334957251393 32.0 1.5374401603670171 31.472557196319343 
306.96 55.07 20260420.0 -1.0 5.5989842226119295 31.47328702433601 1.449159244429101 0.06359122567855559 6.590244756071932 8.0 6.61277540094106 8.0 5.598970650074383 31.37135926321221 
306.96 55.07 20260420.0 -1.0 0.61082541181 73.24627003041026 1.2184524368437903 0.022118687192541075 12.708379700014987 32.0 12.892486523145218 32.0 0.6108166417106986 73.36850150267371 
306.96 55.07 20260420.0 -1.0 498.8893140547213 70.73414905925459 9.07811749939735 0.017971433343939622 11.22298041642213 1.0 -1.0 -1.0 -1.0 -1.0 
306.96 55.07 20260420.0 -1.0 0.56755806947 20.63527940592156 1.3056043282579313 0.011059343596270537 30.18983543142473 32.0 30.525501576769262 32.0 0.5675550103963664 20.745576286962912 
306.96 55.07 20260420.0 -1.0 0.7446527222569242 0.0 6.480091796771672 0.019353851293473442 43.70477733652039 32.0 -1.0 -1.0 -1.0 -1.0 
306.96 55.07 20260420.0 -1.0 1.333917875234 358.83853700836465 3.234081611808159 0.07188573337575849 12.168822659915456 8.0 12.434311081542804 8.0 1.3339255626002948 358.6454749316905 
306.96 55.07 20260420.0 -1.0 1.2615520801009 112.86600648977965 0.14471583393489867 0.016589015394405805 2.7165101301292824 8.0 -1.0 -1.0 -1.0 -1.0 
306.96 55.07 20260420.0 -1.0 12.02609153542 139.63803855381005 0.05422173590099175 0.024883523091608708 1.929629189652927 4.0 -1.0 -1.0 -1.0 -1.0 
306.96 55.07 20260420.0 -1.0 0.015188420245391927 112.14825764087803 0.04709418621680498 0.031795612839277794 2.04765296871713 2.0 -1.0 -1.0 -1.0 -1.0 
306.96 55.07 20260420.0 -1.0 3.797142580957 68.86800205211038 0.09071848096673421 0.009676925646736721 2.6703523815845616 16.0 -1.0 -1.0 -1.0 -1.0 
306.96 55.07 20260420.0 -1.0 0.009504760465857926 78.48583662739209 0.051555051749154895 0.009676925646736721 1.8440065378653794 8.0 -1.0 -1.0 -1.0 -1.0 
306.96 55.07 20260420.0 -1.0 0.1955133740591237 93.7379996665515 0.08379002485202364 0.022118687192541075 2.543912788814636 1.0 -1.0 -1.0 -1.0 -1.0 
306.96 55.07 20260420.0 -1.0 1.06383 135.4033203452905 0.07569861067277131 0.017971433343939622 0.7394394202823534 16.0 -1.0 -1.0 -1.0 -1.0 
306.96 55.07 20260420.0 -1.0 0.0741417828723554 51.26264814405209 0.12708971653659945 0.12441761545804356 1.5539654269091907 2.0 -1.0 -1.0 -1.0 -1.0 
306.96 55.07 20260420.0 -1.0 0.32264020682169114 102.52529628810419 0.16987247418078028 0.06220880772902178 0.7013411317699774 16.0 -1.0 -1.0 -1.0 -1.0 
306.96 55.07 20260420.0 -1.0 5.21880961058 153.78794443215628 0.5797974856117097 0.04147253848601452 3.1340023013645704 16.0 -1.0 -1.0 -1.0 -1.0 
306.96 55.07 20260420.0 -1.0 131.356872901228 205.05059257620837 0.021980329748814836 0.017971433343939625 1.879518192791747 1.0 -1.0 -1.0 -1.0 -1.0 
306.96 55.07 20260420.0 -1.0 1.7505409271745815 256.31324072026047 0.20036883958375684 0.012441761545804354 2.9952395430533807 16.0 -1.0 -1.0 -1.0 -1.0 
306.96 55.07 20260420.0 -1.0 1.899823440035 307.57588886431256 0.03345433837248016 0.011059343596270537 1.371022366544619 16.0 -1.0 -1.0 -1.0 -1.0 
306.96 55.07 20260420.0 -1.0 1.53743384519 31.43739958189093 4.440836117519115 0.01520659744487199 91.65934012983006 32.0 91.71334957251393 32.0 1.5374401603670171 31.472557196319343 
306.96 55.07 20260420.0 -1.0 5.5989842226119295 31.47328702433601 1.449159244429101 0.06359122567855559 6.590244756071932 8.0 6.61277540094106 8.0 5.598970650074383 31.37135926321221 
306.96 55.07 20260420.0 -1.0 0.61082541181 73.24627003041026 1.2184524368437903 0.022118687192541075 12.708379700014987 32.0 12.892486523145218 32.0 0.6108166417106986 73.36850150267371 
306.96 55.07 20260420.0 -1.0 498.8893140547213 70.73414905925459 9.07811749939735 0.017971433343939622 11.22298041642213 1.0 -1.0 -1.0 -1.0 -1.0 
306.96 55.07 20260420.0 -1.0 0.56755806947 20.63527940592156 1.3056043282579313 0.011059343596270537 30.18983543142473 32.0 30.525501576769262 32.0 0.5675550103963664 20.745576286962912 
306.96 55.07 20260420.0 -1.0 0.7446527222569242 0.0 6.480091796771672 0.019353851293473442 43.70477733652039 32.0 -1.0 -1.0 -1.0 -1.0 
306.96 55.07 20260420.0 -1.0 1.333917875234 358.83853700836465 3.234081611808159 0.07188573337575849 12.168822659915456 8.0 12.434311081542804 8.0 1.3339255626002948 358.6454749316905 
307.1 31.52 20260420.0 -1.0 10.094892 51.583097236931785 0.0789568364074789 0.04285495643554833 1.2035356469507814 2.0 -1.0 -1.0 -1.0 -1.0 
307.1 31.52 20260420.0 -1.0 0.49621315021 13.643683891314998 0.020498929089341523 0.012441761545804354 2.681554656896266 1.0 -1.0 -1.0 -1.0 -1.0 
307.1 31.52 20260420.0 -1.0 224.2514676922058 100.85447394742813 0.08167538853540365 0.0483846282336836 1.1719857361756487 2.0 -1.0 -1.0 -1.0 -1.0 
307.1 31.52 20260420.0 -1.0 0.167294222511 119.66553313312822 0.02193482194618018 0.011059343596270537 1.1534678724288217 1.0 -1.0 -1.0 -1.0 -1.0 
307.1 31.52 20260420.0 -1.0 8.7434194934 66.58661673203233 0.5234460021323749 0.022118687192541075 3.7527970837882445 32.0 -1.0 -1.0 -1.0 -1.0 
307.1 31.52 20260420.0 -1.0 0.80981257819 51.08449084887708 0.03785801297873459 0.052531882082285056 1.268668679982769 1.0 -1.0 -1.0 -1.0 -1.0 
307.1 31.52 20260420.0 -1.0 0.516935299969 21.394746832892622 0.2970621259071586 0.035942866687879244 2.125845721890641 32.0 -1.0 -1.0 -1.0 -1.0 
307.1 31.52 20260420.0 -1.0 0.6050112405059 32.998677318529296 0.09351840469571134 0.022118687192541075 2.18452668079969 2.0 -1.0 -1.0 -1.0 -1.0 
307.1 31.52 20260420.0 -1.0 9.808365445406661 0.0 0.15084046126215594 0.03041319488974398 0.8624275714848142 32.0 -1.0 -1.0 -1.0 -1.0 
307.1 31.52 20260420.0 -1.0 1.32079643042 64.7476009631033 0.5176919443896122 0.017971433343939622 5.717748985477257 16.0 -1.0 -1.0 -1.0 -1.0 
307.1 31.52 20260420.0 -1.0 0.2849915167992907 129.4952019262066 0.6638687231648537 0.03041319488974398 0.7508295310261965 2.0 -1.0 -1.0 -1.0 -1.0 
307.1 31.52 20260420.0 -1.0 3.8234726081391104 258.9904038524132 0.014744052264218882 0.058061553880420315 1.8650506635815 1.0 -1.0 -1.0 -1.0 -1.0 
307.1 31.52 20260420.0 -1.0 3.57769 453.2332067417231 0.019369959509055037 0.031795612839277794 1.5781742891649169 1.0 -1.0 -1.0 -1.0 -1.0 
307.1 31.52 20260420.0 -1.0 8.50602014261 44.23998497648983 2.3585075113822365 0.04147253848601452 17.87291406967598 16.0 18.02144419789757 16.0 8.506018881841253 44.223496767818496 
307.1 31.52 20260420.0 -1.0 0.516935299969 121.88659795264462 7.5229407048795425 0.011059343596270537 134.96247114039113 32.0 83.93349517509785 32.0 0.17231892949591082 122.3483011265276 
307.1 31.52 20260420.0 -1.0 0.762838173423 82.58734900324228 4.616006658852638 0.02073626924300726 69.92880589208723 32.0 70.17553761644133 32.0 0.762823522867014 82.37511754920882 
307.1 31.52 20260420.0 -1.0 0.377295945018 28.7831869467941 1.8570640495981352 0.012441761545804356 33.43917396244717 32.0 33.531709210926905 32.0 0.37728871878546977 28.74021300242667 
307.1 31.52 20260420.0 -1.0 2.14149933124 194.24280288930987 6.829413965989554 0.016589015394405805 98.8237957281268 32.0 98.92724260171023 32.0 2.141496224794537 194.19883363259427 
307.1 31.52 20260420.0 -1.0 58.60871301938856 323.7380048155165 6.9483900292962435 0.019353851293473442 23.095631985387296 1.0 23.095632428908306 1.0 58.608323646088444 323.73218800972853 
307.1 31.52 20260420.0 -1.0 0.91744 388.48560577861974 3.1809017497638012 0.045619792334615966 7.0721157510432375 8.0 7.0721157510432375 8.0 0.9174982551485301 378.8850615531178 
307.1 31.52 20260420.0 -1.0 10.094892 51.583097236931785 0.0789568364074789 0.04285495643554833 1.2031011945602053 2.0 -1.0 -1.0 -1.0 -1.0 
307.1 31.52 20260420.0 -1.0 0.49621315021 13.643683891314998 0.020498929089341523 0.012441761545804354 2.681554648087191 1.0 -1.0 -1.0 -1.0 -1.0 
307.1 31.52 20260420.0 -1.0 224.2514676922058 100.85447394742813 0.08167538853540365 0.0483846282336836 1.171871971783712 2.0 -1.0 -1.0 -1.0 -1.0 
307.1 31.52 20260420.0 -1.0 0.167294222511 119.66553313312822 0.02193482194618018 0.011059343596270537 1.153467872453303 1.0 -1.0 -1.0 -1.0 -1.0 
307.1 31.52 20260420.0 -1.0 8.7434194934 66.58661673203233 0.5234460021323749 0.022118687192541075 3.754197421166245 32.0 -1.0 -1.0 -1.0 -1.0 
307.1 31.52 20260420.0 -1.0 0.80981257819 51.08449084887708 0.03785801297873459 0.052531882082285056 1.268668680858426 1.0 -1.0 -1.0 -1.0 -1.0 
307.1 31.52 20260420.0 -1.0 0.516935299969 21.394746832892622 0.2970621259071586 0.035942866687879244 2.1259645621089853 32.0 -1.0 -1.0 -1.0 -1.0 
307.1 31.52 20260420.0 -1.0 0.6050112405059 32.998677318529296 0.09351840469571134 0.022118687192541075 2.1845269960900753 2.0 -1.0 -1.0 -1.0 -1.0 
307.1 31.52 20260420.0 -1.0 9.808365445406661 0.0 0.15084046126215594 0.03041319488974398 0.8657130665741822 32.0 -1.0 -1.0 -1.0 -1.0 
307.1 31.52 20260420.0 -1.0 1.32079643042 64.7476009631033 0.5176919443896122 0.017971433343939622 5.7194588523295815 16.0 -1.0 -1.0 -1.0 -1.0 
307.1 31.52 20260420.0 -1.0 0.2849915167992907 129.4952019262066 0.6638687231648537 0.03041319488974398 0.750830183350381 2.0 -1.0 -1.0 -1.0 -1.0 
307.1 31.52 20260420.0 -1.0 3.8234726081391104 258.9904038524132 0.014744052264218882 0.058061553880420315 1.8650506651553493 1.0 -1.0 -1.0 -1.0 -1.0 
307.1 31.52 20260420.0 -1.0 3.57769 453.2332067417231 0.019369959509055037 0.031795612839277794 1.578174292984713 1.0 -1.0 -1.0 -1.0 -1.0 
307.1 31.52 20260420.0 -1.0 8.50602014261 44.23998497648983 2.3585075113822365 0.04147253848601452 17.87229659391558 16.0 18.020829715877873 16.0 8.506018881841253 44.223496767818496 
307.1 31.52 20260420.0 -1.0 0.516935299969 121.88659795264462 7.5229407048795425 0.011059343596270537 134.94794468103 32.0 83.94477658795837 32.0 0.17231892949591082 122.3483011265276 
307.1 31.52 20260420.0 -1.0 0.762838173423 82.58734900324228 4.616006658852638 0.02073626924300726 69.92077716185649 32.0 70.17432431347126 32.0 0.762823522867014 82.37511754920882 
307.1 31.52 20260420.0 -1.0 0.377295945018 28.7831869467941 1.8570640495981352 0.012441761545804356 33.43611726876868 32.0 33.528656383732844 32.0 0.37728871878546977 28.74021300242667 
307.1 31.52 20260420.0 -1.0 2.14149933124 194.24280288930987 6.829413965989554 0.016589015394405805 98.82628660604897 32.0 98.92973047324878 32.0 2.141496224794537 194.19883363259427 
307.1 31.52 20260420.0 -1.0 58.60871301938856 323.7380048155165 6.9483900292962435 0.019353851293473442 23.106054323274677 1.0 23.106054987953417 1.0 58.608323646088444 323.73218800972853 
307.1 31.52 20260420.0 -1.0 0.91744 388.48560577861974 3.1809017497638012 0.045619792334615966 7.072580825470246 8.0 7.072580825470246 8.0 0.9174982551485301 378.8850615531178 
307.1 31.52 20260420.0 -1.0 10.094892 51.583097236931785 0.0789568364074789 0.04285495643554833 1.2031011945602053 2.0 -1.0 -1.0 -1.0 -1.0 
307.1 31.52 20260420.0 -1.0 0.49621315021 13.643683891314998 0.020498929089341523 0.012441761545804354 2.681554648087191 1.0 -1.0 -1.0 -1.0 -1.0 
307.1 31.52 20260420.0 -1.0 224.2514676922058 100.85447394742813 0.08167538853540365 0.0483846282336836 1.171871971783712 2.0 -1.0 -1.0 -1.0 -1.0 
307.1 31.52 20260420.0 -1.0 0.167294222511 119.66553313312822 0.02193482194618018 0.011059343596270537 1.153467872453303 1.0 -1.0 -1.0 -1.0 -1.0 
307.1 31.52 20260420.0 -1.0 8.7434194934 66.58661673203233 0.5234460021323749 0.022118687192541075 3.754197421166245 32.0 -1.0 -1.0 -1.0 -1.0 
307.1 31.52 20260420.0 -1.0 0.80981257819 51.08449084887708 0.03785801297873459 0.052531882082285056 1.268668680858426 1.0 -1.0 -1.0 -1.0 -1.0 
307.1 31.52 20260420.0 -1.0 0.516935299969 21.394746832892622 0.2970621259071586 0.035942866687879244 2.1259645621089853 32.0 -1.0 -1.0 -1.0 -1.0 
307.1 31.52 20260420.0 -1.0 0.6050112405059 32.998677318529296 0.09351840469571134 0.022118687192541075 2.1845269960900753 2.0 -1.0 -1.0 -1.0 -1.0 
307.1 31.52 20260420.0 -1.0 9.808365445406661 0.0 0.15084046126215594 0.03041319488974398 0.8657130665741822 32.0 -1.0 -1.0 -1.0 -1.0 
307.1 31.52 20260420.0 -1.0 1.32079643042 64.7476009631033 0.5176919443896122 0.017971433343939622 5.7194588523295815 16.0 -1.0 -1.0 -1.0 -1.0 
307.1 31.52 20260420.0 -1.0 0.2849915167992907 129.4952019262066 0.6638687231648537 0.03041319488974398 0.750830183350381 2.0 -1.0 -1.0 -1.0 -1.0 
307.1 31.52 20260420.0 -1.0 3.8234726081391104 258.9904038524132 0.014744052264218882 0.058061553880420315 1.8650506651553493 1.0 -1.0 -1.0 -1.0 -1.0 
307.1 31.52 20260420.0 -1.0 3.57769 453.2332067417231 0.019369959509055037 0.031795612839277794 1.578174292984713 1.0 -1.0 -1.0 -1.0 -1.0 
307.1 31.52 20260420.0 -1.0 8.50602014261 44.23998497648983 2.3585075113822365 0.04147253848601452 17.87229659391558 16.0 18.020829715877873 16.0 8.506018881841253 44.223496767818496 
307.1 31.52 20260420.0 -1.0 0.516935299969 121.88659795264462 7.5229407048795425 0.011059343596270537 134.94794468103 32.0 83.94477658795837 32.0 0.17231892949591082 122.3483011265276 
307.1 31.52 20260420.0 -1.0 0.762838173423 82.58734900324228 4.616006658852638 0.02073626924300726 69.92077716185649 32.0 70.17432431347126 32.0 0.762823522867014 82.37511754920882 
307.1 31.52 20260420.0 -1.0 0.377295945018 28.7831869467941 1.8570640495981352 0.012441761545804356 33.43611726876868 32.0 33.528656383732844 32.0 0.37728871878546977 28.74021300242667 
307.1 31.52 20260420.0 -1.0 2.14149933124 194.24280288930987 6.829413965989554 0.016589015394405805 98.82628660604897 32.0 98.92973047324878 32.0 2.141496224794537 194.19883363259427 
307.1 31.52 20260420.0 -1.0 58.60871301938856 323.7380048155165 6.9483900292962435 0.019353851293473442 23.106054323274677 1.0 23.106054987953417 1.0 58.608323646088444 323.73218800972853 
307.1 31.52 20260420.0 -1.0 0.91744 388.48560577861974 3.1809017497638012 0.045619792334615966 7.072580825470246 8.0 7.072580825470246 8.0 0.9174982551485301 378.8850615531178 
307.48 31.52 20260420.0 -1.0 0.403403 86.17224338193579 0.03937853236248103 0.02073626924300726 0.36564603707060844 4.0 -1.0 -1.0 -1.0 -1.0 
307.48 31.52 20260420.0 -1.0 2.936603821673 62.61055471529282 0.01805201362198333 0.05391430003181888 1.7728257706750135 1.0 -1.0 -1.0 -1.0 -1.0 
307.48 31.52 20260420.0 -1.0 0.010371972211429208 85.81925928206098 0.08824590664848048 0.008294507697202903 0.44283204873241 4.0 -1.0 -1.0 -1.0 -1.0 
307.48 31.52 20260420.0 -1.0 7.479017300127568 138.72275125079676 0.3562502481404163 0.008294507697202903 6.826175857391234 16.0 6.826175857391234 16.0 7.479017464599262 138.74236628988365 
307.48 31.52 20260420.0 -1.0 149.6597591661055 17.825697043677447 0.038677531266236895 0.016589015394405805 3.526332646950433 2.0 -1.0 -1.0 -1.0 -1.0 
307.48 31.52 20260420.0 -1.0 0.0032428314011490864 0.0 0.2652420429232072 0.02350110514207489 0.1931655900472422 16.0 -1.0 -1.0 -1.0 -1.0 
307.48 31.52 20260420.0 -1.0 0.15681158742456863 63.02657169014526 0.015831422964399676 0.016589015394405805 1.088710177813153 4.0 -1.0 -1.0 -1.0 -1.0 
307.48 31.52 20260420.0 -1.0 0.731764 189.07971507043578 0.08607826194980724 0.027648358990676344 0.8917407102752106 1.0 -1.0 -1.0 -1.0 -1.0 
307.48 31.52 20260420.0 -1.0 2.0654800681757703 252.10628676058104 0.29522084210045635 0.011059343596270537 2.9788087624557176 16.0 -1.0 -1.0 -1.0 -1.0 
307.48 31.52 20260420.0 -1.0 7.410592646910501 378.15943014087156 0.20755428942890553 0.04009012053648069 1.065517456192566 8.0 -1.0 -1.0 -1.0 -1.0 
307.48 31.52 20260420.0 -1.0 426.72398967803736 441.1860018310168 0.28362550001387155 0.01382417949533817 1.3566608242482026 1.0 -1.0 -1.0 -1.0 -1.0 
307.48 31.52 20260420.0 -1.0 0.017433579021509986 96.76176637817981 4.388986413237255 0.011059343596270537 4.043860822556275 32.0 -1.0 -1.0 -1.0 -1.0 
307.48 31.52 20260420.0 -1.0 6.153370289293 139.47284246303073 1.0430420810335899 0.06635606157762322 3.5557238105451194 4.0 -1.0 -1.0 -1.0 -1.0 
307.48 31.52 20260420.0 -1.0 0.2104307696878421 5.6918686104811655 2.5394547231851057 0.10091651031596865 0.8095857674335836 2.0 -1.0 -1.0 -1.0 -1.0 
307.48 31.52 20260420.0 -1.0 3.796839809414 63.31652291504242 9.521335527979698 0.056679135930886505 34.515823803473715 16.0 34.52055035326855 16.0 3.7968372150013847 63.248708191960105 
307.48 31.52 20260420.0 -1.0 0.143445 66.27276475149388 5.842203191873791 0.05391430003181887 5.182269961079079 16.0 -1.0 -1.0 -1.0 -1.0 
307.48 31.52 20260420.0 -1.0 1.639420393185 70.6850659999289 1.6478652374239953 0.012441761545804354 35.26574896440541 32.0 35.361425297357115 32.0 1.6394248329258214 70.73735524188817 
307.48 31.52 20260420.0 -1.0 0.0013114510973573175 41.07852462292996 1.337558024704075 0.016589015394405805 4.311013182955323 1.0 -1.0 -1.0 -1.0 -1.0 
307.48 31.52 20260420.0 -1.0 112.74006440127 126.05314338029052 1.8946445842009891 0.013824179495338172 7.391719439775366 2.0 7.391719440886892 2.0 112.7399931040903 126.09262465149165 
307.48 31.52 20260420.0 -1.0 0.40042483786757027 315.1328584507263 4.778239639328049 0.05529671798135269 12.14470910887779 16.0 12.490856841519276 16.0 0.4004202007005612 315.0291657625149 
307.48 31.52 20260420.0 -1.0 0.403403 86.17224338193579 0.03937853236248103 0.02073626924300726 0.36564603707060844 4.0 -1.0 -1.0 -1.0 -1.0 
307.48 31.52 20260420.0 -1.0 2.936603821673 62.61055471529282 0.01805201362198333 0.05391430003181888 1.7728257706750135 1.0 -1.0 -1.0 -1.0 -1.0 
307.48 31.52 20260420.0 -1.0 0.010371972211429208 85.81925928206098 0.08824590664848048 0.008294507697202903 0.44283204873241 4.0 -1.0 -1.0 -1.0 -1.0 
307.48 31.52 20260420.0 -1.0 7.479017300127568 138.72275125079676 0.3562502481404163 0.008294507697202903 6.826175857391234 16.0 6.826175857391234 16.0 7.479017464599262 138.74236628988365 
307.48 31.52 20260420.0 -1.0 149.6597591661055 17.825697043677447 0.038677531266236895 0.016589015394405805 3.526332646950433 2.0 -1.0 -1.0 -1.0 -1.0 
307.48 31.52 20260420.0 -1.0 0.0032428314011490864 0.0 0.2652420429232072 0.02350110514207489 0.1931655900472422 16.0 -1.0 -1.0 -1.0 -1.0 
307.48 31.52 20260420.0 -1.0 0.15681158742456863 63.02657169014526 0.015831422964399676 0.016589015394405805 1.088710177813153 4.0 -1.0 -1.0 -1.0 -1.0 
307.48 31.52 20260420.0 -1.0 0.731764 189.07971507043578 0.08607826194980724 0.027648358990676344 0.8917407102752106 1.0 -1.0 -1.0 -1.0 -1.0 
307.48 31.52 20260420.0 -1.0 2.0654800681757703 252.10628676058104 0.29522084210045635 0.011059343596270537 2.9788087624557176 16.0 -1.0 -1.0 -1.0 -1.0 
307.48 31.52 20260420.0 -1.0 7.410592646910501 378.15943014087156 0.20755428942890553 0.04009012053648069 1.065517456192566 8.0 -1.0 -1.0 -1.0 -1.0 
307.48 31.52 20260420.0 -1.0 426.72398967803736 441.1860018310168 0.28362550001387155 0.01382417949533817 1.3566608242482026 1.0 -1.0 -1.0 -1.0 -1.0 
307.48 31.52 20260420.0 -1.0 0.017433579021509986 96.76176637817981 4.388986413237255 0.011059343596270537 4.043860822556275 32.0 -1.0 -1.0 -1.0 -1.0 
307.48 31.52 20260420.0 -1.0 6.153370289293 139.47284246303073 1.0430420810335899 0.06635606157762322 3.5557238105451194 4.0 -1.0 -1.0 -1.0 -1.0 
307.48 31.52 20260420.0 -1.0 0.2104307696878421 5.6918686104811655 2.5394547231851057 0.10091651031596865 0.8095857674335836 2.0 -1.0 -1.0 -1.0 -1.0 
307.48 31.52 20260420.0 -1.0 3.796839809414 63.31652291504242 9.521335527979698 0.056679135930886505 34.515823803473715 16.0 34.52055035326855 16.0 3.7968372150013847 63.248708191960105 
307.48 31.52 20260420.0 -1.0 0.143445 66.27276475149388 5.842203191873791 0.05391430003181887 5.182269961079079 16.0 -1.0 -1.0 -1.0 -1.0 
307.48 31.52 20260420.0 -1.0 1.639420393185 70.6850659999289 1.6478652374239953 0.012441761545804354 35.26574896440541 32.0 35.361425297357115 32.0 1.6394248329258214 70.73735524188817 
307.48 31.52 20260420.0 -1.0 0.0013114510973573175 41.07852462292996 1.337558024704075 0.016589015394405805 4.311013182955323 1.0 -1.0 -1.0 -1.0 -1.0 
307.48 31.52 20260420.0 -1.0 112.74006440127 126.05314338029052 1.8946445842009891 0.013824179495338172 7.391719439775366 2.0 7.391719440886892 2.0 112.7399931040903 126.09262465149165 
307.48 31.52 20260420.0 -1.0 0.40042483786757027 315.1328584507263 4.778239639328049 0.05529671798135269 12.14470910887779 16.0 12.490856841519276 16.0 0.4004202007005612 315.0291657625149 
307.48 31.52 20260420.0 -1.0 0.403403 86.17224338193579 0.03937853236248103 0.02073626924300726 0.36564603707060844 4.0 -1.0 -1.0 -1.0 -1.0 
307.48 31.52 20260420.0 -1.0 2.936603821673 62.61055471529282 0.01805201362198333 0.05391430003181888 1.7728257706750135 1.0 -1.0 -1.0 -1.0 -1.0 
307.48 31.52 20260420.0 -1.0 0.010371972211429208 85.81925928206098 0.08824590664848048 0.008294507697202903 0.44283204873241 4.0 -1.0 -1.0 -1.0 -1.0 
307.48 31.52 20260420.0 -1.0 7.479017300127568 138.72275125079676 0.3562502481404163 0.008294507697202903 6.826175857391234 16.0 6.826175857391234 16.0 7.479017464599262 138.74236628988365 
307.48 31.52 20260420.0 -1.0 149.6597591661055 17.825697043677447 0.038677531266236895 0.016589015394405805 3.526332646950433 2.0 -1.0 -1.0 -1.0 -1.0 
307.48 31.52 20260420.0 -1.0 0.0032428314011490864 0.0 0.2652420429232072 0.02350110514207489 0.1931655900472422 16.0 -1.0 -1.0 -1.0 -1.0 
307.48 31.52 20260420.0 -1.0 0.15681158742456863 63.02657169014526 0.015831422964399676 0.016589015394405805 1.088710177813153 4.0 -1.0 -1.0 -1.0 -1.0 
307.48 31.52 20260420.0 -1.0 0.731764 189.07971507043578 0.08607826194980724 0.027648358990676344 0.8917407102752106 1.0 -1.0 -1.0 -1.0 -1.0 
307.48 31.52 20260420.0 -1.0 2.0654800681757703 252.10628676058104 0.29522084210045635 0.011059343596270537 2.9788087624557176 16.0 -1.0 -1.0 -1.0 -1.0 
307.48 31.52 20260420.0 -1.0 7.410592646910501 378.15943014087156 0.20755428942890553 0.04009012053648069 1.065517456192566 8.0 -1.0 -1.0 -1.0 -1.0 
307.48 31.52 20260420.0 -1.0 426.72398967803736 441.1860018310168 0.28362550001387155 0.01382417949533817 1.3566608242482026 1.0 -1.0 -1.0 -1.0 -1.0 
307.48 31.52 20260420.0 -1.0 0.017433579021509986 96.76176637817981 4.388986413237255 0.011059343596270537 4.043860822556275 32.0 -1.0 -1.0 -1.0 -1.0 
307.48 31.52 20260420.0 -1.0 6.153370289293 139.47284246303073 1.0430420810335899 0.06635606157762322 3.5557238105451194 4.0 -1.0 -1.0 -1.0 -1.0 
307.48 31.52 20260420.0 -1.0 0.2104307696878421 5.6918686104811655 2.5394547231851057 0.10091651031596865 0.8095857674335836 2.0 -1.0 -1.0 -1.0 -1.0 
307.48 31.52 20260420.0 -1.0 3.796839809414 63.31652291504242 9.521335527979698 0.056679135930886505 34.515823803473715 16.0 34.52055035326855 16.0 3.7968372150013847 63.248708191960105 
307.48 31.52 20260420.0 -1.0 0.143445 66.27276475149388 5.842203191873791 0.05391430003181887 5.182269961079079 16.0 -1.0 -1.0 -1.0 -1.0 
307.48 31.52 20260420.0 -1.0 1.639420393185 70.6850659999289 1.6478652374239953 0.012441761545804354 35.26574896440541 32.0 35.361425297357115 32.0 1.6394248329258214 70.73735524188817 
307.48 31.52 20260420.0 -1.0 0.0013114510973573175 41.07852462292996 1.337558024704075 0.016589015394405805 4.311013182955323 1.0 -1.0 -1.0 -1.0 -1.0 
307.48 31.52 20260420.0 -1.0 112.74006440127 126.05314338029052 1.8946445842009891 0.013824179495338172 7.391719439775366 2.0 7.391719440886892 2.0 112.7399931040903 126.09262465149165 
307.48 31.52 20260420.0 -1.0 0.40042483786757027 315.1328584507263 4.778239639328049 0.05529671798135269 12.14470910887779 16.0 12.490856841519276 16.0 0.4004202007005612 315.0291657625149 
307.52 55.07 20260420.0 -1.0 0.003705122070584162 79.51998973855372 0.4499510986058557 0.14377146675151697 1.089533963174664 1.0 -1.0 -1.0 -1.0 -1.0 
307.52 55.07 20260420.0 -1.0 6.109834011889509 60.15635587364616 0.9488503448527934 0.05944397182995413 2.5723496408222517 8.0 -1.0 -1.0 -1.0 -1.0 
307.52 55.07 20260420.0 -1.0 0.7480826455225078 23.49454242275451 0.30517464977915515 0.04147253848601452 0.1529427265480588 1.0 -1.0 -1.0 -1.0 -1.0 
307.52 55.07 20260420.0 -1.0 0.6982526699955363 91.87583229997094 0.10294405236253784 0.024883523091608708 3.501347232648345 1.0 -1.0 -1.0 -1.0 -1.0 
307.52 55.07 20260420.0 -1.0 445.93689247847 21.502854368078303 0.259263496730576 0.019353851293473442 1.7240653103696668 1.0 -1.0 -1.0 -1.0 -1.0 
307.52 55.07 20260420.0 -1.0 12.5901403227 10.179738946122834 0.07157897557357115 0.02073626924300726 2.401579975166749 2.0 -1.0 -1.0 -1.0 -1.0 
307.52 55.07 20260420.0 -1.0 0.59590979571 105.36978232120312 0.01755999760938223 0.023501105142074888 1.0355202461028052 16.0 -1.0 -1.0 -1.0 -1.0 
307.52 55.07 20260420.0 -1.0 1.1629103036586828 158.05467348180468 0.015776832036995186 0.06359122567855559 1.2298183949075214 8.0 -1.0 -1.0 -1.0 -1.0 
307.52 55.07 20260420.0 -1.0 0.036034847551182844 210.73956464240624 0.04748622618155895 0.013824179495338172 0.3415383333605988 1.0 -1.0 -1.0 -1.0 -1.0 
307.52 55.07 20260420.0 -1.0 0.020475734791956413 263.4244558030078 0.09965517359035103 0.052531882082285056 1.9181452303935247 4.0 -1.0 -1.0 -1.0 -1.0 
307.52 55.07 20260420.0 -1.0 0.57198175779 316.10934696360937 0.6829413965989554 0.07879782312342758 0.3763780231432162 8.0 -1.0 -1.0 -1.0 -1.0 
307.52 55.07 20260420.0 -1.0 0.622468884399544 368.7942381242109 0.6547591981353267 0.031795612839277794 2.1085082936539377 4.0 -1.0 -1.0 -1.0 -1.0 
307.52 55.07 20260420.0 -1.0 1.56996372132 55.17713573695565 2.4583236763656173 0.022118687192541075 32.5832633473744 32.0 32.86631918516436 32.0 1.569969754200429 55.1528735433892 
307.52 55.07 20260420.0 -1.0 0.0015545211623595855 61.336615461602435 1.629750834620645 0.019353851293473442 1.281208266592169 1.0 -1.0 -1.0 -1.0 -1.0 
307.52 55.07 20260420.0 -1.0 89.4490289462876 114.04258268627464 1.129289475004414 0.026265941041142528 3.8998693201319568 1.0 -1.0 -1.0 -1.0 -1.0 
307.52 55.07 20260420.0 -1.0 1.75919355395 54.771421503595676 2.3536244866247897 0.04700221028414978 12.320199431762331 16.0 12.517933456516232 16.0 1.759205285149316 54.444488011639244 
307.52 55.07 20260420.0 -1.0 1.0090512530345 65.68882269219118 1.9157032358907682 0.01520659744487199 38.056751885261235 32.0 38.14526999062219 32.0 1.0090540551270049 65.4750627203171 
307.52 55.07 20260420.0 -1.0 4.84 183.3459503665819 2.1234043527079 0.01520659744487199 35.72497954171847 32.0 35.81477772509141 32.0 4.839997321444875 183.3706547901307 
307.52 55.07 20260420.0 -1.0 2.3063232018406516 0.0 3.788417601929283 0.05114946413275124 10.886543780346528 16.0 -1.0 -1.0 -1.0 -1.0 
307.52 55.07 20260420.0 -1.0 1.30904645391 52.68489116060156 4.42552294177668 0.024883523091608708 61.00077232591171 32.0 61.1694821503219 32.0 1.3090357242617756 52.82532108192507 
307.52 55.07 20260420.0 -1.0 0.003705122070584162 79.51998973855372 0.4499510986058557 0.14377146675151697 1.0895339852004982 1.0 -1.0 -1.0 -1.0 -1.0 
307.52 55.07 20260420.0 -1.0 6.109834011889509 60.15635587364616 0.9488503448527934 0.05944397182995413 2.570152421102593 8.0 -1.0 -1.0 -1.0 -1.0 
307.52 55.07 20260420.0 -1.0 0.7480826455225078 23.49454242275451 0.30517464977915515 0.04147253848601452 0.1529428184138808 1.0 -1.0 -1.0 -1.0 -1.0 
307.52 55.07 20260420.0 -1.0 0.6982526699955363 91.87583229997094 0.10294405236253784 0.024883523091608708 3.5013472925356695 1.0 -1.0 -1.0 -1.0 -1.0 
307.52 55.07 20260420.0 -1.0 445.93689247847 21.502854368078303 0.259263496730576 0.019353851293473442 1.724314346035353 1.0 -1.0 -1.0 -1.0 -1.0 
307.52 55.07 20260420.0 -1.0 12.5901403227 10.179738946122834 0.07157897557357115 0.02073626924300726 2.3990627051804103 2.0 -1.0 -1.0 -1.0 -1.0 
307.52 55.07 20260420.0 -1.0 0.59590979571 105.36978232120312 0.01755999760938223 0.023501105142074888 1.0381200302145164 16.0 -1.0 -1.0 -1.0 -1.0 
307.52 55.07 20260420.0 -1.0 1.1629103036586828 158.05467348180468 0.015776832036995186 0.06359122567855559 1.2322618149403646 8.0 -1.0 -1.0 -1.0 -1.0 
307.52 55.07 20260420.0 -1.0 0.036034847551182844 210.73956464240624 0.04748622618155895 0.013824179495338172 0.3415383337088401 1.0 -1.0 -1.0 -1.0 -1.0 
307.52 55.07 20260420.0 -1.0 0.020475734791956413 263.4244558030078 0.09965517359035103 0.052531882082285056 1.9181452269461028 4.0 -1.0 -1.0 -1.0 -1.0 
307.52 55.07 20260420.0 -1.0 0.57198175779 316.10934696360937 0.6829413965989554 0.07879782312342758 0.3760936899090924 8.0 -1.0 -1.0 -1.0 -1.0 
307.52 55.07 20260420.0 -1.0 0.622468884399544 368.7942381242109 0.6547591981353267 0.031795612839277794 2.107708612002051 4.0 -1.0 -1.0 -1.0 -1.0 
307.52 55.07 20260420.0 -1.0 1.56996372132 55.17713573695565 2.4583236763656173 0.022118687192541075 32.56220921194185 32.0 32.845345826624516 32.0 1.569969754200429 55.1528735433892 
307.52 55.07 20260420.0 -1.0 0.0015545211623595855 61.336615461602435 1.629750834620645 0.019353851293473442 1.2811803656899543 1.0 -1.0 -1.0 -1.0 -1.0 
307.52 55.07 20260420.0 -1.0 89.4490289462876 114.04258268627464 1.129289475004414 0.026265941041142528 3.9019574533171415 1.0 -1.0 -1.0 -1.0 -1.0 
307.52 55.07 20260420.0 -1.0 1.75919355395 54.771421503595676 2.3536244866247897 0.04700221028414978 12.30045369503103 16.0 12.507558909135058 16.0 1.759205285149316 54.444488011639244 
307.52 55.07 20260420.0 -1.0 1.0090512530345 65.68882269219118 1.9157032358907682 0.01520659744487199 38.02365814703754 32.0 38.144359533013386 32.0 1.0090540551270049 65.4750627203171 
307.52 55.07 20260420.0 -1.0 4.84 183.3459503665819 2.1234043527079 0.01520659744487199 35.73173521006066 32.0 35.82152670546608 32.0 4.839997321444875 183.3706547901307 
307.52 55.07 20260420.0 -1.0 2.3063232018406516 0.0 3.788417601929283 0.05114946413275124 10.883318050097175 16.0 -1.0 -1.0 -1.0 -1.0 
307.52 55.07 20260420.0 -1.0 1.30904645391 52.68489116060156 4.42552294177668 0.024883523091608708 61.04139207871212 32.0 61.172059754574846 32.0 1.3090357242617756 52.82532108192507 
307.52 55.07 20260420.0 -1.0 0.003705122070584162 79.51998973855372 0.4499510986058557 0.14377146675151697 1.0895339852004982 1.0 -1.0 -1.0 -1.0 -1.0 
307.52 55.07 20260420.0 -1.0 6.109834011889509 60.15635587364616 0.9488503448527934 0.05944397182995413 2.570152421102593 8.0 -1.0 -1.0 -1.0 -1.0 
307.52 55.07 20260420.0 -1.0 0.7480826455225078 23.49454242275451 0.30517464977915515 0.04147253848601452 0.1529428184138808 1.0 -1.0 -1.0 -1.0 -1.0 
307.52 55.07 20260420.0 -1.0 0.6982526699955363 91.87583229997094 0.10294405236253784 0.024883523091608708 3.5013472925356695 1.0 -1.0 -1.0 -1.0 -1.0 
307.52 55.07 20260420.0 -1.0 445.93689247847 21.502854368078303 0.259263496730576 0.019353851293473442 1.724314346035353 1.0 -1.0 -1.0 -1.0 -1.0 
307.52 55.07 20260420.0 -1.0 12.5901403227 10.179738946122834 0.07157897557357115 0.02073626924300726 2.3990627051804103 2.0 -1.0 -1.0 -1.0 -1.0 
307.52 55.07 20260420.0 -1.0 0.59590979571 105.36978232120312 0.01755999760938223 0.023501105142074888 1.0381200302145164 16.0 -1.0 -1.0 -1.0 -1.0 
307.52 55.07 20260420.0 -1.0 1.1629103036586828 158.05467348180468 0.015776832036995186 0.06359122567855559 1.2322618149403646 8.0 -1.0 -1.0 -1.0 -1.0 
307.52 55.07 20260420.0 -1.0 0.036034847551182844 210.73956464240624 0.04748622618155895 0.013824179495338172 0.3415383337088401 1.0 -1.0 -1.0 -1.0 -1.0 
307.52 55.07 20260420.0 -1.0 0.020475734791956413 263.4244558030078 0.09965517359035103 0.052531882082285056 1.9181452269461028 4.0 -1.0 -1.0 -1.0 -1.0 
307.52 55.07 20260420.0 -1.0 0.57198175779 316.10934696360937 0.6829413965989554 0.07879782312342758 0.3760936899090924 8.0 -1.0 -1.0 -1.0 -1.0 
307.52 55.07 20260420.0 -1.0 0.622468884399544 368.7942381242109 0.6547591981353267 0.031795612839277794 2.107708612002051 4.0 -1.0 -1.0 -1.0 -1.0 
307.52 55.07 20260420.0 -1.0 1.56996372132 55.17713573695565 2.4583236763656173 0.022118687192541075 32.56220921194185 32.0 32.845345826624516 32.0 1.569969754200429 55.1528735433892 
307.52 55.07 20260420.0 -1.0 0.0015545211623595855 61.336615461602435 1.629750834620645 0.019353851293473442 1.2811803656899543 1.0 -1.0 -1.0 -1.0 -1.0 
307.52 55.07 20260420.0 -1.0 89.4490289462876 114.04258268627464 1.129289475004414 0.026265941041142528 3.9019574533171415 1.0 -1.0 -1.0 -1.0 -1.0 
307.52 55.07 20260420.0 -1.0 1.75919355395 54.771421503595676 2.3536244866247897 0.04700221028414978 12.30045369503103 16.0 12.507558909135058 16.0 1.759205285149316 54.444488011639244 
307.52 55.07 20260420.0 -1.0 1.0090512530345 65.68882269219118 1.9157032358907682 0.01520659744487199 38.02365814703754 32.0 38.144359533013386 32.0 1.0090540551270049 65.4750627203171 
307.52 55.07 20260420.0 -1.0 4.84 183.3459503665819 2.1234043527079 0.01520659744487199 35.73173521006066 32.0 35.82152670546608 32.0 4.839997321444875 183.3706547901307 
307.52 55.07 20260420.0 -1.0 2.3063232018406516 0.0 3.788417601929283 0.05114946413275124 10.883318050097175 16.0 -1.0 -1.0 -1.0 -1.0 
307.52 55.07 20260420.0 -1.0 1.30904645391 52.68489116060156 4.42552294177668 0.024883523091608708 61.04139207871212 32.0 61.172059754574846 32.0 1.3090357242617756 52.82532108192507 
307.85 31.52 20260420.0 -1.0 3.4436537099 93.68382788430138 0.056868986379292524 0.04285495643554833 1.0236207884694126 16.0 -1.0 -1.0 -1.0 -1.0 
307.85 31.52 20260420.0 -1.0 2.861773352516 83.06919233961219 0.2429621118496883 0.04423737438508215 0.7422110604400214 2.0 -1.0 -1.0 -1.0 -1.0 
307.85 31.52 20260420.0 -1.0 1.26157618868 129.86813204878842 0.02863819847249989 0.03041319488974398 1.7883643439025305 16.0 -1.0 -1.0 -1.0 -1.0 
307.85 31.52 20260420.0 -1.0 0.3298074763345 60.550694261000295 0.12345513278322082 0.04423737438508215 0.9712186904946533 16.0 -1.0 -1.0 -1.0 -1.0 
307.85 31.52 20260420.0 -1.0 0.16045643647092714 107.77937629992104 0.04050986128619251 0.13132970520571263 1.1240697192457496 4.0 -1.0 -1.0 -1.0 -1.0 
307.85 31.52 20260420.0 -1.0 1.277433 70.21989668025158 0.5074234538283829 0.017971433343939622 3.6947885805354597 32.0 -1.0 -1.0 -1.0 -1.0 
307.85 31.52 20260420.0 -1.0 11.362193598480422 0.0 0.43108554087915063 0.04700221028414978 1.288532049533444 8.0 -1.0 -1.0 -1.0 -1.0 
307.85 31.52 20260420.0 -1.0 0.4777510029497 122.77124443186494 0.019276514212614074 0.022118687192541075 1.576771925640891 1.0 -1.0 -1.0 -1.0 -1.0 
307.85 31.52 20260420.0 -1.0 0.425216180759 184.15686664779741 0.09468858568438857 0.017971433343939622 1.5082305086365921 32.0 -1.0 -1.0 -1.0 -1.0 
307.85 31.52 20260420.0 -1.0 369.00369 245.5424888637299 0.4651218659150892 0.012441761545804354 2.129949240889389 1.0 -1.0 -1.0 -1.0 -1.0 
307.85 31.52 20260420.0 -1.0 0.02636382397893268 368.31373329559483 0.13951293055905148 0.031795612839277794 1.10184502039501 1.0 -1.0 -1.0 -1.0 -1.0 
307.85 31.52 20260420.0 -1.0 0.0013731250308870993 35.84051030069145 1.0308638735915776 0.038707702586946884 7.408058119290535 1.0 -1.0 -1.0 -1.0 -1.0 
307.85 31.52 20260420.0 -1.0 0.020475734791956413 50.1079556482089 1.8468288179219563 0.06082638977948797 1.461593982872203 2.0 -1.0 -1.0 -1.0 -1.0 
307.85 31.52 20260420.0 -1.0 0.0425178630338289 22.776343476458592 1.4592053445088158 0.017971433343939622 1.6451703671482396 1.0 -1.0 -1.0 -1.0 -1.0 
307.85 31.52 20260420.0 -1.0 3.1961109625802266 112.9792584898295 1.3146552533350817 0.04700221028414978 6.365459610589194 16.0 6.502394130480933 32.0 3.1961159644803656 112.83569541445681 
307.85 31.52 20260420.0 -1.0 2.505212314406221 155.17995527073958 1.8002197938065532 0.049767046183217416 8.137363621321011 8.0 8.27511223595312 8.0 2.50523347252359 155.54122318566826 
307.85 31.52 20260420.0 -1.0 26.957044087089127 84.22949662992234 7.944928789996559 0.022118687192541075 67.87895848576382 16.0 67.87895552205258 16.0 26.957059162668887 84.19668034513728 
307.85 31.52 20260420.0 -1.0 3.464969947246 61.38562221593247 2.2286137387064633 0.016589015394405805 46.23647499971573 32.0 46.315743406014505 32.0 3.464962598324443 61.42714539603165 
307.85 31.52 20260420.0 -1.0 2.04954323268 306.92811107966236 5.209207739914888 0.013824179495338172 96.14559342592143 32.0 96.41839865677 32.0 2.049546310445294 306.8321331808368 
307.85 31.52 20260420.0 -1.0 0.02318067352424208 429.6993555115273 4.709418621680498 0.02073626924300726 5.592997848697152 32.0 -1.0 -1.0 -1.0 -1.0 
307.85 31.52 20260420.0 -1.0 3.4436537099 93.68382788430138 0.056868986379292524 0.04285495643554833 1.0236086443109316 16.0 -1.0 -1.0 -1.0 -1.0 
307.85 31.52 20260420.0 -1.0 2.861773352516 83.06919233961219 0.2429621118496883 0.04423737438508215 0.7403220521925514 2.0 -1.0 -1.0 -1.0 -1.0 
307.85 31.52 20260420.0 -1.0 1.26157618868 129.86813204878842 0.02863819847249989 0.03041319488974398 1.7899295464177913 16.0 -1.0 -1.0 -1.0 -1.0 
307.85 31.52 20260420.0 -1.0 0.3298074763345 60.550694261000295 0.12345513278322082 0.04423737438508215 0.9712169148477375 16.0 -1.0 -1.0 -1.0 -1.0 
307.85 31.52 20260420.0 -1.0 0.16045643647092714 107.77937629992104 0.04050986128619251 0.13132970520571263 1.1240697189206388 4.0 -1.0 -1.0 -1.0 -1.0 
307.85 31.52 20260420.0 -1.0 1.277433 70.21989668025158 0.5074234538283829 0.017971433343939622 3.7002437811752387 32.0 -1.0 -1.0 -1.0 -1.0 
307.85 31.52 20260420.0 -1.0 11.362193598480422 0.0 0.43108554087915063 0.04700221028414978 1.274752613155224 8.0 -1.0 -1.0 -1.0 -1.0 
307.85 31.52 20260420.0 -1.0 0.4777510029497 122.77124443186494 0.019276514212614074 0.022118687192541075 1.5767719321843057 1.0 -1.0 -1.0 -1.0 -1.0 
307.85 31.52 20260420.0 -1.0 0.425216180759 184.15686664779741 0.09468858568438857 0.017971433343939622 1.5077406966777642 32.0 -1.0 -1.0 -1.0 -1.0 
307.85 31.52 20260420.0 -1.0 369.00369 245.5424888637299 0.4651218659150892 0.012441761545804354 2.1304453958238896 1.0 -1.0 -1.0 -1.0 -1.0 
307.85 31.52 20260420.0 -1.0 0.02636382397893268 368.31373329559483 0.13951293055905148 0.031795612839277794 1.10184502048407 1.0 -1.0 -1.0 -1.0 -1.0 
307.85 31.52 20260420.0 -1.0 0.0013731250308870993 35.84051030069145 1.0308638735915776 0.038707702586946884 7.408057408115198 1.0 -1.0 -1.0 -1.0 -1.0 
307.85 31.52 20260420.0 -1.0 0.020475734791956413 50.1079556482089 1.8468288179219563 0.06082638977948797 1.4615938180176873 2.0 -1.0 -1.0 -1.0 -1.0 
307.85 31.52 20260420.0 -1.0 0.0425178630338289 22.776343476458592 1.4592053445088158 0.017971433343939622 1.645170252472233 1.0 -1.0 -1.0 -1.0 -1.0 
307.85 31.52 20260420.0 -1.0 3.1961109625802266 112.9792584898295 1.3146552533350817 0.04700221028414978 6.36646132826411 16.0 6.497209176785641 32.0 3.1961159644803656 112.83569541445681 
307.85 31.52 20260420.0 -1.0 2.505212314406221 155.17995527073958 1.8002197938065532 0.049767046183217416 8.125422124186336 8.0 8.269309784980777 8.0 2.50523347252359 155.54122318566826 
307.85 31.52 20260420.0 -1.0 26.957044087089127 84.22949662992234 7.944928789996559 0.022118687192541075 67.87202602850917 16.0 67.8720227642218 16.0 26.957059162668887 84.19668034513728 
307.85 31.52 20260420.0 -1.0 3.464969947246 61.38562221593247 2.2286137387064633 0.016589015394405805 46.274525501035306 32.0 46.35376094830094 32.0 3.464962598324443 61.42714539603165 
307.85 31.52 20260420.0 -1.0 2.04954323268 306.92811107966236 5.209207739914888 0.013824179495338172 96.04421015331197 32.0 96.37981421888456 32.0 2.049546310445294 307.0345290470511 
307.85 31.52 20260420.0 -1.0 0.02318067352424208 429.6993555115273 4.709418621680498 0.02073626924300726 5.593707798640188 32.0 -1.0 -1.0 -1.0 -1.0 
307.85 31.52 20260420.0 -1.0 3.4436537099 93.68382788430138 0.056868986379292524 0.04285495643554833 1.0236086443109316 16.0 -1.0 -1.0 -1.0 -1.0 
307.85 31.52 20260420.0 -1.0 2.861773352516 83.06919233961219 0.2429621118496883 0.04423737438508215 0.7403220521925514 2.0 -1.0 -1.0 -1.0 -1.0 
307.85 31.52 20260420.0 -1.0 1.26157618868 129.86813204878842 0.02863819847249989 0.03041319488974398 1.7899295464177913 16.0 -1.0 -1.0 -1.0 -1.0 
307.85 31.52 20260420.0 -1.0 0.3298074763345 60.550694261000295 0.12345513278322082 0.04423737438508215 0.9712169148477375 16.0 -1.0 -1.0 -1.0 -1.0 
307.85 31.52 20260420.0 -1.0 0.16045643647092714 107.77937629992104 0.04050986128619251 0.13132970520571263 1.1240697189206388 4.0 -1.0 -1.0 -1.0 -1.0 
307.85 31.52 20260420.0 -1.0 1.277433 70.21989668025158 0.5074234538283829 0.017971433343939622 3.7002437811752387 32.0 -1.0 -1.0 -1.0 -1.0 
307.85 31.52 20260420.0 -1.0 11.362193598480422 0.0 0.43108554087915063 0.04700221028414978 1.274752613155224 8.0 -1.0 -1.0 -1.0 -1.0 
307.85 31.52 20260420.0 -1.0 0.4777510029497 122.77124443186494 0.019276514212614074 0.022118687192541075 1.5767719321843057 1.0 -1.0 -1.0 -1.0 -1.0 
307.85 31.52 20260420.0 -1.0 0.425216180759 184.15686664779741 0.09468858568438857 0.017971433343939622 1.5077406966777642 32.0 -1.0 -1.0 -1.0 -1.0 
307.85 31.52 20260420.0 -1.0 369.00369 245.5424888637299 0.4651218659150892 0.012441761545804354 2.1304453958238896 1.0 -1.0 -1.0 -1.0 -1.0 
307.85 31.52 20260420.0 -1.0 0.02636382397893268 368.31373329559483 0.13951293055905148 0.031795612839277794 1.10184502048407 1.0 -1.0 -1.0 -1.0 -1.0 
307.85 31.52 20260420.0 -1.0 0.0013731250308870993 35.84051030069145 1.0308638735915776 0.038707702586946884 7.408057408115198 1.0 -1.0 -1.0 -1.0 -1.0 
307.85 31.52 20260420.0 -1.0 0.020475734791956413 50.1079556482089 1.8468288179219563 0.06082638977948797 1.4615938180176873 2.0 -1.0 -1.0 -1.0 -1.0 
307.85 31.52 20260420.0 -1.0 0.0425178630338289 22.776343476458592 1.4592053445088158 0.017971433343939622 1.645170252472233 1.0 -1.0 -1.0 -1.0 -1.0 
307.85 31.52 20260420.0 -1.0 3.1961109625802266 112.9792584898295 1.3146552533350817 0.04700221028414978 6.36646132826411 16.0 6.497209176785641 32.0 3.1961159644803656 112.83569541445681 
307.85 31.52 20260420.0 -1.0 2.505212314406221 155.17995527073958 1.8002197938065532 0.049767046183217416 8.125422124186336 8.0 8.269309784980777 8.0 2.50523347252359 155.54122318566826 
307.85 31.52 20260420.0 -1.0 26.957044087089127 84.22949662992234 7.944928789996559 0.022118687192541075 67.87202602850917 16.0 67.8720227642218 16.0 26.957059162668887 84.19668034513728 
307.85 31.52 20260420.0 -1.0 3.464969947246 61.38562221593247 2.2286137387064633 0.016589015394405805 46.274525501035306 32.0 46.35376094830094 32.0 3.464962598324443 61.42714539603165 
307.85 31.52 20260420.0 -1.0 2.04954323268 306.92811107966236 5.209207739914888 0.013824179495338172 96.04421015331197 32.0 96.37981421888456 32.0 2.049546310445294 307.0345290470511 
307.85 31.52 20260420.0 -1.0 0.02318067352424208 429.6993555115273 4.709418621680498 0.02073626924300726 5.593707798640188 32.0 -1.0 -1.0 -1.0 -1.0 
308.08 55.07 20260420.0 -1.0 0.13229200951766995 79.63604295239196 1.3029012212177589 0.026265941041142528 3.7039078490365087 32.0 -1.0 -1.0 -1.0 -1.0 
308.08 55.07 20260420.0 -1.0 160.19831544487 0.0 5.706576420513992 0.01520659744487199 35.706120478983856 2.0 -1.0 -1.0 -1.0 -1.0 
308.08 55.07 20260420.0 -1.0 0.13229200951766995 79.63604295239196 1.3029012212177589 0.026265941041142528 3.7039078490365087 32.0 -1.0 -1.0 -1.0 -1.0 
308.08 55.07 20260420.0 -1.0 160.19831544487 0.0 5.706576420513992 0.01520659744487199 35.706120478983856 2.0 -1.0 -1.0 -1.0 -1.0 
308.08 55.07 20260420.0 -1.0 0.13229200951766995 79.63604295239196 1.3029012212177589 0.026265941041142528 3.7039078490365087 32.0 -1.0 -1.0 -1.0 -1.0 
308.08 55.07 20260420.0 -1.0 160.19831544487 0.0 5.706576420513992 0.01520659744487199 35.706120478983856 2.0 -1.0 -1.0 -1.0 -1.0 
308.23 31.52 20260420.0 -1.0 2.5399895670752706 41.71682442113254 0.11497569953977362 0.013824179495338172 1.934397404077433 8.0 -1.0 -1.0 -1.0 -1.0 
308.23 31.52 20260420.0 -1.0 89.1292592477 12.343493685289971 0.36120668183612087 0.011059343596270537 1.3242689161588759 1.0 -1.0 -1.0 -1.0 -1.0 
308.23 31.52 20260420.0 -1.0 18.474044 1.882905816400165 0.15711571348942413 0.09400442056829957 -0.16201639920922317 16.0 -1.0 -1.0 -1.0 -1.0 
308.23 31.52 20260420.0 -1.0 10.0340320774 100.37980118986658 0.061147490446628726 0.016589015394405805 1.3651329824301104 4.0 -1.0 -1.0 -1.0 -1.0 
308.23 31.52 20260420.0 -1.0 1.847453268395 52.55399345330238 0.2453233993455733 0.06635606157762322 1.1772715441641761 8.0 -1.0 -1.0 -1.0 -1.0 
308.23 31.52 20260420.0 -1.0 3.89441988715 92.89002027574148 0.861377491991735 0.016589015394405805 11.92983835840976 32.0 11.929838015452805 32.0 3.89442599650162 92.89970259235098 
308.23 31.52 20260420.0 -1.0 2.1626139076978506 119.53762068689048 0.013065066096061983 0.02350110514207489 1.9399531451300458 16.0 -1.0 -1.0 -1.0 -1.0 
308.23 31.52 20260420.0 -1.0 2.157619537033 179.30643103033572 0.5187659910761383 0.011059343596270537 8.441675680818756 32.0 8.68194633259243 32.0 2.157624597505977 179.4239353989524 
308.23 31.52 20260420.0 -1.0 3.2406434977785 239.07524137378095 0.5985186776815571 0.013824179495338172 6.111988441133397 16.0 6.555338466500363 16.0 3.24065088837718 239.2319138652699 
308.23 31.52 20260420.0 -1.0 0.004972028546522325 298.8440517172262 0.061699128249171856 0.03041319488974398 1.3622513284875024 8.0 -1.0 -1.0 -1.0 -1.0 
308.23 31.52 20260420.0 -1.0 1.544817633127 358.61286206067143 0.04404173165438359 0.022118687192541075 0.3475902640037895 16.0 -1.0 -1.0 -1.0 -1.0 
308.23 31.52 20260420.0 -1.0 0.01554145218618354 111.80276314269425 6.489051458090829 0.012441761545804354 13.378659012853952 32.0 -1.0 -1.0 -1.0 -1.0 
308.23 31.52 20260420.0 -1.0 7.410592646910501 56.236120383151594 3.009870807409765 0.0884747487701643 7.610318394648019 8.0 7.768498653214468 16.0 7.410623463025938 56.670842539996244 
308.23 31.52 20260420.0 -1.0 117.370892 78.78914782847802 2.909687743270246 0.016589015394405805 16.345158273163197 2.0 16.34515799996864 2.0 117.37089759359758 78.83318989045907 
308.23 31.52 20260420.0 -1.0 16.792101165075774 54.1858451608492 1.02589074082829 0.13962421290291555 2.808768797349794 2.0 -1.0 -1.0 -1.0 -1.0 
308.23 31.52 20260420.0 -1.0 0.6982526699955363 69.58383050385498 6.04335529777976 0.06635606157762322 13.742598611064949 16.0 13.919949117941004 16.0 0.6982493990411361 69.32058417838827 
308.23 31.52 20260420.0 -1.0 0.07048703518080775 38.11838219423445 1.4531693580338614 0.011059343596270537 4.661075955294466 32.0 -1.0 -1.0 -1.0 -1.0 
308.23 31.52 20260420.0 -1.0 0.05133329711080282 0.0 1.296615715520493 0.009676925646736721 2.4586731289568102 1.0 -1.0 -1.0 -1.0 -1.0 
308.23 31.52 20260420.0 -1.0 2.242431224778 59.76881034344524 3.1590023937601206 0.05529671798135269 14.998383984614927 16.0 14.998384412818046 16.0 2.242389503711214 59.80797846631747 
308.23 31.52 20260420.0 -1.0 9.5317425528 418.38167240411667 3.545316121242136 0.017971433343939622 2.8520112130722843 1.0 -1.0 -1.0 -1.0 -1.0 
308.23 31.52 20260420.0 -1.0 2.5399895670752706 41.71682442113254 0.11497569953977362 0.013824179495338172 1.9344114163827326 8.0 -1.0 -1.0 -1.0 -1.0 
308.23 31.52 20260420.0 -1.0 89.1292592477 12.343493685289971 0.36120668183612087 0.011059343596270537 1.3231167757538627 1.0 -1.0 -1.0 -1.0 -1.0 
308.23 31.52 20260420.0 -1.0 18.474044 1.882905816400165 0.15711571348942413 0.09400442056829957 -0.16181147009229674 16.0 -1.0 -1.0 -1.0 -1.0 
308.23 31.52 20260420.0 -1.0 10.0340320774 100.37980118986658 0.061147490446628726 0.016589015394405805 1.365595785674408 4.0 -1.0 -1.0 -1.0 -1.0 
308.23 31.52 20260420.0 -1.0 1.847453268395 52.55399345330238 0.2453233993455733 0.06635606157762322 1.1772698060222 8.0 -1.0 -1.0 -1.0 -1.0 
308.23 31.52 20260420.0 -1.0 3.89441988715 92.89002027574148 0.861377491991735 0.016589015394405805 11.937235660659043 32.0 11.937235518807258 32.0 3.89442599650162 92.89970259235098 
308.23 31.52 20260420.0 -1.0 2.1626139076978506 119.53762068689048 0.013065066096061983 0.02350110514207489 1.9397897285153576 16.0 -1.0 -1.0 -1.0 -1.0 
308.23 31.52 20260420.0 -1.0 2.157619537033 179.30643103033572 0.5187659910761383 0.011059343596270537 8.445427520158763 32.0 8.684888751478313 32.0 2.157624597505977 179.4239353989524 
308.23 31.52 20260420.0 -1.0 3.2406434977785 239.07524137378095 0.5985186776815571 0.013824179495338172 6.111555752414644 16.0 6.555425031639906 16.0 3.24065088837718 239.2319138652699 
308.23 31.52 20260420.0 -1.0 0.004972028546522325 298.8440517172262 0.061699128249171856 0.03041319488974398 1.3622512760144103 8.0 -1.0 -1.0 -1.0 -1.0 
308.23 31.52 20260420.0 -1.0 1.544817633127 358.61286206067143 0.04404173165438359 0.022118687192541075 0.9092244075447412 32.0 -1.0 -1.0 -1.0 -1.0 
308.23 31.52 20260420.0 -1.0 0.01554145218618354 111.80276314269425 6.489051458090829 0.012441761545804354 13.38207221791568 32.0 -1.0 -1.0 -1.0 -1.0 
308.23 31.52 20260420.0 -1.0 7.410592646910501 56.236120383151594 3.009870807409765 0.0884747487701643 7.6101947170721 8.0 7.769375880497819 16.0 7.410623463025938 56.670842539996244 
308.23 31.52 20260420.0 -1.0 117.370892 78.78914782847802 2.909687743270246 0.016589015394405805 16.343105542779803 2.0 16.34310551843725 2.0 117.37089759359758 78.83318989045907 
308.23 31.52 20260420.0 -1.0 16.792101165075774 54.1858451608492 1.02589074082829 0.13962421290291555 2.808808000630577 2.0 -1.0 -1.0 -1.0 -1.0 
308.23 31.52 20260420.0 -1.0 0.6982526699955363 69.58383050385498 6.04335529777976 0.06635606157762322 13.7452709077447 16.0 13.918975311474057 16.0 0.6982493990411361 69.32058417838827 
308.23 31.52 20260420.0 -1.0 0.07048703518080775 38.11838219423445 1.4531693580338614 0.011059343596270537 4.661075955294466 32.0 -1.0 -1.0 -1.0 -1.0 
308.23 31.52 20260420.0 -1.0 0.05133329711080282 0.0 1.296615715520493 0.009676925646736721 2.4586731646769326 1.0 -1.0 -1.0 -1.0 -1.0 
308.23 31.52 20260420.0 -1.0 2.242431224778 59.76881034344524 3.1590023937601206 0.05529671798135269 15.00114252902016 16.0 15.001142943573823 16.0 2.242389503711214 59.80797846631747 
308.23 31.52 20260420.0 -1.0 9.5317425528 418.38167240411667 3.545316121242136 0.017971433343939622 2.8532835748830365 1.0 -1.0 -1.0 -1.0 -1.0 
308.23 31.52 20260420.0 -1.0 2.5399895670752706 41.71682442113254 0.11497569953977362 0.013824179495338172 1.9344114163827326 8.0 -1.0 -1.0 -1.0 -1.0 
308.23 31.52 20260420.0 -1.0 89.1292592477 12.343493685289971 0.36120668183612087 0.011059343596270537 1.3231167757538627 1.0 -1.0 -1.0 -1.0 -1.0 
308.23 31.52 20260420.0 -1.0 18.474044 1.882905816400165 0.15711571348942413 0.09400442056829957 -0.16181147009229674 16.0 -1.0 -1.0 -1.0 -1.0 
308.23 31.52 20260420.0 -1.0 10.0340320774 100.37980118986658 0.061147490446628726 0.016589015394405805 1.365595785674408 4.0 -1.0 -1.0 -1.0 -1.0 
308.23 31.52 20260420.0 -1.0 1.847453268395 52.55399345330238 0.2453233993455733 0.06635606157762322 1.1772698060222 8.0 -1.0 -1.0 -1.0 -1.0 
308.23 31.52 20260420.0 -1.0 3.89441988715 92.89002027574148 0.861377491991735 0.016589015394405805 11.937235660659043 32.0 11.937235518807258 32.0 3.89442599650162 92.89970259235098 
308.23 31.52 20260420.0 -1.0 2.1626139076978506 119.53762068689048 0.013065066096061983 0.02350110514207489 1.9397897285153576 16.0 -1.0 -1.0 -1.0 -1.0 
308.23 31.52 20260420.0 -1.0 2.157619537033 179.30643103033572 0.5187659910761383 0.011059343596270537 8.445427520158763 32.0 8.684888751478313 32.0 2.157624597505977 179.4239353989524 
308.23 31.52 20260420.0 -1.0 3.2406434977785 239.07524137378095 0.5985186776815571 0.013824179495338172 6.111555752414644 16.0 6.555425031639906 16.0 3.24065088837718 239.2319138652699 
308.23 31.52 20260420.0 -1.0 0.004972028546522325 298.8440517172262 0.061699128249171856 0.03041319488974398 1.3622512760144103 8.0 -1.0 -1.0 -1.0 -1.0 
308.23 31.52 20260420.0 -1.0 1.544817633127 358.61286206067143 0.04404173165438359 0.022118687192541075 0.9092244075447412 32.0 -1.0 -1.0 -1.0 -1.0 
308.23 31.52 20260420.0 -1.0 0.01554145218618354 111.80276314269425 6.489051458090829 0.012441761545804354 13.38207221791568 32.0 -1.0 -1.0 -1.0 -1.0 
308.23 31.52 20260420.0 -1.0 7.410592646910501 56.236120383151594 3.009870807409765 0.0884747487701643 7.6101947170721 8.0 7.769375880497819 16.0 7.410623463025938 56.670842539996244 
308.23 31.52 20260420.0 -1.0 117.370892 78.78914782847802 2.909687743270246 0.016589015394405805 16.343105542779803 2.0 16.34310551843725 2.0 117.37089759359758 78.83318989045907 
308.23 31.52 20260420.0 -1.0 16.792101165075774 54.1858451608492 1.02589074082829 0.13962421290291555 2.808808000630577 2.0 -1.0 -1.0 -1.0 -1.0 
308.23 31.52 20260420.0 -1.0 0.6982526699955363 69.58383050385498 6.04335529777976 0.06635606157762322 13.7452709077447 16.0 13.918975311474057 16.0 0.6982493990411361 69.32058417838827 
308.23 31.52 20260420.0 -1.0 0.07048703518080775 38.11838219423445 1.4531693580338614 0.011059343596270537 4.661075955294466 32.0 -1.0 -1.0 -1.0 -1.0 
308.23 31.52 20260420.0 -1.0 0.05133329711080282 0.0 1.296615715520493 0.009676925646736721 2.4586731646769326 1.0 -1.0 -1.0 -1.0 -1.0 
308.23 31.52 20260420.0 -1.0 2.242431224778 59.76881034344524 3.1590023937601206 0.05529671798135269 15.00114252902016 16.0 15.001142943573823 16.0 2.242389503711214 59.80797846631747 
308.23 31.52 20260420.0 -1.0 9.5317425528 418.38167240411667 3.545316121242136 0.017971433343939622 2.8532835748830365 1.0 -1.0 -1.0 -1.0 -1.0 
308.6 31.52 20260420.0 -1.0 3.2108324764111544 72.81775151667459 0.03835821471460334 0.016589015394405805 2.9161957324387813 1.0 -1.0 -1.0 -1.0 -1.0 
308.6 31.52 20260420.0 -1.0 2.912037613413 29.29027764088087 0.950162267275973 0.012441761545804354 17.76521878837634 32.0 17.883432345264392 32.0 2.912050452626621 29.24620266796235 
308.6 31.52 20260420.0 -1.0 9.5532971893 41.24299539683922 0.06182713438288848 0.01520659744487199 1.2229702214418232 32.0 -1.0 -1.0 -1.0 -1.0 
308.6 31.52 20260420.0 -1.0 8.7434194934 29.69822022640846 0.7632877084845537 0.019353851293473442 8.383309536687344 32.0 8.383309698099662 32.0 8.743427315494046 29.650994400390893 
308.6 31.52 20260420.0 -1.0 7.548073742648265 69.47262231534836 0.20957145722768147 0.015206597444871992 0.8779317290508225 32.0 -1.0 -1.0 -1.0 -1.0 
308.6 31.52 20260420.0 -1.0 0.0013605624708218189 136.90553170305878 0.713321523620373 0.08156265902249521 4.057002824965764 1.0 -1.0 -1.0 -1.0 -1.0 
308.6 31.52 20260420.0 -1.0 343.34786701089 68.77911991995146 0.36045884399314204 0.03456044873834543 1.8882201346668288 1.0 -1.0 -1.0 -1.0 -1.0 
308.6 31.52 20260420.0 -1.0 2.214973590106 62.57839261993211 0.2074109511842094 0.024883523091608708 0.916857238736678 4.0 -1.0 -1.0 -1.0 -1.0 
308.6 31.52 20260420.0 -1.0 0.5141 102.80153155295235 0.10480983570484102 0.013824179495338172 1.787247357341813 32.0 -1.0 -1.0 -1.0 -1.0 
308.6 31.52 20260420.0 -1.0 0.005229827868143664 34.879091062608836 0.34202149842813184 0.016589015394405805 0.24054894180823524 8.0 -1.0 -1.0 -1.0 -1.0 
308.6 31.52 20260420.0 -1.0 38.22547943598282 79.18165585090497 0.03403715052882464 0.017971433343939622 1.2453962044652487 4.0 -1.0 -1.0 -1.0 -1.0 
308.6 31.52 20260420.0 -1.0 0.28894775712721427 58.27168446700514 0.01770617745443082 0.008294507697202903 2.1296369566564155 1.0 -1.0 -1.0 -1.0 -1.0 
308.6 31.52 20260420.0 -1.0 0.02339470897630482 174.8150534010154 0.20769772673226888 0.06497364362808941 0.7738108610257172 2.0 -1.0 -1.0 -1.0 -1.0 
308.6 31.52 20260420.0 -1.0 0.012294358768361493 233.08673786802055 0.16998987021089468 0.019353851293473442 1.3993261315407544 4.0 -1.0 -1.0 -1.0 -1.0 
308.6 31.52 20260420.0 -1.0 92.37324886478785 291.3584223350257 0.5878640843281208 0.026265941041142528 2.0168083809311534 4.0 -1.0 -1.0 -1.0 -1.0 
308.6 31.52 20260420.0 -1.0 96.71730837405732 53.154918894244815 7.015919679774671 0.017971433343939622 33.415292130531064 4.0 -1.0 -1.0 -1.0 -1.0 
308.6 31.52 20260420.0 -1.0 0.08471126681932407 0.0 1.164143722609249 0.06497364362808941 1.2448389597658676 2.0 -1.0 -1.0 -1.0 -1.0 
308.6 31.52 20260420.0 -1.0 1.4414462816 116.54336893401027 1.6018448970356192 0.02488352309160871 14.95345115993569 32.0 15.203963071734021 32.0 1.441458152839914 116.58001893942085 
308.6 31.52 20260420.0 -1.0 326.6005620234831 349.6301068020308 3.830525217996019 0.012441761545804354 2.411860695839943 1.0 -1.0 -1.0 -1.0 -1.0 
308.6 31.52 20260420.0 -1.0 43.07682614822333 407.901791269036 2.0259590509116925 0.017971433343939622 2.1428646813668197 1.0 -1.0 -1.0 -1.0 -1.0 
308.6 31.52 20260420.0 -1.0 3.2108324764111544 72.81775151667459 0.03835821471460334 0.016589015394405805 2.9161957324387813 1.0 -1.0 -1.0 -1.0 -1.0 
308.6 31.52 20260420.0 -1.0 2.912037613413 29.29027764088087 0.950162267275973 0.012441761545804354 17.76521878837634 32.0 17.883432345264392 32.0 2.912050452626621 29.24620266796235 
308.6 31.52 20260420.0 -1.0 9.5532971893 41.24299539683922 0.06182713438288848 0.01520659744487199 1.2229702214418232 32.0 -1.0 -1.0 -1.0 -1.0 
308.6 31.52 20260420.0 -1.0 8.7434194934 29.69822022640846 0.7632877084845537 0.019353851293473442 8.383309536687344 32.0 8.383309698099662 32.0 8.743427315494046 29.650994400390893 
308.6 31.52 20260420.0 -1.0 7.548073742648265 69.47262231534836 0.20957145722768147 0.015206597444871992 0.8779317290508225 32.0 -1.0 -1.0 -1.0 -1.0 
308.6 31.52 20260420.0 -1.0 0.0013605624708218189 136.90553170305878 0.713321523620373 0.08156265902249521 4.057002824965764 1.0 -1.0 -1.0 -1.0 -1.0 
308.6 31.52 20260420.0 -1.0 343.34786701089 68.77911991995146 0.36045884399314204 0.03456044873834543 1.8882201346668288 1.0 -1.0 -1.0 -1.0 -1.0 
308.6 31.52 20260420.0 -1.0 2.214973590106 62.57839261993211 0.2074109511842094 0.024883523091608708 0.916857238736678 4.0 -1.0 -1.0 -1.0 -1.0 
308.6 31.52 20260420.0 -1.0 0.5141 102.80153155295235 0.10480983570484102 0.013824179495338172 1.787247357341813 32.0 -1.0 -1.0 -1.0 -1.0 
308.6 31.52 20260420.0 -1.0 0.005229827868143664 34.879091062608836 0.34202149842813184 0.016589015394405805 0.24054894180823524 8.0 -1.0 -1.0 -1.0 -1.0 
308.6 31.52 20260420.0 -1.0 38.22547943598282 79.18165585090497 0.03403715052882464 0.017971433343939622 1.2453962044652487 4.0 -1.0 -1.0 -1.0 -1.0 
308.6 31.52 20260420.0 -1.0 0.28894775712721427 58.27168446700514 0.01770617745443082 0.008294507697202903 2.1296369566564155 1.0 -1.0 -1.0 -1.0 -1.0 
308.6 31.52 20260420.0 -1.0 0.02339470897630482 174.8150534010154 0.20769772673226888 0.06497364362808941 0.7738108610257172 2.0 -1.0 -1.0 -1.0 -1.0 
308.6 31.52 20260420.0 -1.0 0.012294358768361493 233.08673786802055 0.16998987021089468 0.019353851293473442 1.3993261315407544 4.0 -1.0 -1.0 -1.0 -1.0 
308.6 31.52 20260420.0 -1.0 92.37324886478785 291.3584223350257 0.5878640843281208 0.026265941041142528 2.0168083809311534 4.0 -1.0 -1.0 -1.0 -1.0 
308.6 31.52 20260420.0 -1.0 96.71730837405732 53.154918894244815 7.015919679774671 0.017971433343939622 33.415292130531064 4.0 -1.0 -1.0 -1.0 -1.0 
308.6 31.52 20260420.0 -1.0 0.08471126681932407 0.0 1.164143722609249 0.06497364362808941 1.2448389597658676 2.0 -1.0 -1.0 -1.0 -1.0 
308.6 31.52 20260420.0 -1.0 1.4414462816 116.54336893401027 1.6018448970356192 0.02488352309160871 14.95345115993569 32.0 15.203963071734021 32.0 1.441458152839914 116.58001893942085 
308.6 31.52 20260420.0 -1.0 326.6005620234831 349.6301068020308 3.830525217996019 0.012441761545804354 2.411860695839943 1.0 -1.0 -1.0 -1.0 -1.0 
308.6 31.52 20260420.0 -1.0 43.07682614822333 407.901791269036 2.0259590509116925 0.017971433343939622 2.1428646813668197 1.0 -1.0 -1.0 -1.0 -1.0 
308.6 31.52 20260420.0 -1.0 3.2108324764111544 72.81775151667459 0.03835821471460334 0.016589015394405805 2.9161957324387813 1.0 -1.0 -1.0 -1.0 -1.0 
308.6 31.52 20260420.0 -1.0 2.912037613413 29.29027764088087 0.950162267275973 0.012441761545804354 17.76521878837634 32.0 17.883432345264392 32.0 2.912050452626621 29.24620266796235 
308.6 31.52 20260420.0 -1.0 9.5532971893 41.24299539683922 0.06182713438288848 0.01520659744487199 1.2229702214418232 32.0 -1.0 -1.0 -1.0 -1.0 
308.6 31.52 20260420.0 -1.0 8.7434194934 29.69822022640846 0.7632877084845537 0.019353851293473442 8.383309536687344 32.0 8.383309698099662 32.0 8.743427315494046 29.650994400390893 
308.6 31.52 20260420.0 -1.0 7.548073742648265 69.47262231534836 0.20957145722768147 0.015206597444871992 0.8779317290508225 32.0 -1.0 -1.0 -1.0 -1.0 
308.6 31.52 20260420.0 -1.0 0.0013605624708218189 136.90553170305878 0.713321523620373 0.08156265902249521 4.057002824965764 1.0 -1.0 -1.0 -1.0 -1.0 
308.6 31.52 20260420.0 -1.0 343.34786701089 68.77911991995146 0.36045884399314204 0.03456044873834543 1.8882201346668288 1.0 -1.0 -1.0 -1.0 -1.0 
308.6 31.52 20260420.0 -1.0 2.214973590106 62.57839261993211 0.2074109511842094 0.024883523091608708 0.916857238736678 4.0 -1.0 -1.0 -1.0 -1.0 
308.6 31.52 20260420.0 -1.0 0.5141 102.80153155295235 0.10480983570484102 0.013824179495338172 1.787247357341813 32.0 -1.0 -1.0 -1.0 -1.0 
308.6 31.52 20260420.0 -1.0 0.005229827868143664 34.879091062608836 0.34202149842813184 0.016589015394405805 0.24054894180823524 8.0 -1.0 -1.0 -1.0 -1.0 
308.6 31.52 20260420.0 -1.0 38.22547943598282 79.18165585090497 0.03403715052882464 0.017971433343939622 1.2453962044652487 4.0 -1.0 -1.0 -1.0 -1.0 
308.6 31.52 20260420.0 -1.0 0.28894775712721427 58.27168446700514 0.01770617745443082 0.008294507697202903 2.1296369566564155 1.0 -1.0 -1.0 -1.0 -1.0 
308.6 31.52 20260420.0 -1.0 0.02339470897630482 174.8150534010154 0.20769772673226888 0.06497364362808941 0.7738108610257172 2.0 -1.0 -1.0 -1.0 -1.0 
308.6 31.52 20260420.0 -1.0 0.012294358768361493 233.08673786802055 0.16998987021089468 0.019353851293473442 1.3993261315407544 4.0 -1.0 -1.0 -1.0 -1.0 
308.6 31.52 20260420.0 -1.0 92.37324886478785 291.3584223350257 0.5878640843281208 0.026265941041142528 2.0168083809311534 4.0 -1.0 -1.0 -1.0 -1.0 
308.6 31.52 20260420.0 -1.0 96.71730837405732 53.154918894244815 7.015919679774671 0.017971433343939622 33.415292130531064 4.0 -1.0 -1.0 -1.0 -1.0 
308.6 31.52 20260420.0 -1.0 0.08471126681932407 0.0 1.164143722609249 0.06497364362808941 1.2448389597658676 2.0 -1.0 -1.0 -1.0 -1.0 
308.6 31.52 20260420.0 -1.0 1.4414462816 116.54336893401027 1.6018448970356192 0.02488352309160871 14.95345115993569 32.0 15.203963071734021 32.0 1.441458152839914 116.58001893942085 
308.6 31.52 20260420.0 -1.0 326.6005620234831 349.6301068020308 3.830525217996019 0.012441761545804354 2.411860695839943 1.0 -1.0 -1.0 -1.0 -1.0 
308.6 31.52 20260420.0 -1.0 43.07682614822333 407.901791269036 2.0259590509116925 0.017971433343939622 2.1428646813668197 1.0 -1.0 -1.0 -1.0 -1.0 
308.98 31.52 20260420.0 -1.0 303.0909794113198 89.37271372762193 5.5242614871053615 0.02073626924300726 22.576633329335994 1.0 22.576633171681824 2.0 151.5455854435762 89.35777493360122 
308.98 31.52 20260420.0 -1.0 1.0594664788 67.09914021294979 1.03300258936587 0.024883523091608708 7.313026247965371 16.0 7.535323413491124 32.0 1.059470378095284 67.49902138245982 
308.98 31.52 20260420.0 -1.0 303.0909794113198 89.37271372762193 5.5242614871053615 0.02073626924300726 22.57250447620133 1.0 22.572504405152053 2.0 151.5455854435762 89.35777493360122 
308.98 31.52 20260420.0 -1.0 1.0594664788 67.09914021294979 1.03300258936587 0.024883523091608708 7.309134107356407 16.0 7.536589551009401 32.0 1.059470378095284 67.49902138245982 
308.98 31.52 20260420.0 -1.0 303.0909794113198 89.37271372762193 5.5242614871053615 0.02073626924300726 22.57250447620133 1.0 22.572504405152053 2.0 151.5455854435762 89.35777493360122 
308.98 31.52 20260420.0 -1.0 1.0594664788 67.09914021294979 1.03300258936587 0.024883523091608708 7.309134107356407 16.0 7.536589551009401 32.0 1.059470378095284 67.49902138245982 
309.35 31.52 20260420.0 -1.0 68.52031135613854 61.70321988255134 3.8094132304713457 0.026265941041142528 19.717879623998744 4.0 19.71787954525053 4.0 68.52036070389053 61.73073919535305 
309.35 31.52 20260420.0 -1.0 0.7349682846 102.29540101283354 5.972795120198798 0.03732528463741307 35.16030638014651 32.0 35.561953284768656 32.0 0.7349626685027033 102.00751657199324 
309.35 31.52 20260420.0 -1.0 0.3440801856451837 52.932825106792464 1.559262706883713 0.027648358990676348 8.214179945501318 16.0 8.270471521312702 16.0 0.3440921621707579 52.015737617067984 
309.35 31.52 20260420.0 -1.0 2.099076 115.1793437807625 1.5886202787100001 0.0483846282336836 8.60102664937373 16.0 8.671754911057509 16.0 2.0990531387118003 115.46684167524235 
309.35 31.52 20260420.0 -1.0 1.12291858733 277.1655416018108 9.30029768415916 0.02350110514207489 112.15538475736282 32.0 89.59448518002245 32.0 0.7486050890292973 277.38353464666017 
309.35 31.52 20260420.0 -1.0 68.52031135613854 61.70321988255134 3.8094132304713457 0.026265941041142528 19.714706410287473 4.0 19.71470635751905 4.0 68.52036070389053 61.73073919535305 
309.35 31.52 20260420.0 -1.0 0.7349682846 102.29540101283354 5.972795120198798 0.03732528463741307 35.16536989310861 32.0 35.56450345642996 32.0 0.7349626685027033 102.00751657199324 
309.35 31.52 20260420.0 -1.0 0.3440801856451837 52.932825106792464 1.559262706883713 0.027648358990676348 8.214531392366368 16.0 8.270429992710357 16.0 0.3440921621707579 52.015737617067984 
309.35 31.52 20260420.0 -1.0 2.099076 115.1793437807625 1.5886202787100001 0.0483846282336836 8.600417296849463 16.0 8.671721777536325 16.0 2.0990531387118003 115.46684167524235 
309.35 31.52 20260420.0 -1.0 1.12291858733 277.1655416018108 9.30029768415916 0.02350110514207489 112.15589586599532 32.0 89.6065277249858 32.0 0.7486050890292973 277.38353464666017 
309.35 31.52 20260420.0 -1.0 68.52031135613854 61.70321988255134 3.8094132304713457 0.026265941041142528 19.714706410287473 4.0 19.71470635751905 4.0 68.52036070389053 61.73073919535305 
309.35 31.52 20260420.0 -1.0 0.7349682846 102.29540101283354 5.972795120198798 0.03732528463741307 35.16536989310861 32.0 35.56450345642996 32.0 0.7349626685027033 102.00751657199324 
309.35 31.52 20260420.0 -1.0 0.3440801856451837 52.932825106792464 1.559262706883713 0.027648358990676348 8.214531392366368 16.0 8.270429992710357 16.0 0.3440921621707579 52.015737617067984 
309.35 31.52 20260420.0 -1.0 2.099076 115.1793437807625 1.5886202787100001 0.0483846282336836 8.600417296849463 16.0 8.671721777536325 16.0 2.0990531387118003 115.46684167524235 
309.35 31.52 20260420.0 -1.0 1.12291858733 277.1655416018108 9.30029768415916 0.02350110514207489 112.15589586599532 32.0 89.6065277249858 32.0 0.7486050890292973 277.38353464666017 
309.73 31.52 20260420.0 -1.0 307.2974449774 46.25989208181638 0.45842271255347444 0.019353851293473442 2.2320700672278067 1.0 -1.0 -1.0 -1.0 -1.0 
309.73 31.52 20260420.0 -1.0 16.947148642889218 26.520822651327986 0.25254584867986474 0.029030776940210157 2.434976350975388 1.0 -1.0 -1.0 -1.0 -1.0 
309.73 31.52 20260420.0 -1.0 0.11793389859857506 51.98081239660285 0.8483847616427236 0.052531882082285056 0.03089950862107611 16.0 -1.0 -1.0 -1.0 -1.0 
309.73 31.52 20260420.0 -1.0 2.7087761019787835 7.804699237390807 0.5344077987429741 0.01382417949533817 7.875925712806611 32.0 8.021096598281767 32.0 2.7087783867803714 7.792240849249484 
309.73 31.52 20260420.0 -1.0 0.07048703518080775 155.90455030030665 0.0216338350152334 0.009676925646736721 0.8026311430216946 16.0 -1.0 -1.0 -1.0 -1.0 
309.73 31.52 20260420.0 -1.0 4.23410191865 116.27486388132226 0.05227232618477182 0.05391430003181887 0.5672029360143465 8.0 -1.0 -1.0 -1.0 -1.0 
309.73 31.52 20260420.0 -1.0 0.047475613789974204 16.405023154321455 0.043108554087915064 0.06359122567855559 1.6110339033537269 1.0 -1.0 -1.0 -1.0 -1.0 
309.73 31.52 20260420.0 -1.0 0.0024727047830328253 128.9290849749559 0.021058738089158698 0.011059343596270537 2.4598589234718573 1.0 -1.0 -1.0 -1.0 -1.0 
309.73 31.52 20260420.0 -1.0 3.31882067385 166.70231380834733 0.11649482428952802 0.02350110514207489 0.992382217262516 8.0 -1.0 -1.0 -1.0 -1.0 
309.73 31.52 20260420.0 -1.0 1.3802360573 54.11871544706704 0.017105009208783183 0.013824179495338174 0.9158895779290118 8.0 -1.0 -1.0 -1.0 -1.0 
309.73 31.52 20260420.0 -1.0 0.0039513335998734465 108.23743089413408 0.01797734167092584 0.006912089747669086 0.835459608691792 16.0 -1.0 -1.0 -1.0 -1.0 
309.73 31.52 20260420.0 -1.0 0.02393848373238359 162.3561463412011 0.07723048797037538 0.03732528463741307 1.059633504793855 2.0 -1.0 -1.0 -1.0 -1.0 
309.73 31.52 20260420.0 -1.0 8.824564409292812 216.47486178826816 0.010230597298425086 0.03041319488974398 0.5881480052670964 32.0 -1.0 -1.0 -1.0 -1.0 
309.73 31.52 20260420.0 -1.0 2.003221376169 270.5935772353352 0.020287602314368953 0.013824179495338172 2.2646171570037392 16.0 -1.0 -1.0 -1.0 -1.0 
309.73 31.52 20260420.0 -1.0 2.522132 324.7122926824022 0.012508629265827187 0.016589015394405805 1.0576702724197014 8.0 -1.0 -1.0 -1.0 -1.0 
309.73 31.52 20260420.0 -1.0 80.10810725000886 87.97335742340512 1.064149634662124 0.07879782312342758 1.9774710942484832 4.0 -1.0 -1.0 -1.0 -1.0 
309.73 31.52 20260420.0 -1.0 0.29598283922 173.6735014766964 2.585480425615838 0.027648358990676344 18.99334832693698 32.0 19.057304408350394 32.0 0.29597989244697 173.5544552787385 
309.73 31.52 20260420.0 -1.0 3.311258 45.95679696580121 1.9789264031317397 0.05391430003181888 8.727090827362417 16.0 8.955278491632408 32.0 3.311227677234759 46.14625749685408 
309.73 31.52 20260420.0 -1.0 64.25074255867916 0.0 1.928983588967751 0.027648358990676344 10.79170747647682 4.0 -1.0 -1.0 -1.0 -1.0 
309.73 31.52 20260420.0 -1.0 0.1875919879429402 378.8310081294693 1.5831422964399675 0.031795612839277794 0.827243267132607 4.0 -1.0 -1.0 -1.0 -1.0 
309.73 31.52 20260420.0 -1.0 307.2974449774 46.25989208181638 0.45842271255347444 0.019353851293473442 2.2320417645000763 1.0 -1.0 -1.0 -1.0 -1.0 
309.73 31.52 20260420.0 -1.0 16.947148642889218 26.520822651327986 0.25254584867986474 0.029030776940210157 2.437791026040231 1.0 -1.0 -1.0 -1.0 -1.0 
309.73 31.52 20260420.0 -1.0 0.11793389859857506 51.98081239660285 0.8483847616427236 0.052531882082285056 0.030902870161041637 16.0 -1.0 -1.0 -1.0 -1.0 
309.73 31.52 20260420.0 -1.0 2.7087761019787835 7.804699237390807 0.5344077987429741 0.01382417949533817 7.87770249481249 32.0 8.022866961562752 32.0 2.7087783867803714 7.792240849249484 
309.73 31.52 20260420.0 -1.0 0.07048703518080775 155.90455030030665 0.0216338350152334 0.009676925646736721 0.8026311637671117 16.0 -1.0 -1.0 -1.0 -1.0 
309.73 31.52 20260420.0 -1.0 4.23410191865 116.27486388132226 0.05227232618477182 0.05391430003181887 0.5673913691427002 8.0 -1.0 -1.0 -1.0 -1.0 
309.73 31.52 20260420.0 -1.0 0.047475613789974204 16.405023154321455 0.043108554087915064 0.06359122567855559 1.6110339033529546 1.0 -1.0 -1.0 -1.0 -1.0 
309.73 31.52 20260420.0 -1.0 0.0024727047830328253 128.9290849749559 0.021058738089158698 0.011059343596270537 0.5747485780976519 16.0 -1.0 -1.0 -1.0 -1.0 
309.73 31.52 20260420.0 -1.0 3.31882067385 166.70231380834733 0.11649482428952802 0.02350110514207489 0.9939913016954167 8.0 -1.0 -1.0 -1.0 -1.0 
309.73 31.52 20260420.0 -1.0 1.3802360573 54.11871544706704 0.017105009208783183 0.013824179495338174 0.9158898950072343 8.0 -1.0 -1.0 -1.0 -1.0 
309.73 31.52 20260420.0 -1.0 0.0039513335998734465 108.23743089413408 0.01797734167092584 0.006912089747669086 0.8785059257698055 16.0 -1.0 -1.0 -1.0 -1.0 
309.73 31.52 20260420.0 -1.0 0.02393848373238359 162.3561463412011 0.07723048797037538 0.03732528463741307 1.0596335035645819 2.0 -1.0 -1.0 -1.0 -1.0 
309.73 31.52 20260420.0 -1.0 8.824564409292812 216.47486178826816 0.010230597298425086 0.03041319488974398 0.588453231911733 32.0 -1.0 -1.0 -1.0 -1.0 
309.73 31.52 20260420.0 -1.0 2.003221376169 270.5935772353352 0.020287602314368953 0.013824179495338172 2.265657295610883 16.0 -1.0 -1.0 -1.0 -1.0 
309.73 31.52 20260420.0 -1.0 2.522132 324.7122926824022 0.012508629265827187 0.016589015394405805 1.0561876376554415 1.0 -1.0 -1.0 -1.0 -1.0 
309.73 31.52 20260420.0 -1.0 80.10810725000886 87.97335742340512 1.064149634662124 0.07879782312342758 1.9778158018407428 4.0 -1.0 -1.0 -1.0 -1.0 
309.73 31.52 20260420.0 -1.0 0.29598283922 173.6735014766964 2.585480425615838 0.027648358990676344 18.997072751318214 32.0 19.05642388636302 32.0 0.29597989244697 173.5544552787385 
309.73 31.52 20260420.0 -1.0 3.311258 45.95679696580121 1.9789264031317397 0.05391430003181888 8.730058641686623 16.0 8.955813498922952 32.0 3.311227677234759 46.14625749685408 
309.73 31.52 20260420.0 -1.0 64.25074255867916 0.0 1.928983588967751 0.027648358990676344 10.78807697931284 4.0 -1.0 -1.0 -1.0 -1.0 
309.73 31.52 20260420.0 -1.0 0.1875919879429402 378.8310081294693 1.5831422964399675 0.031795612839277794 0.8272574806635326 4.0 -1.0 -1.0 -1.0 -1.0 
309.73 31.52 20260420.0 -1.0 307.2974449774 46.25989208181638 0.45842271255347444 0.019353851293473442 2.2320417645000763 1.0 -1.0 -1.0 -1.0 -1.0 
309.73 31.52 20260420.0 -1.0 16.947148642889218 26.520822651327986 0.25254584867986474 0.029030776940210157 2.437791026040231 1.0 -1.0 -1.0 -1.0 -1.0 
309.73 31.52 20260420.0 -1.0 0.11793389859857506 51.98081239660285 0.8483847616427236 0.052531882082285056 0.030902870161041637 16.0 -1.0 -1.0 -1.0 -1.0 
309.73 31.52 20260420.0 -1.0 2.7087761019787835 7.804699237390807 0.5344077987429741 0.01382417949533817 7.87770249481249 32.0 8.022866961562752 32.0 2.7087783867803714 7.792240849249484 
309.73 31.52 20260420.0 -1.0 0.07048703518080775 155.90455030030665 0.0216338350152334 0.009676925646736721 0.8026311637671117 16.0 -1.0 -1.0 -1.0 -1.0 
309.73 31.52 20260420.0 -1.0 4.23410191865 116.27486388132226 0.05227232618477182 0.05391430003181887 0.5673913691427002 8.0 -1.0 -1.0 -1.0 -1.0 
309.73 31.52 20260420.0 -1.0 0.047475613789974204 16.405023154321455 0.043108554087915064 0.06359122567855559 1.6110339033529546 1.0 -1.0 -1.0 -1.0 -1.0 
309.73 31.52 20260420.0 -1.0 0.0024727047830328253 128.9290849749559 0.021058738089158698 0.011059343596270537 0.5747485780976519 16.0 -1.0 -1.0 -1.0 -1.0 
309.73 31.52 20260420.0 -1.0 3.31882067385 166.70231380834733 0.11649482428952802 0.02350110514207489 0.9939913016954167 8.0 -1.0 -1.0 -1.0 -1.0 
309.73 31.52 20260420.0 -1.0 1.3802360573 54.11871544706704 0.017105009208783183 0.013824179495338174 0.9158898950072343 8.0 -1.0 -1.0 -1.0 -1.0 
309.73 31.52 20260420.0 -1.0 0.0039513335998734465 108.23743089413408 0.01797734167092584 0.006912089747669086 0.8785059257698055 16.0 -1.0 -1.0 -1.0 -1.0 
309.73 31.52 20260420.0 -1.0 0.02393848373238359 162.3561463412011 0.07723048797037538 0.03732528463741307 1.0596335035645819 2.0 -1.0 -1.0 -1.0 -1.0 
309.73 31.52 20260420.0 -1.0 8.824564409292812 216.47486178826816 0.010230597298425086 0.03041319488974398 0.588453231911733 32.0 -1.0 -1.0 -1.0 -1.0 
309.73 31.52 20260420.0 -1.0 2.003221376169 270.5935772353352 0.020287602314368953 0.013824179495338172 2.265657295610883 16.0 -1.0 -1.0 -1.0 -1.0 
309.73 31.52 20260420.0 -1.0 2.522132 324.7122926824022 0.012508629265827187 0.016589015394405805 1.0561876376554415 1.0 -1.0 -1.0 -1.0 -1.0 
309.73 31.52 20260420.0 -1.0 80.10810725000886 87.97335742340512 1.064149634662124 0.07879782312342758 1.9778158018407428 4.0 -1.0 -1.0 -1.0 -1.0 
309.73 31.52 20260420.0 -1.0 0.29598283922 173.6735014766964 2.585480425615838 0.027648358990676344 18.997072751318214 32.0 19.05642388636302 32.0 0.29597989244697 173.5544552787385 
309.73 31.52 20260420.0 -1.0 3.311258 45.95679696580121 1.9789264031317397 0.05391430003181888 8.730058641686623 16.0 8.955813498922952 32.0 3.311227677234759 46.14625749685408 
309.73 31.52 20260420.0 -1.0 64.25074255867916 0.0 1.928983588967751 0.027648358990676344 10.78807697931284 4.0 -1.0 -1.0 -1.0 -1.0 
309.73 31.52 20260420.0 -1.0 0.1875919879429402 378.8310081294693 1.5831422964399675 0.031795612839277794 0.8272574806635326 4.0 -1.0 -1.0 -1.0 -1.0 
310.1 31.52 20260420.0 -1.0 0.001825784769133523 104.66452938883255 0.10962358241973885 0.03732528463741307 2.31950299435461 1.0 -1.0 -1.0 -1.0 -1.0 
310.1 31.52 20260420.0 -1.0 90.69075662851931 44.4334039575779 0.017402997684605615 0.009676925646736721 0.7790110593105573 4.0 -1.0 -1.0 -1.0 -1.0 
310.1 31.52 20260420.0 -1.0 2.766481 7.880362233941793 0.32972495312000377 0.04700221028414979 0.38124556347791466 2.0 -1.0 -1.0 -1.0 -1.0 
310.1 31.52 20260420.0 -1.0 13.908404438658986 18.424508884990672 0.16174128236432772 0.017971433343939622 1.941033704470955 32.0 -1.0 -1.0 -1.0 -1.0 
310.1 31.52 20260420.0 -1.0 2.973315119239 104.07257729614209 0.11300699081019756 0.006912089747669086 2.167720760121694 2.0 -1.0 -1.0 -1.0 -1.0 
310.1 31.52 20260420.0 -1.0 1.885156 21.236281325270372 0.010195319497075278 0.006912089747669086 1.4016741141350957 2.0 -1.0 -1.0 -1.0 -1.0 
310.1 31.52 20260420.0 -1.0 0.027986834622936625 105.69516026449898 0.1721169265377827 0.0967692564673672 -0.34285784491332993 1.0 -1.0 -1.0 -1.0 -1.0 
310.1 31.52 20260420.0 -1.0 0.0016127350519334715 158.54274039674846 0.07079213307799322 0.026265941041142528 3.523434010425152 1.0 -1.0 -1.0 -1.0 -1.0 
310.1 31.52 20260420.0 -1.0 83.49080634884763 264.23790066124747 0.3098482980024649 0.07603298722435994 0.8496379883686321 2.0 -1.0 -1.0 -1.0 -1.0 
310.1 31.52 20260420.0 -1.0 6.3945110925 317.0854807934969 0.029440616134162323 0.03041319488974398 1.0253287349301559 4.0 -1.0 -1.0 -1.0 -1.0 
310.1 31.52 20260420.0 -1.0 74.097014488305 74.8079457137573 1.1827890376323114 0.02903077694021016 3.504166645179385 4.0 -1.0 -1.0 -1.0 -1.0 
310.1 31.52 20260420.0 -1.0 1.6204639826 41.10367343619405 6.475616606274888 0.016589015394405805 93.15088904653634 32.0 93.20437023035795 32.0 1.6204770266388855 41.08636084149728 
310.1 31.52 20260420.0 -1.0 140.98070040943614 88.57083186881057 1.8972642035408067 0.031795612839277794 7.035574773422187 1.0 7.2018084331732215 2.0 70.49044749389093 88.54819146874414 
310.1 31.52 20260420.0 -1.0 0.02393848373238359 189.94262774205242 2.63052239910407 0.07050331542622468 1.3725136669607612 8.0 -1.0 -1.0 -1.0 -1.0 
310.1 31.52 20260420.0 -1.0 0.0013794497421910753 76.69479300920815 6.030843209777203 0.017971433343939622 3.7816802800168903 2.0 -1.0 -1.0 -1.0 -1.0 
310.1 31.52 20260420.0 -1.0 0.007115507526254343 51.98079313938131 4.493298353164939 0.030413194889743984 1.1562471226015063 8.0 -1.0 -1.0 -1.0 -1.0 
310.1 31.52 20260420.0 -1.0 46.49598409213 0.0 2.2690056826282254 0.012441761545804354 18.947076706204186 8.0 -1.0 -1.0 -1.0 -1.0 
310.1 31.52 20260420.0 -1.0 239.51996484444 52.84758013224949 7.744420018433866 0.012441761545804354 38.5730634223991 1.0 38.57306259829688 1.0 239.51967402050894 52.82532108192507 
310.1 31.52 20260420.0 -1.0 4.058853361137083 211.39032052899796 1.4481584463104344 0.022118687192541075 10.793746471443281 32.0 10.929632495330269 32.0 4.058862638582165 211.40248226080743 
310.1 31.52 20260420.0 -1.0 0.54619216715 369.9330609257464 2.1889408362336806 0.04700221028414978 2.089724413925395 16.0 -1.0 -1.0 -1.0 -1.0 
310.1 31.52 20260420.0 -1.0 0.001825784769133523 104.66452938883255 0.10962358241973885 0.03732528463741307 2.3195029949363892 1.0 -1.0 -1.0 -1.0 -1.0 
310.1 31.52 20260420.0 -1.0 90.69075662851931 44.4334039575779 0.017402997684605615 0.009676925646736721 0.7799554416009572 4.0 -1.0 -1.0 -1.0 -1.0 
310.1 31.52 20260420.0 -1.0 2.766481 7.880362233941793 0.32972495312000377 0.04700221028414979 0.37892007137842015 2.0 -1.0 -1.0 -1.0 -1.0 
310.1 31.52 20260420.0 -1.0 13.908404438658986 18.424508884990672 0.16174128236432772 0.017971433343939622 1.9407368440686144 32.0 -1.0 -1.0 -1.0 -1.0 
310.1 31.52 20260420.0 -1.0 2.973315119239 104.07257729614209 0.11300699081019756 0.006912089747669086 2.167714064068847 2.0 -1.0 -1.0 -1.0 -1.0 
310.1 31.52 20260420.0 -1.0 1.885156 21.236281325270372 0.010195319497075278 0.006912089747669086 1.4049827611293684 2.0 -1.0 -1.0 -1.0 -1.0 
310.1 31.52 20260420.0 -1.0 0.027986834622936625 105.69516026449898 0.1721169265377827 0.0967692564673672 -0.3428578450708676 1.0 -1.0 -1.0 -1.0 -1.0 
310.1 31.52 20260420.0 -1.0 0.0016127350519334715 158.54274039674846 0.07079213307799322 0.026265941041142528 3.5234340130681643 1.0 -1.0 -1.0 -1.0 -1.0 
310.1 31.52 20260420.0 -1.0 83.49080634884763 264.23790066124747 0.3098482980024649 0.07603298722435994 0.8495459452083147 2.0 -1.0 -1.0 -1.0 -1.0 
310.1 31.52 20260420.0 -1.0 6.3945110925 317.0854807934969 0.029440616134162323 0.03041319488974398 1.0247571430891662 4.0 -1.0 -1.0 -1.0 -1.0 
310.1 31.52 20260420.0 -1.0 74.097014488305 74.8079457137573 1.1827890376323114 0.02903077694021016 3.5017765851340976 4.0 -1.0 -1.0 -1.0 -1.0 
310.1 31.52 20260420.0 -1.0 1.6204639826 41.10367343619405 6.475616606274888 0.016589015394405805 93.1512026774656 32.0 93.20468760929883 32.0 1.6204770266388855 41.08636084149728 
310.1 31.52 20260420.0 -1.0 140.98070040943614 88.57083186881057 1.8972642035408067 0.031795612839277794 7.033576418135348 1.0 7.199635060501013 2.0 70.49044749389093 88.54819146874414 
310.1 31.52 20260420.0 -1.0 0.02393848373238359 189.94262774205242 2.63052239910407 0.07050331542622468 1.3725142956813037 8.0 -1.0 -1.0 -1.0 -1.0 
310.1 31.52 20260420.0 -1.0 0.0013794497421910753 76.69479300920815 6.030843209777203 0.017971433343939622 3.7816802800168903 2.0 -1.0 -1.0 -1.0 -1.0 
310.1 31.52 20260420.0 -1.0 0.007115507526254343 51.98079313938131 4.493298353164939 0.030413194889743984 1.1562786925941835 8.0 -1.0 -1.0 -1.0 -1.0 
310.1 31.52 20260420.0 -1.0 46.49598409213 0.0 2.2690056826282254 0.012441761545804354 18.936439604451383 8.0 -1.0 -1.0 -1.0 -1.0 
310.1 31.52 20260420.0 -1.0 239.51996484444 52.84758013224949 7.744420018433866 0.012441761545804354 38.57515721999201 1.0 38.57515612573651 1.0 239.51967402050894 52.82532108192507 
310.1 31.52 20260420.0 -1.0 4.058853361137083 211.39032052899796 1.4481584463104344 0.022118687192541075 10.791329545395595 32.0 10.927223407074596 32.0 4.058862638582165 211.40248226080743 
310.1 31.52 20260420.0 -1.0 0.54619216715 369.9330609257464 2.1889408362336806 0.04700221028414978 2.475017791332963 16.0 -1.0 -1.0 -1.0 -1.0 
310.1 31.52 20260420.0 -1.0 0.001825784769133523 104.66452938883255 0.10962358241973885 0.03732528463741307 2.3195029949363892 1.0 -1.0 -1.0 -1.0 -1.0 
310.1 31.52 20260420.0 -1.0 90.69075662851931 44.4334039575779 0.017402997684605615 0.009676925646736721 0.7799554416009572 4.0 -1.0 -1.0 -1.0 -1.0 
310.1 31.52 20260420.0 -1.0 2.766481 7.880362233941793 0.32972495312000377 0.04700221028414979 0.37892007137842015 2.0 -1.0 -1.0 -1.0 -1.0 
310.1 31.52 20260420.0 -1.0 13.908404438658986 18.424508884990672 0.16174128236432772 0.017971433343939622 1.9407368440686144 32.0 -1.0 -1.0 -1.0 -1.0 
310.1 31.52 20260420.0 -1.0 2.973315119239 104.07257729614209 0.11300699081019756 0.006912089747669086 2.167714064068847 2.0 -1.0 -1.0 -1.0 -1.0 
310.1 31.52 20260420.0 -1.0 1.885156 21.236281325270372 0.010195319497075278 0.006912089747669086 1.4049827611293684 2.0 -1.0 -1.0 -1.0 -1.0 
310.1 31.52 20260420.0 -1.0 0.027986834622936625 105.69516026449898 0.1721169265377827 0.0967692564673672 -0.3428578450708676 1.0 -1.0 -1.0 -1.0 -1.0 
310.1 31.52 20260420.0 -1.0 0.0016127350519334715 158.54274039674846 0.07079213307799322 0.026265941041142528 3.5234340130681643 1.0 -1.0 -1.0 -1.0 -1.0 
310.1 31.52 20260420.0 -1.0 83.49080634884763 264.23790066124747 0.3098482980024649 0.07603298722435994 0.8495459452083147 2.0 -1.0 -1.0 -1.0 -1.0 
310.1 31.52 20260420.0 -1.0 6.3945110925 317.0854807934969 0.029440616134162323 0.03041319488974398 1.0247571430891662 4.0 -1.0 -1.0 -1.0 -1.0 
310.1 31.52 20260420.0 -1.0 74.097014488305 74.8079457137573 1.1827890376323114 0.02903077694021016 3.5017765851340976 4.0 -1.0 -1.0 -1.0 -1.0 
310.1 31.52 20260420.0 -1.0 1.6204639826 41.10367343619405 6.475616606274888 0.016589015394405805 93.1512026774656 32.0 93.20468760929883 32.0 1.6204770266388855 41.08636084149728 
310.1 31.52 20260420.0 -1.0 140.98070040943614 88.57083186881057 1.8972642035408067 0.031795612839277794 7.033576418135348 1.0 7.199635060501013 2.0 70.49044749389093 88.54819146874414 
310.1 31.52 20260420.0 -1.0 0.02393848373238359 189.94262774205242 2.63052239910407 0.07050331542622468 1.3725142956813037 8.0 -1.0 -1.0 -1.0 -1.0 
310.1 31.52 20260420.0 -1.0 0.0013794497421910753 76.69479300920815 6.030843209777203 0.017971433343939622 3.7816802800168903 2.0 -1.0 -1.0 -1.0 -1.0 
310.1 31.52 20260420.0 -1.0 0.007115507526254343 51.98079313938131 4.493298353164939 0.030413194889743984 1.1562786925941835 8.0 -1.0 -1.0 -1.0 -1.0 
310.1 31.52 20260420.0 -1.0 46.49598409213 0.0 2.2690056826282254 0.012441761545804354 18.936439604451383 8.0 -1.0 -1.0 -1.0 -1.0 
310.1 31.52 20260420.0 -1.0 239.51996484444 52.84758013224949 7.744420018433866 0.012441761545804354 38.57515721999201 1.0 38.57515612573651 1.0 239.51967402050894 52.82532108192507 
310.1 31.52 20260420.0 -1.0 4.058853361137083 211.39032052899796 1.4481584463104344 0.022118687192541075 10.791329545395595 32.0 10.927223407074596 32.0 4.058862638582165 211.40248226080743 
310.1 31.52 20260420.0 -1.0 0.54619216715 369.9330609257464 2.1889408362336806 0.04700221028414978 2.475017791332963 16.0 -1.0 -1.0 -1.0 -1.0 
310.48 31.52 20260420.0 -1.0 25.27732384023036 120.48334007059695 0.12876889861248875 0.024883523091608708 1.7821403522929646 1.0 -1.0 -1.0 -1.0 -1.0 
310.48 31.52 20260420.0 -1.0 1.5356610027 46.370351837437795 0.13137473444842837 0.02350110514207489 1.8067306959311327 32.0 -1.0 -1.0 -1.0 -1.0 
310.48 31.52 20260420.0 -1.0 19.09797827442391 85.36195814068112 0.010237667493371768 0.016589015394405805 -0.3011459772404113 1.0 -1.0 -1.0 -1.0 -1.0 
310.48 31.52 20260420.0 -1.0 0.02876925206887042 161.391973399881 0.015389294896455881 0.017971433343939622 0.6153910857877369 1.0 -1.0 -1.0 -1.0 -1.0 
310.48 31.52 20260420.0 -1.0 9.113052359600674 41.52352879046692 0.02883672890251542 0.037325284637413074 1.232362599707023 4.0 -1.0 -1.0 -1.0 -1.0 
310.48 31.52 20260420.0 -1.0 3.2640499276 74.76405401558809 0.01327432056217912 0.024883523091608708 1.941611427239509 32.0 -1.0 -1.0 -1.0 -1.0 
310.48 31.52 20260420.0 -1.0 0.38111810388 46.94907697737462 0.14764438042523004 0.022118687192541075 2.5801780718374405 4.0 -1.0 -1.0 -1.0 -1.0 
310.48 31.52 20260420.0 -1.0 3.954598770482 73.35341148699209 0.4983905017081919 0.008294507697202903 10.666235787034775 32.0 10.9400619751844 32.0 3.9546042292689285 73.36850150267371 
310.48 31.52 20260420.0 -1.0 0.560061 50.16823556827318 0.804434242581186 0.031795612839277794 4.1898266708675544 16.0 -1.0 -1.0 -1.0 -1.0 
310.48 31.52 20260420.0 -1.0 264.19215 0.0 0.05632161084642734 0.052531882082285056 1.7524521743022452 1.0 -1.0 -1.0 -1.0 -1.0 
310.48 31.52 20260420.0 -1.0 0.73597310008 103.33344061121919 0.22863141994216765 0.017971433343939622 1.9604411453761639 32.0 -1.0 -1.0 -1.0 -1.0 
310.48 31.52 20260420.0 -1.0 0.857118 155.00016091682878 0.05173344232089789 0.049767046183217416 1.9858654302062264 32.0 -1.0 -1.0 -1.0 -1.0 
310.48 31.52 20260420.0 -1.0 0.009077853991937557 258.33360152804795 0.054710893493953076 0.009676925646736721 0.3544296487814239 4.0 -1.0 -1.0 -1.0 -1.0 
310.48 31.52 20260420.0 -1.0 0.00843432671853378 17.397924519350685 5.285332418266483 0.049767046183217416 0.5957647378976666 1.0 -1.0 -1.0 -1.0 -1.0 
310.48 31.52 20260420.0 -1.0 0.9623924225933 23.76390105865572 7.569861067277131 0.022118687192541075 101.29837775321602 32.0 101.63331996899356 32.0 0.9623969769260536 23.579118413962725 
310.48 31.52 20260420.0 -1.0 255.917115508 53.3512238379257 9.855969932773757 0.011059343596270537 47.91030581004913 1.0 47.76372918245493 2.0 127.95838604991636 53.331310747460755 
310.48 31.52 20260420.0 -1.0 322.350432991279 51.666720305609594 9.281042462954984 0.017971433343939622 37.797835481346915 1.0 37.634057026118846 2.0 161.1750728140275 51.71214381774657 
310.48 31.52 20260420.0 -1.0 0.2753933549 206.66688122243838 6.848312320992875 0.019353851293473442 82.84988679345072 32.0 45.8139490354604 32.0 0.20654624677263203 205.9377938730221 
310.48 31.52 20260420.0 -1.0 1.334812202073005 310.00032183365755 2.867779491143187 0.04561979233461597 3.5503927187307354 2.0 -1.0 -1.0 -1.0 -1.0 
310.48 31.52 20260420.0 -1.0 1.601609 361.66704213926715 6.281737843536546 0.009676925646736721 5.812254687561199 4.0 -1.0 -1.0 -1.0 -1.0 
310.48 31.52 20260420.0 -1.0 25.27732384023036 120.48334007059695 0.12876889861248875 0.024883523091608708 1.7821397992571026 1.0 -1.0 -1.0 -1.0 -1.0 
310.48 31.52 20260420.0 -1.0 1.5356610027 46.370351837437795 0.13137473444842837 0.02350110514207489 1.8066983350319215 32.0 -1.0 -1.0 -1.0 -1.0 
310.48 31.52 20260420.0 -1.0 19.09797827442391 85.36195814068112 0.010237667493371768 0.016589015394405805 -0.3011459772088251 1.0 -1.0 -1.0 -1.0 -1.0 
310.48 31.52 20260420.0 -1.0 0.02876925206887042 161.391973399881 0.015389294896455881 0.017971433343939622 0.615391086029441 1.0 -1.0 -1.0 -1.0 -1.0 
310.48 31.52 20260420.0 -1.0 9.113052359600674 41.52352879046692 0.02883672890251542 0.037325284637413074 1.2324613799399051 4.0 -1.0 -1.0 -1.0 -1.0 
310.48 31.52 20260420.0 -1.0 3.2640499276 74.76405401558809 0.01327432056217912 0.024883523091608708 1.942633136069509 32.0 -1.0 -1.0 -1.0 -1.0 
310.48 31.52 20260420.0 -1.0 0.38111810388 46.94907697737462 0.14764438042523004 0.022118687192541075 2.580178669295034 4.0 -1.0 -1.0 -1.0 -1.0 
310.48 31.52 20260420.0 -1.0 3.954598770482 73.35341148699209 0.4983905017081919 0.008294507697202903 10.66618712244182 32.0 10.940013043671156 32.0 3.9546042292689285 73.36850150267371 
310.48 31.52 20260420.0 -1.0 0.560061 50.16823556827318 0.804434242581186 0.031795612839277794 4.189402796579064 16.0 -1.0 -1.0 -1.0 -1.0 
310.48 31.52 20260420.0 -1.0 264.19215 0.0 0.05632161084642734 0.052531882082285056 1.754634857871728 1.0 -1.0 -1.0 -1.0 -1.0 
310.48 31.52 20260420.0 -1.0 0.73597310008 103.33344061121919 0.22863141994216765 0.017971433343939622 1.9604887749439068 32.0 -1.0 -1.0 -1.0 -1.0 
310.48 31.52 20260420.0 -1.0 0.857118 155.00016091682878 0.05173344232089789 0.049767046183217416 1.9858654302062264 32.0 -1.0 -1.0 -1.0 -1.0 
310.48 31.52 20260420.0 -1.0 0.009077853991937557 258.33360152804795 0.054710893493953076 0.009676925646736721 0.3544296487814239 4.0 -1.0 -1.0 -1.0 -1.0 
310.48 31.52 20260420.0 -1.0 0.00843432671853378 17.397924519350685 5.285332418266483 0.049767046183217416 0.5958166750223546 1.0 -1.0 -1.0 -1.0 -1.0 
310.48 31.52 20260420.0 -1.0 0.9623924225933 23.76390105865572 7.569861067277131 0.022118687192541075 101.32277787881284 32.0 101.63462886035991 32.0 0.9623969769260536 23.579118413962725 
310.48 31.52 20260420.0 -1.0 255.917115508 53.3512238379257 9.855969932773757 0.011059343596270537 47.92591303226479 1.0 47.77937249379594 2.0 127.95838604991636 53.331310747460755 
310.48 31.52 20260420.0 -1.0 322.350432991279 51.666720305609594 9.281042462954984 0.017971433343939622 37.796107531842544 1.0 37.63232205726986 2.0 161.1750728140275 51.71214381774657 
310.48 31.52 20260420.0 -1.0 0.2753933549 206.66688122243838 6.848312320992875 0.019353851293473442 82.84988679345072 32.0 45.8133782761316 32.0 0.20654624677263203 205.9377938730221 
310.48 31.52 20260420.0 -1.0 1.334812202073005 310.00032183365755 2.867779491143187 0.04561979233461597 3.550964391080579 2.0 -1.0 -1.0 -1.0 -1.0 
310.48 31.52 20260420.0 -1.0 1.601609 361.66704213926715 6.281737843536546 0.009676925646736721 5.813175667514427 4.0 -1.0 -1.0 -1.0 -1.0 
310.48 31.52 20260420.0 -1.0 25.27732384023036 120.48334007059695 0.12876889861248875 0.024883523091608708 1.7821397992571026 1.0 -1.0 -1.0 -1.0 -1.0 
310.48 31.52 20260420.0 -1.0 1.5356610027 46.370351837437795 0.13137473444842837 0.02350110514207489 1.8066983350319215 32.0 -1.0 -1.0 -1.0 -1.0 
310.48 31.52 20260420.0 -1.0 19.09797827442391 85.36195814068112 0.010237667493371768 0.016589015394405805 -0.3011459772088251 1.0 -1.0 -1.0 -1.0 -1.0 
310.48 31.52 20260420.0 -1.0 0.02876925206887042 161.391973399881 0.015389294896455881 0.017971433343939622 0.615391086029441 1.0 -1.0 -1.0 -1.0 -1.0 
310.48 31.52 20260420.0 -1.0 9.113052359600674 41.52352879046692 0.02883672890251542 0.037325284637413074 1.2324613799399051 4.0 -1.0 -1.0 -1.0 -1.0 
310.48 31.52 20260420.0 -1.0 3.2640499276 74.76405401558809 0.01327432056217912 0.024883523091608708 1.942633136069509 32.0 -1.0 -1.0 -1.0 -1.0 
310.48 31.52 20260420.0 -1.0 0.38111810388 46.94907697737462 0.14764438042523004 0.022118687192541075 2.580178669295034 4.0 -1.0 -1.0 -1.0 -1.0 
310.48 31.52 20260420.0 -1.0 3.954598770482 73.35341148699209 0.4983905017081919 0.008294507697202903 10.66618712244182 32.0 10.940013043671156 32.0 3.9546042292689285 73.36850150267371 
310.48 31.52 20260420.0 -1.0 0.560061 50.16823556827318 0.804434242581186 0.031795612839277794 4.189402796579064 16.0 -1.0 -1.0 -1.0 -1.0 
310.48 31.52 20260420.0 -1.0 264.19215 0.0 0.05632161084642734 0.052531882082285056 1.754634857871728 1.0 -1.0 -1.0 -1.0 -1.0 
310.48 31.52 20260420.0 -1.0 0.73597310008 103.33344061121919 0.22863141994216765 0.017971433343939622 1.9604887749439068 32.0 -1.0 -1.0 -1.0 -1.0 
310.48 31.52 20260420.0 -1.0 0.857118 155.00016091682878 0.05173344232089789 0.049767046183217416 1.9858654302062264 32.0 -1.0 -1.0 -1.0 -1.0 
310.48 31.52 20260420.0 -1.0 0.009077853991937557 258.33360152804795 0.054710893493953076 0.009676925646736721 0.3544296487814239 4.0 -1.0 -1.0 -1.0 -1.0 
310.48 31.52 20260420.0 -1.0 0.00843432671853378 17.397924519350685 5.285332418266483 0.049767046183217416 0.5958166750223546 1.0 -1.0 -1.0 -1.0 -1.0 
310.48 31.52 20260420.0 -1.0 0.9623924225933 23.76390105865572 7.569861067277131 0.022118687192541075 101.32277787881284 32.0 101.63462886035991 32.0 0.9623969769260536 23.579118413962725 
310.48 31.52 20260420.0 -1.0 255.917115508 53.3512238379257 9.855969932773757 0.011059343596270537 47.92591303226479 1.0 47.77937249379594 2.0 127.95838604991636 53.331310747460755 
310.48 31.52 20260420.0 -1.0 322.350432991279 51.666720305609594 9.281042462954984 0.017971433343939622 37.796107531842544 1.0 37.63232205726986 2.0 161.1750728140275 51.71214381774657 
310.48 31.52 20260420.0 -1.0 0.2753933549 206.66688122243838 6.848312320992875 0.019353851293473442 82.84988679345072 32.0 45.8133782761316 32.0 0.20654624677263203 205.9377938730221 
310.48 31.52 20260420.0 -1.0 1.334812202073005 310.00032183365755 2.867779491143187 0.04561979233461597 3.550964391080579 2.0 -1.0 -1.0 -1.0 -1.0 
310.48 31.52 20260420.0 -1.0 1.601609 361.66704213926715 6.281737843536546 0.009676925646736721 5.813175667514427 4.0 -1.0 -1.0 -1.0 -1.0 
310.85 31.52 20260420.0 -1.0 1.8515010219 81.77101481786418 0.886124510543721 0.04700221028414978 2.820234844195187 16.0 -1.0 -1.0 -1.0 -1.0 
310.85 31.52 20260420.0 -1.0 1.62980401915 104.2040842226785 0.5362569543451353 0.06082638977948797 0.9986885086907688 8.0 -1.0 -1.0 -1.0 -1.0 
310.85 31.52 20260420.0 -1.0 3.038561754699288 83.57556771951329 0.5854323911634344 0.03317803078881161 3.9155486871621497 16.0 -1.0 -1.0 -1.0 -1.0 
310.85 31.52 20260420.0 -1.0 0.0041753537600435695 46.67069171127774 0.26986285727822834 0.016589015394405805 1.776625980674876 1.0 -1.0 -1.0 -1.0 -1.0 
310.85 31.52 20260420.0 -1.0 0.7493121892 169.5218225843303 0.29420284267010577 0.013824179495338172 3.7600328792316056 32.0 -1.0 -1.0 -1.0 -1.0 
310.85 31.52 20260420.0 -1.0 1.3711635767547 64.50392038639828 0.7923004251845865 0.058061553880420315 1.2203887898694457 16.0 -1.0 -1.0 -1.0 -1.0 
310.85 31.52 20260420.0 -1.0 2.15829087809 30.394332206207416 0.06178443619080862 0.012441761545804354 1.283776264455818 1.0 -1.0 -1.0 -1.0 -1.0 
310.85 31.52 20260420.0 -1.0 1.141728981344834 113.9698999257207 0.18660663981924158 0.02350110514207489 2.241175753004265 8.0 -1.0 -1.0 -1.0 -1.0 
310.85 31.52 20260420.0 -1.0 0.5643 76.81734018588627 0.3819954639140124 0.16036048214592277 1.9459765275950125 4.0 -1.0 -1.0 -1.0 -1.0 
310.85 31.52 20260420.0 -1.0 7.617767808009269 50.54264555627274 0.019531206551487337 0.012441761545804354 1.5625134175538775 1.0 -1.0 -1.0 -1.0 -1.0 
310.85 31.52 20260420.0 -1.0 4.23410191865 101.08529111254548 0.2466829957540348 0.024883523091608708 3.0142465760457737 32.0 -1.0 -1.0 -1.0 -1.0 
310.85 31.52 20260420.0 -1.0 0.0026249295204437803 151.62793666881822 0.016731017452555386 0.07188573337575849 2.583710959753385 2.0 -1.0 -1.0 -1.0 -1.0 
310.85 31.52 20260420.0 -1.0 48.99209942951717 303.25587333763644 0.03270027877808285 0.06635606157762322 0.25621179175527264 1.0 -1.0 -1.0 -1.0 -1.0 
310.85 31.52 20260420.0 -1.0 395.256917 22.503836185271147 5.535722578609738 0.017971433343939622 17.515206958801087 1.0 -1.0 -1.0 -1.0 -1.0 
310.85 31.52 20260420.0 -1.0 0.73214 25.54680774491473 1.1207402013097798 0.012441761545804354 17.32284297568627 32.0 17.496725119766527 32.0 0.7321432349272072 25.603077076105446 
310.85 31.52 20260420.0 -1.0 3.264527695 77.10040730771357 3.9953989948302135 0.04285495643554833 23.21904452303758 16.0 23.21904492132195 16.0 3.264540282543749 77.11282502763774 
310.85 31.52 20260420.0 -1.0 174.825175 0.0 2.706096218036256 0.049767046183217416 6.682808487120374 2.0 -1.0 -1.0 -1.0 -1.0 
310.85 31.52 20260420.0 -1.0 0.581825 202.17058222509095 4.918913516317409 0.0483846282336836 22.000920379713545 16.0 22.221974374051882 16.0 0.5818340772142013 201.99107448184378 
310.85 31.52 20260420.0 -1.0 6.109834011889509 252.71322778136368 7.177704892187014 0.02764835899067634 55.620607916104866 16.0 55.62060627160666 16.0 6.109864140550296 252.69123896851897 
310.85 31.52 20260420.0 -1.0 0.562778 353.79851889390915 5.535722578609738 0.016589015394405805 6.97449261624923 8.0 -1.0 -1.0 -1.0 -1.0 
310.85 31.52 20260420.0 -1.0 1.8515010219 81.77101481786418 0.886124510543721 0.04700221028414978 2.820234844195187 16.0 -1.0 -1.0 -1.0 -1.0 
310.85 31.52 20260420.0 -1.0 1.62980401915 104.2040842226785 0.5362569543451353 0.06082638977948797 0.9986885086907688 8.0 -1.0 -1.0 -1.0 -1.0 
310.85 31.52 20260420.0 -1.0 3.038561754699288 83.57556771951329 0.5854323911634344 0.03317803078881161 3.9155486871621497 16.0 -1.0 -1.0 -1.0 -1.0 
310.85 31.52 20260420.0 -1.0 0.0041753537600435695 46.67069171127774 0.26986285727822834 0.016589015394405805 1.776625980674876 1.0 -1.0 -1.0 -1.0 -1.0 
310.85 31.52 20260420.0 -1.0 0.7493121892 169.5218225843303 0.29420284267010577 0.013824179495338172 3.7600328792316056 32.0 -1.0 -1.0 -1.0 -1.0 
310.85 31.52 20260420.0 -1.0 1.3711635767547 64.50392038639828 0.7923004251845865 0.058061553880420315 1.2203887898694457 16.0 -1.0 -1.0 -1.0 -1.0 
310.85 31.52 20260420.0 -1.0 2.15829087809 30.394332206207416 0.06178443619080862 0.012441761545804354 1.283776264455818 1.0 -1.0 -1.0 -1.0 -1.0 
310.85 31.52 20260420.0 -1.0 1.141728981344834 113.9698999257207 0.18660663981924158 0.02350110514207489 2.241175753004265 8.0 -1.0 -1.0 -1.0 -1.0 
310.85 31.52 20260420.0 -1.0 0.5643 76.81734018588627 0.3819954639140124 0.16036048214592277 1.9459765275950125 4.0 -1.0 -1.0 -1.0 -1.0 
310.85 31.52 20260420.0 -1.0 7.617767808009269 50.54264555627274 0.019531206551487337 0.012441761545804354 1.5625134175538775 1.0 -1.0 -1.0 -1.0 -1.0 
310.85 31.52 20260420.0 -1.0 4.23410191865 101.08529111254548 0.2466829957540348 0.024883523091608708 3.0142465760457737 32.0 -1.0 -1.0 -1.0 -1.0 
310.85 31.52 20260420.0 -1.0 0.0026249295204437803 151.62793666881822 0.016731017452555386 0.07188573337575849 2.583710959753385 2.0 -1.0 -1.0 -1.0 -1.0 
310.85 31.52 20260420.0 -1.0 48.99209942951717 303.25587333763644 0.03270027877808285 0.06635606157762322 0.25621179175527264 1.0 -1.0 -1.0 -1.0 -1.0 
310.85 31.52 20260420.0 -1.0 395.256917 22.503836185271147 5.535722578609738 0.017971433343939622 17.515206958801087 1.0 -1.0 -1.0 -1.0 -1.0 
310.85 31.52 20260420.0 -1.0 0.73214 25.54680774491473 1.1207402013097798 0.012441761545804354 17.32284297568627 32.0 17.496725119766527 32.0 0.7321432349272072 25.603077076105446 
310.85 31.52 20260420.0 -1.0 3.264527695 77.10040730771357 3.9953989948302135 0.04285495643554833 23.21904452303758 16.0 23.21904492132195 16.0 3.264540282543749 77.11282502763774 
310.85 31.52 20260420.0 -1.0 174.825175 0.0 2.706096218036256 0.049767046183217416 6.682808487120374 2.0 -1.0 -1.0 -1.0 -1.0 
310.85 31.52 20260420.0 -1.0 0.581825 202.17058222509095 4.918913516317409 0.0483846282336836 22.000920379713545 16.0 22.221974374051882 16.0 0.5818340772142013 201.99107448184378 
310.85 31.52 20260420.0 -1.0 6.109834011889509 252.71322778136368 7.177704892187014 0.02764835899067634 55.620607916104866 16.0 55.62060627160666 16.0 6.109864140550296 252.69123896851897 
310.85 31.52 20260420.0 -1.0 0.562778 353.79851889390915 5.535722578609738 0.016589015394405805 6.97449261624923 8.0 -1.0 -1.0 -1.0 -1.0 
310.85 31.52 20260420.0 -1.0 1.8515010219 81.77101481786418 0.886124510543721 0.04700221028414978 2.820234844195187 16.0 -1.0 -1.0 -1.0 -1.0 
310.85 31.52 20260420.0 -1.0 1.62980401915 104.2040842226785 0.5362569543451353 0.06082638977948797 0.9986885086907688 8.0 -1.0 -1.0 -1.0 -1.0 
310.85 31.52 20260420.0 -1.0 3.038561754699288 83.57556771951329 0.5854323911634344 0.03317803078881161 3.9155486871621497 16.0 -1.0 -1.0 -1.0 -1.0 
310.85 31.52 20260420.0 -1.0 0.0041753537600435695 46.67069171127774 0.26986285727822834 0.016589015394405805 1.776625980674876 1.0 -1.0 -1.0 -1.0 -1.0 
310.85 31.52 20260420.0 -1.0 0.7493121892 169.5218225843303 0.29420284267010577 0.013824179495338172 3.7600328792316056 32.0 -1.0 -1.0 -1.0 -1.0 
310.85 31.52 20260420.0 -1.0 1.3711635767547 64.50392038639828 0.7923004251845865 0.058061553880420315 1.2203887898694457 16.0 -1.0 -1.0 -1.0 -1.0 
310.85 31.52 20260420.0 -1.0 2.15829087809 30.394332206207416 0.06178443619080862 0.012441761545804354 1.283776264455818 1.0 -1.0 -1.0 -1.0 -1.0 
310.85 31.52 20260420.0 -1.0 1.141728981344834 113.9698999257207 0.18660663981924158 0.02350110514207489 2.241175753004265 8.0 -1.0 -1.0 -1.0 -1.0 
310.85 31.52 20260420.0 -1.0 0.5643 76.81734018588627 0.3819954639140124 0.16036048214592277 1.9459765275950125 4.0 -1.0 -1.0 -1.0 -1.0 
310.85 31.52 20260420.0 -1.0 7.617767808009269 50.54264555627274 0.019531206551487337 0.012441761545804354 1.5625134175538775 1.0 -1.0 -1.0 -1.0 -1.0 
310.85 31.52 20260420.0 -1.0 4.23410191865 101.08529111254548 0.2466829957540348 0.024883523091608708 3.0142465760457737 32.0 -1.0 -1.0 -1.0 -1.0 
310.85 31.52 20260420.0 -1.0 0.0026249295204437803 151.62793666881822 0.016731017452555386 0.07188573337575849 2.583710959753385 2.0 -1.0 -1.0 -1.0 -1.0 
310.85 31.52 20260420.0 -1.0 48.99209942951717 303.25587333763644 0.03270027877808285 0.06635606157762322 0.25621179175527264 1.0 -1.0 -1.0 -1.0 -1.0 
310.85 31.52 20260420.0 -1.0 395.256917 22.503836185271147 5.535722578609738 0.017971433343939622 17.515206958801087 1.0 -1.0 -1.0 -1.0 -1.0 
310.85 31.52 20260420.0 -1.0 0.73214 25.54680774491473 1.1207402013097798 0.012441761545804354 17.32284297568627 32.0 17.496725119766527 32.0 0.7321432349272072 25.603077076105446 
310.85 31.52 20260420.0 -1.0 3.264527695 77.10040730771357 3.9953989948302135 0.04285495643554833 23.21904452303758 16.0 23.21904492132195 16.0 3.264540282543749 77.11282502763774 
310.85 31.52 20260420.0 -1.0 174.825175 0.0 2.706096218036256 0.049767046183217416 6.682808487120374 2.0 -1.0 -1.0 -1.0 -1.0 
310.85 31.52 20260420.0 -1.0 0.581825 202.17058222509095 4.918913516317409 0.0483846282336836 22.000920379713545 16.0 22.221974374051882 16.0 0.5818340772142013 201.99107448184378 
310.85 31.52 20260420.0 -1.0 6.109834011889509 252.71322778136368 7.177704892187014 0.02764835899067634 55.620607916104866 16.0 55.62060627160666 16.0 6.109864140550296 252.69123896851897 
310.85 31.52 20260420.0 -1.0 0.562778 353.79851889390915 5.535722578609738 0.016589015394405805 6.97449261624923 8.0 -1.0 -1.0 -1.0 -1.0 
311.23 31.52 20260420.0 -1.0 0.135722 200.0926430262613 0.08016603408645061 0.038707702586946884 1.4086883049392809 1.0 -1.0 -1.0 -1.0 -1.0 
311.23 31.52 20260420.0 -1.0 0.028375346691750812 35.6343595835969 0.09306724964577999 0.026265941041142528 0.6438162866243469 4.0 -1.0 -1.0 -1.0 -1.0 
311.23 31.52 20260420.0 -1.0 3.1523501692506883 40.96739299066582 0.5976922819163438 0.016589015394405805 9.551932690404758 32.0 9.607632869902938 32.0 3.1523389528350285 40.883964975283 
311.23 31.52 20260420.0 -1.0 2.269537144722 103.75174082843178 0.4949592636869072 0.041472538486014524 1.9459024692325455 32.0 -1.0 -1.0 -1.0 -1.0 
311.23 31.52 20260420.0 -1.0 3.2406434977785 49.24398379774032 0.12630197479287292 0.09262200261876574 2.1327931132517 16.0 -1.0 -1.0 -1.0 -1.0 
311.23 31.52 20260420.0 -1.0 0.6950512147921458 0.0 0.01494918311769915 0.056679135930886505 0.6286419761826095 8.0 -1.0 -1.0 -1.0 -1.0 
311.23 31.52 20260420.0 -1.0 117.30802716915545 49.46660578597603 0.41644912717543897 0.024883523091608708 1.968058754424913 1.0 -1.0 -1.0 -1.0 -1.0 
311.23 31.52 20260420.0 -1.0 0.828074420138 98.93321157195206 0.23830750171133577 0.027648358990676344 1.001332876141038 1.0 -1.0 -1.0 -1.0 -1.0 
311.23 31.52 20260420.0 -1.0 61.93152364676491 197.86642314390411 0.010575537029719832 0.04147253848601452 3.604751706519023 1.0 -1.0 -1.0 -1.0 -1.0 
311.23 31.52 20260420.0 -1.0 3.05756410294 247.33302892988013 0.03359329666583286 0.035942866687879244 1.941881671470568 16.0 -1.0 -1.0 -1.0 -1.0 
311.23 31.52 20260420.0 -1.0 0.4384806660675 346.2662405018322 0.6273064427408269 0.027648358990676344 1.6350468211359044 32.0 -1.0 -1.0 -1.0 -1.0 
311.23 31.52 20260420.0 -1.0 0.012638067548455246 25.106813117694607 2.8618420759827226 0.024883523091608708 0.9567087441455813 4.0 -1.0 -1.0 -1.0 -1.0 
311.23 31.52 20260420.0 -1.0 1.073268736517 179.55700140034006 3.30865866006508 0.03041319488974398 30.24452209348816 32.0 30.553630803303843 32.0 1.0732643810721736 179.4239353989524 
311.23 31.52 20260420.0 -1.0 2.3101681601 134.46862804966642 1.2823624751348843 0.02350110514207489 13.436577951756304 16.0 13.601575786255445 16.0 2.310177175483356 134.49205309938392 
311.23 31.52 20260420.0 -1.0 0.11160639382368284 58.386326781287046 4.225349001833232 0.024883523091608708 21.41370612526178 32.0 22.106745320800368 32.0 0.11159499990753831 59.706780533210335 
311.23 31.52 20260420.0 -1.0 0.5324275311542859 63.85788053659152 1.727124847981277 0.02350110514207489 16.804446645991597 32.0 16.86002209581904 32.0 0.5324181984178722 63.55230199128151 
311.23 31.52 20260420.0 -1.0 0.2925653886 61.98785583541151 1.4632432576827121 0.02073626924300726 16.725500007680214 32.0 17.10518388949549 32.0 0.29255412907029194 61.83193712846018 
311.23 31.52 20260420.0 -1.0 0.17190722018585744 56.9318631248137 1.7681729913172577 0.013824179495338172 22.1642988083519 32.0 22.412245399544005 32.0 0.17189449863508344 58.39120740281755 
311.23 31.52 20260420.0 -1.0 1.194572 148.3998173579281 6.0600784711585245 0.006912089747669086 138.96831833799456 32.0 101.6141074121078 32.0 0.29864774357217055 148.8621596005973 
311.23 31.52 20260420.0 -1.0 98.05993400760246 296.7996347158562 4.942758560428077 0.03317803078881161 2.149483492075203 1.0 -1.0 -1.0 -1.0 -1.0 
311.23 31.52 20260420.0 -1.0 0.135722 200.0926430262613 0.08016603408645061 0.038707702586946884 1.4086883049392809 1.0 -1.0 -1.0 -1.0 -1.0 
311.23 31.52 20260420.0 -1.0 0.028375346691750812 35.6343595835969 0.09306724964577999 0.026265941041142528 0.6438163374609335 4.0 -1.0 -1.0 -1.0 -1.0 
311.23 31.52 20260420.0 -1.0 3.1523501692506883 40.96739299066582 0.5976922819163438 0.016589015394405805 9.545917908566693 32.0 9.593338263274651 32.0 3.1523389528350285 40.883964975283 
311.23 31.52 20260420.0 -1.0 2.269537144722 103.75174082843178 0.4949592636869072 0.041472538486014524 1.9484995808915504 32.0 -1.0 -1.0 -1.0 -1.0 
311.23 31.52 20260420.0 -1.0 3.2406434977785 49.24398379774032 0.12630197479287292 0.09262200261876574 2.127369359855472 16.0 -1.0 -1.0 -1.0 -1.0 
311.23 31.52 20260420.0 -1.0 0.6950512147921458 0.0 0.01494918311769915 0.056679135930886505 0.6226891863036078 8.0 -1.0 -1.0 -1.0 -1.0 
311.23 31.52 20260420.0 -1.0 117.30802716915545 49.46660578597603 0.41644912717543897 0.024883523091608708 1.9689839855235334 1.0 -1.0 -1.0 -1.0 -1.0 
311.23 31.52 20260420.0 -1.0 0.828074420138 98.93321157195206 0.23830750171133577 0.027648358990676344 1.0013319874802038 1.0 -1.0 -1.0 -1.0 -1.0 
311.23 31.52 20260420.0 -1.0 61.93152364676491 197.86642314390411 0.010575537029719832 0.04147253848601452 3.6047997574925144 1.0 -1.0 -1.0 -1.0 -1.0 
311.23 31.52 20260420.0 -1.0 3.05756410294 247.33302892988013 0.03359329666583286 0.035942866687879244 1.9378239122003798 16.0 -1.0 -1.0 -1.0 -1.0 
311.23 31.52 20260420.0 -1.0 0.4384806660675 346.2662405018322 0.6273064427408269 0.027648358990676344 1.6303667341408987 32.0 -1.0 -1.0 -1.0 -1.0 
311.23 31.52 20260420.0 -1.0 0.012638067548455246 25.106813117694607 2.8618420759827226 0.024883523091608708 0.9567527125103896 4.0 -1.0 -1.0 -1.0 -1.0 
311.23 31.52 20260420.0 -1.0 1.073268736517 179.55700140034006 3.30865866006508 0.03041319488974398 30.243455668112016 32.0 30.553377026141284 32.0 1.0732643810721736 179.4239353989524 
311.23 31.52 20260420.0 -1.0 2.3101681601 134.46862804966642 1.2823624751348843 0.02350110514207489 13.43415274670497 16.0 13.599161771807722 16.0 2.310177175483356 134.49205309938392 
311.23 31.52 20260420.0 -1.0 0.11160639382368284 58.386326781287046 4.225349001833232 0.024883523091608708 21.4330926550133 32.0 22.10850480507866 32.0 0.11159499990753831 59.706780533210335 
311.23 31.52 20260420.0 -1.0 0.5324275311542859 63.85788053659152 1.727124847981277 0.02350110514207489 16.81796803552853 32.0 16.87154025058011 32.0 0.5324181984178722 63.55230199128151 
311.23 31.52 20260420.0 -1.0 0.2925653886 61.98785583541151 1.4632432576827121 0.02073626924300726 16.73623584195129 32.0 17.110688222654357 32.0 0.29255412907029194 61.83193712846018 
311.23 31.52 20260420.0 -1.0 0.17190722018585744 56.9318631248137 1.7681729913172577 0.013824179495338172 22.720496391193244 32.0 22.902859904589718 32.0 0.17189449863508344 58.39120740281755 
311.23 31.52 20260420.0 -1.0 1.194572 148.3998173579281 6.0600784711585245 0.006912089747669086 138.95163621094258 32.0 101.62207157420971 32.0 0.29864774357217055 148.8621596005973 
311.23 31.52 20260420.0 -1.0 98.05993400760246 296.7996347158562 4.942758560428077 0.03317803078881161 2.149209361697412 1.0 -1.0 -1.0 -1.0 -1.0 
311.23 31.52 20260420.0 -1.0 0.135722 200.0926430262613 0.08016603408645061 0.038707702586946884 1.4086883049392809 1.0 -1.0 -1.0 -1.0 -1.0 
311.23 31.52 20260420.0 -1.0 0.028375346691750812 35.6343595835969 0.09306724964577999 0.026265941041142528 0.6438163374609335 4.0 -1.0 -1.0 -1.0 -1.0 
311.23 31.52 20260420.0 -1.0 3.1523501692506883 40.96739299066582 0.5976922819163438 0.016589015394405805 9.545917908566693 32.0 9.593338263274651 32.0 3.1523389528350285 40.883964975283 
311.23 31.52 20260420.0 -1.0 2.269537144722 103.75174082843178 0.4949592636869072 0.041472538486014524 1.9484995808915504 32.0 -1.0 -1.0 -1.0 -1.0 
311.23 31.52 20260420.0 -1.0 3.2406434977785 49.24398379774032 0.12630197479287292 0.09262200261876574 2.127369359855472 16.0 -1.0 -1.0 -1.0 -1.0 
311.23 31.52 20260420.0 -1.0 0.6950512147921458 0.0 0.01494918311769915 0.056679135930886505 0.6226891863036078 8.0 -1.0 -1.0 -1.0 -1.0 
311.23 31.52 20260420.0 -1.0 117.30802716915545 49.46660578597603 0.41644912717543897 0.024883523091608708 1.9689839855235334 1.0 -1.0 -1.0 -1.0 -1.0 
311.23 31.52 20260420.0 -1.0 0.828074420138 98.93321157195206 0.23830750171133577 0.027648358990676344 1.0013319874802038 1.0 -1.0 -1.0 -1.0 -1.0 
311.23 31.52 20260420.0 -1.0 61.93152364676491 197.86642314390411 0.010575537029719832 0.04147253848601452 3.6047997574925144 1.0 -1.0 -1.0 -1.0 -1.0 
311.23 31.52 20260420.0 -1.0 3.05756410294 247.33302892988013 0.03359329666583286 0.035942866687879244 1.9378239122003798 16.0 -1.0 -1.0 -1.0 -1.0 
311.23 31.52 20260420.0 -1.0 0.4384806660675 346.2662405018322 0.6273064427408269 0.027648358990676344 1.6303667341408987 32.0 -1.0 -1.0 -1.0 -1.0 
311.23 31.52 20260420.0 -1.0 0.012638067548455246 25.106813117694607 2.8618420759827226 0.024883523091608708 0.9567527125103896 4.0 -1.0 -1.0 -1.0 -1.0 
311.23 31.52 20260420.0 -1.0 1.073268736517 179.55700140034006 3.30865866006508 0.03041319488974398 30.243455668112016 32.0 30.553377026141284 32.0 1.0732643810721736 179.4239353989524 
311.23 31.52 20260420.0 -1.0 2.3101681601 134.46862804966642 1.2823624751348843 0.02350110514207489 13.43415274670497 16.0 13.599161771807722 16.0 2.310177175483356 134.49205309938392 
311.23 31.52 20260420.0 -1.0 0.11160639382368284 58.386326781287046 4.225349001833232 0.024883523091608708 21.4330926550133 32.0 22.10850480507866 32.0 0.11159499990753831 59.706780533210335 
311.23 31.52 20260420.0 -1.0 0.5324275311542859 63.85788053659152 1.727124847981277 0.02350110514207489 16.81796803552853 32.0 16.87154025058011 32.0 0.5324181984178722 63.55230199128151 
311.23 31.52 20260420.0 -1.0 0.2925653886 61.98785583541151 1.4632432576827121 0.02073626924300726 16.73623584195129 32.0 17.110688222654357 32.0 0.29255412907029194 61.83193712846018 
311.23 31.52 20260420.0 -1.0 0.17190722018585744 56.9318631248137 1.7681729913172577 0.013824179495338172 22.720496391193244 32.0 22.902859904589718 32.0 0.17189449863508344 58.39120740281755 
311.23 31.52 20260420.0 -1.0 1.194572 148.3998173579281 6.0600784711585245 0.006912089747669086 138.95163621094258 32.0 101.62207157420971 32.0 0.29864774357217055 148.8621596005973 
311.23 31.52 20260420.0 -1.0 98.05993400760246 296.7996347158562 4.942758560428077 0.03317803078881161 2.149209361697412 1.0 -1.0 -1.0 -1.0 -1.0 
311.6 31.52 20260420.0 -1.0 1.14381850931 31.19142782576676 0.03788417601929282 0.009676925646736721 2.9665882802626866 16.0 -1.0 -1.0 -1.0 -1.0 
311.6 31.52 20260420.0 -1.0 30.623932 99.99002574343174 0.3007792172468115 0.017971433343939622 2.559404733964441 8.0 -1.0 -1.0 -1.0 -1.0 
311.6 31.52 20260420.0 -1.0 2.20532573802 105.9279999684683 0.08769893096646313 0.016589015394405805 1.6155522172747223 4.0 -1.0 -1.0 -1.0 -1.0 
311.6 31.52 20260420.0 -1.0 0.0013731250308870993 71.15331183448983 0.033756144343101924 0.027648358990676344 0.9985614945576018 1.0 -1.0 -1.0 -1.0 -1.0 
311.6 31.52 20260420.0 -1.0 0.132180571 95.55360821897914 0.13311053263353947 0.029030776940210157 1.0036110394866324 4.0 -1.0 -1.0 -1.0 -1.0 
311.6 31.52 20260420.0 -1.0 0.5783421883420734 71.699332452884 0.8344342835781109 0.04147253848601452 2.9108691867956935 16.0 -1.0 -1.0 -1.0 -1.0 
311.6 31.52 20260420.0 -1.0 1.9764535636 90.09340203503747 0.08258319656079104 0.09538683851783337 2.8403261788006597 1.0 -1.0 -1.0 -1.0 -1.0 
311.6 31.52 20260420.0 -1.0 4.1383499949094 78.69522162605925 0.9574103317852701 0.006912089747669086 27.012192069081443 32.0 27.113572997233195 32.0 4.138352475517119 78.73199195735194 
311.6 31.52 20260420.0 -1.0 2.6555518314 35.08182473182519 0.26106080578766205 0.031795612839277794 1.3285644988495378 2.0 -1.0 -1.0 -1.0 -1.0 
311.6 31.52 20260420.0 -1.0 2.862213 0.0 0.1755999760938223 0.02073626924300726 2.5996928768652108 1.0 -1.0 -1.0 -1.0 -1.0 
311.6 31.52 20260420.0 -1.0 161.82052783543514 48.74696574395777 0.9065583023636843 0.12165277955897592 2.4411659952707265 2.0 -1.0 -1.0 -1.0 -1.0 
311.6 31.52 20260420.0 -1.0 14.5484852843 97.49393148791555 0.11347638459718777 0.012441761545804354 2.064084359417019 8.0 -1.0 -1.0 -1.0 -1.0 
311.6 31.52 20260420.0 -1.0 0.250288 146.2408972318733 0.09667151613641069 0.027648358990676344 1.152264032964169 1.0 -1.0 -1.0 -1.0 -1.0 
311.6 31.52 20260420.0 -1.0 277.94006243351 243.73482871978888 0.7471147983930847 0.016589015394405805 2.0011936804526336 1.0 -1.0 -1.0 -1.0 -1.0 
311.6 31.52 20260420.0 -1.0 2.505212314406221 292.4817944637466 0.04946174418327399 0.07741540517389377 1.3625642159143172 1.0 -1.0 -1.0 -1.0 -1.0 
311.6 31.52 20260420.0 -1.0 1.259573 148.65411335781184 3.5160464630911767 0.005529671798135269 125.19014714420352 32.0 91.16762807746987 32.0 2.519148741460716 148.45736786816875 
311.6 31.52 20260420.0 -1.0 1.178 51.18943297445311 5.116475479031465 0.04423737438508215 30.96991857366273 16.0 31.75436069295803 32.0 1.178007854226356 51.20615415221089 
311.6 31.52 20260420.0 -1.0 2.309020280644 37.777801535146395 3.897257270424493 0.01520659744487199 78.88925631069728 32.0 79.29822073030913 32.0 2.30902514886111 37.84802698206892 
311.6 31.52 20260420.0 -1.0 0.7477741603725 194.9878629758311 2.907678295357212 0.011059343596270537 77.22082085794281 32.0 77.38662017998293 32.0 0.7477865437977017 195.31201089677276 
311.6 31.52 20260420.0 -1.0 1.61499182415 341.2287602077044 1.9463857793174721 0.026265941041142528 1.807167689484398 4.0 -1.0 -1.0 -1.0 -1.0 
311.6 31.52 20260420.0 -1.0 1.14381850931 31.19142782576676 0.03788417601929282 0.009676925646736721 2.9665583824916646 16.0 -1.0 -1.0 -1.0 -1.0 
311.6 31.52 20260420.0 -1.0 30.623932 99.99002574343174 0.3007792172468115 0.017971433343939622 2.5606372439560077 8.0 -1.0 -1.0 -1.0 -1.0 
311.6 31.52 20260420.0 -1.0 2.20532573802 105.9279999684683 0.08769893096646313 0.016589015394405805 1.6155678759634704 4.0 -1.0 -1.0 -1.0 -1.0 
311.6 31.52 20260420.0 -1.0 0.0013731250308870993 71.15331183448983 0.033756144343101924 0.027648358990676344 0.9985614947683865 1.0 -1.0 -1.0 -1.0 -1.0 
311.6 31.52 20260420.0 -1.0 0.132180571 95.55360821897914 0.13311053263353947 0.029030776940210157 1.0036110738334862 4.0 -1.0 -1.0 -1.0 -1.0 
311.6 31.52 20260420.0 -1.0 0.5783421883420734 71.699332452884 0.8344342835781109 0.04147253848601452 2.9108691867956935 16.0 -1.0 -1.0 -1.0 -1.0 
311.6 31.52 20260420.0 -1.0 1.9764535636 90.09340203503747 0.08258319656079104 0.09538683851783337 2.8403260878886716 1.0 -1.0 -1.0 -1.0 -1.0 
311.6 31.52 20260420.0 -1.0 4.1383499949094 78.69522162605925 0.9574103317852701 0.006912089747669086 27.018670871874004 32.0 27.120041591312035 32.0 4.138352475517119 78.73199195735194 
311.6 31.52 20260420.0 -1.0 2.6555518314 35.08182473182519 0.26106080578766205 0.031795612839277794 1.3285644988495378 2.0 -1.0 -1.0 -1.0 -1.0 
311.6 31.52 20260420.0 -1.0 2.862213 0.0 0.1755999760938223 0.02073626924300726 2.5996928768652108 1.0 -1.0 -1.0 -1.0 -1.0 
311.6 31.52 20260420.0 -1.0 161.82052783543514 48.74696574395777 0.9065583023636843 0.12165277955897592 2.4414558398322606 2.0 -1.0 -1.0 -1.0 -1.0 
311.6 31.52 20260420.0 -1.0 14.5484852843 97.49393148791555 0.11347638459718777 0.012441761545804354 2.0642023496626294 8.0 -1.0 -1.0 -1.0 -1.0 
311.6 31.52 20260420.0 -1.0 0.250288 146.2408972318733 0.09667151613641069 0.027648358990676344 1.152264032962098 1.0 -1.0 -1.0 -1.0 -1.0 
311.6 31.52 20260420.0 -1.0 277.94006243351 243.73482871978888 0.7471147983930847 0.016589015394405805 2.0012562391873474 1.0 -1.0 -1.0 -1.0 -1.0 
311.6 31.52 20260420.0 -1.0 2.505212314406221 292.4817944637466 0.04946174418327399 0.07741540517389377 1.3625642159143172 1.0 -1.0 -1.0 -1.0 -1.0 
311.6 31.52 20260420.0 -1.0 1.259573 148.65411335781184 3.5160464630911767 0.005529671798135269 125.19014714420352 32.0 91.16762807746987 32.0 2.519148741460716 148.45736786816875 
311.6 31.52 20260420.0 -1.0 1.178 51.18943297445311 5.116475479031465 0.04423737438508215 30.96991857366273 16.0 31.75436069295803 32.0 1.178007854226356 51.20615415221089 
311.6 31.52 20260420.0 -1.0 2.309020280644 37.777801535146395 3.897257270424493 0.01520659744487199 78.88925631069728 32.0 79.29822073030913 32.0 2.30902514886111 37.84802698206892 
311.6 31.52 20260420.0 -1.0 0.7477741603725 194.9878629758311 2.907678295357212 0.011059343596270537 77.22082085794281 32.0 77.38662017998293 32.0 0.7477865437977017 195.31201089677276 
311.6 31.52 20260420.0 -1.0 1.61499182415 341.2287602077044 1.9463857793174721 0.026265941041142528 1.807167689484398 4.0 -1.0 -1.0 -1.0 -1.0 
311.6 31.52 20260420.0 -1.0 1.14381850931 31.19142782576676 0.03788417601929282 0.009676925646736721 2.9665583824916646 16.0 -1.0 -1.0 -1.0 -1.0 
311.6 31.52 20260420.0 -1.0 30.623932 99.99002574343174 0.3007792172468115 0.017971433343939622 2.5606372439560077 8.0 -1.0 -1.0 -1.0 -1.0 
311.6 31.52 20260420.0 -1.0 2.20532573802 105.9279999684683 0.08769893096646313 0.016589015394405805 1.6155678759634704 4.0 -1.0 -1.0 -1.0 -1.0 
311.6 31.52 20260420.0 -1.0 0.0013731250308870993 71.15331183448983 0.033756144343101924 0.027648358990676344 0.9985614947683865 1.0 -1.0 -1.0 -1.0 -1.0 
311.6 31.52 20260420.0 -1.0 0.132180571 95.55360821897914 0.13311053263353947 0.029030776940210157 1.0036110738334862 4.0 -1.0 -1.0 -1.0 -1.0 
311.6 31.52 20260420.0 -1.0 0.5783421883420734 71.699332452884 0.8344342835781109 0.04147253848601452 2.9108691867956935 16.0 -1.0 -1.0 -1.0 -1.0 
311.6 31.52 20260420.0 -1.0 1.9764535636 90.09340203503747 0.08258319656079104 0.09538683851783337 2.8403260878886716 1.0 -1.0 -1.0 -1.0 -1.0 
311.6 31.52 20260420.0 -1.0 4.1383499949094 78.69522162605925 0.9574103317852701 0.006912089747669086 27.018670871874004 32.0 27.120041591312035 32.0 4.138352475517119 78.73199195735194 
311.6 31.52 20260420.0 -1.0 2.6555518314 35.08182473182519 0.26106080578766205 0.031795612839277794 1.3285644988495378 2.0 -1.0 -1.0 -1.0 -1.0 
311.6 31.52 20260420.0 -1.0 2.862213 0.0 0.1755999760938223 0.02073626924300726 2.5996928768652108 1.0 -1.0 -1.0 -1.0 -1.0 
311.6 31.52 20260420.0 -1.0 161.82052783543514 48.74696574395777 0.9065583023636843 0.12165277955897592 2.4414558398322606 2.0 -1.0 -1.0 -1.0 -1.0 
311.6 31.52 20260420.0 -1.0 14.5484852843 97.49393148791555 0.11347638459718777 0.012441761545804354 2.0642023496626294 8.0 -1.0 -1.0 -1.0 -1.0 
311.6 31.52 20260420.0 -1.0 0.250288 146.2408972318733 0.09667151613641069 0.027648358990676344 1.152264032962098 1.0 -1.0 -1.0 -1.0 -1.0 
311.6 31.52 20260420.0 -1.0 277.94006243351 243.73482871978888 0.7471147983930847 0.016589015394405805 2.0012562391873474 1.0 -1.0 -1.0 -1.0 -1.0 
311.6 31.52 20260420.0 -1.0 2.505212314406221 292.4817944637466 0.04946174418327399 0.07741540517389377 1.3625642159143172 1.0 -1.0 -1.0 -1.0 -1.0 
311.6 31.52 20260420.0 -1.0 1.259573 148.65411335781184 3.5160464630911767 0.005529671798135269 125.19014714420352 32.0 91.16762807746987 32.0 2.519148741460716 148.45736786816875 
311.6 31.52 20260420.0 -1.0 1.178 51.18943297445311 5.116475479031465 0.04423737438508215 30.96991857366273 16.0 31.75436069295803 32.0 1.178007854226356 51.20615415221089 
311.6 31.52 20260420.0 -1.0 2.309020280644 37.777801535146395 3.897257270424493 0.01520659744487199 78.88925631069728 32.0 79.29822073030913 32.0 2.30902514886111 37.84802698206892 
311.6 31.52 20260420.0 -1.0 0.7477741603725 194.9878629758311 2.907678295357212 0.011059343596270537 77.22082085794281 32.0 77.38662017998293 32.0 0.7477865437977017 195.31201089677276 
311.6 31.52 20260420.0 -1.0 1.61499182415 341.2287602077044 1.9463857793174721 0.026265941041142528 1.807167689484398 4.0 -1.0 -1.0 -1.0 -1.0 
313.68 46.91 20260420.0 -1.0 0.45130391517 90.60601122665237 0.019653022118751303 0.012441761545804354 1.1498130536278022 32.0 -1.0 -1.0 -1.0 -1.0 
313.68 46.91 20260420.0 -1.0 1.25242411862 34.68614403582179 0.8011067093957555 0.04147253848601452 2.1150474385725806 16.0 -1.0 -1.0 -1.0 -1.0 
313.68 46.91 20260420.0 -1.0 2.25403455265 127.33639569044084 0.014918232514016505 0.013824179495338172 1.873677507391256 8.0 -1.0 -1.0 -1.0 -1.0 
313.68 46.91 20260420.0 -1.0 316.8478768178 37.19198714107128 0.18442788364909393 0.008294507697202903 0.4273664871961082 1.0 -1.0 -1.0 -1.0 -1.0 
313.68 46.91 20260420.0 -1.0 413.2153732154398 43.85225434186596 0.04838028995267969 0.022118687192541075 1.4792655270273372 1.0 -1.0 -1.0 -1.0 -1.0 
313.68 46.91 20260420.0 -1.0 9.54161411582016 10.221202139833418 0.6039181720144515 0.02350110514207489 3.5766170907271255 8.0 -1.0 -1.0 -1.0 -1.0 
313.68 46.91 20260420.0 -1.0 0.0017925298091000072 102.80551055484064 0.7202541156259634 0.14930113854965227 4.041231123145915 2.0 -1.0 -1.0 -1.0 -1.0 
313.68 46.91 20260420.0 -1.0 4.65883480078009 113.42237213234503 0.8818496349285885 0.03732528463741307 2.573261467938897 8.0 -1.0 -1.0 -1.0 -1.0 
313.68 46.91 20260420.0 -1.0 107.9949285202606 36.862270943012135 0.9217145848418996 0.030413194889743977 2.3929278704715236 2.0 -1.0 -1.0 -1.0 -1.0 
313.68 46.91 20260420.0 -1.0 2.370826 87.83639516295557 0.03881136309613714 0.03732528463741307 1.7205203866909091 2.0 -1.0 -1.0 -1.0 -1.0 
313.68 46.91 20260420.0 -1.0 44.895817333942624 94.19520755409619 0.7069438789280922 0.03456044873834543 1.6675455999792244 2.0 -1.0 -1.0 -1.0 -1.0 
313.68 46.91 20260420.0 -1.0 0.5972490425223961 188.39041510819237 0.019423560062927593 0.051149464132751246 1.0324366360083772 1.0 -1.0 -1.0 -1.0 -1.0 
313.68 46.91 20260420.0 -1.0 4.4146421450799 282.58562266228853 0.01790297859955299 0.013824179495338172 2.175014532114119 16.0 -1.0 -1.0 -1.0 -1.0 
313.68 46.91 20260420.0 -1.0 57.0147723969379 376.78083021638474 0.5234460021323749 0.052531882082285056 3.2500934033647986 8.0 -1.0 -1.0 -1.0 -1.0 
313.68 46.91 20260420.0 -1.0 0.8286353900733 470.97603777048096 0.02335806398033758 0.012441761545804354 1.493051371458813 32.0 -1.0 -1.0 -1.0 -1.0 
313.68 46.91 20260420.0 -1.0 0.34093223633087555 81.04424148293724 2.3764987694829927 0.017971433343939622 24.6969105060749 32.0 24.82229317482447 32.0 0.3409392472046117 81.36313821813746 
313.68 46.91 20260420.0 -1.0 57.27738648331841 112.4332235381676 2.589055225122902 0.06359122567855559 8.201113807984115 4.0 8.201113724567639 4.0 57.277308466533825 112.43090368202827 
313.68 46.91 20260420.0 -1.0 288.892720892735 0.0 3.1242765918451703 0.024883523091608708 8.993313601165699 1.0 -1.0 -1.0 -1.0 -1.0 
313.68 46.91 20260420.0 -1.0 0.5574661317029487 565.1712453245771 1.9666603994141163 0.026265941041142528 16.32689902702835 32.0 16.647531793327506 16.0 0.5574596192066869 565.8988419351053 
313.68 46.91 20260420.0 -1.0 0.07691825299412014 659.3664528786733 9.700601850717248 0.098151674416901 7.238245750449072 8.0 7.432452028354316 8.0 0.07688261878987154 656.4709920659922 
313.68 46.91 20260420.0 -1.0 0.45130391517 90.60601122665237 0.019653022118751303 0.012441761545804354 1.149815258035859 32.0 -1.0 -1.0 -1.0 -1.0 
313.68 46.91 20260420.0 -1.0 1.25242411862 34.68614403582179 0.8011067093957555 0.04147253848601452 2.114997815507913 16.0 -1.0 -1.0 -1.0 -1.0 
313.68 46.91 20260420.0 -1.0 2.25403455265 127.33639569044084 0.014918232514016505 0.013824179495338172 1.8736836429373571 8.0 -1.0 -1.0 -1.0 -1.0 
313.68 46.91 20260420.0 -1.0 316.8478768178 37.19198714107128 0.18442788364909393 0.008294507697202903 0.42708237618907113 1.0 -1.0 -1.0 -1.0 -1.0 
313.68 46.91 20260420.0 -1.0 413.2153732154398 43.85225434186596 0.04838028995267969 0.022118687192541075 1.4797187229862665 1.0 -1.0 -1.0 -1.0 -1.0 
313.68 46.91 20260420.0 -1.0 9.54161411582016 10.221202139833418 0.6039181720144515 0.02350110514207489 3.5783571339550857 8.0 -1.0 -1.0 -1.0 -1.0 
313.68 46.91 20260420.0 -1.0 0.0017925298091000072 102.80551055484064 0.7202541156259634 0.14930113854965227 4.041231191451702 2.0 -1.0 -1.0 -1.0 -1.0 
313.68 46.91 20260420.0 -1.0 4.65883480078009 113.42237213234503 0.8818496349285885 0.03732528463741307 2.575763586251956 8.0 -1.0 -1.0 -1.0 -1.0 
313.68 46.91 20260420.0 -1.0 107.9949285202606 36.862270943012135 0.9217145848418996 0.030413194889743977 2.392860436477082 2.0 -1.0 -1.0 -1.0 -1.0 
313.68 46.91 20260420.0 -1.0 2.370826 87.83639516295557 0.03881136309613714 0.03732528463741307 1.720520379492748 2.0 -1.0 -1.0 -1.0 -1.0 
313.68 46.91 20260420.0 -1.0 44.895817333942624 94.19520755409619 0.7069438789280922 0.03456044873834543 1.6673495614406948 2.0 -1.0 -1.0 -1.0 -1.0 
313.68 46.91 20260420.0 -1.0 0.5972490425223961 188.39041510819237 0.019423560062927593 0.051149464132751246 1.0324366370573699 1.0 -1.0 -1.0 -1.0 -1.0 
313.68 46.91 20260420.0 -1.0 4.4146421450799 282.58562266228853 0.01790297859955299 0.013824179495338172 2.1739887213700126 16.0 -1.0 -1.0 -1.0 -1.0 
313.68 46.91 20260420.0 -1.0 57.0147723969379 376.78083021638474 0.5234460021323749 0.052531882082285056 3.24986338977212 8.0 -1.0 -1.0 -1.0 -1.0 
313.68 46.91 20260420.0 -1.0 0.8286353900733 470.97603777048096 0.02335806398033758 0.012441761545804354 1.4944990013828923 32.0 -1.0 -1.0 -1.0 -1.0 
313.68 46.91 20260420.0 -1.0 0.34093223633087555 81.04424148293724 2.3764987694829927 0.017971433343939622 24.694101303428212 32.0 24.822315923825993 32.0 0.3409392472046117 81.36313821813746 
313.68 46.91 20260420.0 -1.0 57.27738648331841 112.4332235381676 2.589055225122902 0.06359122567855559 8.200857681823987 4.0 8.200857710001697 4.0 57.277308466533825 112.43090368202827 
313.68 46.91 20260420.0 -1.0 288.892720892735 0.0 3.1242765918451703 0.024883523091608708 8.993381133080657 1.0 -1.0 -1.0 -1.0 -1.0 
313.68 46.91 20260420.0 -1.0 0.5574661317029487 565.1712453245771 1.9666603994141163 0.026265941041142528 16.32801109302967 32.0 16.650103864118844 16.0 0.5574596192066869 565.8988419351053 
313.68 46.91 20260420.0 -1.0 0.07691825299412014 659.3664528786733 9.700601850717248 0.098151674416901 7.238245750449072 8.0 7.432452028354316 8.0 0.07688261878987154 656.4709920659922 
313.68 46.91 20260420.0 -1.0 0.45130391517 90.60601122665237 0.019653022118751303 0.012441761545804354 1.149815258035859 32.0 -1.0 -1.0 -1.0 -1.0 
313.68 46.91 20260420.0 -1.0 1.25242411862 34.68614403582179 0.8011067093957555 0.04147253848601452 2.114997815507913 16.0 -1.0 -1.0 -1.0 -1.0 
313.68 46.91 20260420.0 -1.0 2.25403455265 127.33639569044084 0.014918232514016505 0.013824179495338172 1.8736836429373571 8.0 -1.0 -1.0 -1.0 -1.0 
313.68 46.91 20260420.0 -1.0 316.8478768178 37.19198714107128 0.18442788364909393 0.008294507697202903 0.42708237618907113 1.0 -1.0 -1.0 -1.0 -1.0 
313.68 46.91 20260420.0 -1.0 413.2153732154398 43.85225434186596 0.04838028995267969 0.022118687192541075 1.4797187229862665 1.0 -1.0 -1.0 -1.0 -1.0 
313.68 46.91 20260420.0 -1.0 9.54161411582016 10.221202139833418 0.6039181720144515 0.02350110514207489 3.5783571339550857 8.0 -1.0 -1.0 -1.0 -1.0 
313.68 46.91 20260420.0 -1.0 0.0017925298091000072 102.80551055484064 0.7202541156259634 0.14930113854965227 4.041231191451702 2.0 -1.0 -1.0 -1.0 -1.0 
313.68 46.91 20260420.0 -1.0 4.65883480078009 113.42237213234503 0.8818496349285885 0.03732528463741307 2.575763586251956 8.0 -1.0 -1.0 -1.0 -1.0 
313.68 46.91 20260420.0 -1.0 107.9949285202606 36.862270943012135 0.9217145848418996 0.030413194889743977 2.392860436477082 2.0 -1.0 -1.0 -1.0 -1.0 
313.68 46.91 20260420.0 -1.0 2.370826 87.83639516295557 0.03881136309613714 0.03732528463741307 1.720520379492748 2.0 -1.0 -1.0 -1.0 -1.0 
313.68 46.91 20260420.0 -1.0 44.895817333942624 94.19520755409619 0.7069438789280922 0.03456044873834543 1.6673495614406948 2.0 -1.0 -1.0 -1.0 -1.0 
313.68 46.91 20260420.0 -1.0 0.5972490425223961 188.39041510819237 0.019423560062927593 0.051149464132751246 1.0324366370573699 1.0 -1.0 -1.0 -1.0 -1.0 
313.68 46.91 20260420.0 -1.0 4.4146421450799 282.58562266228853 0.01790297859955299 0.013824179495338172 2.1739887213700126 16.0 -1.0 -1.0 -1.0 -1.0 
313.68 46.91 20260420.0 -1.0 57.0147723969379 376.78083021638474 0.5234460021323749 0.052531882082285056 3.24986338977212 8.0 -1.0 -1.0 -1.0 -1.0 
313.68 46.91 20260420.0 -1.0 0.8286353900733 470.97603777048096 0.02335806398033758 0.012441761545804354 1.4944990013828923 32.0 -1.0 -1.0 -1.0 -1.0 
313.68 46.91 20260420.0 -1.0 0.34093223633087555 81.04424148293724 2.3764987694829927 0.017971433343939622 24.694101303428212 32.0 24.822315923825993 32.0 0.3409392472046117 81.36313821813746 
313.68 46.91 20260420.0 -1.0 57.27738648331841 112.4332235381676 2.589055225122902 0.06359122567855559 8.200857681823987 4.0 8.200857710001697 4.0 57.277308466533825 112.43090368202827 
313.68 46.91 20260420.0 -1.0 288.892720892735 0.0 3.1242765918451703 0.024883523091608708 8.993381133080657 1.0 -1.0 -1.0 -1.0 -1.0 
314.15 46.91 20260420.0 -1.0 172.5737712832224 61.58324404936848 0.04161615248952895 0.012441761545804354 0.33346518458211283 2.0 -1.0 -1.0 -1.0 -1.0 
314.15 46.91 20260420.0 -1.0 2.359930209210988 15.25102282100348 0.018583474355506988 0.006912089747669086 2.0080964952099674 2.0 -1.0 -1.0 -1.0 -1.0 
314.15 46.91 20260420.0 -1.0 182.3578107491054 70.72098768051825 0.02869761365658919 0.21150994627867403 0.677437712260572 2.0 -1.0 -1.0 -1.0 -1.0 
314.15 46.91 20260420.0 -1.0 1.141728981344834 155.40599203680762 0.016286253188600722 0.11474068981130683 1.5164578953775303 2.0 -1.0 -1.0 -1.0 -1.0 
314.15 46.91 20260420.0 -1.0 5.172242227 65.37991217780394 0.7977929405138741 0.011059343596270537 9.449999540762226 16.0 9.835451342328804 32.0 5.172266052492584 65.4750627203171 
314.15 46.91 20260420.0 -1.0 0.9632044656095726 118.14716413233074 0.9351840469571139 0.01520659744487199 8.539137677174905 32.0 8.784179374756738 16.0 0.9632155221576493 118.50277966845644 
314.15 46.91 20260420.0 -1.0 0.0010812561020884215 59.652734831519936 0.5256202242708841 0.017971433343939625 1.7098593980678547 1.0 -1.0 -1.0 -1.0 -1.0 
314.15 46.91 20260420.0 -1.0 80.10810725000886 97.36201488682812 0.12235134866027214 0.026265941041142528 1.6779392148184034 2.0 -1.0 -1.0 -1.0 -1.0 
314.15 46.91 20260420.0 -1.0 0.015975938739930858 0.0 0.5248944819613366 0.06635606157762322 1.823794534070286 1.0 -1.0 -1.0 -1.0 -1.0 
314.15 46.91 20260420.0 -1.0 1.16364520997 275.75945241810814 0.017828923130187448 0.019353851293473442 1.3460032250327791 2.0 -1.0 -1.0 -1.0 -1.0 
314.15 46.91 20260420.0 -1.0 0.4063303019 367.6792698908108 0.02903663561783325 0.012441761545804354 0.8661202706325 2.0 -1.0 -1.0 -1.0 -1.0 
314.15 46.91 20260420.0 -1.0 0.013539968283975202 459.5990873635135 0.025854804256158367 0.031795612839277794 0.8947718471705273 2.0 -1.0 -1.0 -1.0 -1.0 
314.15 46.91 20260420.0 -1.0 0.932741 551.5189048362163 0.15230644166683824 0.012441761545804354 1.4493981444867863 8.0 -1.0 -1.0 -1.0 -1.0 
314.15 46.91 20260420.0 -1.0 0.14436229628723732 643.438722308919 0.04098842834710969 0.10644618211410392 1.1176005757379885 1.0 -1.0 -1.0 -1.0 -1.0 
314.15 46.91 20260420.0 -1.0 0.7816149446 45.495667233963964 1.1787104686601224 0.008294507697202903 35.42832133226798 32.0 36.972805545656676 32.0 0.7816197467036546 45.539069898211274 
314.15 46.91 20260420.0 -1.0 0.54155509235 12.419609301492285 2.8342962653211936 0.03732528463741307 8.83837140956088 16.0 8.863476652836082 16.0 0.5415737784157197 12.852137504606292 
314.15 46.91 20260420.0 -1.0 1.25204624679 11.58305530709125 1.4612229063107052 0.012441761545804354 25.427675024845524 32.0 25.763754209854028 32.0 1.2520407229506723 11.637762307320658 
314.15 46.91 20260420.0 -1.0 445.49383 163.64283136629473 2.995350474018469 0.03317803078881161 4.516678768504255 1.0 -1.0 -1.0 -1.0 -1.0 
314.15 46.91 20260420.0 -1.0 1.63968389547 91.9198174727027 2.739957171483663 0.01520659744487199 28.204656785569018 32.0 28.204657020848593 32.0 1.6396976813363533 91.88772326127962 
314.15 46.91 20260420.0 -1.0 11.38507898552 183.8396349454054 1.711683019500161 0.012441761545804356 20.917981158630337 32.0 21.152636496789086 32.0 11.385084993283575 183.77544652255924 
314.15 46.91 20260420.0 -1.0 172.5737712832224 61.58324404936848 0.04161615248952895 0.012441761545804354 0.3336462305357634 2.0 -1.0 -1.0 -1.0 -1.0 
314.15 46.91 20260420.0 -1.0 2.359930209210988 15.25102282100348 0.018583474355506988 0.006912089747669086 2.008886052535143 2.0 -1.0 -1.0 -1.0 -1.0 
314.15 46.91 20260420.0 -1.0 182.3578107491054 70.72098768051825 0.02869761365658919 0.21150994627867403 0.6777474460530585 2.0 -1.0 -1.0 -1.0 -1.0 
314.15 46.91 20260420.0 -1.0 1.141728981344834 155.40599203680762 0.016286253188600722 0.11474068981130683 1.5148684695851298 2.0 -1.0 -1.0 -1.0 -1.0 
314.15 46.91 20260420.0 -1.0 5.172242227 65.37991217780394 0.7977929405138741 0.011059343596270537 10.300690939907494 16.0 10.400625400050943 32.0 5.172266052492584 65.4750627203171 
314.15 46.91 20260420.0 -1.0 0.9632044656095726 118.14716413233074 0.9351840469571139 0.01520659744487199 8.541998651328477 32.0 8.791406259056266 16.0 0.9632155221576493 118.50277966845644 
314.15 46.91 20260420.0 -1.0 0.0010812561020884215 59.652734831519936 0.5256202242708841 0.017971433343939625 1.709859245107453 1.0 -1.0 -1.0 -1.0 -1.0 
314.15 46.91 20260420.0 -1.0 80.10810725000886 97.36201488682812 0.12235134866027214 0.026265941041142528 1.6764795690913479 2.0 -1.0 -1.0 -1.0 -1.0 
314.15 46.91 20260420.0 -1.0 0.015975938739930858 0.0 0.5248944819613366 0.06635606157762322 1.8237949333681707 1.0 -1.0 -1.0 -1.0 -1.0 
314.15 46.91 20260420.0 -1.0 1.16364520997 275.75945241810814 0.017828923130187448 0.019353851293473442 1.342646914667521 2.0 -1.0 -1.0 -1.0 -1.0 
314.15 46.91 20260420.0 -1.0 0.4063303019 367.6792698908108 0.02903663561783325 0.012441761545804354 0.8661199080313342 2.0 -1.0 -1.0 -1.0 -1.0 
314.15 46.91 20260420.0 -1.0 0.013539968283975202 459.5990873635135 0.025854804256158367 0.031795612839277794 0.8947716572991932 2.0 -1.0 -1.0 -1.0 -1.0 
314.15 46.91 20260420.0 -1.0 0.932741 551.5189048362163 0.15230644166683824 0.012441761545804354 1.4392381884197405 8.0 -1.0 -1.0 -1.0 -1.0 
314.15 46.91 20260420.0 -1.0 0.14436229628723732 643.438722308919 0.04098842834710969 0.10644618211410392 2.0272654860799424 2.0 -1.0 -1.0 -1.0 -1.0 
314.15 46.91 20260420.0 -1.0 0.7816149446 45.495667233963964 1.1787104686601224 0.008294507697202903 35.39910246036394 32.0 36.944188957456 32.0 0.7816197467036546 45.539069898211274 
314.15 46.91 20260420.0 -1.0 0.54155509235 12.419609301492285 2.8342962653211936 0.03732528463741307 8.809163048522441 16.0 8.846427848810757 16.0 0.5415737784157197 12.852137504606292 
314.15 46.91 20260420.0 -1.0 1.25204624679 11.58305530709125 1.4612229063107052 0.012441761545804354 25.427407739659472 32.0 25.76497014861045 32.0 1.2520407229506723 11.637762307320658 
314.15 46.91 20260420.0 -1.0 445.49383 163.64283136629473 2.995350474018469 0.03317803078881161 4.517295849982297 1.0 -1.0 -1.0 -1.0 -1.0 
314.15 46.91 20260420.0 -1.0 1.63968389547 91.9198174727027 2.739957171483663 0.01520659744487199 27.90986718665798 32.0 28.07137322885426 32.0 1.6396976813363533 91.88772326127962 
314.15 46.91 20260420.0 -1.0 11.38507898552 183.8396349454054 1.711683019500161 0.012441761545804356 20.90167574533702 32.0 21.147856555358867 32.0 11.385084993283575 183.77544652255924 
314.15 46.91 20260420.0 -1.0 172.5737712832224 61.58324404936848 0.04161615248952895 0.012441761545804354 0.3336462305357634 2.0 -1.0 -1.0 -1.0 -1.0 
314.15 46.91 20260420.0 -1.0 2.359930209210988 15.25102282100348 0.018583474355506988 0.006912089747669086 2.008886052535143 2.0 -1.0 -1.0 -1.0 -1.0 
314.15 46.91 20260420.0 -1.0 182.3578107491054 70.72098768051825 0.02869761365658919 0.21150994627867403 0.6777474460530585 2.0 -1.0 -1.0 -1.0 -1.0 
314.15 46.91 20260420.0 -1.0 1.141728981344834 155.40599203680762 0.016286253188600722 0.11474068981130683 1.5148684695851298 2.0 -1.0 -1.0 -1.0 -1.0 
314.15 46.91 20260420.0 -1.0 5.172242227 65.37991217780394 0.7977929405138741 0.011059343596270537 10.300690939907494 16.0 10.400625400050943 32.0 5.172266052492584 65.4750627203171 
314.15 46.91 20260420.0 -1.0 0.9632044656095726 118.14716413233074 0.9351840469571139 0.01520659744487199 8.541998651328477 32.0 8.791406259056266 16.0 0.9632155221576493 118.50277966845644 
314.15 46.91 20260420.0 -1.0 0.0010812561020884215 59.652734831519936 0.5256202242708841 0.017971433343939625 1.709859245107453 1.0 -1.0 -1.0 -1.0 -1.0 
314.15 46.91 20260420.0 -1.0 80.10810725000886 97.36201488682812 0.12235134866027214 0.026265941041142528 1.6764795690913479 2.0 -1.0 -1.0 -1.0 -1.0 
314.15 46.91 20260420.0 -1.0 0.015975938739930858 0.0 0.5248944819613366 0.06635606157762322 1.8237949333681707 1.0 -1.0 -1.0 -1.0 -1.0 
314.15 46.91 20260420.0 -1.0 1.16364520997 275.75945241810814 0.017828923130187448 0.019353851293473442 1.342646914667521 2.0 -1.0 -1.0 -1.0 -1.0 
314.15 46.91 20260420.0 -1.0 0.4063303019 367.6792698908108 0.02903663561783325 0.012441761545804354 0.8661199080313342 2.0 -1.0 -1.0 -1.0 -1.0 
314.15 46.91 20260420.0 -1.0 0.013539968283975202 459.5990873635135 0.025854804256158367 0.031795612839277794 0.8947716572991932 2.0 -1.0 -1.0 -1.0 -1.0 
314.15 46.91 20260420.0 -1.0 0.932741 551.5189048362163 0.15230644166683824 0.012441761545804354 1.4392381884197405 8.0 -1.0 -1.0 -1.0 -1.0 
314.15 46.91 20260420.0 -1.0 0.14436229628723732 643.438722308919 0.04098842834710969 0.10644618211410392 2.0272654860799424 2.0 -1.0 -1.0 -1.0 -1.0 
314.15 46.91 20260420.0 -1.0 0.7816149446 45.495667233963964 1.1787104686601224 0.008294507697202903 35.39910246036394 32.0 36.944188957456 32.0 0.7816197467036546 45.539069898211274 
314.15 46.91 20260420.0 -1.0 0.54155509235 12.419609301492285 2.8342962653211936 0.03732528463741307 8.809163048522441 16.0 8.846427848810757 16.0 0.5415737784157197 12.852137504606292 
314.15 46.91 20260420.0 -1.0 1.25204624679 11.58305530709125 1.4612229063107052 0.012441761545804354 25.427407739659472 32.0 25.76497014861045 32.0 1.2520407229506723 11.637762307320658 
314.15 46.91 20260420.0 -1.0 445.49383 163.64283136629473 2.995350474018469 0.03317803078881161 4.517295849982297 1.0 -1.0 -1.0 -1.0 -1.0 
314.15 46.91 20260420.0 -1.0 1.63968389547 91.9198174727027 2.739957171483663 0.01520659744487199 27.90986718665798 32.0 28.07137322885426 32.0 1.6396976813363533 91.88772326127962 
314.62 46.91 20260420.0 -1.0 0.30854403133 228.5069531751511 0.013265153236299457 0.04423737438508215 0.03168125690159511 1.0 -1.0 -1.0 -1.0 -1.0 
314.62 46.91 20260420.0 -1.0 0.0038087047796113403 0.0 0.6516004838727283 0.045619792334615966 1.4957109672317845 1.0 -1.0 -1.0 -1.0 -1.0 
314.62 46.91 20260420.0 -1.0 0.04948035115672987 188.44445355279703 0.6507007961928565 0.13962421290291552 1.7577634301280822 2.0 -1.0 -1.0 -1.0 -1.0 
314.62 46.91 20260420.0 -1.0 111.5254410903368 150.39135830021624 0.013292674224474204 0.031795612839277794 1.1514737686099816 4.0 -1.0 -1.0 -1.0 -1.0 
314.62 46.91 20260420.0 -1.0 4.252424 45.90233107200754 0.023229325719318777 0.08156265902249521 1.1180483856883985 2.0 -1.0 -1.0 -1.0 -1.0 
314.62 46.91 20260420.0 -1.0 0.589071575525134 98.77478355166602 0.037055859042098606 0.06497364362808941 1.155715579338564 16.0 -1.0 -1.0 -1.0 -1.0 
314.62 46.91 20260420.0 -1.0 103.14433451513285 71.45944290006099 0.09115825006881918 0.012441761545804354 1.1611827996015691 2.0 -1.0 -1.0 -1.0 -1.0 
314.62 46.91 20260420.0 -1.0 141.145053 0.0 0.12984084737153612 0.03456044873834542 1.8187273404749391 1.0 -1.0 -1.0 -1.0 -1.0 
314.62 46.91 20260420.0 -1.0 0.020195383324503623 269.0897450003929 0.0549002038959374 0.026265941041142528 1.3433245154641806 1.0 -1.0 -1.0 -1.0 -1.0 
314.62 46.91 20260420.0 -1.0 31.162356 358.7863266671905 0.05307285946818349 0.012441761545804354 1.3415195621052733 8.0 -1.0 -1.0 -1.0 -1.0 
314.62 46.91 20260420.0 -1.0 0.013177739873 448.4829083339881 0.5448458249913325 0.04147253848601452 1.6746275212380464 1.0 -1.0 -1.0 -1.0 -1.0 
314.62 46.91 20260420.0 -1.0 1.02200568492 627.8760716675833 0.2094267259147316 0.09400442056829957 1.5676610525130512 2.0 -1.0 -1.0 -1.0 -1.0 
314.62 46.91 20260420.0 -1.0 164.1397912192 78.42956430771193 1.4887345990080612 0.04285495643554833 3.8853574761542573 2.0 -1.0 -1.0 -1.0 -1.0 
314.62 46.91 20260420.0 -1.0 0.0915945741640346 81.50646474892721 4.413310428721067 0.013824179495338172 48.958843428986974 32.0 26.25535999551826 32.0 0.36637478236419463 80.75595061949464 
314.62 46.91 20260420.0 -1.0 2.444181 77.17368657660366 2.2286137387064633 0.017971433343939622 40.1964299261767 32.0 40.196429694820175 32.0 2.4441760615445673 77.21402296074488 
314.62 46.91 20260420.0 -1.0 2.688716547019 43.076606177013915 3.245272167306021 0.02211868719254108 33.798316862560114 32.0 33.80652405095092 32.0 2.688708870361249 43.00912157053286 
314.62 46.91 20260420.0 -1.0 1.071467 123.13881153516661 6.475616606274888 0.029030776940210157 53.827430363504256 16.0 56.05563371322526 32.0 1.0714757081586868 123.15788459138469 
314.62 46.91 20260420.0 -1.0 19.09797827442391 89.69658166679763 2.2132705406142086 0.016589015394405805 24.74113606073618 16.0 24.870380507235435 16.0 19.097994178688776 89.66136873292263 
314.62 46.91 20260420.0 -1.0 411.32080042890203 179.39316333359525 1.938334576460236 0.027648358990676344 3.9917097949248097 1.0 -1.0 -1.0 -1.0 -1.0 
314.62 46.91 20260420.0 -1.0 2.07848849726 538.1794900007858 2.042824336814625 0.016589015394405805 25.660048666366805 32.0 25.900278249981994 32.0 2.078468241961673 538.0694103306429 
314.62 46.91 20260420.0 -1.0 0.30854403133 228.5069531751511 0.013265153236299457 0.04423737438508215 0.03168125135154528 1.0 -1.0 -1.0 -1.0 -1.0 
314.62 46.91 20260420.0 -1.0 0.0038087047796113403 0.0 0.6516004838727283 0.045619792334615966 1.49571097736308 1.0 -1.0 -1.0 -1.0 -1.0 
314.62 46.91 20260420.0 -1.0 0.04948035115672987 188.44445355279703 0.6507007961928565 0.13962421290291552 1.7577634761586056 2.0 -1.0 -1.0 -1.0 -1.0 
314.62 46.91 20260420.0 -1.0 111.5254410903368 150.39135830021624 0.013292674224474204 0.031795612839277794 1.151222337526336 4.0 -1.0 -1.0 -1.0 -1.0 
314.62 46.91 20260420.0 -1.0 4.252424 45.90233107200754 0.023229325719318777 0.08156265902249521 1.1181271453051982 2.0 -1.0 -1.0 -1.0 -1.0 
314.62 46.91 20260420.0 -1.0 0.589071575525134 98.77478355166602 0.037055859042098606 0.06497364362808941 1.1532426476818551 16.0 -1.0 -1.0 -1.0 -1.0 
314.62 46.91 20260420.0 -1.0 103.14433451513285 71.45944290006099 0.09115825006881918 0.012441761545804354 1.1611436500535754 2.0 -1.0 -1.0 -1.0 -1.0 
314.62 46.91 20260420.0 -1.0 141.145053 0.0 0.12984084737153612 0.03456044873834542 1.815562175030044 1.0 -1.0 -1.0 -1.0 -1.0 
314.62 46.91 20260420.0 -1.0 0.020195383324503623 269.0897450003929 0.0549002038959374 0.026265941041142528 1.343324515466331 1.0 -1.0 -1.0 -1.0 -1.0 
314.62 46.91 20260420.0 -1.0 31.162356 358.7863266671905 0.05307285946818349 0.012441761545804354 1.3413309889646654 8.0 -1.0 -1.0 -1.0 -1.0 
314.62 46.91 20260420.0 -1.0 0.013177739873 448.4829083339881 0.5448458249913325 0.04147253848601452 1.6746275436021012 1.0 -1.0 -1.0 -1.0 -1.0 
314.62 46.91 20260420.0 -1.0 1.02200568492 627.8760716675833 0.2094267259147316 0.09400442056829957 1.5676610525130512 2.0 -1.0 -1.0 -1.0 -1.0 
314.62 46.91 20260420.0 -1.0 164.1397912192 78.42956430771193 1.4887345990080612 0.04285495643554833 3.8869133006744385 2.0 -1.0 -1.0 -1.0 -1.0 
314.62 46.91 20260420.0 -1.0 0.0915945741640346 81.50646474892721 4.413310428721067 0.013824179495338172 48.85322505302578 32.0 26.239001874784403 32.0 0.36637478236419463 80.75595061949464 
314.62 46.91 20260420.0 -1.0 2.444181 77.17368657660366 2.2286137387064633 0.017971433343939622 40.19787429390706 32.0 40.19787555344056 32.0 2.4441760615445673 77.21402296074488 
314.62 46.91 20260420.0 -1.0 2.688716547019 43.076606177013915 3.245272167306021 0.02211868719254108 33.788377068905305 32.0 33.79787448787913 32.0 2.688708870361249 43.00912157053286 
314.62 46.91 20260420.0 -1.0 1.071467 123.13881153516661 6.475616606274888 0.029030776940210157 53.81637458214032 16.0 56.042521477029176 32.0 1.0714757081586868 123.15788459138469 
314.62 46.91 20260420.0 -1.0 19.09797827442391 89.69658166679763 2.2132705406142086 0.016589015394405805 24.74863678353389 16.0 24.87786394456189 16.0 19.097994178688776 89.66136873292263 
314.62 46.91 20260420.0 -1.0 411.32080042890203 179.39316333359525 1.938334576460236 0.027648358990676344 3.99138800552195 1.0 -1.0 -1.0 -1.0 -1.0 
314.62 46.91 20260420.0 -1.0 2.07848849726 538.1794900007858 2.042824336814625 0.016589015394405805 25.648692209600696 32.0 25.89452745227305 32.0 2.078468241961673 538.0694103306429 
314.62 46.91 20260420.0 -1.0 0.30854403133 228.5069531751511 0.013265153236299457 0.04423737438508215 0.03168125135154528 1.0 -1.0 -1.0 -1.0 -1.0 
314.62 46.91 20260420.0 -1.0 0.0038087047796113403 0.0 0.6516004838727283 0.045619792334615966 1.49571097736308 1.0 -1.0 -1.0 -1.0 -1.0 
314.62 46.91 20260420.0 -1.0 0.04948035115672987 188.44445355279703 0.6507007961928565 0.13962421290291552 1.7577634761586056 2.0 -1.0 -1.0 -1.0 -1.0 
314.62 46.91 20260420.0 -1.0 111.5254410903368 150.39135830021624 0.013292674224474204 0.031795612839277794 1.151222337526336 4.0 -1.0 -1.0 -1.0 -1.0 
314.62 46.91 20260420.0 -1.0 4.252424 45.90233107200754 0.023229325719318777 0.08156265902249521 1.1181271453051982 2.0 -1.0 -1.0 -1.0 -1.0 
314.62 46.91 20260420.0 -1.0 0.589071575525134 98.77478355166602 0.037055859042098606 0.06497364362808941 1.1532426476818551 16.0 -1.0 -1.0 -1.0 -1.0 
314.62 46.91 20260420.0 -1.0 103.14433451513285 71.45944290006099 0.09115825006881918 0.012441761545804354 1.1611436500535754 2.0 -1.0 -1.0 -1.0 -1.0 
314.62 46.91 20260420.0 -1.0 141.145053 0.0 0.12984084737153612 0.03456044873834542 1.815562175030044 1.0 -1.0 -1.0 -1.0 -1.0 
314.62 46.91 20260420.0 -1.0 0.020195383324503623 269.0897450003929 0.0549002038959374 0.026265941041142528 1.343324515466331 1.0 -1.0 -1.0 -1.0 -1.0 
314.62 46.91 20260420.0 -1.0 31.162356 358.7863266671905 0.05307285946818349 0.012441761545804354 1.3413309889646654 8.0 -1.0 -1.0 -1.0 -1.0 
314.62 46.91 20260420.0 -1.0 0.013177739873 448.4829083339881 0.5448458249913325 0.04147253848601452 1.6746275436021012 1.0 -1.0 -1.0 -1.0 -1.0 
314.62 46.91 20260420.0 -1.0 1.02200568492 627.8760716675833 0.2094267259147316 0.09400442056829957 1.5676610525130512 2.0 -1.0 -1.0 -1.0 -1.0 
314.62 46.91 20260420.0 -1.0 164.1397912192 78.42956430771193 1.4887345990080612 0.04285495643554833 3.8869133006744385 2.0 -1.0 -1.0 -1.0 -1.0 
314.62 46.91 20260420.0 -1.0 0.0915945741640346 81.50646474892721 4.413310428721067 0.013824179495338172 48.85322505302578 32.0 26.239001874784403 32.0 0.36637478236419463 80.75595061949464 
314.62 46.91 20260420.0 -1.0 2.444181 77.17368657660366 2.2286137387064633 0.017971433343939622 40.19787429390706 32.0 40.19787555344056 32.0 2.4441760615445673 77.21402296074488 
314.62 46.91 20260420.0 -1.0 2.688716547019 43.076606177013915 3.245272167306021 0.02211868719254108 33.788377068905305 32.0 33.79787448787913 32.0 2.688708870361249 43.00912157053286 
314.62 46.91 20260420.0 -1.0 1.071467 123.13881153516661 6.475616606274888 0.029030776940210157 53.81637458214032 16.0 56.042521477029176 32.0 1.0714757081586868 123.15788459138469 
314.62 46.91 20260420.0 -1.0 19.09797827442391 89.69658166679763 2.2132705406142086 0.016589015394405805 24.74863678353389 16.0 24.87786394456189 16.0 19.097994178688776 89.66136873292263 
314.62 46.91 20260420.0 -1.0 411.32080042890203 179.39316333359525 1.938334576460236 0.027648358990676344 3.99138800552195 1.0 -1.0 -1.0 -1.0 -1.0 
314.62 46.91 20260420.0 -1.0 2.07848849726 538.1794900007858 2.042824336814625 0.016589015394405805 25.648692209600696 32.0 25.89452745227305 32.0 2.078468241961673 538.0694103306429 
314.9 38.71 20260420.0 -1.0 0.711724 61.04836285037093 0.04693179302532015 0.03456044873834543 0.7445022189139425 2.0 -1.0 -1.0 -1.0 -1.0 
314.9 38.71 20260420.0 -1.0 2.45278075482 21.53695559442794 0.7983442818922891 0.02764835899067634 4.460545569436093 16.0 -1.0 -1.0 -1.0 -1.0 
314.9 38.71 20260420.0 -1.0 0.0622619458025739 225.9761017445428 0.08697490026177834 0.1755670795907948 2.1947383684019135 1.0 -1.0 -1.0 -1.0 -1.0 
314.9 38.71 20260420.0 -1.0 3.4672047206 25.585255518192593 0.01626376618666055 0.01520659744487199 1.6938539207889467 16.0 -1.0 -1.0 -1.0 -1.0 
314.9 38.71 20260420.0 -1.0 268.913454 42.183285205627655 0.011951096159304527 0.009676925646736721 0.8165859555493178 1.0 -1.0 -1.0 -1.0 -1.0 
314.9 38.71 20260420.0 -1.0 0.480458905198 80.84454947758007 0.35209079043299263 0.013824179495338172 2.1213510860406757 32.0 -1.0 -1.0 -1.0 -1.0 
314.9 38.71 20260420.0 -1.0 1.585913888562 126.87371961078415 0.833282150847736 0.06497364362808941 1.682022560359938 16.0 -1.0 -1.0 -1.0 -1.0 
314.9 38.71 20260420.0 -1.0 379.63124577084 75.37934458049779 0.026378015809474922 0.026265941041142528 1.1697887092556507 1.0 -1.0 -1.0 -1.0 -1.0 
314.9 38.71 20260420.0 -1.0 0.0879477624 86.71458436703881 0.15571097780848736 0.10644618211410391 0.8620736849768486 1.0 -1.0 -1.0 -1.0 -1.0 
314.9 38.71 20260420.0 -1.0 1.21978 0.0 0.02305346836147395 0.013824179495338172 0.6555597156407093 8.0 -1.0 -1.0 -1.0 -1.0 
314.9 38.71 20260420.0 -1.0 3.277614 115.65414553635068 0.022025931965714878 0.006912089747669085 2.3187896613867167 16.0 -1.0 -1.0 -1.0 -1.0 
314.9 38.71 20260420.0 -1.0 1.040042 173.481218304526 0.7512553516355123 0.012441761545804354 8.37168566090833 32.0 9.111032883590447 32.0 1.0400375079674027 173.2508614794171 
314.9 38.71 20260420.0 -1.0 2.30178801032 289.1353638408767 0.5554877262434197 0.01520659744487199 7.226013065475673 32.0 7.85054564607925 32.0 2.301779507736986 289.42608868640934 
314.9 38.71 20260420.0 -1.0 1.97605646475 346.962436609052 0.022301538964444614 0.009676925646736721 1.0495132384558898 32.0 -1.0 -1.0 -1.0 -1.0 
314.9 38.71 20260420.0 -1.0 0.12178933067437142 98.57610314366924 7.079213307799321 0.016589015394405805 90.57128107703178 32.0 24.453917860984642 2.0 0.7916241884231568 101.70392277267185 
314.9 38.71 20260420.0 -1.0 3.900868462421 14.007117736225691 3.8624127840012807 0.031795612839277794 37.159074223802456 16.0 37.26475347762094 16.0 3.9008834088842077 13.965314768784792 
314.9 38.71 20260420.0 -1.0 59.422316724576454 58.21455290373567 1.0715267077965671 0.015206597444871992 8.213645212901511 8.0 8.213645267620878 8.0 59.42213950523486 58.188811536603296 
314.9 38.71 20260420.0 -1.0 288.892720892735 57.82707276817534 1.4511629160490123 0.011059343596270537 5.787156989235008 1.0 -1.0 -1.0 -1.0 -1.0 
314.9 38.71 20260420.0 -1.0 1.056982 231.30829107270137 9.84916334046565 0.027648358990676348 92.53345512469399 32.0 68.7379621503663 32.0 0.2642385273550948 231.23727714980612 
314.9 38.71 20260420.0 -1.0 0.002307997287729426 404.7895093772274 2.1336978189961653 0.017971433343939622 2.530824848878728 1.0 -1.0 -1.0 -1.0 -1.0 
314.9 38.71 20260420.0 -1.0 0.711724 61.04836285037093 0.04693179302532015 0.03456044873834543 0.7445022146567563 2.0 -1.0 -1.0 -1.0 -1.0 
314.9 38.71 20260420.0 -1.0 2.45278075482 21.53695559442794 0.7983442818922891 0.02764835899067634 4.458896303359755 16.0 -1.0 -1.0 -1.0 -1.0 
314.9 38.71 20260420.0 -1.0 0.0622619458025739 225.9761017445428 0.08697490026177834 0.1755670795907948 2.1947383683515578 1.0 -1.0 -1.0 -1.0 -1.0 
314.9 38.71 20260420.0 -1.0 3.4672047206 25.585255518192593 0.01626376618666055 0.01520659744487199 1.6966057419079346 16.0 -1.0 -1.0 -1.0 -1.0 
314.9 38.71 20260420.0 -1.0 268.913454 42.183285205627655 0.011951096159304527 0.009676925646736721 0.8166306409328811 1.0 -1.0 -1.0 -1.0 -1.0 
314.9 38.71 20260420.0 -1.0 0.480458905198 80.84454947758007 0.35209079043299263 0.013824179495338172 2.1196267501397488 32.0 -1.0 -1.0 -1.0 -1.0 
314.9 38.71 20260420.0 -1.0 1.585913888562 126.87371961078415 0.833282150847736 0.06497364362808941 1.6828652109073248 16.0 -1.0 -1.0 -1.0 -1.0 
314.9 38.71 20260420.0 -1.0 379.63124577084 75.37934458049779 0.026378015809474922 0.026265941041142528 1.1700637073857858 1.0 -1.0 -1.0 -1.0 -1.0 
314.9 38.71 20260420.0 -1.0 0.0879477624 86.71458436703881 0.15571097780848736 0.10644618211410391 0.8620736868746003 1.0 -1.0 -1.0 -1.0 -1.0 
314.9 38.71 20260420.0 -1.0 1.21978 0.0 0.02305346836147395 0.013824179495338172 0.6562679800258394 8.0 -1.0 -1.0 -1.0 -1.0 
314.9 38.71 20260420.0 -1.0 3.277614 115.65414553635068 0.022025931965714878 0.006912089747669085 2.3182005333255598 16.0 -1.0 -1.0 -1.0 -1.0 
314.9 38.71 20260420.0 -1.0 1.040042 173.481218304526 0.7512553516355123 0.012441761545804354 8.371185996196408 32.0 9.11851921727462 32.0 1.0400375079674027 173.2508614794171 
314.9 38.71 20260420.0 -1.0 2.30178801032 289.1353638408767 0.5554877262434197 0.01520659744487199 7.2237866573423775 32.0 7.8516067711292985 32.0 2.301779507736986 289.42608868640934 
314.9 38.71 20260420.0 -1.0 1.97605646475 346.962436609052 0.022301538964444614 0.009676925646736721 1.0478039389493201 32.0 -1.0 -1.0 -1.0 -1.0 
314.9 38.71 20260420.0 -1.0 0.12178933067437142 98.57610314366924 7.079213307799321 0.016589015394405805 90.57034421166885 32.0 24.45352541714123 2.0 0.7916241884231568 101.70392277267185 
314.9 38.71 20260420.0 -1.0 3.900868462421 14.007117736225691 3.8624127840012807 0.031795612839277794 37.16491806016607 16.0 37.27507126072949 16.0 3.9008834088842077 14.066512701891925 
314.9 38.71 20260420.0 -1.0 59.422316724576454 58.21455290373567 1.0715267077965671 0.015206597444871992 8.213546851327543 8.0 8.213546696222629 8.0 59.42213950523486 58.188811536603296 
314.9 38.71 20260420.0 -1.0 288.892720892735 57.82707276817534 1.4511629160490123 0.011059343596270537 5.786986083239889 1.0 -1.0 -1.0 -1.0 -1.0 
314.9 38.71 20260420.0 -1.0 1.056982 231.30829107270137 9.84916334046565 0.027648358990676348 92.53162678066946 32.0 68.72976117834587 32.0 0.2642385273550948 231.23727714980612 
314.9 38.71 20260420.0 -1.0 0.002307997287729426 404.7895093772274 2.1336978189961653 0.017971433343939622 2.530818969030821 1.0 -1.0 -1.0 -1.0 -1.0 
314.9 38.71 20260420.0 -1.0 0.711724 61.04836285037093 0.04693179302532015 0.03456044873834543 0.7445022146567563 2.0 -1.0 -1.0 -1.0 -1.0 
314.9 38.71 20260420.0 -1.0 2.45278075482 21.53695559442794 0.7983442818922891 0.02764835899067634 4.458896303359755 16.0 -1.0 -1.0 -1.0 -1.0 
314.9 38.71 20260420.0 -1.0 0.0622619458025739 225.9761017445428 0.08697490026177834 0.1755670795907948 2.1947383683515578 1.0 -1.0 -1.0 -1.0 -1.0 
314.9 38.71 20260420.0 -1.0 3.4672047206 25.585255518192593 0.01626376618666055 0.01520659744487199 1.6966057419079346 16.0 -1.0 -1.0 -1.0 -1.0 
314.9 38.71 20260420.0 -1.0 268.913454 42.183285205627655 0.011951096159304527 0.009676925646736721 0.8166306409328811 1.0 -1.0 -1.0 -1.0 -1.0 
314.9 38.71 20260420.0 -1.0 0.480458905198 80.84454947758007 0.35209079043299263 0.013824179495338172 2.1196267501397488 32.0 -1.0 -1.0 -1.0 -1.0 
314.9 38.71 20260420.0 -1.0 1.585913888562 126.87371961078415 0.833282150847736 0.06497364362808941 1.6828652109073248 16.0 -1.0 -1.0 -1.0 -1.0 
314.9 38.71 20260420.0 -1.0 379.63124577084 75.37934458049779 0.026378015809474922 0.026265941041142528 1.1700637073857858 1.0 -1.0 -1.0 -1.0 -1.0 
314.9 38.71 20260420.0 -1.0 0.0879477624 86.71458436703881 0.15571097780848736 0.10644618211410391 0.8620736868746003 1.0 -1.0 -1.0 -1.0 -1.0 
314.9 38.71 20260420.0 -1.0 1.21978 0.0 0.02305346836147395 0.013824179495338172 0.6562679800258394 8.0 -1.0 -1.0 -1.0 -1.0 
314.9 38.71 20260420.0 -1.0 3.277614 115.65414553635068 0.022025931965714878 0.006912089747669085 2.3182005333255598 16.0 -1.0 -1.0 -1.0 -1.0 
314.9 38.71 20260420.0 -1.0 1.040042 173.481218304526 0.7512553516355123 0.012441761545804354 8.371185996196408 32.0 9.11851921727462 32.0 1.0400375079674027 173.2508614794171 
314.9 38.71 20260420.0 -1.0 2.30178801032 289.1353638408767 0.5554877262434197 0.01520659744487199 7.2237866573423775 32.0 7.8516067711292985 32.0 2.301779507736986 289.42608868640934 
314.9 38.71 20260420.0 -1.0 1.97605646475 346.962436609052 0.022301538964444614 0.009676925646736721 1.0478039389493201 32.0 -1.0 -1.0 -1.0 -1.0 
314.9 38.71 20260420.0 -1.0 0.12178933067437142 98.57610314366924 7.079213307799321 0.016589015394405805 90.57034421166885 32.0 24.45352541714123 2.0 0.7916241884231568 101.70392277267185 
314.9 38.71 20260420.0 -1.0 3.900868462421 14.007117736225691 3.8624127840012807 0.031795612839277794 37.16491806016607 16.0 37.27507126072949 16.0 3.9008834088842077 14.066512701891925 
314.9 38.71 20260420.0 -1.0 59.422316724576454 58.21455290373567 1.0715267077965671 0.015206597444871992 8.213546851327543 8.0 8.213546696222629 8.0 59.42213950523486 58.188811536603296 
314.9 38.71 20260420.0 -1.0 288.892720892735 57.82707276817534 1.4511629160490123 0.011059343596270537 5.786986083239889 1.0 -1.0 -1.0 -1.0 -1.0 
314.9 38.71 20260420.0 -1.0 1.056982 231.30829107270137 9.84916334046565 0.027648358990676348 92.53162678066946 32.0 68.72976117834587 32.0 0.2642385273550948 231.23727714980612 
314.9 38.71 20260420.0 -1.0 0.002307997287729426 404.7895093772274 2.1336978189961653 0.017971433343939622 2.530818969030821 1.0 -1.0 -1.0 -1.0 -1.0 
315.08 46.91 20260420.0 -1.0 1.04053657139 36.694651666142825 1.37788801110556 0.05391430003181887 2.661174309341262 8.0 -1.0 -1.0 -1.0 -1.0 
315.08 46.91 20260420.0 -1.0 0.17916629069406123 262.515970910872 1.1045981726559997 0.08294507697202903 1.4117655448565785 8.0 -1.0 -1.0 -1.0 -1.0 
315.08 46.91 20260420.0 -1.0 14.8661645038 612.5372654587013 4.46236362207052 0.022118687192541075 28.333051178513514 4.0 28.333051966687645 4.0 14.866236597299578 612.5510890974953 
315.08 46.91 20260420.0 -1.0 1.04053657139 36.694651666142825 1.37788801110556 0.05391430003181887 2.661174309341262 8.0 -1.0 -1.0 -1.0 -1.0 
315.08 46.91 20260420.0 -1.0 0.17916629069406123 262.515970910872 1.1045981726559997 0.08294507697202903 1.4117655448565785 8.0 -1.0 -1.0 -1.0 -1.0 
315.08 46.91 20260420.0 -1.0 14.8661645038 612.5372654587013 4.46236362207052 0.022118687192541075 28.333051178513514 4.0 28.333051966687645 4.0 14.866236597299578 612.5510890974953 
315.08 46.91 20260420.0 -1.0 1.04053657139 36.694651666142825 1.37788801110556 0.05391430003181887 2.661174309341262 8.0 -1.0 -1.0 -1.0 -1.0 
315.08 46.91 20260420.0 -1.0 0.17916629069406123 262.515970910872 1.1045981726559997 0.08294507697202903 1.4117655448565785 8.0 -1.0 -1.0 -1.0 -1.0 
315.08 46.91 20260420.0 -1.0 14.8661645038 612.5372654587013 4.46236362207052 0.022118687192541075 28.333051178513514 4.0 28.333051966687645 4.0 14.866236597299578 612.5510890974953 
315.31 38.71 20260420.0 -1.0 0.37550509899 30.25768811774855 0.9468858568438856 0.06082638977948797 1.066399379949371 2.0 -1.0 -1.0 -1.0 -1.0 
315.31 38.71 20260420.0 -1.0 123.95878503898378 68.99069725277222 0.10301519527800741 0.012441761545804354 0.453876513611137 4.0 -1.0 -1.0 -1.0 -1.0 
315.31 38.71 20260420.0 -1.0 0.01867770575860493 17.505102288016833 0.30580779044313344 0.05944397182995413 0.6733783505315847 1.0 -1.0 -1.0 -1.0 -1.0 
315.31 38.71 20260420.0 -1.0 5.083905613918997 53.743040282440816 0.07653998783070953 0.058061553880420315 1.7029633571247 4.0 -1.0 -1.0 -1.0 -1.0 
315.31 38.71 20260420.0 -1.0 35.2051272362 14.178340767217252 0.06962805736105153 0.019353851293473442 1.3828432205558665 4.0 -1.0 -1.0 -1.0 -1.0 
315.31 38.71 20260420.0 -1.0 1.93009288569 175.01141857634929 0.7901140215857734 0.04147253848601452 4.286492190658018 16.0 -1.0 -1.0 -1.0 -1.0 
315.31 38.71 20260420.0 -1.0 0.77556728669 0.0 0.13864818585597127 0.0483846282336836 2.2935981612614036 1.0 -1.0 -1.0 -1.0 -1.0 
315.31 38.71 20260420.0 -1.0 8.54520899704013 56.571919126658145 0.327454916287773 0.02350110514207489 1.7253915815680128 32.0 -1.0 -1.0 -1.0 -1.0 
315.31 38.71 20260420.0 -1.0 160.59270990836 169.71575737997443 0.013864818585597127 0.07741540517389377 1.8134975006491565 2.0 -1.0 -1.0 -1.0 -1.0 
315.31 38.71 20260420.0 -1.0 15.818294755980364 226.28767650663258 0.9009391709551404 0.008294507697202903 8.964338550518285 8.0 9.206929519211734 8.0 15.818295651115479 226.27857842755643 
315.31 38.71 20260420.0 -1.0 0.03068101675933006 282.8595956332907 0.02791544687242017 0.011059343596270537 0.5231716526500393 1.0 -1.0 -1.0 -1.0 -1.0 
315.31 38.71 20260420.0 -1.0 22.351083818 63.604511933382426 2.062678031393121 0.017971433343939622 21.334926510691197 16.0 21.33492698328575 16.0 22.351074827990185 63.65349992438864 
315.31 38.71 20260420.0 -1.0 277.03970545582877 24.594272671625458 5.028866967141122 0.022118687192541075 16.592583683397642 1.0 -1.0 -1.0 -1.0 -1.0 
315.31 38.71 20260420.0 -1.0 6.5054918751 24.277438241073117 1.895953941433439 0.026265941041142528 20.45596995527406 32.0 20.455968139666304 32.0 6.50549433582152 24.287503945712675 
315.31 38.71 20260420.0 -1.0 3.072947121157 32.51513343543398 9.338928054889383 0.030413194889743984 92.85022566410956 32.0 93.01196740193103 32.0 3.072940065370252 32.48453652739071 
315.31 38.71 20260420.0 -1.0 3.20031 31.881464574329296 2.0175786941126064 0.016589015394405805 21.54963519434224 32.0 21.549635689636975 32.0 3.200299640108521 31.87734892874789 
315.31 38.71 20260420.0 -1.0 123.39043991919849 47.72318610194634 4.808041380999948 0.017971433343939622 26.31614726178951 4.0 26.316147158799836 4.0 123.390539859732 47.765424426568266 
315.31 38.71 20260420.0 -1.0 0.578035 113.14383825331629 4.46236362207052 0.017971433343939622 76.22796036260156 32.0 62.04346572901044 32.0 0.2890070997333775 113.03809128067108 
315.31 38.71 20260420.0 -1.0 1.6143260283 339.43151475994887 5.392289212715889 0.006912089747669087 126.31763734706246 32.0 126.75019757301853 32.0 1.6143227791568886 339.5190655744418 
315.31 38.71 20260420.0 -1.0 32.626427 396.003433886607 2.1440411841405274 0.008294507697202903 2.767972788127018 1.0 -1.0 -1.0 -1.0 -1.0 
315.31 38.71 20260420.0 -1.0 0.37550509899 30.25768811774855 0.9468858568438856 0.06082638977948797 1.066399379949371 2.0 -1.0 -1.0 -1.0 -1.0 
315.31 38.71 20260420.0 -1.0 123.95878503898378 68.99069725277222 0.10301519527800741 0.012441761545804354 0.453876513611137 4.0 -1.0 -1.0 -1.0 -1.0 
315.31 38.71 20260420.0 -1.0 0.01867770575860493 17.505102288016833 0.30580779044313344 0.05944397182995413 0.6733783505315847 1.0 -1.0 -1.0 -1.0 -1.0 
315.31 38.71 20260420.0 -1.0 5.083905613918997 53.743040282440816 0.07653998783070953 0.058061553880420315 1.7029633571247 4.0 -1.0 -1.0 -1.0 -1.0 
315.31 38.71 20260420.0 -1.0 35.2051272362 14.178340767217252 0.06962805736105153 0.019353851293473442 1.3828432205558665 4.0 -1.0 -1.0 -1.0 -1.0 
315.31 38.71 20260420.0 -1.0 1.93009288569 175.01141857634929 0.7901140215857734 0.04147253848601452 4.286492190658018 16.0 -1.0 -1.0 -1.0 -1.0 
315.31 38.71 20260420.0 -1.0 0.77556728669 0.0 0.13864818585597127 0.0483846282336836 2.2935981612614036 1.0 -1.0 -1.0 -1.0 -1.0 
315.31 38.71 20260420.0 -1.0 8.54520899704013 56.571919126658145 0.327454916287773 0.02350110514207489 1.7253915815680128 32.0 -1.0 -1.0 -1.0 -1.0 
315.31 38.71 20260420.0 -1.0 160.59270990836 169.71575737997443 0.013864818585597127 0.07741540517389377 1.8134975006491565 2.0 -1.0 -1.0 -1.0 -1.0 
315.31 38.71 20260420.0 -1.0 15.818294755980364 226.28767650663258 0.9009391709551404 0.008294507697202903 8.964338550518285 8.0 9.206929519211734 8.0 15.818295651115479 226.27857842755643 
315.31 38.71 20260420.0 -1.0 0.03068101675933006 282.8595956332907 0.02791544687242017 0.011059343596270537 0.5231716526500393 1.0 -1.0 -1.0 -1.0 -1.0 
315.31 38.71 20260420.0 -1.0 22.351083818 63.604511933382426 2.062678031393121 0.017971433343939622 21.334926510691197 16.0 21.33492698328575 16.0 22.351074827990185 63.65349992438864 
315.31 38.71 20260420.0 -1.0 277.03970545582877 24.594272671625458 5.028866967141122 0.022118687192541075 16.592583683397642 1.0 -1.0 -1.0 -1.0 -1.0 
315.31 38.71 20260420.0 -1.0 6.5054918751 24.277438241073117 1.895953941433439 0.026265941041142528 20.45596995527406 32.0 20.455968139666304 32.0 6.50549433582152 24.287503945712675 
315.31 38.71 20260420.0 -1.0 3.072947121157 32.51513343543398 9.338928054889383 0.030413194889743984 92.85022566410956 32.0 93.01196740193103 32.0 3.072940065370252 32.48453652739071 
315.31 38.71 20260420.0 -1.0 3.20031 31.881464574329296 2.0175786941126064 0.016589015394405805 21.54963519434224 32.0 21.549635689636975 32.0 3.200299640108521 31.87734892874789 
315.31 38.71 20260420.0 -1.0 123.39043991919849 47.72318610194634 4.808041380999948 0.017971433343939622 26.31614726178951 4.0 26.316147158799836 4.0 123.390539859732 47.765424426568266 
315.31 38.71 20260420.0 -1.0 0.578035 113.14383825331629 4.46236362207052 0.017971433343939622 76.22796036260156 32.0 62.04346572901044 32.0 0.2890070997333775 113.03809128067108 
315.31 38.71 20260420.0 -1.0 1.6143260283 339.43151475994887 5.392289212715889 0.006912089747669087 126.31763734706246 32.0 126.75019757301853 32.0 1.6143227791568886 339.5190655744418 
315.31 38.71 20260420.0 -1.0 32.626427 396.003433886607 2.1440411841405274 0.008294507697202903 2.767972788127018 1.0 -1.0 -1.0 -1.0 -1.0 
315.31 38.71 20260420.0 -1.0 0.37550509899 30.25768811774855 0.9468858568438856 0.06082638977948797 1.066399379949371 2.0 -1.0 -1.0 -1.0 -1.0 
315.31 38.71 20260420.0 -1.0 123.95878503898378 68.99069725277222 0.10301519527800741 0.012441761545804354 0.453876513611137 4.0 -1.0 -1.0 -1.0 -1.0 
315.31 38.71 20260420.0 -1.0 0.01867770575860493 17.505102288016833 0.30580779044313344 0.05944397182995413 0.6733783505315847 1.0 -1.0 -1.0 -1.0 -1.0 
315.31 38.71 20260420.0 -1.0 5.083905613918997 53.743040282440816 0.07653998783070953 0.058061553880420315 1.7029633571247 4.0 -1.0 -1.0 -1.0 -1.0 
315.31 38.71 20260420.0 -1.0 35.2051272362 14.178340767217252 0.06962805736105153 0.019353851293473442 1.3828432205558665 4.0 -1.0 -1.0 -1.0 -1.0 
315.31 38.71 20260420.0 -1.0 1.93009288569 175.01141857634929 0.7901140215857734 0.04147253848601452 4.286492190658018 16.0 -1.0 -1.0 -1.0 -1.0 
315.31 38.71 20260420.0 -1.0 0.77556728669 0.0 0.13864818585597127 0.0483846282336836 2.2935981612614036 1.0 -1.0 -1.0 -1.0 -1.0 
315.31 38.71 20260420.0 -1.0 8.54520899704013 56.571919126658145 0.327454916287773 0.02350110514207489 1.7253915815680128 32.0 -1.0 -1.0 -1.0 -1.0 
315.31 38.71 20260420.0 -1.0 160.59270990836 169.71575737997443 0.013864818585597127 0.07741540517389377 1.8134975006491565 2.0 -1.0 -1.0 -1.0 -1.0 
315.31 38.71 20260420.0 -1.0 15.818294755980364 226.28767650663258 0.9009391709551404 0.008294507697202903 8.964338550518285 8.0 9.206929519211734 8.0 15.818295651115479 226.27857842755643 
315.31 38.71 20260420.0 -1.0 0.03068101675933006 282.8595956332907 0.02791544687242017 0.011059343596270537 0.5231716526500393 1.0 -1.0 -1.0 -1.0 -1.0 
315.31 38.71 20260420.0 -1.0 22.351083818 63.604511933382426 2.062678031393121 0.017971433343939622 21.334926510691197 16.0 21.33492698328575 16.0 22.351074827990185 63.65349992438864 
315.31 38.71 20260420.0 -1.0 277.03970545582877 24.594272671625458 5.028866967141122 0.022118687192541075 16.592583683397642 1.0 -1.0 -1.0 -1.0 -1.0 
315.31 38.71 20260420.0 -1.0 6.5054918751 24.277438241073117 1.895953941433439 0.026265941041142528 20.45596995527406 32.0 20.455968139666304 32.0 6.50549433582152 24.287503945712675 
315.31 38.71 20260420.0 -1.0 3.072947121157 32.51513343543398 9.338928054889383 0.030413194889743984 92.85022566410956 32.0 93.01196740193103 32.0 3.072940065370252 32.48453652739071 
315.31 38.71 20260420.0 -1.0 3.20031 31.881464574329296 2.0175786941126064 0.016589015394405805 21.54963519434224 32.0 21.549635689636975 32.0 3.200299640108521 31.87734892874789 
315.31 38.71 20260420.0 -1.0 123.39043991919849 47.72318610194634 4.808041380999948 0.017971433343939622 26.31614726178951 4.0 26.316147158799836 4.0 123.390539859732 47.765424426568266 
315.31 38.71 20260420.0 -1.0 0.578035 113.14383825331629 4.46236362207052 0.017971433343939622 76.22796036260156 32.0 62.04346572901044 32.0 0.2890070997333775 113.03809128067108 
315.31 38.71 20260420.0 -1.0 1.6143260283 339.43151475994887 5.392289212715889 0.006912089747669087 126.31763734706246 32.0 126.75019757301853 32.0 1.6143227791568886 339.5190655744418 
315.31 38.71 20260420.0 -1.0 32.626427 396.003433886607 2.1440411841405274 0.008294507697202903 2.767972788127018 1.0 -1.0 -1.0 -1.0 -1.0 
315.72 38.71 20260420.0 -1.0 2.93487997706 118.74847674198648 2.2224637368337055 0.011059343596270537 58.224953886829766 32.0 58.33106597092225 32.0 2.9348787696411214 118.80637346777785 
315.72 38.71 20260420.0 -1.0 6.91697118349854 20.89632026246514 4.798086871639708 0.06497364362808941 23.413461779476815 8.0 23.461375899685983 8.0 6.917010371883711 21.04917008628432 
315.72 38.71 20260420.0 -1.0 2.79204 39.9705124129899 6.726401367068844 0.058061553880420315 39.49098501226396 16.0 39.95285560093746 16.0 2.7920274684826536 39.77078771110451 
315.72 38.71 20260420.0 -1.0 0.04232292065881791 221.51317922543217 1.0301519527800742 0.027648358990676344 2.023818504209079 4.0 -1.0 -1.0 -1.0 -1.0 
315.72 38.71 20260420.0 -1.0 2.93487997706 118.74847674198648 2.2224637368337055 0.011059343596270537 58.20277503045316 32.0 58.347855243417584 32.0 2.9348787696411214 118.80637346777785 
315.72 38.71 20260420.0 -1.0 6.91697118349854 20.89632026246514 4.798086871639708 0.06497364362808941 23.428950352431592 8.0 23.478005944618324 8.0 6.917010371883711 21.04917008628432 
315.72 38.71 20260420.0 -1.0 2.79204 39.9705124129899 6.726401367068844 0.058061553880420315 39.49569917911619 16.0 39.9753110851552 16.0 2.7920274684826536 39.77078771110451 
315.72 38.71 20260420.0 -1.0 0.04232292065881791 221.51317922543217 1.0301519527800742 0.027648358990676344 2.0238127529207066 4.0 -1.0 -1.0 -1.0 -1.0 
315.72 38.71 20260420.0 -1.0 2.93487997706 118.74847674198648 2.2224637368337055 0.011059343596270537 58.20277503045316 32.0 58.347855243417584 32.0 2.9348787696411214 118.80637346777785 
315.72 38.71 20260420.0 -1.0 6.91697118349854 20.89632026246514 4.798086871639708 0.06497364362808941 23.428950352431592 8.0 23.478005944618324 8.0 6.917010371883711 21.04917008628432 
315.72 38.71 20260420.0 -1.0 2.79204 39.9705124129899 6.726401367068844 0.058061553880420315 39.49569917911619 16.0 39.9753110851552 16.0 2.7920274684826536 39.77078771110451 
315.72 38.71 20260420.0 -1.0 0.04232292065881791 221.51317922543217 1.0301519527800742 0.027648358990676344 2.0238127529207066 4.0 -1.0 -1.0 -1.0 -1.0 
316.13 38.71 20260420.0 -1.0 1.2061 59.015032598207554 0.29891489374741587 0.027648358990676344 1.2510265590270007 8.0 -1.0 -1.0 -1.0 -1.0 
316.13 38.71 20260420.0 -1.0 1.84348415434 39.875022025815916 0.03227385809271237 0.045619792334615966 0.7318456266837949 16.0 -1.0 -1.0 -1.0 -1.0 
316.13 38.71 20260420.0 -1.0 28.485368937791737 70.74968193723338 0.40790690409879904 0.030413194889743984 2.7180147562886745 16.0 -1.0 -1.0 -1.0 -1.0 
316.13 38.71 20260420.0 -1.0 3.6279007508719 76.90182819264498 0.10466512108254267 0.013824179495338172 0.884830933256689 16.0 -1.0 -1.0 -1.0 -1.0 
316.13 38.71 20260420.0 -1.0 0.66452487729 68.9268237874818 0.3806782426707758 0.017971433343939622 2.7928681281179384 32.0 -1.0 -1.0 -1.0 -1.0 
316.13 38.71 20260420.0 -1.0 0.002825207953274267 86.96552422773185 0.17902978599553002 0.027648358990676344 1.8410242757571462 1.0 -1.0 -1.0 -1.0 -1.0 
316.13 38.71 20260420.0 -1.0 2.5167515000501908 0.0 0.16263766186660558 0.03456044873834543 2.2298463026264184 4.0 -1.0 -1.0 -1.0 -1.0 
316.13 38.71 20260420.0 -1.0 220.569095946271 54.24630547430386 0.03932416103941603 0.027648358990676344 1.316737211877924 1.0 -1.0 -1.0 -1.0 -1.0 
316.13 38.71 20260420.0 -1.0 1.35421422194 162.7389164229116 0.06118974845614149 0.026265941041142528 1.3485876459761408 2.0 -1.0 -1.0 -1.0 -1.0 
316.13 38.71 20260420.0 -1.0 0.008953561031815726 216.98522189721544 0.05714466585286834 0.009676925646736721 0.4649596641576574 16.0 -1.0 -1.0 -1.0 -1.0 
316.13 38.71 20260420.0 -1.0 21.422324384511 37.63442555007959 6.991726935839042 0.01520659744487199 79.46054012516892 16.0 79.5966956534309 16.0 21.42235947151979 37.64563111585465 
316.13 38.71 20260420.0 -1.0 1.314610840274 160.1836599094205 2.2502730736303422 0.03041319488974398 20.783463117632557 32.0 21.00879403716348 32.0 1.3146139584326497 160.0951301754894 
316.13 38.71 20260420.0 -1.0 7.92393 82.10456916172762 7.6539987830709535 0.045619792334615966 55.00035270919899 16.0 55.08517301858396 16.0 7.9239422727065785 82.07152374988742 
316.13 38.71 20260420.0 -1.0 2.97070677878 36.305258149219064 5.102356238343202 0.08156265902249521 17.083244937039808 8.0 17.374624519308473 16.0 2.9707128608909747 36.33005798546188 
316.13 38.71 20260420.0 -1.0 0.012126025785095121 104.13077180455927 2.689322988764996 0.005529671798135269 4.518924985802738 32.0 -1.0 -1.0 -1.0 -1.0 
316.13 38.71 20260420.0 -1.0 28.777763 77.47147136444235 1.4125863376630825 0.20321543858147115 1.5527005543196017 1.0 -1.0 -1.0 -1.0 -1.0 
316.13 38.71 20260420.0 -1.0 0.01695945003342085 108.49261094860772 2.184408880221528 0.035942866687879244 1.449267966788213 16.0 -1.0 -1.0 -1.0 -1.0 
316.13 38.71 20260420.0 -1.0 0.8655970492 271.2315273715193 8.218479555845246 0.022118687192541075 106.51603083813555 32.0 82.18446939720059 32.0 0.28852203589243197 271.311658660232 
316.13 38.71 20260420.0 -1.0 123.39043991919849 325.4778328458232 1.2218241385477433 0.019353851293473442 5.895570043725926 2.0 -1.0 -1.0 -1.0 -1.0 
316.13 38.71 20260420.0 -1.0 7.98533519368 379.724138320127 9.103238467041102 0.016589015394405805 8.970754189674922 4.0 -1.0 -1.0 -1.0 -1.0 
316.13 38.71 20260420.0 -1.0 1.2061 59.015032598207554 0.29891489374741587 0.027648358990676344 1.2509912468779976 8.0 -1.0 -1.0 -1.0 -1.0 
316.13 38.71 20260420.0 -1.0 1.84348415434 39.875022025815916 0.03227385809271237 0.045619792334615966 0.7342964496283138 16.0 -1.0 -1.0 -1.0 -1.0 
316.13 38.71 20260420.0 -1.0 28.485368937791737 70.74968193723338 0.40790690409879904 0.030413194889743984 2.7191484365901095 16.0 -1.0 -1.0 -1.0 -1.0 
316.13 38.71 20260420.0 -1.0 3.6279007508719 76.90182819264498 0.10466512108254267 0.013824179495338172 0.8888061401903311 16.0 -1.0 -1.0 -1.0 -1.0 
316.13 38.71 20260420.0 -1.0 0.66452487729 68.9268237874818 0.3806782426707758 0.017971433343939622 2.7931943388162455 32.0 -1.0 -1.0 -1.0 -1.0 
316.13 38.71 20260420.0 -1.0 0.002825207953274267 86.96552422773185 0.17902978599553002 0.027648358990676344 1.841024273702046 1.0 -1.0 -1.0 -1.0 -1.0 
316.13 38.71 20260420.0 -1.0 2.5167515000501908 0.0 0.16263766186660558 0.03456044873834543 2.2298413714173235 4.0 -1.0 -1.0 -1.0 -1.0 
316.13 38.71 20260420.0 -1.0 220.569095946271 54.24630547430386 0.03932416103941603 0.027648358990676344 1.316901036836334 1.0 -1.0 -1.0 -1.0 -1.0 
316.13 38.71 20260420.0 -1.0 1.35421422194 162.7389164229116 0.06118974845614149 0.026265941041142528 1.3485854421018537 2.0 -1.0 -1.0 -1.0 -1.0 
316.13 38.71 20260420.0 -1.0 0.008953561031815726 216.98522189721544 0.05714466585286834 0.009676925646736721 0.4649595490877884 16.0 -1.0 -1.0 -1.0 -1.0 
316.13 38.71 20260420.0 -1.0 21.422324384511 37.63442555007959 6.991726935839042 0.01520659744487199 79.44144401240855 16.0 79.57761519465691 16.0 21.42235947151979 37.64563111585465 
316.13 38.71 20260420.0 -1.0 1.314610840274 160.1836599094205 2.2502730736303422 0.03041319488974398 20.77405898767235 32.0 21.0063774739427 32.0 1.3146139584326497 160.0951301754894 
316.13 38.71 20260420.0 -1.0 7.92393 82.10456916172762 7.6539987830709535 0.045619792334615966 54.99657065309335 16.0 55.081395925431956 16.0 7.9239422727065785 82.07152374988742 
316.13 38.71 20260420.0 -1.0 2.97070677878 36.305258149219064 5.102356238343202 0.08156265902249521 17.083577399243097 8.0 17.375079374799668 16.0 2.9707128608909747 36.33005798546188 
316.13 38.71 20260420.0 -1.0 0.012126025785095121 104.13077180455927 2.689322988764996 0.005529671798135269 4.519975765423777 32.0 -1.0 -1.0 -1.0 -1.0 
316.13 38.71 20260420.0 -1.0 28.777763 77.47147136444235 1.4125863376630825 0.20321543858147115 1.5533869915108722 1.0 -1.0 -1.0 -1.0 -1.0 
316.13 38.71 20260420.0 -1.0 0.01695945003342085 108.49261094860772 2.184408880221528 0.035942866687879244 1.4492552866615682 16.0 -1.0 -1.0 -1.0 -1.0 
316.13 38.71 20260420.0 -1.0 0.8655970492 271.2315273715193 8.218479555845246 0.022118687192541075 106.51603083813555 32.0 82.18446939720059 32.0 0.28852203589243197 271.311658660232 
316.13 38.71 20260420.0 -1.0 123.39043991919849 325.4778328458232 1.2218241385477433 0.019353851293473442 5.895570043725926 2.0 -1.0 -1.0 -1.0 -1.0 
316.13 38.71 20260420.0 -1.0 7.98533519368 379.724138320127 9.103238467041102 0.016589015394405805 8.970754189674922 4.0 -1.0 -1.0 -1.0 -1.0 
316.13 38.71 20260420.0 -1.0 1.2061 59.015032598207554 0.29891489374741587 0.027648358990676344 1.2509912468779976 8.0 -1.0 -1.0 -1.0 -1.0 
316.13 38.71 20260420.0 -1.0 1.84348415434 39.875022025815916 0.03227385809271237 0.045619792334615966 0.7342964496283138 16.0 -1.0 -1.0 -1.0 -1.0 
316.13 38.71 20260420.0 -1.0 28.485368937791737 70.74968193723338 0.40790690409879904 0.030413194889743984 2.7191484365901095 16.0 -1.0 -1.0 -1.0 -1.0 
316.13 38.71 20260420.0 -1.0 3.6279007508719 76.90182819264498 0.10466512108254267 0.013824179495338172 0.8888061401903311 16.0 -1.0 -1.0 -1.0 -1.0 
316.13 38.71 20260420.0 -1.0 0.66452487729 68.9268237874818 0.3806782426707758 0.017971433343939622 2.7931943388162455 32.0 -1.0 -1.0 -1.0 -1.0 
316.13 38.71 20260420.0 -1.0 0.002825207953274267 86.96552422773185 0.17902978599553002 0.027648358990676344 1.841024273702046 1.0 -1.0 -1.0 -1.0 -1.0 
316.13 38.71 20260420.0 -1.0 2.5167515000501908 0.0 0.16263766186660558 0.03456044873834543 2.2298413714173235 4.0 -1.0 -1.0 -1.0 -1.0 
316.13 38.71 20260420.0 -1.0 220.569095946271 54.24630547430386 0.03932416103941603 0.027648358990676344 1.316901036836334 1.0 -1.0 -1.0 -1.0 -1.0 
316.13 38.71 20260420.0 -1.0 1.35421422194 162.7389164229116 0.06118974845614149 0.026265941041142528 1.3485854421018537 2.0 -1.0 -1.0 -1.0 -1.0 
316.13 38.71 20260420.0 -1.0 0.008953561031815726 216.98522189721544 0.05714466585286834 0.009676925646736721 0.4649595490877884 16.0 -1.0 -1.0 -1.0 -1.0 
316.13 38.71 20260420.0 -1.0 21.422324384511 37.63442555007959 6.991726935839042 0.01520659744487199 79.44144401240855 16.0 79.57761519465691 16.0 21.42235947151979 37.64563111585465 
316.13 38.71 20260420.0 -1.0 1.314610840274 160.1836599094205 2.2502730736303422 0.03041319488974398 20.77405898767235 32.0 21.0063774739427 32.0 1.3146139584326497 160.0951301754894 
316.13 38.71 20260420.0 -1.0 7.92393 82.10456916172762 7.6539987830709535 0.045619792334615966 54.99657065309335 16.0 55.081395925431956 16.0 7.9239422727065785 82.07152374988742 
316.13 38.71 20260420.0 -1.0 2.97070677878 36.305258149219064 5.102356238343202 0.08156265902249521 17.083577399243097 8.0 17.375079374799668 16.0 2.9707128608909747 36.33005798546188 
316.13 38.71 20260420.0 -1.0 0.012126025785095121 104.13077180455927 2.689322988764996 0.005529671798135269 4.519975765423777 32.0 -1.0 -1.0 -1.0 -1.0 
316.13 38.71 20260420.0 -1.0 28.777763 77.47147136444235 1.4125863376630825 0.20321543858147115 1.5533869915108722 1.0 -1.0 -1.0 -1.0 -1.0 
316.13 38.71 20260420.0 -1.0 0.01695945003342085 108.49261094860772 2.184408880221528 0.035942866687879244 1.4492552866615682 16.0 -1.0 -1.0 -1.0 -1.0 
316.13 38.71 20260420.0 -1.0 0.8655970492 271.2315273715193 8.218479555845246 0.022118687192541075 106.51603083813555 32.0 82.18446939720059 32.0 0.28852203589243197 271.311658660232 
316.13 38.71 20260420.0 -1.0 123.39043991919849 325.4778328458232 1.2218241385477433 0.019353851293473442 5.895570043725926 2.0 -1.0 -1.0 -1.0 -1.0 
316.13 38.71 20260420.0 -1.0 7.98533519368 379.724138320127 9.103238467041102 0.016589015394405805 8.970754189674922 4.0 -1.0 -1.0 -1.0 -1.0 
336.55 30.67 20260420.0 -1.0 0.18165346965506704 83.70617837768422 0.02129280237443091 0.016589015394405805 1.5532885309526687 4.0 -1.0 -1.0 -1.0 -1.0 
336.55 30.67 20260420.0 -1.0 400.13439317157656 17.006313846833645 0.09727445357119646 0.02073626924300726 -0.6433337135985031 1.0 -1.0 -1.0 -1.0 -1.0 
336.55 30.67 20260420.0 -1.0 1.31573412922 112.29675256755334 0.42428997086975256 0.06220880772902178 1.7544329834893468 4.0 -1.0 -1.0 -1.0 -1.0 
336.55 30.67 20260420.0 -1.0 6.01270564706 86.56351450984454 0.2762766201625743 0.019353851293473442 1.628874095557115 16.0 -1.0 -1.0 -1.0 -1.0 
336.55 30.67 20260420.0 -1.0 13.101829177498328 41.792844149911026 0.2471947847766056 0.017971433343939622 3.1020334929861386 16.0 -1.0 -1.0 -1.0 -1.0 
336.55 30.67 20260420.0 -1.0 18.24019226356873 94.32651809782224 0.3796277367600015 0.017971433343939622 1.7847168975225371 2.0 -1.0 -1.0 -1.0 -1.0 
336.55 30.67 20260420.0 -1.0 371.7689452076117 99.7313587333544 0.2738064940527686 0.023501105142074895 1.3625796372824184 1.0 -1.0 -1.0 -1.0 -1.0 
336.55 30.67 20260420.0 -1.0 10.382835366 133.86447650488387 0.4352751525415836 0.008294507697202903 5.160505083162242 8.0 -1.0 -1.0 -1.0 -1.0 
336.55 30.67 20260420.0 -1.0 0.621231324318 108.37221860289942 0.011569279963413212 0.049767046183217416 1.101534608267423 1.0 -1.0 -1.0 -1.0 -1.0 
336.55 30.67 20260420.0 -1.0 1.45909041905 165.15747101251907 0.09965517359035103 0.02073626924300726 1.4914690221131952 4.0 -1.0 -1.0 -1.0 -1.0 
336.55 30.67 20260420.0 -1.0 0.0039513335998734465 24.58735282742765 0.08286895058781683 0.016589015394405805 0.5095580051668068 1.0 -1.0 -1.0 -1.0 -1.0 
336.55 30.67 20260420.0 -1.0 7.30131601293 49.1747056548553 0.026396245215700144 0.012441761545804354 0.5031569753491574 1.0 -1.0 -1.0 -1.0 -1.0 
336.55 30.67 20260420.0 -1.0 102.880658 73.76205848228295 0.7798107160729388 0.008294507697202903 5.141984035250791 1.0 -1.0 -1.0 -1.0 -1.0 
336.55 30.67 20260420.0 -1.0 0.8785140801273 172.11146979199356 0.29747285713170746 0.027648358990676348 2.0199784237329204 4.0 -1.0 -1.0 -1.0 -1.0 
336.55 30.67 20260420.0 -1.0 2.4784478211 89.67904366599524 5.547207448246047 0.16036048214592277 9.274418520322806 4.0 9.287357477822699 4.0 2.478433695311348 89.5601707998155 
336.55 30.67 20260420.0 -1.0 2.21794520407 80.53901061673545 3.6877092755496697 0.011059343596270537 124.73834971816076 32.0 124.78284940921424 32.0 2.2179544127235813 80.55355475328038 
336.55 30.67 20260420.0 -1.0 10.92827132616 0.0 2.3946272691937414 0.11612310776084062 1.8136966364875147 8.0 -1.0 -1.0 -1.0 -1.0 
336.55 30.67 20260420.0 -1.0 3.255405118685032 98.3494113097106 5.886768911929712 0.031795612839277794 61.23551997779252 32.0 61.372591260479176 32.0 3.2554150190359605 98.36439098013635 
336.55 30.67 20260420.0 -1.0 1.68666719259 122.93676413713825 5.667288709535706 0.013824179495338172 109.85721598407261 32.0 90.90885751006924 32.0 0.5622193081459652 122.95548872517043 
336.55 30.67 20260420.0 -1.0 0.5718 147.5241169645659 3.682617525797671 0.006912089747669086 186.882958983685 32.0 109.02740809144763 32.0 1.7153979570139202 147.2429926708831 
336.55 30.67 20260420.0 -1.0 0.18165346965506704 83.70617837768422 0.02129280237443091 0.016589015394405805 1.5532885309526687 4.0 -1.0 -1.0 -1.0 -1.0 
336.55 30.67 20260420.0 -1.0 400.13439317157656 17.006313846833645 0.09727445357119646 0.02073626924300726 -0.6436448392524139 1.0 -1.0 -1.0 -1.0 -1.0 
336.55 30.67 20260420.0 -1.0 1.31573412922 112.29675256755334 0.42428997086975256 0.06220880772902178 1.7544435071173163 4.0 -1.0 -1.0 -1.0 -1.0 
336.55 30.67 20260420.0 -1.0 6.01270564706 86.56351450984454 0.2762766201625743 0.019353851293473442 1.6290568087108355 16.0 -1.0 -1.0 -1.0 -1.0 
336.55 30.67 20260420.0 -1.0 13.101829177498328 41.792844149911026 0.2471947847766056 0.017971433343939622 3.1026423194866473 16.0 -1.0 -1.0 -1.0 -1.0 
336.55 30.67 20260420.0 -1.0 18.24019226356873 94.32651809782224 0.3796277367600015 0.017971433343939622 1.784945466922461 2.0 -1.0 -1.0 -1.0 -1.0 
336.55 30.67 20260420.0 -1.0 371.7689452076117 99.7313587333544 0.2738064940527686 0.023501105142074895 1.3626516447201023 1.0 -1.0 -1.0 -1.0 -1.0 
336.55 30.67 20260420.0 -1.0 10.382835366 133.86447650488387 0.4352751525415836 0.008294507697202903 5.159461349327706 8.0 -1.0 -1.0 -1.0 -1.0 
336.55 30.67 20260420.0 -1.0 0.621231324318 108.37221860289942 0.011569279963413212 0.049767046183217416 1.1015346065546492 1.0 -1.0 -1.0 -1.0 -1.0 
336.55 30.67 20260420.0 -1.0 1.45909041905 165.15747101251907 0.09965517359035103 0.02073626924300726 1.4913776116403086 4.0 -1.0 -1.0 -1.0 -1.0 
336.55 30.67 20260420.0 -1.0 0.0039513335998734465 24.58735282742765 0.08286895058781683 0.016589015394405805 0.509558006095189 1.0 -1.0 -1.0 -1.0 -1.0 
336.55 30.67 20260420.0 -1.0 7.30131601293 49.1747056548553 0.026396245215700144 0.012441761545804354 0.5031569607504016 1.0 -1.0 -1.0 -1.0 -1.0 
336.55 30.67 20260420.0 -1.0 102.880658 73.76205848228295 0.7798107160729388 0.008294507697202903 5.142123328287152 1.0 -1.0 -1.0 -1.0 -1.0 
336.55 30.67 20260420.0 -1.0 0.8785140801273 172.11146979199356 0.29747285713170746 0.027648358990676348 2.0199901237702087 4.0 -1.0 -1.0 -1.0 -1.0 
336.55 30.67 20260420.0 -1.0 2.4784478211 89.67904366599524 5.547207448246047 0.16036048214592277 9.273873504907206 4.0 9.287989672433792 4.0 2.478433695311348 89.5601707998155 
336.55 30.67 20260420.0 -1.0 2.21794520407 80.53901061673545 3.6877092755496697 0.011059343596270537 124.74793845438958 32.0 124.7924265165184 32.0 2.2179544127235813 80.55355475328038 
336.55 30.67 20260420.0 -1.0 10.92827132616 0.0 2.3946272691937414 0.11612310776084062 1.815700744062454 8.0 -1.0 -1.0 -1.0 -1.0 
336.55 30.67 20260420.0 -1.0 3.255405118685032 98.3494113097106 5.886768911929712 0.031795612839277794 61.23114681169268 32.0 61.368217918324895 32.0 3.2554150190359605 98.36439098013635 
336.55 30.67 20260420.0 -1.0 1.68666719259 122.93676413713825 5.667288709535706 0.013824179495338172 109.85805702124208 32.0 90.90885751006924 32.0 0.5622193081459652 122.95548872517043 
336.55 30.67 20260420.0 -1.0 0.5718 147.5241169645659 3.682617525797671 0.006912089747669086 186.89995480785925 32.0 109.00776334792752 32.0 1.7153979570139202 147.2429926708831 
336.55 30.67 20260420.0 -1.0 0.18165346965506704 83.70617837768422 0.02129280237443091 0.016589015394405805 1.5532885309526687 4.0 -1.0 -1.0 -1.0 -1.0 
336.55 30.67 20260420.0 -1.0 400.13439317157656 17.006313846833645 0.09727445357119646 0.02073626924300726 -0.6436448392524139 1.0 -1.0 -1.0 -1.0 -1.0 
336.55 30.67 20260420.0 -1.0 1.31573412922 112.29675256755334 0.42428997086975256 0.06220880772902178 1.7544435071173163 4.0 -1.0 -1.0 -1.0 -1.0 
336.55 30.67 20260420.0 -1.0 6.01270564706 86.56351450984454 0.2762766201625743 0.019353851293473442 1.6290568087108355 16.0 -1.0 -1.0 -1.0 -1.0 
336.55 30.67 20260420.0 -1.0 13.101829177498328 41.792844149911026 0.2471947847766056 0.017971433343939622 3.1026423194866473 16.0 -1.0 -1.0 -1.0 -1.0 
336.55 30.67 20260420.0 -1.0 18.24019226356873 94.32651809782224 0.3796277367600015 0.017971433343939622 1.784945466922461 2.0 -1.0 -1.0 -1.0 -1.0 
336.55 30.67 20260420.0 -1.0 371.7689452076117 99.7313587333544 0.2738064940527686 0.023501105142074895 1.3626516447201023 1.0 -1.0 -1.0 -1.0 -1.0 
336.55 30.67 20260420.0 -1.0 10.382835366 133.86447650488387 0.4352751525415836 0.008294507697202903 5.159461349327706 8.0 -1.0 -1.0 -1.0 -1.0 
336.55 30.67 20260420.0 -1.0 0.621231324318 108.37221860289942 0.011569279963413212 0.049767046183217416 1.1015346065546492 1.0 -1.0 -1.0 -1.0 -1.0 
336.55 30.67 20260420.0 -1.0 1.45909041905 165.15747101251907 0.09965517359035103 0.02073626924300726 1.4913776116403086 4.0 -1.0 -1.0 -1.0 -1.0 
336.55 30.67 20260420.0 -1.0 0.0039513335998734465 24.58735282742765 0.08286895058781683 0.016589015394405805 0.509558006095189 1.0 -1.0 -1.0 -1.0 -1.0 
336.55 30.67 20260420.0 -1.0 7.30131601293 49.1747056548553 0.026396245215700144 0.012441761545804354 0.5031569607504016 1.0 -1.0 -1.0 -1.0 -1.0 
336.55 30.67 20260420.0 -1.0 102.880658 73.76205848228295 0.7798107160729388 0.008294507697202903 5.142123328287152 1.0 -1.0 -1.0 -1.0 -1.0 
336.55 30.67 20260420.0 -1.0 0.8785140801273 172.11146979199356 0.29747285713170746 0.027648358990676348 2.0199901237702087 4.0 -1.0 -1.0 -1.0 -1.0 
336.55 30.67 20260420.0 -1.0 2.4784478211 89.67904366599524 5.547207448246047 0.16036048214592277 9.273873504907206 4.0 9.287989672433792 4.0 2.478433695311348 89.5601707998155 
336.55 30.67 20260420.0 -1.0 2.21794520407 80.53901061673545 3.6877092755496697 0.011059343596270537 124.74793845438958 32.0 124.7924265165184 32.0 2.2179544127235813 80.55355475328038 
336.55 30.67 20260420.0 -1.0 10.92827132616 0.0 2.3946272691937414 0.11612310776084062 1.815700744062454 8.0 -1.0 -1.0 -1.0 -1.0 
336.55 30.67 20260420.0 -1.0 3.255405118685032 98.3494113097106 5.886768911929712 0.031795612839277794 61.23114681169268 32.0 61.368217918324895 32.0 3.2554150190359605 98.36439098013635 
336.55 30.67 20260420.0 -1.0 1.68666719259 122.93676413713825 5.667288709535706 0.013824179495338172 109.85805702124208 32.0 90.90885751006924 32.0 0.5622193081459652 122.95548872517043 
336.55 30.67 20260420.0 -1.0 0.5718 147.5241169645659 3.682617525797671 0.006912089747669086 186.89995480785925 32.0 109.00776334792752 32.0 1.7153979570139202 147.2429926708831 
336.92 30.67 20260420.0 -1.0 243.309002 30.528731122312756 0.23117261921407867 0.031795612839277794 1.0393309262477968 1.0 -1.0 -1.0 -1.0 -1.0 
336.92 30.67 20260420.0 -1.0 1.216177006 97.71935034886192 0.06895787318111596 0.07879782312342758 1.4094257242507704 1.0 -1.0 -1.0 -1.0 -1.0 
336.92 30.67 20260420.0 -1.0 211.41649 55.62670592264283 0.11053615420068419 0.058061553880420315 1.3497936181887642 1.0 -1.0 -1.0 -1.0 -1.0 
336.92 30.67 20260420.0 -1.0 38.05021743513261 50.9668771542539 0.03165556322386045 0.05529671798135269 1.2616321088998914 8.0 -1.0 -1.0 -1.0 -1.0 
336.92 30.67 20260420.0 -1.0 0.01759454949387518 91.92882783520216 0.0606845740349034 0.07879782312342758 0.5622873315989972 1.0 -1.0 -1.0 -1.0 -1.0 
336.92 30.67 20260420.0 -1.0 350.20934537035214 52.40594192096224 0.012067245849098731 0.04700221028414978 0.4740129005703458 1.0 -1.0 -1.0 -1.0 -1.0 
336.92 30.67 20260420.0 -1.0 3.6136810563 147.41847997053944 0.03733852997740585 0.016589015394405805 2.075566078659663 32.0 -1.0 -1.0 -1.0 -1.0 
336.92 30.67 20260420.0 -1.0 270.04262113057 46.08433598149344 0.10917012570556796 0.01520659744487199 0.19575021106266005 1.0 -1.0 -1.0 -1.0 -1.0 
336.92 30.67 20260420.0 -1.0 1.875466208964955 0.0 0.06493535933189347 0.012441761545804354 1.8439464402661683 4.0 -1.0 -1.0 -1.0 -1.0 
336.92 30.67 20260420.0 -1.0 136.054422 24.471443201218953 0.010901939067768148 0.031795612839277794 1.0717035955676966 1.0 -1.0 -1.0 -1.0 -1.0 
336.92 30.67 20260420.0 -1.0 0.08869500441317432 73.41432960365685 0.015820489688171065 0.03456044873834543 0.6823764761747252 16.0 -1.0 -1.0 -1.0 -1.0 
336.92 30.67 20260420.0 -1.0 0.262366005364999 97.88577280487581 0.48180165428117294 0.02350110514207489 3.6936272866931303 16.0 -1.0 -1.0 -1.0 -1.0 
336.92 30.67 20260420.0 -1.0 0.940734 122.35721600609477 0.3978872071881637 0.015206597444871989 4.315430426858178 16.0 -1.0 -1.0 -1.0 -1.0 
336.92 30.67 20260420.0 -1.0 3.65798554138 171.30010240853267 0.021336978189961654 0.012441761545804354 0.3959635176804219 16.0 -1.0 -1.0 -1.0 -1.0 
336.92 30.67 20260420.0 -1.0 0.915751 95.49222630514663 3.525776067212197 0.026265941041142528 41.643957907473805 32.0 41.727459410353134 32.0 0.9157398987251024 95.53084885313653 
336.92 30.67 20260420.0 -1.0 2.3427772328 103.76684871371961 1.1992449291625817 0.019353851293473442 15.625516735757865 32.0 16.782837268126972 32.0 2.342767402296886 103.8290793679217 
336.92 30.67 20260420.0 -1.0 12.515752038663 43.720158150472585 2.1514599863665493 0.011059343596270537 31.443189570228476 16.0 31.794171352053084 16.0 12.515738490037622 43.717507102282816 
336.92 30.67 20260420.0 -1.0 2.412022 121.12128453128574 2.275284475377997 0.024883523091608708 33.30894983254714 32.0 33.30895103245045 32.0 2.412010265591865 121.13392592924198 
336.92 30.67 20260420.0 -1.0 307.2974449774 48.94288640243791 3.0729023168311738 0.09400442056829957 6.1365733527454935 1.0 -1.0 -1.0 -1.0 -1.0 
336.92 30.67 20260420.0 -1.0 0.22544791255638877 146.8286592073137 4.72897999417174 0.017971433343939622 75.67963207060646 32.0 50.54916989233592 32.0 0.15030915771300596 147.95137820263307 
336.92 30.67 20260420.0 -1.0 243.309002 30.528731122312756 0.23117261921407867 0.031795612839277794 1.0393309262477968 1.0 -1.0 -1.0 -1.0 -1.0 
336.92 30.67 20260420.0 -1.0 1.216177006 97.71935034886192 0.06895787318111596 0.07879782312342758 1.4094257242507704 1.0 -1.0 -1.0 -1.0 -1.0 
336.92 30.67 20260420.0 -1.0 211.41649 55.62670592264283 0.11053615420068419 0.058061553880420315 1.3497936181887642 1.0 -1.0 -1.0 -1.0 -1.0 
336.92 30.67 20260420.0 -1.0 38.05021743513261 50.9668771542539 0.03165556322386045 0.05529671798135269 1.2616321088998914 8.0 -1.0 -1.0 -1.0 -1.0 
336.92 30.67 20260420.0 -1.0 0.01759454949387518 91.92882783520216 0.0606845740349034 0.07879782312342758 0.5622873315989972 1.0 -1.0 -1.0 -1.0 -1.0 
336.92 30.67 20260420.0 -1.0 350.20934537035214 52.40594192096224 0.012067245849098731 0.04700221028414978 0.4740129005703458 1.0 -1.0 -1.0 -1.0 -1.0 
336.92 30.67 20260420.0 -1.0 3.6136810563 147.41847997053944 0.03733852997740585 0.016589015394405805 2.075566078659663 32.0 -1.0 -1.0 -1.0 -1.0 
336.92 30.67 20260420.0 -1.0 270.04262113057 46.08433598149344 0.10917012570556796 0.01520659744487199 0.19575021106266005 1.0 -1.0 -1.0 -1.0 -1.0 
336.92 30.67 20260420.0 -1.0 1.875466208964955 0.0 0.06493535933189347 0.012441761545804354 1.8439464402661683 4.0 -1.0 -1.0 -1.0 -1.0 
336.92 30.67 20260420.0 -1.0 136.054422 24.471443201218953 0.010901939067768148 0.031795612839277794 1.0717035955676966 1.0 -1.0 -1.0 -1.0 -1.0 
336.92 30.67 20260420.0 -1.0 0.08869500441317432 73.41432960365685 0.015820489688171065 0.03456044873834543 0.6823764761747252 16.0 -1.0 -1.0 -1.0 -1.0 
336.92 30.67 20260420.0 -1.0 0.262366005364999 97.88577280487581 0.48180165428117294 0.02350110514207489 3.6936272866931303 16.0 -1.0 -1.0 -1.0 -1.0 
336.92 30.67 20260420.0 -1.0 0.940734 122.35721600609477 0.3978872071881637 0.015206597444871989 4.315430426858178 16.0 -1.0 -1.0 -1.0 -1.0 
336.92 30.67 20260420.0 -1.0 3.65798554138 171.30010240853267 0.021336978189961654 0.012441761545804354 0.3959635176804219 16.0 -1.0 -1.0 -1.0 -1.0 
336.92 30.67 20260420.0 -1.0 0.915751 95.49222630514663 3.525776067212197 0.026265941041142528 41.643957907473805 32.0 41.727459410353134 32.0 0.9157398987251024 95.53084885313653 
336.92 30.67 20260420.0 -1.0 2.3427772328 103.76684871371961 1.1992449291625817 0.019353851293473442 15.625516735757865 32.0 16.782837268126972 32.0 2.342767402296886 103.8290793679217 
336.92 30.67 20260420.0 -1.0 12.515752038663 43.720158150472585 2.1514599863665493 0.011059343596270537 31.443189570228476 16.0 31.794171352053084 16.0 12.515738490037622 43.717507102282816 
336.92 30.67 20260420.0 -1.0 2.412022 121.12128453128574 2.275284475377997 0.024883523091608708 33.30894983254714 32.0 33.30895103245045 32.0 2.412010265591865 121.13392592924198 
336.92 30.67 20260420.0 -1.0 307.2974449774 48.94288640243791 3.0729023168311738 0.09400442056829957 6.1365733527454935 1.0 -1.0 -1.0 -1.0 -1.0 
336.92 30.67 20260420.0 -1.0 0.22544791255638877 146.8286592073137 4.72897999417174 0.017971433343939622 75.67963207060646 32.0 50.54916989233592 32.0 0.15030915771300596 147.95137820263307 
336.92 30.67 20260420.0 -1.0 243.309002 30.528731122312756 0.23117261921407867 0.031795612839277794 1.0393309262477968 1.0 -1.0 -1.0 -1.0 -1.0 
336.92 30.67 20260420.0 -1.0 1.216177006 97.71935034886192 0.06895787318111596 0.07879782312342758 1.4094257242507704 1.0 -1.0 -1.0 -1.0 -1.0 
336.92 30.67 20260420.0 -1.0 211.41649 55.62670592264283 0.11053615420068419 0.058061553880420315 1.3497936181887642 1.0 -1.0 -1.0 -1.0 -1.0 
336.92 30.67 20260420.0 -1.0 38.05021743513261 50.9668771542539 0.03165556322386045 0.05529671798135269 1.2616321088998914 8.0 -1.0 -1.0 -1.0 -1.0 
336.92 30.67 20260420.0 -1.0 0.01759454949387518 91.92882783520216 0.0606845740349034 0.07879782312342758 0.5622873315989972 1.0 -1.0 -1.0 -1.0 -1.0 
336.92 30.67 20260420.0 -1.0 350.20934537035214 52.40594192096224 0.012067245849098731 0.04700221028414978 0.4740129005703458 1.0 -1.0 -1.0 -1.0 -1.0 
336.92 30.67 20260420.0 -1.0 3.6136810563 147.41847997053944 0.03733852997740585 0.016589015394405805 2.075566078659663 32.0 -1.0 -1.0 -1.0 -1.0 
336.92 30.67 20260420.0 -1.0 270.04262113057 46.08433598149344 0.10917012570556796 0.01520659744487199 0.19575021106266005 1.0 -1.0 -1.0 -1.0 -1.0 
336.92 30.67 20260420.0 -1.0 1.875466208964955 0.0 0.06493535933189347 0.012441761545804354 1.8439464402661683 4.0 -1.0 -1.0 -1.0 -1.0 
336.92 30.67 20260420.0 -1.0 136.054422 24.471443201218953 0.010901939067768148 0.031795612839277794 1.0717035955676966 1.0 -1.0 -1.0 -1.0 -1.0 
336.92 30.67 20260420.0 -1.0 0.08869500441317432 73.41432960365685 0.015820489688171065 0.03456044873834543 0.6823764761747252 16.0 -1.0 -1.0 -1.0 -1.0 
336.92 30.67 20260420.0 -1.0 0.262366005364999 97.88577280487581 0.48180165428117294 0.02350110514207489 3.6936272866931303 16.0 -1.0 -1.0 -1.0 -1.0 
336.92 30.67 20260420.0 -1.0 0.940734 122.35721600609477 0.3978872071881637 0.015206597444871989 4.315430426858178 16.0 -1.0 -1.0 -1.0 -1.0 
336.92 30.67 20260420.0 -1.0 3.65798554138 171.30010240853267 0.021336978189961654 0.012441761545804354 0.3959635176804219 16.0 -1.0 -1.0 -1.0 -1.0 
336.92 30.67 20260420.0 -1.0 0.915751 95.49222630514663 3.525776067212197 0.026265941041142528 41.643957907473805 32.0 41.727459410353134 32.0 0.9157398987251024 95.53084885313653 
336.92 30.67 20260420.0 -1.0 2.3427772328 103.76684871371961 1.1992449291625817 0.019353851293473442 15.625516735757865 32.0 16.782837268126972 32.0 2.342767402296886 103.8290793679217 
336.92 30.67 20260420.0 -1.0 12.515752038663 43.720158150472585 2.1514599863665493 0.011059343596270537 31.443189570228476 16.0 31.794171352053084 16.0 12.515738490037622 43.717507102282816 
336.92 30.67 20260420.0 -1.0 2.412022 121.12128453128574 2.275284475377997 0.024883523091608708 33.30894983254714 32.0 33.30895103245045 32.0 2.412010265591865 121.13392592924198 
336.92 30.67 20260420.0 -1.0 307.2974449774 48.94288640243791 3.0729023168311738 0.09400442056829957 6.1365733527454935 1.0 -1.0 -1.0 -1.0 -1.0 
336.92 30.67 20260420.0 -1.0 0.22544791255638877 146.8286592073137 4.72897999417174 0.017971433343939622 75.67963207060646 32.0 50.54916989233592 32.0 0.15030915771300596 147.95137820263307 
337.29 30.67 20260420.0 -1.0 2.58384981884 155.69635464043336 1.3384823887183455 0.017971433343939622 24.434765031849196 32.0 24.820667827697903 32.0 2.5838441312468303 155.64242111877542 
337.29 30.67 20260420.0 -1.0 1.717841 49.97155428814435 4.987349310610307 0.02073626924300726 80.13556380976715 32.0 80.56333463055117 32.0 1.717853592708707 49.89058102181812 
337.29 30.67 20260420.0 -1.0 0.9685500193 15.162017666266323 1.992645042247956 0.026265941041142528 24.807158437786413 32.0 25.096904791907424 32.0 0.9685512244080504 15.078492032963286 
337.29 30.67 20260420.0 -1.0 2.58384981884 155.69635464043336 1.3384823887183455 0.017971433343939622 25.021022149660055 32.0 25.28479472880386 32.0 2.5838441312468303 155.64242111877542 
337.29 30.67 20260420.0 -1.0 1.717841 49.97155428814435 4.987349310610307 0.02073626924300726 84.25694288221733 32.0 84.58440166886618 32.0 1.717853592708707 49.89058102181812 
337.29 30.67 20260420.0 -1.0 0.9685500193 15.162017666266323 1.992645042247956 0.026265941041142528 24.858066110193217 32.0 25.138986272706635 32.0 0.9685512244080504 15.078492032963286 
337.29 30.67 20260420.0 -1.0 2.58384981884 155.69635464043336 1.3384823887183455 0.017971433343939622 25.021022149660055 32.0 25.28479472880386 32.0 2.5838441312468303 155.64242111877542 
337.29 30.67 20260420.0 -1.0 1.717841 49.97155428814435 4.987349310610307 0.02073626924300726 84.25694288221733 32.0 84.58440166886618 32.0 1.717853592708707 49.89058102181812 
337.29 30.67 20260420.0 -1.0 0.9685500193 15.162017666266323 1.992645042247956 0.026265941041142528 24.858066110193217 32.0 25.138986272706635 32.0 0.9685512244080504 15.078492032963286 
346.1 31.48 20260420.0 -1.0 2.1507181757 84.26530032306952 2.2117420426236243 0.02073626924300726 25.88234225002337 32.0 25.97470896133852 32.0 2.1507124377725026 84.19668034513728 
346.1 31.48 20260420.0 -1.0 26.344701207024826 113.53231707364813 1.7816610368291121 0.027648358990676344 11.972115402260743 4.0 11.97211580894284 4.0 26.344787329435352 113.54408094620675 
346.1 31.48 20260420.0 -1.0 337.837838 136.23878048837776 1.61517960493532 0.031795612839277794 4.512129728125349 1.0 -1.0 -1.0 -1.0 -1.0 
346.1 31.48 20260420.0 -1.0 2.1507181757 84.26530032306952 2.2117420426236243 0.02073626924300726 25.88234225002337 32.0 25.97470896133852 32.0 2.1507124377725026 84.19668034513728 
346.1 31.48 20260420.0 -1.0 26.344701207024826 113.53231707364813 1.7816610368291121 0.027648358990676344 11.972115402260743 4.0 11.97211580894284 4.0 26.344787329435352 113.54408094620675 
346.1 31.48 20260420.0 -1.0 337.837838 136.23878048837776 1.61517960493532 0.031795612839277794 4.512129728125349 1.0 -1.0 -1.0 -1.0 -1.0 
346.1 31.48 20260420.0 -1.0 2.1507181757 84.26530032306952 2.2117420426236243 0.02073626924300726 25.88234225002337 32.0 25.97470896133852 32.0 2.1507124377725026 84.19668034513728 
346.1 31.48 20260420.0 -1.0 26.344701207024826 113.53231707364813 1.7816610368291121 0.027648358990676344 11.972115402260743 4.0 11.97211580894284 4.0 26.344787329435352 113.54408094620675 
346.1 31.48 20260420.0 -1.0 337.837838 136.23878048837776 1.61517960493532 0.031795612839277794 4.512129728125349 1.0 -1.0 -1.0 -1.0 -1.0 
346.48 31.48 20260420.0 -1.0 12.863191626660159 33.49825942456499 0.6268732211262005 0.009676925646736721 20.946253588046137 32.0 20.946254480158228 32.0 12.863195782604938 33.49651585846206 
346.48 31.48 20260420.0 -1.0 0.011163339112402308 108.29465694709107 0.3793655635542592 0.026265941041142528 0.6233677537100454 4.0 -1.0 -1.0 -1.0 -1.0 
346.48 31.48 20260420.0 -1.0 2.248252 56.08937143592567 0.2738064940527686 0.009676925646736721 6.633573509010723 32.0 6.633573509010723 32.0 2.24824058629262 56.06365494135343 
346.48 31.48 20260420.0 -1.0 1.6642497002214116 119.10668388866861 0.01128509580878658 0.04700221028414978 0.023804189954927793 16.0 -1.0 -1.0 -1.0 -1.0 
346.48 31.48 20260420.0 -1.0 0.6050112405059 39.47499572511445 0.24262664552620167 0.0483846282336836 1.9151597903718551 1.0 -1.0 -1.0 -1.0 -1.0 
346.48 31.48 20260420.0 -1.0 0.468615 7.355983139137792 0.07580327491754277 0.019353851293473442 0.829289651376711 8.0 -1.0 -1.0 -1.0 -1.0 
346.48 31.48 20260420.0 -1.0 1.77912424934 119.85179424974507 0.09053065854667372 0.013824179495338172 1.4956594654134092 16.0 -1.0 -1.0 -1.0 -1.0 
346.48 31.48 20260420.0 -1.0 3.92587396764 22.495991539733897 0.10962358241973885 0.02350110514207489 3.108390472414248 8.0 -1.0 -1.0 -1.0 -1.0 
346.48 31.48 20260420.0 -1.0 195.4503977286 94.34365444182974 0.03584721705777603 0.07879782312342758 1.1037104187402798 1.0 -1.0 -1.0 -1.0 -1.0 
346.48 31.48 20260420.0 -1.0 0.22134158992271916 22.64546656657598 0.01564658061099084 0.012441761545804354 0.4597380447196871 4.0 -1.0 -1.0 -1.0 -1.0 
346.48 31.48 20260420.0 -1.0 4.2340633683 67.93639969972794 0.3326995436919834 0.022118687192541075 4.119870233265692 16.0 -1.0 -1.0 -1.0 -1.0 
346.48 31.48 20260420.0 -1.0 343.83061005579384 135.8727993994559 0.2163383501523341 0.012441761545804354 1.123624842362756 1.0 -1.0 -1.0 -1.0 -1.0 
346.48 31.48 20260420.0 -1.0 0.4450659501206571 158.51826596603186 0.029891489374741575 0.01520659744487199 1.5992564481503564 1.0 -1.0 -1.0 -1.0 -1.0 
346.48 31.48 20260420.0 -1.0 0.002851294109089282 46.08586850317578 2.654253472696516 0.006912089747669086 5.689862616847019 4.0 -1.0 -1.0 -1.0 -1.0 
346.48 31.48 20260420.0 -1.0 0.94084 46.83097886425224 1.480529419693707 0.08156265902249521 2.1814925928766837 8.0 -1.0 -1.0 -1.0 -1.0 
346.48 31.48 20260420.0 -1.0 0.013982609701308397 78.66463003534855 9.449254360866355 0.02073626924300726 11.106266916100349 32.0 -1.0 -1.0 -1.0 -1.0 
346.48 31.48 20260420.0 -1.0 24.4289793809236 0.0 6.221274842200597 0.03041319488974398 65.21111243312487 16.0 -1.0 -1.0 -1.0 -1.0 
346.48 31.48 20260420.0 -1.0 255.917115508 45.29093313315196 1.8751123867894364 0.027648358990676344 6.578513970246695 1.0 -1.0 -1.0 -1.0 -1.0 
346.48 31.48 20260420.0 -1.0 3.207184 90.58186626630392 1.8089465828118538 0.022118687192541075 24.130893592099813 16.0 24.13089449359723 16.0 3.207181483351936 90.57215013088685 
346.48 31.48 20260420.0 -1.0 0.0036543919541739828 113.2273328328799 7.879336515072576 0.013824179495338172 10.652230040168554 4.0 -1.0 -1.0 -1.0 -1.0 
346.48 31.48 20260420.0 -1.0 12.863191626660159 33.49825942456499 0.6268732211262005 0.009676925646736721 20.950274325060022 32.0 20.95027518232397 32.0 12.863195782604938 33.49651585846206 
346.48 31.48 20260420.0 -1.0 0.011163339112402308 108.29465694709107 0.3793655635542592 0.026265941041142528 0.623363952957441 4.0 -1.0 -1.0 -1.0 -1.0 
346.48 31.48 20260420.0 -1.0 2.248252 56.08937143592567 0.2738064940527686 0.009676925646736721 6.614868360199725 32.0 6.614868360199725 32.0 2.24824058629262 56.06365494135343 
346.48 31.48 20260420.0 -1.0 1.6642497002214116 119.10668388866861 0.01128509580878658 0.04700221028414978 0.021576100822924906 16.0 -1.0 -1.0 -1.0 -1.0 
346.48 31.48 20260420.0 -1.0 0.6050112405059 39.47499572511445 0.24262664552620167 0.0483846282336836 1.9151599494691645 1.0 -1.0 -1.0 -1.0 -1.0 
346.48 31.48 20260420.0 -1.0 0.468615 7.355983139137792 0.07580327491754277 0.019353851293473442 1.0906542176751222 8.0 -1.0 -1.0 -1.0 -1.0 
346.48 31.48 20260420.0 -1.0 1.77912424934 119.85179424974507 0.09053065854667372 0.013824179495338172 1.4920855668476083 16.0 -1.0 -1.0 -1.0 -1.0 
346.48 31.48 20260420.0 -1.0 3.92587396764 22.495991539733897 0.10962358241973885 0.02350110514207489 3.1082797978749945 8.0 -1.0 -1.0 -1.0 -1.0 
346.48 31.48 20260420.0 -1.0 195.4503977286 94.34365444182974 0.03584721705777603 0.07879782312342758 1.1036073053906117 1.0 -1.0 -1.0 -1.0 -1.0 
346.48 31.48 20260420.0 -1.0 0.22134158992271916 22.64546656657598 0.01564658061099084 0.012441761545804354 0.4597380389579421 4.0 -1.0 -1.0 -1.0 -1.0 
346.48 31.48 20260420.0 -1.0 4.2340633683 67.93639969972794 0.3326995436919834 0.022118687192541075 4.353095778641042 16.0 -1.0 -1.0 -1.0 -1.0 
346.48 31.48 20260420.0 -1.0 343.83061005579384 135.8727993994559 0.2163383501523341 0.012441761545804354 1.124536605000061 1.0 -1.0 -1.0 -1.0 -1.0 
346.48 31.48 20260420.0 -1.0 0.4450659501206571 158.51826596603186 0.029891489374741575 0.01520659744487199 1.5992569273705257 1.0 -1.0 -1.0 -1.0 -1.0 
346.48 31.48 20260420.0 -1.0 0.002851294109089282 46.08586850317578 2.654253472696516 0.006912089747669086 5.69122595230186 4.0 -1.0 -1.0 -1.0 -1.0 
346.48 31.48 20260420.0 -1.0 0.94084 46.83097886425224 1.480529419693707 0.08156265902249521 2.172744514104653 8.0 -1.0 -1.0 -1.0 -1.0 
346.48 31.48 20260420.0 -1.0 0.013982609701308397 78.66463003534855 9.449254360866355 0.02073626924300726 11.111709146687987 32.0 -1.0 -1.0 -1.0 -1.0 
346.48 31.48 20260420.0 -1.0 24.4289793809236 0.0 6.221274842200597 0.03041319488974398 65.16649601305774 16.0 -1.0 -1.0 -1.0 -1.0 
346.48 31.48 20260420.0 -1.0 255.917115508 45.29093313315196 1.8751123867894364 0.027648358990676344 6.576189190396675 1.0 -1.0 -1.0 -1.0 -1.0 
346.48 31.48 20260420.0 -1.0 3.207184 90.58186626630392 1.8089465828118538 0.022118687192541075 24.096877176729524 16.0 24.09687658364576 16.0 3.207181483351936 90.57215013088685 
346.48 31.48 20260420.0 -1.0 0.0036543919541739828 113.2273328328799 7.879336515072576 0.013824179495338172 10.66186207051193 4.0 -1.0 -1.0 -1.0 -1.0 
346.48 31.48 20260420.0 -1.0 12.863191626660159 33.49825942456499 0.6268732211262005 0.009676925646736721 20.950274325060022 32.0 20.95027518232397 32.0 12.863195782604938 33.49651585846206 
346.48 31.48 20260420.0 -1.0 0.011163339112402308 108.29465694709107 0.3793655635542592 0.026265941041142528 0.623363952957441 4.0 -1.0 -1.0 -1.0 -1.0 
346.48 31.48 20260420.0 -1.0 2.248252 56.08937143592567 0.2738064940527686 0.009676925646736721 6.614868360199725 32.0 6.614868360199725 32.0 2.24824058629262 56.06365494135343 
346.48 31.48 20260420.0 -1.0 1.6642497002214116 119.10668388866861 0.01128509580878658 0.04700221028414978 0.021576100822924906 16.0 -1.0 -1.0 -1.0 -1.0 
346.48 31.48 20260420.0 -1.0 0.6050112405059 39.47499572511445 0.24262664552620167 0.0483846282336836 1.9151599494691645 1.0 -1.0 -1.0 -1.0 -1.0 
346.48 31.48 20260420.0 -1.0 0.468615 7.355983139137792 0.07580327491754277 0.019353851293473442 1.0906542176751222 8.0 -1.0 -1.0 -1.0 -1.0 
346.48 31.48 20260420.0 -1.0 1.77912424934 119.85179424974507 0.09053065854667372 0.013824179495338172 1.4920855668476083 16.0 -1.0 -1.0 -1.0 -1.0 
346.48 31.48 20260420.0 -1.0 3.92587396764 22.495991539733897 0.10962358241973885 0.02350110514207489 3.1082797978749945 8.0 -1.0 -1.0 -1.0 -1.0 
346.48 31.48 20260420.0 -1.0 195.4503977286 94.34365444182974 0.03584721705777603 0.07879782312342758 1.1036073053906117 1.0 -1.0 -1.0 -1.0 -1.0 
346.48 31.48 20260420.0 -1.0 0.22134158992271916 22.64546656657598 0.01564658061099084 0.012441761545804354 0.4597380389579421 4.0 -1.0 -1.0 -1.0 -1.0 
346.48 31.48 20260420.0 -1.0 4.2340633683 67.93639969972794 0.3326995436919834 0.022118687192541075 4.353095778641042 16.0 -1.0 -1.0 -1.0 -1.0 
346.48 31.48 20260420.0 -1.0 343.83061005579384 135.8727993994559 0.2163383501523341 0.012441761545804354 1.124536605000061 1.0 -1.0 -1.0 -1.0 -1.0 
346.48 31.48 20260420.0 -1.0 0.4450659501206571 158.51826596603186 0.029891489374741575 0.01520659744487199 1.5992569273705257 1.0 -1.0 -1.0 -1.0 -1.0 
346.48 31.48 20260420.0 -1.0 0.002851294109089282 46.08586850317578 2.654253472696516 0.006912089747669086 5.69122595230186 4.0 -1.0 -1.0 -1.0 -1.0 
346.48 31.48 20260420.0 -1.0 0.94084 46.83097886425224 1.480529419693707 0.08156265902249521 2.172744514104653 8.0 -1.0 -1.0 -1.0 -1.0 
346.48 31.48 20260420.0 -1.0 0.013982609701308397 78.66463003534855 9.449254360866355 0.02073626924300726 11.111709146687987 32.0 -1.0 -1.0 -1.0 -1.0 
346.48 31.48 20260420.0 -1.0 24.4289793809236 0.0 6.221274842200597 0.03041319488974398 65.16649601305774 16.0 -1.0 -1.0 -1.0 -1.0 
346.48 31.48 20260420.0 -1.0 255.917115508 45.29093313315196 1.8751123867894364 0.027648358990676344 6.576189190396675 1.0 -1.0 -1.0 -1.0 -1.0 
346.48 31.48 20260420.0 -1.0 3.207184 90.58186626630392 1.8089465828118538 0.022118687192541075 24.096877176729524 16.0 24.09687658364576 16.0 3.207181483351936 90.57215013088685 
346.48 31.48 20260420.0 -1.0 0.0036543919541739828 113.2273328328799 7.879336515072576 0.013824179495338172 10.66186207051193 4.0 -1.0 -1.0 -1.0 -1.0 
346.85 31.48 20260420.0 -1.0 1.88444396743 53.26628720635205 0.08355880092981198 0.019353851293473442 1.7409529153889782 16.0 -1.0 -1.0 -1.0 -1.0 
346.85 31.48 20260420.0 -1.0 0.742167900236 46.57835622140491 0.027780776110354018 0.03456044873834543 1.1353846484497394 1.0 -1.0 -1.0 -1.0 -1.0 
346.85 31.48 20260420.0 -1.0 2.50941 68.98213448540041 0.012482731554629752 0.04285495643554833 0.8693243103258371 2.0 -1.0 -1.0 -1.0 -1.0 
346.85 31.48 20260420.0 -1.0 3.6703897382 45.2976885859895 0.06881510365405732 0.052531882082285056 2.3373257948161705 2.0 -1.0 -1.0 -1.0 -1.0 
346.85 31.48 20260420.0 -1.0 13.065064 86.38972790012099 0.016107224137125106 0.011059343596270537 2.2012343583398315 4.0 -1.0 -1.0 -1.0 -1.0 
346.85 31.48 20260420.0 -1.0 0.6249554554 117.42615466950924 0.012656401135534616 0.009676925646736721 1.0762175555721007 1.0 -1.0 -1.0 -1.0 -1.0 
346.85 31.48 20260420.0 -1.0 2.220010446257 109.10972039508326 0.302446152992034 0.04147253848601452 2.4640473300530674 1.0 -1.0 -1.0 -1.0 -1.0 
346.85 31.48 20260420.0 -1.0 6.107714243738 0.0 0.03584721705777603 0.03041319488974398 1.8989563892846015 1.0 -1.0 -1.0 -1.0 -1.0 
346.85 31.48 20260420.0 -1.0 2.045 45.16894422052446 0.6431034332265737 0.024883523091608708 7.527514027059195 16.0 7.587183054464904 16.0 2.0450291534264884 45.43787196510413 
346.85 31.48 20260420.0 -1.0 0.8117 158.0913047718356 0.20329692658403567 0.02350110514207489 1.424289623925106 2.0 -1.0 -1.0 -1.0 -1.0 
346.85 31.48 20260420.0 -1.0 0.0014376993196681743 110.4852522997887 5.4409353721944385 0.012441761545804354 2.1994970615310594 2.0 -1.0 -1.0 -1.0 -1.0 
346.85 31.48 20260420.0 -1.0 0.7859985325964 3.2253851558610322 1.0401637398296784 0.022118687192541075 5.517274125683689 32.0 -1.0 -1.0 -1.0 -1.0 
346.85 31.48 20260420.0 -1.0 21.820542623039554 67.55917044604996 2.972674205815725 0.008294507697202903 59.5727821968426 16.0 59.73559889945653 16.0 21.82053625195598 67.60021931556696 
346.85 31.48 20260420.0 -1.0 2.766481 26.814966785981916 1.3347887611263103 0.013824179495338174 27.967464696029506 32.0 27.967464463405552 32.0 2.7664706673628343 26.817452273391083 
346.85 31.48 20260420.0 -1.0 13.655075874659035 27.226045286238715 2.1058738089158697 0.035942866687879244 20.372185368892143 16.0 20.372185793915925 16.0 13.655092819438627 27.222244005819622 
346.85 31.48 20260420.0 -1.0 3.468609 22.58447211026223 4.755188273662871 0.052531882082285056 32.68783835572941 16.0 32.885006564759074 16.0 3.4685702606414757 22.668337015998496 
346.85 31.48 20260420.0 -1.0 257.13551 67.75341633078669 9.693902556544126 0.016589015394405805 49.65341129703322 1.0 49.50990977114679 2.0 128.56762623414397 67.80261518178122 
346.85 31.48 20260420.0 -1.0 1.936777949397852 90.33788844104892 1.7152342191960426 0.031795612839277794 19.02171328536842 32.0 19.165042247761907 32.0 1.936768967425451 90.47095219777972 
346.85 31.48 20260420.0 -1.0 53.955760112361595 112.92236055131114 2.0712457159722417 0.02350110514207489 10.428740505619256 2.0 10.428740812178551 2.0 53.95559128373862 112.93689334756394 
346.85 31.48 20260420.0 -1.0 31.66374 135.50683266157338 5.29264015246408 0.01520659744487199 39.96527352237359 4.0 39.96527386070657 4.0 31.663754877323907 135.5040324304553 
346.85 31.48 20260420.0 -1.0 1.88444396743 53.26628720635205 0.08355880092981198 0.019353851293473442 1.7408783904709937 16.0 -1.0 -1.0 -1.0 -1.0 
346.85 31.48 20260420.0 -1.0 0.742167900236 46.57835622140491 0.027780776110354018 0.03456044873834543 1.1353846484551307 1.0 -1.0 -1.0 -1.0 -1.0 
346.85 31.48 20260420.0 -1.0 2.50941 68.98213448540041 0.012482731554629752 0.04285495643554833 0.8692890011253548 2.0 -1.0 -1.0 -1.0 -1.0 
346.85 31.48 20260420.0 -1.0 3.6703897382 45.2976885859895 0.06881510365405732 0.052531882082285056 2.334418158450849 2.0 -1.0 -1.0 -1.0 -1.0 
346.85 31.48 20260420.0 -1.0 13.065064 86.38972790012099 0.016107224137125106 0.011059343596270537 2.2018482245348645 4.0 -1.0 -1.0 -1.0 -1.0 
346.85 31.48 20260420.0 -1.0 0.6249554554 117.42615466950924 0.012656401135534616 0.009676925646736721 1.076217466818032 1.0 -1.0 -1.0 -1.0 -1.0 
346.85 31.48 20260420.0 -1.0 2.220010446257 109.10972039508326 0.302446152992034 0.04147253848601452 2.4639506066158736 1.0 -1.0 -1.0 -1.0 -1.0 
346.85 31.48 20260420.0 -1.0 6.107714243738 0.0 0.03584721705777603 0.03041319488974398 1.8989563892846015 1.0 -1.0 -1.0 -1.0 -1.0 
346.85 31.48 20260420.0 -1.0 2.045 45.16894422052446 0.6431034332265737 0.024883523091608708 7.527226553978536 16.0 7.586430104960061 16.0 2.0450291534264884 45.43787196510413 
346.85 31.48 20260420.0 -1.0 0.8117 158.0913047718356 0.20329692658403567 0.02350110514207489 1.4242902346388 2.0 -1.0 -1.0 -1.0 -1.0 
346.85 31.48 20260420.0 -1.0 0.0014376993196681743 110.4852522997887 5.4409353721944385 0.012441761545804354 2.1994373059724097 2.0 -1.0 -1.0 -1.0 -1.0 
346.85 31.48 20260420.0 -1.0 0.7859985325964 3.2253851558610322 1.0401637398296784 0.022118687192541075 5.514214954131422 32.0 -1.0 -1.0 -1.0 -1.0 
346.85 31.48 20260420.0 -1.0 21.820542623039554 67.55917044604996 2.972674205815725 0.008294507697202903 59.56516204916723 16.0 59.72798886651663 16.0 21.82053625195598 67.60021931556696 
346.85 31.48 20260420.0 -1.0 2.766481 26.814966785981916 1.3347887611263103 0.013824179495338174 27.47274554025741 32.0 27.573426971490616 32.0 2.7664706673628343 26.817452273391083 
346.85 31.48 20260420.0 -1.0 13.655075874659035 27.226045286238715 2.1058738089158697 0.035942866687879244 20.373145392159167 16.0 20.373145251493604 16.0 13.655092819438627 27.222244005819622 
346.85 31.48 20260420.0 -1.0 3.468609 22.58447211026223 4.755188273662871 0.052531882082285056 32.671210782158674 16.0 32.876252625936594 16.0 3.4685702606414757 22.668337015998496 
346.85 31.48 20260420.0 -1.0 257.13551 67.75341633078669 9.693902556544126 0.016589015394405805 49.655891982216176 1.0 49.51239440998175 2.0 128.56762623414397 67.80261518178122 
346.85 31.48 20260420.0 -1.0 1.936777949397852 90.33788844104892 1.7152342191960426 0.031795612839277794 19.01451996978275 32.0 19.156438239427672 32.0 1.936768967425451 90.47095219777972 
346.85 31.48 20260420.0 -1.0 53.955760112361595 112.92236055131114 2.0712457159722417 0.02350110514207489 10.42757211267812 2.0 10.42757201385765 2.0 53.95559128373862 112.93689334756394 
346.85 31.48 20260420.0 -1.0 31.66374 135.50683266157338 5.29264015246408 0.01520659744487199 39.94989052831909 4.0 39.94989089190634 4.0 31.663754877323907 135.5040324304553 
346.85 31.48 20260420.0 -1.0 1.88444396743 53.26628720635205 0.08355880092981198 0.019353851293473442 1.7408783904709937 16.0 -1.0 -1.0 -1.0 -1.0 
346.85 31.48 20260420.0 -1.0 0.742167900236 46.57835622140491 0.027780776110354018 0.03456044873834543 1.1353846484551307 1.0 -1.0 -1.0 -1.0 -1.0 
346.85 31.48 20260420.0 -1.0 2.50941 68.98213448540041 0.012482731554629752 0.04285495643554833 0.8692890011253548 2.0 -1.0 -1.0 -1.0 -1.0 
346.85 31.48 20260420.0 -1.0 3.6703897382 45.2976885859895 0.06881510365405732 0.052531882082285056 2.334418158450849 2.0 -1.0 -1.0 -1.0 -1.0 
346.85 31.48 20260420.0 -1.0 13.065064 86.38972790012099 0.016107224137125106 0.011059343596270537 2.2018482245348645 4.0 -1.0 -1.0 -1.0 -1.0 
346.85 31.48 20260420.0 -1.0 0.6249554554 117.42615466950924 0.012656401135534616 0.009676925646736721 1.076217466818032 1.0 -1.0 -1.0 -1.0 -1.0 
346.85 31.48 20260420.0 -1.0 2.220010446257 109.10972039508326 0.302446152992034 0.04147253848601452 2.4639506066158736 1.0 -1.0 -1.0 -1.0 -1.0 
346.85 31.48 20260420.0 -1.0 6.107714243738 0.0 0.03584721705777603 0.03041319488974398 1.8989563892846015 1.0 -1.0 -1.0 -1.0 -1.0 
346.85 31.48 20260420.0 -1.0 2.045 45.16894422052446 0.6431034332265737 0.024883523091608708 7.527226553978536 16.0 7.586430104960061 16.0 2.0450291534264884 45.43787196510413 
346.85 31.48 20260420.0 -1.0 0.8117 158.0913047718356 0.20329692658403567 0.02350110514207489 1.4242902346388 2.0 -1.0 -1.0 -1.0 -1.0 
346.85 31.48 20260420.0 -1.0 0.0014376993196681743 110.4852522997887 5.4409353721944385 0.012441761545804354 2.1994373059724097 2.0 -1.0 -1.0 -1.0 -1.0 
346.85 31.48 20260420.0 -1.0 0.7859985325964 3.2253851558610322 1.0401637398296784 0.022118687192541075 5.514214954131422 32.0 -1.0 -1.0 -1.0 -1.0 
346.85 31.48 20260420.0 -1.0 21.820542623039554 67.55917044604996 2.972674205815725 0.008294507697202903 59.56516204916723 16.0 59.72798886651663 16.0 21.82053625195598 67.60021931556696 
346.85 31.48 20260420.0 -1.0 2.766481 26.814966785981916 1.3347887611263103 0.013824179495338174 27.47274554025741 32.0 27.573426971490616 32.0 2.7664706673628343 26.817452273391083 
346.85 31.48 20260420.0 -1.0 13.655075874659035 27.226045286238715 2.1058738089158697 0.035942866687879244 20.373145392159167 16.0 20.373145251493604 16.0 13.655092819438627 27.222244005819622 
346.85 31.48 20260420.0 -1.0 3.468609 22.58447211026223 4.755188273662871 0.052531882082285056 32.671210782158674 16.0 32.876252625936594 16.0 3.4685702606414757 22.668337015998496 
346.85 31.48 20260420.0 -1.0 257.13551 67.75341633078669 9.693902556544126 0.016589015394405805 49.655891982216176 1.0 49.51239440998175 2.0 128.56762623414397 67.80261518178122 
346.85 31.48 20260420.0 -1.0 1.936777949397852 90.33788844104892 1.7152342191960426 0.031795612839277794 19.01451996978275 32.0 19.156438239427672 32.0 1.936768967425451 90.47095219777972 
346.85 31.48 20260420.0 -1.0 53.955760112361595 112.92236055131114 2.0712457159722417 0.02350110514207489 10.42757211267812 2.0 10.42757201385765 2.0 53.95559128373862 112.93689334756394 
346.85 31.48 20260420.0 -1.0 31.66374 135.50683266157338 5.29264015246408 0.01520659744487199 39.94989052831909 4.0 39.94989089190634 4.0 31.663754877323907 135.5040324304553 
347.23 31.48 20260420.0 -1.0 4.701851489299852 130.008461470679 0.05056737237508295 0.009676925646736721 2.346970063551624 16.0 -1.0 -1.0 -1.0 -1.0 
347.23 31.48 20260420.0 -1.0 1.808645 46.647868635403746 0.05675124553382952 0.02073626924300726 2.8399787932369263 1.0 -1.0 -1.0 -1.0 -1.0 
347.23 31.48 20260420.0 -1.0 1.582278 30.562396692161077 0.49804631022034246 0.0483846282336836 1.395899948103515 8.0 -1.0 -1.0 -1.0 -1.0 
347.23 31.48 20260420.0 -1.0 2.3850424939 22.37773008574642 0.12033945513880452 0.011059343596270537 0.43123539840505265 32.0 -1.0 -1.0 -1.0 -1.0 
347.23 31.48 20260420.0 -1.0 1.6266597983 53.318608470689675 0.532197226901621 0.049767046183217416 3.3427371542573825 16.0 -1.0 -1.0 -1.0 -1.0 
347.23 31.48 20260420.0 -1.0 1.371498 61.97637719308206 0.6805864343010567 0.005529671798135269 27.06654554575364 32.0 27.075668301524626 32.0 1.3714876937835168 62.135530927781595 
347.23 31.48 20260420.0 -1.0 0.82203 22.526419322196567 0.3368625603969487 0.06635606157762322 0.6204317734540501 16.0 -1.0 -1.0 -1.0 -1.0 
347.23 31.48 20260420.0 -1.0 0.0503983091688131 45.052838644393134 0.23797846217159135 0.03732528463741307 0.8260738594991468 2.0 -1.0 -1.0 -1.0 -1.0 
347.23 31.48 20260420.0 -1.0 13.20239193874 90.10567728878627 0.03682617525797667 0.016589015394405805 2.0276349742543722 4.0 -1.0 -1.0 -1.0 -1.0 
347.23 31.48 20260420.0 -1.0 0.17590294446776322 112.63209661098284 0.01646727211747541 0.02764835899067634 -0.09683095254710898 1.0 -1.0 -1.0 -1.0 -1.0 
347.23 31.48 20260420.0 -1.0 0.10857111194022039 135.1585159331794 0.8607826194980728 0.038707702586946884 0.43931517538174053 1.0 -1.0 -1.0 -1.0 -1.0 
347.23 31.48 20260420.0 -1.0 0.022446852985537606 73.42544839974302 1.9666603994141163 0.04147253848601452 0.8476801697790358 1.0 -1.0 -1.0 -1.0 -1.0 
347.23 31.48 20260420.0 -1.0 0.003490254878959579 52.766656002049 4.477804273778904 0.04423737438508215 3.070510234182951 2.0 -1.0 -1.0 -1.0 -1.0 
347.23 31.48 20260420.0 -1.0 2.88 65.06731101746986 5.0988325203365505 0.019353851293473442 90.84413864507852 32.0 90.8441390078409 32.0 2.8800059226341546 65.07027098788855 
347.23 31.48 20260420.0 -1.0 1.50641057305 55.163706723002804 9.15368913892228 0.11612310776084062 15.721989726340803 8.0 17.083243605478703 16.0 1.5064263910365603 55.45646734271061 
347.23 31.48 20260420.0 -1.0 2.579369213821 50.290754928432236 1.7152342191960426 0.03456044873834543 8.279075678537318 16.0 8.352557520523952 16.0 2.579387607208143 50.19417482113953 
347.23 31.48 20260420.0 -1.0 4.167535 59.07468421508534 4.02587685177346 0.08294507697202903 22.346596340604425 8.0 22.76389679561544 8.0 4.16754725544403 58.99839500146037 
347.23 31.48 20260420.0 -1.0 32.10055972106885 0.0 2.4736561696432573 0.012441761545804354 51.35844240153452 8.0 -1.0 -1.0 -1.0 -1.0 
347.23 31.48 20260420.0 -1.0 1.383 67.5792579665897 1.5453216954363693 0.013824179495338172 45.610934101527995 32.0 45.778785489238686 32.0 1.383007960005974 67.70141724867409 
347.23 31.48 20260420.0 -1.0 2.295748819912001 157.68493525537596 3.261004027141294 0.01520659744487199 47.590420906799906 32.0 47.590417211538885 32.0 2.2957465262152255 156.35080665052536 
347.23 31.48 20260420.0 -1.0 4.701851489299852 130.008461470679 0.05056737237508295 0.009676925646736721 2.346970063551624 16.0 -1.0 -1.0 -1.0 -1.0 
347.23 31.48 20260420.0 -1.0 1.808645 46.647868635403746 0.05675124553382952 0.02073626924300726 2.8399787932369263 1.0 -1.0 -1.0 -1.0 -1.0 
347.23 31.48 20260420.0 -1.0 1.582278 30.562396692161077 0.49804631022034246 0.0483846282336836 1.395899948103515 8.0 -1.0 -1.0 -1.0 -1.0 
347.23 31.48 20260420.0 -1.0 2.3850424939 22.37773008574642 0.12033945513880452 0.011059343596270537 0.43123539840505265 32.0 -1.0 -1.0 -1.0 -1.0 
347.23 31.48 20260420.0 -1.0 1.6266597983 53.318608470689675 0.532197226901621 0.049767046183217416 3.3427371542573825 16.0 -1.0 -1.0 -1.0 -1.0 
347.23 31.48 20260420.0 -1.0 1.371498 61.97637719308206 0.6805864343010567 0.005529671798135269 27.06654554575364 32.0 27.075668301524626 32.0 1.3714876937835168 62.135530927781595 
347.23 31.48 20260420.0 -1.0 0.82203 22.526419322196567 0.3368625603969487 0.06635606157762322 0.6204317734540501 16.0 -1.0 -1.0 -1.0 -1.0 
347.23 31.48 20260420.0 -1.0 0.0503983091688131 45.052838644393134 0.23797846217159135 0.03732528463741307 0.8260738594991468 2.0 -1.0 -1.0 -1.0 -1.0 
347.23 31.48 20260420.0 -1.0 13.20239193874 90.10567728878627 0.03682617525797667 0.016589015394405805 2.0276349742543722 4.0 -1.0 -1.0 -1.0 -1.0 
347.23 31.48 20260420.0 -1.0 0.17590294446776322 112.63209661098284 0.01646727211747541 0.02764835899067634 -0.09683095254710898 1.0 -1.0 -1.0 -1.0 -1.0 
347.23 31.48 20260420.0 -1.0 0.10857111194022039 135.1585159331794 0.8607826194980728 0.038707702586946884 0.43931517538174053 1.0 -1.0 -1.0 -1.0 -1.0 
347.23 31.48 20260420.0 -1.0 0.022446852985537606 73.42544839974302 1.9666603994141163 0.04147253848601452 0.8476801697790358 1.0 -1.0 -1.0 -1.0 -1.0 
347.23 31.48 20260420.0 -1.0 0.003490254878959579 52.766656002049 4.477804273778904 0.04423737438508215 3.070510234182951 2.0 -1.0 -1.0 -1.0 -1.0 
347.23 31.48 20260420.0 -1.0 2.88 65.06731101746986 5.0988325203365505 0.019353851293473442 90.84413864507852 32.0 90.8441390078409 32.0 2.8800059226341546 65.07027098788855 
347.23 31.48 20260420.0 -1.0 1.50641057305 55.163706723002804 9.15368913892228 0.11612310776084062 15.721989726340803 8.0 17.083243605478703 16.0 1.5064263910365603 55.45646734271061 
347.23 31.48 20260420.0 -1.0 2.579369213821 50.290754928432236 1.7152342191960426 0.03456044873834543 8.279075678537318 16.0 8.352557520523952 16.0 2.579387607208143 50.19417482113953 
347.23 31.48 20260420.0 -1.0 4.167535 59.07468421508534 4.02587685177346 0.08294507697202903 22.346596340604425 8.0 22.76389679561544 8.0 4.16754725544403 58.99839500146037 
347.23 31.48 20260420.0 -1.0 32.10055972106885 0.0 2.4736561696432573 0.012441761545804354 51.35844240153452 8.0 -1.0 -1.0 -1.0 -1.0 
347.23 31.48 20260420.0 -1.0 1.383 67.5792579665897 1.5453216954363693 0.013824179495338172 45.610934101527995 32.0 45.778785489238686 32.0 1.383007960005974 67.70141724867409 
347.23 31.48 20260420.0 -1.0 2.295748819912001 157.68493525537596 3.261004027141294 0.01520659744487199 47.590420906799906 32.0 47.590417211538885 32.0 2.2957465262152255 156.35080665052536 
347.23 31.48 20260420.0 -1.0 4.701851489299852 130.008461470679 0.05056737237508295 0.009676925646736721 2.346970063551624 16.0 -1.0 -1.0 -1.0 -1.0 
347.23 31.48 20260420.0 -1.0 1.808645 46.647868635403746 0.05675124553382952 0.02073626924300726 2.8399787932369263 1.0 -1.0 -1.0 -1.0 -1.0 
347.23 31.48 20260420.0 -1.0 1.582278 30.562396692161077 0.49804631022034246 0.0483846282336836 1.395899948103515 8.0 -1.0 -1.0 -1.0 -1.0 
347.23 31.48 20260420.0 -1.0 2.3850424939 22.37773008574642 0.12033945513880452 0.011059343596270537 0.43123539840505265 32.0 -1.0 -1.0 -1.0 -1.0 
347.23 31.48 20260420.0 -1.0 1.6266597983 53.318608470689675 0.532197226901621 0.049767046183217416 3.3427371542573825 16.0 -1.0 -1.0 -1.0 -1.0 
347.23 31.48 20260420.0 -1.0 1.371498 61.97637719308206 0.6805864343010567 0.005529671798135269 27.06654554575364 32.0 27.075668301524626 32.0 1.3714876937835168 62.135530927781595 
347.23 31.48 20260420.0 -1.0 0.82203 22.526419322196567 0.3368625603969487 0.06635606157762322 0.6204317734540501 16.0 -1.0 -1.0 -1.0 -1.0 
347.23 31.48 20260420.0 -1.0 0.0503983091688131 45.052838644393134 0.23797846217159135 0.03732528463741307 0.8260738594991468 2.0 -1.0 -1.0 -1.0 -1.0 
347.23 31.48 20260420.0 -1.0 13.20239193874 90.10567728878627 0.03682617525797667 0.016589015394405805 2.0276349742543722 4.0 -1.0 -1.0 -1.0 -1.0 
347.23 31.48 20260420.0 -1.0 0.17590294446776322 112.63209661098284 0.01646727211747541 0.02764835899067634 -0.09683095254710898 1.0 -1.0 -1.0 -1.0 -1.0 
347.23 31.48 20260420.0 -1.0 0.10857111194022039 135.1585159331794 0.8607826194980728 0.038707702586946884 0.43931517538174053 1.0 -1.0 -1.0 -1.0 -1.0 
347.23 31.48 20260420.0 -1.0 0.022446852985537606 73.42544839974302 1.9666603994141163 0.04147253848601452 0.8476801697790358 1.0 -1.0 -1.0 -1.0 -1.0 
347.23 31.48 20260420.0 -1.0 0.003490254878959579 52.766656002049 4.477804273778904 0.04423737438508215 3.070510234182951 2.0 -1.0 -1.0 -1.0 -1.0 
347.23 31.48 20260420.0 -1.0 2.88 65.06731101746986 5.0988325203365505 0.019353851293473442 90.84413864507852 32.0 90.8441390078409 32.0 2.8800059226341546 65.07027098788855 
347.23 31.48 20260420.0 -1.0 1.50641057305 55.163706723002804 9.15368913892228 0.11612310776084062 15.721989726340803 8.0 17.083243605478703 16.0 1.5064263910365603 55.45646734271061 
347.23 31.48 20260420.0 -1.0 2.579369213821 50.290754928432236 1.7152342191960426 0.03456044873834543 8.279075678537318 16.0 8.352557520523952 16.0 2.579387607208143 50.19417482113953 
347.23 31.48 20260420.0 -1.0 4.167535 59.07468421508534 4.02587685177346 0.08294507697202903 22.346596340604425 8.0 22.76389679561544 8.0 4.16754725544403 58.99839500146037 
347.23 31.48 20260420.0 -1.0 32.10055972106885 0.0 2.4736561696432573 0.012441761545804354 51.35844240153452 8.0 -1.0 -1.0 -1.0 -1.0 
347.23 31.48 20260420.0 -1.0 1.383 67.5792579665897 1.5453216954363693 0.013824179495338172 45.610934101527995 32.0 45.778785489238686 32.0 1.383007960005974 67.70141724867409 
347.23 31.48 20260420.0 -1.0 2.295748819912001 157.68493525537596 3.261004027141294 0.01520659744487199 47.590420906799906 32.0 47.590417211538885 32.0 2.2957465262152255 156.35080665052536 
355.19 62.5 20260420.0 -1.0 0.63683091551 114.99329852936137 4.346741528465428 0.06082638977948797 11.835110751764278 16.0 11.983909430747687 16.0 0.6368281901814044 115.16324787592094 
355.19 62.5 20260420.0 -1.0 0.145349 0.48438626170750365 5.384843889559969 0.013824179495338172 19.259301342082885 32.0 6.181933078047535 16.0 0.25435535159582895 8.095834648570891 
355.19 62.5 20260420.0 -1.0 96.362234567 69.19111758304756 2.776159053873846 0.03732528463741307 8.321591188840674 4.0 8.321591348693662 4.0 96.36229757840435 69.21938624528113 
355.19 62.5 20260420.0 -1.0 0.63683091551 114.99329852936137 4.346741528465428 0.06082638977948797 11.83437196582898 16.0 11.982478050468318 16.0 0.6368281901814044 115.16324787592094 
355.19 62.5 20260420.0 -1.0 0.145349 0.48438626170750365 5.384843889559969 0.013824179495338172 19.261465350816966 32.0 6.180295983488356 16.0 0.25435535159582895 8.095834648570891 
355.19 62.5 20260420.0 -1.0 96.362234567 69.19111758304756 2.776159053873846 0.03732528463741307 8.320124636222525 4.0 8.320124582435588 4.0 96.36229757840435 69.21938624528113 
355.19 62.5 20260420.0 -1.0 0.145349 0.48438626170750365 5.384843889559969 0.013824179495338172 19.261465350816966 32.0 6.180295983488356 16.0 0.25435535159582895 8.095834648570891 
355.19 62.5 20260420.0 -1.0 96.362234567 69.19111758304756 2.776159053873846 0.03732528463741307 8.320124636222525 4.0 8.320124582435588 4.0 96.36229757840435 69.21938624528113 
355.88 62.5 20260420.0 -1.0 3.3124878843 76.4301607041909 0.7755127795831871 0.013824179495338172 12.572354154924154 32.0 12.703189209416072 32.0 3.3124706533271824 76.4044394958878 
355.88 62.5 20260420.0 -1.0 0.849048 84.45773104230402 0.031092043377110277 0.02073626924300726 2.2099453363221966 32.0 -1.0 -1.0 -1.0 -1.0 
355.88 62.5 20260420.0 -1.0 2.0560099405330052 28.21666939205035 0.01455178574214077 0.02073626924300726 1.6705843515437127 32.0 -1.0 -1.0 -1.0 -1.0 
355.88 62.5 20260420.0 -1.0 218.73385758998 2.259256322702498 0.04260523315412531 0.027648358990676344 0.8101870242845569 2.0 -1.0 -1.0 -1.0 -1.0 
355.88 62.5 20260420.0 -1.0 78.64901308403884 134.9785479606088 0.04459281886826487 0.017971433343939622 0.9712003230153672 2.0 -1.0 -1.0 -1.0 -1.0 
355.88 62.5 20260420.0 -1.0 3.620958 206.50564175170067 0.5746136488224568 0.027648358990676344 5.039403462306439 16.0 -1.0 -1.0 -1.0 -1.0 
355.88 62.5 20260420.0 -1.0 21.324877969630563 0.0 0.15063219053801963 0.017971433343939622 1.7095577167798535 1.0 -1.0 -1.0 -1.0 -1.0 
355.88 62.5 20260420.0 -1.0 322.461932664884 68.66353790487014 0.9179019228414413 0.016589015394405805 2.4247815669021255 1.0 -1.0 -1.0 -1.0 -1.0 
355.88 62.5 20260420.0 -1.0 1.952192814966 205.99061371461042 0.681998435419825 0.022118687192541075 5.1823012561882935 16.0 6.089324324301037 16.0 1.9522000608655314 206.14018973923635 
355.88 62.5 20260420.0 -1.0 0.001341933801856741 480.644765334091 0.14959514248507325 0.03456044873834543 -0.7696719996588505 4.0 -1.0 -1.0 -1.0 -1.0 
355.88 62.5 20260420.0 -1.0 23.270554003715503 98.01326897851901 1.1827890376323114 0.016589015394405805 10.804499201466536 16.0 10.804499458263685 16.0 23.270573971482616 98.06079718081493 
355.88 62.5 20260420.0 -1.0 209.16616986511 56.62561591794772 2.432980420037404 0.03456044873834543 7.362929779143358 1.0 -1.0 -1.0 -1.0 -1.0 
355.88 62.5 20260420.0 -1.0 0.0016654577255911056 6.825838251569249 1.388398869655766 0.031795612839277794 0.48267438958541 4.0 -1.0 -1.0 -1.0 -1.0 
355.88 62.5 20260420.0 -1.0 0.212104 187.7586212016161 8.128136701511847 0.02350110514207489 61.66554788575016 32.0 30.766582023034406 16.0 0.8484372907939057 187.11497831509473 
355.88 62.5 20260420.0 -1.0 276.59755044807 75.80526001918807 7.143077934856375 0.01520659744487199 24.645649864611595 1.0 24.43050686193979 2.0 138.29897701119384 75.79725189724498 
355.88 62.5 20260420.0 -1.0 0.009161673065653934 129.25830322865994 5.894908218805172 0.01520659744487199 3.0675920962415284 32.0 -1.0 -1.0 -1.0 -1.0 
355.88 62.5 20260420.0 -1.0 9.694559498 137.32707580974028 1.6252534331593835 0.012441761545804356 25.58545448853383 32.0 25.585455525997194 32.0 9.694546558118116 137.32559522638377 
355.88 62.5 20260420.0 -1.0 1.3670437715 274.65415161948056 1.0782097887114421 0.0483846282336836 3.8068426052903597 8.0 -1.0 -1.0 -1.0 -1.0 
355.88 62.5 20260420.0 -1.0 1.25242411862 343.3176895243507 4.3049032592811995 0.026265941041142528 39.639316959580896 32.0 39.810990066092636 32.0 1.2524348373214405 343.364587032513 
355.88 62.5 20260420.0 -1.0 1.268762 411.98122742922084 1.854499936023163 0.022118687192541075 17.747104830989706 32.0 17.89009442169631 32.0 1.2687754254632941 411.67319187982986 
355.88 62.5 20260420.0 -1.0 3.3124878843 76.4301607041909 0.7755127795831871 0.013824179495338172 12.573260319404863 32.0 12.704094017838665 32.0 3.3124706533271824 76.4044394958878 
355.88 62.5 20260420.0 -1.0 0.849048 84.45773104230402 0.031092043377110277 0.02073626924300726 2.2154614882000883 32.0 -1.0 -1.0 -1.0 -1.0 
355.88 62.5 20260420.0 -1.0 2.0560099405330052 28.21666939205035 0.01455178574214077 0.02073626924300726 1.6691090923292093 32.0 -1.0 -1.0 -1.0 -1.0 
355.88 62.5 20260420.0 -1.0 218.73385758998 2.259256322702498 0.04260523315412531 0.027648358990676344 0.8108561517061201 2.0 -1.0 -1.0 -1.0 -1.0 
355.88 62.5 20260420.0 -1.0 78.64901308403884 134.9785479606088 0.04459281886826487 0.017971433343939622 0.971782965039336 2.0 -1.0 -1.0 -1.0 -1.0 
355.88 62.5 20260420.0 -1.0 3.620958 206.50564175170067 0.5746136488224568 0.027648358990676344 5.044430177344614 16.0 -1.0 -1.0 -1.0 -1.0 
355.88 62.5 20260420.0 -1.0 21.324877969630563 0.0 0.15063219053801963 0.017971433343939622 1.7127489360389734 1.0 -1.0 -1.0 -1.0 -1.0 
355.88 62.5 20260420.0 -1.0 322.461932664884 68.66353790487014 0.9179019228414413 0.016589015394405805 2.423929896717631 1.0 -1.0 -1.0 -1.0 -1.0 
355.88 62.5 20260420.0 -1.0 1.952192814966 205.99061371461042 0.681998435419825 0.022118687192541075 5.191994162968699 16.0 6.094178097295725 16.0 1.9522000608655314 206.14018973923635 
355.88 62.5 20260420.0 -1.0 0.001341933801856741 480.644765334091 0.14959514248507325 0.03456044873834543 -0.7696719868425808 4.0 -1.0 -1.0 -1.0 -1.0 
355.88 62.5 20260420.0 -1.0 23.270554003715503 98.01326897851901 1.1827890376323114 0.016589015394405805 10.8084865831399 16.0 10.808486636505531 16.0 23.270573971482616 98.06079718081493 
355.88 62.5 20260420.0 -1.0 209.16616986511 56.62561591794772 2.432980420037404 0.03456044873834543 7.36271397868235 1.0 -1.0 -1.0 -1.0 -1.0 
355.88 62.5 20260420.0 -1.0 0.0016654577255911056 6.825838251569249 1.388398869655766 0.031795612839277794 0.4826749721206551 4.0 -1.0 -1.0 -1.0 -1.0 
355.88 62.5 20260420.0 -1.0 0.212104 187.7586212016161 8.128136701511847 0.02350110514207489 61.65333036047656 32.0 30.76023506117884 16.0 0.8484372907939057 187.0137803819876 
355.88 62.5 20260420.0 -1.0 276.59755044807 75.80526001918807 7.143077934856375 0.01520659744487199 24.65182608197276 1.0 24.436720235216605 2.0 138.29897701119384 75.79725189724498 
355.88 62.5 20260420.0 -1.0 0.009161673065653934 129.25830322865994 5.894908218805172 0.01520659744487199 3.066959404124087 32.0 -1.0 -1.0 -1.0 -1.0 
355.88 62.5 20260420.0 -1.0 9.694559498 137.32707580974028 1.6252534331593835 0.012441761545804356 25.58421748628652 32.0 25.58421818592476 32.0 9.694546558118116 137.32559522638377 
355.88 62.5 20260420.0 -1.0 1.3670437715 274.65415161948056 1.0782097887114421 0.0483846282336836 3.8083058527497737 8.0 -1.0 -1.0 -1.0 -1.0 
355.88 62.5 20260420.0 -1.0 1.25242411862 343.3176895243507 4.3049032592811995 0.026265941041142528 39.62698899948021 32.0 39.79868816096996 32.0 1.2524348373214405 343.364587032513 
355.88 62.5 20260420.0 -1.0 1.268762 411.98122742922084 1.854499936023163 0.022118687192541075 17.759771080525717 32.0 17.88305449222311 32.0 1.2687754254632941 411.67319187982986 
355.88 62.5 20260420.0 -1.0 3.3124878843 76.4301607041909 0.7755127795831871 0.013824179495338172 12.573260319404863 32.0 12.704094017838665 32.0 3.3124706533271824 76.4044394958878 
355.88 62.5 20260420.0 -1.0 0.849048 84.45773104230402 0.031092043377110277 0.02073626924300726 2.2154614882000883 32.0 -1.0 -1.0 -1.0 -1.0 
355.88 62.5 20260420.0 -1.0 2.0560099405330052 28.21666939205035 0.01455178574214077 0.02073626924300726 1.6691090923292093 32.0 -1.0 -1.0 -1.0 -1.0 
355.88 62.5 20260420.0 -1.0 218.73385758998 2.259256322702498 0.04260523315412531 0.027648358990676344 0.8108561517061201 2.0 -1.0 -1.0 -1.0 -1.0 
355.88 62.5 20260420.0 -1.0 78.64901308403884 134.9785479606088 0.04459281886826487 0.017971433343939622 0.971782965039336 2.0 -1.0 -1.0 -1.0 -1.0 
355.88 62.5 20260420.0 -1.0 3.620958 206.50564175170067 0.5746136488224568 0.027648358990676344 5.044430177344614 16.0 -1.0 -1.0 -1.0 -1.0 
355.88 62.5 20260420.0 -1.0 21.324877969630563 0.0 0.15063219053801963 0.017971433343939622 1.7127489360389734 1.0 -1.0 -1.0 -1.0 -1.0 
355.88 62.5 20260420.0 -1.0 322.461932664884 68.66353790487014 0.9179019228414413 0.016589015394405805 2.423929896717631 1.0 -1.0 -1.0 -1.0 -1.0 
355.88 62.5 20260420.0 -1.0 1.952192814966 205.99061371461042 0.681998435419825 0.022118687192541075 5.191994162968699 16.0 6.094178097295725 16.0 1.9522000608655314 206.14018973923635 
355.88 62.5 20260420.0 -1.0 0.001341933801856741 480.644765334091 0.14959514248507325 0.03456044873834543 -0.7696719868425808 4.0 -1.0 -1.0 -1.0 -1.0 
355.88 62.5 20260420.0 -1.0 23.270554003715503 98.01326897851901 1.1827890376323114 0.016589015394405805 10.8084865831399 16.0 10.808486636505531 16.0 23.270573971482616 98.06079718081493 
355.88 62.5 20260420.0 -1.0 209.16616986511 56.62561591794772 2.432980420037404 0.03456044873834543 7.36271397868235 1.0 -1.0 -1.0 -1.0 -1.0 
355.88 62.5 20260420.0 -1.0 0.0016654577255911056 6.825838251569249 1.388398869655766 0.031795612839277794 0.4826749721206551 4.0 -1.0 -1.0 -1.0 -1.0 
355.88 62.5 20260420.0 -1.0 0.212104 187.7586212016161 8.128136701511847 0.02350110514207489 61.65333036047656 32.0 30.76023506117884 16.0 0.8484372907939057 187.0137803819876 
355.88 62.5 20260420.0 -1.0 276.59755044807 75.80526001918807 7.143077934856375 0.01520659744487199 24.65182608197276 1.0 24.436720235216605 2.0 138.29897701119384 75.79725189724498 
355.88 62.5 20260420.0 -1.0 0.009161673065653934 129.25830322865994 5.894908218805172 0.01520659744487199 3.066959404124087 32.0 -1.0 -1.0 -1.0 -1.0 
355.88 62.5 20260420.0 -1.0 9.694559498 137.32707580974028 1.6252534331593835 0.012441761545804356 25.58421748628652 32.0 25.58421818592476 32.0 9.694546558118116 137.32559522638377 
355.88 62.5 20260420.0 -1.0 1.3670437715 274.65415161948056 1.0782097887114421 0.0483846282336836 3.8083058527497737 8.0 -1.0 -1.0 -1.0 -1.0 
355.88 62.5 20260420.0 -1.0 1.25242411862 343.3176895243507 4.3049032592811995 0.026265941041142528 39.62698899948021 32.0 39.79868816096996 32.0 1.2524348373214405 343.364587032513 
355.88 62.5 20260420.0 -1.0 1.268762 411.98122742922084 1.854499936023163 0.022118687192541075 17.759771080525717 32.0 17.88305449222311 32.0 1.2687754254632941 411.67319187982986 
356.57 62.5 20260420.0 -1.0 297.619048 160.3685504531194 0.7030475489202758 0.05529671798135269 0.9075348947500246 1.0 -1.0 -1.0 -1.0 -1.0 
356.57 62.5 20260420.0 -1.0 0.373736453414 146.63901937984403 0.9869597232407606 0.01520659744487199 7.058609799520389 32.0 7.242827315311441 32.0 0.37374168944855535 146.53460713913316 
356.57 62.5 20260420.0 -1.0 2.612776 12.776091415409038 0.013403330336259596 0.02073626924300726 1.3777235438872943 2.0 -1.0 -1.0 -1.0 -1.0 
356.57 62.5 20260420.0 -1.0 0.15515816927 82.13882652518572 0.06934004168588265 0.012441761545804352 2.656691229324282 2.0 -1.0 -1.0 -1.0 -1.0 
356.57 62.5 20260420.0 -1.0 0.1397922816187968 7.484501314250816 0.4014767187614129 0.01520659744487199 1.596231598193901 16.0 -1.0 -1.0 -1.0 -1.0 
356.57 62.5 20260420.0 -1.0 1.7528157081 186.58814104444392 0.24447745947558114 0.011059343596270537 2.2726379885617907 16.0 -1.0 -1.0 -1.0 -1.0 
356.57 62.5 20260420.0 -1.0 1.88814 26.791654386044325 0.4042599017082545 0.02350110514207489 2.546346335728809 32.0 -1.0 -1.0 -1.0 -1.0 
356.57 62.5 20260420.0 -1.0 0.965 35.18192337526817 0.3079277615089487 0.03732528463741307 1.8263306203794853 16.0 -1.0 -1.0 -1.0 -1.0 
356.57 62.5 20260420.0 -1.0 0.7480826455225078 25.599854813711392 0.03865082032975788 0.022118687192541075 1.632756935397147 32.0 -1.0 -1.0 -1.0 -1.0 
356.57 62.5 20260420.0 -1.0 0.415809 68.09602242146853 0.06391172773542331 0.02073626924300726 1.1402990133287843 1.0 -1.0 -1.0 -1.0 -1.0 
356.57 62.5 20260420.0 -1.0 0.6377575349233 136.19204484293707 0.021248718019961817 0.02350110514207489 2.5276177128740835 8.0 -1.0 -1.0 -1.0 -1.0 
356.57 62.5 20260420.0 -1.0 0.7081702 204.28806726440558 0.681998435419825 0.01520659744487199 4.709147216155329 32.0 -1.0 -1.0 -1.0 -1.0 
356.57 62.5 20260420.0 -1.0 0.817 272.38408968587413 0.08898051796489409 0.012441761545804354 1.6943396578405876 16.0 -1.0 -1.0 -1.0 -1.0 
356.57 62.5 20260420.0 -1.0 0.13915134067204027 340.4801121073427 0.13817009029464072 0.052531882082285056 0.6536396162720719 8.0 -1.0 -1.0 -1.0 -1.0 
356.57 62.5 20260420.0 -1.0 1.5356610027 476.6721569502797 0.5144831280817309 0.02488352309160871 1.5211251022926588 8.0 -1.0 -1.0 -1.0 -1.0 
356.57 62.5 20260420.0 -1.0 0.0029310066698163668 94.62888604323484 5.011526105732301 0.05114946413275124 1.5525759646766548 2.0 -1.0 -1.0 -1.0 -1.0 
356.57 62.5 20260420.0 -1.0 1.841566778822 62.73632948760557 2.639624521570016 0.06773847952715704 6.7173993490018065 8.0 6.982362643054556 8.0 1.8415448721498253 61.73073919535305 
356.57 62.5 20260420.0 -1.0 1.8198438376 60.82945017187288 9.147367545968082 0.07326815132529231 36.474097725488555 8.0 37.3604144725539 16.0 1.8198382652675114 61.022353663603106 
356.57 62.5 20260420.0 -1.0 0.3456650433898706 0.0 3.484610295359499 0.017971433343939622 19.101107727350815 32.0 -1.0 -1.0 -1.0 -1.0 
356.57 62.5 20260420.0 -1.0 0.9430725552993 408.57613452881117 4.251702380677985 0.008294507697202903 83.15489998001365 32.0 75.58399570988807 32.0 0.4715426863792042 408.6372538866158 
356.57 62.5 20260420.0 -1.0 297.619048 160.3685504531194 0.7030475489202758 0.05529671798135269 0.9075348947500246 1.0 -1.0 -1.0 -1.0 -1.0 
356.57 62.5 20260420.0 -1.0 0.373736453414 146.63901937984403 0.9869597232407606 0.01520659744487199 7.058609799520389 32.0 7.242827315311441 32.0 0.37374168944855535 146.53460713913316 
356.57 62.5 20260420.0 -1.0 2.612776 12.776091415409038 0.013403330336259596 0.02073626924300726 1.3777235438872943 2.0 -1.0 -1.0 -1.0 -1.0 
356.57 62.5 20260420.0 -1.0 0.15515816927 82.13882652518572 0.06934004168588265 0.012441761545804352 2.656691229324282 2.0 -1.0 -1.0 -1.0 -1.0 
356.57 62.5 20260420.0 -1.0 0.1397922816187968 7.484501314250816 0.4014767187614129 0.01520659744487199 1.596231598193901 16.0 -1.0 -1.0 -1.0 -1.0 
356.57 62.5 20260420.0 -1.0 1.7528157081 186.58814104444392 0.24447745947558114 0.011059343596270537 2.2726379885617907 16.0 -1.0 -1.0 -1.0 -1.0 
356.57 62.5 20260420.0 -1.0 1.88814 26.791654386044325 0.4042599017082545 0.02350110514207489 2.546346335728809 32.0 -1.0 -1.0 -1.0 -1.0 
356.57 62.5 20260420.0 -1.0 0.965 35.18192337526817 0.3079277615089487 0.03732528463741307 1.8263306203794853 16.0 -1.0 -1.0 -1.0 -1.0 
356.57 62.5 20260420.0 -1.0 0.7480826455225078 25.599854813711392 0.03865082032975788 0.022118687192541075 1.632756935397147 32.0 -1.0 -1.0 -1.0 -1.0 
356.57 62.5 20260420.0 -1.0 0.415809 68.09602242146853 0.06391172773542331 0.02073626924300726 1.1402990133287843 1.0 -1.0 -1.0 -1.0 -1.0 
356.57 62.5 20260420.0 -1.0 0.6377575349233 136.19204484293707 0.021248718019961817 0.02350110514207489 2.5276177128740835 8.0 -1.0 -1.0 -1.0 -1.0 
356.57 62.5 20260420.0 -1.0 0.7081702 204.28806726440558 0.681998435419825 0.01520659744487199 4.709147216155329 32.0 -1.0 -1.0 -1.0 -1.0 
356.57 62.5 20260420.0 -1.0 0.817 272.38408968587413 0.08898051796489409 0.012441761545804354 1.6943396578405876 16.0 -1.0 -1.0 -1.0 -1.0 
356.57 62.5 20260420.0 -1.0 0.13915134067204027 340.4801121073427 0.13817009029464072 0.052531882082285056 0.6536396162720719 8.0 -1.0 -1.0 -1.0 -1.0 
356.57 62.5 20260420.0 -1.0 1.5356610027 476.6721569502797 0.5144831280817309 0.02488352309160871 1.5211251022926588 8.0 -1.0 -1.0 -1.0 -1.0 
356.57 62.5 20260420.0 -1.0 0.0029310066698163668 94.62888604323484 5.011526105732301 0.05114946413275124 1.5525759646766548 2.0 -1.0 -1.0 -1.0 -1.0 
356.57 62.5 20260420.0 -1.0 1.841566778822 62.73632948760557 2.639624521570016 0.06773847952715704 6.7173993490018065 8.0 6.982362643054556 8.0 1.8415448721498253 61.73073919535305 
356.57 62.5 20260420.0 -1.0 1.8198438376 60.82945017187288 9.147367545968082 0.07326815132529231 36.474097725488555 8.0 37.3604144725539 16.0 1.8198382652675114 61.022353663603106 
356.57 62.5 20260420.0 -1.0 0.3456650433898706 0.0 3.484610295359499 0.017971433343939622 19.101107727350815 32.0 -1.0 -1.0 -1.0 -1.0 
356.57 62.5 20260420.0 -1.0 0.9430725552993 408.57613452881117 4.251702380677985 0.008294507697202903 83.15489998001365 32.0 75.58399570988807 32.0 0.4715426863792042 408.6372538866158 
356.57 62.5 20260420.0 -1.0 297.619048 160.3685504531194 0.7030475489202758 0.05529671798135269 0.9075348947500246 1.0 -1.0 -1.0 -1.0 -1.0 
356.57 62.5 20260420.0 -1.0 0.373736453414 146.63901937984403 0.9869597232407606 0.01520659744487199 7.058609799520389 32.0 7.242827315311441 32.0 0.37374168944855535 146.53460713913316 
356.57 62.5 20260420.0 -1.0 2.612776 12.776091415409038 0.013403330336259596 0.02073626924300726 1.3777235438872943 2.0 -1.0 -1.0 -1.0 -1.0 
356.57 62.5 20260420.0 -1.0 0.15515816927 82.13882652518572 0.06934004168588265 0.012441761545804352 2.656691229324282 2.0 -1.0 -1.0 -1.0 -1.0 
356.57 62.5 20260420.0 -1.0 0.1397922816187968 7.484501314250816 0.4014767187614129 0.01520659744487199 1.596231598193901 16.0 -1.0 -1.0 -1.0 -1.0 
356.57 62.5 20260420.0 -1.0 1.7528157081 186.58814104444392 0.24447745947558114 0.011059343596270537 2.2726379885617907 16.0 -1.0 -1.0 -1.0 -1.0 
356.57 62.5 20260420.0 -1.0 1.88814 26.791654386044325 0.4042599017082545 0.02350110514207489 2.546346335728809 32.0 -1.0 -1.0 -1.0 -1.0 
356.57 62.5 20260420.0 -1.0 0.965 35.18192337526817 0.3079277615089487 0.03732528463741307 1.8263306203794853 16.0 -1.0 -1.0 -1.0 -1.0 
356.57 62.5 20260420.0 -1.0 0.7480826455225078 25.599854813711392 0.03865082032975788 0.022118687192541075 1.632756935397147 32.0 -1.0 -1.0 -1.0 -1.0 
356.57 62.5 20260420.0 -1.0 0.415809 68.09602242146853 0.06391172773542331 0.02073626924300726 1.1402990133287843 1.0 -1.0 -1.0 -1.0 -1.0 
356.57 62.5 20260420.0 -1.0 0.6377575349233 136.19204484293707 0.021248718019961817 0.02350110514207489 2.5276177128740835 8.0 -1.0 -1.0 -1.0 -1.0 
356.57 62.5 20260420.0 -1.0 0.7081702 204.28806726440558 0.681998435419825 0.01520659744487199 4.709147216155329 32.0 -1.0 -1.0 -1.0 -1.0 
356.57 62.5 20260420.0 -1.0 0.817 272.38408968587413 0.08898051796489409 0.012441761545804354 1.6943396578405876 16.0 -1.0 -1.0 -1.0 -1.0 
356.57 62.5 20260420.0 -1.0 0.13915134067204027 340.4801121073427 0.13817009029464072 0.052531882082285056 0.6536396162720719 8.0 -1.0 -1.0 -1.0 -1.0 
356.57 62.5 20260420.0 -1.0 1.5356610027 476.6721569502797 0.5144831280817309 0.02488352309160871 1.5211251022926588 8.0 -1.0 -1.0 -1.0 -1.0 
356.57 62.5 20260420.0 -1.0 0.0029310066698163668 94.62888604323484 5.011526105732301 0.05114946413275124 1.5525759646766548 2.0 -1.0 -1.0 -1.0 -1.0 
356.57 62.5 20260420.0 -1.0 1.841566778822 62.73632948760557 2.639624521570016 0.06773847952715704 6.7173993490018065 8.0 6.982362643054556 8.0 1.8415448721498253 61.73073919535305 
356.57 62.5 20260420.0 -1.0 1.8198438376 60.82945017187288 9.147367545968082 0.07326815132529231 36.474097725488555 8.0 37.3604144725539 16.0 1.8198382652675114 61.022353663603106 
356.57 62.5 20260420.0 -1.0 0.3456650433898706 0.0 3.484610295359499 0.017971433343939622 19.101107727350815 32.0 -1.0 -1.0 -1.0 -1.0 
356.57 62.5 20260420.0 -1.0 0.9430725552993 408.57613452881117 4.251702380677985 0.008294507697202903 83.15489998001365 32.0 75.58399570988807 32.0 0.4715426863792042 408.6372538866158 
357.98 62.1 20260420.0 -1.0 0.331159372546 35.57797395518864 0.023929735251520638 0.019353851293473442 1.3979552903432995 1.0 -1.0 -1.0 -1.0 -1.0 
357.98 62.1 20260420.0 -1.0 2.688716547019 29.754469266871318 0.4824678145425939 0.026265941041142528 2.4868287722343148 8.0 -1.0 -1.0 -1.0 -1.0 
357.98 62.1 20260420.0 -1.0 64.84399265188851 217.0165419005752 0.43257718124218897 0.022118687192541075 1.0745761085268748 1.0 -1.0 -1.0 -1.0 -1.0 
357.98 62.1 20260420.0 -1.0 2.9169367397 1.2283955201919352 0.030835351604150966 0.019353851293473442 1.4993541047453933 32.0 -1.0 -1.0 -1.0 -1.0 
357.98 62.1 20260420.0 -1.0 0.060290946359358735 56.82466684147137 0.01424345544956313 0.029030776940210157 1.5079254307294983 8.0 -1.0 -1.0 -1.0 -1.0 
357.98 62.1 20260420.0 -1.0 0.4471159554606115 76.06952999114502 0.09028083341550168 0.08709233082063048 -0.07994287915376445 2.0 -1.0 -1.0 -1.0 -1.0 
357.98 62.1 20260420.0 -1.0 0.01719488041013931 194.96391756189138 0.318310001784347 0.01520659744487199 2.384322671573053 32.0 -1.0 -1.0 -1.0 -1.0 
357.98 62.1 20260420.0 -1.0 0.03932265718704996 259.95189008252186 0.2356878711863255 0.03456044873834543 1.7904486667669075 4.0 -1.0 -1.0 -1.0 -1.0 
357.98 62.1 20260420.0 -1.0 1.24979366967 324.93986260315233 0.0362707015320427 0.019353851293473442 1.4324574046637095 2.0 -1.0 -1.0 -1.0 -1.0 
357.98 62.1 20260420.0 -1.0 1.82747830437 454.9158076444133 0.12201371230349732 0.012441761545804354 1.0884866576701042 16.0 -1.0 -1.0 -1.0 -1.0 
357.98 62.1 20260420.0 -1.0 0.011163339112402308 217.1985264220851 7.685790970869665 0.04561979233461597 1.4009214957562164 8.0 -1.0 -1.0 -1.0 -1.0 
357.98 62.1 20260420.0 -1.0 233.64486 58.78100044770297 1.3864818585597134 0.035942866687879244 3.129264610263027 1.0 -1.0 -1.0 -1.0 -1.0 
357.98 62.1 20260420.0 -1.0 0.664187 75.34159190510536 1.0954787571223317 0.013824179495338174 20.68407173292495 32.0 -1.0 -1.0 -1.0 -1.0 
357.98 62.1 20260420.0 -1.0 0.02134035701318364 75.023118992463 2.2690056826282254 0.059443971829954124 0.8688237574634385 16.0 -1.0 -1.0 -1.0 -1.0 
357.98 62.1 20260420.0 -1.0 264.19215 83.89486441607141 4.014767187614129 0.017971433343939622 14.912874766647466 1.0 -1.0 -1.0 -1.0 -1.0 
357.98 62.1 20260420.0 -1.0 2.466371 139.30915121584093 2.454929382500733 0.02073626924300726 28.338277263964446 32.0 28.53787525053082 32.0 2.466367732267827 139.3495538885265 
357.98 62.1 20260420.0 -1.0 3.9303639987862793 0.0 6.351558289205688 0.02350110514207489 58.28064257756719 32.0 -1.0 -1.0 -1.0 -1.0 
357.98 62.1 20260420.0 -1.0 0.0011013155333338069 64.98797252063046 1.5032032351528772 0.017971433343939622 0.9618760026504862 1.0 -1.0 -1.0 -1.0 -1.0 
357.98 62.1 20260420.0 -1.0 8.865210978990893 129.97594504126093 8.667498783590988 0.013824179495338172 152.00227443639784 32.0 152.00227126508483 32.0 8.86520865606144 129.93814610956284 
357.98 62.1 20260420.0 -1.0 267.04459254652 389.92783512378276 9.21714584841899 0.02073626924300726 24.085094237816964 1.0 23.90855449246259 2.0 133.52206830556196 389.9156362617956 
357.98 62.1 20260420.0 -1.0 0.331159372546 35.57797395518864 0.023929735251520638 0.019353851293473442 1.3979552903432995 1.0 -1.0 -1.0 -1.0 -1.0 
357.98 62.1 20260420.0 -1.0 2.688716547019 29.754469266871318 0.4824678145425939 0.026265941041142528 2.4868287722343148 8.0 -1.0 -1.0 -1.0 -1.0 
357.98 62.1 20260420.0 -1.0 64.84399265188851 217.0165419005752 0.43257718124218897 0.022118687192541075 1.0745761085268748 1.0 -1.0 -1.0 -1.0 -1.0 
357.98 62.1 20260420.0 -1.0 2.9169367397 1.2283955201919352 0.030835351604150966 0.019353851293473442 1.4993541047453933 32.0 -1.0 -1.0 -1.0 -1.0 
357.98 62.1 20260420.0 -1.0 0.060290946359358735 56.82466684147137 0.01424345544956313 0.029030776940210157 1.5079254307294983 8.0 -1.0 -1.0 -1.0 -1.0 
357.98 62.1 20260420.0 -1.0 0.4471159554606115 76.06952999114502 0.09028083341550168 0.08709233082063048 -0.07994287915376445 2.0 -1.0 -1.0 -1.0 -1.0 
357.98 62.1 20260420.0 -1.0 0.01719488041013931 194.96391756189138 0.318310001784347 0.01520659744487199 2.384322671573053 32.0 -1.0 -1.0 -1.0 -1.0 
357.98 62.1 20260420.0 -1.0 0.03932265718704996 259.95189008252186 0.2356878711863255 0.03456044873834543 1.7904486667669075 4.0 -1.0 -1.0 -1.0 -1.0 
357.98 62.1 20260420.0 -1.0 1.24979366967 324.93986260315233 0.0362707015320427 0.019353851293473442 1.4324574046637095 2.0 -1.0 -1.0 -1.0 -1.0 
357.98 62.1 20260420.0 -1.0 1.82747830437 454.9158076444133 0.12201371230349732 0.012441761545804354 1.0884866576701042 16.0 -1.0 -1.0 -1.0 -1.0 
357.98 62.1 20260420.0 -1.0 0.011163339112402308 217.1985264220851 7.685790970869665 0.04561979233461597 1.4009214957562164 8.0 -1.0 -1.0 -1.0 -1.0 
357.98 62.1 20260420.0 -1.0 233.64486 58.78100044770297 1.3864818585597134 0.035942866687879244 3.129264610263027 1.0 -1.0 -1.0 -1.0 -1.0 
357.98 62.1 20260420.0 -1.0 0.664187 75.34159190510536 1.0954787571223317 0.013824179495338174 20.68407173292495 32.0 -1.0 -1.0 -1.0 -1.0 
357.98 62.1 20260420.0 -1.0 0.02134035701318364 75.023118992463 2.2690056826282254 0.059443971829954124 0.8688237574634385 16.0 -1.0 -1.0 -1.0 -1.0 
357.98 62.1 20260420.0 -1.0 264.19215 83.89486441607141 4.014767187614129 0.017971433343939622 14.912874766647466 1.0 -1.0 -1.0 -1.0 -1.0 
357.98 62.1 20260420.0 -1.0 2.466371 139.30915121584093 2.454929382500733 0.02073626924300726 28.338277263964446 32.0 28.53787525053082 32.0 2.466367732267827 139.3495538885265 
357.98 62.1 20260420.0 -1.0 3.9303639987862793 0.0 6.351558289205688 0.02350110514207489 58.28064257756719 32.0 -1.0 -1.0 -1.0 -1.0 
357.98 62.1 20260420.0 -1.0 0.0011013155333338069 64.98797252063046 1.5032032351528772 0.017971433343939622 0.9618760026504862 1.0 -1.0 -1.0 -1.0 -1.0 
357.98 62.1 20260420.0 -1.0 8.865210978990893 129.97594504126093 8.667498783590988 0.013824179495338172 152.00227443639784 32.0 152.00227126508483 32.0 8.86520865606144 129.93814610956284 
357.98 62.1 20260420.0 -1.0 267.04459254652 389.92783512378276 9.21714584841899 0.02073626924300726 24.085094237816964 1.0 23.90855449246259 2.0 133.52206830556196 389.9156362617956 
357.98 62.1 20260420.0 -1.0 0.331159372546 35.57797395518864 0.023929735251520638 0.019353851293473442 1.3979552903432995 1.0 -1.0 -1.0 -1.0 -1.0 
357.98 62.1 20260420.0 -1.0 2.688716547019 29.754469266871318 0.4824678145425939 0.026265941041142528 2.4868287722343148 8.0 -1.0 -1.0 -1.0 -1.0 
357.98 62.1 20260420.0 -1.0 64.84399265188851 217.0165419005752 0.43257718124218897 0.022118687192541075 1.0745761085268748 1.0 -1.0 -1.0 -1.0 -1.0 
357.98 62.1 20260420.0 -1.0 2.9169367397 1.2283955201919352 0.030835351604150966 0.019353851293473442 1.4993541047453933 32.0 -1.0 -1.0 -1.0 -1.0 
357.98 62.1 20260420.0 -1.0 0.060290946359358735 56.82466684147137 0.01424345544956313 0.029030776940210157 1.5079254307294983 8.0 -1.0 -1.0 -1.0 -1.0 
357.98 62.1 20260420.0 -1.0 0.4471159554606115 76.06952999114502 0.09028083341550168 0.08709233082063048 -0.07994287915376445 2.0 -1.0 -1.0 -1.0 -1.0 
357.98 62.1 20260420.0 -1.0 0.01719488041013931 194.96391756189138 0.318310001784347 0.01520659744487199 2.384322671573053 32.0 -1.0 -1.0 -1.0 -1.0 
357.98 62.1 20260420.0 -1.0 0.03932265718704996 259.95189008252186 0.2356878711863255 0.03456044873834543 1.7904486667669075 4.0 -1.0 -1.0 -1.0 -1.0 
357.98 62.1 20260420.0 -1.0 1.24979366967 324.93986260315233 0.0362707015320427 0.019353851293473442 1.4324574046637095 2.0 -1.0 -1.0 -1.0 -1.0 
357.98 62.1 20260420.0 -1.0 1.82747830437 454.9158076444133 0.12201371230349732 0.012441761545804354 1.0884866576701042 16.0 -1.0 -1.0 -1.0 -1.0 
357.98 62.1 20260420.0 -1.0 0.011163339112402308 217.1985264220851 7.685790970869665 0.04561979233461597 1.4009214957562164 8.0 -1.0 -1.0 -1.0 -1.0 
357.98 62.1 20260420.0 -1.0 233.64486 58.78100044770297 1.3864818585597134 0.035942866687879244 3.129264610263027 1.0 -1.0 -1.0 -1.0 -1.0 
357.98 62.1 20260420.0 -1.0 0.664187 75.34159190510536 1.0954787571223317 0.013824179495338174 20.68407173292495 32.0 -1.0 -1.0 -1.0 -1.0 
357.98 62.1 20260420.0 -1.0 0.02134035701318364 75.023118992463 2.2690056826282254 0.059443971829954124 0.8688237574634385 16.0 -1.0 -1.0 -1.0 -1.0 
357.98 62.1 20260420.0 -1.0 264.19215 83.89486441607141 4.014767187614129 0.017971433343939622 14.912874766647466 1.0 -1.0 -1.0 -1.0 -1.0 
357.98 62.1 20260420.0 -1.0 2.466371 139.30915121584093 2.454929382500733 0.02073626924300726 28.338277263964446 32.0 28.53787525053082 32.0 2.466367732267827 139.3495538885265 
357.98 62.1 20260420.0 -1.0 3.9303639987862793 0.0 6.351558289205688 0.02350110514207489 58.28064257756719 32.0 -1.0 -1.0 -1.0 -1.0 
357.98 62.1 20260420.0 -1.0 0.0011013155333338069 64.98797252063046 1.5032032351528772 0.017971433343939622 0.9618760026504862 1.0 -1.0 -1.0 -1.0 -1.0 
357.98 62.1 20260420.0 -1.0 8.865210978990893 129.97594504126093 8.667498783590988 0.013824179495338172 152.00227443639784 32.0 152.00227126508483 32.0 8.86520865606144 129.93814610956284 
357.98 62.1 20260420.0 -1.0 267.04459254652 389.92783512378276 9.21714584841899 0.02073626924300726 24.085094237816964 1.0 23.90855449246259 2.0 133.52206830556196 389.9156362617956 
358.67 62.1 20260420.0 -1.0 1.82874144354 0.0 1.9693795910029344 0.07188573337575849 2.514404156177024 8.0 -1.0 -1.0 -1.0 -1.0 
358.67 62.1 20260420.0 -1.0 0.54991550213 178.27292014699935 9.801648631536343 0.026265941041142528 85.13446059953404 32.0 20.891163300327005 2.0 7.148870887855689 178.10836226855963 
358.67 62.1 20260420.0 -1.0 1.82874144354 0.0 1.9693795910029344 0.07188573337575849 2.5109700976119242 8.0 -1.0 -1.0 -1.0 -1.0 
358.67 62.1 20260420.0 -1.0 0.54991550213 178.27292014699935 9.801648631536343 0.026265941041142528 85.13659237839181 32.0 20.87851051419797 2.0 7.148870887855689 178.10836226855963 
358.67 62.1 20260420.0 -1.0 1.82874144354 0.0 1.9693795910029344 0.07188573337575849 2.5109700976119242 8.0 -1.0 -1.0 -1.0 -1.0 
358.67 62.1 20260420.0 -1.0 0.54991550213 178.27292014699935 9.801648631536343 0.026265941041142528 85.13659237839181 32.0 20.87851051419797 2.0 7.148870887855689 178.10836226855963 
359.35 62.1 20260420.0 -1.0 91.52813683115231 84.42856340281935 0.20301622737534805 0.03732528463741307 0.9543137692303105 2.0 -1.0 -1.0 -1.0 -1.0 
359.35 62.1 20260420.0 -1.0 177.304965 36.42016460513776 0.07543758187143425 0.017971433343939622 1.340765121137418 2.0 -1.0 -1.0 -1.0 -1.0 
359.35 62.1 20260420.0 -1.0 2.688716547019 184.64458175088134 0.011730240887216133 0.031795612839277794 1.2745030239456216 1.0 -1.0 -1.0 -1.0 -1.0 
359.35 62.1 20260420.0 -1.0 1.795203 143.1368996953585 0.02169370016563095 0.022118687192541075 1.5918847520586117 8.0 -1.0 -1.0 -1.0 -1.0 
359.35 62.1 20260420.0 -1.0 54.20428417114805 50.75404313598466 0.015919161622271902 0.03041319488974398 1.0759010320091555 2.0 -1.0 -1.0 -1.0 -1.0 
359.35 62.1 20260420.0 -1.0 0.472774981134 109.62388791901222 0.6097875004346693 0.13962421290291552 1.4657458561120513 2.0 -1.0 -1.0 -1.0 -1.0 
359.35 62.1 20260420.0 -1.0 1.7107765053205546 40.9020252161913 0.056166187766076354 0.1354769590543141 1.2936946594840852 4.0 -1.0 -1.0 -1.0 -1.0 
359.35 62.1 20260420.0 -1.0 0.325733 115.35167117097639 0.014907929892623264 0.017971433343939622 0.9812097514302434 16.0 -1.0 -1.0 -1.0 -1.0 
359.35 62.1 20260420.0 -1.0 178.890877 173.0275067564646 0.10901939067768147 0.04700221028414979 2.198291317804916 1.0 -1.0 -1.0 -1.0 -1.0 
359.35 62.1 20260420.0 -1.0 1.0225012922492018 230.70334234195278 0.32790766992757375 0.026265941041142528 1.9705609952514167 32.0 -1.0 -1.0 -1.0 -1.0 
359.35 62.1 20260420.0 -1.0 0.1893240918829196 288.379177927441 0.19396741271167334 0.022118687192541075 0.3271333564096842 1.0 -1.0 -1.0 -1.0 -1.0 
359.35 62.1 20260420.0 -1.0 0.03425854448965959 346.0550135129292 0.2269005682628224 0.03732528463741307 1.400561215550882 8.0 -1.0 -1.0 -1.0 -1.0 
359.35 62.1 20260420.0 -1.0 285.989343507338 403.73084909841737 0.07373722146511155 0.06082638977948796 0.911575225313882 1.0 -1.0 -1.0 -1.0 -1.0 
359.35 62.1 20260420.0 -1.0 5.4199894818 71.50788416374608 4.932525134287107 0.019353851293473442 75.39653733859693 32.0 75.45723114435746 32.0 5.419982092765471 71.54693870674527 
359.35 62.1 20260420.0 -1.0 1.702875 15.222175228533187 7.5073653015647555 0.013824179495338172 140.57879681003132 32.0 140.57880559927926 32.0 1.7028772466195128 15.179689966070423 
359.35 62.1 20260420.0 -1.0 3.7043334323208 66.82413793958203 4.181789195669735 0.04700221028414978 20.700494831112326 16.0 20.813676922091318 16.0 3.7043112873410187 66.89183378381699 
359.35 62.1 20260420.0 -1.0 4.368538167500896 53.33817898379931 1.769394946143883 0.019353851293473442 23.270845193746524 32.0 23.3783398439018 32.0 4.368545584535847 53.331310747460755 
359.35 62.1 20260420.0 -1.0 19.364833 113.17707470975736 1.36651235103008 0.11612310776084063 2.693274267358541 4.0 -1.0 -1.0 -1.0 -1.0 
359.35 62.1 20260420.0 -1.0 216.15680256952174 0.0 1.5021651139281067 0.08156265902249521 1.7494063854364557 1.0 -1.0 -1.0 -1.0 -1.0 
359.35 62.1 20260420.0 -1.0 0.719311913668 57.675835585488194 2.0812863367917687 0.016589015394405805 23.809346605608862 32.0 23.928300680354305 32.0 0.7193193596322089 57.78401980417475 
359.35 62.1 20260420.0 -1.0 91.52813683115231 84.42856340281935 0.20301622737534805 0.03732528463741307 0.9543137692303105 2.0 -1.0 -1.0 -1.0 -1.0 
359.35 62.1 20260420.0 -1.0 177.304965 36.42016460513776 0.07543758187143425 0.017971433343939622 1.340765121137418 2.0 -1.0 -1.0 -1.0 -1.0 
359.35 62.1 20260420.0 -1.0 2.688716547019 184.64458175088134 0.011730240887216133 0.031795612839277794 1.2745030239456216 1.0 -1.0 -1.0 -1.0 -1.0 
359.35 62.1 20260420.0 -1.0 1.795203 143.1368996953585 0.02169370016563095 0.022118687192541075 1.5918847520586117 8.0 -1.0 -1.0 -1.0 -1.0 
359.35 62.1 20260420.0 -1.0 54.20428417114805 50.75404313598466 0.015919161622271902 0.03041319488974398 1.0759010320091555 2.0 -1.0 -1.0 -1.0 -1.0 
359.35 62.1 20260420.0 -1.0 0.472774981134 109.62388791901222 0.6097875004346693 0.13962421290291552 1.4657458561120513 2.0 -1.0 -1.0 -1.0 -1.0 
359.35 62.1 20260420.0 -1.0 1.7107765053205546 40.9020252161913 0.056166187766076354 0.1354769590543141 1.2936946594840852 4.0 -1.0 -1.0 -1.0 -1.0 
359.35 62.1 20260420.0 -1.0 0.325733 115.35167117097639 0.014907929892623264 0.017971433343939622 0.9812097514302434 16.0 -1.0 -1.0 -1.0 -1.0 
359.35 62.1 20260420.0 -1.0 178.890877 173.0275067564646 0.10901939067768147 0.04700221028414979 2.198291317804916 1.0 -1.0 -1.0 -1.0 -1.0 
359.35 62.1 20260420.0 -1.0 1.0225012922492018 230.70334234195278 0.32790766992757375 0.026265941041142528 1.9705609952514167 32.0 -1.0 -1.0 -1.0 -1.0 
359.35 62.1 20260420.0 -1.0 0.1893240918829196 288.379177927441 0.19396741271167334 0.022118687192541075 0.3271333564096842 1.0 -1.0 -1.0 -1.0 -1.0 
359.35 62.1 20260420.0 -1.0 0.03425854448965959 346.0550135129292 0.2269005682628224 0.03732528463741307 1.400561215550882 8.0 -1.0 -1.0 -1.0 -1.0 
359.35 62.1 20260420.0 -1.0 285.989343507338 403.73084909841737 0.07373722146511155 0.06082638977948796 0.911575225313882 1.0 -1.0 -1.0 -1.0 -1.0 
359.35 62.1 20260420.0 -1.0 5.4199894818 71.50788416374608 4.932525134287107 0.019353851293473442 75.39653733859693 32.0 75.45723114435746 32.0 5.419982092765471 71.54693870674527 
359.35 62.1 20260420.0 -1.0 1.702875 15.222175228533187 7.5073653015647555 0.013824179495338172 140.57879681003132 32.0 140.57880559927926 32.0 1.7028772466195128 15.179689966070423 
359.35 62.1 20260420.0 -1.0 3.7043334323208 66.82413793958203 4.181789195669735 0.04700221028414978 20.700494831112326 16.0 20.813676922091318 16.0 3.7043112873410187 66.89183378381699 
359.35 62.1 20260420.0 -1.0 4.368538167500896 53.33817898379931 1.769394946143883 0.019353851293473442 23.270845193746524 32.0 23.3783398439018 32.0 4.368545584535847 53.331310747460755 
359.35 62.1 20260420.0 -1.0 19.364833 113.17707470975736 1.36651235103008 0.11612310776084063 2.693274267358541 4.0 -1.0 -1.0 -1.0 -1.0 
359.35 62.1 20260420.0 -1.0 216.15680256952174 0.0 1.5021651139281067 0.08156265902249521 1.7494063854364557 1.0 -1.0 -1.0 -1.0 -1.0 
359.35 62.1 20260420.0 -1.0 0.719311913668 57.675835585488194 2.0812863367917687 0.016589015394405805 23.809346605608862 32.0 23.928300680354305 32.0 0.7193193596322089 57.78401980417475 
359.35 62.1 20260420.0 -1.0 91.52813683115231 84.42856340281935 0.20301622737534805 0.03732528463741307 0.9543137692303105 2.0 -1.0 -1.0 -1.0 -1.0 
359.35 62.1 20260420.0 -1.0 177.304965 36.42016460513776 0.07543758187143425 0.017971433343939622 1.340765121137418 2.0 -1.0 -1.0 -1.0 -1.0 
359.35 62.1 20260420.0 -1.0 2.688716547019 184.64458175088134 0.011730240887216133 0.031795612839277794 1.2745030239456216 1.0 -1.0 -1.0 -1.0 -1.0 
359.35 62.1 20260420.0 -1.0 1.795203 143.1368996953585 0.02169370016563095 0.022118687192541075 1.5918847520586117 8.0 -1.0 -1.0 -1.0 -1.0 
359.35 62.1 20260420.0 -1.0 54.20428417114805 50.75404313598466 0.015919161622271902 0.03041319488974398 1.0759010320091555 2.0 -1.0 -1.0 -1.0 -1.0 
359.35 62.1 20260420.0 -1.0 0.472774981134 109.62388791901222 0.6097875004346693 0.13962421290291552 1.4657458561120513 2.0 -1.0 -1.0 -1.0 -1.0 
359.35 62.1 20260420.0 -1.0 1.7107765053205546 40.9020252161913 0.056166187766076354 0.1354769590543141 1.2936946594840852 4.0 -1.0 -1.0 -1.0 -1.0 
359.35 62.1 20260420.0 -1.0 0.325733 115.35167117097639 0.014907929892623264 0.017971433343939622 0.9812097514302434 16.0 -1.0 -1.0 -1.0 -1.0 
359.35 62.1 20260420.0 -1.0 178.890877 173.0275067564646 0.10901939067768147 0.04700221028414979 2.198291317804916 1.0 -1.0 -1.0 -1.0 -1.0 
359.35 62.1 20260420.0 -1.0 1.0225012922492018 230.70334234195278 0.32790766992757375 0.026265941041142528 1.9705609952514167 32.0 -1.0 -1.0 -1.0 -1.0 
359.35 62.1 20260420.0 -1.0 0.1893240918829196 288.379177927441 0.19396741271167334 0.022118687192541075 0.3271333564096842 1.0 -1.0 -1.0 -1.0 -1.0 
359.35 62.1 20260420.0 -1.0 0.03425854448965959 346.0550135129292 0.2269005682628224 0.03732528463741307 1.400561215550882 8.0 -1.0 -1.0 -1.0 -1.0 
359.35 62.1 20260420.0 -1.0 285.989343507338 403.73084909841737 0.07373722146511155 0.06082638977948796 0.911575225313882 1.0 -1.0 -1.0 -1.0 -1.0 
359.35 62.1 20260420.0 -1.0 5.4199894818 71.50788416374608 4.932525134287107 0.019353851293473442 75.39653733859693 32.0 75.45723114435746 32.0 5.419982092765471 71.54693870674527 
359.35 62.1 20260420.0 -1.0 1.702875 15.222175228533187 7.5073653015647555 0.013824179495338172 140.57879681003132 32.0 140.57880559927926 32.0 1.7028772466195128 15.179689966070423 
359.35 62.1 20260420.0 -1.0 3.7043334323208 66.82413793958203 4.181789195669735 0.04700221028414978 20.700494831112326 16.0 20.813676922091318 16.0 3.7043112873410187 66.89183378381699 
359.35 62.1 20260420.0 -1.0 4.368538167500896 53.33817898379931 1.769394946143883 0.019353851293473442 23.270845193746524 32.0 23.3783398439018 32.0 4.368545584535847 53.331310747460755 
359.35 62.1 20260420.0 -1.0 19.364833 113.17707470975736 1.36651235103008 0.11612310776084063 2.693274267358541 4.0 -1.0 -1.0 -1.0 -1.0 
359.35 62.1 20260420.0 -1.0 216.15680256952174 0.0 1.5021651139281067 0.08156265902249521 1.7494063854364557 1.0 -1.0 -1.0 -1.0 -1.0 
359.35 62.1 20260420.0 -1.0 0.719311913668 57.675835585488194 2.0812863367917687 0.016589015394405805 23.809346605608862 32.0 23.928300680354305 32.0 0.7193193596322089 57.78401980417475 
61.45 55.09 20260420.0 -1.0 0.532833784794 41.21642668571669 3.8146802935686224 0.017971433343939622 61.07676283978333 32.0 61.34673560130278 32.0 0.5328426292786996 40.985162908390144 
61.45 55.09 20260420.0 -1.0 14.082524 46.134543069545614 2.8697613656589205 0.035942866687879244 13.515946584535145 16.0 13.848295584512663 16.0 14.082494696291786 46.14625749685408 
61.45 55.09 20260420.0 -1.0 0.852686908781 186.50914938775736 8.697490026177833 0.038707702586946884 67.92251627780414 16.0 62.050536692547915 32.0 0.2842474107940992 187.0137803819876 
61.45 55.09 20260420.0 -1.0 0.532833784794 41.21642668571669 3.8146802935686224 0.017971433343939622 61.07676283978333 32.0 61.34673560130278 32.0 0.5328426292786996 40.985162908390144 
61.45 55.09 20260420.0 -1.0 14.082524 46.134543069545614 2.8697613656589205 0.035942866687879244 13.515946584535145 16.0 13.848295584512663 16.0 14.082494696291786 46.14625749685408 
61.45 55.09 20260420.0 -1.0 0.852686908781 186.50914938775736 8.697490026177833 0.038707702586946884 67.92251627780414 16.0 62.050536692547915 32.0 0.2842474107940992 187.0137803819876 
61.45 55.09 20260420.0 -1.0 0.532833784794 41.21642668571669 3.8146802935686224 0.017971433343939622 61.07676283978333 32.0 61.34673560130278 32.0 0.5328426292786996 40.985162908390144 
61.45 55.09 20260420.0 -1.0 14.082524 46.134543069545614 2.8697613656589205 0.035942866687879244 13.515946584535145 16.0 13.848295584512663 16.0 14.082494696291786 46.14625749685408 
61.45 55.09 20260420.0 -1.0 0.852686908781 186.50914938775736 8.697490026177833 0.038707702586946884 67.92251627780414 16.0 62.050536692547915 32.0 0.2842474107940992 187.0137803819876 
62.01 55.09 20260420.0 -1.0 0.664187 201.76041790666528 0.35649644673769115 0.08985716671969811 0.9869250415923485 2.0 -1.0 -1.0 -1.0 -1.0 
62.01 55.09 20260420.0 -1.0 304.030841 39.842521019234795 0.030707801519487737 0.03456044873834543 1.1744986619059017 1.0 -1.0 -1.0 -1.0 -1.0 
62.01 55.09 20260420.0 -1.0 0.11902282447787144 29.563414163114683 0.15052816303829472 0.013824179495338172 1.866556738408581 1.0 -1.0 -1.0 -1.0 -1.0 
62.01 55.09 20260420.0 -1.0 373.423698381884 43.181034357119955 0.017223587367143956 0.026265941041142528 -0.8953115974894399 1.0 -1.0 -1.0 -1.0 -1.0 
62.01 55.09 20260420.0 -1.0 1.48250955451 57.80899411390627 0.8685481096141666 0.06912089747669085 1.805933323142393 4.0 -1.0 -1.0 -1.0 -1.0 
62.01 55.09 20260420.0 -1.0 3.266185930826 188.2745811338923 0.01002074683019826 0.026265941041142524 2.0819597652423196 2.0 -1.0 -1.0 -1.0 -1.0 
62.01 55.09 20260420.0 -1.0 2.7401 165.60783268193515 0.019025143132328174 0.019353851293473442 1.4506067479882065 1.0 -1.0 -1.0 -1.0 -1.0 
62.01 55.09 20260420.0 -1.0 0.0032428314011490864 212.87415309725668 0.011868817192515866 0.049767046183217416 2.1302843288367472 1.0 -1.0 -1.0 -1.0 -1.0 
62.01 55.09 20260420.0 -1.0 0.623447627134 152.47341836578167 0.02836255000138714 0.019353851293473442 0.16303247553236513 2.0 -1.0 -1.0 -1.0 -1.0 
62.01 55.09 20260420.0 -1.0 190.93359639710968 44.23530172697843 0.08673488747257094 0.03041319488974398 1.747003407181814 1.0 -1.0 -1.0 -1.0 -1.0 
62.01 55.09 20260420.0 -1.0 0.217373867646 62.74773470961234 0.07994481079808956 0.012441761545804354 1.7590481074028885 2.0 -1.0 -1.0 -1.0 -1.0 
62.01 55.09 20260420.0 -1.0 3.06858581302 125.49546941922468 0.08830689192089927 0.04976704618321742 2.5149062093666634 8.0 -1.0 -1.0 -1.0 -1.0 
62.01 55.09 20260420.0 -1.0 0.001885472350448696 188.24320412883702 0.5675124553382952 0.027648358990676344 1.3317062372787036 2.0 -1.0 -1.0 -1.0 -1.0 
62.01 55.09 20260420.0 -1.0 6.964967814769 250.99093883844935 0.032949724307776485 0.04147253848601452 2.0506044453569645 4.0 -1.0 -1.0 -1.0 -1.0 
62.01 55.09 20260420.0 -1.0 18.923253108251025 313.7386735480617 0.010181242461267446 0.038707702586946884 2.088560607452835 1.0 -1.0 -1.0 -1.0 -1.0 
62.01 55.09 20260420.0 -1.0 4.48486592863 376.48640825767404 0.16353900915571165 0.035942866687879244 2.2142751872829747 4.0 -1.0 -1.0 -1.0 -1.0 
62.01 55.09 20260420.0 -1.0 448.84959777324684 36.94328575212399 1.2345513278322087 0.030413194889743977 2.337451054052181 1.0 -1.0 -1.0 -1.0 -1.0 
62.01 55.09 20260420.0 -1.0 5.1298291239 60.532518152707325 3.637106982091575 0.024883523091608708 37.30412392734585 32.0 37.304124481685214 32.0 5.129822966409847 60.51636399806742 
62.01 55.09 20260420.0 -1.0 13.28856 0.0 4.416360393858106 0.06635606157762322 14.141045155387106 8.0 -1.0 -1.0 -1.0 -1.0 
62.01 55.09 20260420.0 -1.0 25.864857141861386 439.23414296728635 5.358866120566025 0.01520659744487199 38.49384462076334 16.0 38.49384303278936 16.0 25.864877291799836 439.1990296849709 
62.01 55.09 20260420.0 -1.0 0.664187 201.76041790666528 0.35649644673769115 0.08985716671969811 0.986963658979066 2.0 -1.0 -1.0 -1.0 -1.0 
62.01 55.09 20260420.0 -1.0 304.030841 39.842521019234795 0.030707801519487737 0.03456044873834543 1.173827337277137 1.0 -1.0 -1.0 -1.0 -1.0 
62.01 55.09 20260420.0 -1.0 0.11902282447787144 29.563414163114683 0.15052816303829472 0.013824179495338172 1.8665567349375343 1.0 -1.0 -1.0 -1.0 -1.0 
62.01 55.09 20260420.0 -1.0 373.423698381884 43.181034357119955 0.017223587367143956 0.026265941041142528 -0.8950948152262572 1.0 -1.0 -1.0 -1.0 -1.0 
62.01 55.09 20260420.0 -1.0 1.48250955451 57.80899411390627 0.8685481096141666 0.06912089747669085 1.8056766340053847 4.0 -1.0 -1.0 -1.0 -1.0 
62.01 55.09 20260420.0 -1.0 3.266185930826 188.2745811338923 0.01002074683019826 0.026265941041142524 2.081959763809194 2.0 -1.0 -1.0 -1.0 -1.0 
62.01 55.09 20260420.0 -1.0 2.7401 165.60783268193515 0.019025143132328174 0.019353851293473442 1.450606679160439 1.0 -1.0 -1.0 -1.0 -1.0 
62.01 55.09 20260420.0 -1.0 0.0032428314011490864 212.87415309725668 0.011868817192515866 0.049767046183217416 2.1302843287829782 1.0 -1.0 -1.0 -1.0 -1.0 
62.01 55.09 20260420.0 -1.0 0.623447627134 152.47341836578167 0.02836255000138714 0.019353851293473442 0.16303250306094863 2.0 -1.0 -1.0 -1.0 -1.0 
62.01 55.09 20260420.0 -1.0 190.93359639710968 44.23530172697843 0.08673488747257094 0.03041319488974398 1.746795614254918 1.0 -1.0 -1.0 -1.0 -1.0 
62.01 55.09 20260420.0 -1.0 0.217373867646 62.74773470961234 0.07994481079808956 0.012441761545804354 1.7590481138076022 2.0 -1.0 -1.0 -1.0 -1.0 
62.01 55.09 20260420.0 -1.0 3.06858581302 125.49546941922468 0.08830689192089927 0.04976704618321742 2.5091139863602185 8.0 -1.0 -1.0 -1.0 -1.0 
62.01 55.09 20260420.0 -1.0 0.001885472350448696 188.24320412883702 0.5675124553382952 0.027648358990676344 1.3317061646966835 2.0 -1.0 -1.0 -1.0 -1.0 
62.01 55.09 20260420.0 -1.0 6.964967814769 250.99093883844935 0.032949724307776485 0.04147253848601452 2.0519833735336603 4.0 -1.0 -1.0 -1.0 -1.0 
62.01 55.09 20260420.0 -1.0 18.923253108251025 313.7386735480617 0.010181242461267446 0.038707702586946884 2.0888222644291123 1.0 -1.0 -1.0 -1.0 -1.0 
62.01 55.09 20260420.0 -1.0 4.48486592863 376.48640825767404 0.16353900915571165 0.035942866687879244 2.213973327119708 4.0 -1.0 -1.0 -1.0 -1.0 
62.01 55.09 20260420.0 -1.0 448.84959777324684 36.94328575212399 1.2345513278322087 0.030413194889743977 2.3366693494050184 1.0 -1.0 -1.0 -1.0 -1.0 
62.01 55.09 20260420.0 -1.0 5.1298291239 60.532518152707325 3.637106982091575 0.024883523091608708 37.31313265018921 32.0 37.313134775470914 32.0 5.129822966409847 60.51636399806742 
62.01 55.09 20260420.0 -1.0 13.28856 0.0 4.416360393858106 0.06635606157762322 14.125781019963496 8.0 -1.0 -1.0 -1.0 -1.0 
62.01 55.09 20260420.0 -1.0 25.864857141861386 439.23414296728635 5.358866120566025 0.01520659744487199 38.50241077669896 16.0 38.50241144144271 16.0 25.864877291799836 439.1990296849709 
62.01 55.09 20260420.0 -1.0 0.664187 201.76041790666528 0.35649644673769115 0.08985716671969811 0.986963658979066 2.0 -1.0 -1.0 -1.0 -1.0 
62.01 55.09 20260420.0 -1.0 304.030841 39.842521019234795 0.030707801519487737 0.03456044873834543 1.173827337277137 1.0 -1.0 -1.0 -1.0 -1.0 
62.01 55.09 20260420.0 -1.0 0.11902282447787144 29.563414163114683 0.15052816303829472 0.013824179495338172 1.8665567349375343 1.0 -1.0 -1.0 -1.0 -1.0 
62.01 55.09 20260420.0 -1.0 373.423698381884 43.181034357119955 0.017223587367143956 0.026265941041142528 -0.8950948152262572 1.0 -1.0 -1.0 -1.0 -1.0 
62.01 55.09 20260420.0 -1.0 1.48250955451 57.80899411390627 0.8685481096141666 0.06912089747669085 1.8056766340053847 4.0 -1.0 -1.0 -1.0 -1.0 
62.01 55.09 20260420.0 -1.0 3.266185930826 188.2745811338923 0.01002074683019826 0.026265941041142524 2.081959763809194 2.0 -1.0 -1.0 -1.0 -1.0 
62.01 55.09 20260420.0 -1.0 2.7401 165.60783268193515 0.019025143132328174 0.019353851293473442 1.450606679160439 1.0 -1.0 -1.0 -1.0 -1.0 
62.01 55.09 20260420.0 -1.0 0.0032428314011490864 212.87415309725668 0.011868817192515866 0.049767046183217416 2.1302843287829782 1.0 -1.0 -1.0 -1.0 -1.0 
62.01 55.09 20260420.0 -1.0 0.623447627134 152.47341836578167 0.02836255000138714 0.019353851293473442 0.16303250306094863 2.0 -1.0 -1.0 -1.0 -1.0 
62.01 55.09 20260420.0 -1.0 190.93359639710968 44.23530172697843 0.08673488747257094 0.03041319488974398 1.746795614254918 1.0 -1.0 -1.0 -1.0 -1.0 
62.01 55.09 20260420.0 -1.0 0.217373867646 62.74773470961234 0.07994481079808956 0.012441761545804354 1.7590481138076022 2.0 -1.0 -1.0 -1.0 -1.0 
62.01 55.09 20260420.0 -1.0 3.06858581302 125.49546941922468 0.08830689192089927 0.04976704618321742 2.5091139863602185 8.0 -1.0 -1.0 -1.0 -1.0 
62.01 55.09 20260420.0 -1.0 0.001885472350448696 188.24320412883702 0.5675124553382952 0.027648358990676344 1.3317061646966835 2.0 -1.0 -1.0 -1.0 -1.0 
62.01 55.09 20260420.0 -1.0 6.964967814769 250.99093883844935 0.032949724307776485 0.04147253848601452 2.0519833735336603 4.0 -1.0 -1.0 -1.0 -1.0 
62.01 55.09 20260420.0 -1.0 18.923253108251025 313.7386735480617 0.010181242461267446 0.038707702586946884 2.0888222644291123 1.0 -1.0 -1.0 -1.0 -1.0 
62.01 55.09 20260420.0 -1.0 4.48486592863 376.48640825767404 0.16353900915571165 0.035942866687879244 2.213973327119708 4.0 -1.0 -1.0 -1.0 -1.0 
62.01 55.09 20260420.0 -1.0 448.84959777324684 36.94328575212399 1.2345513278322087 0.030413194889743977 2.3366693494050184 1.0 -1.0 -1.0 -1.0 -1.0 
62.01 55.09 20260420.0 -1.0 5.1298291239 60.532518152707325 3.637106982091575 0.024883523091608708 37.31313265018921 32.0 37.313134775470914 32.0 5.129822966409847 60.51636399806742 
62.01 55.09 20260420.0 -1.0 13.28856 0.0 4.416360393858106 0.06635606157762322 14.125781019963496 8.0 -1.0 -1.0 -1.0 -1.0 
62.01 55.09 20260420.0 -1.0 25.864857141861386 439.23414296728635 5.358866120566025 0.01520659744487199 38.50241077669896 16.0 38.50241144144271 16.0 25.864877291799836 439.1990296849709 
62.57 55.09 20260420.0 -1.0 12.745507793210034 50.54584366945745 0.3366299210800546 0.01520659744487199 3.0342270367134363 1.0 -1.0 -1.0 -1.0 -1.0 
62.57 55.09 20260420.0 -1.0 0.52545515433 78.9224576593283 0.03929700353651379 0.016589015394405805 1.5169535538533698 16.0 -1.0 -1.0 -1.0 -1.0 
62.57 55.09 20260420.0 -1.0 3.89341696386 32.14538303540057 0.013192042178755196 0.049767046183217416 2.876895919403986 1.0 -1.0 -1.0 -1.0 -1.0 
62.57 55.09 20260420.0 -1.0 3.266185930826 126.27593225492528 0.5422173590099174 0.019353851293473442 5.975122341878157 16.0 6.187865436077321 16.0 3.2661773730069403 126.19382258459878 
62.57 55.09 20260420.0 -1.0 106.97507197376 51.1222436411267 0.029953504740184676 0.022118687192541075 2.0553704394450856 1.0 -1.0 -1.0 -1.0 -1.0 
62.57 55.09 20260420.0 -1.0 2.43214991446 59.14750478513705 0.04651218659150892 0.03317803078881161 1.9044919357777943 2.0 -1.0 -1.0 -1.0 -1.0 
62.57 55.09 20260420.0 -1.0 0.1955133740591237 89.38633406809318 0.20726771192977 0.03456044873834543 0.9789764853042026 1.0 -1.0 -1.0 -1.0 -1.0 
62.57 55.09 20260420.0 -1.0 3.1378967940100027 155.7166692694163 0.04337742088609802 0.008294507697202903 -0.885201988109243 32.0 -1.0 -1.0 -1.0 -1.0 
62.57 55.09 20260420.0 -1.0 0.971157 47.39781305495615 0.054259207637194926 0.004147253848601451 1.283447479036457 16.0 -1.0 -1.0 -1.0 -1.0 
62.57 55.09 20260420.0 -1.0 337.837838 118.20633265155575 0.05797974856117098 0.01520659744487199 0.8596821934041665 1.0 -1.0 -1.0 -1.0 -1.0 
62.57 55.09 20260420.0 -1.0 1.95270271662 0.0 0.3783186800653004 0.017971433343939622 1.6745581402280327 2.0 -1.0 -1.0 -1.0 -1.0 
62.57 55.09 20260420.0 -1.0 2.42139427868 63.334322161767545 0.09053065854667372 0.015206597444871992 2.802721534923553 16.0 -1.0 -1.0 -1.0 -1.0 
62.57 55.09 20260420.0 -1.0 0.0013296566066922449 190.00296648530264 0.1776744429467855 0.012441761545804356 2.826815574636943 1.0 -1.0 -1.0 -1.0 -1.0 
62.57 55.09 20260420.0 -1.0 0.42270536055 253.33728864707018 0.3234081611808159 0.08432749492156286 1.3635516139995123 8.0 -1.0 -1.0 -1.0 -1.0 
62.57 55.09 20260420.0 -1.0 3.57477758544 380.0059329706053 0.4891802863108921 0.016589015394405805 3.676263023876231 8.0 -1.0 -1.0 -1.0 -1.0 
62.57 55.09 20260420.0 -1.0 270.7466085353006 71.51793494634637 5.898982091432938 0.022118687192541075 16.937544367016898 1.0 -1.0 -1.0 -1.0 -1.0 
62.57 55.09 20260420.0 -1.0 0.67719 23.36636808228428 3.6623207333636896 0.04423737438508215 16.324444578433656 32.0 -1.0 -1.0 -1.0 -1.0 
62.57 55.09 20260420.0 -1.0 0.13351350897202321 316.6716108088377 8.425439399560153 0.022118687192541075 82.03253211923003 32.0 39.80454371160677 32.0 0.17801842962702116 316.1423430266933 
62.57 55.09 20260420.0 -1.0 186.219739 443.3402551323728 2.3585075113822365 0.11750552571037445 4.555787059271379 1.0 -1.0 -1.0 -1.0 -1.0 
62.57 55.09 20260420.0 -1.0 12.745507793210034 50.54584366945745 0.3366299210800546 0.01520659744487199 3.0342270367134363 1.0 -1.0 -1.0 -1.0 -1.0 
62.57 55.09 20260420.0 -1.0 0.52545515433 78.9224576593283 0.03929700353651379 0.016589015394405805 1.5169535538533698 16.0 -1.0 -1.0 -1.0 -1.0 
62.57 55.09 20260420.0 -1.0 3.89341696386 32.14538303540057 0.013192042178755196 0.049767046183217416 2.876895919403986 1.0 -1.0 -1.0 -1.0 -1.0 
62.57 55.09 20260420.0 -1.0 3.266185930826 126.27593225492528 0.5422173590099174 0.019353851293473442 5.975122341878157 16.0 6.187865436077321 16.0 3.2661773730069403 126.19382258459878 
62.57 55.09 20260420.0 -1.0 106.97507197376 51.1222436411267 0.029953504740184676 0.022118687192541075 2.0553704394450856 1.0 -1.0 -1.0 -1.0 -1.0 
62.57 55.09 20260420.0 -1.0 2.43214991446 59.14750478513705 0.04651218659150892 0.03317803078881161 1.9044919357777943 2.0 -1.0 -1.0 -1.0 -1.0 
62.57 55.09 20260420.0 -1.0 0.1955133740591237 89.38633406809318 0.20726771192977 0.03456044873834543 0.9789764853042026 1.0 -1.0 -1.0 -1.0 -1.0 
62.57 55.09 20260420.0 -1.0 3.1378967940100027 155.7166692694163 0.04337742088609802 0.008294507697202903 -0.885201988109243 32.0 -1.0 -1.0 -1.0 -1.0 
62.57 55.09 20260420.0 -1.0 0.971157 47.39781305495615 0.054259207637194926 0.004147253848601451 1.283447479036457 16.0 -1.0 -1.0 -1.0 -1.0 
62.57 55.09 20260420.0 -1.0 337.837838 118.20633265155575 0.05797974856117098 0.01520659744487199 0.8596821934041665 1.0 -1.0 -1.0 -1.0 -1.0 
62.57 55.09 20260420.0 -1.0 1.95270271662 0.0 0.3783186800653004 0.017971433343939622 1.6745581402280327 2.0 -1.0 -1.0 -1.0 -1.0 
62.57 55.09 20260420.0 -1.0 2.42139427868 63.334322161767545 0.09053065854667372 0.015206597444871992 2.802721534923553 16.0 -1.0 -1.0 -1.0 -1.0 
62.57 55.09 20260420.0 -1.0 0.0013296566066922449 190.00296648530264 0.1776744429467855 0.012441761545804356 2.826815574636943 1.0 -1.0 -1.0 -1.0 -1.0 
62.57 55.09 20260420.0 -1.0 0.42270536055 253.33728864707018 0.3234081611808159 0.08432749492156286 1.3635516139995123 8.0 -1.0 -1.0 -1.0 -1.0 
62.57 55.09 20260420.0 -1.0 3.57477758544 380.0059329706053 0.4891802863108921 0.016589015394405805 3.676263023876231 8.0 -1.0 -1.0 -1.0 -1.0 
62.57 55.09 20260420.0 -1.0 270.7466085353006 71.51793494634637 5.898982091432938 0.022118687192541075 16.937544367016898 1.0 -1.0 -1.0 -1.0 -1.0 
62.57 55.09 20260420.0 -1.0 0.67719 23.36636808228428 3.6623207333636896 0.04423737438508215 16.324444578433656 32.0 -1.0 -1.0 -1.0 -1.0 
62.57 55.09 20260420.0 -1.0 4.61936868862 126.66864432353509 1.8946445842009891 0.16589015394405807 2.271844338599256 2.0 -1.0 -1.0 -1.0 -1.0 
62.57 55.09 20260420.0 -1.0 0.13351350897202321 316.6716108088377 8.425439399560153 0.022118687192541075 82.03253211923003 32.0 39.80454371160677 32.0 0.17801842962702116 316.1423430266933 
62.57 55.09 20260420.0 -1.0 186.219739 443.3402551323728 2.3585075113822365 0.11750552571037445 4.555787059271379 1.0 -1.0 -1.0 -1.0 -1.0 
62.57 55.09 20260420.0 -1.0 12.745507793210034 50.54584366945745 0.3366299210800546 0.01520659744487199 3.0342270367134363 1.0 -1.0 -1.0 -1.0 -1.0 
62.57 55.09 20260420.0 -1.0 0.52545515433 78.9224576593283 0.03929700353651379 0.016589015394405805 1.5169535538533698 16.0 -1.0 -1.0 -1.0 -1.0 
62.57 55.09 20260420.0 -1.0 3.89341696386 32.14538303540057 0.013192042178755196 0.049767046183217416 2.876895919403986 1.0 -1.0 -1.0 -1.0 -1.0 
62.57 55.09 20260420.0 -1.0 3.266185930826 126.27593225492528 0.5422173590099174 0.019353851293473442 5.975122341878157 16.0 6.187865436077321 16.0 3.2661773730069403 126.19382258459878 
62.57 55.09 20260420.0 -1.0 106.97507197376 51.1222436411267 0.029953504740184676 0.022118687192541075 2.0553704394450856 1.0 -1.0 -1.0 -1.0 -1.0 
62.57 55.09 20260420.0 -1.0 2.43214991446 59.14750478513705 0.04651218659150892 0.03317803078881161 1.9044919357777943 2.0 -1.0 -1.0 -1.0 -1.0 
62.57 55.09 20260420.0 -1.0 0.1955133740591237 89.38633406809318 0.20726771192977 0.03456044873834543 0.9789764853042026 1.0 -1.0 -1.0 -1.0 -1.0 
62.57 55.09 20260420.0 -1.0 3.1378967940100027 155.7166692694163 0.04337742088609802 0.008294507697202903 -0.885201988109243 32.0 -1.0 -1.0 -1.0 -1.0 
62.57 55.09 20260420.0 -1.0 0.971157 47.39781305495615 0.054259207637194926 0.004147253848601451 1.283447479036457 16.0 -1.0 -1.0 -1.0 -1.0 
62.57 55.09 20260420.0 -1.0 337.837838 118.20633265155575 0.05797974856117098 0.01520659744487199 0.8596821934041665 1.0 -1.0 -1.0 -1.0 -1.0 
62.57 55.09 20260420.0 -1.0 1.95270271662 0.0 0.3783186800653004 0.017971433343939622 1.6745581402280327 2.0 -1.0 -1.0 -1.0 -1.0 
62.57 55.09 20260420.0 -1.0 2.42139427868 63.334322161767545 0.09053065854667372 0.015206597444871992 2.802721534923553 16.0 -1.0 -1.0 -1.0 -1.0 
62.57 55.09 20260420.0 -1.0 0.0013296566066922449 190.00296648530264 0.1776744429467855 0.012441761545804356 2.826815574636943 1.0 -1.0 -1.0 -1.0 -1.0 
62.57 55.09 20260420.0 -1.0 0.42270536055 253.33728864707018 0.3234081611808159 0.08432749492156286 1.3635516139995123 8.0 -1.0 -1.0 -1.0 -1.0 
62.57 55.09 20260420.0 -1.0 3.57477758544 380.0059329706053 0.4891802863108921 0.016589015394405805 3.676263023876231 8.0 -1.0 -1.0 -1.0 -1.0 
62.57 55.09 20260420.0 -1.0 270.7466085353006 71.51793494634637 5.898982091432938 0.022118687192541075 16.937544367016898 1.0 -1.0 -1.0 -1.0 -1.0 
62.57 55.09 20260420.0 -1.0 0.67719 23.36636808228428 3.6623207333636896 0.04423737438508215 16.324444578433656 32.0 -1.0 -1.0 -1.0 -1.0 
62.57 55.09 20260420.0 -1.0 4.61936868862 126.66864432353509 1.8946445842009891 0.16589015394405807 2.271844338599256 2.0 -1.0 -1.0 -1.0 -1.0 
62.57 55.09 20260420.0 -1.0 0.13351350897202321 316.6716108088377 8.425439399560153 0.022118687192541075 82.03253211923003 32.0 39.80454371160677 32.0 0.17801842962702116 316.1423430266933 
62.57 55.09 20260420.0 -1.0 186.219739 443.3402551323728 2.3585075113822365 0.11750552571037445 4.555787059271379 1.0 -1.0 -1.0 -1.0 -1.0 
92.94 22.37 20260420.0 -1.0 0.02449489771323954 84.38754128958261 0.34606200160628076 0.013824179495338172 1.4771094458434557 1.0 -1.0 -1.0 -1.0 -1.0 
92.94 22.37 20260420.0 -1.0 0.001635122972536765 189.0772585097077 0.481136413810628 0.011059343596270537 0.5237925320418158 2.0 -1.0 -1.0 -1.0 -1.0 
92.94 22.37 20260420.0 -1.0 1.24331061993 86.2524593291314 0.2605203087268267 0.03041319488974398 0.20532531473179577 16.0 -1.0 -1.0 -1.0 -1.0 
92.94 22.37 20260420.0 -1.0 10.339123 50.013711060626555 0.6693951605393668 0.017971433343939622 7.775856156894783 16.0 7.7758557316750485 16.0 10.339135769754648 49.99177895492526 
92.94 22.37 20260420.0 -1.0 8.5060296211735 51.539553092984654 0.04970151613045875 0.026265941041142528 2.4421265927970657 1.0 -1.0 -1.0 -1.0 -1.0 
92.94 22.37 20260420.0 -1.0 6.194650472344996 63.02575283656923 0.4199158969458747 0.02073626924300726 3.7892317268707134 32.0 -1.0 -1.0 -1.0 -1.0 
92.94 22.37 20260420.0 -1.0 2.808594 112.19177387921907 0.017105009208783183 0.02350110514207489 1.5725310206665908 2.0 -1.0 -1.0 -1.0 -1.0 
92.94 22.37 20260420.0 -1.0 7.242257289749948 38.866587324232675 0.014969852518987477 0.03732528463741307 1.2717458317148698 2.0 -1.0 -1.0 -1.0 -1.0 
92.94 22.37 20260420.0 -1.0 2.683706020472 102.18903166709376 0.04434704499077832 0.06359122567855559 1.2696240754133354 1.0 -1.0 -1.0 -1.0 -1.0 
92.94 22.37 20260420.0 -1.0 31.162356 0.0 0.5766019245368041 0.03732528463741307 3.1039401598546053 8.0 -1.0 -1.0 -1.0 -1.0 
92.94 22.37 20260420.0 -1.0 178.890877 60.5432320696374 0.15146700281357306 0.11474068981130682 1.1140067645291911 2.0 -1.0 -1.0 -1.0 -1.0 
92.94 22.37 20260420.0 -1.0 272.526261123703 121.0864641392748 0.0756463327554629 0.012441761545804354 0.3109024602745635 1.0 -1.0 -1.0 -1.0 -1.0 
92.94 22.37 20260420.0 -1.0 0.011528285037182139 242.1729282785496 0.03943297886174036 0.009676925646736721 1.1829186414878654 8.0 -1.0 -1.0 -1.0 -1.0 
92.94 22.37 20260420.0 -1.0 0.004473322940284231 302.716160348187 0.7404350157554982 0.09538683851783337 1.4579046589445837 1.0 -1.0 -1.0 -1.0 -1.0 
92.94 22.37 20260420.0 -1.0 2.57955285121 423.8026244874618 0.011754577418803308 0.012441761545804354 1.0483290041439177 32.0 -1.0 -1.0 -1.0 -1.0 
92.94 22.37 20260420.0 -1.0 1.72586751278 45.26664695995692 4.234115261660174 0.04009012053648069 37.101795240196296 16.0 37.42071700365408 32.0 1.7258571460843088 45.23547609888986 
92.94 22.37 20260420.0 -1.0 2.359930209210988 96.80620005294158 4.878303620845995 0.006912089747669086 150.14861749029575 32.0 150.65488053858445 32.0 2.3599265356703354 96.74522405042215 
92.94 22.37 20260420.0 -1.0 6.01293899255 104.13871870844022 4.9667191963512005 0.06497364362808941 23.37642736390476 8.0 23.3764272084452 8.0 6.01297263832142 104.1326731672431 
92.94 22.37 20260420.0 -1.0 0.0076584107490086225 181.6296962089122 8.150628882197571 0.049767046183217416 2.6718570292346735 2.0 -1.0 -1.0 -1.0 -1.0 
92.94 22.37 20260420.0 -1.0 389.2522148936672 363.2593924178244 9.560884017047867 0.019353851293473442 34.66647581422975 1.0 34.48370440469496 2.0 194.62604541331532 363.30057985461883 
92.94 22.37 20260420.0 -1.0 0.02449489771323954 84.38754128958261 0.34606200160628076 0.013824179495338172 1.4771094458434557 1.0 -1.0 -1.0 -1.0 -1.0 
92.94 22.37 20260420.0 -1.0 0.001635122972536765 189.0772585097077 0.481136413810628 0.011059343596270537 0.5237925320418158 2.0 -1.0 -1.0 -1.0 -1.0 
92.94 22.37 20260420.0 -1.0 1.24331061993 86.2524593291314 0.2605203087268267 0.03041319488974398 0.20532531473179577 16.0 -1.0 -1.0 -1.0 -1.0 
92.94 22.37 20260420.0 -1.0 10.339123 50.013711060626555 0.6693951605393668 0.017971433343939622 7.775856156894783 16.0 7.7758557316750485 16.0 10.339135769754648 49.99177895492526 
92.94 22.37 20260420.0 -1.0 8.5060296211735 51.539553092984654 0.04970151613045875 0.026265941041142528 2.4421265927970657 1.0 -1.0 -1.0 -1.0 -1.0 
92.94 22.37 20260420.0 -1.0 6.194650472344996 63.02575283656923 0.4199158969458747 0.02073626924300726 3.7892317268707134 32.0 -1.0 -1.0 -1.0 -1.0 
92.94 22.37 20260420.0 -1.0 2.808594 112.19177387921907 0.017105009208783183 0.02350110514207489 1.5725310206665908 2.0 -1.0 -1.0 -1.0 -1.0 
92.94 22.37 20260420.0 -1.0 7.242257289749948 38.866587324232675 0.014969852518987477 0.03732528463741307 1.2717458317148698 2.0 -1.0 -1.0 -1.0 -1.0 
92.94 22.37 20260420.0 -1.0 2.683706020472 102.18903166709376 0.04434704499077832 0.06359122567855559 1.2696240754133354 1.0 -1.0 -1.0 -1.0 -1.0 
92.94 22.37 20260420.0 -1.0 31.162356 0.0 0.5766019245368041 0.03732528463741307 3.1039401598546053 8.0 -1.0 -1.0 -1.0 -1.0 
92.94 22.37 20260420.0 -1.0 178.890877 60.5432320696374 0.15146700281357306 0.11474068981130682 1.1140067645291911 2.0 -1.0 -1.0 -1.0 -1.0 
92.94 22.37 20260420.0 -1.0 272.526261123703 121.0864641392748 0.0756463327554629 0.012441761545804354 0.3109024602745635 1.0 -1.0 -1.0 -1.0 -1.0 
92.94 22.37 20260420.0 -1.0 0.011528285037182139 242.1729282785496 0.03943297886174036 0.009676925646736721 1.1829186414878654 8.0 -1.0 -1.0 -1.0 -1.0 
92.94 22.37 20260420.0 -1.0 0.004473322940284231 302.716160348187 0.7404350157554982 0.09538683851783337 1.4579046589445837 1.0 -1.0 -1.0 -1.0 -1.0 
92.94 22.37 20260420.0 -1.0 2.57955285121 423.8026244874618 0.011754577418803308 0.012441761545804354 1.0483290041439177 32.0 -1.0 -1.0 -1.0 -1.0 
92.94 22.37 20260420.0 -1.0 1.72586751278 45.26664695995692 4.234115261660174 0.04009012053648069 37.101795240196296 16.0 37.42071700365408 32.0 1.7258571460843088 45.23547609888986 
92.94 22.37 20260420.0 -1.0 2.359930209210988 96.80620005294158 4.878303620845995 0.006912089747669086 150.14861749029575 32.0 150.65488053858445 32.0 2.3599265356703354 96.74522405042215 
92.94 22.37 20260420.0 -1.0 6.01293899255 104.13871870844022 4.9667191963512005 0.06497364362808941 23.37642736390476 8.0 23.3764272084452 8.0 6.01297263832142 104.1326731672431 
92.94 22.37 20260420.0 -1.0 0.0076584107490086225 181.6296962089122 8.150628882197571 0.049767046183217416 2.6718570292346735 2.0 -1.0 -1.0 -1.0 -1.0 
92.94 22.37 20260420.0 -1.0 389.2522148936672 363.2593924178244 9.560884017047867 0.019353851293473442 34.66647581422975 1.0 34.48370440469496 2.0 194.62604541331532 363.30057985461883 
92.94 22.37 20260420.0 -1.0 0.02449489771323954 84.38754128958261 0.34606200160628076 0.013824179495338172 1.4771094458434557 1.0 -1.0 -1.0 -1.0 -1.0 
92.94 22.37 20260420.0 -1.0 0.001635122972536765 189.0772585097077 0.481136413810628 0.011059343596270537 0.5237925320418158 2.0 -1.0 -1.0 -1.0 -1.0 
92.94 22.37 20260420.0 -1.0 1.24331061993 86.2524593291314 0.2605203087268267 0.03041319488974398 0.20532531473179577 16.0 -1.0 -1.0 -1.0 -1.0 
92.94 22.37 20260420.0 -1.0 10.339123 50.013711060626555 0.6693951605393668 0.017971433343939622 7.775856156894783 16.0 7.7758557316750485 16.0 10.339135769754648 49.99177895492526 
92.94 22.37 20260420.0 -1.0 8.5060296211735 51.539553092984654 0.04970151613045875 0.026265941041142528 2.4421265927970657 1.0 -1.0 -1.0 -1.0 -1.0 
92.94 22.37 20260420.0 -1.0 6.194650472344996 63.02575283656923 0.4199158969458747 0.02073626924300726 3.7892317268707134 32.0 -1.0 -1.0 -1.0 -1.0 
92.94 22.37 20260420.0 -1.0 2.808594 112.19177387921907 0.017105009208783183 0.02350110514207489 1.5725310206665908 2.0 -1.0 -1.0 -1.0 -1.0 
92.94 22.37 20260420.0 -1.0 7.242257289749948 38.866587324232675 0.014969852518987477 0.03732528463741307 1.2717458317148698 2.0 -1.0 -1.0 -1.0 -1.0 
92.94 22.37 20260420.0 -1.0 2.683706020472 102.18903166709376 0.04434704499077832 0.06359122567855559 1.2696240754133354 1.0 -1.0 -1.0 -1.0 -1.0 
92.94 22.37 20260420.0 -1.0 31.162356 0.0 0.5766019245368041 0.03732528463741307 3.1039401598546053 8.0 -1.0 -1.0 -1.0 -1.0 
92.94 22.37 20260420.0 -1.0 178.890877 60.5432320696374 0.15146700281357306 0.11474068981130682 1.1140067645291911 2.0 -1.0 -1.0 -1.0 -1.0 
92.94 22.37 20260420.0 -1.0 272.526261123703 121.0864641392748 0.0756463327554629 0.012441761545804354 0.3109024602745635 1.0 -1.0 -1.0 -1.0 -1.0 
92.94 22.37 20260420.0 -1.0 0.011528285037182139 242.1729282785496 0.03943297886174036 0.009676925646736721 1.1829186414878654 8.0 -1.0 -1.0 -1.0 -1.0 
92.94 22.37 20260420.0 -1.0 0.004473322940284231 302.716160348187 0.7404350157554982 0.09538683851783337 1.4579046589445837 1.0 -1.0 -1.0 -1.0 -1.0 
92.94 22.37 20260420.0 -1.0 2.57955285121 423.8026244874618 0.011754577418803308 0.012441761545804354 1.0483290041439177 32.0 -1.0 -1.0 -1.0 -1.0 
92.94 22.37 20260420.0 -1.0 1.72586751278 45.26664695995692 4.234115261660174 0.04009012053648069 37.101795240196296 16.0 37.42071700365408 32.0 1.7258571460843088 45.23547609888986 
92.94 22.37 20260420.0 -1.0 2.359930209210988 96.80620005294158 4.878303620845995 0.006912089747669086 150.14861749029575 32.0 150.65488053858445 32.0 2.3599265356703354 96.74522405042215 
92.94 22.37 20260420.0 -1.0 6.01293899255 104.13871870844022 4.9667191963512005 0.06497364362808941 23.37642736390476 8.0 23.3764272084452 8.0 6.01297263832142 104.1326731672431 
92.94 22.37 20260420.0 -1.0 0.0076584107490086225 181.6296962089122 8.150628882197571 0.049767046183217416 2.6718570292346735 2.0 -1.0 -1.0 -1.0 -1.0 
92.94 22.37 20260420.0 -1.0 389.2522148936672 363.2593924178244 9.560884017047867 0.019353851293473442 34.66647581422975 1.0 34.48370440469496 2.0 194.62604541331532 363.30057985461883 
93.29 22.37 20260420.0 -1.0 0.00341097197546927 34.12317518271407 1.1762700810961417 0.02350110514207489 1.8968260103680872 1.0 -1.0 -1.0 -1.0 -1.0 
93.29 22.37 20260420.0 -1.0 8.42387236305 84.79863683465511 5.964548272142296 0.04423737438508215 36.93102360893483 16.0 36.931025289419615 16.0 8.423861193781098 84.80386794378009 
93.29 22.37 20260420.0 -1.0 0.9217 19.480767921474822 2.8342962653211936 0.011059343596270537 72.42104851951488 32.0 72.545700616796 32.0 0.9217122472667446 19.531201089677275 
93.29 22.37 20260420.0 -1.0 0.32412631050293017 181.87506857780275 5.259834716302625 0.13962421290291552 3.1465195076918233 4.0 -1.0 -1.0 -1.0 -1.0 
93.29 22.37 20260420.0 -1.0 1.60840489547 303.1251142963379 1.436202642872211 0.019353851293473442 19.084849418207266 32.0 19.239018046036588 32.0 1.6084110635953646 302.98661172276564 
93.29 22.37 20260420.0 -1.0 0.00341097197546927 34.12317518271407 1.1762700810961417 0.02350110514207489 1.8968259944584722 1.0 -1.0 -1.0 -1.0 -1.0 
93.29 22.37 20260420.0 -1.0 8.42387236305 84.79863683465511 5.964548272142296 0.04423737438508215 36.93991753761418 16.0 36.93991809809836 16.0 8.423861193781098 84.80386794378009 
93.29 22.37 20260420.0 -1.0 0.9217 19.480767921474822 2.8342962653211936 0.011059343596270537 72.84103482320924 32.0 72.90295381266623 32.0 0.9217122472667446 19.531201089677275 
93.29 22.37 20260420.0 -1.0 0.32412631050293017 181.87506857780275 5.259834716302625 0.13962421290291552 3.150849252417204 4.0 -1.0 -1.0 -1.0 -1.0 
93.29 22.37 20260420.0 -1.0 1.60840489547 303.1251142963379 1.436202642872211 0.019353851293473442 19.131081972837073 32.0 19.26754587837139 32.0 1.6084110635953646 302.98661172276564 
93.29 22.37 20260420.0 -1.0 0.00341097197546927 34.12317518271407 1.1762700810961417 0.02350110514207489 1.8968259944584722 1.0 -1.0 -1.0 -1.0 -1.0 
93.29 22.37 20260420.0 -1.0 8.42387236305 84.79863683465511 5.964548272142296 0.04423737438508215 36.93991753761418 16.0 36.93991809809836 16.0 8.423861193781098 84.80386794378009 
93.29 22.37 20260420.0 -1.0 0.9217 19.480767921474822 2.8342962653211936 0.011059343596270537 72.84103482320924 32.0 72.90295381266623 32.0 0.9217122472667446 19.531201089677275 
93.29 22.37 20260420.0 -1.0 0.32412631050293017 181.87506857780275 5.259834716302625 0.13962421290291552 3.150849252417204 4.0 -1.0 -1.0 -1.0 -1.0 
93.29 22.37 20260420.0 -1.0 1.60840489547 303.1251142963379 1.436202642872211 0.019353851293473442 19.131081972837073 32.0 19.26754587837139 32.0 1.6084110635953646 302.98661172276564 
93.63 22.37 20260420.0 -1.0 0.8829 127.63300224844377 0.03174316050154982 0.0027648358990676344 1.6161310202822217 1.0 -1.0 -1.0 -1.0 -1.0 
93.63 22.37 20260420.0 -1.0 108.99208433293131 29.826354054063756 0.18189718689592427 0.04700221028414978 0.9711939588273766 1.0 -1.0 -1.0 -1.0 -1.0 
93.63 22.37 20260420.0 -1.0 0.1910721889582764 104.56218992457394 0.01714049668094262 0.06082638977948796 1.577947101385026 1.0 -1.0 -1.0 -1.0 -1.0 
93.63 22.37 20260420.0 -1.0 3.2782587687 83.65824947642669 0.0402587685177346 0.029030776940210157 1.5053271718495729 2.0 -1.0 -1.0 -1.0 -1.0 
93.63 22.37 20260420.0 -1.0 2.3847 124.53140132829184 0.29809001901725773 0.013824179495338174 3.5490518125087465 16.0 -1.0 -1.0 -1.0 -1.0 
93.63 22.37 20260420.0 -1.0 107.00689556931745 59.69519579196521 0.04073436927058741 0.022118687192541075 1.308918373160785 1.0 -1.0 -1.0 -1.0 -1.0 
93.63 22.37 20260420.0 -1.0 0.023287445350969216 49.71059009010626 0.17187927865056338 0.05391430003181887 1.4184678876931598 4.0 -1.0 -1.0 -1.0 -1.0 
93.63 22.37 20260420.0 -1.0 0.266269 177.34359233855002 0.0154745832551114 0.03456044873834543 1.1263751002649527 16.0 -1.0 -1.0 -1.0 -1.0 
93.63 22.37 20260420.0 -1.0 0.17349450105355313 152.99814949954927 0.037209776865069044 0.016589015394405805 3.0432368853414022 1.0 -1.0 -1.0 -1.0 -1.0 
93.63 22.37 20260420.0 -1.0 382.76240356282 121.38124305518254 0.03801526268472719 0.08985716671969811 1.5283875238387452 1.0 -1.0 -1.0 -1.0 -1.0 
93.63 22.37 20260420.0 -1.0 1.603391 182.0718645827738 0.011324144449515312 0.13409454110478025 0.9526504569281915 2.0 -1.0 -1.0 -1.0 -1.0 
93.63 22.37 20260420.0 -1.0 1.925804879053 303.45310763795635 0.05830107566701391 0.027648358990676344 1.2717057015904825 1.0 -1.0 -1.0 -1.0 -1.0 
93.63 22.37 20260420.0 -1.0 1.305 424.8343506931389 0.1898575371148436 0.20183302063193728 0.19088341425267855 1.0 -1.0 -1.0 -1.0 -1.0 
93.63 22.37 20260420.0 -1.0 0.385055647243 38.961206079168754 2.5747856149512502 0.026265941041142528 20.168328891061776 32.0 -1.0 -1.0 -1.0 -1.0 
93.63 22.37 20260420.0 -1.0 0.007280896776164848 39.8534474397604 8.83679193392215 0.022118687192541075 1.517368534885716 32.0 -1.0 -1.0 -1.0 -1.0 
93.63 22.37 20260420.0 -1.0 0.11058531999971098 21.7961818087389 2.995350474018469 0.017971433343939622 23.41943218113787 32.0 -1.0 -1.0 -1.0 -1.0 
93.63 22.37 20260420.0 -1.0 0.005351387335979491 0.0 1.2345513278322087 0.038707702586946884 1.475426497921787 1.0 -1.0 -1.0 -1.0 -1.0 
93.63 22.37 20260420.0 -1.0 15.8222513304 60.69062152759127 2.3666684090855825 0.012441761545804354 33.116453444071944 16.0 33.342552049451115 16.0 15.82223679482316 60.718759864281694 
93.63 22.37 20260420.0 -1.0 159.744409 242.76248611036507 2.3732174541416833 0.038707702586946884 6.318578253347845 2.0 -1.0 -1.0 -1.0 -1.0 
93.63 22.37 20260420.0 -1.0 0.10857111194022039 364.1437291655476 4.85141678958301 0.009676925646736721 91.43218557028683 32.0 35.759525764607424 16.0 0.25332459093381965 366.03292404851146 
93.63 22.37 20260420.0 -1.0 0.8829 127.63300224844377 0.03174316050154982 0.0027648358990676344 1.6161310187530726 1.0 -1.0 -1.0 -1.0 -1.0 
93.63 22.37 20260420.0 -1.0 108.99208433293131 29.826354054063756 0.18189718689592427 0.04700221028414978 0.9711942453132874 1.0 -1.0 -1.0 -1.0 -1.0 
93.63 22.37 20260420.0 -1.0 0.1910721889582764 104.56218992457394 0.01714049668094262 0.06082638977948796 1.5779471013830308 1.0 -1.0 -1.0 -1.0 -1.0 
93.63 22.37 20260420.0 -1.0 3.2782587687 83.65824947642669 0.0402587685177346 0.029030776940210157 1.5053271507775356 2.0 -1.0 -1.0 -1.0 -1.0 
93.63 22.37 20260420.0 -1.0 2.3847 124.53140132829184 0.29809001901725773 0.013824179495338174 3.5481703808554923 16.0 -1.0 -1.0 -1.0 -1.0 
93.63 22.37 20260420.0 -1.0 107.00689556931745 59.69519579196521 0.04073436927058741 0.022118687192541075 1.3089427779396967 1.0 -1.0 -1.0 -1.0 -1.0 
93.63 22.37 20260420.0 -1.0 0.023287445350969216 49.71059009010626 0.17187927865056338 0.05391430003181887 1.4184678890681233 4.0 -1.0 -1.0 -1.0 -1.0 
93.63 22.37 20260420.0 -1.0 0.266269 177.34359233855002 0.0154745832551114 0.03456044873834543 1.1263750635544065 16.0 -1.0 -1.0 -1.0 -1.0 
93.63 22.37 20260420.0 -1.0 0.17349450105355313 152.99814949954927 0.037209776865069044 0.016589015394405805 3.04323689091599 1.0 -1.0 -1.0 -1.0 -1.0 
93.63 22.37 20260420.0 -1.0 382.76240356282 121.38124305518254 0.03801526268472719 0.08985716671969811 1.5284060399531518 1.0 -1.0 -1.0 -1.0 -1.0 
93.63 22.37 20260420.0 -1.0 1.603391 182.0718645827738 0.011324144449515312 0.13409454110478025 0.9526504568101961 2.0 -1.0 -1.0 -1.0 -1.0 
93.63 22.37 20260420.0 -1.0 1.925804879053 303.45310763795635 0.05830107566701391 0.027648358990676344 1.2717056671643832 1.0 -1.0 -1.0 -1.0 -1.0 
93.63 22.37 20260420.0 -1.0 1.305 424.8343506931389 0.1898575371148436 0.20183302063193728 0.19088347300147485 1.0 -1.0 -1.0 -1.0 -1.0 
93.63 22.37 20260420.0 -1.0 0.385055647243 38.961206079168754 2.5747856149512502 0.026265941041142528 20.169335603888868 32.0 -1.0 -1.0 -1.0 -1.0 
93.63 22.37 20260420.0 -1.0 0.007280896776164848 39.8534474397604 8.83679193392215 0.022118687192541075 1.517363777399298 32.0 -1.0 -1.0 -1.0 -1.0 
93.63 22.37 20260420.0 -1.0 0.11058531999971098 21.7961818087389 2.995350474018469 0.017971433343939622 23.420673535064086 32.0 -1.0 -1.0 -1.0 -1.0 
93.63 22.37 20260420.0 -1.0 0.005351387335979491 0.0 1.2345513278322087 0.038707702586946884 1.4754265071226162 1.0 -1.0 -1.0 -1.0 -1.0 
93.63 22.37 20260420.0 -1.0 15.8222513304 60.69062152759127 2.3666684090855825 0.012441761545804354 33.1143926810016 16.0 33.340501629792776 16.0 15.82223679482316 60.718759864281694 
93.63 22.37 20260420.0 -1.0 159.744409 242.76248611036507 2.3732174541416833 0.038707702586946884 6.317457376200329 2.0 -1.0 -1.0 -1.0 -1.0 
93.63 22.37 20260420.0 -1.0 0.10857111194022039 364.1437291655476 4.85141678958301 0.009676925646736721 91.43218557028683 32.0 35.75441933174264 16.0 0.25332459093381965 366.03292404851146 
93.63 22.37 20260420.0 -1.0 0.8829 127.63300224844377 0.03174316050154982 0.0027648358990676344 1.6161310187530726 1.0 -1.0 -1.0 -1.0 -1.0 
93.63 22.37 20260420.0 -1.0 108.99208433293131 29.826354054063756 0.18189718689592427 0.04700221028414978 0.9711942453132874 1.0 -1.0 -1.0 -1.0 -1.0 
93.63 22.37 20260420.0 -1.0 0.1910721889582764 104.56218992457394 0.01714049668094262 0.06082638977948796 1.5779471013830308 1.0 -1.0 -1.0 -1.0 -1.0 
93.63 22.37 20260420.0 -1.0 3.2782587687 83.65824947642669 0.0402587685177346 0.029030776940210157 1.5053271507775356 2.0 -1.0 -1.0 -1.0 -1.0 
93.63 22.37 20260420.0 -1.0 2.3847 124.53140132829184 0.29809001901725773 0.013824179495338174 3.5481703808554923 16.0 -1.0 -1.0 -1.0 -1.0 
93.63 22.37 20260420.0 -1.0 107.00689556931745 59.69519579196521 0.04073436927058741 0.022118687192541075 1.3089427779396967 1.0 -1.0 -1.0 -1.0 -1.0 
93.63 22.37 20260420.0 -1.0 0.023287445350969216 49.71059009010626 0.17187927865056338 0.05391430003181887 1.4184678890681233 4.0 -1.0 -1.0 -1.0 -1.0 
93.63 22.37 20260420.0 -1.0 0.266269 177.34359233855002 0.0154745832551114 0.03456044873834543 1.1263750635544065 16.0 -1.0 -1.0 -1.0 -1.0 
93.63 22.37 20260420.0 -1.0 0.17349450105355313 152.99814949954927 0.037209776865069044 0.016589015394405805 3.04323689091599 1.0 -1.0 -1.0 -1.0 -1.0 
93.63 22.37 20260420.0 -1.0 382.76240356282 121.38124305518254 0.03801526268472719 0.08985716671969811 1.5284060399531518 1.0 -1.0 -1.0 -1.0 -1.0 
93.63 22.37 20260420.0 -1.0 1.603391 182.0718645827738 0.011324144449515312 0.13409454110478025 0.9526504568101961 2.0 -1.0 -1.0 -1.0 -1.0 
93.63 22.37 20260420.0 -1.0 1.925804879053 303.45310763795635 0.05830107566701391 0.027648358990676344 1.2717056671643832 1.0 -1.0 -1.0 -1.0 -1.0 
93.63 22.37 20260420.0 -1.0 1.305 424.8343506931389 0.1898575371148436 0.20183302063193728 0.19088347300147485 1.0 -1.0 -1.0 -1.0 -1.0 
93.63 22.37 20260420.0 -1.0 0.385055647243 38.961206079168754 2.5747856149512502 0.026265941041142528 20.169335603888868 32.0 -1.0 -1.0 -1.0 -1.0 
93.63 22.37 20260420.0 -1.0 0.007280896776164848 39.8534474397604 8.83679193392215 0.022118687192541075 1.517363777399298 32.0 -1.0 -1.0 -1.0 -1.0 
93.63 22.37 20260420.0 -1.0 0.11058531999971098 21.7961818087389 2.995350474018469 0.017971433343939622 23.420673535064086 32.0 -1.0 -1.0 -1.0 -1.0 
93.63 22.37 20260420.0 -1.0 0.005351387335979491 0.0 1.2345513278322087 0.038707702586946884 1.4754265071226162 1.0 -1.0 -1.0 -1.0 -1.0 
93.63 22.37 20260420.0 -1.0 15.8222513304 60.69062152759127 2.3666684090855825 0.012441761545804354 33.1143926810016 16.0 33.340501629792776 16.0 15.82223679482316 60.718759864281694 
93.63 22.37 20260420.0 -1.0 159.744409 242.76248611036507 2.3732174541416833 0.038707702586946884 6.317457376200329 2.0 -1.0 -1.0 -1.0 -1.0 
93.63 22.37 20260420.0 -1.0 0.10857111194022039 364.1437291655476 4.85141678958301 0.009676925646736721 91.43218557028683 32.0 35.75441933174264 16.0 0.25332459093381965 366.03292404851146 
93.98 22.37 20260420.0 -1.0 9.5532971893 98.47493733522204 5.620500328049204 0.05391430003181887 21.99387008286132 8.0 23.495543124998065 16.0 9.55327171444272 98.46558891324348 
93.98 22.37 20260420.0 -1.0 17.501175782223278 32.853313146364535 4.8985664859507105 0.21427478217774165 4.060673788489798 2.0 -1.0 -1.0 -1.0 -1.0 
93.98 22.37 20260420.0 -1.0 10.129015294167026 60.70971690084993 1.1316323927026737 0.05114946413275124 3.3989319261810014 8.0 -1.0 -1.0 -1.0 -1.0 
93.98 22.37 20260420.0 -1.0 9.5532971893 98.47493733522204 5.620500328049204 0.05391430003181887 21.99387008286132 8.0 23.495543124998065 16.0 9.55327171444272 98.46558891324348 
93.98 22.37 20260420.0 -1.0 17.501175782223278 32.853313146364535 4.8985664859507105 0.21427478217774165 4.060673788489798 2.0 -1.0 -1.0 -1.0 -1.0 
93.98 22.37 20260420.0 -1.0 10.129015294167026 60.70971690084993 1.1316323927026737 0.05114946413275124 3.3989319261810014 8.0 -1.0 -1.0 -1.0 -1.0 
93.98 22.37 20260420.0 -1.0 9.5532971893 98.47493733522204 5.620500328049204 0.05391430003181887 21.99387008286132 8.0 23.495543124998065 16.0 9.55327171444272 98.46558891324348 
93.98 22.37 20260420.0 -1.0 17.501175782223278 32.853313146364535 4.8985664859507105 0.21427478217774165 4.060673788489798 2.0 -1.0 -1.0 -1.0 -1.0 
93.98 22.37 20260420.0 -1.0 10.129015294167026 60.70971690084993 1.1316323927026737 0.05114946413275124 3.3989319261810014 8.0 -1.0 -1.0 -1.0 -1.0 
94.32 22.37 20260420.0 -1.0 0.661590720545 89.89567052725677 0.016987247418078028 0.009676925646736721 1.5820959225767193 32.0 -1.0 -1.0 -1.0 -1.0 
94.32 22.37 20260420.0 -1.0 2.7590292361547077 24.60570500510096 0.015733294861894568 0.03732528463741307 2.365331428233913 1.0 -1.0 -1.0 -1.0 -1.0 
94.32 22.37 20260420.0 -1.0 0.7210795736500524 59.35065741747627 0.020315652849980975 0.031795612839277794 1.2641380546988805 16.0 -1.0 -1.0 -1.0 -1.0 
94.32 22.37 20260420.0 -1.0 1.49282164771 14.2543394512309 0.6634102514187437 0.027648358990676344 2.8056728692922537 16.0 -1.0 -1.0 -1.0 -1.0 
94.32 22.37 20260420.0 -1.0 472.12241705279166 136.39196826103375 0.036724551076599 0.012441761545804354 0.3446347479575016 1.0 -1.0 -1.0 -1.0 -1.0 
94.32 22.37 20260420.0 -1.0 3.91076899155 58.45976120177434 0.11537353796843516 0.012441761545804354 1.1627338776140692 1.0 -1.0 -1.0 -1.0 -1.0 
94.32 22.37 20260420.0 -1.0 270.04262113057 77.38069987811059 0.06471144506371658 0.016589015394405805 -0.4819338363564739 1.0 -1.0 -1.0 -1.0 -1.0 
94.32 22.37 20260420.0 -1.0 1.394095109822 115.13772997214483 0.011015499634878986 0.013824179495338172 1.711814883708334 1.0 -1.0 -1.0 -1.0 -1.0 
94.32 22.37 20260420.0 -1.0 5.390249757313 66.30813262581516 0.02402913148330111 0.031795612839277794 2.0277440852253763 8.0 -1.0 -1.0 -1.0 -1.0 
94.32 22.37 20260420.0 -1.0 0.007115507526254343 73.26560783415405 0.7701736550890855 0.026265941041142528 1.5082908569759628 4.0 -1.0 -1.0 -1.0 -1.0 
94.32 22.37 20260420.0 -1.0 2.7845043401976133 60.59912422315381 0.22056385992731903 0.017971433343939622 2.327234256118362 8.0 -1.0 -1.0 -1.0 -1.0 
94.32 22.37 20260420.0 -1.0 364.963504 121.19824844630762 0.012525924249494632 0.05391430003181887 -1.1463880062916536 1.0 -1.0 -1.0 -1.0 -1.0 
94.32 22.37 20260420.0 -1.0 1.885156 302.99562111576904 0.0893501137040289 0.03732528463741307 0.17178609777191445 1.0 -1.0 -1.0 -1.0 -1.0 
94.32 22.37 20260420.0 -1.0 11.362193598480422 363.59474533892285 0.027267389657354694 0.06635606157762322 1.6481255370432748 1.0 -1.0 -1.0 -1.0 -1.0 
94.32 22.37 20260420.0 -1.0 0.006733739363044482 424.19386956207666 0.07460832307435808 0.03456044873834543 1.6610570154486697 4.0 -1.0 -1.0 -1.0 -1.0 
94.32 22.37 20260420.0 -1.0 1.153642 1.1878616209359083 6.735701586886051 0.011059343596270537 97.21716791149007 32.0 99.05890621623574 32.0 1.1536333962188414 1.5179689966070422 
94.32 22.37 20260420.0 -1.0 0.6388886552 58.205219425859504 1.8177156760105657 0.038707702586946884 5.665618972412341 16.0 -1.0 -1.0 -1.0 -1.0 
94.32 22.37 20260420.0 -1.0 360.711889 0.0 2.3117261921407866 0.06082638977948796 3.2282443784774464 1.0 -1.0 -1.0 -1.0 -1.0 
94.32 22.37 20260420.0 -1.0 16.757231 181.79737266946142 2.974728571317075 0.016589015394405805 17.588543421914807 8.0 17.773952557310945 8.0 16.757257981225848 181.75148786041652 
94.32 22.37 20260420.0 -1.0 212.219708804722 242.39649689261523 6.178443619080867 0.017971433343939622 16.405250081312346 2.0 16.40524976312401 2.0 212.21979598825178 242.3690497915911 
94.32 22.37 20260420.0 -1.0 0.661590720545 89.89567052725677 0.016987247418078028 0.009676925646736721 1.565253378457885 32.0 -1.0 -1.0 -1.0 -1.0 
94.32 22.37 20260420.0 -1.0 2.7590292361547077 24.60570500510096 0.015733294861894568 0.03732528463741307 2.365331428235228 1.0 -1.0 -1.0 -1.0 -1.0 
94.32 22.37 20260420.0 -1.0 0.7210795736500524 59.35065741747627 0.020315652849980975 0.031795612839277794 1.263504847374627 16.0 -1.0 -1.0 -1.0 -1.0 
94.32 22.37 20260420.0 -1.0 1.49282164771 14.2543394512309 0.6634102514187437 0.027648358990676344 2.8062166616062822 16.0 -1.0 -1.0 -1.0 -1.0 
94.32 22.37 20260420.0 -1.0 472.12241705279166 136.39196826103375 0.036724551076599 0.012441761545804354 0.3444650821341676 1.0 -1.0 -1.0 -1.0 -1.0 
94.32 22.37 20260420.0 -1.0 3.91076899155 58.45976120177434 0.11537353796843516 0.012441761545804354 1.1627734535292262 1.0 -1.0 -1.0 -1.0 -1.0 
94.32 22.37 20260420.0 -1.0 270.04262113057 77.38069987811059 0.06471144506371658 0.016589015394405805 -0.48209099663168786 1.0 -1.0 -1.0 -1.0 -1.0 
94.32 22.37 20260420.0 -1.0 1.394095109822 115.13772997214483 0.011015499634878986 0.013824179495338172 1.711814883708334 1.0 -1.0 -1.0 -1.0 -1.0 
94.32 22.37 20260420.0 -1.0 5.390249757313 66.30813262581516 0.02402913148330111 0.031795612839277794 2.0270286263752633 8.0 -1.0 -1.0 -1.0 -1.0 
94.32 22.37 20260420.0 -1.0 0.007115507526254343 73.26560783415405 0.7701736550890855 0.026265941041142528 1.574718822740607 32.0 -1.0 -1.0 -1.0 -1.0 
94.32 22.37 20260420.0 -1.0 2.7845043401976133 60.59912422315381 0.22056385992731903 0.017971433343939622 2.3244586839950694 8.0 -1.0 -1.0 -1.0 -1.0 
94.32 22.37 20260420.0 -1.0 364.963504 121.19824844630762 0.012525924249494632 0.05391430003181887 -1.1462699071775928 1.0 -1.0 -1.0 -1.0 -1.0 
94.32 22.37 20260420.0 -1.0 1.885156 302.99562111576904 0.0893501137040289 0.03732528463741307 0.1717861480653522 1.0 -1.0 -1.0 -1.0 -1.0 
94.32 22.37 20260420.0 -1.0 11.362193598480422 363.59474533892285 0.027267389657354694 0.06635606157762322 1.6457053039686718 1.0 -1.0 -1.0 -1.0 -1.0 
94.32 22.37 20260420.0 -1.0 0.006733739363044482 424.19386956207666 0.07460832307435808 0.03456044873834543 1.6610563046071243 4.0 -1.0 -1.0 -1.0 -1.0 
94.32 22.37 20260420.0 -1.0 1.153642 1.1878616209359083 6.735701586886051 0.011059343596270537 97.12566551949656 32.0 98.90346739789327 32.0 1.1536333962188414 1.5179689966070422 
94.32 22.37 20260420.0 -1.0 0.6388886552 58.205219425859504 1.8177156760105657 0.038707702586946884 5.666697979840784 16.0 -1.0 -1.0 -1.0 -1.0 
94.32 22.37 20260420.0 -1.0 360.711889 0.0 2.3117261921407866 0.06082638977948796 3.22430852032903 1.0 -1.0 -1.0 -1.0 -1.0 
94.32 22.37 20260420.0 -1.0 16.757231 181.79737266946142 2.974728571317075 0.016589015394405805 20.552431048693244 8.0 20.552430983790984 8.0 16.757257981225848 181.75148786041652 
94.32 22.37 20260420.0 -1.0 212.219708804722 242.39649689261523 6.178443619080867 0.017971433343939622 16.406478218672532 2.0 16.40647836935137 2.0 212.21979598825178 242.3690497915911 
94.32 22.37 20260420.0 -1.0 0.661590720545 89.89567052725677 0.016987247418078028 0.009676925646736721 1.565253378457885 32.0 -1.0 -1.0 -1.0 -1.0 
94.32 22.37 20260420.0 -1.0 2.7590292361547077 24.60570500510096 0.015733294861894568 0.03732528463741307 2.365331428235228 1.0 -1.0 -1.0 -1.0 -1.0 
94.32 22.37 20260420.0 -1.0 0.7210795736500524 59.35065741747627 0.020315652849980975 0.031795612839277794 1.263504847374627 16.0 -1.0 -1.0 -1.0 -1.0 
94.32 22.37 20260420.0 -1.0 1.49282164771 14.2543394512309 0.6634102514187437 0.027648358990676344 2.8062166616062822 16.0 -1.0 -1.0 -1.0 -1.0 
94.32 22.37 20260420.0 -1.0 472.12241705279166 136.39196826103375 0.036724551076599 0.012441761545804354 0.3444650821341676 1.0 -1.0 -1.0 -1.0 -1.0 
94.32 22.37 20260420.0 -1.0 3.91076899155 58.45976120177434 0.11537353796843516 0.012441761545804354 1.1627734535292262 1.0 -1.0 -1.0 -1.0 -1.0 
94.32 22.37 20260420.0 -1.0 270.04262113057 77.38069987811059 0.06471144506371658 0.016589015394405805 -0.48209099663168786 1.0 -1.0 -1.0 -1.0 -1.0 
94.32 22.37 20260420.0 -1.0 1.394095109822 115.13772997214483 0.011015499634878986 0.013824179495338172 1.711814883708334 1.0 -1.0 -1.0 -1.0 -1.0 
94.32 22.37 20260420.0 -1.0 5.390249757313 66.30813262581516 0.02402913148330111 0.031795612839277794 2.0270286263752633 8.0 -1.0 -1.0 -1.0 -1.0 
94.32 22.37 20260420.0 -1.0 0.007115507526254343 73.26560783415405 0.7701736550890855 0.026265941041142528 1.574718822740607 32.0 -1.0 -1.0 -1.0 -1.0 
94.32 22.37 20260420.0 -1.0 2.7845043401976133 60.59912422315381 0.22056385992731903 0.017971433343939622 2.3244586839950694 8.0 -1.0 -1.0 -1.0 -1.0 
94.32 22.37 20260420.0 -1.0 364.963504 121.19824844630762 0.012525924249494632 0.05391430003181887 -1.1462699071775928 1.0 -1.0 -1.0 -1.0 -1.0 
94.32 22.37 20260420.0 -1.0 1.885156 302.99562111576904 0.0893501137040289 0.03732528463741307 0.1717861480653522 1.0 -1.0 -1.0 -1.0 -1.0 
94.32 22.37 20260420.0 -1.0 11.362193598480422 363.59474533892285 0.027267389657354694 0.06635606157762322 1.6457053039686718 1.0 -1.0 -1.0 -1.0 -1.0 
94.32 22.37 20260420.0 -1.0 0.006733739363044482 424.19386956207666 0.07460832307435808 0.03456044873834543 1.6610563046071243 4.0 -1.0 -1.0 -1.0 -1.0 
94.32 22.37 20260420.0 -1.0 1.153642 1.1878616209359083 6.735701586886051 0.011059343596270537 97.12566551949656 32.0 98.90346739789327 32.0 1.1536333962188414 1.5179689966070422 
94.32 22.37 20260420.0 -1.0 0.6388886552 58.205219425859504 1.8177156760105657 0.038707702586946884 5.666697979840784 16.0 -1.0 -1.0 -1.0 -1.0 
94.32 22.37 20260420.0 -1.0 360.711889 0.0 2.3117261921407866 0.06082638977948796 3.22430852032903 1.0 -1.0 -1.0 -1.0 -1.0 
94.32 22.37 20260420.0 -1.0 16.757231 181.79737266946142 2.974728571317075 0.016589015394405805 20.552431048693244 8.0 20.552430983790984 8.0 16.757257981225848 181.75148786041652 
94.32 22.37 20260420.0 -1.0 212.219708804722 242.39649689261523 6.178443619080867 0.017971433343939622 16.406478218672532 2.0 16.40647836935137 2.0 212.21979598825178 242.3690497915911 
9.86 54.25 20260420.0 -1.0 0.25247957713 55.0212236715011 0.0283821508860516 0.038707702586946884 1.9452795776943907 1.0 -1.0 -1.0 -1.0 -1.0 
9.86 54.25 20260420.0 -1.0 0.0012184825885407748 21.945965350791916 0.08384793073894407 0.022118687192541075 2.523695888138699 1.0 -1.0 -1.0 -1.0 -1.0 
9.86 54.25 20260420.0 -1.0 1.16364520997 128.7996826855594 0.06977251350936198 0.01520659744487199 2.0505080017643222 16.0 -1.0 -1.0 -1.0 -1.0 
9.86 54.25 20260420.0 -1.0 0.14073 16.412580924737544 0.06565710478532773 0.13962421290291552 0.986229486092807 2.0 -1.0 -1.0 -1.0 -1.0 
9.86 54.25 20260420.0 -1.0 3.2108324764111544 67.80740576334425 0.9103238467041102 0.016589015394405805 14.468556796588814 32.0 14.594446066532386 32.0 3.210819462159028 67.80261518178122 
9.86 54.25 20260420.0 -1.0 2.85754146359 87.31493051960373 0.33779472650745396 0.052531882082285056 0.6473315698775267 1.0 -1.0 -1.0 -1.0 -1.0 
9.86 54.25 20260420.0 -1.0 0.006114268944033405 31.418369198783296 0.8910354636170879 0.04423737438508215 1.8126872078854488 16.0 -1.0 -1.0 -1.0 -1.0 
9.86 54.25 20260420.0 -1.0 5.372136744278732 89.31123628106161 0.37132738203638316 0.022118687192541075 1.3535633652556376 8.0 -1.0 -1.0 -1.0 -1.0 
9.86 54.25 20260420.0 -1.0 1.148485898069 133.96685442159242 0.3119962793393873 0.01520659744487199 2.732957413501671 16.0 -1.0 -1.0 -1.0 -1.0 
9.86 54.25 20260420.0 -1.0 0.0022349340175341534 178.62247256212322 0.19761940299240194 0.041472538486014524 6.386004279602603 1.0 -1.0 -1.0 -1.0 -1.0 
9.86 54.25 20260420.0 -1.0 181.616752 223.27809070265403 0.01025890740828289 0.019353851293473442 0.9529429360946456 1.0 -1.0 -1.0 -1.0 -1.0 
9.86 54.25 20260420.0 -1.0 0.4500881198 267.93370884318483 0.13807466919654227 0.015206597444871992 1.9254324269706462 8.0 -1.0 -1.0 -1.0 -1.0 
9.86 54.25 20260420.0 -1.0 2.051164249099 55.27132014273519 1.665030304089738 0.029030776940210157 16.083085044779956 16.0 16.482375435631027 16.0 2.0511530844184263 55.35526940960348 
9.86 54.25 20260420.0 -1.0 2.8213705328215 96.4747137785525 5.234460021323749 0.04700221028414978 33.119518804192985 16.0 33.11951855719393 16.0 2.82137383085986 96.44163025110075 
9.86 54.25 20260420.0 -1.0 0.515295 17.037822102822783 5.903058779446045 0.06359122567855559 14.516939674993601 8.0 15.31568361733675 32.0 0.5152893815344821 17.10245069510601 
9.86 54.25 20260420.0 -1.0 2.92592314444 64.21226898935411 3.1113530569065415 0.060826389779487955 15.634993094638268 8.0 15.656454026526376 8.0 2.9259050885836286 64.15948958992432 
9.86 54.25 20260420.0 -1.0 1.799128951059 38.79621510018912 5.463535224122297 0.017971433343939622 61.49463787277976 32.0 61.56278717583704 32.0 1.7991321025571476 38.758808380033145 
9.86 54.25 20260420.0 -1.0 1.7687552544064 0.0 1.1521423767130146 0.0884747487701643 1.719279536620507 16.0 -1.0 -1.0 -1.0 -1.0 
9.86 54.25 20260420.0 -1.0 1.79262658883 44.655618140530805 1.1300699081019758 0.045619792334615966 4.9472460980056185 8.0 -1.0 -1.0 -1.0 -1.0 
9.86 54.25 20260420.0 -1.0 320.9279655591592 312.58932698371564 5.8664697780463735 0.11059343596270538 5.973014366348243 1.0 -1.0 -1.0 -1.0 -1.0 
9.86 54.25 20260420.0 -1.0 0.25247957713 55.0212236715011 0.0283821508860516 0.038707702586946884 1.9298969976545335 1.0 -1.0 -1.0 -1.0 -1.0 
9.86 54.25 20260420.0 -1.0 0.0012184825885407748 21.945965350791916 0.08384793073894407 0.022118687192541075 2.5236969848395585 1.0 -1.0 -1.0 -1.0 -1.0 
9.86 54.25 20260420.0 -1.0 1.16364520997 128.7996826855594 0.06977251350936198 0.01520659744487199 2.0541213445743653 16.0 -1.0 -1.0 -1.0 -1.0 
9.86 54.25 20260420.0 -1.0 0.14073 16.412580924737544 0.06565710478532773 0.13962421290291552 0.9748074772047548 2.0 -1.0 -1.0 -1.0 -1.0 
9.86 54.25 20260420.0 -1.0 3.2108324764111544 67.80740576334425 0.9103238467041102 0.016589015394405805 14.969262098912303 32.0 14.969262781103197 32.0 3.210819462159028 67.80261518178122 
9.86 54.25 20260420.0 -1.0 2.85754146359 87.31493051960373 0.33779472650745396 0.052531882082285056 0.647349257660772 1.0 -1.0 -1.0 -1.0 -1.0 
9.86 54.25 20260420.0 -1.0 0.006114268944033405 31.418369198783296 0.8910354636170879 0.04423737438508215 1.8126873425256242 16.0 -1.0 -1.0 -1.0 -1.0 
9.86 54.25 20260420.0 -1.0 5.372136744278732 89.31123628106161 0.37132738203638316 0.022118687192541075 1.3499003194499462 8.0 -1.0 -1.0 -1.0 -1.0 
9.86 54.25 20260420.0 -1.0 1.148485898069 133.96685442159242 0.3119962793393873 0.01520659744487199 2.7221346634186077 16.0 -1.0 -1.0 -1.0 -1.0 
9.86 54.25 20260420.0 -1.0 0.0022349340175341534 178.62247256212322 0.19761940299240194 0.041472538486014524 6.386004279602603 1.0 -1.0 -1.0 -1.0 -1.0 
9.86 54.25 20260420.0 -1.0 181.616752 223.27809070265403 0.01025890740828289 0.019353851293473442 0.9528640788730858 1.0 -1.0 -1.0 -1.0 -1.0 
9.86 54.25 20260420.0 -1.0 0.4500881198 267.93370884318483 0.13807466919654227 0.015206597444871992 1.9256576701708048 8.0 -1.0 -1.0 -1.0 -1.0 
9.86 54.25 20260420.0 -1.0 2.051164249099 55.27132014273519 1.665030304089738 0.029030776940210157 16.089578407445902 16.0 16.484044144913394 16.0 2.0511530844184263 55.35526940960348 
9.86 54.25 20260420.0 -1.0 2.8213705328215 96.4747137785525 5.234460021323749 0.04700221028414978 33.12414017239691 16.0 33.124139711179474 16.0 2.82137383085986 96.44163025110075 
9.86 54.25 20260420.0 -1.0 0.515295 17.037822102822783 5.903058779446045 0.06359122567855559 14.50727595797609 8.0 15.310699605991193 32.0 0.5152893815344821 17.10245069510601 
9.86 54.25 20260420.0 -1.0 2.92592314444 64.21226898935411 3.1113530569065415 0.060826389779487955 15.646089413939306 8.0 15.66428310769233 8.0 2.9259050885836286 64.3618854561386 
9.86 54.25 20260420.0 -1.0 1.799128951059 38.79621510018912 5.463535224122297 0.017971433343939622 62.10627871445139 32.0 62.106281768779155 32.0 1.7991321025571476 38.758808380033145 
9.86 54.25 20260420.0 -1.0 1.7687552544064 0.0 1.1521423767130146 0.0884747487701643 1.6946975496329117 16.0 -1.0 -1.0 -1.0 -1.0 
9.86 54.25 20260420.0 -1.0 1.79262658883 44.655618140530805 1.1300699081019758 0.045619792334615966 4.947244261123929 8.0 -1.0 -1.0 -1.0 -1.0 
9.86 54.25 20260420.0 -1.0 320.9279655591592 312.58932698371564 5.8664697780463735 0.11059343596270538 5.968625959614721 1.0 -1.0 -1.0 -1.0 -1.0 
9.86 54.25 20260420.0 -1.0 0.25247957713 55.0212236715011 0.0283821508860516 0.038707702586946884 1.9298969976545335 1.0 -1.0 -1.0 -1.0 -1.0 
9.86 54.25 20260420.0 -1.0 0.0012184825885407748 21.945965350791916 0.08384793073894407 0.022118687192541075 2.5236969848395585 1.0 -1.0 -1.0 -1.0 -1.0 
9.86 54.25 20260420.0 -1.0 1.16364520997 128.7996826855594 0.06977251350936198 0.01520659744487199 2.0541213445743653 16.0 -1.0 -1.0 -1.0 -1.0 
9.86 54.25 20260420.0 -1.0 0.14073 16.412580924737544 0.06565710478532773 0.13962421290291552 0.9748074772047548 2.0 -1.0 -1.0 -1.0 -1.0 
9.86 54.25 20260420.0 -1.0 3.2108324764111544 67.80740576334425 0.9103238467041102 0.016589015394405805 14.969262098912303 32.0 14.969262781103197 32.0 3.210819462159028 67.80261518178122 
9.86 54.25 20260420.0 -1.0 2.85754146359 87.31493051960373 0.33779472650745396 0.052531882082285056 0.647349257660772 1.0 -1.0 -1.0 -1.0 -1.0 
9.86 54.25 20260420.0 -1.0 0.006114268944033405 31.418369198783296 0.8910354636170879 0.04423737438508215 1.8126873425256242 16.0 -1.0 -1.0 -1.0 -1.0 
9.86 54.25 20260420.0 -1.0 5.372136744278732 89.31123628106161 0.37132738203638316 0.022118687192541075 1.3499003194499462 8.0 -1.0 -1.0 -1.0 -1.0 
9.86 54.25 20260420.0 -1.0 1.148485898069 133.96685442159242 0.3119962793393873 0.01520659744487199 2.7221346634186077 16.0 -1.0 -1.0 -1.0 -1.0 
9.86 54.25 20260420.0 -1.0 0.0022349340175341534 178.62247256212322 0.19761940299240194 0.041472538486014524 6.386004279602603 1.0 -1.0 -1.0 -1.0 -1.0 
9.86 54.25 20260420.0 -1.0 181.616752 223.27809070265403 0.01025890740828289 0.019353851293473442 0.9528640788730858 1.0 -1.0 -1.0 -1.0 -1.0 
9.86 54.25 20260420.0 -1.0 0.4500881198 267.93370884318483 0.13807466919654227 0.015206597444871992 1.9256576701708048 8.0 -1.0 -1.0 -1.0 -1.0 
9.86 54.25 20260420.0 -1.0 2.051164249099 55.27132014273519 1.665030304089738 0.029030776940210157 16.089578407445902 16.0 16.484044144913394 16.0 2.0511530844184263 55.35526940960348 
9.86 54.25 20260420.0 -1.0 2.8213705328215 96.4747137785525 5.234460021323749 0.04700221028414978 33.12414017239691 16.0 33.124139711179474 16.0 2.82137383085986 96.44163025110075 
9.86 54.25 20260420.0 -1.0 0.515295 17.037822102822783 5.903058779446045 0.06359122567855559 14.50727595797609 8.0 15.310699605991193 32.0 0.5152893815344821 17.10245069510601 
9.86 54.25 20260420.0 -1.0 2.92592314444 64.21226898935411 3.1113530569065415 0.060826389779487955 15.646089413939306 8.0 15.66428310769233 8.0 2.9259050885836286 64.3618854561386 
9.86 54.25 20260420.0 -1.0 1.799128951059 38.79621510018912 5.463535224122297 0.017971433343939622 62.10627871445139 32.0 62.106281768779155 32.0 1.7991321025571476 38.758808380033145 
9.86 54.25 20260420.0 -1.0 1.7687552544064 0.0 1.1521423767130146 0.0884747487701643 1.6946975496329117 16.0 -1.0 -1.0 -1.0 -1.0 
9.86 54.25 20260420.0 -1.0 1.79262658883 44.655618140530805 1.1300699081019758 0.045619792334615966 4.947244261123929 8.0 -1.0 -1.0 -1.0 -1.0 
9.86 54.25 20260420.0 -1.0 320.9279655591592 312.58932698371564 5.8664697780463735 0.11059343596270538 5.968625959614721 1.0 -1.0 -1.0 -1.0 -1.0 
