1.41 47.26 17.0 -1.0 0.581825 67.09867370486698 0.10730082479810865 0.05391430003181887 0.34642102951070985 16.0 -1.0 -1.0 -1.0 -1.0 
1.41 47.26 17.0 -1.0 34.233695350449175 133.66133767062462 0.05299957990657957 0.012441761545804354 1.3306254636639907 8.0 -1.0 -1.0 -1.0 -1.0 
1.41 47.26 17.0 -1.0 0.576070636 85.37173299268478 0.5307285946818352 0.022118687192541075 40.19440783712721 32.0 40.93768407479928 32.0 0.5760739441029727 85.30985760931578 
1.41 47.26 17.0 -1.0 1.074011086779 29.967817232021197 0.011230653819750734 0.04147253848601452 0.6648595139312116 8.0 -1.0 -1.0 -1.0 -1.0 
1.41 47.26 17.0 -1.0 0.009077853991937557 81.37602402841529 0.03098482980024649 0.013824179495338174 1.310123762989892 32.0 -1.0 -1.0 -1.0 -1.0 
1.41 47.26 17.0 -1.0 0.2193165616435737 0.0 0.8088924634845912 0.06220880772902177 2.049173972244947 1.0 -1.0 -1.0 -1.0 -1.0 
1.41 47.26 17.0 -1.0 0.8276698646022049 81.20547547506231 0.023617684881065484 0.03041319488974398 1.2274011066724206 2.0 -1.0 -1.0 -1.0 -1.0 
1.41 47.26 17.0 -1.0 2.348959950399 243.61642642518694 0.2264307961349155 0.011059343596270537 20.97500523532654 32.0 21.91472554255494 32.0 2.3489519662689418 243.58342498887671 
1.41 47.26 17.0 -1.0 21.921049590345874 15.593010592271192 1.18197219638578 0.02211868719254108 100.00440385904191 16.0 100.03556795270653 16.0 21.921065732991945 15.584481698498967 
1.41 47.26 17.0 -1.0 5.79897187841 162.41095095012463 4.5244475350905615 0.024883523091608704 346.2955619658684 32.0 346.3230195040301 32.0 5.79896853499425 162.42268263695354 
1.41 47.26 17.0 -1.0 0.581825 67.09867370486698 0.10730082479810867 0.05391430003181887 0.34642102951070985 16.0 -1.0 -1.0 -1.0 -1.0 
1.41 47.26 17.0 -1.0 34.23369535044918 133.66133767062462 0.05299957990657958 0.012441761545804354 1.3306254636527277 8.0 -1.0 -1.0 -1.0 -1.0 
1.41 47.26 17.0 -1.0 0.576070636 85.37173299268478 0.5307285946818352 0.022118687192541075 40.19440783712721 32.0 40.93768407479928 32.0 0.5760739441029727 85.30985760931578 
1.41 47.26 17.0 -1.0 1.074011086779 29.967817232021197 0.011230653819750734 0.04147253848601452 0.6648595139312116 8.0 -1.0 -1.0 -1.0 -1.0 
1.41 47.26 17.0 -1.0 0.009077853991937558 81.37602402841529 0.03098482980024649 0.013824179495338172 1.310123762989892 32.0 -1.0 -1.0 -1.0 -1.0 
1.41 47.26 17.0 -1.0 0.21931656164357372 0.0 0.8088924634845912 0.06220880772902178 2.049173972244949 1.0 -1.0 -1.0 -1.0 -1.0 
1.41 47.26 17.0 -1.0 0.8276698646022049 81.20547547506231 0.02361768488106548 0.03041319488974398 1.2274011066724206 2.0 -1.0 -1.0 -1.0 -1.0 
1.41 47.26 17.0 -1.0 2.348959950399 243.61642642518694 0.2264307961349155 0.011059343596270537 20.97500523532652 32.0 21.91472554255494 32.0 2.3489519662689418 243.58342498887671 
1.41 47.26 17.0 -1.0 21.921049590345874 15.593010592271192 1.18197219638578 0.02211868719254108 100.00440385904191 16.0 100.03556795270653 16.0 21.921065732991945 15.584481698498967 
1.41 47.26 17.0 -1.0 5.79897187841 162.41095095012463 4.5244475350905615 0.024883523091608704 346.2955619658684 32.0 346.3230195040301 32.0 5.79896853499425 162.42268263695354 
1.96 71.05 17.0 -1.0 5.5373591568 75.09884758663668 1.4381884001221659 0.03456044873834543 67.70403563517611 16.0 68.10877693168104 16.0 5.537367542274296 75.08886636549504 
1.96 71.05 17.0 -1.0 0.115088121 42.25930548891293 1.4825764651044098 0.031795612839277794 27.174412539317032 32.0 27.761754992503004 32.0 0.11508139626433453 44.42589263403278 
1.96 71.05 17.0 -1.0 5.751536555171 131.9198974004613 8.667498783590988 0.053914300031818865 358.6507510842101 8.0 9.639148959939916 2.0 46.01339848401646 131.65851097238416 
1.96 71.05 17.0 -1.0 5.5373591568 75.09884758663668 1.4381884001221659 0.03456044873834543 67.70403563517611 16.0 68.10877693168104 16.0 5.537367542274296 75.08886636549504 
1.96 71.05 17.0 -1.0 0.115088121 42.25930548891293 1.4825764651044098 0.031795612839277794 27.174412539317032 32.0 27.761754992503004 32.0 0.11508139626433453 44.42589263403278 
1.96 71.05 17.0 -1.0 5.751536555171 131.9198974004613 8.667498783590988 0.053914300031818865 358.6507510842101 8.0 9.639148959939916 2.0 46.01339848401646 131.65851097238416 
10.09 23.11 17.0 -1.0 2.70735 77.53480383373179 0.010539069785079147 0.02073626924300726 1.4440580268837835 4.0 -1.0 -1.0 -1.0 -1.0 
10.09 23.11 17.0 -1.0 0.028245247079937107 121.9624962458362 0.7648712885325885 0.02350110514207489 1.0600530183563635 32.0 -1.0 -1.0 -1.0 -1.0 
10.09 23.11 17.0 -1.0 31.563820566264 18.565226897274766 0.38918761903942056 0.016589015394405805 21.005292069072663 8.0 22.221545854114453 8.0 31.563831726089123 18.519221758605916 
10.09 23.11 17.0 -1.0 16.0120678426887 17.78948441360677 0.13542946764557168 0.03456044873834543 2.219462283470253 16.0 -1.0 -1.0 -1.0 -1.0 
10.09 23.11 17.0 -1.0 2.5206048086788 90.30168437003051 0.030920679192165002 0.017971433343939622 2.1423588068203188 1.0 -1.0 -1.0 -1.0 -1.0 
10.09 23.11 17.0 -1.0 232.0589209905 46.80751257386555 0.6529523483323298 0.019353851293473442 12.072063683299742 1.0 -1.0 -1.0 -1.0 -1.0 
10.09 23.11 17.0 -1.0 97.16279515771058 43.82287623839716 0.07054802310718646 0.006912089747669087 1.787532454831719 1.0 -1.0 -1.0 -1.0 -1.0 
10.09 23.11 17.0 -1.0 0.915751 87.64575247679431 0.02295810794920963 0.06773847952715704 1.1492685692134286 16.0 -1.0 -1.0 -1.0 -1.0 
10.09 23.11 17.0 -1.0 50.59372299870053 131.46862871519147 0.026708079744159313 0.1755670795907948 0.2272051873479073 2.0 -1.0 -1.0 -1.0 -1.0 
10.09 23.11 17.0 -1.0 170.849405719173 0.0 3.9733783034277192 0.07326815132529231 66.06691158150714 2.0 -1.0 -1.0 -1.0 -1.0 
10.09 23.11 17.0 -1.0 2.70735 77.53480383373179 0.010539069785079147 0.02073626924300726 1.4440580268837835 4.0 -1.0 -1.0 -1.0 -1.0 
10.09 23.11 17.0 -1.0 0.028245247079937107 121.9624962458362 0.7648712885325885 0.02350110514207489 1.0600530183563635 32.0 -1.0 -1.0 -1.0 -1.0 
10.09 23.11 17.0 -1.0 31.563820566264 18.565226897274766 0.38918761903942056 0.016589015394405805 21.005292069072663 8.0 22.221545854114453 8.0 31.563831726089123 18.519221758605916 
10.09 23.11 17.0 -1.0 16.0120678426887 17.78948441360677 0.13542946764557168 0.03456044873834543 2.219462283470253 16.0 -1.0 -1.0 -1.0 -1.0 
10.09 23.11 17.0 -1.0 2.5206048086788 90.30168437003051 0.030920679192165002 0.017971433343939622 2.1423588068203188 1.0 -1.0 -1.0 -1.0 -1.0 
10.09 23.11 17.0 -1.0 232.0589209905 46.80751257386555 0.6529523483323298 0.019353851293473442 12.072063683299742 1.0 -1.0 -1.0 -1.0 -1.0 
10.09 23.11 17.0 -1.0 97.16279515771058 43.82287623839716 0.07054802310718646 0.006912089747669087 1.787532454831719 1.0 -1.0 -1.0 -1.0 -1.0 
10.09 23.11 17.0 -1.0 0.915751 87.64575247679431 0.02295810794920963 0.06773847952715704 1.1492685692134286 16.0 -1.0 -1.0 -1.0 -1.0 
10.09 23.11 17.0 -1.0 50.59372299870053 131.46862871519147 0.026708079744159313 0.1755670795907948 0.2272051873479073 2.0 -1.0 -1.0 -1.0 -1.0 
10.09 23.11 17.0 -1.0 170.849405719173 0.0 3.9733783034277192 0.07326815132529231 66.06691158150714 2.0 -1.0 -1.0 -1.0 -1.0 
10.45 31.07 17.0 -1.0 0.0293029783828695 65.89296271606577 0.8625684705825069 0.10782860006363774 1.2635064639978144 1.0 -1.0 -1.0 -1.0 -1.0 
10.45 31.07 17.0 -1.0 0.004726937193863645 104.0832665639862 0.018202289300418884 0.023501105142074895 3.5812936077177486 1.0 -1.0 -1.0 -1.0 -1.0 
10.45 31.07 17.0 -1.0 0.473649743674 30.082208569438855 0.16975515922507275 0.02073626924300726 5.132305276847865 32.0 -1.0 -1.0 -1.0 -1.0 
10.45 31.07 17.0 -1.0 0.351294 0.0 0.022132705406142084 0.04976704618321741 0.2658121388688647 16.0 -1.0 -1.0 -1.0 -1.0 
10.45 31.07 17.0 -1.0 13.20239193874 48.95703181735337 0.08916512433461116 0.03041319488974398 2.5374961275957904 8.0 -1.0 -1.0 -1.0 -1.0 
10.45 31.07 17.0 -1.0 2.066116 146.8710954520601 0.9547682968596061 0.016589015394405805 87.12534366783252 32.0 87.39384913965485 32.0 2.0661294305076203 146.83820093845455 
10.45 31.07 17.0 -1.0 293.42723 65.07040232549518 1.145792329630818 0.013824179495338172 28.681727909075033 1.0 28.68172831670367 1.0 293.426758920153 65.07027098788855 
10.45 31.07 17.0 -1.0 0.6607893353989525 59.32716816990407 1.8202289300418886 0.022118687192541075 157.93572628040172 32.0 158.5896064549366 32.0 0.6607782173280915 59.20079086767465 
10.45 31.07 17.0 -1.0 0.08510145292384817 23.00231377917053 1.6107224137125116 0.01520659744487199 70.09250388488046 32.0 73.78394666610079 32.0 0.08509838759588699 25.906670875426855 
10.45 31.07 17.0 -1.0 6.667293596235096 97.91406363470674 2.8539446400919037 0.022118687192541075 190.16936477774738 32.0 192.58459273979946 32.0 6.6672934432669235 97.9595992477078 
10.45 31.07 17.0 -1.0 0.0293029783828695 65.89296271606577 0.8625684705825069 0.10782860006363774 1.2635064639978144 1.0 -1.0 -1.0 -1.0 -1.0 
10.45 31.07 17.0 -1.0 0.004726937193863645 104.0832665639862 0.018202289300418884 0.023501105142074895 3.5812936077177486 1.0 -1.0 -1.0 -1.0 -1.0 
10.45 31.07 17.0 -1.0 0.473649743674 30.082208569438855 0.16975515922507275 0.02073626924300726 5.132305276847865 32.0 -1.0 -1.0 -1.0 -1.0 
10.45 31.07 17.0 -1.0 0.351294 0.0 0.022132705406142084 0.04976704618321741 0.2658121388688647 16.0 -1.0 -1.0 -1.0 -1.0 
10.45 31.07 17.0 -1.0 13.20239193874 48.95703181735337 0.08916512433461116 0.03041319488974398 2.5374961275957904 8.0 -1.0 -1.0 -1.0 -1.0 
10.45 31.07 17.0 -1.0 2.066116 146.8710954520601 0.9547682968596061 0.016589015394405805 87.12534366783252 32.0 87.39384913965485 32.0 2.0661294305076203 146.83820093845455 
10.45 31.07 17.0 -1.0 293.42723 65.07040232549518 1.145792329630818 0.013824179495338172 28.681727909075033 1.0 28.68172831670367 1.0 293.426758920153 65.07027098788855 
10.45 31.07 17.0 -1.0 0.6607893353989525 59.32716816990407 1.8202289300418886 0.022118687192541075 157.93572628040172 32.0 158.5896064549366 32.0 0.6607782173280915 59.20079086767465 
10.45 31.07 17.0 -1.0 0.08510145292384817 23.00231377917053 1.6107224137125116 0.01520659744487199 70.09250388488046 32.0 73.78394666610079 32.0 0.08509838759588699 25.906670875426855 
10.45 31.07 17.0 -1.0 6.667293596235096 97.91406363470674 2.8539446400919037 0.022118687192541075 190.16936477774738 32.0 192.58459273979946 32.0 6.6672934432669235 97.9595992477078 
10.81 71.05 17.0 -1.0 1.5429321319 119.8214138569211 6.238490354560318 0.017971433343939622 1288.470501828033 32.0 1288.487622926427 32.0 1.5429274450677137 119.8183527988492 
10.81 71.05 17.0 -1.0 0.63339530289 77.01253005239904 8.922674486302242 0.01520659744487199 1236.9345219158354 32.0 1237.0732005835446 32.0 0.6334024268047264 76.91042916142347 
10.81 71.05 17.0 -1.0 1.5429321319 119.8214138569211 6.238490354560318 0.017971433343939622 1288.470501828033 32.0 1288.487622926427 32.0 1.5429274450677137 119.8183527988492 
10.81 71.05 17.0 -1.0 0.63339530289 77.01253005239904 8.922674486302242 0.01520659744487199 1236.9345219158354 32.0 1237.0732005835446 32.0 0.6334024268047264 76.91042916142347 
100.05 55.17 17.0 -1.0 2.610999103399925 23.021761566874545 0.06439926164566273 0.019353851293473442 3.204844213515756 2.0 7.84567647303606 1.0 23.500372966130577 28.234223336890985 
100.05 55.17 17.0 -1.0 0.006795914387731952 86.88271912158083 0.018985753711484362 0.03317803078881161 0.8908062191302883 8.0 -1.0 -1.0 -1.0 -1.0 
100.05 55.17 17.0 -1.0 9.990329951227002 95.54144681850009 0.06010047269665363 0.027648358990676344 -0.1942308275135314 32.0 -1.0 -1.0 -1.0 -1.0 
100.05 55.17 17.0 -1.0 1.6325897834 70.92884289261151 0.1466279023623302 0.029030776940210157 4.997565028183195 16.0 -1.0 -1.0 -1.0 -1.0 
100.05 55.17 17.0 -1.0 0.054243629318944116 0.0 0.09403668908068452 0.026265941041142528 2.1563362007494167 8.0 -1.0 -1.0 -1.0 -1.0 
100.05 55.17 17.0 -1.0 158.8731184382565 227.24046782544775 0.18468288179219555 0.01105934359627054 5.440179666792409 1.0 -1.0 -1.0 -1.0 -1.0 
100.05 55.17 17.0 -1.0 0.1121204607911729 45.202649315413105 4.912121799615967 0.016589015394405805 361.93797293602387 32.0 363.3954223116183 32.0 0.11211038023854296 47.461830627246854 
100.05 55.17 17.0 -1.0 0.03554146245447903 18.681034558707676 3.0517464977915516 0.042854956435548326 6.820421063581033 16.0 -1.0 -1.0 -1.0 -1.0 
100.05 55.17 17.0 -1.0 24.364904074197256 75.74682260848259 1.0251822544922815 0.048384628233683606 31.30586334123285 8.0 31.392656647893606 8.0 24.364877996655803 75.69605396413785 
100.05 55.17 17.0 -1.0 0.41363243246 151.49364521696518 3.3338978978598517 0.022118687192541075 321.7277527343651 32.0 321.9002893531787 32.0 0.4136381903663278 151.3921079282757 
100.05 55.17 17.0 -1.0 2.610999103399925 23.021761566874545 0.06439926164566273 0.019353851293473442 3.204844213515756 2.0 7.84567647303606 1.0 23.500372966130577 28.234223336890985 
100.05 55.17 17.0 -1.0 0.006795914387731952 86.88271912158083 0.018985753711484362 0.03317803078881161 0.8908062191302883 8.0 -1.0 -1.0 -1.0 -1.0 
100.05 55.17 17.0 -1.0 9.990329951227002 95.54144681850009 0.06010047269665363 0.027648358990676344 -0.1942308275135314 32.0 -1.0 -1.0 -1.0 -1.0 
100.05 55.17 17.0 -1.0 1.6325897834 70.92884289261151 0.1466279023623302 0.029030776940210157 4.997565028183195 16.0 -1.0 -1.0 -1.0 -1.0 
100.05 55.17 17.0 -1.0 0.054243629318944116 0.0 0.09403668908068452 0.026265941041142528 2.1563362007494167 8.0 -1.0 -1.0 -1.0 -1.0 
100.05 55.17 17.0 -1.0 158.8731184382565 227.24046782544775 0.18468288179219555 0.01105934359627054 5.440179666792409 1.0 -1.0 -1.0 -1.0 -1.0 
100.05 55.17 17.0 -1.0 0.1121204607911729 45.202649315413105 4.912121799615967 0.016589015394405805 361.93797293602387 32.0 363.3954223116183 32.0 0.11211038023854296 47.461830627246854 
100.05 55.17 17.0 -1.0 0.03554146245447903 18.681034558707676 3.0517464977915516 0.042854956435548326 6.820421063581033 16.0 -1.0 -1.0 -1.0 -1.0 
100.05 55.17 17.0 -1.0 24.364904074197256 75.74682260848259 1.0251822544922815 0.048384628233683606 31.30586334123285 8.0 31.392656647893606 8.0 24.364877996655803 75.69605396413785 
100.05 55.17 17.0 -1.0 0.41363243246 151.49364521696518 3.3338978978598517 0.022118687192541075 321.7277527343651 32.0 321.9002893531787 32.0 0.4136381903663278 151.3921079282757 
100.05 55.17 17.0 -1.0 2.610999103399925 23.021761566874545 0.06439926164566273 0.019353851293473442 3.204844213515756 2.0 7.84567647303606 1.0 23.500372966130577 28.234223336890985 
100.05 55.17 17.0 -1.0 0.006795914387731951 86.88271912158083 0.01898575371148436 0.03317803078881161 0.8908062191302883 8.0 -1.0 -1.0 -1.0 -1.0 
100.05 55.17 17.0 -1.0 9.990329951227002 95.54144681850009 0.06010047269665363 0.027648358990676344 -0.1942308275135314 32.0 -1.0 -1.0 -1.0 -1.0 
100.05 55.17 17.0 -1.0 1.6325897834 70.92884289261151 0.14662790236233017 0.029030776940210157 4.997565028183195 16.0 -1.0 -1.0 -1.0 -1.0 
100.05 55.17 17.0 -1.0 0.054243629318944116 0.0 0.09403668908068452 0.026265941041142528 2.1563362007494167 8.0 -1.0 -1.0 -1.0 -1.0 
100.05 55.17 17.0 -1.0 158.8731184382565 227.24046782544775 0.18468288179219555 0.01105934359627054 5.440179666792409 1.0 -1.0 -1.0 -1.0 -1.0 
100.05 55.17 17.0 -1.0 0.11212046079117288 45.202649315413105 4.912121799615967 0.016589015394405805 361.93797293605763 32.0 363.3954223116183 32.0 0.11211038023854296 47.461830627246854 
100.05 55.17 17.0 -1.0 0.035541462454479034 18.681034558707676 3.0517464977915516 0.04285495643554833 6.820421063581033 16.0 -1.0 -1.0 -1.0 -1.0 
100.05 55.17 17.0 -1.0 24.364904074197256 75.74682260848259 1.0251822544922815 0.048384628233683606 31.30586334123285 8.0 31.392656647893606 8.0 24.364877996655803 75.69605396413785 
100.05 55.17 17.0 -1.0 0.41363243246 151.49364521696518 3.3338978978598517 0.022118687192541075 321.7277527343651 32.0 321.9002893531787 32.0 0.4136381903663278 151.3921079282757 
100.08 54.78 17.0 -1.0 18.57858377128551 210.65636625422212 0.1806448906713718 0.011059343596270537 6.373640316834179 4.0 6.5515046491601066 4.0 18.57843017205596 210.59289879595033 
100.08 54.78 17.0 -1.0 1.7465751271 48.84188239749131 0.017342987552518497 0.017971433343939622 0.9301742885280049 2.0 -1.0 -1.0 -1.0 -1.0 
100.08 54.78 17.0 -1.0 2.13492010059 127.57481372240701 0.8489710661838604 0.011059343596270537 117.95897602430415 32.0 118.43760069095713 32.0 2.134917546451713 127.61059364809869 
100.08 54.78 17.0 -1.0 0.0010326914663350486 83.31042733217825 0.2643274183097154 0.04285495643554833 9.588177270274784 4.0 -1.0 -1.0 -1.0 -1.0 
100.08 54.78 17.0 -1.0 3.525564471224 151.37779296017223 0.02027359157379194 0.06359122567855559 1.278760685430489 1.0 -1.0 -1.0 -1.0 -1.0 
100.08 54.78 17.0 -1.0 0.970870701068 0.0 0.3843779585134257 0.07188573337575849 2.472961460603682 8.0 -1.0 -1.0 -1.0 -1.0 
100.08 54.78 17.0 -1.0 166.34448368090582 152.5679419220605 0.07212499707993349 0.009676925646736721 2.5495331375934027 2.0 -1.0 -1.0 -1.0 -1.0 
100.08 54.78 17.0 -1.0 0.5192453694 49.64294419876226 5.628271480212304 0.026265941041142528 336.53764085019645 32.0 337.96022679901574 32.0 0.5192305252421647 49.789383088710984 
100.08 54.78 17.0 -1.0 315.457413 76.28397096103025 2.7475391812400556 0.03041319488974398 61.375737383740706 1.0 61.533556791097205 1.0 315.4573884482185 76.30324156278066 
100.08 54.78 17.0 -1.0 1.1623418229 228.85191288309073 6.703206958736201 0.031795612839277794 450.39133374623833 16.0 460.6387534631218 32.0 1.1623342288658023 228.70732882212772 
100.18 22.82 17.0 -1.0 4.279869765973 90.28276732507123 0.6089455454099885 0.009676925646736721 113.84835114520926 32.0 114.28527766305307 32.0 4.279869851112987 90.26855633156545 
100.18 22.82 17.0 -1.0 0.466973 67.484088707629 0.03932416103941603 0.016589015394405805 0.9233924479526907 4.0 -1.0 -1.0 -1.0 -1.0 
100.18 22.82 17.0 -1.0 2.959849608372 53.00692778555319 0.19276514212614074 0.022118687192541075 8.194448439703615 16.0 8.558538949715423 16.0 2.9598595574498177 52.82532108192507 
100.18 22.82 17.0 -1.0 253.628279 153.51110269077768 0.11561290148859557 0.08432749492156286 0.8029279779600542 1.0 -1.0 -1.0 -1.0 -1.0 
100.18 22.82 17.0 -1.0 0.217373867646 53.95687272794661 0.0147950695714271 0.029030776940210157 1.8566770298850719 1.0 -1.0 -1.0 -1.0 -1.0 
100.18 22.82 17.0 -1.0 0.767365 126.64665971989159 0.30412232699116293 0.009676925646736721 32.96405685902136 32.0 33.55784646130004 32.0 0.7673709963758787 126.59861431702734 
100.18 22.82 17.0 -1.0 2.895182851468 379.93997915967475 0.04124407198270375 0.035942866687879244 1.7547095402118846 32.0 -1.0 -1.0 -1.0 -1.0 
100.18 22.82 17.0 -1.0 2.664464 24.35658832296745 1.911736987624171 0.027648358990676344 124.68732820459284 32.0 125.1079180088173 32.0 2.66448599480403 24.388701878819813 
100.18 22.82 17.0 -1.0 0.4644534146 0.0 3.3477458107057347 0.005529671798135269 542.4329499185196 32.0 7.0665150803635095 2.0 2.320060351242622 3.137135926321221 
100.18 22.82 17.0 -1.0 0.07727254392411635 253.29331943978318 3.1285963547448676 0.01520659744487199 300.45608079940433 32.0 300.72544902291247 32.0 0.07727673316063981 253.5008224333761 
100.18 22.82 17.0 -1.0 4.279869765973 90.28276732507123 0.6089455454099885 0.009676925646736721 113.84835114520926 32.0 114.28527766305307 32.0 4.279869851112987 90.26855633156545 
100.18 22.82 17.0 -1.0 0.466973 67.484088707629 0.03932416103941603 0.016589015394405805 0.9233924479526907 4.0 -1.0 -1.0 -1.0 -1.0 
100.18 22.82 17.0 -1.0 2.959849608372 53.00692778555319 0.19276514212614074 0.022118687192541075 8.194448439703615 16.0 8.558538949715423 16.0 2.9598595574498177 52.82532108192507 
100.18 22.82 17.0 -1.0 253.628279 153.51110269077768 0.11561290148859557 0.08432749492156286 0.8029279779600542 1.0 -1.0 -1.0 -1.0 -1.0 
100.18 22.82 17.0 -1.0 0.217373867646 53.95687272794661 0.0147950695714271 0.029030776940210157 1.8566770298850719 1.0 -1.0 -1.0 -1.0 -1.0 
100.18 22.82 17.0 -1.0 0.767365 126.64665971989159 0.30412232699116293 0.009676925646736721 32.96405685902136 32.0 33.55784646130004 32.0 0.7673709963758787 126.59861431702734 
100.18 22.82 17.0 -1.0 2.895182851468 379.93997915967475 0.04124407198270375 0.035942866687879244 1.7547095402118846 32.0 -1.0 -1.0 -1.0 -1.0 
100.18 22.82 17.0 -1.0 2.664464 24.35658832296745 1.911736987624171 0.027648358990676344 124.68732820459284 32.0 125.1079180088173 32.0 2.66448599480403 24.388701878819813 
100.18 22.82 17.0 -1.0 0.4644534146 0.0 3.3477458107057347 0.005529671798135269 542.4329499185196 32.0 7.0665150803635095 2.0 2.320060351242622 3.137135926321221 
100.18 22.82 17.0 -1.0 0.07727254392411635 253.29331943978318 3.1285963547448676 0.01520659744487199 300.45608079940433 32.0 300.72544902291247 32.0 0.07727673316063981 253.5008224333761 
100.22 23.25 17.0 -1.0 1.187073 48.82406615613806 0.21219379168489502 0.023501105142074888 8.692841181353186 16.0 9.050638722161208 16.0 1.187072484754026 48.372612025211076 
100.22 23.25 17.0 -1.0 393.46001048594 88.23854061500182 0.09364770737528129 0.015206597444871989 1.1920656334314144 1.0 -1.0 -1.0 -1.0 -1.0 
100.22 23.25 17.0 -1.0 1.01236803003 251.90497290775258 0.13524247542173515 0.11474068981130682 1.059944327772666 8.0 -1.0 -1.0 -1.0 -1.0 
100.22 23.25 17.0 -1.0 0.0035878306264439147 136.42018484803282 1.5021651139281067 0.011059343596270537 16.173403074906698 16.0 -1.0 -1.0 -1.0 -1.0 
100.22 23.25 17.0 -1.0 277.94006243351 36.35352294288298 1.5875231679595287 0.03041319488974398 26.954403722703635 1.0 26.95440377449207 1.0 277.9396406064431 36.33005798546188 
100.22 23.25 17.0 -1.0 0.0010664516646412315 97.64813231227612 2.0612535334981046 0.017971433343939622 6.834805199796157 4.0 -1.0 -1.0 -1.0 -1.0 
100.22 23.25 17.0 -1.0 219.5656060346 27.813090318047685 1.480529419693707 0.009676925646736721 46.94272901409124 2.0 46.94272907597334 2.0 219.56560279553136 27.829431604462442 
100.22 23.25 17.0 -1.0 1.4414462816 0.0 4.693179302532017 0.022118687192541075 354.08427859177766 32.0 12.58772167333578 2.0 4.322403886665901 3.9467193911783096 
100.22 23.25 17.0 -1.0 3.56280182998 125.95248645387629 1.2551911571842693 0.08709233082063048 16.61453831747975 4.0 16.620725809096164 4.0 3.562793911745151 126.09262465149165 
100.22 23.25 17.0 -1.0 2.2825153353 377.85745936162886 7.227463358668023 0.019353851293473442 702.7606392492072 32.0 702.9357504606666 32.0 2.282528536549459 377.77188428893925 
100.22 23.25 17.0 -1.0 1.187073 48.82406615613806 0.21219379168489502 0.023501105142074888 8.692841181353186 16.0 9.050638722161208 16.0 1.187072484754026 48.372612025211076 
100.22 23.25 17.0 -1.0 393.46001048594 88.23854061500182 0.09364770737528129 0.015206597444871989 1.1920656334314144 1.0 -1.0 -1.0 -1.0 -1.0 
100.22 23.25 17.0 -1.0 1.01236803003 251.90497290775258 0.13524247542173515 0.11474068981130682 1.059944327772666 8.0 -1.0 -1.0 -1.0 -1.0 
100.22 23.25 17.0 -1.0 0.0035878306264439147 136.42018484803282 1.5021651139281067 0.011059343596270537 16.173403074906698 16.0 -1.0 -1.0 -1.0 -1.0 
100.22 23.25 17.0 -1.0 277.94006243351 36.35352294288298 1.5875231679595287 0.03041319488974398 26.954403722703635 1.0 26.95440377449207 1.0 277.9396406064431 36.33005798546188 
100.22 23.25 17.0 -1.0 0.0010664516646412315 97.64813231227612 2.0612535334981046 0.017971433343939622 6.834805199796157 4.0 -1.0 -1.0 -1.0 -1.0 
100.22 23.25 17.0 -1.0 219.5656060346 27.813090318047685 1.480529419693707 0.009676925646736721 46.94272901409124 2.0 46.94272907597334 2.0 219.56560279553136 27.829431604462442 
100.22 23.25 17.0 -1.0 1.4414462816 0.0 4.693179302532017 0.022118687192541075 354.08427859177766 32.0 12.58772167333578 2.0 4.322403886665901 3.9467193911783096 
100.22 23.25 17.0 -1.0 3.56280182998 125.95248645387629 1.2551911571842693 0.08709233082063048 16.61453831747975 4.0 16.620725809096164 4.0 3.562793911745151 126.09262465149165 
100.22 23.25 17.0 -1.0 2.2825153353 377.85745936162886 7.227463358668023 0.019353851293473442 702.7606392492072 32.0 702.9357504606666 32.0 2.282528536549459 377.77188428893925 
100.49 31.21 17.0 -1.0 1.00534775968 98.7123160320522 0.017523641607693236 0.03732528463741307 -0.32817261057887837 4.0 -1.0 -1.0 -1.0 -1.0 
100.49 31.21 17.0 -1.0 1.268762 13.003812226676324 0.7317899463156683 0.019353851293473442 56.935018147824415 32.0 57.59409083337991 32.0 1.2687754254632941 12.852137504606292 
100.49 31.21 17.0 -1.0 0.11525497049014594 29.64457457479774 0.2785765107675899 0.026265941041142528 3.5537171732502926 16.0 -1.0 -1.0 -1.0 -1.0 
100.49 31.21 17.0 -1.0 1.965177 114.35806372430655 0.46191967039693876 0.03732528463741307 12.706633227595308 16.0 12.722582627292429 16.0 1.9651755186108253 114.45486234417099 
100.49 31.21 17.0 -1.0 3.20190160725 78.33167101187875 4.864841630603801 0.07465056927482613 100.89365077019598 16.0 100.92468406744005 16.0 3.201906414081653 78.32720022492339 
100.49 31.21 17.0 -1.0 1.0462677939546157 50.985923400635926 1.3101219748257449 0.006912089747669086 303.5875590140001 32.0 303.870365244893 32.0 1.0462523884295176 51.00375828599662 
100.49 31.21 17.0 -1.0 32.546178349804535 49.510556841936506 4.918913516317409 0.022118687192541075 369.92934886479355 8.0 34.95636206196065 1.0 358.0081587036451 49.48578928938958 
100.49 31.21 17.0 -1.0 3.713 0.0 8.842898893257331 0.013824179495338172 1718.0885626178476 32.0 -1.0 -1.0 -1.0 -1.0 
100.49 31.21 17.0 -1.0 2.040226 228.7161274486131 3.1809017497638012 0.06359122567855559 111.54087391981996 8.0 111.5408773731334 8.0 2.0401785150170326 228.70732882212772 
100.49 31.21 17.0 -1.0 0.341613 343.07419117291965 2.2487190214671773 0.01105934359627054 373.2067407229247 32.0 374.295173757632 32.0 0.34160620998591185 342.9597953000844 
100.49 31.21 17.0 -1.0 1.00534775968 98.7123160320522 0.017523641607693236 0.03732528463741307 -0.32817261057887837 4.0 -1.0 -1.0 -1.0 -1.0 
100.49 31.21 17.0 -1.0 1.268762 13.003812226676324 0.7317899463156683 0.019353851293473442 56.935018147824415 32.0 57.59409083337991 32.0 1.2687754254632941 12.852137504606292 
100.49 31.21 17.0 -1.0 0.11525497049014594 29.64457457479774 0.2785765107675899 0.026265941041142528 3.5537171732502926 16.0 -1.0 -1.0 -1.0 -1.0 
100.49 31.21 17.0 -1.0 1.965177 114.35806372430655 0.46191967039693876 0.03732528463741307 12.706633227595308 16.0 12.722582627292429 16.0 1.9651755186108253 114.45486234417099 
100.49 31.21 17.0 -1.0 3.20190160725 78.33167101187875 4.864841630603801 0.07465056927482613 100.89365077019598 16.0 100.92468406744005 16.0 3.201906414081653 78.32720022492339 
100.49 31.21 17.0 -1.0 1.0462677939546157 50.985923400635926 1.3101219748257449 0.006912089747669086 303.5875590140001 32.0 303.870365244893 32.0 1.0462523884295176 51.00375828599662 
100.49 31.21 17.0 -1.0 32.546178349804535 49.510556841936506 4.918913516317409 0.022118687192541075 369.92934886479355 8.0 34.95636206196065 1.0 358.0081587036451 49.48578928938958 
100.49 31.21 17.0 -1.0 3.713 0.0 8.842898893257331 0.013824179495338172 1718.0885626178476 32.0 -1.0 -1.0 -1.0 -1.0 
100.49 31.21 17.0 -1.0 2.040226 228.7161274486131 3.1809017497638012 0.06359122567855559 111.54087391981996 8.0 111.5408773731334 8.0 2.0401785150170326 228.70732882212772 
100.49 31.21 17.0 -1.0 0.341613 343.07419117291965 2.2487190214671773 0.01105934359627054 373.2067407229247 32.0 374.295173757632 32.0 0.34160620998591185 342.9597953000844 
100.51 63.04 17.0 -1.0 30.4712137997271 41.68980211095164 0.11246181818083695 0.009676925646736721 1.953167918014547 1.0 -1.0 -1.0 -1.0 -1.0 
100.51 63.04 17.0 -1.0 0.7277375593361884 1.0220979301129116 0.010856843319584756 0.04009012053648069 0.8266453487340627 16.0 -1.0 -1.0 -1.0 -1.0 
100.51 63.04 17.0 -1.0 2.6515508603 37.30657444912127 0.040203181821685904 0.21427478217774165 0.06973325471195094 4.0 -1.0 -1.0 -1.0 -1.0 
100.51 63.04 17.0 -1.0 0.03772946719586941 81.29609690282696 0.013219411484660288 0.029030776940210157 0.8064825316482095 4.0 -1.0 -1.0 -1.0 -1.0 
100.51 63.04 17.0 -1.0 155.2642352611918 0.0 0.09109529563125787 0.07741540517389377 0.6051035290883584 1.0 -1.0 -1.0 -1.0 -1.0 
100.51 63.04 17.0 -1.0 0.6577596477986581 131.02509234870516 0.026949024815046144 0.019353851293473442 2.607252264482207 2.0 -1.0 -1.0 -1.0 -1.0 
100.51 63.04 17.0 -1.0 300.93062461215555 196.53763852305775 0.4376874725064413 0.03041319488974398 9.2758118494193 1.0 -1.0 -1.0 -1.0 -1.0 
100.51 63.04 17.0 -1.0 2.10084 24.058612816503917 9.390684932040841 0.11612310776084063 139.02645876377002 8.0 140.90959713827934 16.0 2.100872128115346 23.781514280176992 
100.51 63.04 17.0 -1.0 4.929022 23.036514886391007 7.084105633896749 0.017971433343939622 968.7721636208213 32.0 969.280359373598 32.0 4.929036852748444 23.07312874842704 
100.51 63.04 17.0 -1.0 0.5373436250374977 65.51254617435258 3.499084217822146 0.03456044873834543 173.0959109206543 32.0 173.64424404521785 32.0 0.5373597862975051 65.57626065342423 
100.51 63.04 17.0 -1.0 30.4712137997271 41.68980211095164 0.11246181818083695 0.009676925646736721 1.953167918014547 1.0 -1.0 -1.0 -1.0 -1.0 
100.51 63.04 17.0 -1.0 0.7277375593361884 1.0220979301129116 0.010856843319584756 0.04009012053648069 0.8266453487340627 16.0 -1.0 -1.0 -1.0 -1.0 
100.51 63.04 17.0 -1.0 2.6515508603 37.30657444912127 0.040203181821685904 0.21427478217774165 0.06973325471195094 4.0 -1.0 -1.0 -1.0 -1.0 
100.51 63.04 17.0 -1.0 0.03772946719586941 81.29609690282696 0.013219411484660288 0.029030776940210157 0.8064825316482095 4.0 -1.0 -1.0 -1.0 -1.0 
100.51 63.04 17.0 -1.0 155.2642352611918 0.0 0.09109529563125787 0.07741540517389377 0.6051035290883584 1.0 -1.0 -1.0 -1.0 -1.0 
100.51 63.04 17.0 -1.0 0.6577596477986581 131.02509234870516 0.026949024815046144 0.019353851293473442 2.607252264482207 2.0 -1.0 -1.0 -1.0 -1.0 
100.51 63.04 17.0 -1.0 300.93062461215555 196.53763852305775 0.4376874725064413 0.03041319488974398 9.2758118494193 1.0 -1.0 -1.0 -1.0 -1.0 
100.51 63.04 17.0 -1.0 2.10084 24.058612816503917 9.390684932040841 0.11612310776084063 139.02645876377002 8.0 140.90959713827934 16.0 2.100872128115346 23.781514280176992 
100.51 63.04 17.0 -1.0 4.929022 23.036514886391007 7.084105633896749 0.017971433343939622 968.7721636208213 32.0 969.280359373598 32.0 4.929036852748444 23.07312874842704 
100.51 63.04 17.0 -1.0 0.5373436250374977 65.51254617435258 3.499084217822146 0.03456044873834543 173.0959109206543 32.0 173.64424404521785 32.0 0.5373597862975051 65.57626065342423 
100.53 22.82 17.0 -1.0 3.000716562 83.59857645599351 0.12656401135534617 0.017971433343939622 5.217960248920928 16.0 -1.0 -1.0 -1.0 -1.0 
100.53 22.82 17.0 -1.0 0.007623297300831945 14.517569659701174 0.05651649464577384 0.019353851293473442 -0.5441562491803048 1.0 -1.0 -1.0 -1.0 -1.0 
100.53 22.82 17.0 -1.0 3.9123434672282498 21.418128744701992 0.011959355362282424 0.013824179495338172 0.3802820891710064 1.0 -1.0 -1.0 -1.0 -1.0 
100.53 22.82 17.0 -1.0 1.3398655379865 32.31573298276339 0.06717113988391868 0.023501105142074895 0.2010371071073557 1.0 -1.0 -1.0 -1.0 -1.0 
100.53 22.82 17.0 -1.0 258.687554 0.0 0.8941186207550403 0.008294507697202903 40.67958530096111 1.0 -1.0 -1.0 -1.0 -1.0 
100.53 22.82 17.0 -1.0 2.09803725694 125.68067448255589 0.3310945218811978 0.06359122567855559 5.520700977019342 8.0 -1.0 -1.0 -1.0 -1.0 
100.53 22.82 17.0 -1.0 251.75352627488 38.46213260492259 1.3002037106569442 0.016589015394405805 35.036586834587226 2.0 35.036586335692036 2.0 251.75346915299696 38.45521458071173 
100.53 22.82 17.0 -1.0 24.25319215059094 25.377465924620495 2.366668409085583 0.012441761545804356 296.6380638479646 16.0 296.6380658726089 16.0 24.253192047278088 25.400681209891175 
100.53 22.82 17.0 -1.0 0.3619207184604502 251.36134896511177 6.255753505687538 0.012441761545804354 1080.3794961848996 32.0 1081.2757913892913 32.0 0.3619182583255073 251.47686377123335 
100.53 22.82 17.0 -1.0 0.018850163698248365 377.04202344766765 1.4243455449563132 0.03732528463741307 10.638588708699716 16.0 10.81023739664437 16.0 0.018856856816758714 376.861102890975 
100.55 62.64 17.0 -1.0 0.5557801858 61.02411922739559 0.4949592636869072 0.016589015394405805 46.18651008415006 32.0 46.86119892077134 32.0 0.5557922122534364 61.12355159671024 
100.55 62.64 17.0 -1.0 0.4504 142.11962244152923 0.013608597880788035 0.049767046183217416 1.400847047857245 2.0 -1.0 -1.0 -1.0 -1.0 
100.55 62.64 17.0 -1.0 0.32264020682169114 3.5559538559181627 0.16096100390942383 0.09400442056829957 0.9734179493498961 1.0 -1.0 -1.0 -1.0 -1.0 
100.55 62.64 17.0 -1.0 97.16279515771058 5.689526169469061 0.5310953723506969 0.06082638977948796 6.570416386007927 4.0 -1.0 -1.0 -1.0 -1.0 
100.55 62.64 17.0 -1.0 52.73012775309677 0.0 0.04555812654498708 0.02903077694021016 0.5667711826288366 1.0 -1.0 -1.0 -1.0 -1.0 
100.55 62.64 17.0 -1.0 3.23710816885 65.84441223208465 0.32385531959815134 0.05391430003181887 4.548943075368582 4.0 -1.0 -1.0 -1.0 -1.0 
100.55 62.64 17.0 -1.0 10.316928486503567 131.6888244641693 0.06212684909462429 0.09400442056829957 1.1960374029214074 1.0 -1.0 -1.0 -1.0 -1.0 
100.55 62.64 17.0 -1.0 8.42387236305 197.53323669625394 0.1486679050845533 0.027648358990676344 2.697106529442707 8.0 -1.0 -1.0 -1.0 -1.0 
100.55 62.64 17.0 -1.0 21.032900128894585 6.855088822242236 3.2790766992757394 0.01520659744487199 360.87451945077584 16.0 361.13535682917103 16.0 21.032913840220623 6.8814594512852585 
100.55 62.64 17.0 -1.0 0.007836418966217519 119.63809195244663 2.251828199773005 0.008294507697202903 77.04642231294406 32.0 -1.0 -1.0 -1.0 -1.0 
100.55 62.64 17.0 -1.0 0.5557801858 61.02411922739559 0.4949592636869072 0.016589015394405805 46.18651008415006 32.0 46.86119892077134 32.0 0.5557922122534364 61.12355159671024 
100.55 62.64 17.0 -1.0 0.4504 142.11962244152923 0.013608597880788035 0.049767046183217416 1.400847047857245 2.0 -1.0 -1.0 -1.0 -1.0 
100.55 62.64 17.0 -1.0 0.32264020682169114 3.5559538559181627 0.16096100390942383 0.09400442056829957 0.9734179493498961 1.0 -1.0 -1.0 -1.0 -1.0 
100.55 62.64 17.0 -1.0 97.16279515771058 5.689526169469061 0.5310953723506969 0.06082638977948796 6.570416386007927 4.0 -1.0 -1.0 -1.0 -1.0 
100.55 62.64 17.0 -1.0 52.73012775309677 0.0 0.04555812654498708 0.02903077694021016 0.5667711826288366 1.0 -1.0 -1.0 -1.0 -1.0 
100.55 62.64 17.0 -1.0 3.23710816885 65.84441223208465 0.32385531959815134 0.05391430003181887 4.548943075368582 4.0 -1.0 -1.0 -1.0 -1.0 
100.55 62.64 17.0 -1.0 10.316928486503567 131.6888244641693 0.06212684909462429 0.09400442056829957 1.1960374029214074 1.0 -1.0 -1.0 -1.0 -1.0 
100.55 62.64 17.0 -1.0 8.42387236305 197.53323669625394 0.1486679050845533 0.027648358990676344 2.697106529442707 8.0 -1.0 -1.0 -1.0 -1.0 
100.55 62.64 17.0 -1.0 21.032900128894585 6.855088822242236 3.2790766992757394 0.01520659744487199 360.87451945077584 16.0 361.13535682917103 16.0 21.032913840220623 6.8814594512852585 
100.55 62.64 17.0 -1.0 0.007836418966217519 119.63809195244663 2.251828199773005 0.008294507697202903 77.04642231294406 32.0 -1.0 -1.0 -1.0 -1.0 
100.81 54.39 17.0 -1.0 0.04993722094168147 144.69586985246568 0.38838184981041013 0.022118687192541075 7.14046681666146 32.0 -1.0 -1.0 -1.0 -1.0 
100.81 54.39 17.0 -1.0 353.35689 12.361180822942172 0.40621960178357225 0.06082638977948796 2.6953539346503743 1.0 -1.0 -1.0 -1.0 -1.0 
100.81 54.39 17.0 -1.0 2.14149933124 65.8057743261565 0.3973378303427719 0.027648358990676344 17.436471514480438 16.0 17.436471369140506 16.0 2.141496224794537 65.7786565196385 
100.81 54.39 17.0 -1.0 148.2905395600328 75.31958991383227 0.02441399008583908 0.0400901205364807 0.7285885017107537 2.0 -1.0 -1.0 -1.0 -1.0 
100.81 54.39 17.0 -1.0 0.730453590795 225.95876974149684 0.2650588651678506 0.05529671798135269 1.3654829259116397 2.0 -1.0 -1.0 -1.0 -1.0 
100.81 54.39 17.0 -1.0 3.8573305671 98.03071738559989 5.056737237508295 0.038707702586946884 281.26437527155997 16.0 283.90234173401325 32.0 3.8573186126692844 98.06079718081493 
100.81 54.39 17.0 -1.0 8.389566016290834 12.67755473797177 3.5428677045357895 0.1769494975403286 77.8689410770585 4.0 77.96963937808032 4.0 8.389664192994436 12.649741638392019 
100.81 54.39 17.0 -1.0 0.273883 11.931816223973431 3.499084217822146 0.05391430003181887 41.09883157326605 16.0 43.026965274464054 16.0 0.2738791711938878 15.382085832284695 
100.81 54.39 17.0 -1.0 0.918 0.0 1.4990550498703563 0.012441761545804354 182.38784575670562 32.0 -1.0 -1.0 -1.0 -1.0 
100.81 54.39 17.0 -1.0 2.2529049469 150.63917982766455 1.0597477916820932 0.02350110514207489 63.036888391271034 32.0 63.03688593598493 32.0 2.2529093257617205 150.68372239652572 
101.22 22.82 17.0 -1.0 5.1377698913332 19.693266390823737 0.016581429249873405 0.03041319488974398 0.10760767958983068 4.0 -1.0 -1.0 -1.0 -1.0 
101.22 22.82 17.0 -1.0 0.04902766121992489 26.790273712799838 0.04794773283893708 0.006912089747669087 1.2536066348133925 1.0 -1.0 -1.0 -1.0 -1.0 
101.22 22.82 17.0 -1.0 0.14908171143636184 95.53092054869401 0.4167369282127217 0.026265941041142528 7.044924063506098 32.0 8.276277889257003 32.0 0.14909649811064205 97.25121371595783 
101.22 22.82 17.0 -1.0 239.23445 101.36458625314557 0.062041068371461706 0.009676925646736721 0.7583761288762354 1.0 -1.0 -1.0 -1.0 -1.0 
101.22 22.82 17.0 -1.0 36.34119128813131 41.80174469750322 0.9714014331574036 0.013824179495338172 69.61066565741193 8.0 69.61066782730599 8.0 36.34122549556196 41.794746373247236 
101.22 22.82 17.0 -1.0 6.728855103385128 46.334911678032455 0.826973797382897 0.05391430003181887 27.78741060104298 8.0 -1.0 -1.0 -1.0 -1.0 
101.22 22.82 17.0 -1.0 478.67640071882687 0.0 0.09274632919026742 0.04700221028414978 0.7503187915092591 1.0 -1.0 -1.0 -1.0 -1.0 
101.22 22.82 17.0 -1.0 1.6143260283 123.84463562380286 0.5021923433847281 0.11197585391223919 2.3519578655902524 1.0 -1.0 -1.0 -1.0 -1.0 
101.22 22.82 17.0 -1.0 1.187073 247.68927124760572 0.011951096159304526 0.019353851293473442 0.14662975518664823 2.0 -1.0 -1.0 -1.0 -1.0 
101.22 22.82 17.0 -1.0 231.768195441668 371.5339068714086 2.1559235838680992 0.01520659744487199 65.90364643887328 1.0 65.90364776291345 1.0 231.76835384219888 371.49761243629683 
101.22 22.82 17.0 -1.0 5.1377698913332 19.693266390823737 0.0165814292498734 0.03041319488974398 0.10760767958983068 4.0 -1.0 -1.0 -1.0 -1.0 
101.22 22.82 17.0 -1.0 0.049027661219924884 26.790273712799838 0.04794773283893708 0.006912089747669086 1.2536066348133925 1.0 -1.0 -1.0 -1.0 -1.0 
101.22 22.82 17.0 -1.0 0.14908171143636184 95.53092054869401 0.4167369282127217 0.026265941041142528 7.044924063506098 32.0 8.276277889257003 32.0 0.14909649811064205 97.25121371595783 
101.22 22.82 17.0 -1.0 239.23445 101.36458625314557 0.062041068371461706 0.009676925646736721 0.7583761288762354 1.0 -1.0 -1.0 -1.0 -1.0 
101.22 22.82 17.0 -1.0 36.34119128813131 41.80174469750322 0.9714014331574036 0.013824179495338172 69.61066565741193 8.0 69.61066782730599 8.0 36.34122549556196 41.794746373247236 
101.22 22.82 17.0 -1.0 6.728855103385128 46.334911678032455 0.826973797382897 0.05391430003181887 27.787410601042975 8.0 -1.0 -1.0 -1.0 -1.0 
101.22 22.82 17.0 -1.0 478.67640071882687 0.0 0.09274632919026742 0.04700221028414978 0.7503187915092591 1.0 -1.0 -1.0 -1.0 -1.0 
101.22 22.82 17.0 -1.0 1.6143260283 123.84463562380286 0.5021923433847281 0.11197585391223919 2.3519578655902524 1.0 -1.0 -1.0 -1.0 -1.0 
101.22 22.82 17.0 -1.0 1.187073 247.68927124760572 0.011951096159304527 0.019353851293473442 0.14662975518664823 2.0 -1.0 -1.0 -1.0 -1.0 
101.22 22.82 17.0 -1.0 231.768195441668 371.5339068714086 2.155923583868099 0.01520659744487199 65.90364643887325 1.0 65.90364776291345 1.0 231.76835384219888 371.49761243629683 
101.22 63.04 17.0 -1.0 0.721308702201 40.71961811492016 0.06611226376675329 0.06497364362808941 0.13527481105236847 4.0 -1.0 -1.0 -1.0 -1.0 
101.22 63.04 17.0 -1.0 36.174568658607335 101.53715160242598 0.1434219627427053 0.017971433343939622 2.675542025199013 8.0 -1.0 -1.0 -1.0 -1.0 
101.22 63.04 17.0 -1.0 0.01911184088305906 17.905768232525634 0.016286253188600722 0.020736269243007262 1.356174713185573 4.0 -1.0 -1.0 -1.0 -1.0 
101.22 63.04 17.0 -1.0 0.007280896776164848 109.60735700300091 0.8757784197147112 0.02350110514207489 2.753800209556488 4.0 -1.0 -1.0 -1.0 -1.0 
101.22 63.04 17.0 -1.0 0.1893240918829196 64.65864086566408 0.7653998783070953 0.04009012053648069 13.751461258498964 16.0 15.386419652969783 32.0 0.18932648041906458 65.87985445274563 
101.22 63.04 17.0 -1.0 0.36228891961 129.31728173132817 0.23213283406807478 0.1451538847010508 0.7730211641013013 1.0 -1.0 -1.0 -1.0 -1.0 
101.22 63.04 17.0 -1.0 0.009246266070866134 193.97592259699223 0.0147950695714271 0.027648358990676344 2.9181517962765384 16.0 -1.0 -1.0 -1.0 -1.0 
101.22 63.04 17.0 -1.0 1.0331 37.01430746225234 2.985021714522505 0.10644618211410392 59.52427077266332 8.0 59.79280240568995 8.0 1.0330647152538102 37.94922491517605 
101.22 63.04 17.0 -1.0 0.36026132922053916 71.33207994690873 1.9249898452225302 0.011059343596270537 349.36764818372114 32.0 349.83476025067654 32.0 0.3602508513722569 71.34454284053099 
101.22 63.04 17.0 -1.0 3.01978 0.0 5.281682335805868 0.022118687192541075 316.83851421116526 32.0 6.177552948505908 2.0 3.021462665249904 7.0838553174995305 
101.26 23.25 17.0 -1.0 3.561497 83.69230543956837 0.05166201213960514 0.01520659744487199 0.6939682358381853 4.0 -1.0 -1.0 -1.0 -1.0 
101.26 23.25 17.0 -1.0 2.0310993539 66.28105285032954 0.026142175999586154 0.017971433343939622 1.6827695506285538 2.0 -1.0 -1.0 -1.0 -1.0 
101.26 23.25 17.0 -1.0 5.37204477631 22.069039906105267 0.021919673625785847 0.02073626924300726 1.5254672358425885 1.0 -1.0 -1.0 -1.0 -1.0 
101.26 23.25 17.0 -1.0 7.2090518853442545 98.77466437037398 0.031721238483364014 0.022118687192541075 1.4950274180267158 16.0 -1.0 -1.0 -1.0 -1.0 
101.26 23.25 17.0 -1.0 0.792393 59.996736629160544 0.2897651852687188 0.027648358990676348 6.499880344897545 16.0 7.701623596526446 4.0 1.5847035683691504 61.83193712846018 
101.26 23.25 17.0 -1.0 2.53578996532 39.03669370326158 0.38278798341664555 0.06497364362808941 5.3345871426524845 4.0 -1.0 -1.0 -1.0 -1.0 
101.26 23.25 17.0 -1.0 2.065561742743 0.0 0.015528128342560735 0.019353851293473442 2.442061832503197 16.0 -1.0 -1.0 -1.0 -1.0 
101.26 23.25 17.0 -1.0 2.7845043401976133 246.41912900183868 0.665705780761369 0.02350110514207489 34.939741365030756 16.0 35.16542388875622 16.0 2.784508978947997 246.41696711587653 
101.26 23.25 17.0 -1.0 2.7874942067382 369.62869350275804 0.04293023603939046 0.016589015394405805 2.238327913261309 2.0 -1.0 -1.0 -1.0 -1.0 
101.26 23.25 17.0 -1.0 0.033480344337898225 123.20956450091934 2.79154468724202 0.038707702586946884 18.11926786261067 16.0 -1.0 -1.0 -1.0 -1.0 
101.26 62.24 17.0 -1.0 9.85349875132 117.53583078776371 0.015506688110229663 0.020736269243007255 2.1498333918856614 1.0 -1.0 -1.0 -1.0 -1.0 
101.26 62.24 17.0 -1.0 1.073871520286 182.15603066707467 0.024532339934557328 0.04009012053648069 0.5952957789961433 8.0 -1.0 -1.0 -1.0 -1.0 
101.26 62.24 17.0 -1.0 0.07448328518400348 12.900513204061472 0.5116475479031465 0.10644618211410392 0.5290013841578747 1.0 -1.0 -1.0 -1.0 -1.0 
101.26 62.24 17.0 -1.0 1.4068059721 73.5407675204173 0.034894282715633586 0.04147253848601452 1.0037930507790216 4.0 -1.0 -1.0 -1.0 -1.0 
101.26 62.24 17.0 -1.0 1.6477542263 5.548397016336469 0.9249038977451978 0.02350110514207489 63.82643197522521 16.0 63.870284074119546 16.0 1.6477618676920733 5.667084253999624 
101.26 62.24 17.0 -1.0 1.83597223158 0.0 0.016096100390942385 0.05944397182995413 1.4098930604282565 1.0 -1.0 -1.0 -1.0 -1.0 
101.26 62.24 17.0 -1.0 30.36958214096 65.34560867649982 0.10444842371142099 0.013824179495338172 2.487873727628529 8.0 -1.0 -1.0 -1.0 -1.0 
101.26 62.24 17.0 -1.0 0.0634170275807191 130.69121735299964 0.3297249531200038 0.016589015394405805 10.60246440331997 32.0 11.089321879302606 32.0 0.0634220972036322 134.6944489655982 
101.26 62.24 17.0 -1.0 0.09159457416403459 196.03682602949948 0.14969852518987475 0.04009012053648069 1.9749982042951608 1.0 -1.0 -1.0 -1.0 -1.0 
101.26 62.24 17.0 -1.0 0.16955348578098683 6.058143738685403 2.7723259135371627 0.022118687192541075 107.21069049298583 32.0 120.7986885965102 32.0 0.16956012890053293 10.52458504314216 
101.28 31.62 17.0 -1.0 152.43624259440242 118.02543853968648 0.05931674589932816 0.03732528463741307 2.8226973021851394 2.0 -1.0 -1.0 -1.0 -1.0 
101.28 31.62 17.0 -1.0 2.33768482203 325.5862581520358 0.06148637336044553 0.02350110514207489 0.613019630265016 1.0 -1.0 -1.0 -1.0 -1.0 
101.28 31.62 17.0 -1.0 0.05865125520053074 114.96813284452239 0.05223622660088885 0.026265941041142528 -0.43239182292978895 16.0 -1.0 -1.0 -1.0 -1.0 
101.28 31.62 17.0 -1.0 23.957175372381 82.81602789647799 0.015668214264876305 0.02350110514207489 1.3734525980551235 1.0 -1.0 -1.0 -1.0 -1.0 
101.28 31.62 17.0 -1.0 26.957044087089127 0.0 0.025517650453102104 0.012441761545804354 1.9736802000957423 16.0 -1.0 -1.0 -1.0 -1.0 
101.28 31.62 17.0 -1.0 8.824564409292812 335.9340620433604 0.32565014443166246 0.017971433343939622 14.763975524253341 4.0 14.772826706718973 4.0 8.824523926402133 335.77474204947777 
101.28 31.62 17.0 -1.0 0.143445 6.58496611266113 2.3037547497115125 0.029030776940210154 44.999489694514885 32.0 49.84193595471642 32.0 0.1434576309596499 11.941356106642067 
101.28 31.62 17.0 -1.0 0.028245247079937107 44.11255360165339 2.4566259432007898 0.012441761545804354 78.27958715453862 32.0 -1.0 -1.0 -1.0 -1.0 
101.28 31.62 17.0 -1.0 0.9685500193 111.97802068112014 1.5283345177132388 0.019353851293473442 171.49971395982277 32.0 171.8270921690482 32.0 0.9685512244080504 111.9249140164926 
101.28 31.62 17.0 -1.0 0.211461 223.95604136224028 1.2930376216856558 0.009676925646736721 229.47385015917203 32.0 229.91591510907097 32.0 0.21145751816220584 224.35581769852087 
101.28 31.62 17.0 -1.0 152.43624259440244 118.02543853968648 0.05931674589932816 0.03732528463741307 2.822697302182942 2.0 -1.0 -1.0 -1.0 -1.0 
101.28 31.62 17.0 -1.0 2.33768482203 325.5862581520358 0.061486373360445525 0.02350110514207489 0.613019630265016 1.0 -1.0 -1.0 -1.0 -1.0 
101.28 31.62 17.0 -1.0 0.05865125520053074 114.96813284452239 0.052236226600888856 0.026265941041142528 -0.43239182292978895 16.0 -1.0 -1.0 -1.0 -1.0 
101.28 31.62 17.0 -1.0 23.957175372381 82.81602789647799 0.015668214264876305 0.02350110514207489 1.3734525980551235 1.0 -1.0 -1.0 -1.0 -1.0 
101.28 31.62 17.0 -1.0 26.95704408708913 0.0 0.025517650453102104 0.012441761545804354 1.9736802000987006 16.0 -1.0 -1.0 -1.0 -1.0 
101.28 31.62 17.0 -1.0 8.824564409292812 335.9340620433604 0.32565014443166246 0.017971433343939622 14.763975524253341 4.0 14.772826706718973 4.0 8.824523926402133 335.77474204947777 
101.28 31.62 17.0 -1.0 0.143445 6.58496611266113 2.303754749711513 0.029030776940210154 44.99948969451491 32.0 49.84193595471642 32.0 0.1434576309596499 11.941356106642067 
101.28 31.62 17.0 -1.0 0.028245247079937107 44.11255360165339 2.45662594320079 0.012441761545804354 78.27958715453865 32.0 -1.0 -1.0 -1.0 -1.0 
101.28 31.62 17.0 -1.0 0.9685500193 111.97802068112014 1.5283345177132388 0.019353851293473442 171.49971395982274 32.0 171.8270921690482 32.0 0.9685512244080504 111.9249140164926 
101.28 31.62 17.0 -1.0 0.211461 223.95604136224028 1.293037621685656 0.009676925646736721 229.47385015917212 32.0 229.91591510907097 32.0 0.21145751816220584 224.35581769852087 
101.66 31.62 17.0 -1.0 9.282117437605718 180.9501528045516 0.1890721935506181 0.03317803078881161 4.6040256175380785 4.0 -1.0 -1.0 -1.0 -1.0 
101.66 31.62 17.0 -1.0 233.77686 38.34594717307816 0.3350059381929703 0.02350110514207489 4.628973018733361 1.0 -1.0 -1.0 -1.0 -1.0 
101.66 31.62 17.0 -1.0 0.14073 93.67891533057475 0.314159151265845 0.027648358990676344 5.217257743980256 32.0 6.063176341630622 16.0 0.1407291468543311 95.02485918760084 
101.66 31.62 17.0 -1.0 14.62955420591636 40.41509314760457 0.11909885623504701 0.029030776940210157 4.7208670237649075 8.0 -1.0 -1.0 -1.0 -1.0 
101.66 31.62 17.0 -1.0 3.24303 8.843930374991917 0.36851625212717326 0.09400442056829957 1.1388748261659742 8.0 -1.0 -1.0 -1.0 -1.0 
101.66 31.62 17.0 -1.0 2.054398913559 0.0 0.012708971653659945 0.04423737438508215 1.919965038053261 4.0 -1.0 -1.0 -1.0 -1.0 
101.66 31.62 17.0 -1.0 0.4135153129744352 222.46656558375892 0.4178901226817604 0.05529671798135269 5.048645144677358 8.0 -1.0 -1.0 -1.0 -1.0 
101.66 31.62 17.0 -1.0 2.546445089638 333.6998483756384 0.034966677291472716 0.009676925646736721 1.0419520890432887 8.0 -1.0 -1.0 -1.0 -1.0 
101.66 31.62 17.0 -1.0 132.275132 70.78481632210512 4.298959328112831 0.019353851293473442 149.01023519948373 2.0 149.01023732228444 2.0 132.27496917049092 70.73735524188817 
101.66 31.62 17.0 -1.0 2.58384981884 111.23328279187946 1.9223319441151956 0.04147253848601452 85.6958688985192 16.0 86.34429114326076 32.0 2.5838441312468303 111.31772641784977 
101.66 31.62 17.0 -1.0 9.282117437605718 180.9501528045516 0.1890721935506181 0.03317803078881161 4.6040256175380785 4.0 -1.0 -1.0 -1.0 -1.0 
101.66 31.62 17.0 -1.0 233.77686 38.34594717307816 0.3350059381929703 0.02350110514207489 4.628973018733361 1.0 -1.0 -1.0 -1.0 -1.0 
101.66 31.62 17.0 -1.0 0.14073 93.67891533057475 0.314159151265845 0.027648358990676344 5.217257743980256 32.0 6.063176341630622 16.0 0.1407291468543311 95.02485918760084 
101.66 31.62 17.0 -1.0 14.62955420591636 40.41509314760457 0.11909885623504701 0.029030776940210157 4.7208670237649075 8.0 -1.0 -1.0 -1.0 -1.0 
101.66 31.62 17.0 -1.0 3.24303 8.843930374991917 0.36851625212717326 0.09400442056829957 1.1388748261659742 8.0 -1.0 -1.0 -1.0 -1.0 
101.66 31.62 17.0 -1.0 2.054398913559 0.0 0.012708971653659945 0.04423737438508215 1.919965038053261 4.0 -1.0 -1.0 -1.0 -1.0 
101.66 31.62 17.0 -1.0 0.4135153129744352 222.46656558375892 0.4178901226817604 0.05529671798135269 5.048645144677358 8.0 -1.0 -1.0 -1.0 -1.0 
101.66 31.62 17.0 -1.0 2.546445089638 333.6998483756384 0.034966677291472716 0.009676925646736721 1.0419520890432887 8.0 -1.0 -1.0 -1.0 -1.0 
101.66 31.62 17.0 -1.0 132.275132 70.78481632210512 4.298959328112831 0.019353851293473442 149.01023519948373 2.0 149.01023732228444 2.0 132.27496917049092 70.73735524188817 
101.66 31.62 17.0 -1.0 2.58384981884 111.23328279187946 1.9223319441151956 0.04147253848601452 85.6958688985192 16.0 86.34429114326076 32.0 2.5838441312468303 111.31772641784977 
101.92 22.82 17.0 -1.0 0.0045983819530997 150.8366133052873 0.38704260662198064 0.05529671798135269 5.0393829074673135 1.0 -1.0 -1.0 -1.0 -1.0 
101.92 22.82 17.0 -1.0 5.23459646155 122.54331020288812 0.1984402488470549 0.01520659744487199 13.900060000158806 16.0 13.90005899459304 16.0 5.234627072544148 122.55069699274186 
101.92 22.82 17.0 -1.0 2.27174930502 40.3719447890638 0.24397129636967793 0.03456044873834543 9.18725025078497 16.0 10.216067390093732 16.0 2.27173586608842 40.479173242854465 
101.92 22.82 17.0 -1.0 0.4173334478036407 58.05068398500016 0.019423560062927593 0.01520659744487199 0.12622904692580594 1.0 -1.0 -1.0 -1.0 -1.0 
101.92 22.82 17.0 -1.0 1.8572396845631 0.0 0.01764512187842863 0.029030776940210154 1.207374097210852 32.0 -1.0 -1.0 -1.0 -1.0 
101.92 22.82 17.0 -1.0 16.952026 121.99428103531244 0.043798995100951144 0.016589015394405805 2.572292633304779 4.0 -1.0 -1.0 -1.0 -1.0 
101.92 22.82 17.0 -1.0 217.00905523505 243.98856207062488 0.03783186800653004 0.017971433343939622 0.7511301248686535 1.0 -1.0 -1.0 -1.0 -1.0 
101.92 22.82 17.0 -1.0 8.0048537226 365.9828431059373 0.024532339934557328 0.03456044873834543 1.3891453301898293 2.0 -1.0 -1.0 -1.0 -1.0 
101.92 22.82 17.0 -1.0 0.4135153129744352 83.26942374897564 2.144041184140528 0.11612310776084063 12.806683540211004 8.0 12.927350505695307 8.0 0.4135169244060914 84.09548241203015 
101.92 22.82 17.0 -1.0 0.53084251673 215.65865702372065 4.3049032592811995 0.038707702586946884 208.7494935963845 32.0 208.90705817553768 32.0 0.5308417409347992 215.7539933844143 
101.92 22.82 17.0 -1.0 0.0045983819530997 150.8366133052873 0.38704260662198064 0.05529671798135269 5.0393829074673135 1.0 -1.0 -1.0 -1.0 -1.0 
101.92 22.82 17.0 -1.0 5.23459646155 122.54331020288812 0.1984402488470549 0.01520659744487199 13.900060000158806 16.0 13.90005899459304 16.0 5.234627072544148 122.55069699274186 
101.92 22.82 17.0 -1.0 2.27174930502 40.3719447890638 0.24397129636967793 0.03456044873834543 9.18725025078497 16.0 10.216067390093732 16.0 2.27173586608842 40.479173242854465 
101.92 22.82 17.0 -1.0 0.4173334478036407 58.05068398500016 0.019423560062927593 0.01520659744487199 0.12622904692580594 1.0 -1.0 -1.0 -1.0 -1.0 
101.92 22.82 17.0 -1.0 1.8572396845631 0.0 0.01764512187842863 0.029030776940210154 1.207374097210852 32.0 -1.0 -1.0 -1.0 -1.0 
101.92 22.82 17.0 -1.0 16.952026 121.99428103531244 0.043798995100951144 0.016589015394405805 2.572292633304779 4.0 -1.0 -1.0 -1.0 -1.0 
101.92 22.82 17.0 -1.0 217.00905523505 243.98856207062488 0.03783186800653004 0.017971433343939622 0.7511301248686535 1.0 -1.0 -1.0 -1.0 -1.0 
101.92 22.82 17.0 -1.0 8.0048537226 365.9828431059373 0.024532339934557328 0.03456044873834543 1.3891453301898293 2.0 -1.0 -1.0 -1.0 -1.0 
101.92 22.82 17.0 -1.0 0.4135153129744352 83.26942374897564 2.144041184140528 0.11612310776084063 12.806683540211004 8.0 12.927350505695307 8.0 0.4135169244060914 84.09548241203015 
101.92 22.82 17.0 -1.0 0.53084251673 215.65865702372065 4.3049032592811995 0.038707702586946884 208.7494935963845 32.0 208.90705817553768 32.0 0.5308417409347992 215.7539933844143 
101.92 47.41 17.0 -1.0 149.65975916610552 103.82466156593173 0.3518476344085462 0.08156265902249521 3.743184377184851 1.0 -1.0 -1.0 -1.0 -1.0 
101.92 47.41 17.0 -1.0 4.43356543891 24.188272538103952 0.12150900395659164 0.017971433343939622 27.786162657968905 32.0 28.073359505984094 32.0 4.433574455712612 24.186306012605538 
101.92 47.41 17.0 -1.0 0.0017120183030027347 68.39184084379185 0.012700194761147915 0.022118687192541075 11.643671990765101 1.0 -1.0 -1.0 -1.0 -1.0 
101.92 47.41 17.0 -1.0 0.73182352685 19.090744028007663 0.013826557733666645 0.07326815132529231 1.052800263132631 2.0 -1.0 -1.0 -1.0 -1.0 
101.92 47.41 17.0 -1.0 334.4796868162984 0.0 0.021544346900318846 0.026265941041142528 1.4314565781886246 1.0 -1.0 -1.0 -1.0 -1.0 
101.92 47.41 17.0 -1.0 0.556201918195 83.2846202164261 0.09172680142347568 0.06497364362808941 1.60509100040831 16.0 -1.0 -1.0 -1.0 -1.0 
101.92 47.41 17.0 -1.0 0.1597207513593176 166.5692404328522 0.26781986345073483 0.08018024107296139 2.019548744558916 1.0 -1.0 -1.0 -1.0 -1.0 
101.92 47.41 17.0 -1.0 1.2580475 249.85386064927832 0.7596054268486143 0.019353851293473442 70.82606912164606 32.0 71.06262820915234 32.0 1.2580433879823736 249.65530097530493 
101.92 47.41 17.0 -1.0 1.777078137137 92.23028299394802 3.373283214612849 0.027648358990676344 244.58184372743384 32.0 245.00259299695972 32.0 1.7770920142841837 92.19131706060104 
101.92 47.41 17.0 -1.0 295.4494550550848 87.23270602326538 1.461222906310705 0.01520659744487199 59.32351902529233 1.0 59.3235198664728 1.0 295.449475136896 87.23261833835137 
101.92 63.04 17.0 -1.0 2.59788422918 56.26222768240951 0.08673488747257094 0.013824179495338172 5.129629645892398 32.0 -1.0 -1.0 -1.0 -1.0 
101.92 63.04 17.0 -1.0 1.890868 29.04042170609569 0.010301519527800736 0.03456044873834543 2.0083173675280834 16.0 -1.0 -1.0 -1.0 -1.0 
101.92 63.04 17.0 -1.0 0.72170711979 108.15977761334254 0.23748575450926043 0.009676925646736721 53.115944143396874 32.0 8.081868259733607 1.0 16.598884637157123 108.18059049152855 
101.92 63.04 17.0 -1.0 337.837838 0.0 0.023634006668682334 0.03041319488974398 2.37699452364882 1.0 -1.0 -1.0 -1.0 -1.0 
101.92 63.04 17.0 -1.0 2.075444041 63.80469713013641 0.5039300272046813 0.012441761545804354 59.767113804167245 32.0 59.94881491016333 32.0 2.0754365929557634 63.75469785749578 
101.92 63.04 17.0 -1.0 0.556185 127.60939426027282 0.01113024311104136 0.024883523091608708 1.256737668373241 1.0 -1.0 -1.0 -1.0 -1.0 
101.92 63.04 17.0 -1.0 0.5557801858 191.41409139040923 0.018985753711484362 0.031795612839277794 1.276862285794963 4.0 -1.0 -1.0 -1.0 -1.0 
101.92 63.04 17.0 -1.0 0.80981257819 63.30697071988032 8.54266074034259 0.013824179495338172 1278.530041174795 32.0 1282.6222883707062 32.0 0.8098140824586154 63.248708191960105 
101.92 63.04 17.0 -1.0 0.66278 135.09443373758555 7.020768264702738 0.03317803078881161 458.2672740109492 32.0 458.27882955225596 32.0 0.6627791056719919 135.09924069802676 
101.92 63.04 17.0 -1.0 128.25813729784 56.01336447728146 5.919393724285377 0.01520659744487199 167.48091828680944 2.0 167.48091731329205 2.0 128.2581555036207 56.06365494135343 
101.92 63.04 17.0 -1.0 2.59788422918 56.26222768240951 0.08673488747257094 0.013824179495338172 5.129629645892398 32.0 -1.0 -1.0 -1.0 -1.0 
101.92 63.04 17.0 -1.0 1.890868 29.04042170609569 0.010301519527800736 0.03456044873834543 2.0083173675280834 16.0 -1.0 -1.0 -1.0 -1.0 
101.92 63.04 17.0 -1.0 0.72170711979 108.15977761334254 0.23748575450926043 0.009676925646736721 53.115944143396874 32.0 8.081868259733607 1.0 16.598884637157123 108.18059049152855 
101.92 63.04 17.0 -1.0 337.837838 0.0 0.023634006668682334 0.03041319488974398 2.37699452364882 1.0 -1.0 -1.0 -1.0 -1.0 
101.92 63.04 17.0 -1.0 2.075444041 63.80469713013641 0.5039300272046813 0.012441761545804354 59.767113804167245 32.0 59.94881491016333 32.0 2.0754365929557634 63.75469785749578 
101.92 63.04 17.0 -1.0 0.556185 127.60939426027282 0.01113024311104136 0.024883523091608708 1.256737668373241 1.0 -1.0 -1.0 -1.0 -1.0 
101.92 63.04 17.0 -1.0 0.5557801858 191.41409139040923 0.018985753711484362 0.031795612839277794 1.276862285794963 4.0 -1.0 -1.0 -1.0 -1.0 
101.92 63.04 17.0 -1.0 0.80981257819 63.30697071988032 8.54266074034259 0.013824179495338172 1278.530041174795 32.0 1282.6222883707062 32.0 0.8098140824586154 63.248708191960105 
101.92 63.04 17.0 -1.0 0.66278 135.09443373758555 7.020768264702738 0.03317803078881161 458.2672740109492 32.0 458.27882955225596 32.0 0.6627791056719919 135.09924069802676 
101.92 63.04 17.0 -1.0 128.25813729784 56.01336447728146 5.919393724285377 0.01520659744487199 167.48091828680944 2.0 167.48091731329205 2.0 128.2581555036207 56.06365494135343 
101.99 31.21 17.0 -1.0 282.17933788250303 66.26739858695541 0.20414135500008848 0.012441761545804354 5.189151886871062 1.0 -1.0 -1.0 -1.0 -1.0 
101.99 31.21 17.0 -1.0 0.20946595464091253 165.36849315386607 0.03682617525797668 0.10782860006363774 2.4206867280097706 4.0 -1.0 -1.0 -1.0 -1.0 
101.99 31.21 17.0 -1.0 230.978889 65.26738754188062 0.12957202648833627 0.02073626924300726 2.5632394237356255 2.0 -1.0 -1.0 -1.0 -1.0 
101.99 31.21 17.0 -1.0 1.18134309395 19.300213169943248 0.028657989853219518 0.026265941041142528 0.0323354483329777 2.0 -1.0 -1.0 -1.0 -1.0 
101.99 31.21 17.0 -1.0 2.590648582519 140.36821702699658 0.03159002393760121 0.023501105142074895 0.9875453791914345 2.0 -1.0 -1.0 -1.0 -1.0 
101.99 31.21 17.0 -1.0 3.2703997456053986 111.10122710780803 0.012682659156062615 0.009676925646736721 1.9344489118755925 1.0 -1.0 -1.0 -1.0 -1.0 
101.99 31.21 17.0 -1.0 0.09458893510179119 222.20245421561606 0.2381429251126675 0.02073626924300726 4.6880765058045535 32.0 -1.0 -1.0 -1.0 -1.0 
101.99 31.21 17.0 -1.0 6.08182071422559 63.60070246675599 2.511539390843636 0.03317803078881161 162.7160808457999 32.0 163.0681187506404 32.0 6.081821387245631 63.55230199128151 
101.99 31.21 17.0 -1.0 4.580013 0.0 5.785970800743587 0.03456044873834543 283.6497282646941 16.0 -1.0 -1.0 -1.0 -1.0 
101.99 31.21 17.0 -1.0 29.281723720712563 333.3036813234241 2.0884879949607416 0.02903077694021016 51.40169439766598 8.0 51.401693110033115 8.0 29.281727620400492 333.24479372179934 
101.99 31.21 17.0 -1.0 282.17933788250303 66.26739858695541 0.20414135500008848 0.012441761545804354 5.189151886871062 1.0 -1.0 -1.0 -1.0 -1.0 
101.99 31.21 17.0 -1.0 0.20946595464091253 165.36849315386607 0.03682617525797668 0.10782860006363774 2.4206867280097706 4.0 -1.0 -1.0 -1.0 -1.0 
101.99 31.21 17.0 -1.0 230.978889 65.26738754188062 0.12957202648833627 0.02073626924300726 2.5632394237356255 2.0 -1.0 -1.0 -1.0 -1.0 
101.99 31.21 17.0 -1.0 1.18134309395 19.300213169943248 0.028657989853219518 0.026265941041142528 0.0323354483329777 2.0 -1.0 -1.0 -1.0 -1.0 
101.99 31.21 17.0 -1.0 2.590648582519 140.36821702699658 0.03159002393760121 0.023501105142074895 0.9875453791914345 2.0 -1.0 -1.0 -1.0 -1.0 
101.99 31.21 17.0 -1.0 3.2703997456053986 111.10122710780803 0.012682659156062615 0.009676925646736721 1.9344489118755925 1.0 -1.0 -1.0 -1.0 -1.0 
101.99 31.21 17.0 -1.0 0.09458893510179119 222.20245421561606 0.2381429251126675 0.02073626924300726 4.6880765058045535 32.0 -1.0 -1.0 -1.0 -1.0 
101.99 31.21 17.0 -1.0 6.08182071422559 63.60070246675599 2.511539390843636 0.03317803078881161 162.7160808457999 32.0 163.0681187506404 32.0 6.081821387245631 63.55230199128151 
101.99 31.21 17.0 -1.0 4.580013 0.0 5.785970800743587 0.03456044873834543 283.6497282646941 16.0 -1.0 -1.0 -1.0 -1.0 
101.99 31.21 17.0 -1.0 29.281723720712563 333.3036813234241 2.0884879949607416 0.02903077694021016 51.40169439766598 8.0 51.401693110033115 8.0 29.281727620400492 333.24479372179934 
102.26 22.82 17.0 -1.0 3.72831885206 40.58891747558278 0.04997696479538971 0.012441761545804354 1.5281569684097345 16.0 -1.0 -1.0 -1.0 -1.0 
102.26 22.82 17.0 -1.0 2.303033 44.364630729125366 0.08978324947588143 0.05114946413275124 1.112407387047962 8.0 -1.0 -1.0 -1.0 -1.0 
102.26 22.82 17.0 -1.0 0.11263689558758383 24.360611472375716 0.194101460351432 0.019353851293473442 0.9323267420137321 32.0 -1.0 -1.0 -1.0 -1.0 
102.26 22.82 17.0 -1.0 0.0026859420515741735 106.01041058023411 0.11176474471832028 0.013824179495338174 8.72258509052633 2.0 -1.0 -1.0 -1.0 -1.0 
102.26 22.82 17.0 -1.0 49.21776051506833 242.0086975780276 0.104304208103359 0.027648358990676344 -0.016263561054571024 1.0 -1.0 -1.0 -1.0 -1.0 
102.26 22.82 17.0 -1.0 0.09678751235978665 363.0130463670414 0.03290422946584712 0.02073626924300726 1.334221496708809 2.0 -1.0 -1.0 -1.0 -1.0 
102.26 22.82 17.0 -1.0 5.0419709708 40.51630760532235 3.6851625212717347 0.023501105142074895 478.5091994274487 32.0 478.7347986398293 32.0 5.041965778218582 40.479173242854465 
102.26 22.82 17.0 -1.0 1.055928358822309 35.252092011440865 1.4877064699107183 0.016589015394405805 183.41459651120323 32.0 183.47302567149032 32.0 1.0559233487583697 35.21688072128338 
102.26 22.82 17.0 -1.0 221.796283653017 0.0 8.842898893257331 0.012441761545804354 388.7747129636645 2.0 -1.0 -1.0 -1.0 -1.0 
102.26 22.82 17.0 -1.0 318.55889711523 121.0043487890138 5.169771489346303 0.035942866687879244 119.28471245783216 1.0 119.28471410343973 1.0 318.5588866472244 121.03272799613484 
102.26 22.82 17.0 -1.0 3.72831885206 40.58891747558278 0.04997696479538971 0.012441761545804354 1.5281569684097345 16.0 -1.0 -1.0 -1.0 -1.0 
102.26 22.82 17.0 -1.0 2.303033 44.364630729125366 0.08978324947588143 0.05114946413275124 1.112407387047962 8.0 -1.0 -1.0 -1.0 -1.0 
102.26 22.82 17.0 -1.0 0.11263689558758383 24.360611472375716 0.194101460351432 0.019353851293473442 0.9323267420137321 32.0 -1.0 -1.0 -1.0 -1.0 
102.26 22.82 17.0 -1.0 0.0026859420515741735 106.01041058023411 0.11176474471832028 0.013824179495338174 8.72258509052633 2.0 -1.0 -1.0 -1.0 -1.0 
102.26 22.82 17.0 -1.0 49.21776051506833 242.0086975780276 0.104304208103359 0.027648358990676344 -0.016263561054571024 1.0 -1.0 -1.0 -1.0 -1.0 
102.26 22.82 17.0 -1.0 0.09678751235978665 363.0130463670414 0.03290422946584712 0.02073626924300726 1.334221496708809 2.0 -1.0 -1.0 -1.0 -1.0 
102.26 22.82 17.0 -1.0 5.0419709708 40.51630760532235 3.6851625212717347 0.023501105142074895 478.5091994274487 32.0 478.7347986398293 32.0 5.041965778218582 40.479173242854465 
102.26 22.82 17.0 -1.0 1.055928358822309 35.252092011440865 1.4877064699107183 0.016589015394405805 183.41459651120323 32.0 183.47302567149032 32.0 1.0559233487583697 35.21688072128338 
102.26 22.82 17.0 -1.0 221.796283653017 0.0 8.842898893257331 0.012441761545804354 388.7747129636645 2.0 -1.0 -1.0 -1.0 -1.0 
102.26 22.82 17.0 -1.0 318.55889711523 121.0043487890138 5.169771489346303 0.035942866687879244 119.28471245783216 1.0 119.28471410343973 1.0 318.5588866472244 121.03272799613484 
102.31 23.26 17.0 -1.0 1.2851009 90.01055447115202 0.1332945771390515 0.013824179495338172 4.4599927963754045 16.0 -1.0 -1.0 -1.0 -1.0 
102.31 23.26 17.0 -1.0 49.90099940998925 84.66696760322964 0.014481584463104328 0.009676925646736721 0.8881501396946565 2.0 -1.0 -1.0 -1.0 -1.0 
102.31 23.26 17.0 -1.0 1.4068059721 37.36900275878153 0.18417323759088697 0.012441761545804354 15.762885930681243 16.0 16.728376924695635 16.0 1.4068064047023654 37.2408393834261 
102.31 23.26 17.0 -1.0 0.73893939554 41.160061009672404 0.6480091796771669 0.035942866687879244 21.371445482133062 16.0 21.49496073765784 16.0 0.7389341287004452 41.491152573925824 
102.31 23.26 17.0 -1.0 326.856262685978 0.0 0.010237667493371768 0.016589015394405805 -0.11894730175081553 1.0 -1.0 -1.0 -1.0 -1.0 
102.31 23.26 17.0 -1.0 8.798944 120.33902047827905 0.08625684705825064 0.07188573337575849 0.982709727216967 4.0 -1.0 -1.0 -1.0 -1.0 
102.31 23.26 17.0 -1.0 0.23932694474989316 240.6780409565581 0.44870942982718154 0.03317803078881161 9.720728851020956 16.0 10.841665907990897 16.0 0.23931837252651653 242.47024772469823 
102.31 23.26 17.0 -1.0 1.58651157291 139.22210109938314 5.726322292078694 0.022118687192541075 627.4576138237423 32.0 627.4764568493233 32.0 1.5865225577726962 139.24835595541936 
102.31 23.26 17.0 -1.0 1.325432997714 19.56908163793197 6.92921550346853 0.024883523091608708 508.95531598282474 32.0 509.01521196905605 32.0 1.3254369453837476 19.632399022784412 
102.31 23.26 17.0 -1.0 68.83592077118668 361.01706143483716 4.728979994171741 0.016589015394405805 128.8952927306663 1.0 128.9438988871711 1.0 68.83637979626656 360.9730273931546 
102.31 23.26 17.0 -1.0 1.2851009 90.01055447115202 0.1332945771390515 0.013824179495338172 4.4599927963754045 16.0 -1.0 -1.0 -1.0 -1.0 
102.31 23.26 17.0 -1.0 49.90099940998925 84.66696760322964 0.014481584463104328 0.009676925646736721 0.8881501396946565 2.0 -1.0 -1.0 -1.0 -1.0 
102.31 23.26 17.0 -1.0 1.4068059721 37.36900275878153 0.18417323759088697 0.012441761545804354 15.762885930681243 16.0 16.728376924695635 16.0 1.4068064047023654 37.2408393834261 
102.31 23.26 17.0 -1.0 0.73893939554 41.160061009672404 0.6480091796771669 0.035942866687879244 21.371445482133062 16.0 21.49496073765784 16.0 0.7389341287004452 41.491152573925824 
102.31 23.26 17.0 -1.0 326.856262685978 0.0 0.010237667493371768 0.016589015394405805 -0.11894730175081553 1.0 -1.0 -1.0 -1.0 -1.0 
102.31 23.26 17.0 -1.0 8.798944 120.33902047827905 0.08625684705825064 0.07188573337575849 0.982709727216967 4.0 -1.0 -1.0 -1.0 -1.0 
102.31 23.26 17.0 -1.0 0.23932694474989316 240.6780409565581 0.44870942982718154 0.03317803078881161 9.720728851020956 16.0 10.841665907990897 16.0 0.23931837252651653 242.47024772469823 
102.31 23.26 17.0 -1.0 1.58651157291 139.22210109938314 5.726322292078694 0.022118687192541075 627.4576138237423 32.0 627.4764568493233 32.0 1.5865225577726962 139.24835595541936 
102.31 23.26 17.0 -1.0 1.325432997714 19.56908163793197 6.92921550346853 0.024883523091608708 508.95531598282474 32.0 509.01521196905605 32.0 1.3254369453837476 19.632399022784412 
102.31 23.26 17.0 -1.0 68.83592077118668 361.01706143483716 4.728979994171741 0.016589015394405805 128.8952927306663 1.0 128.9438988871711 1.0 68.83637979626656 360.9730273931546 
102.36 31.21 17.0 -1.0 2.41481119709 120.07435448006764 0.06118974845614148 0.006912089747669087 3.400695096097797 8.0 -1.0 -1.0 -1.0 -1.0 
102.36 31.21 17.0 -1.0 0.33054565343 74.87261872019661 0.08703500716290852 0.006912089747669086 9.041041078173045 32.0 9.18599238287282 32.0 0.33054069111434126 75.59485603103072 
102.36 31.21 17.0 -1.0 0.55671547188 36.22761825736183 0.025854804256158367 0.04700221028414978 1.2222632965325237 4.0 -1.0 -1.0 -1.0 -1.0 
102.36 31.21 17.0 -1.0 58.07250876916154 87.35690764435147 0.04062196017835722 0.08432749492156286 2.5681980099392567 8.0 -1.0 -1.0 -1.0 -1.0 
102.36 31.21 17.0 -1.0 5.5755650475 43.81091312110576 0.04257580972302213 0.016589015394405805 0.8585285079147401 32.0 -1.0 -1.0 -1.0 -1.0 
102.36 31.21 17.0 -1.0 0.009161673065653934 72.78638476204873 0.01348692651777729 0.024883523091608708 0.3683801745907634 8.0 -1.0 -1.0 -1.0 -1.0 
102.36 31.21 17.0 -1.0 0.030681016759330056 0.0 0.07312845677630025 0.013824179495338172 1.8765283846673768 2.0 -1.0 -1.0 -1.0 -1.0 
102.36 31.21 17.0 -1.0 398.406375 110.37171083344332 0.012647660548539622 0.04285495643554833 -inf 1.0 -1.0 -1.0 -1.0 -1.0 
102.36 31.21 17.0 -1.0 1.496132 220.74342166688663 0.07580327491754277 0.098151674416901 2.9359621797300552 1.0 -1.0 -1.0 -1.0 -1.0 
102.36 31.21 17.0 -1.0 283.4409431836 331.11513250032993 1.8002197938065532 0.058061553880420315 17.361901191742167 1.0 -1.0 -1.0 -1.0 -1.0 
102.39 47.41 17.0 -1.0 343.620798 140.45056316561738 0.011230653819750734 0.045619792334615966 0.41636823932559763 1.0 -1.0 -1.0 -1.0 -1.0 
102.39 47.41 17.0 -1.0 6.3359340865 0.0 0.4382926385504238 0.035942866687879244 16.721308455173617 8.0 -1.0 -1.0 -1.0 -1.0 
102.39 47.41 17.0 -1.0 0.001431107536828458 82.22760004057663 0.021919673625785847 0.009676925646736721 14.938315602459719 1.0 -1.0 -1.0 -1.0 -1.0 
102.39 47.41 17.0 -1.0 0.012696279384148386 246.68280012172988 0.13721883928644857 0.022118687192541075 0.7122534945131836 8.0 -1.0 -1.0 -1.0 -1.0 
102.39 47.41 17.0 -1.0 0.4992514417738768 68.46132316609665 1.5581858706494933 0.02073626924300726 127.23904295307689 32.0 128.35862753198126 32.0 0.49925195829321944 68.51100071353117 
102.39 47.41 17.0 -1.0 0.0014778925406905199 115.21238889573742 1.4431648135339923 0.009676925646736721 39.01826232789683 2.0 -1.0 -1.0 -1.0 -1.0 
102.39 47.41 17.0 -1.0 30.238986205960398 31.67723925955607 8.407995474119216 0.06635606157762322 259.10849370025124 16.0 259.10849467723597 16.0 30.239001110506557 31.674953062533618 
102.39 47.41 17.0 -1.0 32.24841717640974 114.76831544817355 2.4736561696432573 0.027648358990676344 94.89090059701054 8.0 94.89090109016571 8.0 32.24837807162355 114.75845614349238 
102.39 47.41 17.0 -1.0 5.172242227 80.84603820371125 5.325650195176847 0.09262200261876574 117.21975432242463 16.0 117.6857771631918 16.0 5.172235736002525 80.8571485526018 
102.39 47.41 17.0 -1.0 0.65432390165 164.45520008115327 4.325771812421892 0.017971433343939622 555.3560387736309 32.0 555.6866088030054 32.0 0.6543208049455037 164.5478392322034 
102.39 47.41 17.0 -1.0 343.620798 140.45056316561738 0.011230653819750734 0.045619792334615966 0.41636823932559763 1.0 -1.0 -1.0 -1.0 -1.0 
102.39 47.41 17.0 -1.0 6.3359340865 0.0 0.4382926385504238 0.035942866687879244 16.721308455173617 8.0 -1.0 -1.0 -1.0 -1.0 
102.39 47.41 17.0 -1.0 0.001431107536828458 82.22760004057663 0.021919673625785847 0.009676925646736721 14.938315602459719 1.0 -1.0 -1.0 -1.0 -1.0 
102.39 47.41 17.0 -1.0 0.012696279384148386 246.68280012172988 0.13721883928644857 0.022118687192541075 0.7122534945131836 8.0 -1.0 -1.0 -1.0 -1.0 
102.39 47.41 17.0 -1.0 0.4992514417738768 68.46132316609665 1.5581858706494933 0.02073626924300726 127.23904295307689 32.0 128.35862753198126 32.0 0.49925195829321944 68.51100071353117 
102.39 47.41 17.0 -1.0 0.0014778925406905199 115.21238889573742 1.4431648135339923 0.009676925646736721 39.01826232789683 2.0 -1.0 -1.0 -1.0 -1.0 
102.39 47.41 17.0 -1.0 30.238986205960398 31.67723925955607 8.407995474119216 0.06635606157762322 259.10849370025124 16.0 259.10849467723597 16.0 30.239001110506557 31.674953062533618 
102.39 47.41 17.0 -1.0 32.24841717640974 114.76831544817355 2.4736561696432573 0.027648358990676344 94.89090059701054 8.0 94.89090109016571 8.0 32.24837807162355 114.75845614349238 
102.39 47.41 17.0 -1.0 5.172242227 80.84603820371125 5.325650195176847 0.09262200261876574 117.21975432242463 16.0 117.6857771631918 16.0 5.172235736002525 80.8571485526018 
102.39 47.41 17.0 -1.0 0.65432390165 164.45520008115327 4.325771812421892 0.017971433343939622 555.3560387736309 32.0 555.6866088030054 32.0 0.6543208049455037 164.5478392322034 
102.61 22.82 17.0 -1.0 0.603344173844 16.8606293836531 0.06507007961928565 0.09262200261876574 -0.10851149262365249 8.0 -1.0 -1.0 -1.0 -1.0 
102.61 22.82 17.0 -1.0 0.786876829081 33.86536671075623 0.01181155919254742 0.026265941041142528 1.4375998009016473 1.0 -1.0 -1.0 -1.0 -1.0 
102.61 22.82 17.0 -1.0 2.84799157894 46.618919706083574 0.05562557681246426 0.011059343596270537 2.4162292634217857 2.0 -1.0 -1.0 -1.0 -1.0 
102.61 22.82 17.0 -1.0 134.589502 33.10880000764359 0.01803954679244718 0.03456044873834543 0.8565707288916534 1.0 -1.0 -1.0 -1.0 -1.0 
102.61 22.82 17.0 -1.0 0.2753933549 29.001723619317833 0.37441853161258687 0.006912089747669086 45.03701835825369 32.0 45.67660283981672 32.0 0.27539499569684267 29.24620266796235 
102.61 22.82 17.0 -1.0 0.0017357844695488527 26.443807623079863 0.08972124462202657 0.0967692564673672 8.50515176787544 2.0 -1.0 -1.0 -1.0 -1.0 
102.61 22.82 17.0 -1.0 1.990923724614133 0.0 0.010715267077965671 0.017971433343939622 2.4322353445044236 1.0 -1.0 -1.0 -1.0 -1.0 
102.61 22.82 17.0 -1.0 1.53598 240.15588775946915 0.050427828483108325 0.03317803078881161 1.738349466020446 8.0 -1.0 -1.0 -1.0 -1.0 
102.61 22.82 17.0 -1.0 0.0013357810993506606 360.23383163920374 0.042049649122403596 0.02350110514207489 7.429300921316242 2.0 -1.0 -1.0 -1.0 -1.0 
102.61 22.82 17.0 -1.0 323.624595 120.07794387973458 2.294225294132695 0.031795612839277794 40.110343691684214 1.0 40.11034407103103 1.0 323.6248934020599 120.12194659817062 
102.61 22.82 17.0 -1.0 0.603344173844 16.8606293836531 0.06507007961928565 0.09262200261876574 -0.10851149262365249 8.0 -1.0 -1.0 -1.0 -1.0 
102.61 22.82 17.0 -1.0 0.786876829081 33.86536671075623 0.01181155919254742 0.026265941041142528 1.4375998009016473 1.0 -1.0 -1.0 -1.0 -1.0 
102.61 22.82 17.0 -1.0 2.84799157894 46.618919706083574 0.05562557681246426 0.011059343596270537 2.4162292634217857 2.0 -1.0 -1.0 -1.0 -1.0 
102.61 22.82 17.0 -1.0 134.589502 33.10880000764359 0.01803954679244718 0.03456044873834543 0.8565707288916534 1.0 -1.0 -1.0 -1.0 -1.0 
102.61 22.82 17.0 -1.0 0.2753933549 29.001723619317833 0.37441853161258687 0.006912089747669086 45.03701835825369 32.0 45.67660283981672 32.0 0.27539499569684267 29.24620266796235 
102.61 22.82 17.0 -1.0 0.0017357844695488527 26.443807623079863 0.08972124462202657 0.0967692564673672 8.50515176787544 2.0 -1.0 -1.0 -1.0 -1.0 
102.61 22.82 17.0 -1.0 1.990923724614133 0.0 0.010715267077965671 0.017971433343939622 2.4322353445044236 1.0 -1.0 -1.0 -1.0 -1.0 
102.61 22.82 17.0 -1.0 1.53598 240.15588775946915 0.050427828483108325 0.03317803078881161 1.738349466020446 8.0 -1.0 -1.0 -1.0 -1.0 
102.61 22.82 17.0 -1.0 0.0013357810993506606 360.23383163920374 0.042049649122403596 0.02350110514207489 7.429300921316242 2.0 -1.0 -1.0 -1.0 -1.0 
102.61 22.82 17.0 -1.0 323.624595 120.07794387973458 2.294225294132695 0.031795612839277794 40.110343691684214 1.0 40.11034407103103 1.0 323.6248934020599 120.12194659817062 
102.63 62.65 17.0 -1.0 88.63067025815513 11.66485881941459 0.016754150496746906 0.01520659744487199 0.39945161619346126 1.0 -1.0 -1.0 -1.0 -1.0 
102.63 62.65 17.0 -1.0 2.9836270935 30.082058679010636 0.06089455454099885 0.08156265902249521 1.861394314704952 2.0 -1.0 -1.0 -1.0 -1.0 
102.63 62.65 17.0 -1.0 1.56682392 82.58340699143272 0.012285955582939736 0.011059343596270537 -0.7146850304207051 32.0 -1.0 -1.0 -1.0 -1.0 
102.63 62.65 17.0 -1.0 4.39777931 30.670043432509583 0.42811767312641297 0.07326815132529231 4.747067263049978 8.0 -1.0 -1.0 -1.0 -1.0 
102.63 62.65 17.0 -1.0 0.13787826135585632 63.21784462619322 0.06693951605393664 0.016589015394405805 1.2923527932547336 2.0 -1.0 -1.0 -1.0 -1.0 
102.63 62.65 17.0 -1.0 245.4261196602377 158.50930919324836 1.2117369210379667 0.027648358990676344 24.441223780862003 1.0 24.441223595492616 1.0 245.4258113478621 158.4759632457752 
102.63 62.65 17.0 -1.0 2.59788422918 54.83432007630501 4.257580972302213 0.21150994627867403 29.29297452367238 2.0 29.319293641679714 2.0 2.5980019321044288 54.95047767717493 
102.63 62.65 17.0 -1.0 9.5532971893 0.0 2.05983001936993 0.026265941041142528 148.07319791266374 32.0 -1.0 -1.0 -1.0 -1.0 
102.63 62.65 17.0 -1.0 3.6422351217 126.43568925238644 1.627500580387477 0.019353851293473442 141.8925763279984 32.0 142.74385352846124 32.0 3.642223115699987 126.49741638392021 
102.63 62.65 17.0 -1.0 1.106562 189.65353387857965 1.271775461173582 0.008294507697202903 173.8091801595646 32.0 174.29129680062096 32.0 1.1065518871570628 189.64492664277316 
102.63 62.65 17.0 -1.0 88.63067025815513 11.66485881941459 0.016754150496746906 0.01520659744487199 0.39945161619346126 1.0 -1.0 -1.0 -1.0 -1.0 
102.63 62.65 17.0 -1.0 2.9836270935 30.082058679010636 0.06089455454099885 0.08156265902249521 1.861394314704952 2.0 -1.0 -1.0 -1.0 -1.0 
102.63 62.65 17.0 -1.0 1.56682392 82.58340699143272 0.012285955582939736 0.011059343596270537 -0.7146850304207051 32.0 -1.0 -1.0 -1.0 -1.0 
102.63 62.65 17.0 -1.0 4.39777931 30.670043432509583 0.42811767312641297 0.07326815132529231 4.747067263049978 8.0 -1.0 -1.0 -1.0 -1.0 
102.63 62.65 17.0 -1.0 0.13787826135585632 63.21784462619322 0.06693951605393664 0.016589015394405805 1.2923527932547336 2.0 -1.0 -1.0 -1.0 -1.0 
102.63 62.65 17.0 -1.0 245.4261196602377 158.50930919324836 1.2117369210379667 0.027648358990676344 24.441223780862003 1.0 24.441223595492616 1.0 245.4258113478621 158.4759632457752 
102.63 62.65 17.0 -1.0 2.59788422918 54.83432007630501 4.257580972302213 0.21150994627867403 29.29297452367238 2.0 29.319293641679714 2.0 2.5980019321044288 54.95047767717493 
102.63 62.65 17.0 -1.0 9.5532971893 0.0 2.05983001936993 0.026265941041142528 148.07319791266374 32.0 -1.0 -1.0 -1.0 -1.0 
102.63 62.65 17.0 -1.0 3.6422351217 126.43568925238644 1.627500580387477 0.019353851293473442 141.8925763279984 32.0 142.74385352846124 32.0 3.642223115699987 126.49741638392021 
102.63 62.65 17.0 -1.0 1.106562 189.65353387857965 1.271775461173582 0.008294507697202903 173.8091801595646 32.0 174.29129680062096 32.0 1.1065518871570628 189.64492664277316 
102.64 62.25 17.0 -1.0 1.1964621075 52.327641939702495 0.023005738745939197 0.016589015394405805 0.9174472781870256 16.0 -1.0 -1.0 -1.0 -1.0 
102.64 62.25 17.0 -1.0 0.0025070307675096643 35.6606014676544 0.03916149709011921 0.026265941041142528 8.405748677537604 1.0 -1.0 -1.0 -1.0 -1.0 
102.64 62.25 17.0 -1.0 0.47029888551125315 38.23502991585405 0.25306980126384854 0.016589015394405805 11.695123796196723 32.0 11.818530002607202 32.0 0.47029971028678125 38.3540166476046 
102.64 62.25 17.0 -1.0 243.902439 127.11955581999156 0.04293023603939046 0.02350110514207489 0.7832189202206343 2.0 -1.0 -1.0 -1.0 -1.0 
102.64 62.25 17.0 -1.0 0.3686350609314111 190.67933372998735 0.012957202648833627 0.05529671798135269 1.9372574359366277 1.0 -1.0 -1.0 -1.0 -1.0 
102.64 62.25 17.0 -1.0 7.759092411211903 49.04762939829257 8.133753921050126 0.022118687192541075 795.2263854307752 32.0 795.4033879358547 32.0 7.759081199765206 49.08099755696104 
102.64 62.25 17.0 -1.0 0.22963041556618052 18.364256263824164 2.6160242420857194 0.04285495643554833 59.76968802957182 32.0 61.038580057858006 32.0 0.2296170957076053 19.430003156570145 
102.64 62.25 17.0 -1.0 4.46970284042 83.20171347774125 6.5115048464670195 0.04285495643554833 273.22483305596825 16.0 280.68922884410006 32.0 4.469711711863056 83.18470101406592 
102.64 62.25 17.0 -1.0 428.7490184657 0.0 6.114749044662876 0.013824179495338172 188.51765624020965 1.0 -1.0 -1.0 -1.0 -1.0 
102.64 62.25 17.0 -1.0 2.88353187692 63.55977790999578 9.95175761911259 0.026265941041142528 801.71319414462 32.0 801.8731550068399 32.0 2.88352263548101 63.55230199128151 
102.64 62.25 17.0 -1.0 1.1964621075 52.327641939702495 0.023005738745939197 0.016589015394405805 0.9174472781870256 16.0 -1.0 -1.0 -1.0 -1.0 
102.64 62.25 17.0 -1.0 0.0025070307675096643 35.6606014676544 0.03916149709011921 0.026265941041142528 8.405748677537604 1.0 -1.0 -1.0 -1.0 -1.0 
102.64 62.25 17.0 -1.0 0.47029888551125315 38.23502991585405 0.25306980126384854 0.016589015394405805 11.695123796196723 32.0 11.818530002607202 32.0 0.47029971028678125 38.3540166476046 
102.64 62.25 17.0 -1.0 243.902439 127.11955581999156 0.04293023603939046 0.02350110514207489 0.7832189202206343 2.0 -1.0 -1.0 -1.0 -1.0 
102.64 62.25 17.0 -1.0 0.3686350609314111 190.67933372998735 0.012957202648833627 0.05529671798135269 1.9372574359366277 1.0 -1.0 -1.0 -1.0 -1.0 
102.64 62.25 17.0 -1.0 7.759092411211903 49.04762939829257 8.133753921050126 0.022118687192541075 795.2263854307752 32.0 795.4033879358547 32.0 7.759081199765206 49.08099755696104 
102.64 62.25 17.0 -1.0 0.22963041556618052 18.364256263824164 2.6160242420857194 0.04285495643554833 59.76968802957182 32.0 61.038580057858006 32.0 0.2296170957076053 19.430003156570145 
102.64 62.25 17.0 -1.0 4.46970284042 83.20171347774125 6.5115048464670195 0.04285495643554833 273.22483305596825 16.0 280.68922884410006 32.0 4.469711711863056 83.18470101406592 
102.64 62.25 17.0 -1.0 428.7490184657 0.0 6.114749044662876 0.013824179495338172 188.51765624020965 1.0 -1.0 -1.0 -1.0 -1.0 
102.64 62.25 17.0 -1.0 2.88353187692 63.55977790999578 9.95175761911259 0.026265941041142528 801.71319414462 32.0 801.8731550068399 32.0 2.88352263548101 63.55230199128151 
102.66 23.26 17.0 -1.0 0.82077978267 136.9518209551719 0.01776744429467855 0.05529671798135269 0.766134060166147 8.0 -1.0 -1.0 -1.0 -1.0 
102.66 23.26 17.0 -1.0 0.385489 119.492256346489 0.3718407956863617 0.017971433343939622 22.299290708298884 16.0 22.502807460929134 16.0 0.3855044875914852 119.91955073195633 
102.66 23.26 17.0 -1.0 0.007148282058705888 238.984512692978 0.13636831407734945 0.045619792334615966 -0.8033944138068243 4.0 -1.0 -1.0 -1.0 -1.0 
102.66 23.26 17.0 -1.0 0.869118853459 358.476769039467 0.017295128471299184 0.035942866687879244 1.7702661754012392 2.0 -1.0 -1.0 -1.0 -1.0 
102.66 23.26 17.0 -1.0 25.864857141861386 77.9406436535455 5.44469551176905 0.017971433343939622 379.4034401881393 16.0 379.65591441398294 16.0 25.864877291799836 77.92240849249484 
102.66 23.26 17.0 -1.0 176.678445 11.902618994009707 2.9706212590715864 0.019353851293473442 99.32182950039018 2.0 99.3218289265749 2.0 176.67868329832953 11.941356106642067 
102.66 23.26 17.0 -1.0 1.820960929021 60.80374040313392 4.88167493501294 0.019353851293473442 565.8526453902305 32.0 566.0448598669597 32.0 1.820959975399698 60.819957797388824 
102.66 23.26 17.0 -1.0 361.6582023947468 17.029349464321115 1.4723694633275048 0.09400442056829957 9.55777417461895 1.0 -1.0 -1.0 -1.0 -1.0 
102.66 23.26 17.0 -1.0 1.740523 22.76555138914507 2.6016059918406365 0.04009012053648069 131.63093900760083 16.0 131.6830761222364 16.0 1.740530327272912 22.668337015998496 
102.66 23.26 17.0 -1.0 212.95820294706 0.0 4.16449127175439 0.017971433343939622 102.08162498327879 2.0 -1.0 -1.0 -1.0 -1.0 
102.79 31.62 17.0 -1.0 232.0589209905 79.75190258861274 0.08775953823312233 0.031795612839277794 0.8448993107244731 1.0 -1.0 -1.0 -1.0 -1.0 
102.79 31.62 17.0 -1.0 0.1698 107.10941999298522 0.23390359871954317 0.04009012053648069 1.376101962238959 16.0 -1.0 -1.0 -1.0 -1.0 
102.79 31.62 17.0 -1.0 0.79522136051 190.7835472990707 0.039487500641135966 0.02073626924300726 1.990764936836525 1.0 -1.0 -1.0 -1.0 -1.0 
102.79 31.62 17.0 -1.0 0.2916157151464048 0.0 0.21484893899790705 0.01520659744487199 1.4796458022728864 2.0 -1.0 -1.0 -1.0 -1.0 
102.79 31.62 17.0 -1.0 2.104963256901 108.93979152780584 0.25552932284423435 0.019353851293473442 16.693953677183135 32.0 17.147631300257782 32.0 2.1049648542733244 108.88897602327849 
102.79 31.62 17.0 -1.0 0.838469928369 217.87958305561168 0.018052013621983335 0.02073626924300726 0.49324644181247146 32.0 -1.0 -1.0 -1.0 -1.0 
102.79 31.62 17.0 -1.0 2.990292674144 326.8193745834175 0.6448830291107142 0.023501105142074888 38.236102954324835 16.0 38.28010149729258 16.0 2.990297313469152 326.7681260029426 
102.79 31.62 17.0 -1.0 1.7687552544064 116.75155575677242 2.236325178527656 0.013824179495338172 329.3734717545681 32.0 329.3876138330999 32.0 1.7687549795179318 116.7824148056351 
102.79 31.62 17.0 -1.0 0.0019923688721590837 33.3062248925395 8.367433302103008 0.027648358990676344 65.29863846034235 8.0 -1.0 -1.0 -1.0 -1.0 
102.79 31.62 17.0 -1.0 0.9506580924 67.07004266878415 1.2975117849886044 0.05529671798135269 19.223460665736592 16.0 19.60655689700844 16.0 0.9506644952731829 67.29662551624554 
102.79 31.62 17.0 -1.0 232.0589209905 79.75190258861274 0.08775953823312233 0.031795612839277794 0.8448993107244731 1.0 -1.0 -1.0 -1.0 -1.0 
102.79 31.62 17.0 -1.0 0.1698 107.10941999298522 0.23390359871954317 0.04009012053648069 1.376101962238959 16.0 -1.0 -1.0 -1.0 -1.0 
102.79 31.62 17.0 -1.0 0.79522136051 190.7835472990707 0.039487500641135966 0.02073626924300726 1.990764936836525 1.0 -1.0 -1.0 -1.0 -1.0 
102.79 31.62 17.0 -1.0 0.2916157151464048 0.0 0.21484893899790705 0.01520659744487199 1.4796458022728864 2.0 -1.0 -1.0 -1.0 -1.0 
102.79 31.62 17.0 -1.0 2.104963256901 108.93979152780584 0.25552932284423435 0.019353851293473442 16.693953677183135 32.0 17.147631300257782 32.0 2.1049648542733244 108.88897602327849 
102.79 31.62 17.0 -1.0 0.838469928369 217.87958305561168 0.018052013621983335 0.02073626924300726 0.49324644181247146 32.0 -1.0 -1.0 -1.0 -1.0 
102.79 31.62 17.0 -1.0 2.990292674144 326.8193745834175 0.6448830291107142 0.023501105142074888 38.236102954324835 16.0 38.28010149729258 16.0 2.990297313469152 326.7681260029426 
102.79 31.62 17.0 -1.0 1.7687552544064 116.75155575677242 2.236325178527656 0.013824179495338172 329.3734717545681 32.0 329.3876138330999 32.0 1.7687549795179318 116.7824148056351 
102.79 31.62 17.0 -1.0 0.0019923688721590837 33.3062248925395 8.367433302103008 0.027648358990676344 65.29863846034235 8.0 -1.0 -1.0 -1.0 -1.0 
102.79 31.62 17.0 -1.0 0.9506580924 67.07004266878415 1.2975117849886044 0.05529671798135269 19.223460665736592 16.0 19.60655689700844 16.0 0.9506644952731829 67.29662551624554 
102.85 54.78 17.0 -1.0 0.29598283922 40.61384166382933 0.3037024146099722 0.06635606157762322 1.5196228894205692 2.0 -1.0 -1.0 -1.0 -1.0 
102.85 54.78 17.0 -1.0 468.46771214885 32.46561010744978 0.12362582730615956 0.04285495643554833 1.713360594038104 1.0 -1.0 -1.0 -1.0 -1.0 
102.85 54.78 17.0 -1.0 0.16955348578098683 88.46348270454779 0.020371870326560237 0.011059343596270537 1.3446133965681435 1.0 -1.0 -1.0 -1.0 -1.0 
102.85 54.78 17.0 -1.0 1.579516 0.0 0.49427585604280766 0.027648358990676344 18.68944584275591 32.0 -1.0 -1.0 -1.0 -1.0 
102.85 54.78 17.0 -1.0 0.0865148188 70.72410358701313 0.041760152524141884 0.016589015394405805 0.7140905646807298 1.0 -1.0 -1.0 -1.0 -1.0 
102.85 54.78 17.0 -1.0 91.10848468729928 141.44820717402627 0.23863699619569056 0.016589015394405805 6.981302922377253 1.0 -1.0 -1.0 -1.0 -1.0 
102.85 54.78 17.0 -1.0 0.3268497668 212.1723107610394 0.0886124510543721 0.0483846282336836 2.446225353559864 2.0 -1.0 -1.0 -1.0 -1.0 
102.85 54.78 17.0 -1.0 0.00946118159225248 87.44495376000035 1.6353900915571165 0.012441761545804354 18.813138659168473 32.0 -1.0 -1.0 -1.0 -1.0 
102.85 54.78 17.0 -1.0 5.17050861803 172.59821739476894 7.113530673419467 0.0967692564673672 158.3043446323089 16.0 158.42882216041244 16.0 5.170477379579097 172.6436738807743 
102.85 54.78 17.0 -1.0 5.8086556360048 57.143717659713886 1.0789549214908143 0.012441761545804354 113.495245823285 32.0 113.56790871606376 32.0 5.808669811813161 57.17683220553193 
103.16 31.62 17.0 -1.0 19.979243 144.2164443624713 0.02230153896444461 0.18247916933846386 2.2577899580589915 2.0 -1.0 -1.0 -1.0 -1.0 
103.16 31.62 17.0 -1.0 0.79351598457 38.37338139469265 0.26579233608580394 0.035942866687879244 5.806332739431385 16.0 6.502682481988511 16.0 0.7935038108068209 36.53245385167615 
103.16 31.62 17.0 -1.0 4.7500441 81.64480217281607 0.035526715283987924 0.035942866687879244 0.7392589292256756 4.0 -1.0 -1.0 -1.0 -1.0 
103.16 31.62 17.0 -1.0 0.1641860045408534 35.77839364188166 0.02836255000138714 0.01520659744487199 1.0663106719157838 2.0 -1.0 -1.0 -1.0 -1.0 
103.16 31.62 17.0 -1.0 13.28856 0.0 0.038945658010368464 0.026265941041142524 2.462751871526881 4.0 -1.0 -1.0 -1.0 -1.0 
103.16 31.62 17.0 -1.0 0.0026009143477348545 78.49837952253273 2.4397129636967803 0.022118687192541075 23.009336834605868 16.0 -1.0 -1.0 -1.0 -1.0 
103.16 31.62 17.0 -1.0 1.5105891872725 203.0577916574607 1.5930163089026401 0.012441761545804356 253.62735814513897 32.0 256.97821034219766 32.0 1.5105797501746567 203.0030538129151 
103.16 31.62 17.0 -1.0 4.745265366294915 108.11367725148826 3.791035714069148 0.03456044873834543 209.93691506660434 16.0 210.8289286777307 32.0 4.745258290010194 108.07939255842142 
103.16 31.62 17.0 -1.0 0.03603484755118285 216.2273545029765 3.5772999423304257 0.016589015394405805 208.3086873091775 32.0 209.80475477466078 32.0 0.03604630668026706 222.23066110327102 
103.16 31.62 17.0 -1.0 0.8134628618 324.3410317544648 3.7571409303012784 0.01520659744487199 558.8104564678534 32.0 558.9155581015661 32.0 0.8134823777557662 324.23817767526424 
103.33 62.65 17.0 -1.0 285.989343507338 32.11789072511633 0.016399155431805004 0.026265941041142528 -2.2951373570353995 1.0 -1.0 -1.0 -1.0 -1.0 
103.33 62.65 17.0 -1.0 27.84672785077 24.795386192451325 0.17718413897984583 0.031795612839277794 3.8102294128614638 8.0 -1.0 -1.0 -1.0 -1.0 
103.33 62.65 17.0 -1.0 36.845678187087444 49.10385392493004 0.042664141032509824 0.02073626924300726 1.2581696835944158 8.0 -1.0 -1.0 -1.0 -1.0 
103.33 62.65 17.0 -1.0 263.5998326931 0.0 0.5593385696288847 0.05529671798135269 6.046868144584289 1.0 -1.0 -1.0 -1.0 -1.0 
103.33 62.65 17.0 -1.0 3.0968470790462 62.419201041873315 0.014312502368635096 0.03041319488974398 1.7095127799661407 4.0 -1.0 -1.0 -1.0 -1.0 
103.33 62.65 17.0 -1.0 61.08356416143403 124.83840208374663 0.11918116346569504 0.009676925646736721 1.5945445357078207 8.0 -1.0 -1.0 -1.0 -1.0 
103.33 62.65 17.0 -1.0 0.36056035506 187.25760312561994 0.2840176531656011 0.016589015394405805 21.158893437372974 32.0 22.546552546920697 32.0 0.3605540162728479 187.11497831509473 
103.33 62.65 17.0 -1.0 1.0463823251756 43.69156796600373 7.680483117247862 0.011059343596270537 1225.6686607602828 32.0 1225.804886304098 32.0 1.046373654389754 43.717507102282816 
103.33 62.65 17.0 -1.0 1.877218830111 111.72905893063792 1.3561671841312148 0.02350110514207489 106.94242238902191 32.0 107.47816175281513 16.0 1.877197064459324 111.72251815027833 
103.33 62.65 17.0 -1.0 0.8176959072274 94.33108780315509 2.3732174541416837 0.004147253848601451 848.7774301668181 32.0 849.2338728482159 32.0 0.8176963698739808 94.41767158895803 
103.34 47.41 17.0 -1.0 35.662175932705 209.8489217250071 0.3436794901146623 0.06635606157762322 4.0458100247722095 1.0 -1.0 -1.0 -1.0 -1.0 
103.34 47.41 17.0 -1.0 10.316928486503567 50.896462318895374 0.4983905017081919 0.026265941041142528 29.168450079002845 16.0 29.356782583898763 16.0 10.316944099031389 50.90256035288949 
103.34 47.41 17.0 -1.0 0.72915 30.187529277308055 0.022025931965714878 0.019353851293473442 1.6071736977034754 8.0 -1.0 -1.0 -1.0 -1.0 
103.34 47.41 17.0 -1.0 0.0030547733391465414 115.87883853745674 0.36195607120557394 0.03456044873834543 4.846463564538154 1.0 -1.0 -1.0 -1.0 -1.0 
103.34 47.41 17.0 -1.0 16.792101165075774 58.215378399641764 0.018868074082146753 0.058061553880420315 0.6903710351989506 1.0 -1.0 -1.0 -1.0 -1.0 
103.34 47.41 17.0 -1.0 0.990219925 0.0 0.05116475479031465 0.012441761545804354 2.7165314126492204 32.0 -1.0 -1.0 -1.0 -1.0 
103.34 47.41 17.0 -1.0 230.08774629142 122.54985057171083 3.455841816429399 0.024883523091608708 88.2181110999642 1.0 88.21810989296544 1.0 230.08809269716343 122.55069699274186 
103.34 47.41 17.0 -1.0 1.30255755938 79.98015507254988 1.5399930181164698 0.03456044873834543 79.80971546611065 16.0 83.10597957021166 32.0 1.3025479953891288 79.94636715463757 
103.34 47.41 17.0 -1.0 0.23389051224818047 159.96031014509975 8.022143549387193 0.024883523091608708 546.266063581343 32.0 547.0904705334218 32.0 0.23389172080593806 159.89273430927514 
103.34 47.41 17.0 -1.0 0.40973210981354136 239.94046521764963 1.3210282079320903 0.045619792334615966 51.198081192960935 16.0 51.253928921196916 16.0 0.4097576796387633 239.83910146391267 
103.34 47.41 17.0 -1.0 35.662175932705 209.8489217250071 0.3436794901146623 0.06635606157762322 4.0458100247722095 1.0 -1.0 -1.0 -1.0 -1.0 
103.34 47.41 17.0 -1.0 10.316928486503567 50.896462318895374 0.4983905017081919 0.026265941041142528 29.168450079002845 16.0 29.356782583898763 16.0 10.316944099031389 50.90256035288949 
103.34 47.41 17.0 -1.0 0.72915 30.187529277308055 0.022025931965714878 0.019353851293473442 1.6071736977034754 8.0 -1.0 -1.0 -1.0 -1.0 
103.34 47.41 17.0 -1.0 0.0030547733391465414 115.87883853745674 0.36195607120557394 0.03456044873834543 4.846463564538154 1.0 -1.0 -1.0 -1.0 -1.0 
103.34 47.41 17.0 -1.0 16.792101165075774 58.215378399641764 0.018868074082146753 0.058061553880420315 0.6903710351989506 1.0 -1.0 -1.0 -1.0 -1.0 
103.34 47.41 17.0 -1.0 0.990219925 0.0 0.05116475479031465 0.012441761545804354 2.7165314126492204 32.0 -1.0 -1.0 -1.0 -1.0 
103.34 47.41 17.0 -1.0 230.08774629142 122.54985057171083 3.455841816429399 0.024883523091608708 88.2181110999642 1.0 88.21810989296544 1.0 230.08809269716343 122.55069699274186 
103.34 47.41 17.0 -1.0 1.30255755938 79.98015507254988 1.5399930181164698 0.03456044873834543 79.80971546611065 16.0 83.10597957021166 32.0 1.3025479953891288 79.94636715463757 
103.34 47.41 17.0 -1.0 0.23389051224818047 159.96031014509975 8.022143549387193 0.024883523091608708 546.266063581343 32.0 547.0904705334218 32.0 0.23389172080593806 159.89273430927514 
103.34 47.41 17.0 -1.0 0.40973210981354136 239.94046521764963 1.3210282079320903 0.045619792334615966 51.198081192960935 16.0 51.253928921196916 16.0 0.4097576796387633 239.83910146391267 
103.56 54.39 17.0 -1.0 0.0017278259805078627 92.77088352285143 0.6174176748635788 0.017971433343939622 14.325855748687166 1.0 -1.0 -1.0 -1.0 -1.0 
103.56 54.39 17.0 -1.0 0.12693208929472713 97.65466478376973 0.019369959509055037 0.012441761545804354 0.3689611275782031 2.0 -1.0 -1.0 -1.0 -1.0 
103.56 54.39 17.0 -1.0 16.15935711336 62.96514552703247 0.8855125476097193 0.016589015394405805 66.23331024674984 8.0 66.23330970806691 8.0 16.159416797260445 62.945114392638686 
103.56 54.39 17.0 -1.0 307.92530350133717 108.38640729703225 0.7569861067277132 0.011059343596270537 38.54133382019189 1.0 38.541334631950164 1.0 307.92531712601584 108.38298635774281 
103.56 54.39 17.0 -1.0 6.456229971471407 0.0 0.01164143722609248 0.05391430003181887 1.393268838018381 4.0 -1.0 -1.0 -1.0 -1.0 
103.56 54.39 17.0 -1.0 0.35696534051905326 69.8611285091875 0.2822572230737663 0.012441761545804354 16.79328826061501 32.0 17.580110870538892 32.0 0.35697667044587433 70.02896971013821 
103.56 54.39 17.0 -1.0 427.6219050534547 139.722257018375 0.263234030920558 0.013824179495338172 4.451962168607186 1.0 -1.0 -1.0 -1.0 -1.0 
103.56 54.39 17.0 -1.0 20.27368867376181 209.58338552756248 0.012243590363412011 0.02350110514207489 0.6765315343268163 8.0 -1.0 -1.0 -1.0 -1.0 
103.56 54.39 17.0 -1.0 0.6282163623116122 166.59353417072373 1.6524252102722583 0.029030776940210157 103.83045789893568 32.0 103.90575674017813 32.0 0.6282183070046207 166.5717978943461 
103.56 54.39 17.0 -1.0 3.700188397774 64.26469247199785 8.133753921050126 0.03732528463741307 511.4790065329491 32.0 511.6734922136391 32.0 3.7001882446929817 64.26068752303146 
103.65 22.83 17.0 -1.0 55.46418107490699 53.45533000871241 0.9403668908068452 0.05114946413275124 18.02351987503097 4.0 21.344074997321925 4.0 55.464139829079315 53.43250868056789 
103.65 22.83 17.0 -1.0 0.86242599125 55.25244393781216 0.18052013621983334 0.017971433343939622 45.77052592192083 16.0 46.502859010172585 32.0 0.8624435092012088 55.25407147649634 
103.65 22.83 17.0 -1.0 2.13723569512 63.88563830309531 0.10437629099974702 0.01520659744487199 7.276491052909578 8.0 7.486885251893085 8.0 2.1371912832061453 64.56428132235287 
103.65 22.83 17.0 -1.0 2.087253088 0.0 0.40398071738076446 0.022118687192541075 14.634106504461139 16.0 -1.0 -1.0 -1.0 -1.0 
103.65 22.83 17.0 -1.0 1.045 117.44668089587242 0.5318296882853577 0.04147253848601452 11.04601755053656 16.0 12.650562360892561 16.0 1.0450094123370945 116.88361273874226 
103.65 22.83 17.0 -1.0 91.94972192255072 352.34004268761726 0.4101675476545251 0.02626594104114253 9.138573353549194 1.0 9.138573519289945 1.0 91.94967181732258 352.27000514594096 
103.65 22.83 17.0 -1.0 2.8755338700949804 90.06712162311727 3.0202855496317063 0.04700221028414979 121.62643805927036 16.0 122.67623168079508 16.0 2.8755190821054084 89.96496253224404 
103.65 22.83 17.0 -1.0 7.58284070577946 54.3362682092515 5.516633945193791 0.005529671798135269 1690.1809361306932 32.0 1690.24161513713 32.0 7.582851443051672 54.343290078532114 
103.65 22.83 17.0 -1.0 1.277433 74.70355940571542 5.826081259236011 0.012441761545804356 990.3583282773077 32.0 990.6280531925851 32.0 1.277445941620196 74.68407463306647 
103.65 22.83 17.0 -1.0 0.05156974191896231 234.89336179174484 2.207162879276 0.012441761545804354 222.46578953812883 32.0 223.60389503781704 32.0 0.05156834959052504 234.37441307612733 
103.65 22.83 17.0 -1.0 55.46418107490699 53.45533000871241 0.9403668908068452 0.05114946413275124 18.02351987503097 4.0 21.344074997321925 4.0 55.464139829079315 53.43250868056789 
103.65 22.83 17.0 -1.0 0.86242599125 55.25244393781216 0.18052013621983334 0.017971433343939622 45.77052592192083 16.0 46.502859010172585 32.0 0.8624435092012088 55.25407147649634 
103.65 22.83 17.0 -1.0 2.13723569512 63.88563830309531 0.10437629099974702 0.01520659744487199 7.276491052909578 8.0 7.486885251893085 8.0 2.1371912832061453 64.56428132235287 
103.65 22.83 17.0 -1.0 2.087253088 0.0 0.40398071738076446 0.022118687192541075 14.634106504461139 16.0 -1.0 -1.0 -1.0 -1.0 
103.65 22.83 17.0 -1.0 1.045 117.44668089587242 0.5318296882853577 0.04147253848601452 11.04601755053656 16.0 12.650562360892561 16.0 1.0450094123370945 116.88361273874226 
103.65 22.83 17.0 -1.0 91.94972192255072 352.34004268761726 0.4101675476545251 0.02626594104114253 9.138573353549194 1.0 9.138573519289945 1.0 91.94967181732258 352.27000514594096 
103.65 22.83 17.0 -1.0 2.8755338700949804 90.06712162311727 3.0202855496317063 0.04700221028414979 121.62643805927036 16.0 122.67623168079508 16.0 2.8755190821054084 89.96496253224404 
103.65 22.83 17.0 -1.0 7.58284070577946 54.3362682092515 5.516633945193791 0.005529671798135269 1690.1809361306932 32.0 1690.24161513713 32.0 7.582851443051672 54.343290078532114 
103.65 22.83 17.0 -1.0 1.277433 74.70355940571542 5.826081259236011 0.012441761545804356 990.3583282773077 32.0 990.6280531925851 32.0 1.277445941620196 74.68407463306647 
103.65 22.83 17.0 -1.0 0.05156974191896231 234.89336179174484 2.207162879276 0.012441761545804354 222.46578953812883 32.0 223.60389503781704 32.0 0.05156834959052504 234.37441307612733 
103.91 31.62 17.0 -1.0 0.10274594854461801 17.58901065558413 0.06507007961928565 0.011059343596270537 0.43402043679834246 1.0 -1.0 -1.0 -1.0 -1.0 
103.91 31.62 17.0 -1.0 275.8053380433 59.36691574644334 0.10365769805511528 0.04423737438508215 1.0319393871794473 1.0 -1.0 -1.0 -1.0 -1.0 
103.91 31.62 17.0 -1.0 0.07179470857397473 170.8280597733599 0.03924274478316304 0.016589015394405805 2.7420964407215855 1.0 -1.0 -1.0 -1.0 -1.0 
103.91 31.62 17.0 -1.0 0.008871645950719527 42.610900131014375 0.022440633014402626 0.0967692564673672 5.889004629412099 4.0 -1.0 -1.0 -1.0 -1.0 
103.91 31.62 17.0 -1.0 0.57198175779 69.39489449908056 0.05329330663090827 0.022118687192541075 0.8917395533773314 1.0 -1.0 -1.0 -1.0 -1.0 
103.91 31.62 17.0 -1.0 7.652855786949726 213.56711298747507 0.2891652590159149 0.045619792334615966 5.395180653381934 16.0 -1.0 -1.0 -1.0 -1.0 
103.91 31.62 17.0 -1.0 0.47902385653381935 320.3506694812126 0.3652214325520265 0.013824179495338172 27.44457426778019 32.0 27.696305851447505 32.0 0.47903085942380136 320.29145828408593 
103.91 31.62 17.0 -1.0 3.63602406451 30.820816485741226 4.4964035966208 0.07050331542622468 163.75301191185147 8.0 163.97033571789183 16.0 3.636038551727931 30.865369597676526 
103.91 31.62 17.0 -1.0 0.010419746251239537 0.0 9.580719820772561 0.012441761545804354 178.88319293189727 32.0 112.91374209858805 32.0 0.005214436290164789 2.428750394571268 
103.91 31.62 17.0 -1.0 1.072164206927 106.78355649373754 2.330970373380388 0.017971433343939622 267.0321435347404 32.0 267.0480892058883 32.0 1.072172987430046 106.76381942802864 
103.91 31.62 17.0 -1.0 0.10274594854461801 17.58901065558413 0.06507007961928565 0.011059343596270537 0.43402043679834246 1.0 -1.0 -1.0 -1.0 -1.0 
103.91 31.62 17.0 -1.0 275.8053380433 59.36691574644334 0.10365769805511528 0.04423737438508215 1.0319393871794473 1.0 -1.0 -1.0 -1.0 -1.0 
103.91 31.62 17.0 -1.0 0.07179470857397473 170.8280597733599 0.03924274478316304 0.016589015394405805 2.7420964407215855 1.0 -1.0 -1.0 -1.0 -1.0 
103.91 31.62 17.0 -1.0 0.008871645950719527 42.610900131014375 0.022440633014402626 0.0967692564673672 5.889004629412099 4.0 -1.0 -1.0 -1.0 -1.0 
103.91 31.62 17.0 -1.0 0.57198175779 69.39489449908056 0.05329330663090827 0.022118687192541075 0.8917395533773314 1.0 -1.0 -1.0 -1.0 -1.0 
103.91 31.62 17.0 -1.0 7.652855786949726 213.56711298747507 0.2891652590159149 0.045619792334615966 5.395180653381934 16.0 -1.0 -1.0 -1.0 -1.0 
103.91 31.62 17.0 -1.0 0.47902385653381935 320.3506694812126 0.3652214325520265 0.013824179495338172 27.44457426778019 32.0 27.696305851447505 32.0 0.47903085942380136 320.29145828408593 
103.91 31.62 17.0 -1.0 3.63602406451 30.820816485741226 4.4964035966208 0.07050331542622468 163.75301191185147 8.0 163.97033571789183 16.0 3.636038551727931 30.865369597676526 
103.91 31.62 17.0 -1.0 0.010419746251239537 0.0 9.580719820772561 0.012441761545804354 178.88319293189727 32.0 112.91374209858805 32.0 0.005214436290164789 2.428750394571268 
103.91 31.62 17.0 -1.0 1.072164206927 106.78355649373754 2.330970373380388 0.017971433343939622 267.0321435347404 32.0 267.0480892058883 32.0 1.072172987430046 106.76381942802864 
103.94 47.02 17.0 -1.0 4.84 25.255032071219798 0.07103708771708726 0.04700221028414978 0.8256787319871722 8.0 -1.0 -1.0 -1.0 -1.0 
103.94 47.02 17.0 -1.0 0.682750190448 105.54943450610266 0.6030843209777199 0.04700221028414979 9.468196635590504 8.0 9.480808287568925 8.0 0.6827273561308782 105.65064216385014 
103.94 47.02 17.0 -1.0 15.0845718178 63.908273645011604 0.7383917380647688 0.022118687192541075 49.225632770480104 16.0 49.30742805817689 16.0 15.084575958705198 63.957093723710045 
103.94 47.02 17.0 -1.0 0.757935555728 58.99954910159142 0.012586645222787884 0.09400442056829957 0.46969162260023267 8.0 -1.0 -1.0 -1.0 -1.0 
103.94 47.02 17.0 -1.0 31.66374 28.31409229393093 0.014253298863765182 0.08156265902249521 0.2635001894066847 8.0 -1.0 -1.0 -1.0 -1.0 
103.94 47.02 17.0 -1.0 2.18492568145 79.03757924260618 0.68625203982797 0.02073626924300726 69.6908078164353 32.0 70.27119344358142 32.0 2.1849094385591648 79.03558575667333 
103.94 47.02 17.0 -1.0 3.63602406451 158.07515848521237 0.366232073336369 0.01520659744487199 39.7639318739182 16.0 39.807464069890905 16.0 3.636038551727931 158.07117151334666 
103.94 47.02 17.0 -1.0 1.189430419 237.11273772781857 0.06731049870725822 0.02350110514207489 3.1201886165995574 16.0 -1.0 -1.0 -1.0 -1.0 
103.94 47.02 17.0 -1.0 0.006795914387731952 58.216998812060666 1.9450415935534653 0.04700221028414978 13.07798344156073 2.0 -1.0 -1.0 -1.0 -1.0 
103.94 47.02 17.0 -1.0 457.17664224371134 0.0 2.537700960429789 0.01520659744487199 97.84211711443108 1.0 -1.0 -1.0 -1.0 -1.0 
103.94 47.02 17.0 -1.0 4.84 25.255032071219798 0.07103708771708726 0.04700221028414978 0.8256787319871722 8.0 -1.0 -1.0 -1.0 -1.0 
103.94 47.02 17.0 -1.0 0.682750190448 105.54943450610266 0.6030843209777199 0.04700221028414979 9.468196635590504 8.0 9.480808287568925 8.0 0.6827273561308782 105.65064216385014 
103.94 47.02 17.0 -1.0 15.0845718178 63.908273645011604 0.7383917380647688 0.022118687192541075 49.225632770480104 16.0 49.30742805817689 16.0 15.084575958705198 63.957093723710045 
103.94 47.02 17.0 -1.0 0.757935555728 58.99954910159142 0.012586645222787884 0.09400442056829957 0.46969162260023267 8.0 -1.0 -1.0 -1.0 -1.0 
103.94 47.02 17.0 -1.0 31.66374 28.31409229393093 0.014253298863765182 0.08156265902249521 0.2635001894066847 8.0 -1.0 -1.0 -1.0 -1.0 
103.94 47.02 17.0 -1.0 2.18492568145 79.03757924260618 0.68625203982797 0.02073626924300726 69.6908078164353 32.0 70.27119344358142 32.0 2.1849094385591648 79.03558575667333 
103.94 47.02 17.0 -1.0 3.63602406451 158.07515848521237 0.366232073336369 0.01520659744487199 39.7639318739182 16.0 39.807464069890905 16.0 3.636038551727931 158.07117151334666 
103.94 47.02 17.0 -1.0 1.189430419 237.11273772781857 0.06731049870725822 0.02350110514207489 3.1201886165995574 16.0 -1.0 -1.0 -1.0 -1.0 
103.94 47.02 17.0 -1.0 0.006795914387731952 58.216998812060666 1.9450415935534653 0.04700221028414978 13.07798344156073 2.0 -1.0 -1.0 -1.0 -1.0 
103.94 47.02 17.0 -1.0 457.17664224371134 0.0 2.537700960429789 0.01520659744487199 97.84211711443108 1.0 -1.0 -1.0 -1.0 -1.0 
104.01 62.25 17.0 -1.0 1.151609 104.73846666678773 0.022784303842545154 0.016589015394405805 0.7781737514461455 1.0 -1.0 -1.0 -1.0 -1.0 
104.01 62.25 17.0 -1.0 0.151571128974 46.389226756698385 0.2619641272823381 0.06635606157762322 -0.003825429184065431 2.0 -1.0 -1.0 -1.0 -1.0 
104.01 62.25 17.0 -1.0 193.7156834116254 93.46666577883295 0.011153334837430372 0.03317803078881161 0.9011471896405479 2.0 -1.0 -1.0 -1.0 -1.0 
104.01 62.25 17.0 -1.0 0.8026608259746 80.223229752061 0.2667120296015811 0.009676925646736721 41.43472966181339 32.0 41.53434246807758 32.0 0.8026593908046683 80.24996095395896 
104.01 62.25 17.0 -1.0 0.792393 58.88864952353933 0.5084761966519021 0.05667913593088651 7.393734323589475 4.0 8.312584434761694 8.0 0.7923517841845752 59.60558260010319 
104.01 62.25 17.0 -1.0 0.017037566463405606 0.0 0.662952096295988 0.013824179495338172 3.4476972822530687 32.0 -1.0 -1.0 -1.0 -1.0 
104.01 62.25 17.0 -1.0 315.457413 123.98980976750259 0.041789012268176016 0.013824179495338172 0.5966310944258084 1.0 -1.0 -1.0 -1.0 -1.0 
104.01 62.25 17.0 -1.0 0.00859080009850802 59.39085847399276 9.890073518198214 0.037325284637413074 74.76334295907927 16.0 -1.0 -1.0 -1.0 -1.0 
104.01 62.25 17.0 -1.0 278.60300920296 61.994904883751296 4.686699264989961 0.06773847952715704 69.43744105179901 1.0 69.43744173698342 1.0 278.60320794085663 62.034332994674465 
104.01 62.25 17.0 -1.0 1.664475 185.98471465125388 1.410635930080207 0.0483846282336836 39.1732651112901 8.0 41.134912926828086 8.0 1.6644965702046952 185.9006031178091 
104.01 62.25 17.0 -1.0 1.151609 104.73846666678773 0.022784303842545154 0.016589015394405805 0.7781737514461455 1.0 -1.0 -1.0 -1.0 -1.0 
104.01 62.25 17.0 -1.0 0.151571128974 46.389226756698385 0.2619641272823381 0.06635606157762322 -0.003825429184065431 2.0 -1.0 -1.0 -1.0 -1.0 
104.01 62.25 17.0 -1.0 193.7156834116254 93.46666577883295 0.011153334837430372 0.03317803078881161 0.9011471896405479 2.0 -1.0 -1.0 -1.0 -1.0 
104.01 62.25 17.0 -1.0 0.8026608259746 80.223229752061 0.2667120296015811 0.009676925646736721 41.43472966181339 32.0 41.53434246807758 32.0 0.8026593908046683 80.24996095395896 
104.01 62.25 17.0 -1.0 0.792393 58.88864952353933 0.5084761966519021 0.05667913593088651 7.393734323589475 4.0 8.312584434761694 8.0 0.7923517841845752 59.60558260010319 
104.01 62.25 17.0 -1.0 0.017037566463405606 0.0 0.662952096295988 0.013824179495338172 3.4476972822530687 32.0 -1.0 -1.0 -1.0 -1.0 
104.01 62.25 17.0 -1.0 315.457413 123.98980976750259 0.041789012268176016 0.013824179495338172 0.5966310944258084 1.0 -1.0 -1.0 -1.0 -1.0 
104.01 62.25 17.0 -1.0 0.00859080009850802 59.39085847399276 9.890073518198214 0.037325284637413074 74.76334295907927 16.0 -1.0 -1.0 -1.0 -1.0 
104.01 62.25 17.0 -1.0 278.60300920296 61.994904883751296 4.686699264989961 0.06773847952715704 69.43744105179901 1.0 69.43744173698342 1.0 278.60320794085663 62.034332994674465 
104.01 62.25 17.0 -1.0 1.664475 185.98471465125388 1.410635930080207 0.0483846282336836 39.1732651112901 8.0 41.134912926828086 8.0 1.6644965702046952 185.9006031178091 
104.02 62.65 17.0 -1.0 236.966825 76.77065688753628 0.1113024311104136 0.013824179495338172 2.390406967693681 2.0 -1.0 -1.0 -1.0 -1.0 
104.02 62.65 17.0 -1.0 1.83553757789 172.49337564894844 0.3424943924681999 0.04009012053648069 8.873165576348569 8.0 8.985179124905827 8.0 1.8354815741380057 172.9472676800957 
104.02 62.65 17.0 -1.0 0.2925653886 101.14552552805829 0.021234043527078993 0.009676925646736721 0.02138111037050435 8.0 -1.0 -1.0 -1.0 -1.0 
104.02 62.65 17.0 -1.0 0.0010185519704412683 148.84031405245102 0.10894410122863865 0.08432749492156286 0.5999901805396501 1.0 -1.0 -1.0 -1.0 -1.0 
104.02 62.65 17.0 -1.0 0.021145116586593026 0.0 0.7118446715675183 0.01382417949533817 6.450666427197523 32.0 -1.0 -1.0 -1.0 -1.0 
104.02 62.65 17.0 -1.0 51.29606294732505 185.06022136414543 0.14592053445088157 0.06497364362808941 1.5276545895072258 2.0 -1.0 -1.0 -1.0 -1.0 
104.02 62.65 17.0 -1.0 190.782671214183 44.492926508591424 3.4202149842813188 0.0566791359308865 58.560545219392885 1.0 58.56054508605156 1.0 190.78239953766268 44.52709056713991 
104.02 62.65 17.0 -1.0 1.441314243856 8.291527069820697 7.739071675238039 0.013824179495338172 1171.9657728817733 32.0 1172.0696918124547 32.0 1.4413065703896186 8.298230514785164 
104.02 62.65 17.0 -1.0 3.894405558948306 61.68674045471514 1.2867997003409437 0.02073626924300726 120.17915483299589 32.0 120.20864869033188 32.0 3.8943956800115607 61.62954126224592 
104.02 62.65 17.0 -1.0 230.978889 123.37348090943028 1.9666603994141163 0.022118687192541075 55.820848286199606 1.0 55.820849223643535 1.0 230.97866990913948 123.36028045759898 
104.02 62.65 17.0 -1.0 236.966825 76.77065688753628 0.1113024311104136 0.013824179495338172 2.390406967693681 2.0 -1.0 -1.0 -1.0 -1.0 
104.02 62.65 17.0 -1.0 1.83553757789 172.49337564894844 0.34249439246819985 0.04009012053648069 8.873165576348557 8.0 8.985179124905827 8.0 1.8354815741380057 172.9472676800957 
104.02 62.65 17.0 -1.0 0.2925653886 101.14552552805829 0.021234043527078993 0.009676925646736721 0.02138111037050435 8.0 -1.0 -1.0 -1.0 -1.0 
104.02 62.65 17.0 -1.0 0.0010185519704412683 148.84031405245102 0.10894410122863865 0.08432749492156286 0.5999901805396501 1.0 -1.0 -1.0 -1.0 -1.0 
104.02 62.65 17.0 -1.0 0.021145116586593026 0.0 0.7118446715675184 0.01382417949533817 6.450666427197523 32.0 -1.0 -1.0 -1.0 -1.0 
104.02 62.65 17.0 -1.0 51.29606294732505 185.06022136414543 0.14592053445088154 0.06497364362808941 1.5276545895072258 2.0 -1.0 -1.0 -1.0 -1.0 
104.02 62.65 17.0 -1.0 190.782671214183 44.492926508591424 3.4202149842813188 0.0566791359308865 58.560545219392885 1.0 58.56054508605156 1.0 190.78239953766268 44.52709056713991 
104.02 62.65 17.0 -1.0 1.441314243856 8.291527069820697 7.739071675238039 0.013824179495338172 1171.9657728817733 32.0 1172.0696918124547 32.0 1.4413065703896186 8.298230514785164 
104.02 62.65 17.0 -1.0 3.894405558948306 61.68674045471514 1.2867997003409435 0.02073626924300726 120.17915483299592 32.0 120.20864869033188 32.0 3.8943956800115607 61.62954126224592 
104.02 62.65 17.0 -1.0 230.978889 123.37348090943028 1.9666603994141163 0.022118687192541075 55.820848286199606 1.0 55.820849223643535 1.0 230.97866990913948 123.36028045759898 
104.05 23.26 17.0 -1.0 114.00514689571 87.00168672702588 0.019170271464057302 0.038707702586946884 2.0601087161371217 4.0 -1.0 -1.0 -1.0 -1.0 
104.05 23.26 17.0 -1.0 1.956947 119.96635459961601 0.04798086871639703 0.03732528463741307 1.0002288415814105 16.0 -1.0 -1.0 -1.0 -1.0 
104.05 23.26 17.0 -1.0 1.46846364391 74.41391270816762 0.08733616532612773 0.0483846282336836 1.6903733632373146 8.0 -1.0 -1.0 -1.0 -1.0 
104.05 23.26 17.0 -1.0 2.410390498047 85.92372817844962 0.09242651535323931 0.06773847952715704 1.1472863745276372 2.0 -1.0 -1.0 -1.0 -1.0 
104.05 23.26 17.0 -1.0 3.0621185502 28.33987797063393 0.013922408471454342 0.04285495643554833 0.7314828515918244 1.0 -1.0 -1.0 -1.0 -1.0 
104.05 23.26 17.0 -1.0 31.953380185111733 22.602356663695772 0.09358303370348234 0.011059343596270537 3.5436700514707935 8.0 -1.0 -1.0 -1.0 -1.0 
104.05 23.26 17.0 -1.0 212.134969 231.79586080030154 0.024617226633312138 0.08985716671969811 -0.3055989555076082 1.0 -1.0 -1.0 -1.0 -1.0 
104.05 23.26 17.0 -1.0 0.9535430745403 347.6937912004523 0.9693902556544121 0.06082638977948796 22.378391788264764 8.0 22.41233558818422 8.0 0.9535142453387381 347.5137022899055 
104.05 23.26 17.0 -1.0 0.5108557892033546 0.0 5.516633945193791 0.08985716671969811 29.62427647693954 8.0 -1.0 -1.0 -1.0 -1.0 
104.05 23.26 17.0 -1.0 2.11347 115.89793040015077 2.34550856781094 0.017971433343939622 290.0199994977875 32.0 290.3563744812128 32.0 2.1134837879799306 115.8716334076709 
104.05 23.26 17.0 -1.0 114.00514689571 87.00168672702588 0.0191702714640573 0.038707702586946884 2.0601087161371217 4.0 -1.0 -1.0 -1.0 -1.0 
104.05 23.26 17.0 -1.0 1.956947 119.96635459961601 0.04798086871639703 0.03732528463741307 1.0002288415814105 16.0 -1.0 -1.0 -1.0 -1.0 
104.05 23.26 17.0 -1.0 1.46846364391 74.41391270816762 0.08733616532612772 0.0483846282336836 1.6903733632373146 8.0 -1.0 -1.0 -1.0 -1.0 
104.05 23.26 17.0 -1.0 2.410390498047 85.92372817844962 0.09242651535323931 0.06773847952715704 1.1472863745276372 2.0 -1.0 -1.0 -1.0 -1.0 
104.05 23.26 17.0 -1.0 3.0621185502 28.33987797063393 0.01392240847145434 0.04285495643554833 0.7314828515918244 1.0 -1.0 -1.0 -1.0 -1.0 
104.05 23.26 17.0 -1.0 31.953380185111737 22.602356663695772 0.09358303370348234 0.011059343596270537 3.543670051490082 8.0 -1.0 -1.0 -1.0 -1.0 
104.05 23.26 17.0 -1.0 212.134969 231.79586080030154 0.024617226633312138 0.08985716671969811 -0.3055989555076082 1.0 -1.0 -1.0 -1.0 -1.0 
104.05 23.26 17.0 -1.0 0.9535430745403 347.6937912004523 0.9693902556544122 0.06082638977948796 22.378391788264764 8.0 22.41233558818422 8.0 0.9535142453387381 347.5137022899055 
104.05 23.26 17.0 -1.0 0.5108557892033546 0.0 5.5166339451937905 0.08985716671969811 29.62427647693954 8.0 -1.0 -1.0 -1.0 -1.0 
104.05 23.26 17.0 -1.0 2.11347 115.89793040015077 2.34550856781094 0.017971433343939622 290.0199994977875 32.0 290.3563744812128 32.0 2.1134837879799306 115.8716334076709 
104.23 31.22 17.0 -1.0 1.1736478705499858 55.64971508921905 0.08947365312024752 0.016589015394405805 1.434786737320458 1.0 -1.0 -1.0 -1.0 -1.0 
104.23 31.22 17.0 -1.0 0.486332 52.89763027169585 0.2269005682628224 0.015206597444871989 7.231583078760525 16.0 7.3786003015480235 16.0 0.48633713352804386 51.71214381774657 
104.23 31.22 17.0 -1.0 0.01902421400374928 106.65928717214899 0.7712385312240155 0.023501105142074895 2.1853095418201978 32.0 -1.0 -1.0 -1.0 -1.0 
104.23 31.22 17.0 -1.0 1.9074109781353 213.31857434429799 0.3692808065379914 0.06773847952715704 4.462238214039382 8.0 -1.0 -1.0 -1.0 -1.0 
104.23 31.22 17.0 -1.0 0.664065940204 319.977861516447 0.02258059458990518 0.019353851293473442 1.4849556634320324 1.0 -1.0 -1.0 -1.0 -1.0 
104.23 31.22 17.0 -1.0 0.7378399817266 65.66602378555348 7.262499384819735 0.019353851293473442 782.7684303367888 32.0 784.2162968709571 32.0 0.7378427350583177 65.7786565196385 
104.23 31.22 17.0 -1.0 0.741188488948 121.05973098477037 1.0539069785079154 0.017971433343939622 145.57144105489238 32.0 145.68418907349536 32.0 0.7411775489648184 121.13392592924198 
104.23 31.22 17.0 -1.0 1.07959193868 51.13757602793102 8.31556933797168 0.08570991287109667 17752.582764666193 8.0 1140.920684256606 2.0 2.157078900684913 46.24745542996122 
104.23 31.22 17.0 -1.0 220.569095946271 46.561434994142445 3.981621803925185 0.11612310776084063 54.40395204502026 1.0 54.40395207432515 1.0 220.56919988244775 46.55104922928263 
104.23 31.22 17.0 -1.0 425.1077962532 0.0 6.426593021149961 0.022118687192541075 146.7410883290915 1.0 -1.0 -1.0 -1.0 -1.0 
104.23 31.22 17.0 -1.0 1.1736478705499858 55.64971508921905 0.08947365312024752 0.016589015394405805 1.434786737320458 1.0 -1.0 -1.0 -1.0 -1.0 
104.23 31.22 17.0 -1.0 0.486332 52.89763027169585 0.2269005682628224 0.015206597444871989 7.231583078760525 16.0 7.3786003015480235 16.0 0.48633713352804386 51.71214381774657 
104.23 31.22 17.0 -1.0 0.01902421400374928 106.65928717214899 0.7712385312240155 0.023501105142074895 2.1853095418201978 32.0 -1.0 -1.0 -1.0 -1.0 
104.23 31.22 17.0 -1.0 1.9074109781353 213.31857434429799 0.3692808065379914 0.06773847952715704 4.462238214039382 8.0 -1.0 -1.0 -1.0 -1.0 
104.23 31.22 17.0 -1.0 0.664065940204 319.977861516447 0.02258059458990518 0.019353851293473442 1.4849556634320324 1.0 -1.0 -1.0 -1.0 -1.0 
104.23 31.22 17.0 -1.0 0.7378399817266 65.66602378555348 7.262499384819735 0.019353851293473442 782.7684303367888 32.0 784.2162968709571 32.0 0.7378427350583177 65.7786565196385 
104.23 31.22 17.0 -1.0 0.741188488948 121.05973098477037 1.0539069785079154 0.017971433343939622 145.57144105489238 32.0 145.68418907349536 32.0 0.7411775489648184 121.13392592924198 
104.23 31.22 17.0 -1.0 1.07959193868 51.13757602793102 8.31556933797168 0.08570991287109667 17752.582764666193 8.0 1140.920684256606 2.0 2.157078900684913 46.24745542996122 
104.23 31.22 17.0 -1.0 220.569095946271 46.561434994142445 3.981621803925185 0.11612310776084063 54.40395204502026 1.0 54.40395207432515 1.0 220.56919988244775 46.55104922928263 
104.23 31.22 17.0 -1.0 425.1077962532 0.0 6.426593021149961 0.022118687192541075 146.7410883290915 1.0 -1.0 -1.0 -1.0 -1.0 
104.28 47.41 17.0 -1.0 4.65465907222 32.733283550489226 0.27915446872420185 0.04700221028414978 5.993075179370882 8.0 -1.0 -1.0 -1.0 -1.0 
104.28 47.41 17.0 -1.0 0.81714203597 42.36482540543062 0.3005714973044299 0.02073626924300726 19.494571824395194 16.0 19.539376084132645 16.0 0.817150673052917 42.60432983810432 
104.28 47.41 17.0 -1.0 10.80210522164093 49.34420356118525 0.019170271464057302 0.07188573337575849 0.7225620915462596 2.0 -1.0 -1.0 -1.0 -1.0 
104.28 47.41 17.0 -1.0 0.020759978086765968 0.0 0.06556644971410935 0.03041319488974398 1.4354308580781212 2.0 -1.0 -1.0 -1.0 -1.0 
104.28 47.41 17.0 -1.0 0.022968596257459013 77.54089131043398 0.3007792172468115 0.01520659744487199 2.6925017806224174 4.0 -1.0 -1.0 -1.0 -1.0 
104.28 47.41 17.0 -1.0 0.7655802173375 155.08178262086795 0.12042261972663751 0.026265941041142528 1.209542652214124 16.0 -1.0 -1.0 -1.0 -1.0 
104.28 47.41 17.0 -1.0 377.88018632311 232.62267393130193 0.030686594526462482 0.011059343596270537 1.3074501023811869 1.0 -1.0 -1.0 -1.0 -1.0 
104.28 47.41 17.0 -1.0 0.8313576437031 58.39413056981376 1.0209415996414983 0.06773847952715704 13.566221170017053 8.0 14.837682664551226 8.0 0.8313994233806928 58.4924053359247 
104.28 47.41 17.0 -1.0 0.8655970492 73.00429550919347 4.090356641242351 0.009676925646736721 969.6977077324337 32.0 970.4555193802637 32.0 0.8655964241673549 73.0649077033523 
104.28 47.41 17.0 -1.0 0.0035387064513500537 41.36444786977246 5.270747206075629 0.027648358990676344 75.10317769944955 8.0 -1.0 -1.0 -1.0 -1.0 
104.29 31.62 17.0 -1.0 0.616773989489657 56.61287712408475 0.919806278374626 0.02350110514207489 66.30734272390058 32.0 66.3953759934708 32.0 0.6167889902523409 56.569644606889106 
104.29 31.62 17.0 -1.0 0.692207699133 114.14861733788194 0.02997420510710089 0.06497364362808941 1.1447975987076637 1.0 -1.0 -1.0 -1.0 -1.0 
104.29 31.62 17.0 -1.0 1.492453962361 99.00093352053268 0.03408421179748744 0.056679135930886505 2.2944734004821568 1.0 -1.0 -1.0 -1.0 -1.0 
104.29 31.62 17.0 -1.0 277.9377069492822 0.0 0.9815200824138256 0.019353851293473442 28.791645066259978 1.0 -1.0 -1.0 -1.0 -1.0 
104.29 31.62 17.0 -1.0 30.623932 106.06560958660732 0.8413806099381735 0.06635606157762322 19.04861251969996 4.0 19.290636689590343 4.0 30.624020534257095 106.15663182938583 
104.29 31.62 17.0 -1.0 2.09141367214 80.92554610823356 8.625684705825073 0.045619792334615966 501.8193584977735 16.0 503.4088599460263 32.0 2.0914133832169077 80.8571485526018 
104.29 31.62 17.0 -1.0 3.344579548284 13.683832019874334 3.070780151948775 0.017971433343939622 479.5842559653486 32.0 479.62919089295167 32.0 3.3445758162997667 13.661720969463381 
104.29 31.62 17.0 -1.0 82.34765957943779 72.04696672789649 4.587395208346724 0.027648358990676344 133.27344879334936 4.0 52.88623594662071 2.0 82.34880321348707 72.05292837228095 
104.29 31.62 17.0 -1.0 0.00122409500578472 212.13121917321465 1.5000910217817933 0.016589015394405805 3.4885071457576653 2.0 -1.0 -1.0 -1.0 -1.0 
104.29 31.62 17.0 -1.0 0.002450082296615483 318.196828759822 1.4096617363948858 0.052531882082285056 6.038314109353243 2.0 -1.0 -1.0 -1.0 -1.0 
104.51 54.79 17.0 -1.0 1.187073 185.79311397702534 0.25254584867986474 0.023501105142074888 12.073906299730478 16.0 12.290808985715675 16.0 1.187072484754026 185.79940518470195 
104.51 54.79 17.0 -1.0 1.040808 76.76628116370634 0.1123065381975074 0.016589015394405805 3.2211159425215374 1.0 -1.0 -1.0 -1.0 -1.0 
104.51 54.79 17.0 -1.0 0.0015332368327136906 107.56229326806547 0.5314624034934806 0.035942866687879244 9.877645173623895 2.0 -1.0 -1.0 -1.0 -1.0 
104.51 54.79 17.0 -1.0 3.6279007508719 78.86138634649959 0.011184198346697533 0.011059343596270537 0.7148807474645816 1.0 -1.0 -1.0 -1.0 -1.0 
104.51 54.79 17.0 -1.0 237.801949 0.0 0.23422700417298187 0.02350110514207489 4.773126460879038 2.0 -1.0 -1.0 -1.0 -1.0 
104.51 54.79 17.0 -1.0 117.30802716915545 67.7959764490284 0.37132738203638316 0.03456044873834543 5.926503580505339 1.0 -1.0 -1.0 -1.0 -1.0 
104.51 54.79 17.0 -1.0 0.20470782962075582 135.5919528980568 0.16263766186660558 0.019353851293473442 4.2490467389254025 16.0 -1.0 -1.0 -1.0 -1.0 
104.51 54.79 17.0 -1.0 26.103676621593344 203.38792934708522 0.028559169535731083 0.07741540517389377 1.443951645398747 8.0 -1.0 -1.0 -1.0 -1.0 
104.51 54.79 17.0 -1.0 0.8573028021 70.05380824796094 3.3779472650745395 0.013824179495338172 638.2149636577807 32.0 644.8824751110166 32.0 0.8572897058911623 70.13016764324534 
104.51 54.79 17.0 -1.0 0.00200154586452612 80.468311680875 1.755999760938223 0.02073626924300726 18.38059339234764 1.0 -1.0 -1.0 -1.0 -1.0 
104.51 54.79 17.0 -1.0 1.187073 185.79311397702534 0.25254584867986474 0.023501105142074888 12.073906299730478 16.0 12.290808985715675 16.0 1.187072484754026 185.79940518470195 
104.51 54.79 17.0 -1.0 1.040808 76.76628116370634 0.1123065381975074 0.016589015394405805 3.2211159425215374 1.0 -1.0 -1.0 -1.0 -1.0 
104.51 54.79 17.0 -1.0 0.0015332368327136906 107.56229326806547 0.5314624034934806 0.035942866687879244 9.877645173623895 2.0 -1.0 -1.0 -1.0 -1.0 
104.51 54.79 17.0 -1.0 3.6279007508719 78.86138634649959 0.011184198346697533 0.011059343596270537 0.7148807474645816 1.0 -1.0 -1.0 -1.0 -1.0 
104.51 54.79 17.0 -1.0 237.801949 0.0 0.23422700417298187 0.02350110514207489 4.773126460879038 2.0 -1.0 -1.0 -1.0 -1.0 
104.51 54.79 17.0 -1.0 117.30802716915545 67.7959764490284 0.37132738203638316 0.03456044873834543 5.926503580505339 1.0 -1.0 -1.0 -1.0 -1.0 
104.51 54.79 17.0 -1.0 0.20470782962075582 135.5919528980568 0.16263766186660558 0.019353851293473442 4.2490467389254025 16.0 -1.0 -1.0 -1.0 -1.0 
104.51 54.79 17.0 -1.0 26.103676621593344 203.38792934708522 0.028559169535731083 0.07741540517389377 1.443951645398747 8.0 -1.0 -1.0 -1.0 -1.0 
104.51 54.79 17.0 -1.0 0.8573028021 70.05380824796094 3.3779472650745395 0.013824179495338172 638.2149636577807 32.0 644.8824751110166 32.0 0.8572897058911623 70.13016764324534 
104.51 54.79 17.0 -1.0 0.00200154586452612 80.468311680875 1.755999760938223 0.02073626924300726 18.38059339234764 1.0 -1.0 -1.0 -1.0 -1.0 
104.53 55.17 17.0 -1.0 0.37922747574 66.43294645540617 0.24481548481623458 0.019353851293473442 11.321171074922518 32.0 11.618871171005583 32.0 0.379228974149252 66.48704205138844 
104.53 55.17 17.0 -1.0 18.923253108251025 38.877223382150355 0.44469762138070534 0.030413194889743977 19.75731146468477 8.0 19.757310584971346 8.0 18.923310562968254 38.86000631314029 
104.53 55.17 17.0 -1.0 1.980862 43.14300296282312 0.24464641376516383 0.026265941041142528 10.394443243333967 32.0 10.554353078576554 32.0 1.9808491439713787 43.11031950364 
104.53 55.17 17.0 -1.0 5.600550217377 75.95513689377997 0.5675124553382952 0.031795612839277794 36.43201543944285 16.0 36.43201741765137 16.0 5.600547107557456 75.99964776345924 
104.53 55.17 17.0 -1.0 1.3899355261798 42.03106989677097 0.3654738309850336 0.017971433343939622 36.60415572219835 32.0 37.59993171195219 32.0 1.3899201197394482 41.997142239461496 
104.53 55.17 17.0 -1.0 18.07331488113158 0.0 0.15908167753196736 0.022118687192541075 4.167026069759453 8.0 -1.0 -1.0 -1.0 -1.0 
104.53 55.17 17.0 -1.0 3.46801177677 67.38314380275982 0.014273006104727986 0.011059343596270537 1.0826925608220626 1.0 -1.0 -1.0 -1.0 -1.0 
104.53 55.17 17.0 -1.0 190.93359639710968 134.76628760551964 0.08879629380191977 0.03041319488974398 1.946378937010806 1.0 -1.0 -1.0 -1.0 -1.0 
104.53 55.17 17.0 -1.0 1.3802360573 75.4901467025218 6.255753505687538 0.01520659744487199 846.6714053297704 32.0 846.8100071825478 32.0 1.380249159410596 75.49365809792357 
104.53 55.17 17.0 -1.0 0.01800350828319109 202.14943140827944 6.0225162126840885 0.012441761545804354 244.45706512321513 32.0 244.69207160442625 32.0 0.01800799509510398 201.78867861562946 
104.53 55.17 17.0 -1.0 0.37922747574 66.43294645540617 0.24481548481623458 0.019353851293473442 11.321171074922518 32.0 11.618871171005583 32.0 0.379228974149252 66.48704205138844 
104.53 55.17 17.0 -1.0 18.923253108251025 38.877223382150355 0.4446976213807053 0.030413194889743977 19.757311464684758 8.0 19.757310584971346 8.0 18.923310562968254 38.86000631314029 
104.53 55.17 17.0 -1.0 1.980862 43.14300296282312 0.24464641376516383 0.026265941041142528 10.394443243333967 32.0 10.554353078576554 32.0 1.9808491439713787 43.11031950364 
104.53 55.17 17.0 -1.0 5.600550217377 75.95513689377997 0.5675124553382952 0.031795612839277794 36.43201543944284 16.0 36.43201741765137 16.0 5.600547107557456 75.99964776345924 
104.53 55.17 17.0 -1.0 1.3899355261798 42.03106989677097 0.3654738309850336 0.017971433343939622 36.60415572219835 32.0 37.59993171195219 32.0 1.3899201197394482 41.997142239461496 
104.53 55.17 17.0 -1.0 18.07331488113158 0.0 0.15908167753196736 0.022118687192541075 4.167026069759453 8.0 -1.0 -1.0 -1.0 -1.0 
104.53 55.17 17.0 -1.0 3.46801177677 67.38314380275982 0.014273006104727986 0.011059343596270537 1.0826925608220626 1.0 -1.0 -1.0 -1.0 -1.0 
104.53 55.17 17.0 -1.0 190.93359639710968 134.76628760551964 0.08879629380191977 0.03041319488974398 1.946378937010806 1.0 -1.0 -1.0 -1.0 -1.0 
104.53 55.17 17.0 -1.0 1.3802360573 75.4901467025218 6.255753505687538 0.01520659744487199 846.6714053297704 32.0 846.8100071825478 32.0 1.380249159410596 75.49365809792357 
104.53 55.17 17.0 -1.0 0.018003508283191087 202.14943140827944 6.022516212684089 0.012441761545804354 244.45706512321087 32.0 244.69207160442625 32.0 0.01800799509510398 201.78867861562946 
104.66 31.62 17.0 -1.0 0.0031546383589244544 57.521789109449976 0.5299957990657957 0.08294507697202903 6.960917834916956 1.0 -1.0 -1.0 -1.0 -1.0 
104.66 31.62 17.0 -1.0 16.562185596668744 41.71979024431981 0.632091685978404 0.058061553880420315 14.999254497577057 4.0 14.99925448302842 4.0 16.562262317165732 41.6935484401401 
104.66 31.62 17.0 -1.0 0.013416092700162169 121.23243264520342 0.15809563962528994 0.016589015394405805 0.6296319916299093 16.0 -1.0 -1.0 -1.0 -1.0 
104.66 31.62 17.0 -1.0 0.6886922726434972 27.142996062569512 0.1661583045958257 0.013824179495338172 14.193417692367559 32.0 14.394784723880276 32.0 0.6886997046725204 26.817452273391083 
104.66 31.62 17.0 -1.0 0.6428183049785062 0.0 0.10886886377494363 0.012441761545804354 4.118383853674131 32.0 -1.0 -1.0 -1.0 -1.0 
104.66 31.62 17.0 -1.0 0.3488566924050239 104.70787717192616 0.5021923433847281 0.02073626924300726 26.705577521871824 32.0 27.44556828989631 32.0 0.3488518511100362 104.63866283277878 
104.66 31.62 17.0 -1.0 2.936819837174 209.4157543438523 0.010939661911164156 0.038707702586946884 3.181519329719681 2.0 -1.0 -1.0 -1.0 -1.0 
104.66 31.62 17.0 -1.0 23.957175372381 314.12363151577847 0.06782395925350981 0.05253188208228506 1.3788106517947682 1.0 -1.0 -1.0 -1.0 -1.0 
104.66 31.62 17.0 -1.0 0.80755526467 101.78623523463568 1.2939312183928706 0.04423737438508215 44.16743395057157 16.0 44.3906867644045 16.0 0.8075706621942421 101.6027248395647 
104.66 31.62 17.0 -1.0 16.15935711336 65.87831336019475 3.932416103941603 0.08294507697202903 160.19695144300252 8.0 160.1969565841503 8.0 16.159416797260445 65.87985445274563 
104.66 31.62 17.0 -1.0 0.0031546383589244544 57.521789109449976 0.5299957990657957 0.08294507697202903 6.960917834916956 1.0 -1.0 -1.0 -1.0 -1.0 
104.66 31.62 17.0 -1.0 16.562185596668744 41.71979024431981 0.632091685978404 0.058061553880420315 14.999254497577057 4.0 14.99925448302842 4.0 16.562262317165732 41.6935484401401 
104.66 31.62 17.0 -1.0 0.013416092700162169 121.23243264520342 0.15809563962528994 0.016589015394405805 0.6296319916299093 16.0 -1.0 -1.0 -1.0 -1.0 
104.66 31.62 17.0 -1.0 0.6886922726434972 27.142996062569512 0.1661583045958257 0.013824179495338172 14.193417692367559 32.0 14.394784723880276 32.0 0.6886997046725204 26.817452273391083 
104.66 31.62 17.0 -1.0 0.6428183049785062 0.0 0.10886886377494363 0.012441761545804354 4.118383853674131 32.0 -1.0 -1.0 -1.0 -1.0 
104.66 31.62 17.0 -1.0 0.3488566924050239 104.70787717192616 0.5021923433847281 0.02073626924300726 26.705577521871824 32.0 27.44556828989631 32.0 0.3488518511100362 104.63866283277878 
104.66 31.62 17.0 -1.0 2.936819837174 209.4157543438523 0.010939661911164156 0.038707702586946884 3.181519329719681 2.0 -1.0 -1.0 -1.0 -1.0 
104.66 31.62 17.0 -1.0 23.957175372381 314.12363151577847 0.06782395925350981 0.05253188208228506 1.3788106517947682 1.0 -1.0 -1.0 -1.0 -1.0 
104.66 31.62 17.0 -1.0 0.80755526467 101.78623523463568 1.2939312183928706 0.04423737438508215 44.16743395057157 16.0 44.3906867644045 16.0 0.8075706621942421 101.6027248395647 
104.66 31.62 17.0 -1.0 16.15935711336 65.87831336019475 3.932416103941603 0.08294507697202903 160.19695144300252 8.0 160.1969565841503 8.0 16.159416797260445 65.87985445274563 
104.66 31.62 17.0 -1.0 0.0031546383589244544 57.521789109449976 0.5299957990657957 0.08294507697202903 6.960917834916956 1.0 -1.0 -1.0 -1.0 -1.0 
104.66 31.62 17.0 -1.0 16.562185596668744 41.71979024431981 0.632091685978404 0.058061553880420315 14.999254497577057 4.0 14.99925448302842 4.0 16.562262317165732 41.6935484401401 
104.66 31.62 17.0 -1.0 0.013416092700162169 121.23243264520342 0.15809563962528994 0.016589015394405805 0.6296319916299093 16.0 -1.0 -1.0 -1.0 -1.0 
104.66 31.62 17.0 -1.0 0.6886922726434971 27.142996062569512 0.1661583045958257 0.013824179495338172 14.193417692353771 32.0 14.394784723880274 32.0 0.6886997046725204 26.817452273391083 
104.66 31.62 17.0 -1.0 0.6428183049785062 0.0 0.10886886377494363 0.012441761545804354 4.118383853674131 32.0 -1.0 -1.0 -1.0 -1.0 
104.66 31.62 17.0 -1.0 0.34885669240502387 104.70787717192616 0.5021923433847281 0.02073626924300726 26.705577521871977 32.0 27.445568289896308 32.0 0.3488518511100362 104.63866283277878 
104.66 31.62 17.0 -1.0 2.936819837174 209.4157543438523 0.010939661911164156 0.038707702586946884 3.181519329719681 2.0 -1.0 -1.0 -1.0 -1.0 
104.66 31.62 17.0 -1.0 23.957175372381 314.12363151577847 0.06782395925350981 0.05253188208228506 1.3788106517947682 1.0 -1.0 -1.0 -1.0 -1.0 
104.66 31.62 17.0 -1.0 0.80755526467 101.78623523463568 1.2939312183928706 0.04423737438508215 44.16743395057158 16.0 44.3906867644045 16.0 0.8075706621942421 101.6027248395647 
104.66 31.62 17.0 -1.0 16.15935711336 65.87831336019475 3.9324161039416032 0.08294507697202903 160.19695144300258 8.0 160.1969565841503 8.0 16.159416797260445 65.87985445274563 
104.69 22.83 17.0 -1.0 0.6517418818282498 0.31017444493000873 0.24668299575403477 0.017971433343939622 36.083313677362696 32.0 -1.0 -1.0 -1.0 -1.0 
104.69 22.83 17.0 -1.0 1.2964005406 186.10466695800525 0.09429690741602534 0.019353851293473442 1.680253351893572 16.0 -1.0 -1.0 -1.0 -1.0 
104.69 22.83 17.0 -1.0 422.90991368608 57.347808484837174 0.050046065155750226 0.03732528463741307 -0.22760635836746354 1.0 -1.0 -1.0 -1.0 -1.0 
104.69 22.83 17.0 -1.0 0.22265177397 129.92862859845923 0.027380649405276857 0.012441761545804354 0.04265227207498535 2.0 -1.0 -1.0 -1.0 -1.0 
104.69 22.83 17.0 -1.0 9.239559371670522 0.0 0.034870184513432344 0.017971433343939622 1.520427671678203 16.0 -1.0 -1.0 -1.0 -1.0 
104.69 22.83 17.0 -1.0 1.2539529687 124.48334389857683 2.544723286778917 0.017971433343939622 249.06786268173067 32.0 251.3392815289405 32.0 1.2539506618243954 124.37225978867033 
104.69 22.83 17.0 -1.0 2.573743095743 70.13388838139642 1.4116107970145155 0.022118687192541075 152.6959636285618 32.0 153.05871139605975 32.0 2.573748740057151 70.13016764324534 
104.69 22.83 17.0 -1.0 1.394980657055 114.86793610574658 9.122124801314108 0.04009012053648069 486.6477935270743 16.0 489.2699172939392 32.0 1.3949829735793173 114.85965407659953 
104.69 22.83 17.0 -1.0 1.15477313105 229.73587221149316 8.69148348708368 0.022118687192541075 866.0138094163802 32.0 866.1654469817419 32.0 1.154785422841087 229.71930815319905 
104.69 22.83 17.0 -1.0 1.84699098534 344.6038083172397 1.755999760938223 0.022118687192541075 160.95621704099912 32.0 161.77192493854827 32.0 1.8470018403604629 344.5789622297986 
104.72 62.65 17.0 -1.0 214.17920930254553 101.95821950981751 0.012752947183557435 0.012441761545804354 2.7227662306231353 2.0 -1.0 -1.0 -1.0 -1.0 
104.72 62.65 17.0 -1.0 0.04970826116437392 125.87095953471285 0.029399966441168976 0.019353851293473442 1.9607983252746142 4.0 -1.0 -1.0 -1.0 -1.0 
104.72 62.65 17.0 -1.0 0.824140577283 139.2350367198799 0.5746136488224568 0.012441761545804354 77.64687869255366 32.0 -1.0 -1.0 -1.0 -1.0 
104.72 62.65 17.0 -1.0 0.09034047151333574 64.57171083175102 0.06938796143074506 0.029030776940210154 1.2356117901804566 32.0 -1.0 -1.0 -1.0 -1.0 
104.72 62.65 17.0 -1.0 2.7401 0.0 0.022209288899663372 0.04009012053648069 1.5637815665419197 16.0 -1.0 -1.0 -1.0 -1.0 
104.72 62.65 17.0 -1.0 1.44327383863352 60.93361047628147 0.1473386993275719 0.12441761545804357 0.08297398185736735 1.0 -1.0 -1.0 -1.0 -1.0 
104.72 62.65 17.0 -1.0 0.8626196119029129 121.86722095256295 0.8519086722719443 0.013824179495338172 106.44778487694443 32.0 107.36896972535142 32.0 0.8626254081415634 122.14590526031334 
104.72 62.65 17.0 -1.0 0.0193771506596152 85.047451525851 5.651649464577386 0.011059343596270537 150.26739001834852 32.0 -1.0 -1.0 -1.0 -1.0 
104.72 62.65 17.0 -1.0 1.81104 152.23347567836657 1.1827890376323116 0.10782860006363774 26.671677036966845 4.0 27.12506801720763 4.0 1.810985850170255 152.40408725934705 
104.72 62.65 17.0 -1.0 0.6457791716938079 182.80083142884442 6.030843209777202 0.029030776940210157 303.10950849172457 32.0 303.16892505550857 32.0 0.6457715547488382 182.7634671914879 
104.72 62.65 17.0 -1.0 214.17920930254553 101.95821950981751 0.012752947183557435 0.012441761545804354 2.7227662306231353 2.0 -1.0 -1.0 -1.0 -1.0 
104.72 62.65 17.0 -1.0 0.04970826116437392 125.87095953471285 0.029399966441168976 0.019353851293473442 1.9607983252746142 4.0 -1.0 -1.0 -1.0 -1.0 
104.72 62.65 17.0 -1.0 0.824140577283 139.2350367198799 0.5746136488224568 0.012441761545804354 77.64687869255366 32.0 -1.0 -1.0 -1.0 -1.0 
104.72 62.65 17.0 -1.0 0.09034047151333574 64.57171083175102 0.06938796143074506 0.029030776940210154 1.2356117901804566 32.0 -1.0 -1.0 -1.0 -1.0 
104.72 62.65 17.0 -1.0 2.7401 0.0 0.022209288899663372 0.04009012053648069 1.5637815665419197 16.0 -1.0 -1.0 -1.0 -1.0 
104.72 62.65 17.0 -1.0 1.44327383863352 60.93361047628147 0.1473386993275719 0.12441761545804357 0.08297398185736735 1.0 -1.0 -1.0 -1.0 -1.0 
104.72 62.65 17.0 -1.0 0.8626196119029129 121.86722095256295 0.8519086722719443 0.013824179495338172 106.44778487694443 32.0 107.36896972535142 32.0 0.8626254081415634 122.14590526031334 
104.72 62.65 17.0 -1.0 0.0193771506596152 85.047451525851 5.651649464577386 0.011059343596270537 150.26739001834852 32.0 -1.0 -1.0 -1.0 -1.0 
104.72 62.65 17.0 -1.0 1.81104 152.23347567836657 1.1827890376323116 0.10782860006363774 26.671677036966845 4.0 27.12506801720763 4.0 1.810985850170255 152.40408725934705 
104.72 62.65 17.0 -1.0 0.6457791716938079 182.80083142884442 6.030843209777202 0.029030776940210157 303.10950849172457 32.0 303.16892505550857 32.0 0.6457715547488382 182.7634671914879 
104.76 47.41 17.0 -1.0 0.827339092144 67.07017294203553 0.11300699081019758 0.017971433343939622 3.2053235487676894 16.0 -1.0 -1.0 -1.0 -1.0 
104.76 47.41 17.0 -1.0 0.385489 37.599598487819165 0.07638152038733345 0.013824179495338174 1.7617732127120642 32.0 -1.0 -1.0 -1.0 -1.0 
104.76 47.41 17.0 -1.0 14.082524 76.32123127886801 0.27418507101288536 0.009676925646736721 24.732322851327535 16.0 24.87844185813554 16.0 14.082494696291786 76.30324156278066 
104.76 47.41 17.0 -1.0 0.23601548 61.047825559394575 1.1473765527464062 0.013824179495338172 86.8000791016264 32.0 87.06604142620884 32.0 0.2360138751100749 61.12355159671024 
104.76 47.41 17.0 -1.0 0.5600315776458 58.368682427193086 1.7828923130187466 0.05391430003181887 47.63385780824172 32.0 47.79854072931988 32.0 0.5600365208617102 58.29000946971043 
104.76 47.41 17.0 -1.0 1.857557562173 149.2305623295478 5.7779819075884 0.016589015394405805 776.0883916325633 32.0 776.1864517134151 32.0 1.8575519789010289 149.26695133302582 
104.76 47.41 17.0 -1.0 0.007693685932218598 97.25060583298902 4.878303620845995 0.03732528463741307 35.87362252782759 4.0 -1.0 -1.0 -1.0 -1.0 
104.76 47.41 17.0 -1.0 7.296358968158 0.0 1.6084984326885905 0.013824179495338172 240.575511524305 32.0 -1.0 -1.0 -1.0 -1.0 
104.76 47.41 17.0 -1.0 0.001252547249574629 152.64246255773602 3.560042195693784 0.03732528463741307 39.961151114612115 2.0 -1.0 -1.0 -1.0 -1.0 
104.76 47.41 17.0 -1.0 3.01978 228.96369383660402 5.296297807688797 0.011059343596270537 844.493485886559 32.0 844.6942764955203 32.0 3.019795258296654 228.90972468834198 
104.76 47.41 17.0 -1.0 0.827339092144 67.07017294203553 0.11300699081019758 0.017971433343939622 3.2053235487676894 16.0 -1.0 -1.0 -1.0 -1.0 
104.76 47.41 17.0 -1.0 0.385489 37.599598487819165 0.07638152038733345 0.013824179495338174 1.7617732127120642 32.0 -1.0 -1.0 -1.0 -1.0 
104.76 47.41 17.0 -1.0 14.082524 76.32123127886801 0.27418507101288536 0.009676925646736721 24.732322851327535 16.0 24.87844185813554 16.0 14.082494696291786 76.30324156278066 
104.76 47.41 17.0 -1.0 0.23601548 61.047825559394575 1.1473765527464062 0.013824179495338172 86.8000791016264 32.0 87.06604142620884 32.0 0.2360138751100749 61.12355159671024 
104.76 47.41 17.0 -1.0 0.5600315776458 58.368682427193086 1.7828923130187466 0.05391430003181887 47.63385780824172 32.0 47.79854072931988 32.0 0.5600365208617102 58.29000946971043 
104.76 47.41 17.0 -1.0 1.857557562173 149.2305623295478 5.7779819075884 0.016589015394405805 776.0883916325633 32.0 776.1864517134151 32.0 1.8575519789010289 149.26695133302582 
104.76 47.41 17.0 -1.0 0.007693685932218598 97.25060583298902 4.878303620845995 0.03732528463741307 35.87362252782759 4.0 -1.0 -1.0 -1.0 -1.0 
104.76 47.41 17.0 -1.0 7.296358968158 0.0 1.6084984326885905 0.013824179495338172 240.575511524305 32.0 -1.0 -1.0 -1.0 -1.0 
104.76 47.41 17.0 -1.0 0.001252547249574629 152.64246255773602 3.560042195693784 0.03732528463741307 39.961151114612115 2.0 -1.0 -1.0 -1.0 -1.0 
104.76 47.41 17.0 -1.0 3.01978 228.96369383660402 5.296297807688797 0.011059343596270537 844.493485886559 32.0 844.6942764955203 32.0 3.019795258296654 228.90972468834198 
104.92 30.81 17.0 -1.0 3.53267858106 17.539851035998232 0.1671946291094496 0.009676925646736721 13.179175774542763 16.0 13.892821823245773 32.0 3.532689637116467 17.60844036064169 
104.92 30.81 17.0 -1.0 0.0027483727270493745 48.21876015852944 0.357977215458131 0.013824179495338172 6.898220747659622 1.0 -1.0 -1.0 -1.0 -1.0 
104.92 30.81 17.0 -1.0 3.027293151199 100.74333212372993 0.05624384561966154 0.02350110514207489 1.4734857898159928 2.0 -1.0 -1.0 -1.0 -1.0 
104.92 30.81 17.0 -1.0 0.48604 105.52404964437204 0.05698697149968836 0.009676925646736721 1.8060418777190959 32.0 -1.0 -1.0 -1.0 -1.0 
104.92 30.81 17.0 -1.0 0.1893240918829196 316.5721489331161 0.1796492641028968 0.08432749492156286 -0.7295823754832963 2.0 -1.0 -1.0 -1.0 -1.0 
104.92 30.81 17.0 -1.0 6.251847896433319 73.2621214752706 6.726401367068844 0.019353851293473442 544.1657448793163 32.0 545.987959675311 32.0 6.25183626349705 73.26730356956658 
104.92 30.81 17.0 -1.0 0.01973663498588838 68.95630966859956 6.0350110248071775 0.03041319488974398 42.275465142008436 32.0 -1.0 -1.0 -1.0 -1.0 
104.92 30.81 17.0 -1.0 2.0690632142 294.69482570951544 1.0473745339986353 0.017971433343939622 121.7391833439607 32.0 122.21149402696237 32.0 2.069070130043353 294.68838120798046 
104.92 30.81 17.0 -1.0 3.05756410294 0.0 1.4703365110827455 0.011059343596270537 211.8939093822008 32.0 -1.0 -1.0 -1.0 -1.0 
104.92 30.81 17.0 -1.0 0.418165652037 211.04809928874408 2.7665861242822283 0.01382417949533817 888.6246613248519 32.0 889.4009753107626 32.0 0.4181553473851333 211.20008639459314 
104.92 30.81 17.0 -1.0 3.53267858106 17.539851035998232 0.1671946291094496 0.009676925646736721 13.179175774542763 16.0 13.892821823245773 32.0 3.532689637116467 17.60844036064169 
104.92 30.81 17.0 -1.0 0.0027483727270493745 48.21876015852944 0.357977215458131 0.013824179495338172 6.898220747659622 1.0 -1.0 -1.0 -1.0 -1.0 
104.92 30.81 17.0 -1.0 3.027293151199 100.74333212372993 0.05624384561966154 0.02350110514207489 1.4734857898159928 2.0 -1.0 -1.0 -1.0 -1.0 
104.92 30.81 17.0 -1.0 0.48604 105.52404964437204 0.05698697149968836 0.009676925646736721 1.8060418777190959 32.0 -1.0 -1.0 -1.0 -1.0 
104.92 30.81 17.0 -1.0 0.1893240918829196 316.5721489331161 0.1796492641028968 0.08432749492156286 -0.7295823754832963 2.0 -1.0 -1.0 -1.0 -1.0 
104.92 30.81 17.0 -1.0 6.251847896433319 73.2621214752706 6.726401367068844 0.019353851293473442 544.1657448793163 32.0 545.987959675311 32.0 6.25183626349705 73.26730356956658 
104.92 30.81 17.0 -1.0 0.01973663498588838 68.95630966859956 6.0350110248071775 0.03041319488974398 42.275465142008436 32.0 -1.0 -1.0 -1.0 -1.0 
104.92 30.81 17.0 -1.0 2.0690632142 294.69482570951544 1.0473745339986353 0.017971433343939622 121.7391833439607 32.0 122.21149402696237 32.0 2.069070130043353 294.68838120798046 
104.92 30.81 17.0 -1.0 3.05756410294 0.0 1.4703365110827455 0.011059343596270537 211.8939093822008 32.0 -1.0 -1.0 -1.0 -1.0 
104.92 30.81 17.0 -1.0 0.418165652037 211.04809928874408 2.7665861242822283 0.01382417949533817 888.6246613248519 32.0 889.4009753107626 32.0 0.4181553473851333 211.20008639459314 
105.09 55.18 17.0 -1.0 0.9748195411 83.10658755712751 0.016512840354510394 0.022118687192541075 1.577812548289819 2.0 -1.0 -1.0 -1.0 -1.0 
105.09 55.18 17.0 -1.0 1.75052694621 77.99602151950448 0.7901140215857735 0.03456044873834543 32.91117539562846 16.0 33.0943094207173 16.0 1.7505347689924142 78.02360642560197 
105.09 55.18 17.0 -1.0 2.343743 0.0 0.2217862375423103 0.016589015394405805 2.079760669842643 1.0 -1.0 -1.0 -1.0 -1.0 
105.09 55.18 17.0 -1.0 3.587398 66.53717423202161 0.12285955582939735 0.0884747487701643 2.4071157625755566 2.0 -1.0 -1.0 -1.0 -1.0 
105.09 55.18 17.0 -1.0 164.06691364122477 133.07434846404323 0.5088275960600901 0.03732528463741307 1.8602168779191905 1.0 -1.0 -1.0 -1.0 -1.0 
105.09 55.18 17.0 -1.0 0.037903251798363014 186.41588148173352 1.3146552533350817 0.052531882082285056 4.052299220916552 2.0 -1.0 -1.0 -1.0 -1.0 
105.09 55.18 17.0 -1.0 77.700078 146.6293263528949 1.0568233500032589 0.09815167441690102 10.848291780166456 1.0 10.848291774243718 1.0 77.70043642570576 146.6358050722403 
105.09 55.18 17.0 -1.0 0.01096000934303431 75.999706661058 1.385524345821934 0.024883523091608708 5.246733730926264 8.0 -1.0 -1.0 -1.0 -1.0 
105.09 55.18 17.0 -1.0 209.314020320752 86.50032281648654 1.2277470827878691 0.035942866687879244 26.548943585614 1.0 26.54894368495956 1.0 209.31377851714691 86.5242328066014 
105.09 55.18 17.0 -1.0 2.49288614496 199.61152269606484 2.504608637573597 0.026265941041142528 163.06826709784184 32.0 164.7128130230666 32.0 2.4928946610695375 199.46112615416538 
105.09 55.18 17.0 -1.0 0.9748195411 83.10658755712751 0.016512840354510394 0.022118687192541075 1.577812548289819 2.0 -1.0 -1.0 -1.0 -1.0 
105.09 55.18 17.0 -1.0 1.75052694621 77.99602151950448 0.7901140215857735 0.03456044873834543 32.91117539562846 16.0 33.0943094207173 16.0 1.7505347689924142 78.02360642560197 
105.09 55.18 17.0 -1.0 2.343743 0.0 0.2217862375423103 0.016589015394405805 2.079760669842643 1.0 -1.0 -1.0 -1.0 -1.0 
105.09 55.18 17.0 -1.0 3.587398 66.53717423202161 0.12285955582939735 0.0884747487701643 2.4071157625755566 2.0 -1.0 -1.0 -1.0 -1.0 
105.09 55.18 17.0 -1.0 164.06691364122477 133.07434846404323 0.5088275960600901 0.03732528463741307 1.8602168779191905 1.0 -1.0 -1.0 -1.0 -1.0 
105.09 55.18 17.0 -1.0 0.037903251798363014 186.41588148173352 1.3146552533350817 0.052531882082285056 4.052299220916552 2.0 -1.0 -1.0 -1.0 -1.0 
105.09 55.18 17.0 -1.0 77.700078 146.6293263528949 1.0568233500032589 0.09815167441690102 10.848291780166456 1.0 10.848291774243718 1.0 77.70043642570576 146.6358050722403 
105.09 55.18 17.0 -1.0 0.01096000934303431 75.999706661058 1.385524345821934 0.024883523091608708 5.246733730926264 8.0 -1.0 -1.0 -1.0 -1.0 
105.09 55.18 17.0 -1.0 209.314020320752 86.50032281648654 1.2277470827878691 0.035942866687879244 26.548943585614 1.0 26.54894368495956 1.0 209.31377851714691 86.5242328066014 
105.09 55.18 17.0 -1.0 2.49288614496 199.61152269606484 2.504608637573597 0.026265941041142528 163.06826709784184 32.0 164.7128130230666 32.0 2.4928946610695375 199.46112615416538 
105.13 46.64 17.0 -1.0 8.274697018042081 74.49725356370234 0.2901658274206378 0.038707702586946884 7.737960661734789 8.0 8.205262113552596 8.0 8.274704062690338 74.4816787668522 
105.13 46.64 17.0 -1.0 0.03182996304895867 46.73301818808085 0.06977251350936198 0.04700221028414978 2.0838789367559625 2.0 -1.0 -1.0 -1.0 -1.0 
105.13 46.64 17.0 -1.0 1.254847 66.9189262899595 0.012100638333007925 0.06497364362808941 0.5482585776119335 1.0 -1.0 -1.0 -1.0 -1.0 
105.13 46.64 17.0 -1.0 3.52370931957 172.4873216760075 0.02074109511842094 0.038707702586946884 1.680098646287501 1.0 -1.0 -1.0 -1.0 -1.0 
105.13 46.64 17.0 -1.0 50.59372299870052 0.0 0.1474405226421888 0.03456044873834543 3.2337591865043103 2.0 -1.0 -1.0 -1.0 -1.0 
105.13 46.64 17.0 -1.0 5.191954610004 76.5411054648027 0.0419046508270648 0.008294507697202903 2.2373411756759536 8.0 -1.0 -1.0 -1.0 -1.0 
105.13 46.64 17.0 -1.0 301.503639 153.0822109296054 0.012665147763003318 0.06220880772902178 1.2528434586041373 1.0 -1.0 -1.0 -1.0 -1.0 
105.13 46.64 17.0 -1.0 16.947148642889218 177.2180350650712 8.161898301923848 0.022118687192541075 500.8773548322095 16.0 501.0005077486274 16.0 16.947160474956036 177.19758087059543 
105.13 46.64 17.0 -1.0 2.596093134656 79.98579968014035 7.232458137899891 0.016589015394405805 880.6762433987174 32.0 880.6911694433974 32.0 2.5960919932307056 79.94636715463757 
105.13 46.64 17.0 -1.0 1.9546609131310237 229.62331639440808 8.643580267418619 0.019353851293473442 989.4243181415872 32.0 989.6872274623676 32.0 1.9546556965603183 229.61811022009195 
105.13 46.64 17.0 -1.0 8.274697018042081 74.49725356370234 0.29016582742063785 0.038707702586946884 7.737960661734789 8.0 8.205262113552596 8.0 8.274704062690338 74.4816787668522 
105.13 46.64 17.0 -1.0 0.03182996304895867 46.73301818808085 0.06977251350936196 0.04700221028414978 2.0838789367559625 2.0 -1.0 -1.0 -1.0 -1.0 
105.13 46.64 17.0 -1.0 1.254847 66.9189262899595 0.012100638333007927 0.06497364362808941 0.5482585776119335 1.0 -1.0 -1.0 -1.0 -1.0 
105.13 46.64 17.0 -1.0 3.52370931957 172.4873216760075 0.02074109511842094 0.038707702586946884 1.680098646287501 1.0 -1.0 -1.0 -1.0 -1.0 
105.13 46.64 17.0 -1.0 50.59372299870053 0.0 0.14744052264218882 0.03456044873834543 3.233759186500625 2.0 -1.0 -1.0 -1.0 -1.0 
105.13 46.64 17.0 -1.0 5.191954610004 76.5411054648027 0.04190465082706481 0.008294507697202903 2.2373411756759536 8.0 -1.0 -1.0 -1.0 -1.0 
105.13 46.64 17.0 -1.0 301.503639 153.0822109296054 0.012665147763003318 0.06220880772902178 1.2528434586041373 1.0 -1.0 -1.0 -1.0 -1.0 
105.13 46.64 17.0 -1.0 16.94714864288922 177.2180350650712 8.161898301923848 0.022118687192541075 500.87735483308995 16.0 501.0005077486274 16.0 16.947160474956036 177.19758087059543 
105.13 46.64 17.0 -1.0 2.596093134656 79.98579968014035 7.232458137899891 0.016589015394405805 880.6762433987174 32.0 880.6911694433974 32.0 2.5960919932307056 79.94636715463757 
105.13 46.64 17.0 -1.0 1.9546609131310237 229.62331639440808 8.64358026741862 0.019353851293473442 989.4243181415873 32.0 989.6872274623676 32.0 1.9546556965603183 229.61811022009195 
105.29 30.81 17.0 -1.0 20.665427 38.148850625917916 0.2245614136113066 0.11474068981130682 1.6813830375489818 4.0 -1.0 -1.0 -1.0 -1.0 
105.29 30.81 17.0 -1.0 9.23955937167052 196.17180832902517 0.09160015100623796 0.03456044873834543 2.808272082631578 2.0 -1.0 -1.0 -1.0 -1.0 
105.29 30.81 17.0 -1.0 432.09847591394 55.71042290914914 0.012058912136299609 0.05529671798135269 1.7716634148388297 1.0 -1.0 -1.0 -1.0 -1.0 
105.29 30.81 17.0 -1.0 11.32734917043 33.937816419459274 0.07901140215857734 0.01520659744487199 1.9413278534043705 2.0 -1.0 -1.0 -1.0 -1.0 
105.29 30.81 17.0 -1.0 0.11212046079117288 8.110139953179607 0.05746136488224568 0.013824179495338172 0.8800244133399411 1.0 -1.0 -1.0 -1.0 -1.0 
105.29 30.81 17.0 -1.0 0.001635122972536765 0.0 0.010531791439891101 0.022118687192541075 6.385221317018596 2.0 -1.0 -1.0 -1.0 -1.0 
105.29 30.81 17.0 -1.0 2.97107636748 103.9657556305678 0.03137253806887683 0.031795612839277794 2.0501421436785803 8.0 -1.0 -1.0 -1.0 -1.0 
105.29 30.81 17.0 -1.0 0.6083291891053473 311.8972668917034 0.2007845414129436 0.03317803078881161 4.566815380555375 16.0 -1.0 -1.0 -1.0 -1.0 
105.29 30.81 17.0 -1.0 363.32402573159436 80.82066391803215 2.47536567211318 0.0027648358990676344 142.63977912395305 1.0 142.6397806433912 1.0 363.32445840040845 80.8571485526018 
105.29 30.81 17.0 -1.0 0.11751119527 207.9315112611356 1.3083130433883792 0.011059343596270537 149.67328736790583 32.0 152.54189844646766 32.0 0.11750671546906234 208.36654426759335 
105.29 30.81 17.0 -1.0 20.665427 38.148850625917916 0.2245614136113066 0.11474068981130682 1.6813830375489818 4.0 -1.0 -1.0 -1.0 -1.0 
105.29 30.81 17.0 -1.0 9.239559371670522 196.17180832902517 0.09160015100623796 0.03456044873834543 2.808272082630272 2.0 -1.0 -1.0 -1.0 -1.0 
105.29 30.81 17.0 -1.0 432.09847591394 55.71042290914914 0.012058912136299609 0.05529671798135269 1.7716634148388297 1.0 -1.0 -1.0 -1.0 -1.0 
105.29 30.81 17.0 -1.0 11.32734917043 33.937816419459274 0.07901140215857734 0.01520659744487199 1.9413278534043705 2.0 -1.0 -1.0 -1.0 -1.0 
105.29 30.81 17.0 -1.0 0.1121204607911729 8.110139953179607 0.05746136488224569 0.013824179495338172 0.8800244133399411 1.0 -1.0 -1.0 -1.0 -1.0 
105.29 30.81 17.0 -1.0 0.001635122972536765 0.0 0.010531791439891101 0.022118687192541075 6.385221317018596 2.0 -1.0 -1.0 -1.0 -1.0 
105.29 30.81 17.0 -1.0 2.97107636748 103.9657556305678 0.03137253806887683 0.031795612839277794 2.0501421436785803 8.0 -1.0 -1.0 -1.0 -1.0 
105.29 30.81 17.0 -1.0 0.6083291891053474 311.8972668917034 0.2007845414129436 0.03317803078881161 4.566815380545971 16.0 -1.0 -1.0 -1.0 -1.0 
105.29 30.81 17.0 -1.0 363.3240257315943 80.82066391803215 2.47536567211318 0.0027648358990676344 142.63977910968325 1.0 142.6397806433912 1.0 363.32445840040845 80.8571485526018 
105.29 30.81 17.0 -1.0 0.11751119527 207.9315112611356 1.3083130433883792 0.011059343596270537 149.67328736790583 32.0 152.54189844646766 32.0 0.11750671546906234 208.36654426759335 
105.35 47.03 17.0 -1.0 55.46418107490699 38.40290002037611 0.35160464630911753 0.017971433343939622 11.57011487302632 1.0 13.793628562983942 4.0 55.464139829079315 38.45521458071173 
105.35 47.03 17.0 -1.0 1.510579895499 172.08932052711532 0.4376874725064413 0.02764835899067634 23.12359676662156 32.0 23.930532453641796 32.0 1.5105797501746567 172.03648628213145 
105.35 47.03 17.0 -1.0 216.39545569709 150.4905163342654 0.15346827154832532 0.045619792334615966 2.5206204745560488 1.0 -1.0 -1.0 -1.0 -1.0 
105.35 47.03 17.0 -1.0 1.35299881667 5.4732048321148525 0.0170224905718499 0.022118687192541075 1.544013957488585 4.0 -1.0 -1.0 -1.0 -1.0 
105.35 47.03 17.0 -1.0 98.96535646146744 159.19788765808448 0.031809017497637995 0.03732528463741307 0.915769606477941 4.0 -1.0 -1.0 -1.0 -1.0 
105.35 47.03 17.0 -1.0 221.18104171312677 0.0 0.6872008822285519 0.016589015394405805 22.03489030048302 2.0 -1.0 -1.0 -1.0 -1.0 
105.35 47.03 17.0 -1.0 1.3595755985905091 75.38095746049092 0.18164603505963192 0.08985716671969811 2.4283146709649284 8.0 -1.0 -1.0 -1.0 -1.0 
105.35 47.03 17.0 -1.0 0.351258 150.76191492098184 0.47650537820303146 0.016589015394405805 45.12740239386996 32.0 45.33064076947634 32.0 0.3512468538247049 150.88611826274 
105.35 47.03 17.0 -1.0 2.87253929366 226.14287238147276 0.03992639748175489 0.0483846282336836 1.6738946947744067 1.0 -1.0 -1.0 -1.0 -1.0 
105.35 47.03 17.0 -1.0 195.4503977286 102.61128232770696 3.487018451343236 0.008294507697202903 171.001229271838 1.0 171.00123115028498 1.0 195.45065394292277 102.61470417063607 
105.35 47.03 17.0 -1.0 55.46418107490699 38.40290002037611 0.35160464630911753 0.017971433343939622 11.57011487302632 1.0 13.793628562983942 4.0 55.464139829079315 38.45521458071173 
105.35 47.03 17.0 -1.0 1.510579895499 172.08932052711532 0.4376874725064413 0.02764835899067634 23.12359676662156 32.0 23.930532453641796 32.0 1.5105797501746567 172.03648628213145 
105.35 47.03 17.0 -1.0 216.39545569709 150.4905163342654 0.15346827154832532 0.045619792334615966 2.5206204745560488 1.0 -1.0 -1.0 -1.0 -1.0 
105.35 47.03 17.0 -1.0 1.35299881667 5.4732048321148525 0.0170224905718499 0.022118687192541075 1.544013957488585 4.0 -1.0 -1.0 -1.0 -1.0 
105.35 47.03 17.0 -1.0 98.96535646146744 159.19788765808448 0.031809017497637995 0.03732528463741307 0.915769606477941 4.0 -1.0 -1.0 -1.0 -1.0 
105.35 47.03 17.0 -1.0 221.18104171312677 0.0 0.6872008822285519 0.016589015394405805 22.03489030048302 2.0 -1.0 -1.0 -1.0 -1.0 
105.35 47.03 17.0 -1.0 1.3595755985905091 75.38095746049092 0.18164603505963192 0.08985716671969811 2.4283146709649284 8.0 -1.0 -1.0 -1.0 -1.0 
105.35 47.03 17.0 -1.0 0.351258 150.76191492098184 0.47650537820303146 0.016589015394405805 45.12740239386996 32.0 45.33064076947634 32.0 0.3512468538247049 150.88611826274 
105.35 47.03 17.0 -1.0 2.87253929366 226.14287238147276 0.03992639748175489 0.0483846282336836 1.6738946947744067 1.0 -1.0 -1.0 -1.0 -1.0 
105.35 47.03 17.0 -1.0 195.4503977286 102.61128232770696 3.487018451343236 0.008294507697202903 171.001229271838 1.0 171.00123115028498 1.0 195.45065394292277 102.61470417063607 
105.44 23.26 17.0 -1.0 0.05973935155335427 119.62334296504973 0.0829835288614627 0.012441761545804354 -0.24794309196229328 16.0 -1.0 -1.0 -1.0 -1.0 
105.44 23.26 17.0 -1.0 1.1703001275 31.805020906880287 0.01320115897880391 0.008294507697202903 0.7598113020274305 2.0 -1.0 -1.0 -1.0 -1.0 
105.44 23.26 17.0 -1.0 1.30177050713 190.52625581478284 0.012788237140267287 0.03041319488974398 1.1792309637503422 4.0 -1.0 -1.0 -1.0 -1.0 
105.44 23.26 17.0 -1.0 25.958797047369 25.01859924840583 0.10132125723595094 0.011059343596270537 4.130927922003984 8.0 -1.0 -1.0 -1.0 -1.0 
105.44 23.26 17.0 -1.0 332.9448049492 80.45792443853048 0.01396093456155592 0.016589015394405805 -0.6139351931255691 1.0 -1.0 -1.0 -1.0 -1.0 
105.44 23.26 17.0 -1.0 3.442 0.0 0.25412096979365767 0.05391430003181887 4.015538317111512 8.0 -1.0 -1.0 -1.0 -1.0 
105.44 23.26 17.0 -1.0 3.86231620496 112.53305168007643 0.07287629054436684 0.038707702586946884 2.541296748852737 16.0 -1.0 -1.0 -1.0 -1.0 
105.44 23.26 17.0 -1.0 17.814819156216 225.06610336015285 0.7517745316634095 0.03456044873834543 21.588378442651397 8.0 21.720271783084907 8.0 17.81481842044741 225.0642032302708 
105.44 23.26 17.0 -1.0 0.664187 51.01633395997464 1.0700472132266299 0.09400442056829957 6.761055088996064 4.0 7.868809475282195 16.0 0.6641736642147105 52.6229252157108 
105.44 23.26 17.0 -1.0 262.467192 337.5991550402293 1.0365769805511522 0.004147253848601451 24.51774914473273 1.0 26.58107223106485 1.0 262.46707420796156 337.5963048454062 
105.45 63.05 17.0 -1.0 2.895278 154.31555832579943 0.09122124801314098 0.013824179495338172 3.5218494438585415 16.0 -1.0 -1.0 -1.0 -1.0 
105.45 63.05 17.0 -1.0 0.33166013815647993 89.81100882324964 0.3261004027141294 0.02073626924300726 16.458885039443036 16.0 18.054896551568316 16.0 0.33166240124652785 89.5601707998155 
105.45 63.05 17.0 -1.0 0.433622631017 22.686074171180564 0.06325285139869435 0.012441761545804354 1.3890224440828014 8.0 -1.0 -1.0 -1.0 -1.0 
105.45 63.05 17.0 -1.0 2.822993118696 0.0 0.29016582742063785 0.1451538847010508 1.9217844300028422 2.0 -1.0 -1.0 -1.0 -1.0 
105.45 63.05 17.0 -1.0 1.8363 59.820162351696844 0.10444842371142099 0.022118687192541075 2.0233734764472953 16.0 -1.0 -1.0 -1.0 -1.0 
105.45 63.05 17.0 -1.0 0.351635938793 119.64032470339369 0.5754081350495472 0.08156265902249521 4.587849400512373 8.0 -1.0 -1.0 -1.0 -1.0 
105.45 63.05 17.0 -1.0 0.048579112890325495 108.53060958317157 1.619649130098122 0.07326815132529231 2.834349453908165 8.0 -1.0 -1.0 -1.0 -1.0 
105.45 63.05 17.0 -1.0 12.78053428637 119.96338588621114 3.572360638623663 0.03732528463741307 159.51461674158662 8.0 160.6801942404184 8.0 12.780462081233662 120.02074866506348 
105.45 63.05 17.0 -1.0 0.10807331856800009 88.12391153520298 7.533342255189895 0.01520659744487199 719.3661093243768 32.0 729.970119902815 32.0 0.10807828706068298 88.85178526806556 
105.45 63.05 17.0 -1.0 1.194572 179.46048705509054 3.7364334011937017 0.016589015394405805 482.89353509006645 32.0 483.2562140710846 32.0 1.1945606577986232 179.32273746584525 
105.45 63.05 17.0 -1.0 2.895278 154.31555832579943 0.09122124801314098 0.013824179495338172 3.5218494438585415 16.0 -1.0 -1.0 -1.0 -1.0 
105.45 63.05 17.0 -1.0 0.33166013815647993 89.81100882324964 0.3261004027141294 0.02073626924300726 16.458885039443036 16.0 18.054896551568316 16.0 0.33166240124652785 89.5601707998155 
105.45 63.05 17.0 -1.0 0.433622631017 22.686074171180564 0.06325285139869435 0.012441761545804354 1.3890224440828014 8.0 -1.0 -1.0 -1.0 -1.0 
105.45 63.05 17.0 -1.0 2.822993118696 0.0 0.29016582742063785 0.1451538847010508 1.9217844300028422 2.0 -1.0 -1.0 -1.0 -1.0 
105.45 63.05 17.0 -1.0 1.8363 59.820162351696844 0.10444842371142099 0.022118687192541075 2.0233734764472953 16.0 -1.0 -1.0 -1.0 -1.0 
105.45 63.05 17.0 -1.0 0.351635938793 119.64032470339369 0.5754081350495472 0.08156265902249521 4.587849400512373 8.0 -1.0 -1.0 -1.0 -1.0 
105.45 63.05 17.0 -1.0 0.048579112890325495 108.53060958317157 1.619649130098122 0.07326815132529231 2.834349453908165 8.0 -1.0 -1.0 -1.0 -1.0 
105.45 63.05 17.0 -1.0 12.78053428637 119.96338588621114 3.572360638623663 0.03732528463741307 159.51461674158662 8.0 160.6801942404184 8.0 12.780462081233662 120.02074866506348 
105.45 63.05 17.0 -1.0 0.10807331856800009 88.12391153520298 7.533342255189895 0.01520659744487199 719.3661093243768 32.0 729.970119902815 32.0 0.10807828706068298 88.85178526806556 
105.45 63.05 17.0 -1.0 1.194572 179.46048705509054 3.7364334011937017 0.016589015394405805 482.89353509006645 32.0 483.2562140710846 32.0 1.1945606577986232 179.32273746584525 
105.65 55.18 17.0 -1.0 115.70185879986298 89.80410178463693 0.015744167879234848 0.04423737438508215 0.6485352958086669 4.0 -1.0 -1.0 -1.0 -1.0 
105.65 55.18 17.0 -1.0 1.200607994501 175.51007869625838 0.1389358368928964 0.031795612839277794 2.623394399225695 16.0 -1.0 -1.0 -1.0 -1.0 
105.65 55.18 17.0 -1.0 2.01580589294 5.0832510444134105 0.10167184862117506 0.026265941041142528 3.535030523797218 16.0 -1.0 -1.0 -1.0 -1.0 
105.65 55.18 17.0 -1.0 2.4500513636 92.72007525197485 0.024925258091868234 0.03317803078881161 1.1869319242191474 8.0 -1.0 -1.0 -1.0 -1.0 
105.65 55.18 17.0 -1.0 0.02307439124125024 0.0 0.01572242935352567 0.016589015394405805 2.520937172354448 4.0 -1.0 -1.0 -1.0 -1.0 
105.65 55.18 17.0 -1.0 0.824545 65.66851058538721 0.2052727181469264 0.011059343596270537 23.443874092906956 32.0 23.517432609923898 32.0 0.8245478966273369 65.67745858653136 
105.65 55.18 17.0 -1.0 0.469903 131.33702117077442 0.093260334688322 0.03317803078881161 1.9282008473400238 8.0 -1.0 -1.0 -1.0 -1.0 
105.65 55.18 17.0 -1.0 0.020381854524096684 197.00553175616162 0.3793655635542592 0.013824179495338172 9.988416672605776 32.0 10.266215335482876 32.0 0.020372681319713593 196.7287819602727 
105.65 55.18 17.0 -1.0 0.36228891961 47.325461273957416 1.3128400626408168 0.009676925646736721 202.1039739545261 32.0 202.1781595582124 32.0 0.36228205620621645 47.360632694139724 
105.65 55.18 17.0 -1.0 1.4480657907 70.06217330982204 1.2612758521908187 0.022118687192541075 124.66124888958093 32.0 124.7311206352186 32.0 1.4480671476727973 70.02896971013821 
105.65 55.18 17.0 -1.0 115.70185879986298 89.80410178463693 0.015744167879234848 0.04423737438508215 0.6485352958086669 4.0 -1.0 -1.0 -1.0 -1.0 
105.65 55.18 17.0 -1.0 1.200607994501 175.51007869625838 0.1389358368928964 0.031795612839277794 2.623394399225695 16.0 -1.0 -1.0 -1.0 -1.0 
105.65 55.18 17.0 -1.0 2.01580589294 5.0832510444134105 0.10167184862117506 0.026265941041142528 3.535030523797218 16.0 -1.0 -1.0 -1.0 -1.0 
105.65 55.18 17.0 -1.0 2.4500513636 92.72007525197485 0.024925258091868234 0.03317803078881161 1.1869319242191474 8.0 -1.0 -1.0 -1.0 -1.0 
105.65 55.18 17.0 -1.0 0.02307439124125024 0.0 0.01572242935352567 0.016589015394405805 2.520937172354448 4.0 -1.0 -1.0 -1.0 -1.0 
105.65 55.18 17.0 -1.0 0.824545 65.66851058538721 0.2052727181469264 0.011059343596270537 23.443874092906956 32.0 23.517432609923898 32.0 0.8245478966273369 65.67745858653136 
105.65 55.18 17.0 -1.0 0.469903 131.33702117077442 0.093260334688322 0.03317803078881161 1.9282008473400238 8.0 -1.0 -1.0 -1.0 -1.0 
105.65 55.18 17.0 -1.0 0.020381854524096684 197.00553175616162 0.3793655635542592 0.013824179495338172 9.988416672605776 32.0 10.266215335482876 32.0 0.020372681319713593 196.7287819602727 
105.65 55.18 17.0 -1.0 0.36228891961 47.325461273957416 1.3128400626408168 0.009676925646736721 202.1039739545261 32.0 202.1781595582124 32.0 0.36228205620621645 47.360632694139724 
105.65 55.18 17.0 -1.0 1.4480657907 70.06217330982204 1.2612758521908187 0.022118687192541075 124.66124888958093 32.0 124.7311206352186 32.0 1.4480671476727973 70.02896971013821 
105.79 23.26 17.0 -1.0 0.81935647438 41.2672869838898 0.12456887461733013 0.06220880772902178 1.0340777240924643 2.0 -1.0 -1.0 -1.0 -1.0 
105.79 23.26 17.0 -1.0 0.00355500598430653 85.88691247175115 0.03439170012709915 0.01520659744487199 3.9698149802023677 1.0 -1.0 -1.0 -1.0 -1.0 
105.79 23.26 17.0 -1.0 6.750554 135.5015223305301 0.30265516847765545 0.05391430003181887 5.408252201952824 16.0 -1.0 -1.0 -1.0 -1.0 
105.79 23.26 17.0 -1.0 6.489247171044 11.163287218225266 0.16490040495709882 0.022118687192541075 5.616426012112241 4.0 -1.0 -1.0 -1.0 -1.0 
105.79 23.26 17.0 -1.0 145.6057701815 142.34029287863206 0.15325637251420762 0.024883523091608708 3.6809797404779347 2.0 -1.0 -1.0 -1.0 -1.0 
105.79 23.26 17.0 -1.0 0.03153875444545671 100.93891235458341 0.06238490354560311 0.008294507697202903 -0.23335782318856813 1.0 -1.0 -1.0 -1.0 -1.0 
105.79 23.26 17.0 -1.0 0.07943282347242814 0.0 0.03825236277254927 0.008294507697202903 1.0317590840419255 1.0 -1.0 -1.0 -1.0 -1.0 
105.79 23.26 17.0 -1.0 0.7790225779 111.7334423373718 0.27838412414827757 0.04009012053648069 2.56972017421938 1.0 -1.0 -1.0 -1.0 -1.0 
105.79 23.26 17.0 -1.0 1.12963680167 223.4668846747436 0.12422511885612372 0.017971433343939622 5.5264088726908165 16.0 -1.0 -1.0 -1.0 -1.0 
105.79 23.26 17.0 -1.0 0.48791069296089756 335.2003270121154 0.31221189475784467 0.022118687192541075 16.30234419725034 32.0 17.661258966888564 32.0 0.4879135910111169 335.1675544508349 
105.79 23.26 17.0 -1.0 0.81935647438 41.2672869838898 0.12456887461733013 0.06220880772902178 1.0340777240924643 2.0 -1.0 -1.0 -1.0 -1.0 
105.79 23.26 17.0 -1.0 0.00355500598430653 85.88691247175115 0.03439170012709915 0.01520659744487199 3.9698149802023677 1.0 -1.0 -1.0 -1.0 -1.0 
105.79 23.26 17.0 -1.0 6.750554 135.5015223305301 0.30265516847765545 0.05391430003181887 5.408252201952824 16.0 -1.0 -1.0 -1.0 -1.0 
105.79 23.26 17.0 -1.0 6.489247171044 11.163287218225266 0.16490040495709882 0.022118687192541075 5.616426012112241 4.0 -1.0 -1.0 -1.0 -1.0 
105.79 23.26 17.0 -1.0 145.6057701815 142.34029287863206 0.15325637251420762 0.024883523091608708 3.6809797404779347 2.0 -1.0 -1.0 -1.0 -1.0 
105.79 23.26 17.0 -1.0 0.03153875444545671 100.93891235458341 0.06238490354560311 0.008294507697202903 -0.23335782318856813 1.0 -1.0 -1.0 -1.0 -1.0 
105.79 23.26 17.0 -1.0 0.07943282347242814 0.0 0.03825236277254927 0.008294507697202903 1.0317590840419255 1.0 -1.0 -1.0 -1.0 -1.0 
105.79 23.26 17.0 -1.0 0.7790225779 111.7334423373718 0.27838412414827757 0.04009012053648069 2.56972017421938 1.0 -1.0 -1.0 -1.0 -1.0 
105.79 23.26 17.0 -1.0 1.12963680167 223.4668846747436 0.12422511885612372 0.017971433343939622 5.5264088726908165 16.0 -1.0 -1.0 -1.0 -1.0 
105.79 23.26 17.0 -1.0 0.48791069296089756 335.2003270121154 0.31221189475784467 0.022118687192541075 16.30234419725034 32.0 17.661258966888564 32.0 0.4879135910111169 335.1675544508349 
106.08 22.83 17.0 -1.0 3.96199763646 18.100349651760997 0.497358640182641 0.03732528463741307 25.048017810287533 16.0 25.14513371760195 16.0 3.9620014528433485 18.11443002617737 
106.08 22.83 17.0 -1.0 1.394095109822 38.4757894630779 0.3624565276670133 0.022118687192541075 21.46354013488877 16.0 21.51348785631524 16.0 1.3940734788775444 38.45521458071173 
106.08 22.83 17.0 -1.0 209.57669463535 58.650486025022225 0.08350109471768238 0.019353851293473442 1.988838013884022 1.0 -1.0 -1.0 -1.0 -1.0 
106.08 22.83 17.0 -1.0 103.26352668931 111.5128750264684 0.7543758187143424 0.016589015394405805 25.012044373760183 1.0 25.01204479530583 1.0 103.26330084353687 111.52012228406403 
106.08 22.83 17.0 -1.0 2.4037115646957266 334.53862507940516 0.09547682968596055 0.011059343596270537 3.598658016537884 8.0 -1.0 -1.0 -1.0 -1.0 
106.08 22.83 17.0 -1.0 0.1893240918829196 269.798927156748 3.9733783034277192 0.022118687192541075 341.728996457679 32.0 342.442266116619 32.0 0.18932648041906458 269.3888979311964 
106.08 22.83 17.0 -1.0 0.01783879629476623 32.3531203572142 5.425920763719493 0.038707702586946884 18.950413607336408 16.0 -1.0 -1.0 -1.0 -1.0 
106.08 22.83 17.0 -1.0 3.7884921051133436 140.78793222663634 9.046813752760464 0.017971433343939622 1209.8984347145959 32.0 1210.0059603543173 32.0 3.788500180235133 140.7663249520264 
106.08 22.83 17.0 -1.0 2.86763 0.0 5.422173590099175 0.04009012053648069 256.813378428337 16.0 -1.0 -1.0 -1.0 -1.0 
106.08 22.83 17.0 -1.0 13.162177132154847 223.0257500529368 6.18698620829759 0.01520659744487199 428.3641734094712 16.0 428.36418803304144 16.0 13.1621466910777 223.04024456812806 
106.08 22.83 17.0 -1.0 3.96199763646 18.100349651760997 0.497358640182641 0.03732528463741307 25.048017810287533 16.0 25.14513371760195 16.0 3.9620014528433485 18.11443002617737 
106.08 22.83 17.0 -1.0 1.394095109822 38.4757894630779 0.3624565276670133 0.022118687192541075 21.46354013488877 16.0 21.51348785631524 16.0 1.3940734788775444 38.45521458071173 
106.08 22.83 17.0 -1.0 209.57669463535 58.650486025022225 0.08350109471768238 0.019353851293473442 1.988838013884022 1.0 -1.0 -1.0 -1.0 -1.0 
106.08 22.83 17.0 -1.0 103.26352668931 111.5128750264684 0.7543758187143424 0.016589015394405805 25.012044373760183 1.0 25.01204479530583 1.0 103.26330084353687 111.52012228406403 
106.08 22.83 17.0 -1.0 2.4037115646957266 334.53862507940516 0.09547682968596055 0.011059343596270537 3.598658016537884 8.0 -1.0 -1.0 -1.0 -1.0 
106.08 22.83 17.0 -1.0 0.1893240918829196 269.798927156748 3.9733783034277192 0.022118687192541075 341.728996457679 32.0 342.442266116619 32.0 0.18932648041906458 269.3888979311964 
106.08 22.83 17.0 -1.0 0.01783879629476623 32.3531203572142 5.425920763719493 0.038707702586946884 18.950413607336408 16.0 -1.0 -1.0 -1.0 -1.0 
106.08 22.83 17.0 -1.0 3.7884921051133436 140.78793222663634 9.046813752760464 0.017971433343939622 1209.8984347145959 32.0 1210.0059603543173 32.0 3.788500180235133 140.7663249520264 
106.08 22.83 17.0 -1.0 2.86763 0.0 5.422173590099175 0.04009012053648069 256.813378428337 16.0 -1.0 -1.0 -1.0 -1.0 
106.08 22.83 17.0 -1.0 13.162177132154847 223.0257500529368 6.18698620829759 0.01520659744487199 428.3641734094712 16.0 428.36418803304144 16.0 13.1621466910777 223.04024456812806 
106.11 62.65 17.0 -1.0 0.45750849207501276 33.22005291843465 0.1669637776112178 0.015206597444871989 10.908795523896348 32.0 11.211467725167076 32.0 0.45750615148184204 33.39531792535493 
106.11 62.65 17.0 -1.0 2.13723569512 83.58421674815148 0.5463535224122297 0.019353851293473442 45.84604918527687 32.0 -1.0 -1.0 -1.0 -1.0 
106.11 62.65 17.0 -1.0 1.239311 132.70218352305028 0.014652664024818195 0.016589015394405805 0.9786869906270249 4.0 -1.0 -1.0 -1.0 -1.0 
106.11 62.65 17.0 -1.0 0.03968573734943337 73.45441497398785 0.7162844260825418 0.011059343596270536 46.44640444562476 32.0 -1.0 -1.0 -1.0 -1.0 
106.11 62.65 17.0 -1.0 186.59644326039583 72.56427422054641 0.0477493975820045 0.017971433343939622 0.781663399324628 2.0 -1.0 -1.0 -1.0 -1.0 
106.11 62.65 17.0 -1.0 0.849048 118.67356524881315 0.42487661293584217 0.009676925646736721 65.60903720105054 32.0 65.67355040948401 32.0 0.8490436205950876 118.60397760156357 
106.11 62.65 17.0 -1.0 373.48133934312847 31.08371511017518 2.639624521570016 0.02350110514207489 15.954943956799891 1.0 18.69479656445187 1.0 373.4816952298085 31.067765463890797 
106.11 62.65 17.0 -1.0 2.21794520407 0.0 8.41380609938174 0.027648358990676344 715.5635540365091 32.0 -1.0 -1.0 -1.0 -1.0 
106.11 62.65 17.0 -1.0 117.30802716915545 59.336782624406574 7.227463358668023 0.026265941041142528 235.8359002796348 2.0 235.83590347148225 2.0 117.30783929427466 59.301988800781785 
106.11 62.65 17.0 -1.0 0.537915 178.01034787321973 7.923004251845866 0.017971433343939622 1024.5169120248142 32.0 1024.523661537395 32.0 0.5379054831185689 178.00716433545247 
106.11 62.65 17.0 -1.0 0.45750849207501276 33.22005291843465 0.1669637776112178 0.015206597444871989 10.908795523896348 32.0 11.211467725167076 32.0 0.45750615148184204 33.39531792535493 
106.11 62.65 17.0 -1.0 2.13723569512 83.58421674815148 0.5463535224122297 0.019353851293473442 45.84604918527687 32.0 -1.0 -1.0 -1.0 -1.0 
106.11 62.65 17.0 -1.0 1.239311 132.70218352305028 0.014652664024818195 0.016589015394405805 0.9786869906270249 4.0 -1.0 -1.0 -1.0 -1.0 
106.11 62.65 17.0 -1.0 0.03968573734943337 73.45441497398785 0.7162844260825418 0.011059343596270536 46.44640444562476 32.0 -1.0 -1.0 -1.0 -1.0 
106.11 62.65 17.0 -1.0 186.59644326039583 72.56427422054641 0.0477493975820045 0.017971433343939622 0.781663399324628 2.0 -1.0 -1.0 -1.0 -1.0 
106.11 62.65 17.0 -1.0 0.849048 118.67356524881315 0.42487661293584217 0.009676925646736721 65.60903720105054 32.0 65.67355040948401 32.0 0.8490436205950876 118.60397760156357 
106.11 62.65 17.0 -1.0 373.48133934312847 31.08371511017518 2.639624521570016 0.02350110514207489 15.954943956799891 1.0 18.69479656445187 1.0 373.4816952298085 31.067765463890797 
106.11 62.65 17.0 -1.0 2.21794520407 0.0 8.41380609938174 0.027648358990676344 715.5635540365091 32.0 -1.0 -1.0 -1.0 -1.0 
106.11 62.65 17.0 -1.0 117.30802716915545 59.336782624406574 7.227463358668023 0.026265941041142528 235.8359002796348 2.0 235.83590347148225 2.0 117.30783929427466 59.301988800781785 
106.11 62.65 17.0 -1.0 0.537915 178.01034787321973 7.923004251845866 0.017971433343939622 1024.5169120248142 32.0 1024.523661537395 32.0 0.5379054831185689 178.00716433545247 
106.14 23.26 17.0 -1.0 0.03521629777766599 18.582259115660396 0.16893621992017888 0.03041319488974398 0.6736041889352665 1.0 -1.0 -1.0 -1.0 -1.0 
106.14 23.26 17.0 -1.0 0.3011490604808843 90.24717240759797 0.6093663775073117 0.06082638977948796 3.496937551258678 32.0 -1.0 -1.0 -1.0 -1.0 
106.14 23.26 17.0 -1.0 2.239842 58.31099589878378 0.02678198634507347 0.012441761545804354 1.5586469581349367 1.0 -1.0 -1.0 -1.0 -1.0 
106.14 23.26 17.0 -1.0 2.551867 22.212126935744593 0.03817316555416103 0.06635606157762322 0.31452413640450694 4.0 -1.0 -1.0 -1.0 -1.0 
106.14 23.26 17.0 -1.0 27.17087 0.0 0.0607684792090432 0.04009012053648069 0.19921286991280313 1.0 -1.0 -1.0 -1.0 -1.0 
106.14 23.26 17.0 -1.0 0.65432390165 110.99403159945537 0.08133753921050117 0.03456044873834543 1.4715664830021735 1.0 -1.0 -1.0 -1.0 -1.0 
106.14 23.26 17.0 -1.0 0.834285618279 221.98806319891074 0.030686594526462482 0.015206597444871992 0.7242688805511751 1.0 -1.0 -1.0 -1.0 -1.0 
106.14 23.26 17.0 -1.0 6.88618772429 332.9820947983661 0.5854323911634345 0.02350110514207489 26.963740740046084 8.0 26.96374153774083 8.0 6.886208817983667 332.94119992247795 
106.14 23.26 17.0 -1.0 8.42387236305 100.83706201114637 1.0188278547910379 0.05944397182995413 30.308330071599332 8.0 30.30832980988014 8.0 8.423861193781098 100.7931413747076 
106.14 23.26 17.0 -1.0 0.9060216 58.410900517685185 2.9197558324778985 0.03317803078881161 161.33921233872886 32.0 162.03375626335543 32.0 0.9060083054161321 58.4924053359247 
106.18 54.79 17.0 -1.0 0.8252288334107 68.51448082256121 0.9109529563125788 0.011059343596270537 105.53693711649944 32.0 105.66169099983833 32.0 0.8252148594086369 68.51100071353117 
106.18 54.79 17.0 -1.0 0.0386064318053542 180.7037648643 0.2589055225122902 0.026265941041142528 4.076752594357041 1.0 -1.0 -1.0 -1.0 -1.0 
106.18 54.79 17.0 -1.0 302.3167324176246 77.90270542856446 0.6329656438800256 0.017971433343939622 15.929964599174749 1.0 -1.0 -1.0 -1.0 -1.0 
106.18 54.79 17.0 -1.0 13.815971 0.0 0.07338149555276155 0.02903077694021016 2.187796816325107 2.0 -1.0 -1.0 -1.0 -1.0 
106.18 54.79 17.0 -1.0 3.7117366843888 130.37896921587011 0.2719214355501518 0.008294507697202903 32.65655733943676 16.0 -1.0 -1.0 -1.0 -1.0 
106.18 54.79 17.0 -1.0 0.5398186678944467 195.56845382380516 0.281283925625466 0.011059343596270537 37.5527377927295 32.0 37.80959673834695 32.0 0.539815421992292 195.41320882987992 
106.18 54.79 17.0 -1.0 200.83348960273642 16.546745868080723 2.230153896444461 0.02350110514207489 52.54302240618749 2.0 52.54302210944722 2.0 200.83340738589567 16.596461029570328 
106.18 54.79 17.0 -1.0 268.89004281934 138.47631293854792 2.605203087268268 0.019353851293473442 70.78989327790028 1.0 70.78989260432117 1.0 268.8902895897627 138.43877249056226 
106.18 54.79 17.0 -1.0 1.723581425221 14.923365363292664 6.624942575779249 0.0884747487701643 108.4536847764725 16.0 109.05354174128792 16.0 1.7236137258199355 14.77489823364188 
106.18 54.79 17.0 -1.0 4.43356543891 65.18948460793506 9.0093917095514 0.024883523091608708 710.2287387636288 16.0 761.6531534972755 32.0 4.433574455712612 65.1714689209957 
106.21 55.18 17.0 -1.0 0.0011853443605271085 123.44464038867322 0.02706096218036255 0.04423737438508215 7.1039044031785 4.0 -1.0 -1.0 -1.0 -1.0 
106.21 55.18 17.0 -1.0 1.1865458 28.971503041006105 0.015073628992941224 0.01520659744487199 1.3766898698341277 32.0 -1.0 -1.0 -1.0 -1.0 
106.21 55.18 17.0 -1.0 1.2807311812932416 106.92835763558458 0.10069323644853632 0.04009012053648069 0.9034089665403487 1.0 -1.0 -1.0 -1.0 -1.0 
106.21 55.18 17.0 -1.0 1.844489329 51.5502331105226 0.25254584867986474 0.056679135930886505 2.221288247206931 8.0 -1.0 -1.0 -1.0 -1.0 
106.21 55.18 17.0 -1.0 2.215954 42.16509832259104 0.07307795382278147 0.019353851293473442 1.2061165267910983 2.0 -1.0 -1.0 -1.0 -1.0 
106.21 55.18 17.0 -1.0 0.005839646453032786 0.0 0.3624565276670133 0.023501105142074888 0.25384244141972606 32.0 -1.0 -1.0 -1.0 -1.0 
106.21 55.18 17.0 -1.0 169.70988635881 194.2897779389806 0.2749437959685573 0.04285495643554833 2.4788091785839588 1.0 -1.0 -1.0 -1.0 -1.0 
106.21 55.18 17.0 -1.0 0.4812302743997416 172.6825939137634 4.6705382881834465 0.030413194889743977 278.4800845506983 16.0 296.654574289538 32.0 0.48124396319811547 172.74487181388142 
106.21 55.18 17.0 -1.0 2.8604856126 64.76325931299353 1.428286994089434 0.04009012053648069 73.23349620388176 16.0 73.23349542961923 16.0 2.860482103036096 64.76667718856713 
106.21 55.18 17.0 -1.0 1.0984627359781 129.52651862598705 4.3108554087915065 0.031795612839277794 272.9662188212717 16.0 286.3715694204373 32.0 1.0984573843112837 129.43215644402716 
106.21 55.18 17.0 -1.0 0.0011853443605271085 123.44464038867322 0.02706096218036255 0.04423737438508215 7.1039044031785 4.0 -1.0 -1.0 -1.0 -1.0 
106.21 55.18 17.0 -1.0 1.1865458 28.971503041006105 0.015073628992941223 0.01520659744487199 1.3766898698341277 32.0 -1.0 -1.0 -1.0 -1.0 
106.21 55.18 17.0 -1.0 1.2807311812932416 106.92835763558458 0.10069323644853632 0.04009012053648069 0.9034089665403487 1.0 -1.0 -1.0 -1.0 -1.0 
106.21 55.18 17.0 -1.0 1.844489329 51.5502331105226 0.25254584867986474 0.056679135930886505 2.221288247206931 8.0 -1.0 -1.0 -1.0 -1.0 
106.21 55.18 17.0 -1.0 2.215954 42.16509832259104 0.07307795382278148 0.019353851293473442 1.2061165267910983 2.0 -1.0 -1.0 -1.0 -1.0 
106.21 55.18 17.0 -1.0 0.005839646453032786 0.0 0.3624565276670133 0.023501105142074888 0.25384244141972606 32.0 -1.0 -1.0 -1.0 -1.0 
106.21 55.18 17.0 -1.0 169.70988635881 194.2897779389806 0.2749437959685573 0.04285495643554833 2.4788091785839588 1.0 -1.0 -1.0 -1.0 -1.0 
106.21 55.18 17.0 -1.0 0.4812302743997416 172.6825939137634 4.6705382881834465 0.030413194889743977 278.48008455069834 16.0 296.654574289538 32.0 0.48124396319811547 172.74487181388142 
106.21 55.18 17.0 -1.0 2.8604856126 64.76325931299353 1.428286994089434 0.04009012053648069 73.23349620388176 16.0 73.23349542961923 16.0 2.860482103036096 64.76667718856713 
106.21 55.18 17.0 -1.0 1.0984627359781 129.52651862598705 4.3108554087915065 0.031795612839277794 272.9662188212717 16.0 286.3715694204373 32.0 1.0984573843112837 129.43215644402716 
106.28 47.03 17.0 -1.0 1.021138 50.705100915097965 0.01840460464416752 0.013824179495338172 0.8313949157690401 32.0 -1.0 -1.0 -1.0 -1.0 
106.28 47.03 17.0 -1.0 0.005278116739940156 45.8550477840886 0.2567680329688539 0.017971433343939622 1.341406628736559 32.0 -1.0 -1.0 -1.0 -1.0 
106.28 47.03 17.0 -1.0 1.1260965560079352 43.12138147388332 0.1212574332188648 0.038707702586946884 1.3549298709316195 16.0 -1.0 -1.0 -1.0 -1.0 
106.28 47.03 17.0 -1.0 12.515752038663 106.5688947059059 0.01418453755649639 0.015206597444871989 0.8587531367810282 16.0 -1.0 -1.0 -1.0 -1.0 
106.28 47.03 17.0 -1.0 0.9370088601037303 0.0 0.26106080578766205 0.07879782312342758 1.1496708986311812 4.0 -1.0 -1.0 -1.0 -1.0 
106.28 47.03 17.0 -1.0 2.5269713831 73.47830493479196 0.18933361312185437 0.20321543858147112 1.4544157213370106 2.0 -1.0 -1.0 -1.0 -1.0 
106.28 47.03 17.0 -1.0 0.001360562470821819 146.95660986958393 0.2350374754609435 0.02073626924300726 4.083111454865806 2.0 -1.0 -1.0 -1.0 -1.0 
106.28 47.03 17.0 -1.0 1.043842621224 220.4349148043759 0.5134179485817345 0.008294507697202903 107.29368251455219 32.0 108.36922040725011 32.0 1.043857385714849 220.40909830734253 
106.28 47.03 17.0 -1.0 0.3913289853075874 92.3273750575784 2.381429251126676 0.013824179495338172 305.68194386252003 32.0 307.487721056529 32.0 0.39132525368283194 92.49491085992244 
106.28 47.03 17.0 -1.0 0.9500163779470581 73.43421354269188 1.358980801160177 0.027648358990676344 95.3800531160895 32.0 95.7927252988153 32.0 0.9500278489819418 73.36850150267371 
106.47 31.22 17.0 -1.0 0.800929 249.20788169137327 0.3908041761129333 0.0483846282336836 7.157731043388582 8.0 7.622602649466431 8.0 0.8009616673613589 248.64332164423354 
106.47 31.22 17.0 -1.0 1.040808 71.00269879078004 0.032655128354359776 0.04009012053648069 3.3058960805940005 2.0 -1.0 -1.0 -1.0 -1.0 
106.47 31.22 17.0 -1.0 370.397553 41.608948642566794 0.011951096159304526 0.024883523091608708 1.7037149921362769 1.0 -1.0 -1.0 -1.0 -1.0 
106.47 31.22 17.0 -1.0 21.921049590345874 110.62036203402401 0.30899325184534476 0.029030776940210157 10.114002535727439 8.0 10.18914714962126 8.0 21.921005100011826 110.60934088609983 
106.47 31.22 17.0 -1.0 2.959849608372 63.42392600231253 0.35160464630911753 0.08709233082063048 3.509048588761383 8.0 -1.0 -1.0 -1.0 -1.0 
106.47 31.22 17.0 -1.0 4.9913070333725695 7.281566012449189 0.03674993080056496 0.04147253848601452 -1.8109641653067639 8.0 -1.0 -1.0 -1.0 -1.0 
106.47 31.22 17.0 -1.0 280.145788 0.0 0.07197567037875806 0.012441761545804354 1.0571635697153252 1.0 -1.0 -1.0 -1.0 -1.0 
106.47 31.22 17.0 -1.0 207.62936108328 198.1180368938216 0.026070034996161857 0.017971433343939622 0.5093095572990239 2.0 -1.0 -1.0 -1.0 -1.0 
106.47 31.22 17.0 -1.0 88.02908501431 297.1770553407324 0.019680195255738293 0.08432749492156286 2.05822871151215 4.0 -1.0 -1.0 -1.0 -1.0 
106.47 31.22 17.0 -1.0 0.5398186678944467 99.0590184469108 3.064422446732965 0.04700221028414978 108.59213732342107 16.0 108.79678726120268 16.0 0.539815421992292 99.37637031120771 
106.47 31.22 17.0 -1.0 0.800929 249.20788169137327 0.3908041761129333 0.0483846282336836 7.157731043388582 8.0 7.622602649466431 8.0 0.8009616673613589 248.64332164423354 
106.47 31.22 17.0 -1.0 1.040808 71.00269879078004 0.032655128354359776 0.04009012053648069 3.3058960805940005 2.0 -1.0 -1.0 -1.0 -1.0 
106.47 31.22 17.0 -1.0 370.397553 41.608948642566794 0.011951096159304526 0.024883523091608708 1.7037149921362769 1.0 -1.0 -1.0 -1.0 -1.0 
106.47 31.22 17.0 -1.0 21.921049590345874 110.62036203402401 0.30899325184534476 0.029030776940210157 10.114002535727439 8.0 10.18914714962126 8.0 21.921005100011826 110.60934088609983 
106.47 31.22 17.0 -1.0 2.959849608372 63.42392600231253 0.35160464630911753 0.08709233082063048 3.509048588761383 8.0 -1.0 -1.0 -1.0 -1.0 
106.47 31.22 17.0 -1.0 4.9913070333725695 7.281566012449189 0.03674993080056496 0.04147253848601452 -1.8109641653067639 8.0 -1.0 -1.0 -1.0 -1.0 
106.47 31.22 17.0 -1.0 280.145788 0.0 0.07197567037875806 0.012441761545804354 1.0571635697153252 1.0 -1.0 -1.0 -1.0 -1.0 
106.47 31.22 17.0 -1.0 207.62936108328 198.1180368938216 0.026070034996161857 0.017971433343939622 0.5093095572990239 2.0 -1.0 -1.0 -1.0 -1.0 
106.47 31.22 17.0 -1.0 88.02908501431 297.1770553407324 0.019680195255738293 0.08432749492156286 2.05822871151215 4.0 -1.0 -1.0 -1.0 -1.0 
106.47 31.22 17.0 -1.0 0.5398186678944467 99.0590184469108 3.064422446732965 0.04700221028414978 108.59213732342107 16.0 108.79678726120268 16.0 0.539815421992292 99.37637031120771 
106.54 31.63 17.0 -1.0 0.719311913668 66.60327494841049 0.03981621803925185 0.049767046183217416 -0.47629012850631486 16.0 -1.0 -1.0 -1.0 -1.0 
106.54 31.63 17.0 -1.0 142.93778860168393 183.42377177709335 0.02207162879276 0.11474068981130682 0.6189367079610426 2.0 -1.0 -1.0 -1.0 -1.0 
106.54 31.63 17.0 -1.0 5.059597294 112.43715408693679 0.010962358241973886 0.017971433343939622 2.070993591132028 8.0 -1.0 -1.0 -1.0 -1.0 
106.54 31.63 17.0 -1.0 0.46173283166641466 75.22286839358905 0.6552116912829812 0.02073626924300726 50.73826544261992 32.0 50.901787311840856 32.0 0.4617201436000566 74.68407463306647 
106.54 31.63 17.0 -1.0 3.1961109625802266 0.0 0.430193026711385 0.07603298722435994 2.710784065851815 16.0 -1.0 -1.0 -1.0 -1.0 
106.54 31.63 17.0 -1.0 0.002612894343733594 196.10310547972804 0.4161615248952895 0.20183302063193734 7.783166184561479 1.0 -1.0 -1.0 -1.0 -1.0 
106.54 31.63 17.0 -1.0 0.0014245459769988064 294.1546582195921 0.10871854470998865 0.026265941041142528 7.2286463339746385 1.0 -1.0 -1.0 -1.0 -1.0 
106.54 31.63 17.0 -1.0 1.02595631163 235.435516524792 4.493298353164939 0.011059343596270537 781.0479827070475 32.0 781.2926677321836 32.0 1.0259706565799813 235.38639240719868 
106.54 31.63 17.0 -1.0 0.733411 102.25838503563376 3.6623207333636896 0.10091651031596865 62.35944315331088 8.0 63.89565014093097 16.0 0.7334165275096893 102.51350623752892 
106.54 31.63 17.0 -1.0 169.233373 98.05155273986402 4.147264900506527 0.02073626924300726 101.90241159183397 2.0 101.90241114557368 2.0 169.2334384036561 98.06079718081493 
106.54 31.63 17.0 -1.0 0.719311913668 66.60327494841049 0.03981621803925185 0.049767046183217416 -0.47629012850631486 16.0 -1.0 -1.0 -1.0 -1.0 
106.54 31.63 17.0 -1.0 142.93778860168393 183.42377177709335 0.02207162879276 0.11474068981130682 0.6189367079610426 2.0 -1.0 -1.0 -1.0 -1.0 
106.54 31.63 17.0 -1.0 5.059597294 112.43715408693679 0.010962358241973886 0.017971433343939622 2.070993591132028 8.0 -1.0 -1.0 -1.0 -1.0 
106.54 31.63 17.0 -1.0 0.4617328316664147 75.22286839358905 0.6552116912829812 0.02073626924300726 50.73826544260018 32.0 50.901787311840856 32.0 0.4617201436000566 74.68407463306647 
106.54 31.63 17.0 -1.0 3.1961109625802266 0.0 0.43019302671138504 0.07603298722435994 2.710784065851815 16.0 -1.0 -1.0 -1.0 -1.0 
106.54 31.63 17.0 -1.0 0.002612894343733594 196.10310547972804 0.4161615248952895 0.20183302063193734 7.783166184561479 1.0 -1.0 -1.0 -1.0 -1.0 
106.54 31.63 17.0 -1.0 0.0014245459769988064 294.1546582195921 0.10871854470998865 0.026265941041142528 7.2286463339746385 1.0 -1.0 -1.0 -1.0 -1.0 
106.54 31.63 17.0 -1.0 1.02595631163 235.435516524792 4.493298353164939 0.011059343596270537 781.0479827070474 32.0 781.2926677321836 32.0 1.0259706565799813 235.38639240719868 
106.54 31.63 17.0 -1.0 0.733411 102.25838503563376 3.6623207333636896 0.10091651031596865 62.35944315331088 8.0 63.89565014093097 16.0 0.7334165275096893 102.51350623752892 
106.54 31.63 17.0 -1.0 169.233373 98.05155273986402 4.147264900506527 0.02073626924300726 101.90241159183397 2.0 101.90241114557368 2.0 169.2334384036561 98.06079718081493 
106.65 47.42 17.0 -1.0 8.351100256070806 37.21732808003998 0.9508189085516154 0.1769494975403286 5.772127551131882 2.0 6.274068646899791 4.0 8.351101617639264 37.03844351721183 
106.65 47.42 17.0 -1.0 1.941748 30.259400116328365 0.38517542093714907 0.024883523091608708 19.585007758430272 16.0 19.715370207624414 16.0 1.941771188285202 30.05578613281944 
106.65 47.42 17.0 -1.0 0.956358508607 39.42825846103245 0.04263467691927037 0.017971433343939622 1.8363858636351575 32.0 -1.0 -1.0 -1.0 -1.0 
106.65 47.42 17.0 -1.0 326.8818116899891 60.06360868362887 0.025944266940358562 0.016589015394405805 1.2271314429419902 1.0 -1.0 -1.0 -1.0 -1.0 
106.65 47.42 17.0 -1.0 286.0965396602095 0.0 0.6018357026646761 0.024883523091608708 14.062587362599277 1.0 -1.0 -1.0 -1.0 -1.0 
106.65 47.42 17.0 -1.0 225.73304176818 72.24540156713643 0.7781962056190481 0.031795612839277794 18.743102279168536 1.0 18.743102494901834 1.0 225.7331895331542 72.2553242384952 
106.65 47.42 17.0 -1.0 0.53304377703 144.49080313427285 0.05452223588423098 0.03456044873834543 2.0411318626585135 2.0 -1.0 -1.0 -1.0 -1.0 
106.65 47.42 17.0 -1.0 158.8731184382565 216.73620470140926 0.7977929405138741 0.02350110514207489 21.439089515520614 1.0 21.43908947031071 1.0 158.87295982489985 216.66477478237852 
106.65 47.42 17.0 -1.0 0.02903488886607685 48.943929414519665 7.011074443308612 0.017971433343939622 168.7614592907021 32.0 -1.0 -1.0 -1.0 -1.0 
106.65 47.42 17.0 -1.0 0.955283306 87.35342583725166 3.535532595094705 0.04285495643554833 172.04503450306197 32.0 172.48552117626738 32.0 0.9552726017621657 87.43501420456563 
106.65 47.42 17.0 -1.0 8.351100256070806 37.21732808003998 0.9508189085516155 0.1769494975403286 5.772127551131882 2.0 6.274068646899791 4.0 8.351101617639264 37.03844351721183 
106.65 47.42 17.0 -1.0 1.941748 30.259400116328365 0.38517542093714907 0.024883523091608708 19.585007758430283 16.0 19.715370207624414 16.0 1.941771188285202 30.05578613281944 
106.65 47.42 17.0 -1.0 0.956358508607 39.42825846103245 0.04263467691927037 0.017971433343939622 1.8363858636351575 32.0 -1.0 -1.0 -1.0 -1.0 
106.65 47.42 17.0 -1.0 326.88181168998915 60.06360868362887 0.025944266940358562 0.016589015394405805 1.2271314429428413 1.0 -1.0 -1.0 -1.0 -1.0 
106.65 47.42 17.0 -1.0 286.0965396602095 0.0 0.6018357026646762 0.024883523091608708 14.062587362599286 1.0 -1.0 -1.0 -1.0 -1.0 
106.65 47.42 17.0 -1.0 225.73304176818 72.24540156713643 0.7781962056190481 0.031795612839277794 18.743102279168536 1.0 18.743102494901834 1.0 225.7331895331542 72.2553242384952 
106.65 47.42 17.0 -1.0 0.53304377703 144.49080313427285 0.05452223588423098 0.03456044873834543 2.0411318626585135 2.0 -1.0 -1.0 -1.0 -1.0 
106.65 47.42 17.0 -1.0 158.8731184382565 216.73620470140926 0.7977929405138741 0.02350110514207489 21.439089515520614 1.0 21.43908947031071 1.0 158.87295982489985 216.66477478237852 
106.65 47.42 17.0 -1.0 0.029034888866076854 48.943929414519665 7.011074443308613 0.017971433343939622 168.76145929070265 32.0 -1.0 -1.0 -1.0 -1.0 
106.65 47.42 17.0 -1.0 0.955283306 87.35342583725166 3.535532595094705 0.04285495643554833 172.04503450306197 32.0 172.48552117626738 32.0 0.9552726017621657 87.43501420456563 
106.73 54.79 17.0 -1.0 3.9302 98.2076137652133 0.07202541156259633 0.038707702586946884 1.6897678037164925 4.0 -1.0 -1.0 -1.0 -1.0 
106.73 54.79 17.0 -1.0 394.6557978760348 124.81596841886329 0.021410808311539156 0.026265941041142528 1.326066569374042 1.0 -1.0 -1.0 -1.0 -1.0 
106.73 54.79 17.0 -1.0 1.596821246630255 50.165823940626055 0.010722672220103232 0.013824179495338172 0.9296784687784919 1.0 -1.0 -1.0 -1.0 -1.0 
106.73 54.79 17.0 -1.0 9.83612 58.159915977354 0.5698697149968839 0.009676925646736721 59.446300182819535 8.0 59.493863006507674 8.0 9.836124566694101 58.188811536603296 
106.73 54.79 17.0 -1.0 4.07731 64.35823371597638 0.018442788364909382 0.019353851293473442 1.4385709432327678 1.0 -1.0 -1.0 -1.0 -1.0 
106.73 54.79 17.0 -1.0 1.372855822306 140.07039525223303 1.2841355261696443 0.016589015394405805 192.4676392708559 32.0 192.52467945334197 32.0 1.3728519358361762 140.05793942027643 
106.73 54.79 17.0 -1.0 2.93069668519 59.3377894417028 1.4541736191099401 0.03456044873834543 89.9945936488002 16.0 91.44575346108053 16.0 2.930695094012966 59.40318673388892 
106.73 54.79 17.0 -1.0 0.03521629777766599 0.0 7.966913997731385 0.04147253848601452 56.64346852271936 32.0 -1.0 -1.0 -1.0 -1.0 
106.73 54.79 17.0 -1.0 0.008912509381337459 128.71646743195276 2.1603964419195925 0.013824179495338172 41.87585549102259 32.0 -1.0 -1.0 -1.0 -1.0 
106.73 54.79 17.0 -1.0 0.266907 193.07470114792915 4.9087294586606065 0.02350110514207489 384.98398305358273 32.0 385.02263630348386 32.0 0.26690637848029536 192.98445843530868 
106.73 54.79 17.0 -1.0 3.9302 98.2076137652133 0.07202541156259633 0.038707702586946884 1.6897678037164925 4.0 -1.0 -1.0 -1.0 -1.0 
106.73 54.79 17.0 -1.0 394.6557978760348 124.81596841886329 0.021410808311539156 0.026265941041142528 1.326066569374042 1.0 -1.0 -1.0 -1.0 -1.0 
106.73 54.79 17.0 -1.0 1.596821246630255 50.165823940626055 0.010722672220103232 0.013824179495338172 0.9296784687784919 1.0 -1.0 -1.0 -1.0 -1.0 
106.73 54.79 17.0 -1.0 9.83612 58.159915977354 0.5698697149968839 0.009676925646736721 59.446300182819535 8.0 59.493863006507674 8.0 9.836124566694101 58.188811536603296 
106.73 54.79 17.0 -1.0 4.07731 64.35823371597638 0.018442788364909382 0.019353851293473442 1.4385709432327678 1.0 -1.0 -1.0 -1.0 -1.0 
106.73 54.79 17.0 -1.0 1.372855822306 140.07039525223303 1.2841355261696443 0.016589015394405805 192.4676392708559 32.0 192.52467945334197 32.0 1.3728519358361762 140.05793942027643 
106.73 54.79 17.0 -1.0 2.93069668519 59.3377894417028 1.4541736191099401 0.03456044873834543 89.9945936488002 16.0 91.44575346108053 16.0 2.930695094012966 59.40318673388892 
106.73 54.79 17.0 -1.0 0.03521629777766599 0.0 7.966913997731385 0.04147253848601452 56.64346852271936 32.0 -1.0 -1.0 -1.0 -1.0 
106.73 54.79 17.0 -1.0 0.008912509381337459 128.71646743195276 2.1603964419195925 0.013824179495338172 41.87585549102259 32.0 -1.0 -1.0 -1.0 -1.0 
106.73 54.79 17.0 -1.0 0.266907 193.07470114792915 4.9087294586606065 0.02350110514207489 384.98398305358273 32.0 385.02263630348386 32.0 0.26690637848029536 192.98445843530868 
106.76 62.26 17.0 -1.0 1.5619183006277 115.5526512375389 0.012456887461733006 0.04009012053648069 -inf 1.0 -1.0 -1.0 -1.0 -1.0 
106.76 62.26 17.0 -1.0 1.689189 94.94352100304214 0.025394547231851056 0.02350110514207489 2.5796563861263064 32.0 -1.0 -1.0 -1.0 -1.0 
106.76 62.26 17.0 -1.0 0.804014 0.0 0.049019518034453494 0.024883523091608708 2.026070644431711 1.0 -1.0 -1.0 -1.0 -1.0 
106.76 62.26 17.0 -1.0 0.461917 58.96157173525982 0.016387830076108615 0.01520659744487199 1.2248801329144057 16.0 -1.0 -1.0 -1.0 -1.0 
106.76 62.26 17.0 -1.0 99.42119791409147 117.92314347051963 0.3757140930301278 0.035942866687879244 4.550967068926098 1.0 -1.0 -1.0 -1.0 -1.0 
106.76 62.26 17.0 -1.0 11.896526273299358 176.88471520577946 0.028757152108352054 0.06082638977948796 1.1593398097917957 16.0 -1.0 -1.0 -1.0 -1.0 
106.76 62.26 17.0 -1.0 2.3745873338 31.789362258704436 1.4877064699107183 0.029030776940210157 108.14656336090103 16.0 108.32732898996743 16.0 2.3745694003688795 31.776150995640755 
106.76 62.26 17.0 -1.0 2.09207816446 17.03570164448101 5.7144665852868375 0.005529671798135269 1972.5214324935973 32.0 1972.5422101791164 32.0 2.092080345998208 17.00125276199887 
106.76 62.26 17.0 -1.0 1.0319424125036423 79.11075571559613 2.6469288908076267 0.045619792334615966 140.8234611781871 16.0 142.34532614812775 32.0 1.0319430051216236 79.13678368978046 
106.76 62.26 17.0 -1.0 0.8134628618 96.27028904388956 1.322854719917927 0.05391430003181888 37.84396034062291 8.0 37.94998437761532 8.0 0.8134520612657071 96.03683851867221 
106.76 62.26 17.0 -1.0 1.5619183006277 115.5526512375389 0.012456887461733006 0.04009012053648069 -inf 1.0 -1.0 -1.0 -1.0 -1.0 
106.76 62.26 17.0 -1.0 1.689189 94.94352100304214 0.025394547231851056 0.02350110514207489 2.5796563861263064 32.0 -1.0 -1.0 -1.0 -1.0 
106.76 62.26 17.0 -1.0 0.804014 0.0 0.04901951803445349 0.024883523091608708 2.026070644431711 1.0 -1.0 -1.0 -1.0 -1.0 
106.76 62.26 17.0 -1.0 0.461917 58.96157173525982 0.016387830076108615 0.01520659744487199 1.2248801329144057 16.0 -1.0 -1.0 -1.0 -1.0 
106.76 62.26 17.0 -1.0 99.42119791409147 117.92314347051963 0.3757140930301278 0.035942866687879244 4.550967068926098 1.0 -1.0 -1.0 -1.0 -1.0 
106.76 62.26 17.0 -1.0 11.896526273299358 176.88471520577946 0.028757152108352054 0.06082638977948796 1.1593398097917957 16.0 -1.0 -1.0 -1.0 -1.0 
106.76 62.26 17.0 -1.0 2.3745873338 31.789362258704436 1.4877064699107183 0.029030776940210157 108.14656336090103 16.0 108.32732898996743 16.0 2.3745694003688795 31.776150995640755 
106.76 62.26 17.0 -1.0 2.09207816446 17.03570164448101 5.7144665852868375 0.005529671798135269 1972.5214324935973 32.0 1972.5422101791164 32.0 2.092080345998208 17.00125276199887 
106.76 62.26 17.0 -1.0 1.0319424125036423 79.11075571559613 2.6469288908076267 0.045619792334615966 140.8234611781871 16.0 142.34532614812775 32.0 1.0319430051216236 79.13678368978046 
106.76 62.26 17.0 -1.0 0.8134628618 96.27028904388956 1.322854719917927 0.05391430003181888 37.84396034062291 8.0 37.94998437761532 8.0 0.8134520612657071 96.03683851867221 
106.77 22.83 17.0 -1.0 0.00545066611565636 92.49037229329537 0.02181392790138756 0.01520659744487199 4.662254891160477 1.0 -1.0 -1.0 -1.0 -1.0 
106.77 22.83 17.0 -1.0 275.85470899694 91.53346155604757 0.06638687231648537 0.03041319488974398 0.5003946363703294 1.0 -1.0 -1.0 -1.0 -1.0 
106.77 22.83 17.0 -1.0 445.93689247847 85.85799097650893 0.17415024605683413 0.011059343596270537 1.9742545379816479 1.0 -1.0 -1.0 -1.0 -1.0 
106.77 22.83 17.0 -1.0 1.0491179337 36.098632639623666 0.02808955470273914 0.029030776940210157 1.0367886968089246 1.0 -1.0 -1.0 -1.0 -1.0 
106.77 22.83 17.0 -1.0 0.007764724487021979 109.97874093954813 0.16963792528778154 0.02350110514207489 1.0818683272276703 16.0 -1.0 -1.0 -1.0 -1.0 
106.77 22.83 17.0 -1.0 262.467192 219.95748187909626 0.3236316631602409 0.017971433343939622 -3.855877253834023 1.0 -1.0 -1.0 -1.0 -1.0 
106.77 22.83 17.0 -1.0 0.08628282773739857 329.9362228186444 0.32430309627647746 0.02764835899067634 6.479794113598092 16.0 6.714842548683291 16.0 0.0862807307081918 328.08369913333536 
106.77 22.83 17.0 -1.0 1.5364829524386 65.16892089877216 6.749676032594977 0.019353851293473442 766.003848615087 32.0 766.0038712565763 32.0 1.536470032685126 65.1714689209957 
106.77 22.83 17.0 -1.0 0.001885472350448696 54.279936647331745 3.107057102433959 0.015206597444871989 44.07431479790292 8.0 -1.0 -1.0 -1.0 -1.0 
106.77 22.83 17.0 -1.0 40.820677605083 0.0 1.1199662113640256 0.08156265902249521 16.459716623402603 8.0 -1.0 -1.0 -1.0 -1.0 
106.77 55.18 17.0 -1.0 3.502872 41.54079327022388 0.02089931314137272 0.05114946413275124 2.366146931619219 2.0 -1.0 -1.0 -1.0 -1.0 
106.77 55.18 17.0 -1.0 0.5015510293323924 28.37213144796252 0.2749437959685573 0.017971433343939622 8.657315119569768 32.0 8.925998117099507 32.0 0.5015560115377109 28.537817136212393 
106.77 55.18 17.0 -1.0 1.071467 50.08314678466456 0.02295810794920963 0.01520659744487199 2.171379968999521 32.0 -1.0 -1.0 -1.0 -1.0 
106.77 55.18 17.0 -1.0 2.93942447332 19.234692632515863 0.3283610495645673 0.027648358990676344 16.969257189484527 16.0 16.969256518286596 16.0 2.939426243149986 19.227607290355866 
106.77 55.18 17.0 -1.0 1.8664135094437 31.30916535292752 0.303912298277019 0.008294507697202903 53.8427547523246 32.0 53.93619042222698 32.0 1.8664043939982853 31.27016133010507 
106.77 55.18 17.0 -1.0 0.731764 127.96253601631811 0.04895183506376762 0.019353851293473442 1.1649896934970325 16.0 -1.0 -1.0 -1.0 -1.0 
106.77 55.18 17.0 -1.0 23.70226863374437 191.94380402447717 0.04135820258278059 0.02350110514207489 2.7598127623158506 4.0 -1.0 -1.0 -1.0 -1.0 
106.77 55.18 17.0 -1.0 172.802046855 65.44018681062533 1.5167642778605788 0.04009012053648069 34.738923761113774 1.0 34.738924213530595 1.0 172.8020530814926 65.4750627203171 
106.77 55.18 17.0 -1.0 1.0553439136 0.0 2.632340309205579 0.02073626924300726 207.5092590024658 32.0 -1.0 -1.0 -1.0 -1.0 
106.77 55.18 17.0 -1.0 0.6699623853420779 63.981268008159056 7.691102492660465 0.006912089747669086 1449.7419261030134 32.0 1452.5757785403307 32.0 0.6699641138159981 63.85589579060292 
106.78 30.81 17.0 -1.0 1.071467 44.35441405052391 0.5734239758366275 0.0884747487701643 4.1009796093358215 8.0 -1.0 -1.0 -1.0 -1.0 
106.78 30.81 17.0 -1.0 4.21763962354 47.37655849484818 0.477493975820045 0.031795612839277794 18.931740916577652 8.0 19.246920256336082 16.0 4.21763009702166 47.360632694139724 
106.78 30.81 17.0 -1.0 39.89141833615 59.85031154446112 0.012814768678715708 0.01520659744487199 1.56532048149966 8.0 -1.0 -1.0 -1.0 -1.0 
106.78 30.81 17.0 -1.0 2.217787 47.99876470397377 0.6895787318111595 0.020736269243007262 62.72075772127747 32.0 63.320140736871856 32.0 2.2177725137832267 47.96782029278254 
106.78 30.81 17.0 -1.0 3.25010007022 56.70965163173197 0.04337742088609802 0.02073626924300726 0.7377264728464896 2.0 -1.0 -1.0 -1.0 -1.0 
106.78 30.81 17.0 -1.0 320.94720960606 0.0 0.17271248479812762 0.009676925646736721 5.453821655158642 1.0 -1.0 -1.0 -1.0 -1.0 
106.78 30.81 17.0 -1.0 0.39765 98.75301404836085 0.02350374754609434 0.04147253848601452 2.5165167973854197 2.0 -1.0 -1.0 -1.0 -1.0 
106.78 30.81 17.0 -1.0 0.013791161375355222 197.5060280967217 0.2270573754564139 0.04700221028414978 1.5602096862802153 2.0 -1.0 -1.0 -1.0 -1.0 
106.78 30.81 17.0 -1.0 205.338809 54.30971339653328 6.5475919813532695 0.11474068981130682 68.15001301357506 2.0 68.15001148104186 2.0 205.33868034059805 54.343290078532114 
106.78 30.81 17.0 -1.0 0.031684024185842756 296.25904214508256 3.5772999423304257 0.024883523091608708 103.75791746991138 32.0 104.09830767478611 32.0 0.031680732111757 295.90275640526613 
106.78 30.81 17.0 -1.0 1.071467 44.35441405052391 0.5734239758366275 0.0884747487701643 4.1009796093358215 8.0 -1.0 -1.0 -1.0 -1.0 
106.78 30.81 17.0 -1.0 4.21763962354 47.37655849484818 0.47749397582004505 0.031795612839277794 18.931740916577652 8.0 19.246920256336082 16.0 4.21763009702166 47.360632694139724 
106.78 30.81 17.0 -1.0 39.89141833615 59.85031154446112 0.012814768678715708 0.01520659744487199 1.56532048149966 8.0 -1.0 -1.0 -1.0 -1.0 
106.78 30.81 17.0 -1.0 2.217787 47.99876470397377 0.6895787318111596 0.020736269243007262 62.720757721277494 32.0 63.320140736871856 32.0 2.2177725137832267 47.96782029278254 
106.78 30.81 17.0 -1.0 3.25010007022 56.70965163173197 0.04337742088609802 0.02073626924300726 0.7377264728464896 2.0 -1.0 -1.0 -1.0 -1.0 
106.78 30.81 17.0 -1.0 320.94720960606 0.0 0.17271248479812762 0.009676925646736721 5.453821655158642 1.0 -1.0 -1.0 -1.0 -1.0 
106.78 30.81 17.0 -1.0 0.39765 98.75301404836085 0.02350374754609434 0.04147253848601452 2.5165167973854197 2.0 -1.0 -1.0 -1.0 -1.0 
106.78 30.81 17.0 -1.0 0.013791161375355222 197.5060280967217 0.22705737545641394 0.04700221028414978 1.5602096862802153 2.0 -1.0 -1.0 -1.0 -1.0 
106.78 30.81 17.0 -1.0 205.338809 54.30971339653328 6.5475919813532695 0.11474068981130682 68.15001301357506 2.0 68.15001148104186 2.0 205.33868034059805 54.343290078532114 
106.78 30.81 17.0 -1.0 0.031684024185842756 296.25904214508256 3.5772999423304257 0.024883523091608708 103.75791746991138 32.0 104.09830767478611 32.0 0.031680732111757 295.90275640526613 
106.84 23.26 17.0 -1.0 0.2793 125.79777438272852 0.7069438789280922 0.02350110514207489 41.192511250763786 32.0 41.86054602863794 32.0 0.27930582291446626 125.78903085217024 
106.84 23.26 17.0 -1.0 225.733634 20.123704513729795 0.05501410441674528 0.026265941041142528 1.5021695438326343 2.0 -1.0 -1.0 -1.0 -1.0 
106.84 23.26 17.0 -1.0 0.060290946359358735 41.4292252794894 0.26250761980901427 0.009676925646736721 1.8658038153317997 32.0 -1.0 -1.0 -1.0 -1.0 
106.84 23.26 17.0 -1.0 2.3926906617662866 68.0200909501601 0.03881136309613714 0.04423737438508215 2.3615386310190747 1.0 -1.0 -1.0 -1.0 -1.0 
106.84 23.26 17.0 -1.0 363.61166596073 95.62863172674534 0.3261004027141294 0.08018024107296139 2.176639110164135 1.0 -1.0 -1.0 -1.0 -1.0 
106.84 23.26 17.0 -1.0 17.13939 218.83297600085288 0.027780776110354018 0.0027648358990676344 1.6000171850542906 4.0 -1.0 -1.0 -1.0 -1.0 
106.84 23.26 17.0 -1.0 8.010414879211 328.2494640012793 0.1644453517634066 0.008294507697202903 10.18380667528206 4.0 10.191765790673127 4.0 8.010344269375008 328.08369913333536 
106.84 23.26 17.0 -1.0 0.961936 172.41385987945986 1.1787104686601224 0.02350110514207489 99.05756575896322 32.0 99.93312643468036 32.0 0.9619422295751672 172.44127801456 
106.84 23.26 17.0 -1.0 0.67719 0.0 3.705585904209861 0.026265941041142528 217.92353504505942 32.0 -1.0 -1.0 -1.0 -1.0 
106.84 23.26 17.0 -1.0 5.226034457691527 109.41648800042644 1.0301519527800742 0.03317803078881161 48.32982299285913 8.0 48.34431552798698 8.0 5.226077822347483 109.49616362192133 
106.84 23.26 17.0 -1.0 0.2793 125.79777438272852 0.7069438789280922 0.02350110514207489 41.192511250763786 32.0 41.86054602863794 32.0 0.27930582291446626 125.78903085217024 
106.84 23.26 17.0 -1.0 225.733634 20.123704513729795 0.055014104416745285 0.026265941041142528 1.5021695438326343 2.0 -1.0 -1.0 -1.0 -1.0 
106.84 23.26 17.0 -1.0 0.060290946359358735 41.4292252794894 0.26250761980901427 0.009676925646736721 1.8658038153317997 32.0 -1.0 -1.0 -1.0 -1.0 
106.84 23.26 17.0 -1.0 2.3926906617662866 68.0200909501601 0.03881136309613715 0.04423737438508215 2.3615386310190747 1.0 -1.0 -1.0 -1.0 -1.0 
106.84 23.26 17.0 -1.0 363.61166596073 95.62863172674534 0.3261004027141294 0.08018024107296139 2.176639110164135 1.0 -1.0 -1.0 -1.0 -1.0 
106.84 23.26 17.0 -1.0 17.13939 218.83297600085288 0.027780776110354018 0.0027648358990676344 1.6000171850542906 4.0 -1.0 -1.0 -1.0 -1.0 
106.84 23.26 17.0 -1.0 8.010414879211 328.2494640012793 0.1644453517634066 0.008294507697202903 10.183806675282062 4.0 10.191765790673127 4.0 8.010344269375008 328.08369913333536 
106.84 23.26 17.0 -1.0 0.961936 172.41385987945986 1.1787104686601224 0.02350110514207489 99.05756575896325 32.0 99.93312643468036 32.0 0.9619422295751672 172.44127801456 
106.84 23.26 17.0 -1.0 0.67719 0.0 3.705585904209861 0.026265941041142528 217.92353504505942 32.0 -1.0 -1.0 -1.0 -1.0 
106.84 23.26 17.0 -1.0 5.226034457691527 109.41648800042644 1.0301519527800742 0.03317803078881161 48.32982299285913 8.0 48.34431552798698 8.0 5.226077822347483 109.49616362192133 
106.86 63.05 17.0 -1.0 182.35781074910537 43.9357024426441 0.1056823350003259 0.04009012053648069 0.3075701497963532 1.0 -1.0 -1.0 -1.0 -1.0 
106.86 63.05 17.0 -1.0 0.30816023 55.747694244136774 0.29016582742063785 0.009676925646736721 23.037395313636797 32.0 23.186687454104774 32.0 0.3081671214507272 54.95047767717493 
106.86 63.05 17.0 -1.0 323.624595 123.0094517131707 0.5355165255286887 0.03732528463741307 6.0998927233951905 1.0 -1.0 -1.0 -1.0 -1.0 
106.86 63.05 17.0 -1.0 1.2267212728664 113.26543473745865 0.4298959328112831 0.012441761545804354 57.46810624604341 32.0 58.08275625014586 32.0 1.2267264537513256 113.24048714688536 
106.86 63.05 17.0 -1.0 1.4924787334 74.1842155722826 0.012439687799583798 0.016589015394405805 2.1613696214603877 32.0 -1.0 -1.0 -1.0 -1.0 
106.86 63.05 17.0 -1.0 2.746379218641062 58.41152622310841 0.026615983231691332 0.017971433343939622 1.1842894579699044 32.0 -1.0 -1.0 -1.0 -1.0 
106.86 63.05 17.0 -1.0 0.8990451708631055 116.82305244621682 0.0887349705456088 0.022118687192541075 2.3806620067459385 32.0 -1.0 -1.0 -1.0 -1.0 
106.86 63.05 17.0 -1.0 346.71337922051 18.71692469435337 2.4380280832024246 0.008294507697202903 83.2295113959725 1.0 83.22950986589407 1.0 346.71296210338676 18.721617624820187 
106.86 63.05 17.0 -1.0 3.8493830394852 0.0 2.06695743448022 0.03456044873834543 99.98635959553654 16.0 -1.0 -1.0 -1.0 -1.0 
106.86 63.05 17.0 -1.0 422.90991368608 175.23457866932523 1.1665589518231836 0.14377146675151697 3.7480425139062814 1.0 -1.0 -1.0 -1.0 -1.0 
106.86 63.05 17.0 -1.0 182.35781074910537 43.9357024426441 0.1056823350003259 0.04009012053648069 0.3075701497963532 1.0 -1.0 -1.0 -1.0 -1.0 
106.86 63.05 17.0 -1.0 0.30816023 55.747694244136774 0.29016582742063785 0.009676925646736721 23.037395313636797 32.0 23.186687454104774 32.0 0.3081671214507272 54.95047767717493 
106.86 63.05 17.0 -1.0 323.624595 123.0094517131707 0.5355165255286887 0.03732528463741307 6.0998927233951905 1.0 -1.0 -1.0 -1.0 -1.0 
106.86 63.05 17.0 -1.0 1.2267212728664 113.26543473745865 0.4298959328112831 0.012441761545804354 57.46810624604341 32.0 58.08275625014586 32.0 1.2267264537513256 113.24048714688536 
106.86 63.05 17.0 -1.0 1.4924787334 74.1842155722826 0.012439687799583798 0.016589015394405805 2.1613696214603877 32.0 -1.0 -1.0 -1.0 -1.0 
106.86 63.05 17.0 -1.0 2.746379218641062 58.41152622310841 0.026615983231691332 0.017971433343939622 1.1842894579699044 32.0 -1.0 -1.0 -1.0 -1.0 
106.86 63.05 17.0 -1.0 0.8990451708631055 116.82305244621682 0.0887349705456088 0.022118687192541075 2.3806620067459385 32.0 -1.0 -1.0 -1.0 -1.0 
106.86 63.05 17.0 -1.0 346.71337922051 18.71692469435337 2.4380280832024246 0.008294507697202903 83.2295113959725 1.0 83.22950986589407 1.0 346.71296210338676 18.721617624820187 
106.86 63.05 17.0 -1.0 3.8493830394852 0.0 2.06695743448022 0.03456044873834543 99.98635959553654 16.0 -1.0 -1.0 -1.0 -1.0 
106.86 63.05 17.0 -1.0 422.90991368608 175.23457866932523 1.1665589518231836 0.14377146675151697 3.7480425139062814 1.0 -1.0 -1.0 -1.0 -1.0 
106.99 46.64 17.0 -1.0 1.336096688653 55.492935979055176 0.014918232514016506 0.031795612839277794 1.6297577654678195 2.0 -1.0 -1.0 -1.0 -1.0 
106.99 46.64 17.0 -1.0 17.485862788642 8.784931871292434 0.0977460035646151 0.052531882082285056 1.0861342239116953 8.0 -1.0 -1.0 -1.0 -1.0 
106.99 46.64 17.0 -1.0 11.647056 116.26987800940752 0.012025634798493764 0.011059343596270537 1.8293588031348715 2.0 -1.0 -1.0 -1.0 -1.0 
106.99 46.64 17.0 -1.0 30.100341895821348 0.0 0.02848035868435802 0.008294507697202903 1.0209431834252622 16.0 -1.0 -1.0 -1.0 -1.0 
106.99 46.64 17.0 -1.0 50.36175319075963 72.47568793816258 0.2227074644610693 0.029030776940210154 5.003333276191292 4.0 -1.0 -1.0 -1.0 -1.0 
106.99 46.64 17.0 -1.0 0.931159 144.95137587632516 0.02645100905743632 0.029030776940210157 1.88310572824194 4.0 -1.0 -1.0 -1.0 -1.0 
106.99 46.64 17.0 -1.0 2.09760208735 119.92301799548953 4.5275743052258735 0.013824179495338172 938.5715080632757 32.0 938.6215673129269 32.0 2.0975979471889636 119.91955073195633 
106.99 46.64 17.0 -1.0 3.1235096868057473 50.970000758191745 2.580127478946282 0.009676925646736721 213.74078842963925 32.0 143.08263234483852 16.0 6.247015941577653 50.90256035288949 
106.99 46.64 17.0 -1.0 150.763618 46.49055529906738 6.5295234833232945 0.01520659744487199 248.88751023339023 2.0 249.1687798185732 2.0 150.76366253197193 46.44985129617549 
106.99 46.64 17.0 -1.0 155.97939334350093 217.42706381448772 2.451539775256637 0.02488352309160871 62.0870488151253 1.0 62.087048458758936 1.0 155.9790689498186 217.37316031412846 
106.99 46.64 17.0 -1.0 1.336096688653 55.492935979055176 0.014918232514016506 0.031795612839277794 1.6297577654678195 2.0 -1.0 -1.0 -1.0 -1.0 
106.99 46.64 17.0 -1.0 17.485862788642 8.784931871292434 0.0977460035646151 0.052531882082285056 1.0861342239116953 8.0 -1.0 -1.0 -1.0 -1.0 
106.99 46.64 17.0 -1.0 11.647056 116.26987800940752 0.012025634798493764 0.011059343596270537 1.8293588031348715 2.0 -1.0 -1.0 -1.0 -1.0 
106.99 46.64 17.0 -1.0 30.100341895821348 0.0 0.02848035868435802 0.008294507697202903 1.0209431834252622 16.0 -1.0 -1.0 -1.0 -1.0 
106.99 46.64 17.0 -1.0 50.36175319075963 72.47568793816258 0.2227074644610693 0.029030776940210154 5.003333276191292 4.0 -1.0 -1.0 -1.0 -1.0 
106.99 46.64 17.0 -1.0 0.931159 144.95137587632516 0.02645100905743632 0.029030776940210157 1.88310572824194 4.0 -1.0 -1.0 -1.0 -1.0 
106.99 46.64 17.0 -1.0 2.09760208735 119.92301799548953 4.5275743052258735 0.013824179495338172 938.5715080632757 32.0 938.6215673129269 32.0 2.0975979471889636 119.91955073195633 
106.99 46.64 17.0 -1.0 3.1235096868057473 50.970000758191745 2.580127478946282 0.009676925646736721 213.74078842963925 32.0 143.08263234483852 16.0 6.247015941577653 50.90256035288949 
106.99 46.64 17.0 -1.0 150.763618 46.49055529906738 6.5295234833232945 0.01520659744487199 248.88751023339023 2.0 249.1687798185732 2.0 150.76366253197193 46.44985129617549 
106.99 46.64 17.0 -1.0 155.97939334350093 217.42706381448772 2.451539775256637 0.02488352309160871 62.0870488151253 1.0 62.087048458758936 1.0 155.9790689498186 217.37316031412846 
107.12 22.83 17.0 -1.0 0.811766073133 78.1912825729037 0.47519043119474935 0.04700221028414978 10.565754540149664 8.0 10.685501565918635 8.0 0.8117543378223976 77.72001262628058 
107.12 22.83 17.0 -1.0 24.623136935 145.80201036112038 0.024856475251090734 0.016589015394405805 2.099358966915254 2.0 -1.0 -1.0 -1.0 -1.0 
107.12 22.83 17.0 -1.0 0.11902282447787144 109.7691612491832 0.42752655601465456 0.019353851293473442 15.253181012651423 32.0 15.953886681081649 32.0 0.11902253997201721 110.002153287457 
107.12 22.83 17.0 -1.0 0.02735109953041208 109.17953280916969 0.09580719820772557 0.03732528463741307 1.901223747077846 4.0 -1.0 -1.0 -1.0 -1.0 
107.12 22.83 17.0 -1.0 2.271936912618 218.35906561833937 0.018481051304768313 0.02350110514207489 0.974604339270059 8.0 -1.0 -1.0 -1.0 -1.0 
107.12 22.83 17.0 -1.0 1.44665164324 327.53859842750904 0.37884176019292826 0.055296717981352696 3.8595169104541043 4.0 -1.0 -1.0 -1.0 -1.0 
107.12 22.83 17.0 -1.0 3.43978058659 94.01297904659975 2.6874657260811405 0.04700221028414978 98.35101298108091 16.0 98.92043424883786 16.0 3.439769595085333 94.01287985652948 
107.12 22.83 17.0 -1.0 4.16400754519 28.990064967331282 3.6623207333636896 0.013824179495338172 477.97967069424453 32.0 478.9497311444226 32.0 4.164000226107116 28.94260886864094 
107.12 22.83 17.0 -1.0 0.8252288334107 103.38151981570343 1.184424414031528 0.030413194889743977 73.2539937589368 16.0 73.41194490841171 16.0 0.8252148594086369 103.62668350170742 
107.12 22.83 17.0 -1.0 1.02595631163 0.0 7.445385492578297 0.031795612839277794 333.9073483427422 16.0 -1.0 -1.0 -1.0 -1.0 
107.12 22.83 17.0 -1.0 0.811766073133 78.1912825729037 0.47519043119474935 0.04700221028414978 10.565754540149664 8.0 10.685501565918635 8.0 0.8117543378223976 77.72001262628058 
107.12 22.83 17.0 -1.0 24.623136935 145.80201036112038 0.024856475251090734 0.016589015394405805 2.099358966915254 2.0 -1.0 -1.0 -1.0 -1.0 
107.12 22.83 17.0 -1.0 0.11902282447787144 109.7691612491832 0.42752655601465456 0.019353851293473442 15.253181012651423 32.0 15.953886681081649 32.0 0.11902253997201721 110.002153287457 
107.12 22.83 17.0 -1.0 0.02735109953041208 109.17953280916969 0.09580719820772557 0.03732528463741307 1.901223747077846 4.0 -1.0 -1.0 -1.0 -1.0 
107.12 22.83 17.0 -1.0 2.271936912618 218.35906561833937 0.018481051304768313 0.02350110514207489 0.974604339270059 8.0 -1.0 -1.0 -1.0 -1.0 
107.12 22.83 17.0 -1.0 1.44665164324 327.53859842750904 0.37884176019292826 0.055296717981352696 3.8595169104541043 4.0 -1.0 -1.0 -1.0 -1.0 
107.12 22.83 17.0 -1.0 3.43978058659 94.01297904659975 2.6874657260811405 0.04700221028414978 98.35101298108091 16.0 98.92043424883786 16.0 3.439769595085333 94.01287985652948 
107.12 22.83 17.0 -1.0 4.16400754519 28.990064967331282 3.6623207333636896 0.013824179495338172 477.97967069424453 32.0 478.9497311444226 32.0 4.164000226107116 28.94260886864094 
107.12 22.83 17.0 -1.0 0.8252288334107 103.38151981570343 1.184424414031528 0.030413194889743977 73.2539937589368 16.0 73.41194490841171 16.0 0.8252148594086369 103.62668350170742 
107.12 22.83 17.0 -1.0 1.02595631163 0.0 7.445385492578297 0.031795612839277794 333.9073483427422 16.0 -1.0 -1.0 -1.0 -1.0 
107.12 47.42 17.0 -1.0 107.00689556931746 78.76755094781983 0.6382348256761571 0.019353851293473442 22.770401548399736 2.0 22.77040165221603 2.0 107.0070235679547 78.73199195735194 
107.12 47.42 17.0 -1.0 1.39954153872 69.40522060449688 0.17828923130187457 0.005529671798135269 22.52003947136378 16.0 -1.0 -1.0 -1.0 -1.0 
107.12 47.42 17.0 -1.0 64.84399265188851 61.17577498308287 0.11316323927026738 0.019353851293473442 2.524902998185818 1.0 -1.0 -1.0 -1.0 -1.0 
107.12 47.42 17.0 -1.0 0.5473124080859973 20.733927929276863 0.01630877128206363 0.011059343596270537 0.8043451546946347 2.0 -1.0 -1.0 -1.0 -1.0 
107.12 47.42 17.0 -1.0 190.2678344415654 104.37502069964836 0.20442360985995736 0.0027648358990676344 12.121530352667369 1.0 12.12153021485774 1.0 190.26823186626038 104.33506903345737 
107.12 47.42 17.0 -1.0 0.2925653886 71.24348637966987 0.5310953723506969 0.013824179495338172 64.04206420005852 32.0 65.69115936048672 32.0 0.29255412907029194 71.34454284053099 
107.12 47.42 17.0 -1.0 3.468609 142.48697275933975 0.27723259135371625 0.03456044873834543 9.09427115334976 8.0 9.175557653199883 8.0 3.4685702606414757 142.38549188174056 
107.12 47.42 17.0 -1.0 187.45591971550684 133.76589791898414 2.63052239910407 0.019353851293473442 90.96030660512453 1.0 91.02163516712211 1.0 187.45583171645802 133.78366756763398 
107.12 47.42 17.0 -1.0 208.2117310709 0.0 4.483995483873571 0.012441761545804354 181.5902678473293 2.0 -1.0 -1.0 -1.0 -1.0 
107.12 47.42 17.0 -1.0 1.6414629797249054 213.73045913900964 4.606449735804084 0.015206597444871989 865.1840219023535 32.0 865.4003393376075 32.0 1.641456037759781 213.6288367891644 
107.12 47.42 17.0 -1.0 107.00689556931746 78.76755094781983 0.6382348256761571 0.019353851293473442 22.770401548399736 2.0 22.77040165221603 2.0 107.0070235679547 78.73199195735194 
107.12 47.42 17.0 -1.0 1.39954153872 69.40522060449688 0.17828923130187457 0.005529671798135269 22.52003947136378 16.0 -1.0 -1.0 -1.0 -1.0 
107.12 47.42 17.0 -1.0 64.84399265188851 61.17577498308287 0.11316323927026738 0.019353851293473442 2.524902998185818 1.0 -1.0 -1.0 -1.0 -1.0 
107.12 47.42 17.0 -1.0 0.5473124080859973 20.733927929276863 0.01630877128206363 0.011059343596270537 0.8043451546946347 2.0 -1.0 -1.0 -1.0 -1.0 
107.12 47.42 17.0 -1.0 190.2678344415654 104.37502069964836 0.20442360985995736 0.0027648358990676344 12.121530352667369 1.0 12.12153021485774 1.0 190.26823186626038 104.33506903345737 
107.12 47.42 17.0 -1.0 0.2925653886 71.24348637966987 0.5310953723506969 0.013824179495338172 64.04206420005852 32.0 65.69115936048672 32.0 0.29255412907029194 71.34454284053099 
107.12 47.42 17.0 -1.0 3.468609 142.48697275933975 0.27723259135371625 0.03456044873834543 9.09427115334976 8.0 9.175557653199883 8.0 3.4685702606414757 142.38549188174056 
107.12 47.42 17.0 -1.0 187.45591971550684 133.76589791898414 2.63052239910407 0.019353851293473442 90.96030660512453 1.0 91.02163516712211 1.0 187.45583171645802 133.78366756763398 
107.12 47.42 17.0 -1.0 208.2117310709 0.0 4.483995483873571 0.012441761545804354 181.5902678473293 2.0 -1.0 -1.0 -1.0 -1.0 
107.12 47.42 17.0 -1.0 1.6414629797249054 213.73045913900964 4.606449735804084 0.015206597444871989 865.1840219023535 32.0 865.4003393376075 32.0 1.641456037759781 213.6288367891644 
107.18 23.27 17.0 -1.0 0.306679 184.90145485552333 0.027399571714836618 0.05114946413275124 0.36354400140354814 1.0 -1.0 -1.0 -1.0 -1.0 
107.18 23.27 17.0 -1.0 2.936819837174 0.0 0.045432405986639585 0.024883523091608708 2.0191761718629895 4.0 -1.0 -1.0 -1.0 -1.0 
107.18 23.27 17.0 -1.0 0.0013357810993506606 325.7849598414763 0.21044194797562457 0.03041319488974398 7.8067296930590615 2.0 -1.0 -1.0 -1.0 -1.0 
107.18 23.27 17.0 -1.0 24.931229553315088 82.7576555652915 4.269362550790595 0.017971433343939622 290.05022461235853 16.0 290.22600790000183 16.0 24.931190030959748 82.77990928163737 
107.18 23.27 17.0 -1.0 1.93257404609 136.81078571600747 1.2379675783889 0.03456044873834543 68.45921442096325 16.0 68.56871738302755 16.0 1.9325549753072362 136.8196055608481 
107.18 23.27 17.0 -1.0 0.38977960839 54.37894769231162 4.02031818216859 0.07741540517389377 43.46641122565053 8.0 49.816260861557545 16.0 0.3898094291798771 54.95047767717493 
107.18 23.27 17.0 -1.0 0.05180727580868196 31.08299346822366 1.1649482428952809 0.013824179495338172 55.548997110136845 32.0 61.693596450612645 32.0 0.05181088151099782 39.264798045568824 
107.18 23.27 17.0 -1.0 47.659695194091945 14.433717092686667 2.466829957540349 0.013824179495338172 181.0722701895299 8.0 181.5599332978107 8.0 47.659705160185695 14.47130443432047 
107.18 23.27 17.0 -1.0 0.970101 108.59498661382543 1.4135625524915008 0.04285495643554833 52.468684392020414 16.0 52.53617310619361 16.0 0.9701276818911235 108.78777809017136 
107.18 23.27 17.0 -1.0 0.003671224342763383 217.18997322765085 3.1524620343068985 0.04700221028414978 13.182787662005177 4.0 -1.0 -1.0 -1.0 -1.0 
107.18 23.27 17.0 -1.0 0.306679 184.90145485552333 0.027399571714836615 0.05114946413275124 0.36354400140354814 1.0 -1.0 -1.0 -1.0 -1.0 
107.18 23.27 17.0 -1.0 2.936819837174 0.0 0.04543240598663959 0.024883523091608708 2.0191761718629895 4.0 -1.0 -1.0 -1.0 -1.0 
107.18 23.27 17.0 -1.0 0.0013357810993506606 325.7849598414763 0.21044194797562457 0.03041319488974398 7.8067296930590615 2.0 -1.0 -1.0 -1.0 -1.0 
107.18 23.27 17.0 -1.0 24.931229553315085 82.7576555652915 4.269362550790594 0.017971433343939622 290.0502246133528 16.0 290.22600790000183 16.0 24.931190030959748 82.77990928163737 
107.18 23.27 17.0 -1.0 1.93257404609 136.81078571600747 1.2379675783889 0.03456044873834543 68.45921442096324 16.0 68.56871738302755 16.0 1.9325549753072362 136.8196055608481 
107.18 23.27 17.0 -1.0 0.38977960839 54.37894769231162 4.02031818216859 0.07741540517389377 43.46641122565053 8.0 49.816260861557545 16.0 0.3898094291798771 54.95047767717493 
107.18 23.27 17.0 -1.0 0.05180727580868196 31.08299346822366 1.1649482428952809 0.013824179495338172 55.54899711013688 32.0 61.693596450612645 32.0 0.05181088151099782 39.264798045568824 
107.18 23.27 17.0 -1.0 47.659695194091945 14.433717092686667 2.466829957540349 0.013824179495338172 181.0722701895299 8.0 181.5599332978107 8.0 47.659705160185695 14.47130443432047 
107.18 23.27 17.0 -1.0 0.970101 108.59498661382543 1.4135625524915008 0.04285495643554833 52.468684392020414 16.0 52.53617310619361 16.0 0.9701276818911235 108.78777809017136 
107.18 23.27 17.0 -1.0 0.003671224342763383 217.18997322765085 3.1524620343068985 0.04700221028414978 13.182787662005177 4.0 -1.0 -1.0 -1.0 -1.0 
107.22 47.03 17.0 -1.0 0.4790238565338193 11.864929989087386 0.5288985023238132 0.0483846282336836 3.866455607565446 16.0 -1.0 -1.0 -1.0 -1.0 
107.22 47.03 17.0 -1.0 2.181786 45.46435198350122 0.03703026804224303 0.04838462823368359 2.311017086598968 4.0 -1.0 -1.0 -1.0 -1.0 
107.22 47.03 17.0 -1.0 29.416597417463024 28.299896303085468 0.13283494223444614 0.01520659744487199 4.967186289048028 8.0 -1.0 -1.0 -1.0 -1.0 
107.22 47.03 17.0 -1.0 1.074011086779 62.54298538551489 0.021470056302420146 0.022118687192541075 1.4058873861336034 8.0 -1.0 -1.0 -1.0 -1.0 
107.22 47.03 17.0 -1.0 4.61936868862 64.4096199407601 0.051840772815238204 0.05529671798135269 1.1153171574291387 8.0 -1.0 -1.0 -1.0 -1.0 
107.22 47.03 17.0 -1.0 140.8174521908 71.5114134785321 0.7538548422219113 0.02073626924300726 14.499607886768166 2.0 14.49960866324835 2.0 140.8174284733832 71.54693870674527 
107.22 47.03 17.0 -1.0 1.9278979148339312 214.53424043559633 0.08757784197147112 0.01520659744487199 1.388593812755184 8.0 -1.0 -1.0 -1.0 -1.0 
107.22 47.03 17.0 -1.0 0.0012410878415065833 58.788260705423944 6.014200712968409 0.031795612839277794 85.86293664951714 4.0 -1.0 -1.0 -1.0 -1.0 
107.22 47.03 17.0 -1.0 2.5998 0.0 9.693902556544126 0.04561979233461597 428.88209129040496 32.0 -1.0 -1.0 -1.0 -1.0 
107.22 47.03 17.0 -1.0 1.82745452277 143.0228269570642 1.5689877830407786 0.019353851293473442 161.390307498709 32.0 161.45248853549717 32.0 1.827447704272345 142.99267948038337 
107.22 47.03 17.0 -1.0 0.4790238565338193 11.864929989087386 0.5288985023238132 0.0483846282336836 3.866455607565446 16.0 -1.0 -1.0 -1.0 -1.0 
107.22 47.03 17.0 -1.0 2.181786 45.46435198350122 0.03703026804224303 0.04838462823368359 2.311017086598968 4.0 -1.0 -1.0 -1.0 -1.0 
107.22 47.03 17.0 -1.0 29.416597417463024 28.299896303085468 0.13283494223444614 0.01520659744487199 4.967186289048028 8.0 -1.0 -1.0 -1.0 -1.0 
107.22 47.03 17.0 -1.0 1.074011086779 62.54298538551489 0.021470056302420146 0.022118687192541075 1.4058873861336034 8.0 -1.0 -1.0 -1.0 -1.0 
107.22 47.03 17.0 -1.0 4.61936868862 64.4096199407601 0.051840772815238204 0.05529671798135269 1.1153171574291387 8.0 -1.0 -1.0 -1.0 -1.0 
107.22 47.03 17.0 -1.0 140.8174521908 71.5114134785321 0.7538548422219113 0.02073626924300726 14.499607886768166 2.0 14.49960866324835 2.0 140.8174284733832 71.54693870674527 
107.22 47.03 17.0 -1.0 1.9278979148339312 214.53424043559633 0.08757784197147112 0.01520659744487199 1.388593812755184 8.0 -1.0 -1.0 -1.0 -1.0 
107.22 47.03 17.0 -1.0 0.0012410878415065833 58.788260705423944 6.014200712968409 0.031795612839277794 85.86293664951714 4.0 -1.0 -1.0 -1.0 -1.0 
107.22 47.03 17.0 -1.0 2.5998 0.0 9.693902556544126 0.04561979233461597 428.88209129040496 32.0 -1.0 -1.0 -1.0 -1.0 
107.22 47.03 17.0 -1.0 1.82745452277 143.0228269570642 1.5689877830407786 0.019353851293473442 161.390307498709 32.0 161.45248853549717 32.0 1.827447704272345 142.99267948038337 
107.29 31.63 17.0 -1.0 1.180767 43.59907492252725 0.31809017497638015 0.029030776940210157 13.495870154931392 16.0 13.570057843152993 16.0 1.1807666548217337 43.91990296849709 
107.29 31.63 17.0 -1.0 0.010229960329589644 41.536569407138316 0.08691483487083679 0.027648358990676344 0.04423064173428136 32.0 -1.0 -1.0 -1.0 -1.0 
107.29 31.63 17.0 -1.0 195.72256536982 168.98222271221306 0.2689322988764996 0.011059343596270537 9.450512861075012 1.0 -1.0 -1.0 -1.0 -1.0 
107.29 31.63 17.0 -1.0 0.39208025942 18.70577918818022 0.02253384400637374 0.022118687192541075 0.6727771468549596 1.0 -1.0 -1.0 -1.0 -1.0 
107.29 31.63 17.0 -1.0 6.67806213863 48.12512869240853 0.03410776682707007 0.03732528463741307 1.8857013367744837 4.0 -1.0 -1.0 -1.0 -1.0 
107.29 31.63 17.0 -1.0 2.9732066401153 68.54966247674619 0.03902645790573854 0.01520659744487199 2.5830844060106304 8.0 -1.0 -1.0 -1.0 -1.0 
107.29 31.63 17.0 -1.0 20.74492001605197 0.0 0.338028170801927 0.08018024107296139 3.3644246537812728 4.0 -1.0 -1.0 -1.0 -1.0 
107.29 31.63 17.0 -1.0 1.55000023848 95.4768178165462 0.6829413965989554 0.016589015394405805 83.00878626310126 32.0 83.64315656454473 32.0 1.5499911872514835 95.53084885313653 
107.29 31.63 17.0 -1.0 6.980838053139615 286.4304534496386 0.3109204337711029 0.03041319488974398 9.33767816498147 8.0 9.337678918889399 8.0 6.980796266968052 286.3901506931953 
107.29 31.63 17.0 -1.0 3.39947879385 190.9536356330924 2.202593196571489 0.04700221028414978 76.577040394526 16.0 76.84597483834307 32.0 3.3994789797967924 190.96049977316594 
107.29 54.79 17.0 -1.0 1.5256547469098 81.1247029294774 0.08842898893257327 0.031795612839277794 1.297235020907495 8.0 -1.0 -1.0 -1.0 -1.0 
107.29 54.79 17.0 -1.0 0.015049463167676878 32.27808768323442 0.48313489586663455 0.019353851293473442 2.7930409586897262 4.0 -1.0 -1.0 -1.0 -1.0 
107.29 54.79 17.0 -1.0 0.87464894928 169.1784098974019 0.23683039741008302 0.13409454110478025 1.6078044857419482 4.0 -1.0 -1.0 -1.0 -1.0 
107.29 54.79 17.0 -1.0 0.5423051109743776 94.83000568321027 0.021410808311539156 0.04009012053648069 -0.24143328595013527 1.0 -1.0 -1.0 -1.0 -1.0 
107.29 54.79 17.0 -1.0 0.215973948926 57.665347658812045 0.21470056302420146 0.024883523091608708 4.055464913229176 16.0 -1.0 -1.0 -1.0 -1.0 
107.29 54.79 17.0 -1.0 0.919609716274 0.0 0.01467292344570344 0.029030776940210157 0.03179183976605941 2.0 -1.0 -1.0 -1.0 -1.0 
107.29 54.79 17.0 -1.0 5.029204318571 63.620855262105444 0.03849094164672382 0.02350110514207489 1.3872902735906576 4.0 -1.0 -1.0 -1.0 -1.0 
107.29 54.79 17.0 -1.0 0.7198714353 127.24171052421089 0.7049930221673033 0.011059343596270537 135.59917068124432 32.0 136.6069439833904 32.0 0.7198650564532727 127.30699984877728 
107.29 54.79 17.0 -1.0 1.902404880318 190.86256578631634 0.10864346302698646 0.026265941041142528 2.4616194094000483 8.0 -1.0 -1.0 -1.0 -1.0 
107.29 54.79 17.0 -1.0 0.03271982139587308 154.78593318944286 1.9653022118751304 0.011059343596270537 173.6936362894424 32.0 175.7924473260982 32.0 0.032711492773766324 162.52388057006067 
107.29 54.79 17.0 -1.0 1.5256547469098 81.1247029294774 0.08842898893257327 0.031795612839277794 1.297235020907495 8.0 -1.0 -1.0 -1.0 -1.0 
107.29 54.79 17.0 -1.0 0.015049463167676878 32.27808768323442 0.48313489586663455 0.019353851293473442 2.7930409586897262 4.0 -1.0 -1.0 -1.0 -1.0 
107.29 54.79 17.0 -1.0 0.87464894928 169.1784098974019 0.23683039741008302 0.13409454110478025 1.6078044857419482 4.0 -1.0 -1.0 -1.0 -1.0 
107.29 54.79 17.0 -1.0 0.5423051109743776 94.83000568321027 0.021410808311539156 0.04009012053648069 -0.24143328595013527 1.0 -1.0 -1.0 -1.0 -1.0 
107.29 54.79 17.0 -1.0 0.215973948926 57.665347658812045 0.21470056302420146 0.024883523091608708 4.055464913229176 16.0 -1.0 -1.0 -1.0 -1.0 
107.29 54.79 17.0 -1.0 0.919609716274 0.0 0.01467292344570344 0.029030776940210157 0.03179183976605941 2.0 -1.0 -1.0 -1.0 -1.0 
107.29 54.79 17.0 -1.0 5.029204318571 63.620855262105444 0.03849094164672382 0.02350110514207489 1.3872902735906576 4.0 -1.0 -1.0 -1.0 -1.0 
107.29 54.79 17.0 -1.0 0.7198714353 127.24171052421089 0.7049930221673033 0.011059343596270537 135.59917068124432 32.0 136.6069439833904 32.0 0.7198650564532727 127.30699984877728 
107.29 54.79 17.0 -1.0 1.902404880318 190.86256578631634 0.10864346302698646 0.026265941041142528 2.4616194094000483 8.0 -1.0 -1.0 -1.0 -1.0 
107.29 54.79 17.0 -1.0 0.03271982139587308 154.78593318944286 1.9653022118751304 0.011059343596270537 173.6936362894424 32.0 175.7924473260982 32.0 0.032711492773766324 162.52388057006067 
107.44 62.26 17.0 -1.0 0.04431325106515785 150.73650514541524 0.016928670902708085 0.022118687192541075 1.8082921792854356 4.0 -1.0 -1.0 -1.0 -1.0 
107.44 62.26 17.0 -1.0 7.200979 94.95350614148546 0.16638804241146676 0.03456044873834543 2.7322730366191483 4.0 -1.0 -1.0 -1.0 -1.0 
107.44 62.26 17.0 -1.0 0.2896029058 77.27431742895475 0.09403668908068452 0.07741540517389377 1.3012207603146804 1.0 -1.0 -1.0 -1.0 -1.0 
107.44 62.26 17.0 -1.0 336.700337 17.434373042920996 0.06005896694755324 0.10644618211410393 0.5791242442444909 1.0 -1.0 -1.0 -1.0 -1.0 
107.44 62.26 17.0 -1.0 0.5255 111.00641933446589 0.049019518034453494 0.14377146675151697 1.0515669069133038 1.0 -1.0 -1.0 -1.0 -1.0 
107.44 62.26 17.0 -1.0 90.011841919354 0.0 0.23536244866247885 0.029030776940210157 1.8496297101315493 1.0 -1.0 -1.0 -1.0 -1.0 
107.44 62.26 17.0 -1.0 0.03425854448965959 58.283616200657654 0.05021923433847278 0.022118687192541075 1.9659850286044689 1.0 -1.0 -1.0 -1.0 -1.0 
107.44 62.26 17.0 -1.0 0.0016502206479446465 116.56723240131531 0.07701736550890854 0.031795612839277794 5.042744944713997 1.0 -1.0 -1.0 -1.0 -1.0 
107.44 62.26 17.0 -1.0 309.30868547671 174.85084860197296 0.44469762138070534 0.016589015394405805 7.658302161287578 1.0 -1.0 -1.0 -1.0 -1.0 
107.44 62.26 17.0 -1.0 2.46962580232 135.05081545684942 1.7902978599553 0.022118687192541075 170.70512920651288 32.0 172.20427695341493 32.0 2.4696115967041505 135.20043863113392 
107.44 62.26 17.0 -1.0 0.04431325106515785 150.73650514541524 0.016928670902708085 0.022118687192541075 1.8082921792854356 4.0 -1.0 -1.0 -1.0 -1.0 
107.44 62.26 17.0 -1.0 7.200979 94.95350614148546 0.16638804241146676 0.03456044873834543 2.7322730366191483 4.0 -1.0 -1.0 -1.0 -1.0 
107.44 62.26 17.0 -1.0 0.2896029058 77.27431742895475 0.09403668908068452 0.07741540517389377 1.3012207603146804 1.0 -1.0 -1.0 -1.0 -1.0 
107.44 62.26 17.0 -1.0 336.700337 17.434373042920996 0.06005896694755324 0.10644618211410393 0.5791242442444909 1.0 -1.0 -1.0 -1.0 -1.0 
107.44 62.26 17.0 -1.0 0.5255 111.00641933446589 0.049019518034453494 0.14377146675151697 1.0515669069133038 1.0 -1.0 -1.0 -1.0 -1.0 
107.44 62.26 17.0 -1.0 90.011841919354 0.0 0.23536244866247885 0.029030776940210157 1.8496297101315493 1.0 -1.0 -1.0 -1.0 -1.0 
107.44 62.26 17.0 -1.0 0.03425854448965959 58.283616200657654 0.05021923433847278 0.022118687192541075 1.9659850286044689 1.0 -1.0 -1.0 -1.0 -1.0 
107.44 62.26 17.0 -1.0 0.0016502206479446465 116.56723240131531 0.07701736550890854 0.031795612839277794 5.042744944713997 1.0 -1.0 -1.0 -1.0 -1.0 
107.44 62.26 17.0 -1.0 309.30868547671 174.85084860197296 0.44469762138070534 0.016589015394405805 7.658302161287578 1.0 -1.0 -1.0 -1.0 -1.0 
107.44 62.26 17.0 -1.0 2.46962580232 135.05081545684942 1.7902978599553 0.022118687192541075 170.70512920651288 32.0 172.20427695341493 32.0 2.4696115967041505 135.20043863113392 
107.46 46.64 17.0 -1.0 458.12007798349 34.06030703007292 0.19450415935534654 0.07050331542622468 0.639998071798568 1.0 -1.0 -1.0 -1.0 -1.0 
107.46 46.64 17.0 -1.0 0.02600285345380828 74.89835777645757 0.4699668299660376 0.031795612839277794 2.522087685941313 8.0 -1.0 -1.0 -1.0 -1.0 
107.46 46.64 17.0 -1.0 1.11188112412 43.690708702933584 0.15635774988006867 0.015206597444871989 9.809705415226238 32.0 10.090897730491072 32.0 1.111887589407464 43.717507102282816 
107.46 46.64 17.0 -1.0 3.05756410294 71.48803736223742 0.017081391721641716 0.05114946413275123 1.4365193412692716 4.0 -1.0 -1.0 -1.0 -1.0 
107.46 46.64 17.0 -1.0 0.004252814799581741 142.97607472447484 0.14096617363948857 0.06220880772902178 1.8934914979986655 1.0 -1.0 -1.0 -1.0 -1.0 
107.46 46.64 17.0 -1.0 1.26157618868 22.32794686291304 5.520446398788071 0.09815167441690101 92.82318013042973 8.0 92.992645374943 8.0 1.2615297843391697 22.162347350462817 
107.46 46.64 17.0 -1.0 16.410660100672157 82.76997785204748 9.115825006881918 0.0483846282336836 420.9948417849166 16.0 421.30043674241466 16.0 16.410679866870247 82.77990928163737 
107.46 46.64 17.0 -1.0 2.3236006177 114.12776681802141 4.275265560146548 0.022118687192541075 351.17993519627 32.0 351.1935526740993 32.0 2.3236073805795363 114.15126854484957 
107.46 46.64 17.0 -1.0 2.228545107 0.0 3.513618260187367 0.017971433343939622 373.3806909840741 32.0 8.410433841186949 2.0 6.683694664388896 5.5658863208924885 
107.46 46.64 17.0 -1.0 1.1846817214 214.46411208671228 8.218479555845246 0.01520659744487199 1233.493952364816 32.0 1233.5351342672286 32.0 1.1846774820393573 214.4384202540215 
107.46 46.64 17.0 -1.0 458.12007798349 34.06030703007292 0.19450415935534654 0.07050331542622468 0.639998071798568 1.0 -1.0 -1.0 -1.0 -1.0 
107.46 46.64 17.0 -1.0 0.02600285345380828 74.89835777645757 0.4699668299660376 0.031795612839277794 2.522087685941313 8.0 -1.0 -1.0 -1.0 -1.0 
107.46 46.64 17.0 -1.0 1.11188112412 43.690708702933584 0.15635774988006867 0.015206597444871989 9.809705415226238 32.0 10.090897730491072 32.0 1.111887589407464 43.717507102282816 
107.46 46.64 17.0 -1.0 3.05756410294 71.48803736223742 0.017081391721641716 0.05114946413275123 1.4365193412692716 4.0 -1.0 -1.0 -1.0 -1.0 
107.46 46.64 17.0 -1.0 0.004252814799581741 142.97607472447484 0.14096617363948857 0.06220880772902178 1.8934914979986655 1.0 -1.0 -1.0 -1.0 -1.0 
107.46 46.64 17.0 -1.0 1.26157618868 22.32794686291304 5.520446398788071 0.09815167441690101 92.82318013042973 8.0 92.992645374943 8.0 1.2615297843391697 22.162347350462817 
107.46 46.64 17.0 -1.0 16.410660100672157 82.76997785204748 9.115825006881918 0.0483846282336836 420.9948417849166 16.0 421.30043674241466 16.0 16.410679866870247 82.77990928163737 
107.46 46.64 17.0 -1.0 2.3236006177 114.12776681802141 4.275265560146548 0.022118687192541075 351.17993519627 32.0 351.1935526740993 32.0 2.3236073805795363 114.15126854484957 
107.46 46.64 17.0 -1.0 2.228545107 0.0 3.513618260187367 0.017971433343939622 373.3806909840741 32.0 8.410433841186949 2.0 6.683694664388896 5.5658863208924885 
107.46 46.64 17.0 -1.0 1.1846817214 214.46411208671228 8.218479555845246 0.01520659744487199 1233.493952364816 32.0 1233.5351342672286 32.0 1.1846774820393573 214.4384202540215 
107.47 22.83 17.0 -1.0 0.0017041687807023307 56.558010823197975 0.451196203330497 0.16036048214592277 9.565730250979662 2.0 -1.0 -1.0 -1.0 -1.0 
107.47 22.83 17.0 -1.0 1.106300583096 23.533333239077777 0.3299528205288503 0.02211868719254107 17.73770870833647 16.0 17.789230650481315 16.0 1.10630935523659 23.579118413962725 
107.47 22.83 17.0 -1.0 1.560164141185 120.98213579536946 0.7744420018433865 0.13132970520571263 -0.8850979403754315 8.0 -1.0 -1.0 -1.0 -1.0 
107.47 22.83 17.0 -1.0 144.25758434308975 0.0 0.024942483521495203 0.027648358990676344 1.9484297862775712 1.0 -1.0 -1.0 -1.0 -1.0 
107.47 22.83 17.0 -1.0 16.2084738041 108.33784486995336 0.01320115897880391 0.08985716671969811 0.7275664608056523 2.0 -1.0 -1.0 -1.0 -1.0 
107.47 22.83 17.0 -1.0 1.397584744023887 325.0135346098601 0.3929700353651379 0.04147253848601452 9.841134557429323 8.0 10.067854665804008 8.0 1.3975901917243998 324.94656320701415 
107.47 22.83 17.0 -1.0 2.7845043401976133 279.40957530816655 7.302748574690714 0.03732528463741307 428.40788826107786 32.0 428.7227001266997 32.0 2.784508978947997 279.40749330880294 
107.47 22.83 17.0 -1.0 40.95339554236013 86.78729247007965 2.4787882220953037 0.02903077694021016 104.32009099784179 8.0 104.39316768237632 8.0 40.9533337612326 86.82782660592282 
107.47 22.83 17.0 -1.0 480.01267196822 42.22348049387021 6.862520398279704 0.0483846282336836 -inf 1.0 -1.0 -1.0 -1.0 -1.0 
107.47 22.83 17.0 -1.0 4.37505274487 216.67568973990672 2.4430862186685034 0.017971433343939622 221.40642798415442 32.0 223.247313540371 32.0 4.375063629898554 216.66477478237852 
107.47 22.83 17.0 -1.0 0.0017041687807023307 56.558010823197975 0.451196203330497 0.16036048214592277 9.565730250979662 2.0 -1.0 -1.0 -1.0 -1.0 
107.47 22.83 17.0 -1.0 1.106300583096 23.533333239077777 0.3299528205288503 0.02211868719254107 17.73770870833647 16.0 17.789230650481315 16.0 1.10630935523659 23.579118413962725 
107.47 22.83 17.0 -1.0 1.560164141185 120.98213579536946 0.7744420018433865 0.13132970520571263 -0.8850979403754315 8.0 -1.0 -1.0 -1.0 -1.0 
107.47 22.83 17.0 -1.0 144.25758434308975 0.0 0.024942483521495203 0.027648358990676344 1.9484297862775712 1.0 -1.0 -1.0 -1.0 -1.0 
107.47 22.83 17.0 -1.0 16.2084738041 108.33784486995336 0.01320115897880391 0.08985716671969811 0.7275664608056523 2.0 -1.0 -1.0 -1.0 -1.0 
107.47 22.83 17.0 -1.0 1.397584744023887 325.0135346098601 0.3929700353651379 0.04147253848601452 9.841134557429323 8.0 10.067854665804008 8.0 1.3975901917243998 324.94656320701415 
107.47 22.83 17.0 -1.0 2.7845043401976133 279.40957530816655 7.302748574690714 0.03732528463741307 428.40788826107786 32.0 428.7227001266997 32.0 2.784508978947997 279.40749330880294 
107.47 22.83 17.0 -1.0 40.95339554236013 86.78729247007965 2.4787882220953037 0.02903077694021016 104.32009099784179 8.0 104.39316768237632 8.0 40.9533337612326 86.82782660592282 
107.47 22.83 17.0 -1.0 480.01267196822 42.22348049387021 6.862520398279704 0.0483846282336836 -inf 1.0 -1.0 -1.0 -1.0 -1.0 
107.47 22.83 17.0 -1.0 4.37505274487 216.67568973990672 2.4430862186685034 0.017971433343939622 221.40642798415442 32.0 223.247313540371 32.0 4.375063629898554 216.66477478237852 
107.52 30.81 17.0 -1.0 42.098314271979895 38.01203015940227 0.861377491991735 0.06082638977948796 21.144832166207937 8.0 21.144833579864788 8.0 42.09832695778459 38.0504228482832 
107.52 30.81 17.0 -1.0 1.41052838124 40.551938021230214 0.013065066096061985 0.02073626924300726 0.018664140121246946 16.0 -1.0 -1.0 -1.0 -1.0 
107.52 30.81 17.0 -1.0 2.159594 158.7442413642464 0.5187659910761383 0.04147253848601452 15.672748522891366 8.0 15.898814624420222 8.0 2.1596254858498773 158.6783591119895 
107.52 30.81 17.0 -1.0 3.845941 0.0 0.5985186776815571 0.019353851293473442 46.9233524908729 32.0 -1.0 -1.0 -1.0 -1.0 
107.52 30.81 17.0 -1.0 0.990219925 96.19901026673331 0.061699128249171856 0.026265941041142528 0.9968772619031401 32.0 -1.0 -1.0 -1.0 -1.0 
107.52 30.81 17.0 -1.0 3.5540227404 192.39802053346662 0.04404173165438359 0.052531882082285056 0.9505732671216464 8.0 -1.0 -1.0 -1.0 -1.0 
107.52 30.81 17.0 -1.0 1.10256396094 117.52846378822024 1.4531693580338614 0.026265941041142528 68.83329371620395 32.0 69.3871294148826 32.0 1.102580426959321 117.59199827049223 
107.52 30.81 17.0 -1.0 0.7850721411512 49.67251625233965 1.296615715520493 0.03732528463741307 57.39480039436762 16.0 58.51100881768235 16.0 0.7850758265703918 49.99177895492526 
107.52 30.81 17.0 -1.0 0.13787826135585632 54.17508018921645 3.159002393760121 0.022118687192541075 229.00719311764726 32.0 229.96171320141968 32.0 0.13787939678877592 55.9624570082463 
107.52 30.81 17.0 -1.0 0.03687242328069189 288.59703080019995 3.545316121242136 0.012441761545804354 286.95951497434254 32.0 287.4352010065425 32.0 0.036864851911862694 287.30093209115955 
107.52 30.81 17.0 -1.0 42.098314271979895 38.01203015940227 0.861377491991735 0.06082638977948796 21.144832166207937 8.0 21.144833579864788 8.0 42.09832695778459 38.0504228482832 
107.52 30.81 17.0 -1.0 1.41052838124 40.551938021230214 0.013065066096061985 0.02073626924300726 0.018664140121246946 16.0 -1.0 -1.0 -1.0 -1.0 
107.52 30.81 17.0 -1.0 2.159594 158.7442413642464 0.5187659910761383 0.04147253848601452 15.672748522891366 8.0 15.898814624420222 8.0 2.1596254858498773 158.6783591119895 
107.52 30.81 17.0 -1.0 3.845941 0.0 0.5985186776815571 0.019353851293473442 46.9233524908729 32.0 -1.0 -1.0 -1.0 -1.0 
107.52 30.81 17.0 -1.0 0.990219925 96.19901026673331 0.061699128249171856 0.026265941041142528 0.9968772619031401 32.0 -1.0 -1.0 -1.0 -1.0 
107.52 30.81 17.0 -1.0 3.5540227404 192.39802053346662 0.04404173165438359 0.052531882082285056 0.9505732671216464 8.0 -1.0 -1.0 -1.0 -1.0 
107.52 30.81 17.0 -1.0 1.10256396094 117.52846378822024 1.4531693580338614 0.026265941041142528 68.83329371620395 32.0 69.3871294148826 32.0 1.102580426959321 117.59199827049223 
107.52 30.81 17.0 -1.0 0.7850721411512 49.67251625233965 1.296615715520493 0.03732528463741307 57.39480039436762 16.0 58.51100881768235 16.0 0.7850758265703918 49.99177895492526 
107.52 30.81 17.0 -1.0 0.13787826135585632 54.17508018921645 3.159002393760121 0.022118687192541075 229.00719311764726 32.0 229.96171320141968 32.0 0.13787939678877592 55.9624570082463 
107.52 30.81 17.0 -1.0 0.03687242328069189 288.59703080019995 3.545316121242136 0.012441761545804354 286.95951497434254 32.0 287.4352010065425 32.0 0.036864851911862694 287.30093209115955 
107.53 23.27 17.0 -1.0 0.0634170275807191 134.471742031291 0.2007845414129436 0.012441761545804354 6.877211127861953 32.0 7.1483633007734335 32.0 0.0634220972036322 135.70642829666957 
107.53 23.27 17.0 -1.0 4.021719387173687 126.92733656697827 0.1349624710746827 0.029030776940210157 4.767862422407096 16.0 -1.0 -1.0 -1.0 -1.0 
107.53 23.27 17.0 -1.0 34.31188264149 41.83421399095304 0.021829003142677668 0.04285495643554833 1.4351800768473202 4.0 -1.0 -1.0 -1.0 -1.0 
107.53 23.27 17.0 -1.0 1.956947 56.95540434217213 0.9653803837785302 0.02350110514207489 73.11812157304371 32.0 73.17501976048621 32.0 1.95695974980481 56.974436339317656 
107.53 23.27 17.0 -1.0 0.007348123901005672 139.16675830736546 0.5730279657787807 0.026265941041142528 -0.8337044472044571 1.0 -1.0 -1.0 -1.0 -1.0 
107.53 23.27 17.0 -1.0 2.690125 107.92061550452513 0.6924430145429812 0.03041319488974398 42.03694420375677 16.0 42.036945054500315 16.0 2.6901640618840856 107.87699669220714 
107.53 23.27 17.0 -1.0 435.818755096939 215.84123100905026 0.07015919679774664 0.01520659744487199 0.8545498391459782 1.0 -1.0 -1.0 -1.0 -1.0 
107.53 23.27 17.0 -1.0 0.92121695876 323.7618465135754 0.03113503261046008 0.017971433343939622 2.1234107942527434 4.0 -1.0 -1.0 -1.0 -1.0 
107.53 23.27 17.0 -1.0 24.096386 105.49215881000387 3.690257789846957 0.038707702586946884 152.21328571867855 8.0 152.2132836263661 8.0 24.096395160692435 105.44824629763588 
107.53 23.27 17.0 -1.0 25.560636549613 0.0 3.1156549511556473 0.02073626924300726 263.5278094660492 16.0 -1.0 -1.0 -1.0 -1.0 
107.57 63.05 17.0 -1.0 10.556729942333291 63.83522284683624 0.5512824124502966 0.022118687192541075 35.89611972993786 16.0 35.89612013258402 16.0 10.556747535398852 63.85589579060292 
107.57 63.05 17.0 -1.0 0.258744 81.8560240848139 0.08207132012393885 0.06773847952715704 0.4913006280761601 1.0 -1.0 -1.0 -1.0 -1.0 
107.57 63.05 17.0 -1.0 0.895978140521 44.93070924045775 0.3767537691055851 0.022118687192541075 24.089460980518517 16.0 24.236328285264868 16.0 0.8959735472065707 44.93188229956846 
107.57 63.05 17.0 -1.0 297.619048 21.174441454623746 0.8038786954391718 0.06220880772902178 7.150850104412136 1.0 -1.0 -1.0 -1.0 -1.0 
107.57 63.05 17.0 -1.0 21.324877969630563 0.0 0.01181155919254742 0.017971433343939622 1.6081585279309196 16.0 -1.0 -1.0 -1.0 -1.0 
107.57 63.05 17.0 -1.0 0.04117189346467817 57.75320242901878 0.01050272828912886 0.024883523091608708 3.412564561796045 4.0 -1.0 -1.0 -1.0 -1.0 
107.57 63.05 17.0 -1.0 1.96871632878 115.50640485803756 0.11649482428952802 0.02073626924300726 4.180308022883699 16.0 -1.0 -1.0 -1.0 -1.0 
107.57 63.05 17.0 -1.0 0.004233315846474604 173.25960728705633 0.041529990922548415 0.13962421290291552 2.6024040603523733 1.0 -1.0 -1.0 -1.0 -1.0 
107.57 63.05 17.0 -1.0 9.410971404024096 114.08553399119701 1.0181242461267452 0.013824179495338172 86.2115220669434 16.0 86.78091371449742 16.0 9.410966110105317 114.05007061174244 
107.57 63.05 17.0 -1.0 0.0015192094285283468 38.46747956568307 5.5395482240398 0.006912089747669085 134.19019007035084 4.0 -1.0 -1.0 -1.0 -1.0 
107.59 31.22 17.0 -1.0 1.081093 165.16179088528682 0.07933958947697883 0.1769494975403286 0.3143911301879384 2.0 -1.0 -1.0 -1.0 -1.0 
107.59 31.22 17.0 -1.0 0.671635 20.391754918224937 0.8000005932179063 0.09400442056829957 3.5184161215888565 4.0 -1.0 -1.0 -1.0 -1.0 
107.59 31.22 17.0 -1.0 1.44484514046 95.19008283255421 0.22549416769661745 0.09123958466923193 2.3360975047400347 2.0 -1.0 -1.0 -1.0 -1.0 
107.59 31.22 17.0 -1.0 1.2826628261 190.38016566510842 0.19143802396763943 0.02073626924300726 7.960601419408307 32.0 8.430913053014857 32.0 1.2826603779103607 190.65690597384452 
107.59 31.22 17.0 -1.0 0.90079341918 67.03004032643406 1.9130581571311915 0.013824179495338172 413.43752604513674 32.0 413.6104977161469 32.0 0.9007938691259673 66.99303171692412 
107.59 31.22 17.0 -1.0 1.6245944281 52.37882145661699 8.928840797635175 0.016589015394405805 1023.4017939545325 32.0 1023.5365596874947 32.0 1.6246000692869227 52.42052934949653 
107.59 31.22 17.0 -1.0 0.10180593789662763 90.6205018984982 2.968569730104857 0.005529671798135269 678.8574994167981 32.0 679.1536829158509 32.0 0.10180277361844978 90.06616046535117 
107.59 31.22 17.0 -1.0 2.6781496751 34.300416886257906 2.659760207306633 0.08985716671969811 54.00707436666447 8.0 54.90852256900562 8.0 2.678158731820683 34.20490139021202 
107.59 31.22 17.0 -1.0 34.31709 0.0 7.419711837099714 0.029030776940210157 420.15912117934613 8.0 -1.0 -1.0 -1.0 -1.0 
107.59 31.22 17.0 -1.0 1.04963855904 285.57024849766265 1.27441399212791 0.031795612839277794 76.66357230830444 16.0 76.83836738655769 16.0 1.0496781518061957 285.4793692952311 
107.59 31.22 17.0 -1.0 1.081093 165.16179088528682 0.07933958947697883 0.1769494975403286 0.3143911301879384 2.0 -1.0 -1.0 -1.0 -1.0 
107.59 31.22 17.0 -1.0 0.671635 20.391754918224937 0.8000005932179063 0.09400442056829957 3.5184161215888565 4.0 -1.0 -1.0 -1.0 -1.0 
107.59 31.22 17.0 -1.0 1.44484514046 95.19008283255421 0.22549416769661745 0.09123958466923193 2.3360975047400347 2.0 -1.0 -1.0 -1.0 -1.0 
107.59 31.22 17.0 -1.0 1.2826628261 190.38016566510842 0.19143802396763943 0.02073626924300726 7.960601419408307 32.0 8.430913053014857 32.0 1.2826603779103607 190.65690597384452 
107.59 31.22 17.0 -1.0 0.90079341918 67.03004032643406 1.9130581571311915 0.013824179495338172 413.43752604513674 32.0 413.6104977161469 32.0 0.9007938691259673 66.99303171692412 
107.59 31.22 17.0 -1.0 1.6245944281 52.37882145661699 8.928840797635175 0.016589015394405805 1023.4017939545325 32.0 1023.5365596874947 32.0 1.6246000692869227 52.42052934949653 
107.59 31.22 17.0 -1.0 0.10180593789662763 90.6205018984982 2.968569730104857 0.005529671798135269 678.8574994167981 32.0 679.1536829158509 32.0 0.10180277361844978 90.06616046535117 
107.59 31.22 17.0 -1.0 2.6781496751 34.300416886257906 2.659760207306633 0.08985716671969811 54.00707436666447 8.0 54.90852256900562 8.0 2.678158731820683 34.20490139021202 
107.59 31.22 17.0 -1.0 34.31709 0.0 7.419711837099714 0.029030776940210157 420.15912117934613 8.0 -1.0 -1.0 -1.0 -1.0 
107.59 31.22 17.0 -1.0 1.04963855904 285.57024849766265 1.27441399212791 0.031795612839277794 76.66357230830444 16.0 76.83836738655769 16.0 1.0496781518061957 285.4793692952311 
107.59 47.42 17.0 -1.0 0.012813508674085072 40.32435202382606 0.8292621993569479 0.035942866687879244 2.2838844353671943 4.0 -1.0 -1.0 -1.0 -1.0 
107.59 47.42 17.0 -1.0 0.06312626353260865 171.82689614338858 0.011770829817060192 0.022118687192541075 3.1364914067697534 2.0 -1.0 -1.0 -1.0 -1.0 
107.59 47.42 17.0 -1.0 0.89591729463 66.44761094873273 0.08442919515616988 0.03317803078881161 1.4475272144431712 1.0 -1.0 -1.0 -1.0 -1.0 
107.59 47.42 17.0 -1.0 206.493931730035 8.567078451948394 0.041673692821272146 0.016589015394405805 1.3366954042433399 1.0 -1.0 -1.0 -1.0 -1.0 
107.59 47.42 17.0 -1.0 455.23717843241 105.48479108692123 0.13903185312960864 0.019353851293473442 3.898941195992241 1.0 -1.0 -1.0 -1.0 -1.0 
107.59 47.42 17.0 -1.0 3.36141095625 0.0 0.46383833243561806 0.027648358990676344 25.208815958105053 16.0 -1.0 -1.0 -1.0 -1.0 
107.59 47.42 17.0 -1.0 0.2297634166 70.33022778409851 0.40818880174836447 0.016589015394405805 32.2458680739407 32.0 32.35189734926338 32.0 0.22976867815790078 70.43376144256676 
107.59 47.42 17.0 -1.0 90.27494383297422 140.66045556819702 0.5467310982077168 0.08018024107296139 6.589299514560853 1.0 -1.0 -1.0 -1.0 -1.0 
107.59 47.42 17.0 -1.0 1.18471987824 210.99068335229555 0.17669518803800083 0.11750552571037445 1.6200505754060508 1.0 -1.0 -1.0 -1.0 -1.0 
107.59 47.42 17.0 -1.0 2.194132 89.21578249960051 3.329294667907001 0.008294507697202903 1427.9619795950732 32.0 1427.977802723206 32.0 2.1941256515371306 89.25657700049409 
107.67 31.63 17.0 -1.0 0.0030547733391465414 36.98851574584605 0.030729023168311723 0.027648358990676344 5.604474826897952 1.0 -1.0 -1.0 -1.0 -1.0 
107.67 31.63 17.0 -1.0 4.187917144798 60.13106303068021 0.034415467656731445 0.017971433343939622 1.0841167485652545 1.0 -1.0 -1.0 -1.0 -1.0 
107.67 31.63 17.0 -1.0 2.9854313983 32.071784088262234 0.09747626722828347 0.03456044873834543 1.5977938402842384 16.0 -1.0 -1.0 -1.0 -1.0 
107.67 31.63 17.0 -1.0 0.552365939363323 66.99753310420243 0.016835368321843135 0.03732528463741307 1.9545825106035375 1.0 -1.0 -1.0 -1.0 -1.0 
107.67 31.63 17.0 -1.0 11.41962341762 0.0 0.3022372818537682 0.022118687192541075 18.451822089495543 16.0 -1.0 -1.0 -1.0 -1.0 
107.67 31.63 17.0 -1.0 0.36700149 94.18084261337272 0.028147831624915385 0.035942866687879244 -0.014265347790181616 1.0 -1.0 -1.0 -1.0 -1.0 
107.67 31.63 17.0 -1.0 0.89398205209 188.36168522674544 0.038704260662198064 0.07188573337575849 0.9156287828510676 1.0 -1.0 -1.0 -1.0 -1.0 
107.67 31.63 17.0 -1.0 0.1804812154 282.54252784011817 0.6208394391775598 0.024883523091608708 25.952911628739496 32.0 26.644614292430298 32.0 0.18047406532180807 282.443431302017 
107.67 31.63 17.0 -1.0 231.572028561 22.407863244045775 9.084391234800805 0.04423737438508215 152.06989070955714 2.0 152.06989215338825 2.0 231.57238805045685 22.36474321667709 
107.67 31.63 17.0 -1.0 0.14173287223105083 20.06252572922131 8.477988620070407 0.04147253848601452 154.94540346553725 32.0 157.5453729602209 32.0 0.14172959102628133 21.75755561803427 
107.67 31.63 17.0 -1.0 0.0030547733391465414 36.98851574584605 0.030729023168311723 0.027648358990676344 5.604474826897952 1.0 -1.0 -1.0 -1.0 -1.0 
107.67 31.63 17.0 -1.0 4.187917144798 60.13106303068021 0.034415467656731445 0.017971433343939622 1.0841167485652545 1.0 -1.0 -1.0 -1.0 -1.0 
107.67 31.63 17.0 -1.0 2.9854313983 32.071784088262234 0.09747626722828347 0.03456044873834543 1.5977938402842384 16.0 -1.0 -1.0 -1.0 -1.0 
107.67 31.63 17.0 -1.0 0.552365939363323 66.99753310420243 0.016835368321843135 0.03732528463741307 1.9545825106035375 1.0 -1.0 -1.0 -1.0 -1.0 
107.67 31.63 17.0 -1.0 11.41962341762 0.0 0.3022372818537682 0.022118687192541075 18.451822089495543 16.0 -1.0 -1.0 -1.0 -1.0 
107.67 31.63 17.0 -1.0 0.36700149 94.18084261337272 0.028147831624915385 0.035942866687879244 -0.014265347790181616 1.0 -1.0 -1.0 -1.0 -1.0 
107.67 31.63 17.0 -1.0 0.89398205209 188.36168522674544 0.038704260662198064 0.07188573337575849 0.9156287828510676 1.0 -1.0 -1.0 -1.0 -1.0 
107.67 31.63 17.0 -1.0 0.1804812154 282.54252784011817 0.6208394391775598 0.024883523091608708 25.952911628739496 32.0 26.644614292430298 32.0 0.18047406532180807 282.443431302017 
107.67 31.63 17.0 -1.0 231.572028561 22.407863244045775 9.084391234800805 0.04423737438508215 152.06989070955714 2.0 152.06989215338825 2.0 231.57238805045685 22.36474321667709 
107.67 31.63 17.0 -1.0 0.14173287223105083 20.06252572922131 8.477988620070407 0.04147253848601452 154.94540346553725 32.0 157.5453729602209 32.0 0.14172959102628133 21.75755561803427 
107.69 47.03 17.0 -1.0 0.5038612089543385 28.229101940472603 0.02040003737485031 0.08985716671969811 0.5252139603211152 2.0 -1.0 -1.0 -1.0 -1.0 
107.69 47.03 17.0 -1.0 3.894405558948306 55.75935889667244 0.06022516212684089 0.01520659744487199 3.4573588054808724 16.0 -1.0 -1.0 -1.0 -1.0 
107.69 47.03 17.0 -1.0 1.372129046511402 56.66997508830059 0.024380280832024235 0.052531882082285056 1.5945162199636917 16.0 -1.0 -1.0 -1.0 -1.0 
107.69 47.03 17.0 -1.0 208.68683313306 0.0 0.07664581540072594 0.022118687192541075 0.9678501365837098 1.0 -1.0 -1.0 -1.0 -1.0 
107.69 47.03 17.0 -1.0 1.727116 70.58334341154928 0.03331595487854303 0.019353851293473442 1.434694103101657 4.0 -1.0 -1.0 -1.0 -1.0 
107.69 47.03 17.0 -1.0 39.65695164277959 141.16668682309856 0.5021923433847281 0.026265941041142528 9.908800665915486 2.0 9.908800833953112 2.0 39.656879380345345 141.17111668445494 
107.69 47.03 17.0 -1.0 2.4784478211 156.4565679941572 6.689328722022587 0.02350110514207489 639.8682025376213 32.0 640.0827730445327 32.0 2.4784640118014067 156.4520045836325 
107.69 47.03 17.0 -1.0 426.72398967803736 133.66998608271797 3.062306138100025 0.01382417949533817 92.12042962601795 1.0 92.12043200893626 1.0 426.72424266735715 133.68246963452688 
107.69 47.03 17.0 -1.0 0.015902689822446133 127.52862106941186 2.6837550477380816 0.024883523091608708 22.12244460488754 32.0 -1.0 -1.0 -1.0 -1.0 
107.69 47.03 17.0 -1.0 5.522323557732115 211.75003023464782 1.3137473444842838 0.06635606157762322 29.397084971186164 8.0 29.51895289441045 8.0 5.522330563204984 211.70607606012882 
107.69 47.03 17.0 -1.0 0.5038612089543385 28.229101940472603 0.02040003737485031 0.08985716671969811 0.5252139603211152 2.0 -1.0 -1.0 -1.0 -1.0 
107.69 47.03 17.0 -1.0 3.894405558948306 55.75935889667244 0.06022516212684089 0.01520659744487199 3.4573588054808724 16.0 -1.0 -1.0 -1.0 -1.0 
107.69 47.03 17.0 -1.0 1.372129046511402 56.66997508830059 0.024380280832024235 0.052531882082285056 1.5945162199636917 16.0 -1.0 -1.0 -1.0 -1.0 
107.69 47.03 17.0 -1.0 208.68683313306 0.0 0.07664581540072594 0.022118687192541075 0.9678501365837098 1.0 -1.0 -1.0 -1.0 -1.0 
107.69 47.03 17.0 -1.0 1.727116 70.58334341154928 0.03331595487854303 0.019353851293473442 1.434694103101657 4.0 -1.0 -1.0 -1.0 -1.0 
107.69 47.03 17.0 -1.0 39.65695164277959 141.16668682309856 0.5021923433847281 0.026265941041142528 9.908800665915486 2.0 9.908800833953112 2.0 39.656879380345345 141.17111668445494 
107.69 47.03 17.0 -1.0 2.4784478211 156.4565679941572 6.689328722022587 0.02350110514207489 639.8682025376213 32.0 640.0827730445327 32.0 2.4784640118014067 156.4520045836325 
107.69 47.03 17.0 -1.0 426.72398967803736 133.66998608271797 3.062306138100025 0.01382417949533817 92.12042962601795 1.0 92.12043200893626 1.0 426.72424266735715 133.68246963452688 
107.69 47.03 17.0 -1.0 0.015902689822446133 127.52862106941186 2.6837550477380816 0.024883523091608708 22.12244460488754 32.0 -1.0 -1.0 -1.0 -1.0 
107.69 47.03 17.0 -1.0 5.522323557732115 211.75003023464782 1.3137473444842838 0.06635606157762322 29.397084971186164 8.0 29.51895289441045 8.0 5.522330563204984 211.70607606012882 
107.81 22.83 17.0 -1.0 303.0909794113198 49.990691734356865 0.7143077934856376 0.026265941041142528 -7.672440763978447 1.0 -1.0 -1.0 -1.0 -1.0 
107.81 22.83 17.0 -1.0 0.4626824858612 51.897253345428005 0.1757213303048621 0.06773847952715704 1.5690212444934446 1.0 -1.0 -1.0 -1.0 -1.0 
107.81 22.83 17.0 -1.0 1.06477508236 126.964077455907 0.3083535160415097 0.013824179495338172 34.71368183322937 32.0 35.37116533853335 32.0 1.0647757638556263 127.00340604945586 
107.81 22.83 17.0 -1.0 68.52031135613855 107.70457372373073 0.017211692653778265 0.03041319488974398 1.5716305004146756 2.0 -1.0 -1.0 -1.0 -1.0 
107.81 22.83 17.0 -1.0 0.015902689822446133 323.1137211711922 0.7895683640747891 0.02350110514207489 5.931881145196387 32.0 6.168743708761718 32.0 0.015916157281026244 319.58307275233597 
107.81 22.83 17.0 -1.0 181.488203 94.00318180688049 2.0784126316275735 0.047002210284149776 34.43686706460893 1.0 34.43686624483706 1.0 181.4885763451457 94.01287985652948 
107.81 22.83 17.0 -1.0 0.55671547188 132.10209942472585 3.9405746208593446 0.008294507697202903 807.4382937545622 32.0 807.605467836358 32.0 0.5567017069552094 132.06330270481268 
107.81 22.83 17.0 -1.0 9.029678111028739 24.042065061642862 8.379002485202363 0.031795612839277794 614.5389600516634 32.0 614.5676418075172 32.0 9.029675614632046 24.085108079498404 
107.81 22.83 17.0 -1.0 77.003746 0.0 1.219294488975299 0.0884747487701643 18.43459969701943 2.0 -1.0 -1.0 -1.0 -1.0 
107.81 22.83 17.0 -1.0 12.22911299943848 215.40914744746146 2.2705737545641407 0.01520659744487199 123.46249510964981 16.0 123.51896148068391 16.0 12.229126393018912 215.4503995850929 
107.81 22.83 17.0 -1.0 303.0909794113198 49.990691734356865 0.7143077934856376 0.026265941041142528 -7.672440763978447 1.0 -1.0 -1.0 -1.0 -1.0 
107.81 22.83 17.0 -1.0 0.4626824858612 51.897253345428005 0.1757213303048621 0.06773847952715704 1.5690212444934446 1.0 -1.0 -1.0 -1.0 -1.0 
107.81 22.83 17.0 -1.0 1.06477508236 126.964077455907 0.3083535160415097 0.013824179495338172 34.71368183322937 32.0 35.37116533853335 32.0 1.0647757638556263 127.00340604945586 
107.81 22.83 17.0 -1.0 68.52031135613855 107.70457372373073 0.017211692653778265 0.03041319488974398 1.5716305004146756 2.0 -1.0 -1.0 -1.0 -1.0 
107.81 22.83 17.0 -1.0 0.015902689822446133 323.1137211711922 0.7895683640747891 0.02350110514207489 5.931881145196387 32.0 6.168743708761718 32.0 0.015916157281026244 319.58307275233597 
107.81 22.83 17.0 -1.0 181.488203 94.00318180688049 2.0784126316275735 0.047002210284149776 34.43686706460893 1.0 34.43686624483706 1.0 181.4885763451457 94.01287985652948 
107.81 22.83 17.0 -1.0 0.55671547188 132.10209942472585 3.9405746208593446 0.008294507697202903 807.4382937545622 32.0 807.605467836358 32.0 0.5567017069552094 132.06330270481268 
107.81 22.83 17.0 -1.0 9.029678111028739 24.042065061642862 8.379002485202363 0.031795612839277794 614.5389600516634 32.0 614.5676418075172 32.0 9.029675614632046 24.085108079498404 
107.81 22.83 17.0 -1.0 77.003746 0.0 1.219294488975299 0.0884747487701643 18.43459969701943 2.0 -1.0 -1.0 -1.0 -1.0 
107.81 22.83 17.0 -1.0 12.22911299943848 215.40914744746146 2.2705737545641407 0.01520659744487199 123.46249510964981 16.0 123.51896148068391 16.0 12.229126393018912 215.4503995850929 
107.84 54.79 17.0 -1.0 2.688716547019 5.694324901591839 0.021263402654141617 0.04009012053648069 1.694285801612565 1.0 -1.0 -1.0 -1.0 -1.0 
107.84 54.79 17.0 -1.0 396.4736104785727 36.786847294720786 0.6602098024153881 0.03456044873834543 8.856325547932453 1.0 -1.0 -1.0 -1.0 -1.0 
107.84 54.79 17.0 -1.0 34.52849284047 78.457238130873 0.3705585904209861 0.016589015394405805 14.084147723468641 4.0 14.084147792220701 4.0 34.528541921948396 78.42839815803052 
107.84 54.79 17.0 -1.0 1.2401876291652423 80.24849927541347 0.29177394314817034 0.03317803078881161 8.628209539260753 16.0 8.645625776133807 16.0 1.240186975337565 80.0475650877447 
107.84 54.79 17.0 -1.0 1.04053657139 62.84498310266755 0.027098377862687817 0.01520659744487199 2.2462963630558526 2.0 -1.0 -1.0 -1.0 -1.0 
107.84 54.79 17.0 -1.0 1.268762 125.6899662053351 0.11778964440979335 0.012441761545804354 6.9953431043014405 32.0 7.806787269355078 32.0 1.2687754254632941 125.38423911974171 
107.84 54.79 17.0 -1.0 0.473649743674 45.215202364295465 3.4060673035150404 0.019353851293473442 376.63842990442663 32.0 376.7328282609422 32.0 0.47363452419328195 45.134278165782725 
107.84 54.79 17.0 -1.0 56.538013330516 36.57943810956347 1.0977515282983135 0.2018330206319373 8.097465624926276 2.0 8.259648337034944 2.0 56.53807117293279 36.63365178478329 
107.84 54.79 17.0 -1.0 0.52545515433 0.0 7.440243664430449 0.024883523091608708 408.4162513578717 32.0 6.943650786229617 2.0 7.355023020257553 2.833542126999812 
107.84 54.79 17.0 -1.0 1.491468881773 188.53494930800264 2.0175786941126064 0.017971433343939622 292.415635186551 32.0 294.51860544049373 32.0 1.4914803614374252 188.32935351238038 
107.88 23.27 17.0 -1.0 0.014439721715634837 3.058467871333751 0.04848066371873877 0.019353851293473442 -0.6481610348277861 8.0 -1.0 -1.0 -1.0 -1.0 
107.88 23.27 17.0 -1.0 0.230354542767 68.15554193277423 0.959396654743631 0.031795612839277794 34.23100521018721 16.0 34.51735491387492 16.0 0.23034469146902364 69.21938624528113 
107.88 23.27 17.0 -1.0 1.6115652684995276 167.37867855857024 0.06097875004346691 0.011059343596270537 1.3474211583573632 2.0 -1.0 -1.0 -1.0 -1.0 
107.88 23.27 17.0 -1.0 0.4059835187352174 95.26322559238494 0.016952077231295482 0.013824179495338172 2.9251303192921942 2.0 -1.0 -1.0 -1.0 -1.0 
107.88 23.27 17.0 -1.0 4.1383499949094 214.60786137169248 0.14764438042523004 0.016589015394405805 6.940614203754241 16.0 7.224985672092612 16.0 4.138382792007178 214.64081612023577 
107.88 23.27 17.0 -1.0 2.343694411248 9.593930796394293 7.312845677630025 0.016589015394405805 956.5333533261307 32.0 958.5365036586496 32.0 2.343707213488718 9.613803645177933 
107.88 23.27 17.0 -1.0 456.999686853575 67.57604275715309 2.7248558633521442 0.031795612839277794 42.848773253551116 1.0 42.848773847914046 1.0 456.99998736381536 67.60021931556696 
107.88 23.27 17.0 -1.0 4.187917144798 0.0 1.0597477916820932 0.029030776940210157 61.05951424358586 16.0 -1.0 -1.0 -1.0 -1.0 
107.88 23.27 17.0 -1.0 2.696356492689563 107.30393068584624 2.414561568215107 0.012441761545804354 381.74674948308837 32.0 381.86882799172105 32.0 2.6963486258561415 107.37100702667146 
107.88 23.27 17.0 -1.0 0.014775351287334886 321.9117920575387 1.5886202787100003 0.029030776940210157 7.851682766139336 16.0 10.901876620008139 32.0 0.014764130658780536 321.6070314144787 
107.89 30.81 17.0 -1.0 0.012126025785095123 74.21100491719348 0.05624384561966154 0.02073626924300726 0.09609943989751714 4.0 -1.0 -1.0 -1.0 -1.0 
107.89 30.81 17.0 -1.0 8.947066643690865 0.0 0.1559262706883713 0.008294507697202903 18.470985794046364 32.0 -1.0 -1.0 -1.0 -1.0 
107.89 30.81 17.0 -1.0 1.956947 94.91376799271139 0.6905321738431073 0.09400442056829957 7.113289365861949 4.0 7.336634549794697 4.0 1.956990066294869 94.82246332138658 
107.89 30.81 17.0 -1.0 4.57223191539 284.74130397813417 0.6386758991059545 0.013824179495338172 73.24147253514379 16.0 73.31256648885868 16.0 4.572211764752865 284.669785830374 
107.89 30.81 17.0 -1.0 1.30255755938 10.394097004902386 1.4541736191099401 0.013824179495338174 201.87022995137565 32.0 203.282882509462 32.0 1.3025479953891288 10.423387110035025 
107.89 30.81 17.0 -1.0 0.029709761104364407 120.60000223496331 4.939345061540832 0.10644618211410392 4.934226727242094 8.0 -1.0 -1.0 -1.0 -1.0 
107.89 30.81 17.0 -1.0 0.56775 39.58299955291594 2.634159475634404 0.016589015394405805 317.2011483982741 32.0 317.84858226465093 32.0 0.5677369093367209 39.66958977799737 
107.89 30.81 17.0 -1.0 59.665418222544 92.35083996410532 3.516046463091177 0.02350110514207489 132.0105754920216 8.0 132.01057158077919 8.0 59.665399021469064 92.39371292681531 
107.89 30.81 17.0 -1.0 0.03772946719586941 31.666399642332753 3.723549192047441 0.016589015394405805 105.56067639737954 32.0 -1.0 -1.0 -1.0 -1.0 
107.89 30.81 17.0 -1.0 1.274454 189.82753598542277 8.139375022555022 0.027648358990676344 616.6834786205321 32.0 616.683481147496 32.0 1.2744446091043453 189.84732250898742 
107.89 30.81 17.0 -1.0 0.012126025785095123 74.21100491719348 0.05624384561966154 0.02073626924300726 0.09609943989751714 4.0 -1.0 -1.0 -1.0 -1.0 
107.89 30.81 17.0 -1.0 8.947066643690865 0.0 0.1559262706883713 0.008294507697202903 18.470985794046364 32.0 -1.0 -1.0 -1.0 -1.0 
107.89 30.81 17.0 -1.0 1.956947 94.91376799271139 0.6905321738431073 0.09400442056829957 7.113289365861949 4.0 7.336634549794697 4.0 1.956990066294869 94.82246332138658 
107.89 30.81 17.0 -1.0 4.57223191539 284.74130397813417 0.6386758991059545 0.013824179495338172 73.24147253514379 16.0 73.31256648885868 16.0 4.572211764752865 284.669785830374 
107.89 30.81 17.0 -1.0 1.30255755938 10.394097004902386 1.4541736191099401 0.013824179495338174 201.87022995137565 32.0 203.282882509462 32.0 1.3025479953891288 10.423387110035025 
107.89 30.81 17.0 -1.0 0.029709761104364407 120.60000223496331 4.939345061540832 0.10644618211410392 4.934226727242094 8.0 -1.0 -1.0 -1.0 -1.0 
107.89 30.81 17.0 -1.0 0.56775 39.58299955291594 2.634159475634404 0.016589015394405805 317.2011483982741 32.0 317.84858226465093 32.0 0.5677369093367209 39.66958977799737 
107.89 30.81 17.0 -1.0 59.665418222544 92.35083996410532 3.516046463091177 0.02350110514207489 132.0105754920216 8.0 132.01057158077919 8.0 59.665399021469064 92.39371292681531 
107.89 30.81 17.0 -1.0 0.03772946719586941 31.666399642332753 3.723549192047441 0.016589015394405805 105.56067639737954 32.0 -1.0 -1.0 -1.0 -1.0 
107.89 30.81 17.0 -1.0 1.274454 189.82753598542277 8.139375022555022 0.027648358990676344 616.6834786205321 32.0 616.683481147496 32.0 1.2744446091043453 189.84732250898742 
107.89 55.18 17.0 -1.0 7.108953 178.5378623616557 0.6796467247011048 0.05391430003181887 16.318404498273484 8.0 16.690702933005504 8.0 7.108974386937917 178.41195606788105 
107.89 55.18 17.0 -1.0 0.297885 29.556393968541993 0.01867356005517757 0.056679135930886505 1.303877037749988 1.0 -1.0 -1.0 -1.0 -1.0 
107.89 55.18 17.0 -1.0 1.81104 124.93527089048887 0.1881600642729693 0.013824179495338172 16.140277272856746 32.0 16.55151658073241 32.0 1.811046483150373 124.87824945420601 
107.89 55.18 17.0 -1.0 2.85754146359 187.4029063357333 0.405939064075385 0.005529671798135269 96.85239611128242 32.0 97.31811996934692 32.0 2.8575414035003632 187.31737418130902 
107.89 55.18 17.0 -1.0 0.3967613979300639 179.25006462595792 6.081047529021898 0.03456044873834543 362.5913117415114 16.0 371.297864492854 32.0 0.3967822218934695 179.120341599631 
107.89 55.18 17.0 -1.0 1.1312834366320195 152.1301520879235 5.554877262434196 0.04285495643554833 263.0504858367872 16.0 267.46528027991013 32.0 1.1312901430452864 152.10049346002566 
107.89 55.18 17.0 -1.0 1.899823440035 110.69122560444453 5.679046537189831 0.016589015394405805 694.5097704908255 32.0 694.8213576578213 32.0 1.8998131660434108 110.60934088609983 
107.89 55.18 17.0 -1.0 2.06222270715 62.58008843434478 1.1762700810961417 0.045619792334615966 45.387560454402895 16.0 45.811675371878835 16.0 2.0621882867999375 62.64152059331728 
107.89 55.18 17.0 -1.0 2.85624866482 0.0 1.2832486944265877 0.0884747487701643 11.14576458833846 8.0 -1.0 -1.0 -1.0 -1.0 
107.89 55.18 17.0 -1.0 323.71882 62.46763544524443 1.840460464416752 0.01520659744487199 47.79880780193481 1.0 47.79880714355968 1.0 323.7189957872033 62.43912472710301 
107.89 55.18 17.0 -1.0 7.108953 178.5378623616557 0.6796467247011048 0.05391430003181887 16.318404498273484 8.0 16.690702933005504 8.0 7.108974386937917 178.41195606788105 
107.89 55.18 17.0 -1.0 0.297885 29.556393968541993 0.01867356005517757 0.056679135930886505 1.303877037749988 1.0 -1.0 -1.0 -1.0 -1.0 
107.89 55.18 17.0 -1.0 1.81104 124.93527089048887 0.1881600642729693 0.013824179495338172 16.140277272856746 32.0 16.55151658073241 32.0 1.811046483150373 124.87824945420601 
107.89 55.18 17.0 -1.0 2.85754146359 187.4029063357333 0.405939064075385 0.005529671798135269 96.85239611128242 32.0 97.31811996934692 32.0 2.8575414035003632 187.31737418130902 
107.89 55.18 17.0 -1.0 0.3967613979300639 179.25006462595792 6.081047529021898 0.03456044873834543 362.5913117415114 16.0 371.297864492854 32.0 0.3967822218934695 179.120341599631 
107.89 55.18 17.0 -1.0 1.1312834366320195 152.1301520879235 5.554877262434196 0.04285495643554833 263.0504858367872 16.0 267.46528027991013 32.0 1.1312901430452864 152.10049346002566 
107.89 55.18 17.0 -1.0 1.899823440035 110.69122560444453 5.679046537189831 0.016589015394405805 694.5097704908255 32.0 694.8213576578213 32.0 1.8998131660434108 110.60934088609983 
107.89 55.18 17.0 -1.0 2.06222270715 62.58008843434478 1.1762700810961417 0.045619792334615966 45.387560454402895 16.0 45.811675371878835 16.0 2.0621882867999375 62.64152059331728 
107.89 55.18 17.0 -1.0 2.85624866482 0.0 1.2832486944265877 0.0884747487701643 11.14576458833846 8.0 -1.0 -1.0 -1.0 -1.0 
107.89 55.18 17.0 -1.0 323.71882 62.46763544524443 1.840460464416752 0.01520659744487199 47.79880780193481 1.0 47.79880714355968 1.0 323.7189957872033 62.43912472710301 
107.93 46.64 17.0 -1.0 0.721501 6.989080787822093 0.02269005682628223 0.03041319488974398 0.6442479759671016 2.0 -1.0 -1.0 -1.0 -1.0 
107.93 46.64 17.0 -1.0 0.5141946062 5.019430747617685 0.011000290147540625 0.07603298722435994 1.4237534821374302 2.0 -1.0 -1.0 -1.0 -1.0 
107.93 46.64 17.0 -1.0 10.65420400680119 79.46373065426816 0.01445160196988812 0.08709233082063048 2.91233092250902 4.0 -1.0 -1.0 -1.0 -1.0 
107.93 46.64 17.0 -1.0 22.63768084505762 57.98819150623301 0.016987247418078028 0.02073626924300726 2.9211587355616966 1.0 -1.0 -1.0 -1.0 -1.0 
107.93 46.64 17.0 -1.0 1.11741294517 0.0 0.6707839433124914 0.012441761545804354 57.90917306415303 32.0 -1.0 -1.0 -1.0 -1.0 
107.93 46.64 17.0 -1.0 0.028769252068870422 70.58971595700315 0.19625886500669193 0.03456044873834543 1.1268613163534278 1.0 -1.0 -1.0 -1.0 -1.0 
107.93 46.64 17.0 -1.0 88.63067025815513 141.1794319140063 0.13552306068905184 0.02350110514207489 2.052703625830812 2.0 -1.0 -1.0 -1.0 -1.0 
107.93 46.64 17.0 -1.0 214.987399714593 211.76914787100944 0.014928542255379335 0.02073626924300726 0.7521873875846278 1.0 -1.0 -1.0 -1.0 -1.0 
107.93 46.64 17.0 -1.0 0.1184771105019417 74.10543538360456 5.141278229290026 0.029030776940210157 199.26286939085045 16.0 230.8258322054302 32.0 0.11847684315095346 76.20204362967353 
107.93 46.64 17.0 -1.0 317.594454701573 69.06482560329651 1.2551911571842693 0.019353851293473442 33.95373379893958 1.0 33.95373438386682 1.0 317.5945797314247 69.01699037906685 
107.97 31.22 17.0 -1.0 0.9199421210660356 10.930994057617944 0.29809001901725773 0.05529671798135269 1.8975328331548154 8.0 -1.0 -1.0 -1.0 -1.0 
107.97 31.22 17.0 -1.0 0.010371972211429208 47.72449467423917 0.9761104222351675 0.006912089747669086 6.236043579577174 32.0 -1.0 -1.0 -1.0 -1.0 
107.97 31.22 17.0 -1.0 0.01627232388320557 111.05664581219057 0.4929118702665705 0.006912089747669086 7.794739718771426 32.0 -1.0 -1.0 -1.0 -1.0 
107.97 31.22 17.0 -1.0 424.76748052902826 0.0 0.0948850344852793 0.012441761545804354 0.7481810440321747 1.0 -1.0 -1.0 -1.0 -1.0 
107.97 31.22 17.0 -1.0 0.025529235825387523 93.89949276814589 0.2706096218036255 0.02073626924300726 2.6196088191456814 1.0 -1.0 -1.0 -1.0 -1.0 
107.97 31.22 17.0 -1.0 2.52544914331 187.79898553629178 0.10273091827079031 0.011059343596270537 5.184086907562455 16.0 -1.0 -1.0 -1.0 -1.0 
107.97 31.22 17.0 -1.0 53.955760112361595 281.6984783044377 0.717770489218701 0.02073626924300726 24.983310189762335 1.0 24.983310767117896 1.0 53.95559128373862 281.63384783716 
107.97 31.22 17.0 -1.0 98.52910098448 181.0657185781199 5.032342333122353 0.0566791359308865 98.85038272530343 1.0 98.85038490986727 1.0 98.52907775590818 181.04310232866658 
107.97 31.22 17.0 -1.0 0.72575866505 6.169813656232809 1.3552306068905193 0.017971433343939622 137.84594999319447 32.0 138.3131577516913 32.0 0.7257464555247377 6.274271852642442 
107.97 31.22 17.0 -1.0 147.928994 90.40608229612367 6.838856615578881 0.008294507697202903 383.89488958270243 2.0 383.89488849809436 2.0 147.92894944548607 90.36975426467258 
107.97 31.22 17.0 -1.0 0.9199421210660356 10.930994057617944 0.29809001901725773 0.05529671798135269 1.8975328331548154 8.0 -1.0 -1.0 -1.0 -1.0 
107.97 31.22 17.0 -1.0 0.010371972211429208 47.72449467423917 0.9761104222351675 0.006912089747669086 6.236043579577174 32.0 -1.0 -1.0 -1.0 -1.0 
107.97 31.22 17.0 -1.0 0.01627232388320557 111.05664581219057 0.4929118702665705 0.006912089747669086 7.794739718771426 32.0 -1.0 -1.0 -1.0 -1.0 
107.97 31.22 17.0 -1.0 424.76748052902826 0.0 0.0948850344852793 0.012441761545804354 0.7481810440321747 1.0 -1.0 -1.0 -1.0 -1.0 
107.97 31.22 17.0 -1.0 0.025529235825387523 93.89949276814589 0.2706096218036255 0.02073626924300726 2.6196088191456814 1.0 -1.0 -1.0 -1.0 -1.0 
107.97 31.22 17.0 -1.0 2.52544914331 187.79898553629178 0.10273091827079031 0.011059343596270537 5.184086907562455 16.0 -1.0 -1.0 -1.0 -1.0 
107.97 31.22 17.0 -1.0 53.955760112361595 281.6984783044377 0.717770489218701 0.02073626924300726 24.983310189762335 1.0 24.983310767117896 1.0 53.95559128373862 281.63384783716 
107.97 31.22 17.0 -1.0 98.52910098448 181.0657185781199 5.032342333122353 0.0566791359308865 98.85038272530343 1.0 98.85038490986727 1.0 98.52907775590818 181.04310232866658 
107.97 31.22 17.0 -1.0 0.72575866505 6.169813656232809 1.3552306068905193 0.017971433343939622 137.84594999319447 32.0 138.3131577516913 32.0 0.7257464555247377 6.274271852642442 
107.97 31.22 17.0 -1.0 147.928994 90.40608229612367 6.838856615578881 0.008294507697202903 383.89488958270243 2.0 383.89488849809436 2.0 147.92894944548607 90.36975426467258 
108.04 31.63 17.0 -1.0 0.57110576181 9.140784303432913 0.518049712647163 0.012441761545804354 63.61642886196322 32.0 63.72632418322921 32.0 0.5711020397332808 9.20901191274939 
108.04 31.63 17.0 -1.0 0.78020219833 72.87546022401544 0.02721093559132979 0.06773847952715704 1.0807136792831769 1.0 -1.0 -1.0 -1.0 -1.0 
108.04 31.63 17.0 -1.0 0.002372521102852392 62.815023841273735 0.4130109785949337 0.03317803078881161 6.666305184851665 2.0 -1.0 -1.0 -1.0 -1.0 
108.04 31.63 17.0 -1.0 1.885156 69.19685190678025 0.08800238643601585 0.029030776940210157 2.3443391358207837 8.0 -1.0 -1.0 -1.0 -1.0 
108.04 31.63 17.0 -1.0 76.1140249316119 121.50554744807164 0.507073024129293 0.017971433343939622 17.731388926484748 2.0 17.7313884867257 2.0 76.11379260197282 121.53871766167052 
108.04 31.63 17.0 -1.0 0.04791397311757815 0.0 0.23455085678109414 0.05529671798135269 2.0106110002346638 2.0 -1.0 -1.0 -1.0 -1.0 
108.04 31.63 17.0 -1.0 1.857557562173 92.88486001018872 0.02501150436436709 0.12165277955897591 0.7285971281921587 1.0 -1.0 -1.0 -1.0 -1.0 
108.04 31.63 17.0 -1.0 5.835410715939667 185.76972002037743 0.065250141550055 0.03317803078881161 0.48243419108866403 32.0 -1.0 -1.0 -1.0 -1.0 
108.04 31.63 17.0 -1.0 34.52014365532 92.2438903791553 2.851973688702285 0.019353851293473442 160.7363482467375 8.0 160.76508045167617 8.0 34.520174570692085 92.29251499370817 
108.04 31.63 17.0 -1.0 0.013602334338438445 278.65458003056614 1.3219411484660302 0.04285495643554833 4.7218667630397135 8.0 -1.0 -1.0 -1.0 -1.0 
108.04 31.63 17.0 -1.0 0.57110576181 9.140784303432913 0.518049712647163 0.012441761545804354 63.61642886196322 32.0 63.72632418322921 32.0 0.5711020397332808 9.20901191274939 
108.04 31.63 17.0 -1.0 0.78020219833 72.87546022401544 0.02721093559132979 0.06773847952715704 1.0807136792831769 1.0 -1.0 -1.0 -1.0 -1.0 
108.04 31.63 17.0 -1.0 0.002372521102852392 62.815023841273735 0.4130109785949337 0.03317803078881161 6.666305184851665 2.0 -1.0 -1.0 -1.0 -1.0 
108.04 31.63 17.0 -1.0 1.885156 69.19685190678025 0.08800238643601585 0.029030776940210157 2.3443391358207837 8.0 -1.0 -1.0 -1.0 -1.0 
108.04 31.63 17.0 -1.0 76.1140249316119 121.50554744807164 0.507073024129293 0.017971433343939622 17.731388926484748 2.0 17.7313884867257 2.0 76.11379260197282 121.53871766167052 
108.04 31.63 17.0 -1.0 0.04791397311757815 0.0 0.23455085678109414 0.05529671798135269 2.0106110002346638 2.0 -1.0 -1.0 -1.0 -1.0 
108.04 31.63 17.0 -1.0 1.857557562173 92.88486001018872 0.02501150436436709 0.12165277955897591 0.7285971281921587 1.0 -1.0 -1.0 -1.0 -1.0 
108.04 31.63 17.0 -1.0 5.835410715939667 185.76972002037743 0.065250141550055 0.03317803078881161 0.48243419108866403 32.0 -1.0 -1.0 -1.0 -1.0 
108.04 31.63 17.0 -1.0 34.52014365532 92.2438903791553 2.851973688702285 0.019353851293473442 160.7363482467375 8.0 160.76508045167617 8.0 34.520174570692085 92.29251499370817 
108.04 31.63 17.0 -1.0 0.013602334338438445 278.65458003056614 1.3219411484660302 0.04285495643554833 4.7218667630397135 8.0 -1.0 -1.0 -1.0 -1.0 
108.16 47.03 17.0 -1.0 1.31252674625 6.800848102320315 0.019051448136078133 0.031795612839277794 1.3662873222270333 16.0 -1.0 -1.0 -1.0 -1.0 
108.16 47.03 17.0 -1.0 0.965 50.01239066014017 0.1885504367633259 0.06497364362808941 1.2817553591803357 16.0 -1.0 -1.0 -1.0 -1.0 
108.16 47.03 17.0 -1.0 3.06493262635 69.91271849185284 0.27079663559419814 0.016589015394405805 36.03601567961815 32.0 36.89619511727566 32.0 3.06493651199465 69.92777177703108 
108.16 47.03 17.0 -1.0 0.20754957515789652 23.792505514886766 0.035871990470852655 0.06773847952715704 2.0428557824083624 1.0 -1.0 -1.0 -1.0 -1.0 
108.16 47.03 17.0 -1.0 7.830734887436485 96.99055678232205 0.03368625603969485 0.04285495643554833 1.8219847364547745 8.0 -1.0 -1.0 -1.0 -1.0 
108.16 47.03 17.0 -1.0 7.178854 0.0 0.08105706589434479 0.022118687192541075 1.9369625246396676 8.0 -1.0 -1.0 -1.0 -1.0 
108.16 47.03 17.0 -1.0 0.1257708024780806 69.74531300010342 0.40988428347109684 0.013824179495338172 14.14608046774783 16.0 14.4630874269689 16.0 0.1257528007651369 71.6481366398524 
108.16 47.03 17.0 -1.0 1.6041763185733153 139.49062600020684 0.020856043462141063 0.016589015394405805 2.1546546450891277 4.0 -1.0 -1.0 -1.0 -1.0 
108.16 47.03 17.0 -1.0 30.518193584285445 209.23593900031025 0.010871854470998865 0.04147253848601452 2.2400826581655124 8.0 -1.0 -1.0 -1.0 -1.0 
108.16 47.03 17.0 -1.0 1.07959193868 61.835403514943174 2.927835381106808 0.02350110514207489 209.02267752820876 32.0 209.22686654752292 32.0 1.079600527494525 62.034332994674465 
108.16 47.03 17.0 -1.0 1.31252674625 6.800848102320315 0.019051448136078133 0.031795612839277794 1.3662873222270333 16.0 -1.0 -1.0 -1.0 -1.0 
108.16 47.03 17.0 -1.0 0.965 50.01239066014017 0.1885504367633259 0.06497364362808941 1.2817553591803357 16.0 -1.0 -1.0 -1.0 -1.0 
108.16 47.03 17.0 -1.0 3.06493262635 69.91271849185284 0.27079663559419814 0.016589015394405805 36.03601567961815 32.0 36.89619511727566 32.0 3.06493651199465 69.92777177703108 
108.16 47.03 17.0 -1.0 0.20754957515789652 23.792505514886766 0.035871990470852655 0.06773847952715704 2.0428557824083624 1.0 -1.0 -1.0 -1.0 -1.0 
108.16 47.03 17.0 -1.0 7.830734887436485 96.99055678232205 0.03368625603969485 0.04285495643554833 1.8219847364547745 8.0 -1.0 -1.0 -1.0 -1.0 
108.16 47.03 17.0 -1.0 7.178854 0.0 0.08105706589434479 0.022118687192541075 1.9369625246396676 8.0 -1.0 -1.0 -1.0 -1.0 
108.16 47.03 17.0 -1.0 0.1257708024780806 69.74531300010342 0.40988428347109684 0.013824179495338172 14.14608046774783 16.0 14.4630874269689 16.0 0.1257528007651369 71.6481366398524 
108.16 47.03 17.0 -1.0 1.6041763185733153 139.49062600020684 0.020856043462141063 0.016589015394405805 2.1546546450891277 4.0 -1.0 -1.0 -1.0 -1.0 
108.16 47.03 17.0 -1.0 30.518193584285445 209.23593900031025 0.010871854470998865 0.04147253848601452 2.2400826581655124 8.0 -1.0 -1.0 -1.0 -1.0 
108.16 47.03 17.0 -1.0 1.07959193868 61.835403514943174 2.927835381106808 0.02350110514207489 209.02267752820876 32.0 209.22686654752292 32.0 1.079600527494525 62.034332994674465 
108.27 30.82 17.0 -1.0 0.74293532495 15.078470641117667 0.08625684705825064 0.011059343596270537 2.837811698212492 32.0 -1.0 -1.0 -1.0 -1.0 
108.27 30.82 17.0 -1.0 0.5917848809916929 120.88047692739582 0.08218479555845246 0.10644618211410391 1.781431044333173 2.0 -1.0 -1.0 -1.0 -1.0 
108.27 30.82 17.0 -1.0 0.0034424667000716165 93.9245517589173 0.013922408471454342 0.026265941041142528 6.562742994751162 1.0 -1.0 -1.0 -1.0 -1.0 
108.27 30.82 17.0 -1.0 432.09847591394 12.18632450324966 0.4257580972302213 0.027648358990676344 4.41206381886431 1.0 -1.0 -1.0 -1.0 -1.0 
108.27 30.82 17.0 -1.0 24.539877 0.0 0.42253490018332296 0.01520659744487199 34.0199764666712 16.0 -1.0 -1.0 -1.0 -1.0 
108.27 30.82 17.0 -1.0 5.849949124606 93.58760269431133 0.10195319497075282 0.031795612839277794 1.1288543742008432 4.0 -1.0 -1.0 -1.0 -1.0 
108.27 30.82 17.0 -1.0 1.067 187.17520538862266 0.058705239973426394 0.027648358990676344 1.9231478454885607 4.0 -1.0 -1.0 -1.0 -1.0 
108.27 30.82 17.0 -1.0 2.802302721726 280.762808082934 0.11084202985753976 0.006912089747669086 7.502611065637306 32.0 8.116008132982799 32.0 2.8023047586126877 280.7230664391957 
108.27 30.82 17.0 -1.0 3.6635 271.412471540118 2.34550856781094 0.01520659744487199 267.3539466236024 32.0 267.9480654378033 32.0 3.6635052917214734 271.41285659333914 
108.27 30.82 17.0 -1.0 345.2781364654948 86.00624874067674 7.45567981162441 0.012441761545804354 -inf 1.0 -1.0 -1.0 -1.0 -1.0 
108.27 30.82 17.0 -1.0 0.74293532495 15.078470641117667 0.08625684705825064 0.011059343596270537 2.837811698212492 32.0 -1.0 -1.0 -1.0 -1.0 
108.27 30.82 17.0 -1.0 0.5917848809916929 120.88047692739582 0.08218479555845246 0.10644618211410391 1.781431044333173 2.0 -1.0 -1.0 -1.0 -1.0 
108.27 30.82 17.0 -1.0 0.0034424667000716165 93.9245517589173 0.013922408471454342 0.026265941041142528 6.562742994751162 1.0 -1.0 -1.0 -1.0 -1.0 
108.27 30.82 17.0 -1.0 432.09847591394 12.18632450324966 0.4257580972302213 0.027648358990676344 4.41206381886431 1.0 -1.0 -1.0 -1.0 -1.0 
108.27 30.82 17.0 -1.0 24.539877 0.0 0.42253490018332296 0.01520659744487199 34.0199764666712 16.0 -1.0 -1.0 -1.0 -1.0 
108.27 30.82 17.0 -1.0 5.849949124606 93.58760269431133 0.10195319497075282 0.031795612839277794 1.1288543742008432 4.0 -1.0 -1.0 -1.0 -1.0 
108.27 30.82 17.0 -1.0 1.067 187.17520538862266 0.058705239973426394 0.027648358990676344 1.9231478454885607 4.0 -1.0 -1.0 -1.0 -1.0 
108.27 30.82 17.0 -1.0 2.802302721726 280.762808082934 0.11084202985753976 0.006912089747669086 7.502611065637306 32.0 8.116008132982799 32.0 2.8023047586126877 280.7230664391957 
108.27 30.82 17.0 -1.0 3.6635 271.412471540118 2.34550856781094 0.01520659744487199 267.3539466236024 32.0 267.9480654378033 32.0 3.6635052917214734 271.41285659333914 
108.27 30.82 17.0 -1.0 345.2781364654948 86.00624874067674 7.45567981162441 0.012441761545804354 -inf 1.0 -1.0 -1.0 -1.0 -1.0 
108.27 63.06 17.0 -1.0 232.64926277735 62.00215282447788 0.4732248113273929 0.022118687192541075 11.849186160570397 1.0 11.849186339903028 1.0 232.649229777356 62.034332994674465 
108.27 63.06 17.0 -1.0 127.582438285 50.34787016550205 0.6588429122126874 0.035942866687879244 14.453629027852548 1.0 14.45362859906383 1.0 127.58246157318355 50.3965706873538 
108.27 63.06 17.0 -1.0 0.52545515433 19.047307781850368 0.15084046126215594 0.022118687192541075 1.211938879947628 16.0 -1.0 -1.0 -1.0 -1.0 
108.27 63.06 17.0 -1.0 200.658805294298 79.83440323659656 0.08178831653740397 0.03732528463741307 1.5894867193571653 2.0 -1.0 -1.0 -1.0 -1.0 
108.27 63.06 17.0 -1.0 0.323807374468 37.56409755719816 0.6369134321932862 0.01520659744487199 72.03479492469843 32.0 72.09853933471926 32.0 0.3238104303212216 37.342037316533236 
108.27 63.06 17.0 -1.0 2.65684439046 46.514449731418956 0.0841380609938173 0.016589015394405805 3.3155828323467227 32.0 -1.0 -1.0 -1.0 -1.0 
108.27 63.06 17.0 -1.0 0.07048703518080775 0.0 0.5478653919335791 0.038707702586946884 0.9170630808357377 2.0 -1.0 -1.0 -1.0 -1.0 
108.27 63.06 17.0 -1.0 2.31200008722 57.03924244106673 0.04170249281444947 0.053914300031818865 1.1677780017932646 8.0 -1.0 -1.0 -1.0 -1.0 
108.27 63.06 17.0 -1.0 0.6517418818282498 114.07848488213347 0.013083130433883785 0.009676925646736721 1.7993464107242898 8.0 -1.0 -1.0 -1.0 -1.0 
108.27 63.06 17.0 -1.0 134.6485499129762 171.1177273232002 0.02681901630307897 0.011059343596270537 1.6979451405575072 1.0 -1.0 -1.0 -1.0 -1.0 
108.39 54.79 17.0 -1.0 383.1975942761 18.50427465022245 0.6588429122126874 0.015206597444871992 19.268645610419018 1.0 -1.0 -1.0 -1.0 -1.0 
108.39 54.79 17.0 -1.0 103.26352668931 167.95328560795468 0.02689322988764996 0.03732528463741307 1.8454493748973673 4.0 -1.0 -1.0 -1.0 -1.0 
108.39 54.79 17.0 -1.0 0.005111029685053787 104.67760197002096 0.11934594860975856 0.006912089747669086 4.430634840230971 1.0 -1.0 -1.0 -1.0 -1.0 
108.39 54.79 17.0 -1.0 9.043798163 6.832061163613319 0.918536269531778 0.09400442056829957 12.410472952721591 4.0 12.575050780405197 4.0 9.043772782509526 6.780261518178122 
108.39 54.79 17.0 -1.0 0.23601548 57.690892496015465 0.06131669778825089 0.06220880772902177 0.2341981667975748 2.0 -1.0 -1.0 -1.0 -1.0 
108.39 54.79 17.0 -1.0 0.014439721715634837 0.0 0.025289502973203103 0.035942866687879244 0.1242082413789881 4.0 -1.0 -1.0 -1.0 -1.0 
108.39 54.79 17.0 -1.0 0.060218 62.047029586711695 0.09249038977451977 0.03456044873834543 2.850689440010507 1.0 -1.0 -1.0 -1.0 -1.0 
108.39 54.79 17.0 -1.0 0.443166465253 124.09405917342339 0.05444695511769044 0.05391430003181887 0.688895932216129 2.0 -1.0 -1.0 -1.0 -1.0 
108.39 54.79 17.0 -1.0 0.2517360295781337 69.95881703776254 1.6365202823391307 0.07879782312342758 11.630932966304684 8.0 12.168986414265737 8.0 0.25174813345074654 74.38048083374507 
108.39 54.79 17.0 -1.0 1.636554 186.1410887601351 1.172213991207723 0.03732528463741307 59.43090158378189 16.0 59.43090214112384 16.0 1.6365447663702073 186.1029989840234 
108.39 54.79 17.0 -1.0 383.1975942761 18.50427465022245 0.6588429122126874 0.015206597444871992 19.268645610419018 1.0 -1.0 -1.0 -1.0 -1.0 
108.39 54.79 17.0 -1.0 103.26352668931 167.95328560795468 0.026893229887649958 0.03732528463741307 1.8454493748973673 4.0 -1.0 -1.0 -1.0 -1.0 
108.39 54.79 17.0 -1.0 0.005111029685053786 104.67760197002096 0.11934594860975856 0.006912089747669086 4.430634840230971 1.0 -1.0 -1.0 -1.0 -1.0 
108.39 54.79 17.0 -1.0 9.043798163 6.832061163613319 0.918536269531778 0.09400442056829957 12.41047295272159 4.0 12.575050780405197 4.0 9.043772782509526 6.780261518178122 
108.39 54.79 17.0 -1.0 0.23601548 57.690892496015465 0.06131669778825089 0.06220880772902177 0.2341981667975748 2.0 -1.0 -1.0 -1.0 -1.0 
108.39 54.79 17.0 -1.0 0.014439721715634835 0.0 0.025289502973203103 0.035942866687879244 0.1242082413789881 4.0 -1.0 -1.0 -1.0 -1.0 
108.39 54.79 17.0 -1.0 0.060218 62.047029586711695 0.09249038977451977 0.03456044873834543 2.850689440010507 1.0 -1.0 -1.0 -1.0 -1.0 
108.39 54.79 17.0 -1.0 0.443166465253 124.09405917342339 0.05444695511769044 0.05391430003181887 0.688895932216129 2.0 -1.0 -1.0 -1.0 -1.0 
108.39 54.79 17.0 -1.0 0.2517360295781337 69.95881703776254 1.6365202823391307 0.07879782312342758 11.630932966304682 8.0 12.168986414265737 8.0 0.25174813345074654 74.38048083374507 
108.39 54.79 17.0 -1.0 1.636554 186.1410887601351 1.172213991207723 0.03732528463741307 59.43090158378189 16.0 59.43090214112384 16.0 1.6365447663702073 186.1029989840234 
108.42 31.63 17.0 -1.0 51.532336252286136 76.9743198662489 0.3932416103941603 0.027648358990676348 15.748111222354916 2.0 15.748111168833402 2.0 51.53221233437459 77.01162709453061 
108.42 31.63 17.0 -1.0 2.822961401283 150.15896576120196 0.08922674486302233 0.05391430003181887 1.7356834894104 1.0 -1.0 -1.0 -1.0 -1.0 
108.42 31.63 17.0 -1.0 23.270554003715503 95.01646333828799 0.7317899463156683 0.009676925646736721 77.38827881414677 8.0 77.38827660271579 8.0 23.270573971482616 95.02485918760084 
108.42 31.63 17.0 -1.0 8.96050624775 91.44648061170491 0.13192042178755203 0.01520659744487199 4.746717468726134 8.0 -1.0 -1.0 -1.0 -1.0 
108.42 31.63 17.0 -1.0 292.02 93.94546852031307 0.539601573374205 0.05253188208228506 7.872945368338015 1.0 -1.0 -1.0 -1.0 -1.0 
108.42 31.63 17.0 -1.0 0.01695945003342085 29.438626791515816 0.14581976084928142 0.058061553880420315 1.4351129841588517 2.0 -1.0 -1.0 -1.0 -1.0 
108.42 31.63 17.0 -1.0 1.756384 0.0 0.3550218032003881 0.012441761545804354 36.17899812083397 32.0 -1.0 -1.0 -1.0 -1.0 
108.42 31.63 17.0 -1.0 157.728707 183.05772965694442 0.02974728571317075 0.009676925646736721 2.1398834131865554 1.0 -1.0 -1.0 -1.0 -1.0 
108.42 31.63 17.0 -1.0 2.34798414425 274.58659448541664 0.025324469357735295 0.06497364362808941 2.485778377604096 1.0 -1.0 -1.0 -1.0 -1.0 
108.42 31.63 17.0 -1.0 0.10041202239739296 91.52886482847221 1.1061254389094946 0.03317803078881161 22.041188436198944 16.0 22.728475635576636 16.0 0.10040821507573129 95.73324471935081 
108.42 31.63 17.0 -1.0 51.532336252286136 76.9743198662489 0.3932416103941603 0.027648358990676348 15.748111222354916 2.0 15.748111168833402 2.0 51.53221233437459 77.01162709453061 
108.42 31.63 17.0 -1.0 2.822961401283 150.15896576120196 0.08922674486302233 0.05391430003181887 1.7356834894104 1.0 -1.0 -1.0 -1.0 -1.0 
108.42 31.63 17.0 -1.0 23.270554003715503 95.01646333828799 0.7317899463156683 0.009676925646736721 77.38827881414677 8.0 77.38827660271579 8.0 23.270573971482616 95.02485918760084 
108.42 31.63 17.0 -1.0 8.96050624775 91.44648061170491 0.13192042178755203 0.01520659744487199 4.746717468726134 8.0 -1.0 -1.0 -1.0 -1.0 
108.42 31.63 17.0 -1.0 292.02 93.94546852031307 0.539601573374205 0.05253188208228506 7.872945368338015 1.0 -1.0 -1.0 -1.0 -1.0 
108.42 31.63 17.0 -1.0 0.01695945003342085 29.438626791515816 0.14581976084928142 0.058061553880420315 1.4351129841588517 2.0 -1.0 -1.0 -1.0 -1.0 
108.42 31.63 17.0 -1.0 1.756384 0.0 0.3550218032003881 0.012441761545804354 36.17899812083397 32.0 -1.0 -1.0 -1.0 -1.0 
108.42 31.63 17.0 -1.0 157.728707 183.05772965694442 0.02974728571317075 0.009676925646736721 2.1398834131865554 1.0 -1.0 -1.0 -1.0 -1.0 
108.42 31.63 17.0 -1.0 2.34798414425 274.58659448541664 0.025324469357735295 0.06497364362808941 2.485778377604096 1.0 -1.0 -1.0 -1.0 -1.0 
108.42 31.63 17.0 -1.0 0.10041202239739296 91.52886482847221 1.1061254389094946 0.03317803078881161 22.041188436198944 16.0 22.728475635576636 16.0 0.10040821507573129 95.73324471935081 
108.42 31.63 17.0 -1.0 51.532336252286136 76.9743198662489 0.3932416103941603 0.027648358990676348 15.748111222354916 2.0 15.748111168833402 2.0 51.53221233437459 77.01162709453061 
108.42 31.63 17.0 -1.0 2.822961401283 150.15896576120196 0.08922674486302233 0.05391430003181887 1.7356834894104 1.0 -1.0 -1.0 -1.0 -1.0 
108.42 31.63 17.0 -1.0 23.270554003715503 95.01646333828799 0.7317899463156683 0.009676925646736721 77.38827881414677 8.0 77.38827660271579 8.0 23.270573971482616 95.02485918760084 
108.42 31.63 17.0 -1.0 8.96050624775 91.44648061170491 0.13192042178755203 0.01520659744487199 4.746717468726134 8.0 -1.0 -1.0 -1.0 -1.0 
108.42 31.63 17.0 -1.0 292.02 93.94546852031307 0.539601573374205 0.05253188208228506 7.872945368338015 1.0 -1.0 -1.0 -1.0 -1.0 
108.42 31.63 17.0 -1.0 0.01695945003342085 29.438626791515816 0.14581976084928142 0.058061553880420315 1.4351129841588517 2.0 -1.0 -1.0 -1.0 -1.0 
108.42 31.63 17.0 -1.0 1.756384 0.0 0.3550218032003881 0.012441761545804354 36.17899812083397 32.0 -1.0 -1.0 -1.0 -1.0 
108.42 31.63 17.0 -1.0 157.728707 183.05772965694442 0.02974728571317075 0.009676925646736721 2.1398834131865554 1.0 -1.0 -1.0 -1.0 -1.0 
108.42 31.63 17.0 -1.0 2.34798414425 274.58659448541664 0.025324469357735295 0.06497364362808941 2.485778377604096 1.0 -1.0 -1.0 -1.0 -1.0 
108.42 31.63 17.0 -1.0 0.10041202239739296 91.52886482847221 1.1061254389094946 0.03317803078881161 22.041188436198944 16.0 22.728475635576636 16.0 0.10040821507573129 95.73324471935081 
108.54 47.42 17.0 -1.0 173.6879456649435 29.26327089947264 0.012560585988318855 0.017971433343939622 1.5207040109777739 2.0 -1.0 -1.0 -1.0 -1.0 
108.54 47.42 17.0 -1.0 1.41844 17.978068610302333 0.015000910217817917 0.12441761545804356 1.1584394685773223 8.0 -1.0 -1.0 -1.0 -1.0 
108.54 47.42 17.0 -1.0 0.2896029058 73.06550679192746 0.09115825006881918 0.0967692564673672 0.9230392913514532 1.0 -1.0 -1.0 -1.0 -1.0 
108.54 47.42 17.0 -1.0 0.0010713638166643758 0.0 0.01876408245646434 0.040090120536480686 19.65089562338674 1.0 -1.0 -1.0 -1.0 -1.0 
108.54 47.42 17.0 -1.0 1.285357 137.27583660512641 0.016835368321843135 0.022118687192541075 0.929707794131785 1.0 -1.0 -1.0 -1.0 -1.0 
108.54 47.42 17.0 -1.0 0.03026093571418972 205.91375490768962 0.05112942010191996 0.030413194889743984 1.4098880165936514 2.0 -1.0 -1.0 -1.0 -1.0 
108.54 47.42 17.0 -1.0 0.38977960839 34.69993769571527 9.02184849271757 0.017971433343939622 576.3770364788608 32.0 577.1232147088232 32.0 0.38977911268981796 34.7108910557477 
108.54 47.42 17.0 -1.0 74.77208582554198 68.63791830256321 3.14593521593293 0.045619792334615966 77.08985186044207 2.0 77.08985290709546 2.0 74.7721060179174 68.6121986466383 
108.54 47.42 17.0 -1.0 337.974855 91.49663096858336 2.3536244866247897 0.017971433343939622 71.65956843888976 1.0 71.65956799635143 1.0 337.9750220725934 91.4829315288511 
108.54 47.42 17.0 -1.0 0.3985889090758253 68.63791830256321 1.4381884001221659 0.022118687192541075 102.69077074405418 32.0 103.38432444252787 32.0 0.39860121129701537 68.51100071353117 
108.54 47.42 17.0 -1.0 173.6879456649435 29.26327089947264 0.012560585988318855 0.017971433343939622 1.5207040109777739 2.0 -1.0 -1.0 -1.0 -1.0 
108.54 47.42 17.0 -1.0 1.41844 17.978068610302333 0.015000910217817917 0.12441761545804356 1.1584394685773223 8.0 -1.0 -1.0 -1.0 -1.0 
108.54 47.42 17.0 -1.0 0.2896029058 73.06550679192746 0.09115825006881918 0.0967692564673672 0.9230392913514532 1.0 -1.0 -1.0 -1.0 -1.0 
108.54 47.42 17.0 -1.0 0.0010713638166643758 0.0 0.01876408245646434 0.040090120536480686 19.65089562338674 1.0 -1.0 -1.0 -1.0 -1.0 
108.54 47.42 17.0 -1.0 1.285357 137.27583660512641 0.016835368321843135 0.022118687192541075 0.929707794131785 1.0 -1.0 -1.0 -1.0 -1.0 
108.54 47.42 17.0 -1.0 0.03026093571418972 205.91375490768962 0.05112942010191996 0.030413194889743984 1.4098880165936514 2.0 -1.0 -1.0 -1.0 -1.0 
108.54 47.42 17.0 -1.0 0.38977960839 34.69993769571527 9.02184849271757 0.017971433343939622 576.3770364788608 32.0 577.1232147088232 32.0 0.38977911268981796 34.7108910557477 
108.54 47.42 17.0 -1.0 74.77208582554198 68.63791830256321 3.14593521593293 0.045619792334615966 77.08985186044207 2.0 77.08985290709546 2.0 74.7721060179174 68.6121986466383 
108.54 47.42 17.0 -1.0 337.974855 91.49663096858336 2.3536244866247897 0.017971433343939622 71.65956843888976 1.0 71.65956799635143 1.0 337.9750220725934 91.4829315288511 
108.54 47.42 17.0 -1.0 0.3985889090758253 68.63791830256321 1.4381884001221659 0.022118687192541075 102.69077074405418 32.0 103.38432444252787 32.0 0.39860121129701537 68.51100071353117 
108.58 23.27 17.0 -1.0 1.566010110074 68.171216088785 0.015000910217817917 0.02073626924300726 -4.208701381142417 32.0 -1.0 -1.0 -1.0 -1.0 
108.58 23.27 17.0 -1.0 249.25200211329474 5.575341092763085 0.04237041388009732 0.012441761545804354 0.6831175366707296 1.0 -1.0 -1.0 -1.0 -1.0 
108.58 23.27 17.0 -1.0 0.0011853443605271085 49.73457679339798 0.05084761966519021 0.012441761545804354 8.057749796746828 2.0 -1.0 -1.0 -1.0 -1.0 
108.58 23.27 17.0 -1.0 1.740946263509 80.55734317554844 0.01706959520944684 0.029030776940210157 1.360511768387769 8.0 -1.0 -1.0 -1.0 -1.0 
108.58 23.27 17.0 -1.0 0.217252 230.93316230819826 0.06773031233020205 0.01520659744487199 2.174817122223972 32.0 -1.0 -1.0 -1.0 -1.0 
108.58 23.27 17.0 -1.0 169.233373 0.0 0.5063728905905742 0.03041319488974398 9.403881538391172 2.0 -1.0 -1.0 -1.0 -1.0 
108.58 23.27 17.0 -1.0 3.972847087764 105.58302194420094 0.9287456436412002 0.011059343596270537 94.70161159139332 32.0 94.7016057638253 32.0 3.9728547562845056 105.549444230743 
108.58 23.27 17.0 -1.0 0.67533626251 82.6164180109439 1.3182931674823608 0.01520659744487199 193.6418288401696 32.0 194.01164691565708 32.0 0.6753301325564584 82.67871134853023 
108.58 23.27 17.0 -1.0 0.881912 211.16604388840187 7.814285761242542 0.031795612839277794 529.7976303202165 32.0 529.9881685003361 32.0 0.8819066958191495 211.098888461486 
108.58 23.27 17.0 -1.0 1.41052838124 316.7490658326028 4.735518490918653 0.02073626924300726 503.8534409106211 32.0 503.91877338426434 32.0 1.4105353329796344 316.6483326922291 
108.58 23.27 17.0 -1.0 1.566010110074 68.171216088785 0.015000910217817917 0.02073626924300726 -4.208701381142417 32.0 -1.0 -1.0 -1.0 -1.0 
108.58 23.27 17.0 -1.0 249.25200211329474 5.575341092763085 0.04237041388009732 0.012441761545804354 0.6831175366707296 1.0 -1.0 -1.0 -1.0 -1.0 
108.58 23.27 17.0 -1.0 0.0011853443605271085 49.73457679339798 0.05084761966519021 0.012441761545804354 8.057749796746828 2.0 -1.0 -1.0 -1.0 -1.0 
108.58 23.27 17.0 -1.0 1.740946263509 80.55734317554844 0.01706959520944684 0.029030776940210157 1.360511768387769 8.0 -1.0 -1.0 -1.0 -1.0 
108.58 23.27 17.0 -1.0 0.217252 230.93316230819826 0.06773031233020205 0.01520659744487199 2.174817122223972 32.0 -1.0 -1.0 -1.0 -1.0 
108.58 23.27 17.0 -1.0 169.233373 0.0 0.5063728905905742 0.03041319488974398 9.403881538391172 2.0 -1.0 -1.0 -1.0 -1.0 
108.58 23.27 17.0 -1.0 3.972847087764 105.58302194420094 0.9287456436412002 0.011059343596270537 94.70161159139332 32.0 94.7016057638253 32.0 3.9728547562845056 105.549444230743 
108.58 23.27 17.0 -1.0 0.67533626251 82.6164180109439 1.3182931674823608 0.01520659744487199 193.6418288401696 32.0 194.01164691565708 32.0 0.6753301325564584 82.67871134853023 
108.58 23.27 17.0 -1.0 0.881912 211.16604388840187 7.814285761242542 0.031795612839277794 529.7976303202165 32.0 529.9881685003361 32.0 0.8819066958191495 211.098888461486 
108.58 23.27 17.0 -1.0 1.41052838124 316.7490658326028 4.735518490918653 0.02073626924300726 503.8534409106211 32.0 503.91877338426434 32.0 1.4105353329796344 316.6483326922291 
108.63 47.03 17.0 -1.0 10.70327802628299 37.34442232300513 0.5321972269016211 0.011059343596270537 84.23052039660948 32.0 84.33906053024938 32.0 10.70326713185447 37.342037316533236 
108.63 47.03 17.0 -1.0 0.5723136989 103.41532335601423 0.06684709031242649 0.02073626924300726 1.9592021548835552 32.0 -1.0 -1.0 -1.0 -1.0 
108.63 47.03 17.0 -1.0 48.5438764505726 22.278520898837595 0.7202541156259633 0.013824179495338172 48.17556849473104 8.0 48.17557047302311 8.0 48.54385527626922 22.263545283569954 
108.63 47.03 17.0 -1.0 1.348363959193 76.71416472772277 0.12017329822537279 0.06220880772902178 1.1913038327003815 1.0 -1.0 -1.0 -1.0 -1.0 
108.63 47.03 17.0 -1.0 440.6742226209541 63.694249916713794 0.02632340309205579 0.015206597444871992 1.080241003538964 1.0 -1.0 -1.0 -1.0 -1.0 
108.63 47.03 17.0 -1.0 1.94092353149 0.0 0.06435478712697457 0.06082638977948796 1.6806842216140865 1.0 -1.0 -1.0 -1.0 -1.0 
108.63 47.03 17.0 -1.0 5.75880304823 68.88154930967134 0.016490040495709884 0.027648358990676348 -0.29852427384066704 16.0 -1.0 -1.0 -1.0 -1.0 
108.63 47.03 17.0 -1.0 2.97070677878 206.64464792901404 0.188290098551202 0.038707702586946884 4.61768141275183 16.0 -1.0 -1.0 -1.0 -1.0 
108.63 47.03 17.0 -1.0 0.589071575525134 163.24493189231742 1.346830464451645 0.022118687192541075 116.3083213881363 32.0 116.52565658876215 32.0 0.5890797183383256 163.13106816870348 
108.63 47.03 17.0 -1.0 0.4737149506 137.76309861934268 3.373283214612849 0.029030776940210157 217.03208557468963 32.0 217.04994416584677 32.0 0.47372547366345924 137.7303869588123 
108.72 31.22 17.0 -1.0 180.6894404992171 100.81948937222133 0.06647866174025409 0.027648358990676344 -0.14114826377832734 1.0 -1.0 -1.0 -1.0 -1.0 
108.72 31.22 17.0 -1.0 0.6249554554 56.60329346365558 0.014561842238259048 0.026265941041142528 0.868194964999189 2.0 -1.0 -1.0 -1.0 -1.0 
108.72 31.22 17.0 -1.0 32.7554227003 119.22239589446298 0.8769893096646313 0.03041319488974398 31.7035340985875 4.0 31.77879966161456 4.0 32.755391051371895 119.21116520020638 
108.72 31.22 17.0 -1.0 9.74485168391 182.27901170469957 0.62471159670474 0.016589015394405805 41.60915281126601 16.0 41.652137207827515 16.0 9.744871931616217 182.2574775259522 
108.72 31.22 17.0 -1.0 0.15609261377207204 273.41851755704937 0.21663746911677162 0.04423737438508215 0.03276323679973808 1.0 -1.0 -1.0 -1.0 -1.0 
108.72 31.22 17.0 -1.0 0.7790225779 165.98163832096105 1.4887345990080612 0.045619792334615966 49.92663819524478 16.0 52.45075192668147 16.0 0.7790125285585722 166.16700616191758 
108.72 31.22 17.0 -1.0 4.8391348483 153.02030445537036 1.2277470827878691 0.04700221028414978 35.36317676847501 16.0 35.363177135520935 16.0 4.8391181432331605 153.01127485798986 
108.72 31.22 17.0 -1.0 3.277614 56.05640173936906 1.0308638735915776 0.024883523091608708 90.11598750621752 32.0 90.14245331457404 32.0 3.27760668975922 56.06365494135343 
108.72 31.22 17.0 -1.0 0.4504 0.0 7.197567037875809 0.017971433343939622 589.6057958207177 32.0 17.94436713318568 2.0 2.7003504025439424 8.095834648570891 
108.72 31.22 17.0 -1.0 0.05576009813300303 91.13950585234979 2.244063301440265 0.013824179495338172 151.41958667070455 32.0 153.86571770105013 32.0 0.05575202521868051 95.73324471935081 
108.72 31.22 17.0 -1.0 180.6894404992171 100.81948937222133 0.06647866174025409 0.027648358990676344 -0.14114826377832734 1.0 -1.0 -1.0 -1.0 -1.0 
108.72 31.22 17.0 -1.0 0.6249554554 56.60329346365558 0.014561842238259048 0.026265941041142528 0.868194964999189 2.0 -1.0 -1.0 -1.0 -1.0 
108.72 31.22 17.0 -1.0 32.7554227003 119.22239589446298 0.8769893096646313 0.03041319488974398 31.7035340985875 4.0 31.77879966161456 4.0 32.755391051371895 119.21116520020638 
108.72 31.22 17.0 -1.0 9.74485168391 182.27901170469957 0.62471159670474 0.016589015394405805 41.60915281126601 16.0 41.652137207827515 16.0 9.744871931616217 182.2574775259522 
108.72 31.22 17.0 -1.0 0.15609261377207204 273.41851755704937 0.21663746911677162 0.04423737438508215 0.03276323679973808 1.0 -1.0 -1.0 -1.0 -1.0 
108.72 31.22 17.0 -1.0 0.7790225779 165.98163832096105 1.4887345990080612 0.045619792334615966 49.92663819524478 16.0 52.45075192668147 16.0 0.7790125285585722 166.16700616191758 
108.72 31.22 17.0 -1.0 4.8391348483 153.02030445537036 1.2277470827878691 0.04700221028414978 35.36317676847501 16.0 35.363177135520935 16.0 4.8391181432331605 153.01127485798986 
108.72 31.22 17.0 -1.0 3.277614 56.05640173936906 1.0308638735915776 0.024883523091608708 90.11598750621752 32.0 90.14245331457404 32.0 3.27760668975922 56.06365494135343 
108.72 31.22 17.0 -1.0 0.4504 0.0 7.197567037875809 0.017971433343939622 589.6057958207177 32.0 17.94436713318568 2.0 2.7003504025439424 8.095834648570891 
108.72 31.22 17.0 -1.0 0.05576009813300303 91.13950585234979 2.244063301440265 0.013824179495338172 151.41958667070455 32.0 153.86571770105013 32.0 0.05575202521868051 95.73324471935081 
108.79 31.63 17.0 -1.0 0.020195383324503626 19.627245709445027 0.08061031886448358 0.017971433343939622 0.4482628742317813 4.0 -1.0 -1.0 -1.0 -1.0 
108.79 31.63 17.0 -1.0 1.823423 72.06583183247264 0.6127435210676334 0.052531882082285056 14.277773483152716 8.0 15.535247865581661 8.0 1.823476244074603 72.2553242384952 
108.79 31.63 17.0 -1.0 131.58994005264324 0.0 0.24245908610075242 0.01520659744487199 6.917789838447544 2.0 -1.0 -1.0 -1.0 -1.0 
108.79 31.63 17.0 -1.0 0.35970198286 46.970029387430515 1.2456887461733006 0.017971433343939622 144.96368257996983 32.0 145.53602266828094 32.0 0.3597051545511931 47.05703889481831 
108.79 31.63 17.0 -1.0 1.37333511678 11.505626795191912 2.1263402654141625 0.005529671798135269 468.91034983702536 32.0 468.95594549867036 32.0 1.3733369996771216 11.53656437421352 
108.79 31.63 17.0 -1.0 0.0027483727270493745 115.8142857172494 4.313834568975224 0.022118687192541075 67.55052401978844 16.0 -1.0 -1.0 -1.0 -1.0 
108.79 31.63 17.0 -1.0 7.481282565107 101.4390202390214 6.67547921863847 0.02073626924300726 678.1963870986665 32.0 678.2142945533546 32.0 7.481291201353694 101.40032897335043 
108.79 31.63 17.0 -1.0 1.51644671422 90.2311861373521 1.6207684425645388 0.031795612839277794 111.78637750544013 16.0 111.87692412561091 16.0 1.5164308327560625 90.06616046535117 
108.79 31.63 17.0 -1.0 1.7493147466976 180.4623722747042 6.466675494927621 0.01382417949533817 819.4370922036687 32.0 819.6183663893328 32.0 1.7493221093900504 180.43591473002377 
108.79 31.63 17.0 -1.0 1.451168 270.6935584120563 4.242899708697526 0.04285495643554833 160.3803332574555 16.0 160.88497089069998 16.0 1.4511897461488843 270.50207519537497 
108.79 31.63 17.0 -1.0 0.020195383324503626 19.627245709445027 0.08061031886448358 0.017971433343939622 0.4482628742317813 4.0 -1.0 -1.0 -1.0 -1.0 
108.79 31.63 17.0 -1.0 1.823423 72.06583183247264 0.6127435210676334 0.052531882082285056 14.277773483152716 8.0 15.535247865581661 8.0 1.823476244074603 72.2553242384952 
108.79 31.63 17.0 -1.0 131.58994005264324 0.0 0.24245908610075242 0.01520659744487199 6.917789838447544 2.0 -1.0 -1.0 -1.0 -1.0 
108.79 31.63 17.0 -1.0 0.35970198286 46.970029387430515 1.2456887461733006 0.017971433343939622 144.96368257996983 32.0 145.53602266828094 32.0 0.3597051545511931 47.05703889481831 
108.79 31.63 17.0 -1.0 1.37333511678 11.505626795191912 2.1263402654141625 0.005529671798135269 468.91034983702536 32.0 468.95594549867036 32.0 1.3733369996771216 11.53656437421352 
108.79 31.63 17.0 -1.0 0.0027483727270493745 115.8142857172494 4.313834568975224 0.022118687192541075 67.55052401978844 16.0 -1.0 -1.0 -1.0 -1.0 
108.79 31.63 17.0 -1.0 7.481282565107 101.4390202390214 6.67547921863847 0.02073626924300726 678.1963870986665 32.0 678.2142945533546 32.0 7.481291201353694 101.40032897335043 
108.79 31.63 17.0 -1.0 1.51644671422 90.2311861373521 1.6207684425645388 0.031795612839277794 111.78637750544013 16.0 111.87692412561091 16.0 1.5164308327560625 90.06616046535117 
108.79 31.63 17.0 -1.0 1.7493147466976 180.4623722747042 6.466675494927621 0.01382417949533817 819.4370922036687 32.0 819.6183663893328 32.0 1.7493221093900504 180.43591473002377 
108.79 31.63 17.0 -1.0 1.451168 270.6935584120563 4.242899708697526 0.04285495643554833 160.3803332574555 16.0 160.88497089069998 16.0 1.4511897461488843 270.50207519537497 
108.82 62.26 17.0 -1.0 1.131361918741 97.53398040627218 0.04939345061540832 0.009676925646736721 1.6795184790647226 16.0 -1.0 -1.0 -1.0 -1.0 
108.82 62.26 17.0 -1.0 2.384268 112.46439203249473 0.052056102296164884 0.02073626924300726 2.1247797809582294 8.0 -1.0 -1.0 -1.0 -1.0 
108.82 62.26 17.0 -1.0 25.27732384023036 69.0894133423716 0.18699378944626133 0.013824179495338174 6.805289837258998 4.0 7.020154701726919 4.0 25.277404347434643 69.11818831217398 
108.82 62.26 17.0 -1.0 0.002105325873277225 65.23310131091297 0.03783186800653004 0.026265941041142528 2.5580718392848887 1.0 -1.0 -1.0 -1.0 -1.0 
108.82 62.26 17.0 -1.0 0.019556066824271988 80.94842600548552 0.4251702380677985 0.04009012053648069 2.4400184499111517 4.0 -1.0 -1.0 -1.0 -1.0 
108.82 62.26 17.0 -1.0 337.5806768113 0.0 0.014302618068135337 0.011059343596270537 1.7541449292730849 1.0 -1.0 -1.0 -1.0 -1.0 
108.82 62.26 17.0 -1.0 2.5399895670752706 56.872070800228336 0.3530650961031626 0.019353851293473442 23.318157710456976 16.0 24.26259053342576 16.0 2.539976170131316 56.873238406210525 
108.82 62.26 17.0 -1.0 230.264772211776 113.74414160045667 0.12252051704249856 0.08294507697202903 2.395699066884233 1.0 -1.0 -1.0 -1.0 -1.0 
108.82 62.26 17.0 -1.0 1.097249 170.61621240068501 0.14431648135339925 0.05391430003181887 1.4500229926131052 2.0 -1.0 -1.0 -1.0 -1.0 
108.82 62.26 17.0 -1.0 1.69722951782 74.63499480353997 3.6270701532042704 0.012441761545804354 599.404109567036 32.0 599.4235200683291 32.0 1.6972383794685206 74.68407463306647 
108.82 62.26 17.0 -1.0 1.131361918741 97.53398040627218 0.04939345061540832 0.009676925646736721 1.6795184790647226 16.0 -1.0 -1.0 -1.0 -1.0 
108.82 62.26 17.0 -1.0 2.384268 112.46439203249473 0.052056102296164884 0.02073626924300726 2.1247797809582294 8.0 -1.0 -1.0 -1.0 -1.0 
108.82 62.26 17.0 -1.0 25.27732384023036 69.0894133423716 0.18699378944626133 0.013824179495338174 6.805289837258998 4.0 7.020154701726919 4.0 25.277404347434643 69.11818831217398 
108.82 62.26 17.0 -1.0 0.002105325873277225 65.23310131091297 0.03783186800653004 0.026265941041142528 2.5580718392848887 1.0 -1.0 -1.0 -1.0 -1.0 
108.82 62.26 17.0 -1.0 0.019556066824271988 80.94842600548552 0.4251702380677985 0.04009012053648069 2.4400184499111517 4.0 -1.0 -1.0 -1.0 -1.0 
108.82 62.26 17.0 -1.0 337.5806768113 0.0 0.014302618068135337 0.011059343596270537 1.7541449292730849 1.0 -1.0 -1.0 -1.0 -1.0 
108.82 62.26 17.0 -1.0 2.5399895670752706 56.872070800228336 0.3530650961031626 0.019353851293473442 23.318157710456976 16.0 24.26259053342576 16.0 2.539976170131316 56.873238406210525 
108.82 62.26 17.0 -1.0 230.264772211776 113.74414160045667 0.12252051704249856 0.08294507697202903 2.395699066884233 1.0 -1.0 -1.0 -1.0 -1.0 
108.82 62.26 17.0 -1.0 1.097249 170.61621240068501 0.14431648135339925 0.05391430003181887 1.4500229926131052 2.0 -1.0 -1.0 -1.0 -1.0 
108.82 62.26 17.0 -1.0 1.69722951782 74.63499480353997 3.6270701532042704 0.012441761545804354 599.404109567036 32.0 599.4235200683291 32.0 1.6972383794685206 74.68407463306647 
108.86 46.64 17.0 -1.0 0.00200154586452612 135.3684857400536 0.010767210665768977 0.09400442056829957 3.5307000116495035 1.0 -1.0 -1.0 -1.0 -1.0 
108.86 46.64 17.0 -1.0 0.002361643206703525 36.755271082349715 0.030729023168311723 0.040090120536480686 3.2199060976214966 1.0 -1.0 -1.0 -1.0 -1.0 
108.86 46.64 17.0 -1.0 11.80601087935 86.38211826605068 0.1515716791297884 0.01520659744487199 5.12176858434367 8.0 -1.0 -1.0 -1.0 -1.0 
108.86 46.64 17.0 -1.0 0.8088689253376612 182.26812899858862 0.0959396654743631 0.017971433343939622 3.221518309084088 32.0 -1.0 -1.0 -1.0 -1.0 
108.86 46.64 17.0 -1.0 0.07762846674327009 133.13713707400873 0.016040596785870796 0.09400442056829957 3.4079406941368435 2.0 -1.0 -1.0 -1.0 -1.0 
108.86 46.64 17.0 -1.0 2.720413 0.0 0.014541736191099393 0.011059343596270537 0.9086924814564025 16.0 -1.0 -1.0 -1.0 -1.0 
108.86 46.64 17.0 -1.0 2.322167512743 68.86189911043935 0.5049755222753033 0.04147253848601452 14.554632482420597 16.0 14.740887607465902 16.0 2.322182505546759 69.01699037906685 
108.86 46.64 17.0 -1.0 0.0660949178643933 137.7237982208787 0.08842898893257327 0.049767046183217416 0.6645032072499719 4.0 -1.0 -1.0 -1.0 -1.0 
108.86 46.64 17.0 -1.0 0.021936961375717958 83.07641653857684 5.49002038959374 0.02211868719254108 96.74165043121603 32.0 -1.0 -1.0 -1.0 -1.0 
108.86 46.64 17.0 -1.0 1.097574 206.58569733131804 6.7543406209846255 0.05529671798135268 212.06692300130243 32.0 214.2703699308938 32.0 1.0975782060995698 206.44378353855777 
108.98 63.06 17.0 -1.0 0.37894085316342085 79.43538759981797 0.22056385992731903 0.053914300031818865 2.0222144504465964 2.0 -1.0 -1.0 -1.0 -1.0 
108.98 63.06 17.0 -1.0 1.09547088700836 51.48089162320118 0.5035820100870974 0.03041319488974398 28.182476285403034 16.0 28.229839224773613 16.0 1.095456051795433 51.5097479515323 
108.98 63.06 17.0 -1.0 1.783016910711755 130.40924483408415 0.023699406694277465 0.019353851293473442 0.7158080016818433 1.0 -1.0 -1.0 -1.0 -1.0 
108.98 63.06 17.0 -1.0 6.08182071422559 74.58475861233973 0.08655531263517098 0.03456044873834543 2.4359118400277433 1.0 -1.0 -1.0 -1.0 -1.0 
108.98 63.06 17.0 -1.0 3.8306868647 0.0 0.68910250457794 0.013824179495338172 76.17712621494013 32.0 -1.0 -1.0 -1.0 -1.0 
108.98 63.06 17.0 -1.0 0.644521 56.331520610679426 0.02142560496361263 0.03456044873834543 0.640255309441972 16.0 -1.0 -1.0 -1.0 -1.0 
108.98 63.06 17.0 -1.0 1.70507182893 168.99456183203827 0.021470056302420146 0.008294507697202903 0.5815076186982208 1.0 -1.0 -1.0 -1.0 -1.0 
108.98 63.06 17.0 -1.0 0.020475734791956413 59.49203496837431 8.373215895525812 0.03456044873834543 61.172728120266186 32.0 -1.0 -1.0 -1.0 -1.0 
108.98 63.06 17.0 -1.0 0.503880543511 49.740073554524315 3.8784559734588844 0.024883523091608708 337.69364385213146 32.0 338.6267786758541 32.0 0.5038903812722614 49.688185155603854 
108.98 63.06 17.0 -1.0 0.290249 112.66304122135885 4.755188273662871 0.026265941041142528 338.5200671490614 16.0 362.7008884377518 32.0 0.29025007582580054 112.5321016151354 
109.09 31.23 17.0 -1.0 148.97357630521714 40.26515042676533 0.01326515323629946 0.21150994627867403 1.5355063997284593 1.0 -1.0 -1.0 -1.0 -1.0 
109.09 31.23 17.0 -1.0 2.1232239202884653 45.173561262446036 0.5624384561966157 0.0967692564673672 2.3995460174705294 4.0 -1.0 -1.0 -1.0 -1.0 
109.09 31.23 17.0 -1.0 0.35829128584 43.312680231336316 0.012009030582047301 0.013824179495338172 2.4299685038100254 8.0 -1.0 -1.0 -1.0 -1.0 
109.09 31.23 17.0 -1.0 0.07691825299412015 95.36341052179652 0.8519086722719443 0.08018024107296139 2.8677005252496217 2.0 -1.0 -1.0 -1.0 -1.0 
109.09 31.23 17.0 -1.0 3.65 32.17436333498395 0.07148014396731045 0.031795612839277794 0.7323335151604726 1.0 -1.0 -1.0 -1.0 -1.0 
109.09 31.23 17.0 -1.0 19.1744057 0.0 0.7059677766783636 0.011059343596270537 80.72596342900619 16.0 -1.0 -1.0 -1.0 -1.0 
109.09 31.23 17.0 -1.0 7.4105926469105015 89.88864458969113 0.5746136488224568 0.008294507697202903 97.81922744195344 32.0 98.10229160828634 32.0 7.410593146535879 89.86376459913691 
109.09 31.23 17.0 -1.0 1.53598 179.77728917938225 0.014491592444290994 0.027648358990676344 0.9802304053143005 4.0 -1.0 -1.0 -1.0 -1.0 
109.09 31.23 17.0 -1.0 60.247214842403466 110.73590599618115 2.176876461507807 0.017971433343939622 93.31718557472195 8.0 93.31718904937998 8.0 60.24723309868326 110.71053881920696 
109.09 31.23 17.0 -1.0 337.5806768113 269.6659337690734 8.178831653740398 0.02073626924300726 117.63936806604995 1.0 117.63936663967075 1.0 337.5811502337456 269.59129379741074 
109.27 23.27 17.0 -1.0 6.327395203976 16.394177742919663 0.1898575371148436 0.022118687192541075 6.162966827614895 8.0 -1.0 -1.0 -1.0 -1.0 
109.27 23.27 17.0 -1.0 0.0015122439257254244 78.2421377617914 0.01125395386653212 0.04700221028414978 5.123441083683949 2.0 -1.0 -1.0 -1.0 -1.0 
109.27 23.27 17.0 -1.0 2.5194409506 86.59330725113581 0.11860620515744331 0.01520659744487199 7.703763659144805 16.0 8.099500077205494 16.0 2.5194215898712478 86.62543073970855 
109.27 23.27 17.0 -1.0 317.594454701573 44.2211373328754 0.06068457403490339 0.04285495643554833 0.2242586704069471 1.0 -1.0 -1.0 -1.0 -1.0 
109.27 23.27 17.0 -1.0 0.167294222511 150.50594754966096 0.892884079763517 0.03456044873834543 30.08278101986927 16.0 30.37256888038706 16.0 0.1672863921461006 151.99929552691847 
109.27 23.27 17.0 -1.0 1.51644671422 38.39688997683815 0.0713321523620373 0.03456044873834543 1.3563887252017566 1.0 -1.0 -1.0 -1.0 -1.0 
109.27 23.27 17.0 -1.0 0.001894156969853322 102.71013988186321 0.14441621606364385 0.02350110514207489 4.564447299338541 2.0 -1.0 -1.0 -1.0 -1.0 
109.27 23.27 17.0 -1.0 2.0093066356617597 0.0 2.052727181469265 0.03317803078881161 94.17216506380697 32.0 -1.0 -1.0 -1.0 -1.0 
109.27 23.27 17.0 -1.0 0.047475613789974204 205.42027976372643 8.105706589434478 0.027648358990676348 222.46748020871595 16.0 269.7916362327655 32.0 0.04747562343254686 209.98571119730755 
109.27 23.27 17.0 -1.0 1.28377920873 308.13041964558965 2.3358063980337582 0.008294507697202903 520.5754184075566 32.0 521.205647505699 32.0 1.2837820880425475 307.9453104450153 
109.27 23.27 17.0 -1.0 6.327395203976 16.394177742919663 0.1898575371148436 0.022118687192541075 6.162966827614895 8.0 -1.0 -1.0 -1.0 -1.0 
109.27 23.27 17.0 -1.0 0.0015122439257254244 78.2421377617914 0.01125395386653212 0.04700221028414978 5.123441083683949 2.0 -1.0 -1.0 -1.0 -1.0 
109.27 23.27 17.0 -1.0 2.5194409506 86.59330725113581 0.11860620515744331 0.01520659744487199 7.703763659144805 16.0 8.099500077205494 16.0 2.5194215898712478 86.62543073970855 
109.27 23.27 17.0 -1.0 317.594454701573 44.2211373328754 0.06068457403490339 0.04285495643554833 0.2242586704069471 1.0 -1.0 -1.0 -1.0 -1.0 
109.27 23.27 17.0 -1.0 0.167294222511 150.50594754966096 0.892884079763517 0.03456044873834543 30.08278101986927 16.0 30.37256888038706 16.0 0.1672863921461006 151.99929552691847 
109.27 23.27 17.0 -1.0 1.51644671422 38.39688997683815 0.0713321523620373 0.03456044873834543 1.3563887252017566 1.0 -1.0 -1.0 -1.0 -1.0 
109.27 23.27 17.0 -1.0 0.001894156969853322 102.71013988186321 0.14441621606364385 0.02350110514207489 4.564447299338541 2.0 -1.0 -1.0 -1.0 -1.0 
109.27 23.27 17.0 -1.0 2.0093066356617597 0.0 2.052727181469265 0.03317803078881161 94.17216506380697 32.0 -1.0 -1.0 -1.0 -1.0 
109.27 23.27 17.0 -1.0 0.047475613789974204 205.42027976372643 8.105706589434478 0.027648358990676348 222.46748020871595 16.0 269.7916362327655 32.0 0.04747562343254686 209.98571119730755 
109.27 23.27 17.0 -1.0 1.28377920873 308.13041964558965 2.3358063980337582 0.008294507697202903 520.5754184075566 32.0 521.205647505699 32.0 1.2837820880425475 307.9453104450153 
109.38 30.82 17.0 -1.0 0.0021443838166475015 73.59538575605488 0.10394453964744334 0.005529671798135269 8.058302074346273 2.0 -1.0 -1.0 -1.0 -1.0 
109.38 30.82 17.0 -1.0 2.990292674144 41.405801186593855 0.05077741257035857 0.038707702586946884 2.0214754034953546 4.0 -1.0 -1.0 -1.0 -1.0 
109.38 30.82 17.0 -1.0 432.900433 43.98526706194299 0.036120668183612085 0.022118687192541075 0.8348098928184287 1.0 -1.0 -1.0 -1.0 -1.0 
109.38 30.82 17.0 -1.0 2.3276183091028506 57.12442136450262 0.042811767312641295 0.06082638977948796 0.7877645671893089 8.0 -1.0 -1.0 -1.0 -1.0 
109.38 30.82 17.0 -1.0 0.008092602993038956 41.271454005586094 0.4322784408305817 0.013824179495338172 1.0783818378624126 8.0 -1.0 -1.0 -1.0 -1.0 
109.38 30.82 17.0 -1.0 253.87611788892752 0.0 0.1192635275774957 0.04147253848601452 1.267958773148274 2.0 -1.0 -1.0 -1.0 -1.0 
109.38 30.82 17.0 -1.0 0.1833307411310544 179.11166171955526 0.1213412322060191 0.06082638977948796 -0.05043771566121368 16.0 -1.0 -1.0 -1.0 -1.0 
109.38 30.82 17.0 -1.0 411.32080042890203 268.6674925793329 0.314159151265845 0.017971433343939622 2.1417148737845206 1.0 -1.0 -1.0 -1.0 -1.0 
109.38 30.82 17.0 -1.0 0.0010762985944082135 89.7439169131885 2.5324469357735295 0.03041319488974398 9.293981431672904 4.0 -1.0 -1.0 -1.0 -1.0 
109.38 30.82 17.0 -1.0 15.3936498245 89.55583085977763 6.996558801565783 0.013824179495338172 569.3416216518161 32.0 569.4120513339136 32.0 15.393652574857699 89.5601707998155 
109.38 30.82 17.0 -1.0 0.0021443838166475015 73.59538575605488 0.10394453964744334 0.005529671798135269 8.058302074346273 2.0 -1.0 -1.0 -1.0 -1.0 
109.38 30.82 17.0 -1.0 2.990292674144 41.405801186593855 0.05077741257035857 0.038707702586946884 2.0214754034953546 4.0 -1.0 -1.0 -1.0 -1.0 
109.38 30.82 17.0 -1.0 432.900433 43.98526706194299 0.036120668183612085 0.022118687192541075 0.8348098928184287 1.0 -1.0 -1.0 -1.0 -1.0 
109.38 30.82 17.0 -1.0 2.3276183091028506 57.12442136450262 0.042811767312641295 0.06082638977948796 0.7877645671893089 8.0 -1.0 -1.0 -1.0 -1.0 
109.38 30.82 17.0 -1.0 0.008092602993038956 41.271454005586094 0.4322784408305817 0.013824179495338172 1.0783818378624126 8.0 -1.0 -1.0 -1.0 -1.0 
109.38 30.82 17.0 -1.0 253.87611788892752 0.0 0.1192635275774957 0.04147253848601452 1.267958773148274 2.0 -1.0 -1.0 -1.0 -1.0 
109.38 30.82 17.0 -1.0 0.1833307411310544 179.11166171955526 0.1213412322060191 0.06082638977948796 -0.05043771566121368 16.0 -1.0 -1.0 -1.0 -1.0 
109.38 30.82 17.0 -1.0 411.32080042890203 268.6674925793329 0.314159151265845 0.017971433343939622 2.1417148737845206 1.0 -1.0 -1.0 -1.0 -1.0 
109.38 30.82 17.0 -1.0 0.0010762985944082135 89.7439169131885 2.5324469357735295 0.03041319488974398 9.293981431672904 4.0 -1.0 -1.0 -1.0 -1.0 
109.38 30.82 17.0 -1.0 15.3936498245 89.55583085977763 6.996558801565783 0.013824179495338172 569.3416216518161 32.0 569.4120513339136 32.0 15.393652574857699 89.5601707998155 
109.55 22.84 17.0 -1.0 0.0016053407386059828 24.78051596321797 0.01897264203540806 0.02350110514207489 8.019998757225533 2.0 -1.0 -1.0 -1.0 -1.0 
109.55 22.84 17.0 -1.0 0.42507580559144637 48.8547718680047 0.11481694855213496 0.04285495643554833 1.0983202352376638 4.0 -1.0 -1.0 -1.0 -1.0 
109.55 22.84 17.0 -1.0 1.721620624335 4.728871695583107 0.07440243664430446 0.019353851293473442 3.0580270419172404 32.0 -1.0 -1.0 -1.0 -1.0 
109.55 22.84 17.0 -1.0 0.001196289069091772 36.111383857180094 0.01424345544956313 0.016589015394405805 8.211227351156069 4.0 -1.0 -1.0 -1.0 -1.0 
109.55 22.84 17.0 -1.0 93.65557044574072 0.0 0.07627605773872714 0.06082638977948796 1.9399438380452654 4.0 -1.0 -1.0 -1.0 -1.0 
109.55 22.84 17.0 -1.0 1.32119257131 102.34629455440582 0.1486679050845533 0.009676925646736721 11.338091271192766 16.0 12.331947015810726 16.0 1.3211926367754738 102.20991243820751 
109.55 22.84 17.0 -1.0 9.98 204.69258910881163 0.0451196203330497 0.012441761545804354 0.16110515173217307 32.0 -1.0 -1.0 -1.0 -1.0 
109.55 22.84 17.0 -1.0 28.107357409599 307.03888366321746 0.014774641499094882 0.029030776940210154 -1.0380044292528166 4.0 -1.0 -1.0 -1.0 -1.0 
109.55 22.84 17.0 -1.0 0.13787826135585632 46.5517499383376 1.5646580610990843 0.008294507697202903 498.44419751439165 32.0 498.6863970335508 32.0 0.13787939678877592 47.15823682792545 
109.55 22.84 17.0 -1.0 28.354764879225186 108.54910028497586 9.358303370348239 0.013824179495338172 2089.981951460718 16.0 2089.9905246263343 16.0 28.354770620353523 108.5853822239571 
109.55 22.84 17.0 -1.0 0.0016053407386059828 24.78051596321797 0.01897264203540806 0.02350110514207489 8.019998757225533 2.0 -1.0 -1.0 -1.0 -1.0 
109.55 22.84 17.0 -1.0 0.42507580559144637 48.8547718680047 0.11481694855213496 0.04285495643554833 1.0983202352376638 4.0 -1.0 -1.0 -1.0 -1.0 
109.55 22.84 17.0 -1.0 1.721620624335 4.728871695583107 0.07440243664430446 0.019353851293473442 3.0580270419172404 32.0 -1.0 -1.0 -1.0 -1.0 
109.55 22.84 17.0 -1.0 0.001196289069091772 36.111383857180094 0.01424345544956313 0.016589015394405805 8.211227351156069 4.0 -1.0 -1.0 -1.0 -1.0 
109.55 22.84 17.0 -1.0 93.65557044574072 0.0 0.07627605773872714 0.06082638977948796 1.9399438380452654 4.0 -1.0 -1.0 -1.0 -1.0 
109.55 22.84 17.0 -1.0 1.32119257131 102.34629455440582 0.1486679050845533 0.009676925646736721 11.338091271192766 16.0 12.331947015810726 16.0 1.3211926367754738 102.20991243820751 
109.55 22.84 17.0 -1.0 9.98 204.69258910881163 0.0451196203330497 0.012441761545804354 0.16110515173217307 32.0 -1.0 -1.0 -1.0 -1.0 
109.55 22.84 17.0 -1.0 28.107357409599 307.03888366321746 0.014774641499094882 0.029030776940210154 -1.0380044292528166 4.0 -1.0 -1.0 -1.0 -1.0 
109.55 22.84 17.0 -1.0 0.13787826135585632 46.5517499383376 1.5646580610990843 0.008294507697202903 498.44419751439165 32.0 498.6863970335508 32.0 0.13787939678877592 47.15823682792545 
109.55 22.84 17.0 -1.0 28.354764879225186 108.54910028497586 9.358303370348239 0.013824179495338172 2089.981951460718 16.0 2089.9905246263343 16.0 28.354770620353523 108.5853822239571 
109.57 47.03 17.0 -1.0 2.384268 55.79422430672299 0.19236604356197162 0.04147253848601452 2.536605680588372 16.0 -1.0 -1.0 -1.0 -1.0 
109.57 47.03 17.0 -1.0 1.5391817877438576 97.91674947802017 0.14959514248507325 0.008294507697202903 45.34986361157437 16.0 45.475753689966794 16.0 1.5391682003003857 97.9595992477078 
109.57 47.03 17.0 -1.0 0.7856437126 156.9527168787101 0.015853312189492447 0.1354769590543141 0.21942820084153675 1.0 -1.0 -1.0 -1.0 -1.0 
109.57 47.03 17.0 -1.0 170.940171 100.85646681789082 0.018712301773143755 0.009676925646736721 2.7290834644612376 1.0 -1.0 -1.0 -1.0 -1.0 
109.57 47.03 17.0 -1.0 107.00689556931746 118.0115296505606 0.08984529718025532 0.024883523091608708 2.2679122495341235 4.0 -1.0 -1.0 -1.0 -1.0 
109.57 47.03 17.0 -1.0 4.16400754519 0.0 0.01066357407839711 0.02350110514207489 0.2992243881492788 32.0 -1.0 -1.0 -1.0 -1.0 
109.57 47.03 17.0 -1.0 0.1841751755304833 134.22024512039533 0.5846240640937591 0.10091651031596865 2.6348892962402353 4.0 -1.0 -1.0 -1.0 -1.0 
109.57 47.03 17.0 -1.0 3.1411201226 164.84565658576005 2.760858218615919 0.029030776940210157 187.68980571424478 16.0 198.6122055267814 32.0 3.1411218515131627 164.8514330315248 
109.57 47.03 17.0 -1.0 251.55343502438237 67.11012256019767 9.210780431878309 0.009676925646736721 14.252905022304274 2.0 -1.0 -1.0 -1.0 -1.0 
109.57 47.03 17.0 -1.0 7.43980984068 201.33036768059299 7.450530874157712 0.04700221028414978 293.58274311113007 16.0 293.6523987957015 16.0 7.43978792646279 201.28268895009379 
109.57 47.03 17.0 -1.0 2.384268 55.79422430672299 0.19236604356197162 0.04147253848601452 2.536605680588372 16.0 -1.0 -1.0 -1.0 -1.0 
109.57 47.03 17.0 -1.0 1.5391817877438576 97.91674947802017 0.14959514248507325 0.008294507697202903 45.34986361157437 16.0 45.475753689966794 16.0 1.5391682003003857 97.9595992477078 
109.57 47.03 17.0 -1.0 0.7856437126 156.9527168787101 0.015853312189492447 0.1354769590543141 0.21942820084153675 1.0 -1.0 -1.0 -1.0 -1.0 
109.57 47.03 17.0 -1.0 170.940171 100.85646681789082 0.018712301773143755 0.009676925646736721 2.7290834644612376 1.0 -1.0 -1.0 -1.0 -1.0 
109.57 47.03 17.0 -1.0 107.00689556931746 118.0115296505606 0.08984529718025532 0.024883523091608708 2.2679122495341235 4.0 -1.0 -1.0 -1.0 -1.0 
109.57 47.03 17.0 -1.0 4.16400754519 0.0 0.01066357407839711 0.02350110514207489 0.2992243881492788 32.0 -1.0 -1.0 -1.0 -1.0 
109.57 47.03 17.0 -1.0 0.1841751755304833 134.22024512039533 0.5846240640937591 0.10091651031596865 2.6348892962402353 4.0 -1.0 -1.0 -1.0 -1.0 
109.57 47.03 17.0 -1.0 3.1411201226 164.84565658576005 2.760858218615919 0.029030776940210157 187.68980571424478 16.0 198.6122055267814 32.0 3.1411218515131627 164.8514330315248 
109.57 47.03 17.0 -1.0 251.55343502438237 67.11012256019767 9.210780431878309 0.009676925646736721 14.252905022304274 2.0 -1.0 -1.0 -1.0 -1.0 
109.57 47.03 17.0 -1.0 7.43980984068 201.33036768059299 7.450530874157712 0.04700221028414978 293.58274311113007 16.0 293.6523987957015 16.0 7.43978792646279 201.28268895009379 
109.57 55.18 17.0 -1.0 340.8525546358 63.299362722855285 0.025659070741590535 0.019353851293473442 0.8238969251513993 1.0 -1.0 -1.0 -1.0 -1.0 
109.57 55.18 17.0 -1.0 1.60840489547 17.13040133064996 0.7653998783070953 0.012441761545804354 129.8721151507799 32.0 129.9865719856546 32.0 1.6084110635953646 17.10245069510601 
109.57 55.18 17.0 -1.0 107.031649219533 39.53725539183767 0.014511629160490114 0.0967692564673672 2.318453737625573 1.0 -1.0 -1.0 -1.0 -1.0 
109.57 55.18 17.0 -1.0 4.43356543891 53.41504887489587 0.11084202985753976 0.02626594104114253 3.026000797745316 32.0 -1.0 -1.0 -1.0 -1.0 
109.57 55.18 17.0 -1.0 267.47267670678 120.45491062248168 0.8542660740342586 0.016589015394405805 24.535714663033023 1.0 24.53571522471171 1.0 267.47293304651976 120.42554039749201 
109.57 55.18 17.0 -1.0 1.651523 180.6823659337225 0.11199662113640256 0.024883523091608708 1.870361334076256 16.0 -1.0 -1.0 -1.0 -1.0 
109.57 55.18 17.0 -1.0 3.8174542497 175.24328281080517 1.9303166773129514 0.03456044873834543 128.94823049689987 16.0 129.03116741113874 16.0 3.817452428241571 175.27482014155981 
109.57 55.18 17.0 -1.0 414.95962743561 56.52309637370577 5.407210755959561 0.04147253848601452 77.78246333154102 1.0 77.78246298669761 1.0 414.95950426906353 56.569644606889106 
109.57 55.18 17.0 -1.0 0.009504760465857926 0.0 1.6230093886464123 0.038707702586946884 3.062291145038102 8.0 -1.0 -1.0 -1.0 -1.0 
109.57 55.18 17.0 -1.0 0.5850663857353 60.22745531124084 3.654738309850336 0.03456044873834543 194.4794060125922 16.0 197.1289298927709 32.0 0.5850779416505247 60.51636399806742 
109.79 46.65 17.0 -1.0 0.009161673065653934 53.91641404686533 0.016174128236432772 0.04285495643554833 -0.044419708498838244 16.0 -1.0 -1.0 -1.0 -1.0 
109.79 46.65 17.0 -1.0 1.656619194687437 116.46992354784015 0.4709418621680498 0.045619792334615966 13.314466493503721 8.0 13.44244649091375 8.0 1.6566142827893298 116.27642514009945 
109.79 46.65 17.0 -1.0 0.262366005364999 61.546855019143884 0.017211692653778265 0.11612310776084063 -0.06832977481909838 1.0 -1.0 -1.0 -1.0 -1.0 
109.79 46.65 17.0 -1.0 5.336766 106.66510889480676 0.5299957990657957 0.011059343596270537 53.31204935516264 32.0 53.43699543066602 32.0 5.336763327553248 106.66262149492151 
109.79 46.65 17.0 -1.0 0.011370441049641454 33.19946481078451 0.1980294006121784 0.06773847952715704 -0.44551464257821316 4.0 -1.0 -1.0 -1.0 -1.0 
109.79 46.65 17.0 -1.0 14.231684340911109 134.2071755177014 0.1094722212882365 0.022118687192541075 2.1493151431000017 32.0 -1.0 -1.0 -1.0 -1.0 
109.79 46.65 17.0 -1.0 7.59822533 68.91556582614639 5.566401871967792 0.016589015394405805 589.4491599752413 32.0 589.567203278943 32.0 7.598221903511634 68.91579244595971 
109.79 46.65 17.0 -1.0 1.19451732928 0.0 7.202541156259633 0.12441761545804356 48.7574206719783 8.0 -1.0 -1.0 -1.0 -1.0 
109.79 46.65 17.0 -1.0 0.05811466173687161 67.1035877588507 1.6940370024467943 0.11474068981130682 0.24519627550395476 2.0 -1.0 -1.0 -1.0 -1.0 
109.79 46.65 17.0 -1.0 1.273166302706 201.31076327655208 7.197567037875809 0.09262200261876574 162.15173925660798 16.0 162.70308376465601 32.0 1.2731713165218632 201.28268895009379 
109.79 46.65 17.0 -1.0 0.009161673065653934 53.91641404686533 0.016174128236432772 0.04285495643554833 -0.044419708498838244 16.0 -1.0 -1.0 -1.0 -1.0 
109.79 46.65 17.0 -1.0 1.656619194687437 116.46992354784015 0.4709418621680498 0.045619792334615966 13.314466493503721 8.0 13.44244649091375 8.0 1.6566142827893298 116.27642514009945 
109.79 46.65 17.0 -1.0 0.262366005364999 61.546855019143884 0.017211692653778265 0.11612310776084063 -0.06832977481909838 1.0 -1.0 -1.0 -1.0 -1.0 
109.79 46.65 17.0 -1.0 5.336766 106.66510889480676 0.5299957990657957 0.011059343596270537 53.31204935516264 32.0 53.43699543066602 32.0 5.336763327553248 106.66262149492151 
109.79 46.65 17.0 -1.0 0.011370441049641454 33.19946481078451 0.1980294006121784 0.06773847952715704 -0.44551464257821316 4.0 -1.0 -1.0 -1.0 -1.0 
109.79 46.65 17.0 -1.0 14.231684340911109 134.2071755177014 0.1094722212882365 0.022118687192541075 2.1493151431000017 32.0 -1.0 -1.0 -1.0 -1.0 
109.79 46.65 17.0 -1.0 7.59822533 68.91556582614639 5.566401871967792 0.016589015394405805 589.4491599752413 32.0 589.567203278943 32.0 7.598221903511634 68.91579244595971 
109.79 46.65 17.0 -1.0 1.19451732928 0.0 7.202541156259633 0.12441761545804356 48.7574206719783 8.0 -1.0 -1.0 -1.0 -1.0 
109.79 46.65 17.0 -1.0 0.05811466173687161 67.1035877588507 1.6940370024467943 0.11474068981130682 0.24519627550395476 2.0 -1.0 -1.0 -1.0 -1.0 
109.79 46.65 17.0 -1.0 1.273166302706 201.31076327655208 7.197567037875809 0.09262200261876574 162.15173925660798 16.0 162.70308376465601 32.0 1.2731713165218632 201.28268895009379 
109.79 46.65 17.0 -1.0 0.009161673065653934 53.91641404686533 0.016174128236432772 0.04285495643554833 -0.044419708498838244 16.0 -1.0 -1.0 -1.0 -1.0 
109.79 46.65 17.0 -1.0 1.656619194687437 116.46992354784015 0.4709418621680498 0.045619792334615966 13.314466493503721 8.0 13.44244649091375 8.0 1.6566142827893298 116.27642514009945 
109.79 46.65 17.0 -1.0 0.262366005364999 61.546855019143884 0.017211692653778265 0.11612310776084063 -0.06832977481909838 1.0 -1.0 -1.0 -1.0 -1.0 
109.79 46.65 17.0 -1.0 5.336766 106.66510889480676 0.5299957990657957 0.011059343596270537 53.31204935516264 32.0 53.43699543066602 32.0 5.336763327553248 106.66262149492151 
109.79 46.65 17.0 -1.0 0.011370441049641454 33.19946481078451 0.1980294006121784 0.06773847952715704 -0.44551464257821316 4.0 -1.0 -1.0 -1.0 -1.0 
109.79 46.65 17.0 -1.0 14.231684340911109 134.2071755177014 0.1094722212882365 0.022118687192541075 2.1493151431000017 32.0 -1.0 -1.0 -1.0 -1.0 
109.79 46.65 17.0 -1.0 7.59822533 68.91556582614639 5.566401871967792 0.016589015394405805 589.4491599752413 32.0 589.567203278943 32.0 7.598221903511634 68.91579244595971 
109.79 46.65 17.0 -1.0 1.19451732928 0.0 7.202541156259633 0.12441761545804356 48.7574206719783 8.0 -1.0 -1.0 -1.0 -1.0 
109.79 46.65 17.0 -1.0 0.05811466173687161 67.1035877588507 1.6940370024467943 0.11474068981130682 0.24519627550395476 2.0 -1.0 -1.0 -1.0 -1.0 
109.79 46.65 17.0 -1.0 1.273166302706 201.31076327655208 7.197567037875809 0.09262200261876574 162.15173925660798 16.0 162.70308376465601 32.0 1.2731713165218632 201.28268895009379 
11.62 46.49 17.0 -1.0 0.07762846674327009 89.27782710032218 0.07819686083637166 0.06497364362808941 2.741258334263543 1.0 -1.0 -1.0 -1.0 -1.0 
11.62 46.49 17.0 -1.0 8.5060296211735 124.03450008138559 0.296651961793641 0.009676925646736721 28.06699806978847 16.0 28.97669642711013 16.0 8.506018881841253 124.06866598934893 
11.62 46.49 17.0 -1.0 0.860775494718 71.67438262416184 0.9815200824138256 0.11612310776084063 5.821333983599323 4.0 -1.0 -1.0 -1.0 -1.0 
11.62 46.49 17.0 -1.0 0.09590201474650421 58.48305466632301 0.5663374845755553 0.009676925646736721 43.758007500598 32.0 44.10846873940148 32.0 0.09589105805692574 61.12355159671024 
11.62 46.49 17.0 -1.0 285.714286 85.2258833590065 0.671247510893932 0.04423737438508215 11.88964959524793 1.0 -1.0 -1.0 -1.0 -1.0 
11.62 46.49 17.0 -1.0 0.965804 0.0 0.11762700810961424 0.06635606157762322 1.4705249197897594 4.0 -1.0 -1.0 -1.0 -1.0 
11.62 46.49 17.0 -1.0 0.8353120365798042 75.02849161002871 0.44901952542089446 0.03041319488974398 15.417017478868832 16.0 -1.0 -1.0 -1.0 -1.0 
11.62 46.49 17.0 -1.0 0.562778 225.08547483008613 0.04207870893270233 0.027648358990676344 0.6278707797999008 1.0 -1.0 -1.0 -1.0 -1.0 
11.62 46.49 17.0 -1.0 44.485070760068666 41.50991254992287 1.1300699081019756 0.009676925646736721 100.41771883556967 8.0 100.4177127460321 8.0 44.485083587157234 41.491152573925824 
11.62 46.49 17.0 -1.0 26.95704408708913 150.05698322005742 7.113530673419467 0.02350110514207489 354.8369740158573 8.0 355.1349486385608 8.0 26.957059162668887 150.0765347978829 
11.62 46.49 17.0 -1.0 0.07762846674327009 89.27782710032218 0.07819686083637166 0.06497364362808941 2.741258334263543 1.0 -1.0 -1.0 -1.0 -1.0 
11.62 46.49 17.0 -1.0 8.5060296211735 124.03450008138559 0.296651961793641 0.009676925646736721 28.06699806978847 16.0 28.97669642711013 16.0 8.506018881841253 124.06866598934893 
11.62 46.49 17.0 -1.0 0.860775494718 71.67438262416184 0.9815200824138256 0.11612310776084063 5.821333983599323 4.0 -1.0 -1.0 -1.0 -1.0 
11.62 46.49 17.0 -1.0 0.09590201474650421 58.48305466632301 0.5663374845755553 0.009676925646736721 43.758007500598 32.0 44.10846873940148 32.0 0.09589105805692574 61.12355159671024 
11.62 46.49 17.0 -1.0 285.714286 85.2258833590065 0.671247510893932 0.04423737438508215 11.88964959524793 1.0 -1.0 -1.0 -1.0 -1.0 
11.62 46.49 17.0 -1.0 0.965804 0.0 0.11762700810961424 0.06635606157762322 1.4705249197897594 4.0 -1.0 -1.0 -1.0 -1.0 
11.62 46.49 17.0 -1.0 0.8353120365798042 75.02849161002871 0.44901952542089446 0.03041319488974398 15.417017478868832 16.0 -1.0 -1.0 -1.0 -1.0 
11.62 46.49 17.0 -1.0 0.562778 225.08547483008613 0.04207870893270233 0.027648358990676344 0.6278707797999008 1.0 -1.0 -1.0 -1.0 -1.0 
11.62 46.49 17.0 -1.0 44.485070760068666 41.50991254992287 1.1300699081019756 0.009676925646736721 100.41771883556967 8.0 100.4177127460321 8.0 44.485083587157234 41.491152573925824 
11.62 46.49 17.0 -1.0 26.95704408708913 150.05698322005742 7.113530673419467 0.02350110514207489 354.8369740158573 8.0 355.1349486385608 8.0 26.957059162668887 150.0765347978829 
11.78 47.27 17.0 -1.0 389.2522148936672 49.521574311711255 0.01466279023623301 0.09400442056829957 1.2440208062612066 1.0 -1.0 -1.0 -1.0 -1.0 
11.78 47.27 17.0 -1.0 3.467948675 48.63642858083401 0.5120011389792241 0.11059343596270539 2.824576880593274 2.0 -1.0 -1.0 -1.0 -1.0 
11.78 47.27 17.0 -1.0 1.2401876291652423 39.948024433012606 0.09903747970956538 0.031795612839277794 0.6552459691465862 8.0 -1.0 -1.0 -1.0 -1.0 
11.78 47.27 17.0 -1.0 146.2601621011809 115.72115765784643 0.1530447660565306 0.02073626924300726 3.2312577845999724 1.0 -1.0 -1.0 -1.0 -1.0 
11.78 47.27 17.0 -1.0 1.4700494122265049 176.05082720974303 0.022209288899663372 0.008294507697202903 1.4277135775638097 16.0 -1.0 -1.0 -1.0 -1.0 
11.78 47.27 17.0 -1.0 0.65083398554 0.0 0.2871744609815035 0.011059343596270537 12.776152396345415 32.0 -1.0 -1.0 -1.0 -1.0 
11.78 47.27 17.0 -1.0 0.011422814107753584 77.6365979214175 0.044870942982718154 0.056679135930886505 -0.31330075379887906 8.0 -1.0 -1.0 -1.0 -1.0 
11.78 47.27 17.0 -1.0 2.757601 232.9097937642525 0.22440633014402636 0.03317803078881161 5.738747671010389 8.0 -1.0 -1.0 -1.0 -1.0 
11.78 47.27 17.0 -1.0 0.6960691594487 131.84012728329526 3.448686884309825 0.008294507697202903 694.1857045002297 32.0 694.5021303284634 32.0 0.6960666117568811 131.96210477170553 
11.78 47.27 17.0 -1.0 3.383137785416 155.273195842835 1.4145394419656847 0.027648358990676344 84.37887084303043 16.0 84.95345066204122 16.0 3.383138391654939 155.23762938634687 
110.15 54.41 17.0 -1.0 79.45162290069 92.03914553909742 0.2968569730104857 0.05944397182995413 1.6452790367626318 2.0 -1.0 -1.0 -1.0 -1.0 
110.15 54.41 17.0 -1.0 0.004556311895246632 105.34449150024628 0.011007892264361814 0.027648358990676344 4.579076783057734 1.0 -1.0 -1.0 -1.0 -1.0 
110.15 54.41 17.0 -1.0 2.50506 67.13888374712329 0.01760858963650668 0.016589015394405805 1.1236459304553623 4.0 -1.0 -1.0 -1.0 -1.0 
110.15 54.41 17.0 -1.0 1.1510060470512 149.90569752709803 0.042224309503161146 0.006912089747669086 1.4666276248594594 4.0 -1.0 -1.0 -1.0 -1.0 
110.15 54.41 17.0 -1.0 0.026607250597988085 60.00909078282701 0.07917532577300838 0.022118687192541075 0.36021746954415973 1.0 -1.0 -1.0 -1.0 -1.0 
110.15 54.41 17.0 -1.0 3.5852282245022074 120.01818156565402 0.035575836090715574 0.011059343596270537 2.5962446014373195 2.0 -1.0 -1.0 -1.0 -1.0 
110.15 54.41 17.0 -1.0 378.308788360098 180.02727234848103 0.1152142376713014 0.04423737438508215 0.5848948889973349 1.0 -1.0 -1.0 -1.0 -1.0 
110.15 54.41 17.0 -1.0 1.0851949736698 35.46891954460523 3.7467728600716743 0.013824179495338172 601.9440858145407 32.0 602.2504243619148 32.0 1.085209078155458 35.52047452060479 
110.15 54.41 17.0 -1.0 2.8307527983 20.309107231631824 5.667288709535706 0.016589015394405805 750.5703755265718 32.0 751.5761873856425 32.0 2.830741626288121 20.239586621427232 
110.15 54.41 17.0 -1.0 211.0445 0.0 8.066602730969569 0.024883523091608708 276.1172884715973 2.0 -1.0 -1.0 -1.0 -1.0 
110.15 54.41 17.0 -1.0 79.45162290069 92.03914553909742 0.2968569730104857 0.05944397182995413 1.6452790367626318 2.0 -1.0 -1.0 -1.0 -1.0 
110.15 54.41 17.0 -1.0 0.004556311895246632 105.34449150024628 0.011007892264361814 0.027648358990676344 4.579076783057734 1.0 -1.0 -1.0 -1.0 -1.0 
110.15 54.41 17.0 -1.0 2.50506 67.13888374712329 0.01760858963650668 0.016589015394405805 1.1236459304553623 4.0 -1.0 -1.0 -1.0 -1.0 
110.15 54.41 17.0 -1.0 1.1510060470512 149.90569752709803 0.042224309503161146 0.006912089747669086 1.4666276248594594 4.0 -1.0 -1.0 -1.0 -1.0 
110.15 54.41 17.0 -1.0 0.026607250597988085 60.00909078282701 0.07917532577300838 0.022118687192541075 0.36021746954415973 1.0 -1.0 -1.0 -1.0 -1.0 
110.15 54.41 17.0 -1.0 3.5852282245022074 120.01818156565402 0.035575836090715574 0.011059343596270537 2.5962446014373195 2.0 -1.0 -1.0 -1.0 -1.0 
110.15 54.41 17.0 -1.0 378.308788360098 180.02727234848103 0.1152142376713014 0.04423737438508215 0.5848948889973349 1.0 -1.0 -1.0 -1.0 -1.0 
110.15 54.41 17.0 -1.0 1.0851949736698 35.46891954460523 3.7467728600716743 0.013824179495338172 601.9440858145407 32.0 602.2504243619148 32.0 1.085209078155458 35.52047452060479 
110.15 54.41 17.0 -1.0 2.8307527983 20.309107231631824 5.667288709535706 0.016589015394405805 750.5703755265718 32.0 751.5761873856425 32.0 2.830741626288121 20.239586621427232 
110.15 54.41 17.0 -1.0 211.0445 0.0 8.066602730969569 0.024883523091608708 276.1172884715973 2.0 -1.0 -1.0 -1.0 -1.0 
110.19 62.26 17.0 -1.0 0.00963670515349142 90.8256561757065 0.017463215463497665 0.06635606157762322 -0.12116698009113057 8.0 -1.0 -1.0 -1.0 -1.0 
110.19 62.26 17.0 -1.0 2.210433 96.37648560594262 0.22831574050845846 0.02073626924300726 12.177677786641505 16.0 12.17767762460691 16.0 2.210435923188925 96.34043231799362 
110.19 62.26 17.0 -1.0 0.017353646892825852 0.0 0.04000923210065312 0.052531882082285056 1.1056428970277463 2.0 -1.0 -1.0 -1.0 -1.0 
110.19 62.26 17.0 -1.0 0.71602537668 55.894001483314206 0.23037547497115116 0.04838462823368359 3.6172235204576078 8.0 -1.0 -1.0 -1.0 -1.0 
110.19 62.26 17.0 -1.0 2.596093134656 111.78800296662841 0.020755428942890553 0.019353851293473442 1.8009558858364336 1.0 -1.0 -1.0 -1.0 -1.0 
110.19 62.26 17.0 -1.0 36.00870998589615 167.6820044499426 0.120755853211876 0.013824179495338172 2.6857132263996757 2.0 -1.0 -1.0 -1.0 -1.0 
110.19 62.26 17.0 -1.0 8.425831 93.25728840345343 1.0251822544922815 0.011059343596270537 96.90645174539883 16.0 97.00134514643571 16.0 8.425862082124999 93.30449432477954 
110.19 62.26 17.0 -1.0 0.2997683063955779 103.72169192148166 6.9676176148737285 0.038707702586946884 384.55804211773705 32.0 385.4641712766812 32.0 0.29976945370435715 103.8290793679217 
110.19 62.26 17.0 -1.0 0.378472698022 84.50341238356444 9.714014331574035 0.029030776940210157 668.8925507530304 16.0 704.9911356390046 32.0 0.3784710618977746 84.50027414445869 
110.19 62.26 17.0 -1.0 2.546854 30.15223962406209 1.4057716848492932 0.012441761545804356 249.9051937905913 32.0 249.95488840623676 32.0 2.546858013374731 30.156984065926572 
110.19 62.26 17.0 -1.0 0.00963670515349142 90.8256561757065 0.017463215463497665 0.06635606157762322 -0.12116698009113057 8.0 -1.0 -1.0 -1.0 -1.0 
110.19 62.26 17.0 -1.0 2.210433 96.37648560594262 0.22831574050845846 0.02073626924300726 12.177677786641505 16.0 12.17767762460691 16.0 2.210435923188925 96.34043231799362 
110.19 62.26 17.0 -1.0 0.017353646892825852 0.0 0.04000923210065312 0.052531882082285056 1.1056428970277463 2.0 -1.0 -1.0 -1.0 -1.0 
110.19 62.26 17.0 -1.0 0.71602537668 55.894001483314206 0.23037547497115116 0.04838462823368359 3.6172235204576078 8.0 -1.0 -1.0 -1.0 -1.0 
110.19 62.26 17.0 -1.0 2.596093134656 111.78800296662841 0.020755428942890553 0.019353851293473442 1.8009558858364336 1.0 -1.0 -1.0 -1.0 -1.0 
110.19 62.26 17.0 -1.0 36.00870998589615 167.6820044499426 0.120755853211876 0.013824179495338172 2.6857132263996757 2.0 -1.0 -1.0 -1.0 -1.0 
110.19 62.26 17.0 -1.0 8.425831 93.25728840345343 1.0251822544922815 0.011059343596270537 96.90645174539883 16.0 97.00134514643571 16.0 8.425862082124999 93.30449432477954 
110.19 62.26 17.0 -1.0 0.2997683063955779 103.72169192148166 6.9676176148737285 0.038707702586946884 384.55804211773705 32.0 385.4641712766812 32.0 0.29976945370435715 103.8290793679217 
110.19 62.26 17.0 -1.0 0.378472698022 84.50341238356444 9.714014331574035 0.029030776940210157 668.8925507530304 16.0 704.9911356390046 32.0 0.3784710618977746 84.50027414445869 
110.19 62.26 17.0 -1.0 2.546854 30.15223962406209 1.4057716848492932 0.012441761545804356 249.9051937905913 32.0 249.95488840623676 32.0 2.546858013374731 30.156984065926572 
110.21 31.23 17.0 -1.0 0.3480956461 81.22327807201908 0.5084761966519021 0.10091651031596865 1.2764243075780404 8.0 -1.0 -1.0 -1.0 -1.0 
110.21 31.23 17.0 -1.0 15.3987376281305 134.21746013683105 0.020064587839707698 0.06635606157762322 1.0953678630975399 2.0 -1.0 -1.0 -1.0 -1.0 
110.21 31.23 17.0 -1.0 430.66408494495136 49.29751473053482 0.11363328206185334 0.009676925646736721 2.6012345744983314 1.0 -1.0 -1.0 -1.0 -1.0 
110.21 31.23 17.0 -1.0 0.10807331856800009 136.49233234254004 0.42870960754281573 0.011059343596270537 20.521998398429023 32.0 21.20751269462074 32.0 0.10807828706068298 136.8196055608481 
110.21 31.23 17.0 -1.0 0.0011908041407419432 78.76745012267415 0.030223728185376803 0.05529671798135269 7.290475031987473 4.0 -1.0 -1.0 -1.0 -1.0 
110.21 31.23 17.0 -1.0 0.772798 0.0 0.015073628992941223 0.06635606157762322 2.20661927670916 4.0 -1.0 -1.0 -1.0 -1.0 
110.21 31.23 17.0 -1.0 0.484599 258.4823543736852 0.05381125083876805 0.024883523091608708 -0.34675015328608993 1.0 -1.0 -1.0 -1.0 -1.0 
110.21 31.23 17.0 -1.0 21.032900128894585 33.70946995732428 3.1568207676450535 0.012441761545804354 386.43026249721083 16.0 386.69450697441346 16.0 21.032913840220623 33.69891172467634 
110.21 31.23 17.0 -1.0 1.58601101067 86.16078479122841 4.584227125534746 0.017971433343939622 663.587198200879 32.0 663.614413152369 32.0 1.5860071774416915 86.11944107417285 
110.21 31.23 17.0 -1.0 0.002066979333774331 172.32156958245682 1.8959539414334392 0.016589015394405805 30.924049465136996 8.0 -1.0 -1.0 -1.0 -1.0 
110.21 31.23 17.0 -1.0 0.3480956461 81.22327807201908 0.5084761966519021 0.10091651031596865 1.2764243075780404 8.0 -1.0 -1.0 -1.0 -1.0 
110.21 31.23 17.0 -1.0 15.3987376281305 134.21746013683105 0.020064587839707698 0.06635606157762322 1.0953678630975399 2.0 -1.0 -1.0 -1.0 -1.0 
110.21 31.23 17.0 -1.0 430.6640849449513 49.29751473053482 0.11363328206185333 0.009676925646736721 2.601234574596304 1.0 -1.0 -1.0 -1.0 -1.0 
110.21 31.23 17.0 -1.0 0.10807331856800009 136.49233234254004 0.42870960754281573 0.011059343596270537 20.521998398429023 32.0 21.20751269462074 32.0 0.10807828706068298 136.8196055608481 
110.21 31.23 17.0 -1.0 0.001190804140741943 78.76745012267415 0.030223728185376803 0.055296717981352696 7.290475031987473 4.0 -1.0 -1.0 -1.0 -1.0 
110.21 31.23 17.0 -1.0 0.772798 0.0 0.015073628992941224 0.06635606157762322 2.20661927670916 4.0 -1.0 -1.0 -1.0 -1.0 
110.21 31.23 17.0 -1.0 0.484599 258.4823543736852 0.05381125083876805 0.024883523091608708 -0.34675015328608993 1.0 -1.0 -1.0 -1.0 -1.0 
110.21 31.23 17.0 -1.0 21.032900128894585 33.70946995732428 3.156820767645053 0.012441761545804354 386.4302624972108 16.0 386.69450697441346 16.0 21.032913840220623 33.69891172467634 
110.21 31.23 17.0 -1.0 1.58601101067 86.16078479122841 4.584227125534746 0.017971433343939622 663.5871982008791 32.0 663.614413152369 32.0 1.5860071774416915 86.11944107417285 
110.21 31.23 17.0 -1.0 0.002066979333774331 172.32156958245682 1.895953941433439 0.016589015394405805 30.924049465136996 8.0 -1.0 -1.0 -1.0 -1.0 
110.24 22.84 17.0 -1.0 0.002612894343733594 85.41540707941186 0.01769394946143882 0.03456044873834543 8.706519861304203 2.0 -1.0 -1.0 -1.0 -1.0 
110.24 22.84 17.0 -1.0 0.010515955496278548 36.43594288002883 0.7868457238332256 0.01520659744487199 2.288100387476482 4.0 -1.0 -1.0 -1.0 -1.0 
110.24 22.84 17.0 -1.0 0.9284176174 85.38554155246102 0.40092238575128647 0.017971433343939622 45.527432839241904 32.0 45.755123909696835 32.0 0.9284121915698053 85.41105554242291 
110.24 22.84 17.0 -1.0 0.0038615770602163295 265.95251749725963 0.14401769029678593 0.022118687192541075 7.886033662441052 1.0 -1.0 -1.0 -1.0 -1.0 
110.24 22.84 17.0 -1.0 205.22225531037 178.7451788007972 0.6876757952823224 0.015206597444871989 21.670026564034938 1.0 21.670026846642195 1.0 205.22177995493016 178.71554986720244 
110.24 22.84 17.0 -1.0 0.910265474731 23.922287087625488 0.010856843319584756 0.03732528463741307 1.5099498290749163 2.0 -1.0 -1.0 -1.0 -1.0 
110.24 22.84 17.0 -1.0 5.505395 0.0 0.3644652826188609 0.03456044873834543 10.622141685326609 16.0 -1.0 -1.0 -1.0 -1.0 
110.24 22.84 17.0 -1.0 0.257347 199.08360265432148 0.4784846244637483 0.019353851293473442 32.24847932260144 32.0 -1.0 -1.0 -1.0 -1.0 
110.24 22.84 17.0 -1.0 0.624099 298.62540398148224 0.026597602073066332 0.012441761545804354 1.8600603094191392 2.0 -1.0 -1.0 -1.0 -1.0 
110.24 22.84 17.0 -1.0 0.52577136725 99.54180132716074 3.094204795719365 0.04147253848601452 149.1799888325364 16.0 149.41762958444292 16.0 0.525809203584989 99.47756824431485 
110.24 22.84 17.0 -1.0 0.002612894343733594 85.41540707941186 0.01769394946143882 0.03456044873834543 8.706519861304203 2.0 -1.0 -1.0 -1.0 -1.0 
110.24 22.84 17.0 -1.0 0.010515955496278548 36.43594288002883 0.7868457238332256 0.01520659744487199 2.288100387476482 4.0 -1.0 -1.0 -1.0 -1.0 
110.24 22.84 17.0 -1.0 0.9284176174 85.38554155246102 0.40092238575128647 0.017971433343939622 45.527432839241904 32.0 45.755123909696835 32.0 0.9284121915698053 85.41105554242291 
110.24 22.84 17.0 -1.0 0.0038615770602163295 265.95251749725963 0.14401769029678593 0.022118687192541075 7.886033662441052 1.0 -1.0 -1.0 -1.0 -1.0 
110.24 22.84 17.0 -1.0 205.22225531037 178.7451788007972 0.6876757952823224 0.015206597444871989 21.670026564034938 1.0 21.670026846642195 1.0 205.22177995493016 178.71554986720244 
110.24 22.84 17.0 -1.0 0.910265474731 23.922287087625488 0.010856843319584756 0.03732528463741307 1.5099498290749163 2.0 -1.0 -1.0 -1.0 -1.0 
110.24 22.84 17.0 -1.0 5.505395 0.0 0.3644652826188609 0.03456044873834543 10.622141685326609 16.0 -1.0 -1.0 -1.0 -1.0 
110.24 22.84 17.0 -1.0 0.257347 199.08360265432148 0.4784846244637483 0.019353851293473442 32.24847932260144 32.0 -1.0 -1.0 -1.0 -1.0 
110.24 22.84 17.0 -1.0 0.624099 298.62540398148224 0.026597602073066332 0.012441761545804354 1.8600603094191392 2.0 -1.0 -1.0 -1.0 -1.0 
110.24 22.84 17.0 -1.0 0.52577136725 99.54180132716074 3.094204795719365 0.04147253848601452 149.1799888325364 16.0 149.41762958444292 16.0 0.525809203584989 99.47756824431485 
110.26 46.65 17.0 -1.0 0.0164982156034181 84.2738182667352 0.059357738711856865 0.03041319488974398 1.5429634000966888 4.0 -1.0 -1.0 -1.0 -1.0 
110.26 46.65 17.0 -1.0 0.0021942267870395564 105.25270453341892 0.14622327330595072 0.022118687192541075 4.312181038949932 1.0 -1.0 -1.0 -1.0 -1.0 
110.26 46.65 17.0 -1.0 162.56588466645525 81.46734486673292 0.3978872071881638 0.011059343596270537 13.558766379918513 1.0 13.558766058606823 1.0 162.56623590985936 81.46433615124461 
110.26 46.65 17.0 -1.0 0.03896289880254247 44.64482153336964 0.03657264038463828 0.006912089747669086 2.173800590050213 2.0 -1.0 -1.0 -1.0 -1.0 
110.26 46.65 17.0 -1.0 198.412698 122.15125713343267 0.13119334073716654 0.01520659744487199 -4.23064468507296 2.0 -1.0 -1.0 -1.0 -1.0 
110.26 46.65 17.0 -1.0 1.30255755938 0.0 0.08667498783590989 0.02073626924300726 0.07375465497120283 1.0 -1.0 -1.0 -1.0 -1.0 
110.26 46.65 17.0 -1.0 0.3440801856451838 66.34025420005395 0.02230153896444461 0.06220880772902178 1.3480932569792583 8.0 -1.0 -1.0 -1.0 -1.0 
110.26 46.65 17.0 -1.0 5.294087 132.6805084001079 0.039351337310415006 0.027648358990676348 0.7110577940885369 1.0 -1.0 -1.0 -1.0 -1.0 
110.26 46.65 17.0 -1.0 238.91757323111 121.19586193343189 4.742066028080145 0.06773847952715704 62.24151312201686 1.0 62.24151339948111 1.0 238.91722473005456 121.23512386234911 
110.26 46.65 17.0 -1.0 2.001221096605 199.02076260016185 6.347171864724822 0.03317803078881161 394.2494671954855 16.0 421.3644027071129 32.0 2.0012218252910925 198.9551364886297 
110.26 46.65 17.0 -1.0 0.0164982156034181 84.2738182667352 0.059357738711856865 0.03041319488974398 1.5429634000966888 4.0 -1.0 -1.0 -1.0 -1.0 
110.26 46.65 17.0 -1.0 0.0021942267870395564 105.25270453341892 0.14622327330595072 0.022118687192541075 4.312181038949932 1.0 -1.0 -1.0 -1.0 -1.0 
110.26 46.65 17.0 -1.0 162.56588466645525 81.46734486673292 0.3978872071881638 0.011059343596270537 13.558766379918513 1.0 13.558766058606823 1.0 162.56623590985936 81.46433615124461 
110.26 46.65 17.0 -1.0 0.03896289880254247 44.64482153336964 0.03657264038463828 0.006912089747669086 2.173800590050213 2.0 -1.0 -1.0 -1.0 -1.0 
110.26 46.65 17.0 -1.0 198.412698 122.15125713343267 0.13119334073716654 0.01520659744487199 -4.23064468507296 2.0 -1.0 -1.0 -1.0 -1.0 
110.26 46.65 17.0 -1.0 1.30255755938 0.0 0.08667498783590989 0.02073626924300726 0.07375465497120283 1.0 -1.0 -1.0 -1.0 -1.0 
110.26 46.65 17.0 -1.0 0.3440801856451838 66.34025420005395 0.02230153896444461 0.06220880772902178 1.3480932569792583 8.0 -1.0 -1.0 -1.0 -1.0 
110.26 46.65 17.0 -1.0 5.294087 132.6805084001079 0.039351337310415006 0.027648358990676348 0.7110577940885369 1.0 -1.0 -1.0 -1.0 -1.0 
110.26 46.65 17.0 -1.0 238.91757323111 121.19586193343189 4.742066028080145 0.06773847952715704 62.24151312201686 1.0 62.24151339948111 1.0 238.91722473005456 121.23512386234911 
110.26 46.65 17.0 -1.0 2.001221096605 199.02076260016185 6.347171864724822 0.03317803078881161 394.2494671954855 16.0 421.3644027071129 32.0 2.0012218252910925 198.9551364886297 
110.32 23.27 17.0 -1.0 0.35169302087 96.45334042398007 0.018881113493056784 0.019353851293473442 0.7230005062718704 4.0 -1.0 -1.0 -1.0 -1.0 
110.32 23.27 17.0 -1.0 0.01800350828319109 75.59057745237163 0.06182713438288848 0.012441761545804354 0.8513064114807359 8.0 -1.0 -1.0 -1.0 -1.0 
110.32 23.27 17.0 -1.0 75.81006879664314 25.85682379625691 0.11207402013097797 0.012441761545804354 4.062582694467133 2.0 -1.0 -1.0 -1.0 -1.0 
110.32 23.27 17.0 -1.0 77.003746 0.0 0.0514838678779917 0.035942866687879244 2.1140990975258065 4.0 -1.0 -1.0 -1.0 -1.0 
110.32 23.27 17.0 -1.0 179.03633397331933 98.49233567191347 0.01764512187842863 0.035942866687879244 0.7791447630952355 1.0 -1.0 -1.0 -1.0 -1.0 
110.32 23.27 17.0 -1.0 0.3346504409 196.98467134382693 0.21248718019961818 0.03041319488974398 4.3031797330401735 8.0 -1.0 -1.0 -1.0 -1.0 
110.32 23.27 17.0 -1.0 0.6253360202400374 295.4770070157404 0.012612758521908175 0.03456044873834543 0.04747332755772278 4.0 -1.0 -1.0 -1.0 -1.0 
110.32 23.27 17.0 -1.0 58.33999486431003 126.38815471610378 1.605168217443894 0.05529671798135269 31.011619431141362 2.0 31.011617882558077 2.0 58.34008334204555 126.39621845081304 
110.32 23.27 17.0 -1.0 0.0014050412530334196 43.0257547969715 6.364735759337738 0.052531882082285056 17.106183146193395 4.0 -1.0 -1.0 -1.0 -1.0 
110.32 23.27 17.0 -1.0 0.006702865489089619 28.90054134027344 1.2876889861248875 0.045619792334615966 2.464380387168781 8.0 -1.0 -1.0 -1.0 -1.0 
110.39 63.06 17.0 -1.0 1.591581479875 48.43611868139792 0.01974829258402275 0.030413194889743984 3.024283462877843 2.0 -1.0 -1.0 -1.0 -1.0 
110.39 63.06 17.0 -1.0 2.32600103163 59.081052790502945 0.023979381866915898 0.016589015394405805 1.4070641863292574 4.0 -1.0 -1.0 -1.0 -1.0 
110.39 63.06 17.0 -1.0 225.01840471114 7.808509659970454 0.84604358973738 0.02073626924300726 21.237173146818193 2.0 21.67852555133074 2.0 225.01820543160042 7.792240849249484 
110.39 63.06 17.0 -1.0 164.168745585 52.80754930300532 0.10582845606754478 0.07326815132529231 1.3272948686776846 1.0 -1.0 -1.0 -1.0 -1.0 
110.39 63.06 17.0 -1.0 1.51972574585 50.20471274968183 0.03479798971504646 0.04700221028414978 1.8579781182198185 4.0 -1.0 -1.0 -1.0 -1.0 
110.39 63.06 17.0 -1.0 0.032870531214419525 49.03677327062642 0.09495060794807578 0.03456044873834543 1.0219655612455838 1.0 -1.0 -1.0 -1.0 -1.0 
110.39 63.06 17.0 -1.0 64.25074255867916 111.22120810547659 0.10308638735915776 0.06359122567855559 1.3008302082554033 1.0 -1.0 -1.0 -1.0 -1.0 
110.39 63.06 17.0 -1.0 0.8699442722 0.0 1.2302942688131702 0.024883523091608708 40.06600818745916 32.0 -1.0 -1.0 -1.0 -1.0 
110.39 63.06 17.0 -1.0 3.0283762 55.610604052738296 2.795404400304641 0.006912089747669086 805.859001110841 32.0 807.2603419596683 32.0 3.0283748249833784 55.557665275817754 
110.39 63.06 17.0 -1.0 2.857726584 166.8318121582149 8.066602730969569 0.019353851293473442 839.0570927336435 32.0 839.1887502112336 32.0 2.857723302440718 166.7741937605604 
110.39 63.06 17.0 -1.0 1.591581479875 48.43611868139792 0.01974829258402275 0.030413194889743984 3.024283462877843 2.0 -1.0 -1.0 -1.0 -1.0 
110.39 63.06 17.0 -1.0 2.32600103163 59.081052790502945 0.023979381866915898 0.016589015394405805 1.4070641863292574 4.0 -1.0 -1.0 -1.0 -1.0 
110.39 63.06 17.0 -1.0 225.01840471114 7.808509659970454 0.84604358973738 0.02073626924300726 21.237173146818193 2.0 21.67852555133074 2.0 225.01820543160042 7.792240849249484 
110.39 63.06 17.0 -1.0 164.168745585 52.80754930300532 0.10582845606754478 0.07326815132529231 1.3272948686776846 1.0 -1.0 -1.0 -1.0 -1.0 
110.39 63.06 17.0 -1.0 1.51972574585 50.20471274968183 0.03479798971504646 0.04700221028414978 1.8579781182198185 4.0 -1.0 -1.0 -1.0 -1.0 
110.39 63.06 17.0 -1.0 0.032870531214419525 49.03677327062642 0.09495060794807578 0.03456044873834543 1.0219655612455838 1.0 -1.0 -1.0 -1.0 -1.0 
110.39 63.06 17.0 -1.0 64.25074255867916 111.22120810547659 0.10308638735915776 0.06359122567855559 1.3008302082554033 1.0 -1.0 -1.0 -1.0 -1.0 
110.39 63.06 17.0 -1.0 0.8699442722 0.0 1.2302942688131702 0.024883523091608708 40.06600818745916 32.0 -1.0 -1.0 -1.0 -1.0 
110.39 63.06 17.0 -1.0 3.0283762 55.610604052738296 2.795404400304641 0.006912089747669086 805.859001110841 32.0 807.2603419596683 32.0 3.0283748249833784 55.557665275817754 
110.39 63.06 17.0 -1.0 2.857726584 166.8318121582149 8.066602730969569 0.019353851293473442 839.0570927336435 32.0 839.1887502112336 32.0 2.857723302440718 166.7741937605604 
110.43 47.42 17.0 -1.0 0.004792556338475222 5.351379873666684 0.014204149725036717 0.017971433343939622 4.558054707891184 1.0 -1.0 -1.0 -1.0 -1.0 
110.43 47.42 17.0 -1.0 1.956947 66.72563036615895 0.013665123510300801 0.038707702586946884 0.37662020411300995 1.0 -1.0 -1.0 -1.0 -1.0 
110.43 47.42 17.0 -1.0 1.348363959193 32.206289862396936 0.2685609746034101 0.01520659744487199 23.362902929159368 32.0 23.58393945559356 32.0 1.3483562118684254 32.1809427280693 
110.43 47.42 17.0 -1.0 227.88594920515 45.69255122900015 0.04039807173807644 0.026265941041142528 1.1851492755450548 2.0 -1.0 -1.0 -1.0 -1.0 
110.43 47.42 17.0 -1.0 77.57215960572148 29.91284134511121 0.01570072084296264 0.12441761545804357 2.440970837234185 1.0 -1.0 -1.0 -1.0 -1.0 
110.43 47.42 17.0 -1.0 4.051588553357 9.311008937698444 0.07606556908840942 0.027648358990676344 2.282663183134344 32.0 -1.0 -1.0 -1.0 -1.0 
110.43 47.42 17.0 -1.0 3.464969947246 0.0 0.9993093939658371 0.03456044873834543 43.24063790829471 16.0 -1.0 -1.0 -1.0 -1.0 
110.43 47.42 17.0 -1.0 0.5600315776458 65.33387955652402 0.15700720842962645 0.047002210284149776 2.2334429773877136 32.0 -1.0 -1.0 -1.0 -1.0 
110.43 47.42 17.0 -1.0 428.6895106469847 130.66775911304805 0.02173870771700178 0.029030776940210157 1.388390418814362 1.0 -1.0 -1.0 -1.0 -1.0 
110.43 47.42 17.0 -1.0 0.24264927139670706 196.0016386695721 0.38624127840012784 0.027648358990676344 12.793262583762026 16.0 12.881556592078743 16.0 0.24265318643301728 195.81800056230844 
110.43 47.42 17.0 -1.0 0.004792556338475222 5.351379873666684 0.014204149725036717 0.017971433343939622 4.558054707891184 1.0 -1.0 -1.0 -1.0 -1.0 
110.43 47.42 17.0 -1.0 1.956947 66.72563036615895 0.013665123510300801 0.038707702586946884 0.37662020411300995 1.0 -1.0 -1.0 -1.0 -1.0 
110.43 47.42 17.0 -1.0 1.348363959193 32.206289862396936 0.2685609746034101 0.01520659744487199 23.362902929159368 32.0 23.58393945559356 32.0 1.3483562118684254 32.1809427280693 
110.43 47.42 17.0 -1.0 227.88594920515 45.69255122900015 0.04039807173807644 0.026265941041142528 1.1851492755450548 2.0 -1.0 -1.0 -1.0 -1.0 
110.43 47.42 17.0 -1.0 77.57215960572148 29.91284134511121 0.01570072084296264 0.12441761545804357 2.440970837234185 1.0 -1.0 -1.0 -1.0 -1.0 
110.43 47.42 17.0 -1.0 4.051588553357 9.311008937698444 0.07606556908840942 0.027648358990676344 2.282663183134344 32.0 -1.0 -1.0 -1.0 -1.0 
110.43 47.42 17.0 -1.0 3.464969947246 0.0 0.9993093939658371 0.03456044873834543 43.24063790829471 16.0 -1.0 -1.0 -1.0 -1.0 
110.43 47.42 17.0 -1.0 0.5600315776458 65.33387955652402 0.15700720842962645 0.047002210284149776 2.2334429773877136 32.0 -1.0 -1.0 -1.0 -1.0 
110.43 47.42 17.0 -1.0 428.6895106469847 130.66775911304805 0.02173870771700178 0.029030776940210157 1.388390418814362 1.0 -1.0 -1.0 -1.0 -1.0 
110.43 47.42 17.0 -1.0 0.24264927139670706 196.0016386695721 0.38624127840012784 0.027648358990676344 12.793262583762026 16.0 12.881556592078743 16.0 0.24265318643301728 195.81800056230844 
110.67 31.64 17.0 -1.0 0.10417226350910597 34.25040102342788 0.011230653819750734 0.009676925646736721 0.7720300920136783 2.0 -1.0 -1.0 -1.0 -1.0 
110.67 31.64 17.0 -1.0 1.47561419353 16.443223500185507 0.15809563962528994 0.019353851293473442 5.457133050202395 32.0 6.271684015313044 32.0 1.475624837136517 16.49526309646319 
110.67 31.64 17.0 -1.0 2.51515580675 77.79589612990992 0.028737292245580668 0.008294507697202903 2.0430135917857184 32.0 -1.0 -1.0 -1.0 -1.0 
110.67 31.64 17.0 -1.0 1.200607994501 40.21138527234305 0.014401769029678588 0.017971433343939622 1.0906887147469737 1.0 -1.0 -1.0 -1.0 -1.0 
110.67 31.64 17.0 -1.0 4.57552623855 46.82908812495227 0.41130256333303233 0.10921101801317155 2.8110314627206265 2.0 -1.0 -1.0 -1.0 -1.0 
110.67 31.64 17.0 -1.0 0.2929589178180595 84.18627331200966 0.016286253188600722 0.02626594104114253 0.3366925454409912 1.0 -1.0 -1.0 -1.0 -1.0 
110.67 31.64 17.0 -1.0 4.279869765973 252.55881993602898 0.18455533867962315 0.024883523091608708 4.893803203661577 16.0 -1.0 -1.0 -1.0 -1.0 
110.67 31.64 17.0 -1.0 0.001876827549610011 70.92560919895683 4.155869160574328 0.04700221028414978 34.57328896212326 4.0 -1.0 -1.0 -1.0 -1.0 
110.67 31.64 17.0 -1.0 0.199465428208 0.0 3.4273108462333615 0.019353851293473442 173.71609651278771 32.0 -1.0 -1.0 -1.0 -1.0 
110.67 31.64 17.0 -1.0 1.313725400789 168.37254662401932 5.577950391413091 0.019353851293473442 690.8404255322125 32.0 690.9023096657007 32.0 1.3137347802209358 168.39336069027456 
110.67 31.64 17.0 -1.0 0.10417226350910595 34.25040102342788 0.011230653819750734 0.009676925646736721 0.7720300920136783 2.0 -1.0 -1.0 -1.0 -1.0 
110.67 31.64 17.0 -1.0 1.47561419353 16.443223500185507 0.15809563962528994 0.019353851293473442 5.457133050202395 32.0 6.271684015313044 32.0 1.475624837136517 16.49526309646319 
110.67 31.64 17.0 -1.0 2.51515580675 77.79589612990992 0.028737292245580668 0.008294507697202903 2.0430135917857184 32.0 -1.0 -1.0 -1.0 -1.0 
110.67 31.64 17.0 -1.0 1.200607994501 40.21138527234305 0.014401769029678586 0.017971433343939622 1.0906887147469737 1.0 -1.0 -1.0 -1.0 -1.0 
110.67 31.64 17.0 -1.0 4.57552623855 46.82908812495227 0.4113025633330323 0.10921101801317155 2.8110314627206265 2.0 -1.0 -1.0 -1.0 -1.0 
110.67 31.64 17.0 -1.0 0.2929589178180595 84.18627331200966 0.016286253188600722 0.02626594104114253 0.3366925454409912 1.0 -1.0 -1.0 -1.0 -1.0 
110.67 31.64 17.0 -1.0 4.279869765973 252.55881993602898 0.18455533867962318 0.024883523091608708 4.893803203661577 16.0 -1.0 -1.0 -1.0 -1.0 
110.67 31.64 17.0 -1.0 0.0018768275496100111 70.92560919895683 4.155869160574328 0.04700221028414978 34.573288962123264 4.0 -1.0 -1.0 -1.0 -1.0 
110.67 31.64 17.0 -1.0 0.199465428208 0.0 3.4273108462333615 0.019353851293473442 173.71609651278771 32.0 -1.0 -1.0 -1.0 -1.0 
110.67 31.64 17.0 -1.0 1.313725400789 168.37254662401932 5.57795039141309 0.019353851293473442 690.8404255322124 32.0 690.9023096657007 32.0 1.3137347802209358 168.39336069027456 
110.96 31.23 17.0 -1.0 230.08774629142 100.1828829621987 0.023390359871954317 0.015206597444871989 1.274703918199624 2.0 -1.0 -1.0 -1.0 -1.0 
110.96 31.23 17.0 -1.0 1.830721 26.41826149505944 0.013989899075431682 0.03732528463741307 0.9137098026431032 32.0 -1.0 -1.0 -1.0 -1.0 
110.96 31.23 17.0 -1.0 1.79521547256 27.274525452001306 0.07543758187143425 0.011059343596270537 7.187401383471133 32.0 7.671402649291986 16.0 3.590442550679048 27.323441938926763 
110.96 31.23 17.0 -1.0 0.0011114843736737697 241.8441993680227 0.11942842660182043 0.01797143334393962 7.187309563021689 4.0 -1.0 -1.0 -1.0 -1.0 
110.96 31.23 17.0 -1.0 0.0011691147583034471 42.510987038761044 0.434974548894717 0.019353851293473442 7.110002906932161 4.0 -1.0 -1.0 -1.0 -1.0 
110.96 31.23 17.0 -1.0 78.28841110856622 0.0 0.02458323676365615 0.03317803078881161 1.3824786123416166 2.0 -1.0 -1.0 -1.0 -1.0 
110.96 31.23 17.0 -1.0 0.16955348578098683 167.8781040286618 0.09560884017047858 0.038707702586946884 -0.9318738604641427 16.0 -1.0 -1.0 -1.0 -1.0 
110.96 31.23 17.0 -1.0 0.005603048345312106 251.81715604299268 0.0753854842221911 0.022118687192541075 2.0101428382127264 1.0 -1.0 -1.0 -1.0 -1.0 
110.96 31.23 17.0 -1.0 17.485862788642 112.59871033785582 1.5251702728458223 0.019353851293473442 110.34594499762858 16.0 110.34594416670402 16.0 17.485884503306202 112.63329954824253 
110.96 31.23 17.0 -1.0 1.667553 83.9390520143309 9.410167626613882 0.06773847952715704 267.55907026222695 8.0 278.79464960814926 16.0 1.667528219210605 83.79188861270873 
110.96 31.23 17.0 -1.0 230.08774629142 100.1828829621987 0.023390359871954317 0.015206597444871989 1.274703918199624 2.0 -1.0 -1.0 -1.0 -1.0 
110.96 31.23 17.0 -1.0 1.830721 26.41826149505944 0.013989899075431682 0.03732528463741307 0.9137098026431032 32.0 -1.0 -1.0 -1.0 -1.0 
110.96 31.23 17.0 -1.0 1.79521547256 27.274525452001306 0.07543758187143425 0.011059343596270537 7.187401383471133 32.0 7.671402649291986 16.0 3.590442550679048 27.323441938926763 
110.96 31.23 17.0 -1.0 0.0011114843736737697 241.8441993680227 0.11942842660182043 0.01797143334393962 7.187309563021689 4.0 -1.0 -1.0 -1.0 -1.0 
110.96 31.23 17.0 -1.0 0.0011691147583034471 42.510987038761044 0.434974548894717 0.019353851293473442 7.110002906932161 4.0 -1.0 -1.0 -1.0 -1.0 
110.96 31.23 17.0 -1.0 78.28841110856622 0.0 0.02458323676365615 0.03317803078881161 1.3824786123416166 2.0 -1.0 -1.0 -1.0 -1.0 
110.96 31.23 17.0 -1.0 0.16955348578098683 167.8781040286618 0.09560884017047858 0.038707702586946884 -0.9318738604641427 16.0 -1.0 -1.0 -1.0 -1.0 
110.96 31.23 17.0 -1.0 0.005603048345312106 251.81715604299268 0.0753854842221911 0.022118687192541075 2.0101428382127264 1.0 -1.0 -1.0 -1.0 -1.0 
110.96 31.23 17.0 -1.0 17.485862788642 112.59871033785582 1.5251702728458223 0.019353851293473442 110.34594499762858 16.0 110.34594416670402 16.0 17.485884503306202 112.63329954824253 
110.96 31.23 17.0 -1.0 1.667553 83.9390520143309 9.410167626613882 0.06773847952715704 267.55907026222695 8.0 278.79464960814926 16.0 1.667528219210605 83.79188861270873 
110.98 62.66 17.0 -1.0 0.009860695842990928 66.47123791644235 0.3299528205288503 0.03317803078881161 0.46920241192266626 8.0 -1.0 -1.0 -1.0 -1.0 
110.98 62.66 17.0 -1.0 1.81408773956 77.60238748005554 0.010408825796200191 0.019353851293473442 0.7413623798615364 1.0 -1.0 -1.0 -1.0 -1.0 
110.98 62.66 17.0 -1.0 7.143097114084384 0.0 0.16501436487320392 0.02350110514207489 3.887029774013108 8.0 -1.0 -1.0 -1.0 -1.0 
110.98 62.66 17.0 -1.0 6.985276348019 55.37331566495934 0.4791461984531407 0.027648358990676344 32.311757105678126 16.0 32.311754525432015 16.0 6.985283107496799 55.35526940960348 
110.98 62.66 17.0 -1.0 2.239842 51.21990164868576 9.75436314487562 0.08294507697202903 179.24020764146437 8.0 185.10138433904643 16.0 2.2398429185462496 51.104956219103755 
110.98 62.66 17.0 -1.0 1.174999892192 50.289536909040486 2.550002780972153 0.05114946413275124 95.56950501533382 16.0 96.2390012120112 16.0 1.1750065217105052 50.497768620460945 
110.98 62.66 17.0 -1.0 2.07848849726 141.86400913984033 5.440935372194439 0.01382417949533817 709.7744116785481 32.0 710.0356672678861 32.0 2.078468241961673 141.8795022162049 
110.98 62.66 17.0 -1.0 0.15515816927 12.958651730773564 1.2328467394420672 0.01520659744487199 95.78824779808315 32.0 101.25554459370721 32.0 0.15515979612246156 15.483283765391834 
110.98 62.66 17.0 -1.0 0.17599 110.74663132991869 3.8650820329757902 0.04147253848601452 118.40057734627682 16.0 131.58990835317397 32.0 0.17598722479306161 111.11533055163551 
110.98 62.66 17.0 -1.0 1.355473 166.11994699487803 1.0495475041597213 0.060826389779487955 17.773493866459738 4.0 17.785674546471466 4.0 1.3555109035223722 165.55981856327475 
110.98 62.66 17.0 -1.0 0.009860695842990928 66.47123791644235 0.3299528205288503 0.03317803078881161 0.46920241192266626 8.0 -1.0 -1.0 -1.0 -1.0 
110.98 62.66 17.0 -1.0 1.81408773956 77.60238748005554 0.010408825796200191 0.019353851293473442 0.7413623798615364 1.0 -1.0 -1.0 -1.0 -1.0 
110.98 62.66 17.0 -1.0 7.143097114084384 0.0 0.16501436487320392 0.02350110514207489 3.887029774013108 8.0 -1.0 -1.0 -1.0 -1.0 
110.98 62.66 17.0 -1.0 6.985276348019 55.37331566495934 0.4791461984531407 0.027648358990676344 32.311757105678126 16.0 32.311754525432015 16.0 6.985283107496799 55.35526940960348 
110.98 62.66 17.0 -1.0 2.239842 51.21990164868576 9.75436314487562 0.08294507697202903 179.24020764146437 8.0 185.10138433904643 16.0 2.2398429185462496 51.104956219103755 
110.98 62.66 17.0 -1.0 1.174999892192 50.289536909040486 2.550002780972153 0.05114946413275124 95.56950501533382 16.0 96.2390012120112 16.0 1.1750065217105052 50.497768620460945 
110.98 62.66 17.0 -1.0 2.07848849726 141.86400913984033 5.440935372194439 0.01382417949533817 709.7744116785481 32.0 710.0356672678861 32.0 2.078468241961673 141.8795022162049 
110.98 62.66 17.0 -1.0 0.15515816927 12.958651730773564 1.2328467394420672 0.01520659744487199 95.78824779808315 32.0 101.25554459370721 32.0 0.15515979612246156 15.483283765391834 
110.98 62.66 17.0 -1.0 0.17599 110.74663132991869 3.8650820329757902 0.04147253848601452 118.40057734627682 16.0 131.58990835317397 32.0 0.17598722479306161 111.11533055163551 
110.98 62.66 17.0 -1.0 1.355473 166.11994699487803 1.0495475041597213 0.060826389779487955 17.773493866459738 4.0 17.785674546471466 4.0 1.3555109035223722 165.55981856327475 
111.02 23.27 17.0 -1.0 1.207729 21.047294140829987 0.12586645222787884 0.013824179495338172 6.220784435445468 16.0 6.292544288033198 16.0 1.2077483309743307 21.25156595249859 
111.02 23.27 17.0 -1.0 0.009860695842990928 77.30722752544638 0.3533090934950551 0.012441761545804356 0.40180691712895017 8.0 -1.0 -1.0 -1.0 -1.0 
111.02 23.27 17.0 -1.0 145.6057701815 18.06511622441811 0.2594426694035856 0.020736269243007255 5.4901913922540135 1.0 -1.0 -1.0 -1.0 -1.0 
111.02 23.27 17.0 -1.0 20.699648 7.541469154003115 0.017235490300747426 0.04285495643554833 1.037724494317352 2.0 -1.0 -1.0 -1.0 -1.0 
111.02 23.27 17.0 -1.0 360.711889 55.97318550803833 0.09740894952994789 0.009676925646736721 1.734443163781408 1.0 -1.0 -1.0 -1.0 -1.0 
111.02 23.27 17.0 -1.0 0.008710057226511528 0.0 0.5116475479031465 0.005529671798135269 5.998556890151655 32.0 -1.0 -1.0 -1.0 -1.0 
111.02 23.27 17.0 -1.0 0.11263689558758383 191.14613452693825 0.09442728648786386 0.019353851293473442 -0.3777395723803237 16.0 -1.0 -1.0 -1.0 -1.0 
111.02 23.27 17.0 -1.0 183.823529 286.7192017904074 0.1653567173740338 0.011059343596270537 6.778015128132146 2.0 -1.0 -1.0 -1.0 -1.0 
111.02 23.27 17.0 -1.0 0.377295945018 256.89742262628863 6.5250141550055 0.026265941041142528 409.8632936320404 32.0 410.44975205403506 32.0 0.37728871878546977 257.04275009212586 
111.02 23.27 17.0 -1.0 9.551586249996 95.57306726346913 7.4145877393332595 0.020736269243007262 747.0277883165711 32.0 747.0361416595114 32.0 9.551573990999412 95.53084885313653 
111.02 23.27 17.0 -1.0 1.207729 21.047294140829987 0.12586645222787884 0.013824179495338172 6.220784435445468 16.0 6.292544288033198 16.0 1.2077483309743307 21.25156595249859 
111.02 23.27 17.0 -1.0 0.009860695842990928 77.30722752544638 0.3533090934950551 0.012441761545804356 0.40180691712895017 8.0 -1.0 -1.0 -1.0 -1.0 
111.02 23.27 17.0 -1.0 145.6057701815 18.06511622441811 0.2594426694035856 0.020736269243007255 5.4901913922540135 1.0 -1.0 -1.0 -1.0 -1.0 
111.02 23.27 17.0 -1.0 20.699648 7.541469154003115 0.017235490300747426 0.04285495643554833 1.037724494317352 2.0 -1.0 -1.0 -1.0 -1.0 
111.02 23.27 17.0 -1.0 360.711889 55.97318550803833 0.09740894952994789 0.009676925646736721 1.734443163781408 1.0 -1.0 -1.0 -1.0 -1.0 
111.02 23.27 17.0 -1.0 0.008710057226511528 0.0 0.5116475479031465 0.005529671798135269 5.998556890151655 32.0 -1.0 -1.0 -1.0 -1.0 
111.02 23.27 17.0 -1.0 0.11263689558758383 191.14613452693825 0.09442728648786386 0.019353851293473442 -0.3777395723803237 16.0 -1.0 -1.0 -1.0 -1.0 
111.02 23.27 17.0 -1.0 183.823529 286.7192017904074 0.1653567173740338 0.011059343596270537 6.778015128132146 2.0 -1.0 -1.0 -1.0 -1.0 
111.02 23.27 17.0 -1.0 0.377295945018 256.89742262628863 6.5250141550055 0.026265941041142528 409.8632936320404 32.0 410.44975205403506 32.0 0.37728871878546977 257.04275009212586 
111.02 23.27 17.0 -1.0 9.551586249996 95.57306726346913 7.4145877393332595 0.020736269243007262 747.0277883165711 32.0 747.0361416595114 32.0 9.551573990999412 95.53084885313653 
111.19 46.65 17.0 -1.0 4.49314749747 61.240501976396715 0.041933610431463035 0.0483846282336836 0.6296548329439555 2.0 -1.0 -1.0 -1.0 -1.0 
111.19 46.65 17.0 -1.0 66.29687452695 75.17116184856563 0.9034322499182686 0.016589015394405805 33.619036978575814 2.0 33.61903685127937 2.0 66.29707058891654 75.19006429860217 
111.19 46.65 17.0 -1.0 128.25813729784 17.525042126494238 0.0914736754596808 0.09400442056829957 1.1698016694550806 1.0 -1.0 -1.0 -1.0 -1.0 
111.19 46.65 17.0 -1.0 0.021736262685698338 57.8986979345375 0.7182665284173637 0.017971433343939622 4.1855283811771935 32.0 -1.0 -1.0 -1.0 -1.0 
111.19 46.65 17.0 -1.0 12.687070247608261 0.0 0.2808955470273914 0.031795612839277794 9.812668536094256 8.0 -1.0 -1.0 -1.0 -1.0 
111.19 46.65 17.0 -1.0 0.53234 93.49279679899142 4.533834329565707 0.04147253848601452 209.92289279017365 16.0 210.08456295911367 16.0 0.532357565437754 93.10209845856527 
111.19 46.65 17.0 -1.0 93.54365951465 96.31001532265181 8.000005932179063 0.026265941041142528 257.1477004348662 2.0 257.14770426285 2.0 93.54359159866969 96.34043231799362 
111.19 46.65 17.0 -1.0 2.8604856126 64.75716785765553 1.0401637398296784 0.0027648358990676344 404.9579185626562 32.0 404.970410026205 32.0 2.860482103036096 64.76667718856713 
111.19 46.65 17.0 -1.0 8.198992784288514 129.51433571531106 1.3182931674823608 0.01520659744487199 108.55227801985983 16.0 109.21863235459014 16.0 8.198973470522713 129.53335437713426 
111.19 46.65 17.0 -1.0 3.2558702476 194.2715035729666 9.26822780156821 0.02350110514207489 718.1392900311564 32.0 718.3117471109952 32.0 3.255869766386847 194.19883363259427 
111.19 46.65 17.0 -1.0 4.49314749747 61.240501976396715 0.041933610431463035 0.0483846282336836 0.6296548329439555 2.0 -1.0 -1.0 -1.0 -1.0 
111.19 46.65 17.0 -1.0 66.29687452695 75.17116184856563 0.9034322499182686 0.016589015394405805 33.619036978575814 2.0 33.61903685127937 2.0 66.29707058891654 75.19006429860217 
111.19 46.65 17.0 -1.0 128.25813729784 17.525042126494238 0.0914736754596808 0.09400442056829957 1.1698016694550806 1.0 -1.0 -1.0 -1.0 -1.0 
111.19 46.65 17.0 -1.0 0.021736262685698338 57.8986979345375 0.7182665284173637 0.017971433343939622 4.1855283811771935 32.0 -1.0 -1.0 -1.0 -1.0 
111.19 46.65 17.0 -1.0 12.687070247608261 0.0 0.2808955470273914 0.031795612839277794 9.812668536094256 8.0 -1.0 -1.0 -1.0 -1.0 
111.19 46.65 17.0 -1.0 0.53234 93.49279679899142 4.533834329565707 0.04147253848601452 209.92289279017365 16.0 210.08456295911367 16.0 0.532357565437754 93.10209845856527 
111.19 46.65 17.0 -1.0 93.54365951465 96.31001532265181 8.000005932179063 0.026265941041142528 257.1477004348662 2.0 257.14770426285 2.0 93.54359159866969 96.34043231799362 
111.19 46.65 17.0 -1.0 2.8604856126 64.75716785765553 1.0401637398296784 0.0027648358990676344 404.9579185626562 32.0 404.970410026205 32.0 2.860482103036096 64.76667718856713 
111.19 46.65 17.0 -1.0 8.198992784288514 129.51433571531106 1.3182931674823608 0.01520659744487199 108.55227801985983 16.0 109.21863235459014 16.0 8.198973470522713 129.53335437713426 
111.19 46.65 17.0 -1.0 3.2558702476 194.2715035729666 9.26822780156821 0.02350110514207489 718.1392900311564 32.0 718.3117471109952 32.0 3.255869766386847 194.19883363259427 
111.25 30.82 17.0 -1.0 19.7746860321 37.81687495041095 0.14038306864969666 0.017971433343939622 6.274516938096755 16.0 -1.0 -1.0 -1.0 -1.0 
111.25 30.82 17.0 -1.0 0.852719 61.295479252292914 0.14744052264218882 0.016589015394405805 6.077464428403002 16.0 7.163994513728242 16.0 0.8527422323822976 61.52834332913878 
111.25 30.82 17.0 -1.0 0.8867355450783054 100.61900260710271 0.07429970658615055 0.03317803078881161 1.6211922616935595 32.0 -1.0 -1.0 -1.0 -1.0 
111.25 30.82 17.0 -1.0 1.933974 35.330905083152864 0.014057716848492925 0.04700221028414978 2.1149179095459996 2.0 -1.0 -1.0 -1.0 -1.0 
111.25 30.82 17.0 -1.0 22.421525 0.0 0.08536761127287494 0.03041319488974398 1.2515942343327433 2.0 -1.0 -1.0 -1.0 -1.0 
111.25 30.82 17.0 -1.0 40.57871772365803 83.69431886435571 0.2471947847766056 0.09400442056829955 2.7656096077916072 8.0 -1.0 -1.0 -1.0 -1.0 
111.25 30.82 17.0 -1.0 1.77912424934 167.38863772871142 0.959396654743631 0.052531882082285056 30.09032308263788 8.0 30.233537278018208 8.0 1.7790929026280842 167.48257929231033 
111.25 30.82 17.0 -1.0 0.932741 251.08295659306714 0.05985186776815571 0.18247916933846386 1.0526175514637346 2.0 -1.0 -1.0 -1.0 -1.0 
111.25 30.82 17.0 -1.0 4.44958315845593 66.392973020509 6.1998222435278425 0.022118687192541075 717.487578020691 32.0 717.5047884952128 32.0 4.449581562463815 66.38584411828131 
111.25 30.82 17.0 -1.0 0.01767559123702977 17.828672785386306 1.8265272784775233 0.017971433343939622 15.253921375821307 32.0 -1.0 -1.0 -1.0 -1.0 
111.25 30.82 17.0 -1.0 19.7746860321 37.81687495041095 0.14038306864969666 0.017971433343939622 6.274516938096755 16.0 -1.0 -1.0 -1.0 -1.0 
111.25 30.82 17.0 -1.0 0.852719 61.295479252292914 0.14744052264218882 0.016589015394405805 6.077464428403002 16.0 7.163994513728242 16.0 0.8527422323822976 61.52834332913878 
111.25 30.82 17.0 -1.0 0.8867355450783054 100.61900260710271 0.07429970658615055 0.03317803078881161 1.6211922616935595 32.0 -1.0 -1.0 -1.0 -1.0 
111.25 30.82 17.0 -1.0 1.933974 35.330905083152864 0.014057716848492925 0.04700221028414978 2.1149179095459996 2.0 -1.0 -1.0 -1.0 -1.0 
111.25 30.82 17.0 -1.0 22.421525 0.0 0.08536761127287494 0.03041319488974398 1.2515942343327433 2.0 -1.0 -1.0 -1.0 -1.0 
111.25 30.82 17.0 -1.0 40.57871772365803 83.69431886435571 0.2471947847766056 0.09400442056829955 2.7656096077916072 8.0 -1.0 -1.0 -1.0 -1.0 
111.25 30.82 17.0 -1.0 1.77912424934 167.38863772871142 0.959396654743631 0.052531882082285056 30.09032308263788 8.0 30.233537278018208 8.0 1.7790929026280842 167.48257929231033 
111.25 30.82 17.0 -1.0 0.932741 251.08295659306714 0.05985186776815571 0.18247916933846386 1.0526175514637346 2.0 -1.0 -1.0 -1.0 -1.0 
111.25 30.82 17.0 -1.0 4.44958315845593 66.392973020509 6.1998222435278425 0.022118687192541075 717.487578020691 32.0 717.5047884952128 32.0 4.449581562463815 66.38584411828131 
111.25 30.82 17.0 -1.0 0.01767559123702977 17.828672785386306 1.8265272784775233 0.017971433343939622 15.253921375821307 32.0 -1.0 -1.0 -1.0 -1.0 
111.26 55.19 17.0 -1.0 0.02307439124125024 86.18938537525798 0.013721883928644856 0.02073626924300726 0.9871404467369643 2.0 -1.0 -1.0 -1.0 -1.0 
111.26 55.19 17.0 -1.0 0.11957105205108827 47.906236045956504 0.4946174418327399 0.01520659744487199 20.32920158886135 32.0 21.454006713772824 32.0 0.11956823679308097 49.89058102181812 
111.26 55.19 17.0 -1.0 50.130846953329296 61.03338151269786 0.3594641348036991 0.031795612839277794 4.788563944319012 2.0 -1.0 -1.0 -1.0 -1.0 
111.26 55.19 17.0 -1.0 4.5887792577 162.87771593063013 0.12779405506531905 0.04009012053648069 2.1978073135828744 4.0 -1.0 -1.0 -1.0 -1.0 
111.26 55.19 17.0 -1.0 16.4413566796379 66.47251748298113 0.04838028995267969 0.052531882082285056 2.447136183441299 16.0 -1.0 -1.0 -1.0 -1.0 
111.26 55.19 17.0 -1.0 125.2002451675204 58.10461599023764 0.17259320851395066 0.019353851293473442 1.2659037151061996 4.0 -1.0 -1.0 -1.0 -1.0 
111.26 55.19 17.0 -1.0 11.38507898552 116.20923198047528 0.024179000477558193 0.02488352309160871 1.0073161441400849 4.0 -1.0 -1.0 -1.0 -1.0 
111.26 55.19 17.0 -1.0 1.3628723398 174.3138479707129 0.01590816775319674 0.012441761545804354 1.8293798145554392 32.0 -1.0 -1.0 -1.0 -1.0 
111.26 55.19 17.0 -1.0 0.1936 56.1695387700407 3.3896356238966043 0.024883523091608708 207.50836979803577 32.0 208.55506338253426 32.0 0.19360110551739734 57.37922807174619 
111.26 55.19 17.0 -1.0 34.549787307503316 0.0 2.8697613656589205 0.07465056927482613 56.09444667443223 8.0 -1.0 -1.0 -1.0 -1.0 
111.36 23.27 17.0 -1.0 0.9281646147 68.09101073891577 0.08150628882197566 0.05391430003181887 1.0287746272266258 1.0 -1.0 -1.0 -1.0 -1.0 
111.36 23.27 17.0 -1.0 0.009681092501071858 16.302287633342072 0.9714014331574036 0.031795612839277794 0.43095463079127433 8.0 -1.0 -1.0 -1.0 -1.0 
111.36 23.27 17.0 -1.0 1.95238351856 19.833979061709073 0.04834687823250379 0.06773847952715704 0.32341920112903855 2.0 -1.0 -1.0 -1.0 -1.0 
111.36 23.27 17.0 -1.0 2.14149933124 0.0 0.013797931399683 0.01520659744487199 0.7266907290171578 4.0 -1.0 -1.0 -1.0 -1.0 
111.36 23.27 17.0 -1.0 303.0909794113198 188.3380404919554 0.19517718182388397 0.0967692564673672 -inf 1.0 -1.0 -1.0 -1.0 -1.0 
111.36 23.27 17.0 -1.0 2.46856295596 282.5070607379331 0.019396741271167327 0.03041319488974398 1.3188646071678192 1.0 -1.0 -1.0 -1.0 -1.0 
111.36 23.27 17.0 -1.0 356.7064187939189 131.2941605409716 4.593737943711119 0.01520659744487199 140.89735458868714 1.0 140.8973512957826 1.0 356.7062473545472 131.2537192399556 
111.36 23.27 17.0 -1.0 3.57439188715 55.744217505344736 2.3764987694829927 0.07326815132529231 65.91282848260094 16.0 66.85126775407817 16.0 3.5743748109477265 55.861259075139166 
111.36 23.27 17.0 -1.0 14.495710128133153 63.11838920777503 1.8751123867894364 0.05806155388042032 69.51954663973314 8.0 69.56399731783027 8.0 14.495647822817167 63.147510258852954 
111.36 23.27 17.0 -1.0 98.96535646146744 94.1690202459777 9.52791556396117 0.07603298722435994 159.24028733582438 4.0 159.240287356406 4.0 98.96539268083872 94.21527572274375 
111.36 23.27 17.0 -1.0 0.9281646147 68.09101073891577 0.08150628882197566 0.05391430003181887 1.0287746272266258 1.0 -1.0 -1.0 -1.0 -1.0 
111.36 23.27 17.0 -1.0 0.009681092501071858 16.302287633342072 0.9714014331574036 0.031795612839277794 0.43095463079127433 8.0 -1.0 -1.0 -1.0 -1.0 
111.36 23.27 17.0 -1.0 1.95238351856 19.833979061709073 0.04834687823250379 0.06773847952715704 0.32341920112903855 2.0 -1.0 -1.0 -1.0 -1.0 
111.36 23.27 17.0 -1.0 2.14149933124 0.0 0.013797931399683 0.01520659744487199 0.7266907290171578 4.0 -1.0 -1.0 -1.0 -1.0 
111.36 23.27 17.0 -1.0 303.0909794113198 188.3380404919554 0.19517718182388397 0.0967692564673672 -inf 1.0 -1.0 -1.0 -1.0 -1.0 
111.36 23.27 17.0 -1.0 2.46856295596 282.5070607379331 0.019396741271167327 0.03041319488974398 1.3188646071678192 1.0 -1.0 -1.0 -1.0 -1.0 
111.36 23.27 17.0 -1.0 356.7064187939189 131.2941605409716 4.593737943711119 0.01520659744487199 140.89735458868714 1.0 140.8973512957826 1.0 356.7062473545472 131.2537192399556 
111.36 23.27 17.0 -1.0 3.57439188715 55.744217505344736 2.3764987694829927 0.07326815132529231 65.91282848260094 16.0 66.85126775407817 16.0 3.5743748109477265 55.861259075139166 
111.36 23.27 17.0 -1.0 14.495710128133153 63.11838920777503 1.8751123867894364 0.05806155388042032 69.51954663973314 8.0 69.56399731783027 8.0 14.495647822817167 63.147510258852954 
111.36 23.27 17.0 -1.0 98.96535646146744 94.1690202459777 9.52791556396117 0.07603298722435994 159.24028733582438 4.0 159.240287356406 4.0 98.96539268083872 94.21527572274375 
111.38 47.42 17.0 -1.0 205.338809 55.200251972418656 0.032407913060129086 0.011059343596270537 1.3386079094668042 1.0 -1.0 -1.0 -1.0 -1.0 
111.38 47.42 17.0 -1.0 7.2090518853442545 122.25507832062517 0.39242744783163036 0.006912089747669086 51.15759793734584 8.0 -1.0 -1.0 -1.0 -1.0 
111.38 47.42 17.0 -1.0 2.88260068591 132.694751883819 0.3482203802462814 0.017971433343939622 23.900552583178026 16.0 -1.0 -1.0 -1.0 -1.0 
111.38 47.42 17.0 -1.0 4.39777931 63.72789741048541 0.011868817192515866 0.019353851293473442 2.9569443054387556 4.0 -1.0 -1.0 -1.0 -1.0 
111.38 47.42 17.0 -1.0 0.351635938793 127.45579482097082 0.6165651845890038 0.013824179495338172 77.28415981495127 32.0 77.5667814553355 32.0 0.3516409681954732 127.30699984877728 
111.38 47.42 17.0 -1.0 0.002265959278179522 114.49224413260926 3.3338978978598517 0.02211868719254108 78.7816313240718 8.0 -1.0 -1.0 -1.0 -1.0 
111.38 47.42 17.0 -1.0 0.011214758244299365 102.6950306005752 3.087798592411044 0.019353851293473442 24.68190127865545 32.0 -1.0 -1.0 -1.0 -1.0 
111.38 47.42 17.0 -1.0 0.6111311965062236 86.80607688076921 3.2655128354359775 0.027648358990676344 205.19815593106247 32.0 205.64159944463023 32.0 0.6111198066112896 86.82782660592282 
111.38 47.42 17.0 -1.0 274.50510164192235 0.0 2.0301622737534815 0.013824179495338172 84.9056089240316 1.0 -1.0 -1.0 -1.0 -1.0 
111.38 47.42 17.0 -1.0 0.6388886552 191.18369223145623 2.4617226633312153 0.008294507697202903 526.1970153982921 32.0 526.9582909678096 32.0 0.6388897115054231 191.06169770627307 
111.38 47.42 17.0 -1.0 205.338809 55.200251972418656 0.032407913060129086 0.011059343596270537 1.3386079094668042 1.0 -1.0 -1.0 -1.0 -1.0 
111.38 47.42 17.0 -1.0 7.209051885344254 122.25507832062517 0.39242744783163036 0.006912089747669086 51.15759793750096 8.0 -1.0 -1.0 -1.0 -1.0 
111.38 47.42 17.0 -1.0 2.88260068591 132.694751883819 0.3482203802462814 0.017971433343939622 23.900552583178033 16.0 -1.0 -1.0 -1.0 -1.0 
111.38 47.42 17.0 -1.0 4.39777931 63.72789741048541 0.011868817192515866 0.019353851293473442 2.9569443054387556 4.0 -1.0 -1.0 -1.0 -1.0 
111.38 47.42 17.0 -1.0 0.351635938793 127.45579482097082 0.6165651845890038 0.013824179495338172 77.28415981495127 32.0 77.5667814553355 32.0 0.3516409681954732 127.30699984877728 
111.38 47.42 17.0 -1.0 0.0022659592781795216 114.49224413260926 3.3338978978598517 0.022118687192541075 78.78163132407178 8.0 -1.0 -1.0 -1.0 -1.0 
111.38 47.42 17.0 -1.0 0.011214758244299367 102.6950306005752 3.087798592411044 0.019353851293473442 24.681901278655612 32.0 -1.0 -1.0 -1.0 -1.0 
111.38 47.42 17.0 -1.0 0.6111311965062235 86.80607688076921 3.265512835435977 0.027648358990676344 205.19815593114257 32.0 205.64159944463023 32.0 0.6111198066112896 86.82782660592282 
111.38 47.42 17.0 -1.0 274.50510164192235 0.0 2.0301622737534815 0.013824179495338172 84.9056089240316 1.0 -1.0 -1.0 -1.0 -1.0 
111.38 47.42 17.0 -1.0 0.6388886552 191.18369223145623 2.461722663331215 0.008294507697202903 526.197015398292 32.0 526.9582909678096 32.0 0.6388897115054231 191.06169770627307 
111.56 62.27 17.0 -1.0 0.07691825299412015 56.77263362341766 0.1515716791297884 0.02350110514207489 4.941543493144498 2.0 -1.0 -1.0 -1.0 -1.0 
111.56 62.27 17.0 -1.0 0.2956639123189926 29.445013942215454 0.016835368321843135 0.00967692564673672 2.3173096505398516 2.0 -1.0 -1.0 -1.0 -1.0 
111.56 62.27 17.0 -1.0 32.24841717640974 84.41455401523902 0.04801402749350856 0.022118687192541075 1.3377396553368717 8.0 -1.0 -1.0 -1.0 -1.0 
111.56 62.27 17.0 -1.0 66.96383785469779 41.967415938989106 0.5274389731450696 0.03732528463741307 10.142286797862543 4.0 10.142287252191343 4.0 66.96379083829622 41.997142239461496 
111.56 62.27 17.0 -1.0 44.68997215183244 162.26187739280414 0.6431034332265737 0.06082638977948796 9.943084828252173 1.0 9.983799416859034 1.0 44.6899017939965 162.3214847038464 
111.56 62.27 17.0 -1.0 223.221059721 0.0 0.1755999760938223 0.026265941041142528 1.5200954112903426 1.0 -1.0 -1.0 -1.0 -1.0 
111.56 62.27 17.0 -1.0 0.85116 55.13496149966522 0.3236316631602409 0.04700221028414978 6.317157002397911 8.0 6.414837651044793 16.0 0.8511657748992245 55.760061142032015 
111.56 62.27 17.0 -1.0 13.162177132154847 110.26992299933045 0.19423560062927595 0.031795612839277794 3.6265203672386086 8.0 -1.0 -1.0 -1.0 -1.0 
111.56 62.27 17.0 -1.0 217.00905523505 165.40488449899567 0.04571576658153368 0.04147253848601452 1.811651982942808 1.0 -1.0 -1.0 -1.0 -1.0 
111.56 62.27 17.0 -1.0 1.188837612282 44.283315911972345 6.5250141550055 0.06220880772902178 192.92442055688932 8.0 207.82993433016128 16.0 1.1888308411774537 44.32469470092563 
111.56 62.27 17.0 -1.0 0.07691825299412014 56.77263362341766 0.1515716791297884 0.02350110514207489 4.941543493144498 2.0 -1.0 -1.0 -1.0 -1.0 
111.56 62.27 17.0 -1.0 0.2956639123189926 29.445013942215454 0.016835368321843132 0.00967692564673672 2.3173096505398516 2.0 -1.0 -1.0 -1.0 -1.0 
111.56 62.27 17.0 -1.0 32.24841717640974 84.41455401523902 0.04801402749350856 0.022118687192541075 1.3377396553368717 8.0 -1.0 -1.0 -1.0 -1.0 
111.56 62.27 17.0 -1.0 66.96383785469779 41.967415938989106 0.5274389731450695 0.03732528463741307 10.142286797862543 4.0 10.142287252191343 4.0 66.96379083829622 41.997142239461496 
111.56 62.27 17.0 -1.0 44.68997215183244 162.26187739280414 0.6431034332265737 0.06082638977948796 9.943084828252173 1.0 9.983799416859034 1.0 44.6899017939965 162.3214847038464 
111.56 62.27 17.0 -1.0 223.221059721 0.0 0.1755999760938223 0.026265941041142528 1.5200954112903426 1.0 -1.0 -1.0 -1.0 -1.0 
111.56 62.27 17.0 -1.0 0.85116 55.13496149966522 0.3236316631602409 0.04700221028414978 6.317157002397911 8.0 6.414837651044793 16.0 0.8511657748992245 55.760061142032015 
111.56 62.27 17.0 -1.0 13.162177132154847 110.26992299933045 0.19423560062927595 0.031795612839277794 3.6265203672386086 8.0 -1.0 -1.0 -1.0 -1.0 
111.56 62.27 17.0 -1.0 217.00905523505 165.40488449899567 0.04571576658153369 0.04147253848601452 1.811651982942808 1.0 -1.0 -1.0 -1.0 -1.0 
111.56 62.27 17.0 -1.0 1.188837612282 44.283315911972345 6.525014155005499 0.06220880772902178 192.9244205568893 8.0 207.82993433016128 16.0 1.1888308411774537 44.32469470092563 
111.63 22.84 17.0 -1.0 2.09141367214 25.314307321813242 0.08105706589434479 0.02350110514207489 1.9883027553871737 16.0 -1.0 -1.0 -1.0 -1.0 
111.63 22.84 17.0 -1.0 9.45431900594056 45.17197506536896 0.2964470921587799 0.031795612839277794 10.422002792459994 8.0 10.496860978669577 8.0 9.454258057909708 45.134278165782725 
111.63 22.84 17.0 -1.0 0.04970826116437392 85.75924780467619 0.02625076198090143 0.029030776940210157 0.741361846699469 1.0 -1.0 -1.0 -1.0 -1.0 
111.63 22.84 17.0 -1.0 196.27145538862112 0.0 0.10789549214908142 0.09400442056829957 0.6779045514757291 1.0 -1.0 -1.0 -1.0 -1.0 
111.63 22.84 17.0 -1.0 0.84654706542 93.74731811511504 0.37519533138243166 0.12718245135711118 2.011542544634426 16.0 -1.0 -1.0 -1.0 -1.0 
111.63 22.84 17.0 -1.0 1.547485 187.49463623023007 0.24380280832024234 0.07188573337575849 2.2514635436591446 16.0 -1.0 -1.0 -1.0 -1.0 
111.63 22.84 17.0 -1.0 0.427033734907566 38.14022303153195 3.30865866006508 0.009676925646736721 616.1880176021581 32.0 617.0446209657501 32.0 0.42703807897244894 38.252818714497465 
111.63 22.84 17.0 -1.0 0.67533626251 78.69936876270384 8.105706589434478 0.031795612839277794 582.9215629590191 32.0 583.0352047737463 32.0 0.6753301325564584 78.93438782356621 
111.63 22.84 17.0 -1.0 2.270807 47.5908977650089 1.3750352488231645 0.0483846282336836 56.909685940966675 8.0 56.966377718713154 16.0 2.2708263713866472 47.563028560353985 
111.63 22.84 17.0 -1.0 3.9849251475883576 281.2419543453451 2.702359815918436 0.012441761545804354 427.3945290451256 32.0 427.44284972116776 32.0 3.9849207193280263 281.22905610473134 
111.71 23.27 17.0 -1.0 10.9405323 144.43454299049532 0.09403668908068452 0.02350110514207489 -1.6771704042537465 32.0 -1.0 -1.0 -1.0 -1.0 
111.71 23.27 17.0 -1.0 458.12007798349 58.158010853343235 0.026016059918406366 0.026265941041142528 0.2614701779126264 1.0 -1.0 -1.0 -1.0 -1.0 
111.71 23.27 17.0 -1.0 7.1462 86.19301177690313 0.05008065115563314 0.08985716671969811 0.7975821723465741 4.0 -1.0 -1.0 -1.0 -1.0 
111.71 23.27 17.0 -1.0 297.69613 109.82927372735236 0.12465496208633536 0.024883523091608708 2.489528785595832 1.0 -1.0 -1.0 -1.0 -1.0 
111.71 23.27 17.0 -1.0 246.55815713199 121.4664439220376 0.02259619966174074 0.013824179495338172 1.7497911267529431 2.0 -1.0 -1.0 -1.0 -1.0 
111.71 23.27 17.0 -1.0 1.48354649394 0.0 0.0995175761911259 0.035942866687879244 0.8326249161121375 1.0 -1.0 -1.0 -1.0 -1.0 
111.71 23.27 17.0 -1.0 5.471800466365043 185.58224047313834 0.45150801749185004 0.026265941041142528 20.62550891820199 16.0 22.57850343365917 16.0 5.471823290766528 185.5970093184877 
111.71 23.27 17.0 -1.0 0.0023944274390184377 71.27070741242636 8.530865588540781 0.022118687192541075 87.48363943582869 32.0 -1.0 -1.0 -1.0 -1.0 
111.71 23.27 17.0 -1.0 0.16045643647092714 92.79112023656917 6.8720088222855225 0.02073626924300726 574.9020477226297 32.0 576.2830371664471 32.0 0.16046518188280365 93.30449432477954 
111.71 23.27 17.0 -1.0 0.054243629318944116 278.3733607097075 1.6230093886464123 0.03317803078881161 26.54294421493288 32.0 27.430832220358337 32.0 0.05423620071572562 276.8775449811245 
111.71 23.27 17.0 -1.0 10.9405323 144.43454299049532 0.09403668908068452 0.02350110514207489 -1.6771704042537465 32.0 -1.0 -1.0 -1.0 -1.0 
111.71 23.27 17.0 -1.0 458.12007798349 58.158010853343235 0.026016059918406366 0.026265941041142528 0.2614701779126264 1.0 -1.0 -1.0 -1.0 -1.0 
111.71 23.27 17.0 -1.0 7.1462 86.19301177690313 0.05008065115563314 0.08985716671969811 0.7975821723465741 4.0 -1.0 -1.0 -1.0 -1.0 
111.71 23.27 17.0 -1.0 297.69613 109.82927372735236 0.12465496208633536 0.024883523091608708 2.489528785595832 1.0 -1.0 -1.0 -1.0 -1.0 
111.71 23.27 17.0 -1.0 246.55815713199 121.4664439220376 0.02259619966174074 0.013824179495338172 1.7497911267529431 2.0 -1.0 -1.0 -1.0 -1.0 
111.71 23.27 17.0 -1.0 1.48354649394 0.0 0.0995175761911259 0.035942866687879244 0.8326249161121375 1.0 -1.0 -1.0 -1.0 -1.0 
111.71 23.27 17.0 -1.0 5.471800466365043 185.58224047313834 0.45150801749185004 0.026265941041142528 20.62550891820199 16.0 22.57850343365917 16.0 5.471823290766528 185.5970093184877 
111.71 23.27 17.0 -1.0 0.0023944274390184377 71.27070741242636 8.530865588540781 0.022118687192541075 87.48363943582869 32.0 -1.0 -1.0 -1.0 -1.0 
111.71 23.27 17.0 -1.0 0.16045643647092714 92.79112023656917 6.8720088222855225 0.02073626924300726 574.9020477226297 32.0 576.2830371664471 32.0 0.16046518188280365 93.30449432477954 
111.71 23.27 17.0 -1.0 0.054243629318944116 278.3733607097075 1.6230093886464123 0.03317803078881161 26.54294421493288 32.0 27.430832220358337 32.0 0.05423620071572562 276.8775449811245 
111.82 55.19 17.0 -1.0 0.05449347932371798 53.98509083876376 0.08033235319613656 0.013824179495338172 1.9975400695883438 1.0 -1.0 -1.0 -1.0 -1.0 
111.82 55.19 17.0 -1.0 149.65975916610552 31.435230267889924 0.08507324120391956 0.031795612839277794 2.086152411601543 1.0 -1.0 -1.0 -1.0 -1.0 
111.82 55.19 17.0 -1.0 17.953961540991 86.61078811460341 0.07841324719742547 0.022118687192541075 1.6826384465598094 16.0 -1.0 -1.0 -1.0 -1.0 
111.82 55.19 17.0 -1.0 0.529400632219 103.2773262258996 0.027915446872420174 0.1147406898113068 0.4680698308696934 4.0 -1.0 -1.0 -1.0 -1.0 
111.82 55.19 17.0 -1.0 0.013791161375355222 23.48153040318232 0.015042420738058894 0.0967692564673672 0.34748409397937596 4.0 -1.0 -1.0 -1.0 -1.0 
111.82 55.19 17.0 -1.0 300.93062461215555 0.0 0.08355880092981198 0.02073626924300726 1.6688499512306523 1.0 -1.0 -1.0 -1.0 -1.0 
111.82 55.19 17.0 -1.0 3.18414434133 57.5047324274847 0.8965928258909794 0.019353851293473442 61.631761728893146 32.0 61.6617359299569 32.0 3.184140950907022 57.48042600485334 
111.82 55.19 17.0 -1.0 1.83365211 115.0094648549694 0.1331105326335395 0.012441761545804354 7.473529655685212 16.0 8.384013597294194 32.0 1.8336625847344599 114.85965407659953 
111.82 55.19 17.0 -1.0 0.014640173329131876 96.84190312495397 2.569454810685309 0.022118687192541075 27.408356875303 32.0 -1.0 -1.0 -1.0 -1.0 
111.82 55.19 17.0 -1.0 1.4499216603224474 172.5141972824541 5.325650195176847 0.01520659744487199 764.1612375777833 32.0 765.6634133101294 32.0 1.4499164535664022 172.34008008145287 
111.82 55.19 17.0 -1.0 0.05449347932371798 53.98509083876376 0.08033235319613656 0.013824179495338172 1.9975400695883438 1.0 -1.0 -1.0 -1.0 -1.0 
111.82 55.19 17.0 -1.0 149.65975916610552 31.435230267889924 0.08507324120391956 0.031795612839277794 2.086152411601543 1.0 -1.0 -1.0 -1.0 -1.0 
111.82 55.19 17.0 -1.0 17.953961540991 86.61078811460341 0.07841324719742547 0.022118687192541075 1.6826384465598094 16.0 -1.0 -1.0 -1.0 -1.0 
111.82 55.19 17.0 -1.0 0.529400632219 103.2773262258996 0.027915446872420174 0.1147406898113068 0.4680698308696934 4.0 -1.0 -1.0 -1.0 -1.0 
111.82 55.19 17.0 -1.0 0.013791161375355222 23.48153040318232 0.015042420738058894 0.0967692564673672 0.34748409397937596 4.0 -1.0 -1.0 -1.0 -1.0 
111.82 55.19 17.0 -1.0 300.93062461215555 0.0 0.08355880092981198 0.02073626924300726 1.6688499512306523 1.0 -1.0 -1.0 -1.0 -1.0 
111.82 55.19 17.0 -1.0 3.18414434133 57.5047324274847 0.8965928258909794 0.019353851293473442 61.631761728893146 32.0 61.6617359299569 32.0 3.184140950907022 57.48042600485334 
111.82 55.19 17.0 -1.0 1.83365211 115.0094648549694 0.1331105326335395 0.012441761545804354 7.473529655685212 16.0 8.384013597294194 32.0 1.8336625847344599 114.85965407659953 
111.82 55.19 17.0 -1.0 0.014640173329131876 96.84190312495397 2.569454810685309 0.022118687192541075 27.408356875303 32.0 -1.0 -1.0 -1.0 -1.0 
111.82 55.19 17.0 -1.0 1.4499216603224474 172.5141972824541 5.325650195176847 0.01520659744487199 764.1612375777833 32.0 765.6634133101294 32.0 1.4499164535664022 172.34008008145287 
112.08 31.23 17.0 -1.0 0.5141946062 107.77827363308633 0.144117218517521 0.027648358990676344 3.6603168349637474 8.0 -1.0 -1.0 -1.0 -1.0 
112.08 31.23 17.0 -1.0 2.89349383178 105.01659163844218 0.6010047269665363 0.06635606157762322 18.115187450769294 8.0 18.13224156512074 8.0 2.8935270772005124 104.9422566321002 
112.08 31.23 17.0 -1.0 0.821629025162 23.135143025308484 0.04574735998438595 0.06497364362808941 0.9091606773578927 4.0 -1.0 -1.0 -1.0 -1.0 
112.08 31.23 17.0 -1.0 0.0014376993196681743 38.63932264436338 0.41587412123501016 0.019353851293473442 5.205092304829601 4.0 -1.0 -1.0 -1.0 -1.0 
112.08 31.23 17.0 -1.0 3.487723252743138 161.4857208447187 0.2846068997679546 0.024883523091608708 13.690181556988753 16.0 13.743538554661722 16.0 3.4877302823588257 161.51190123898928 
112.08 31.23 17.0 -1.0 1.157009648847 242.22858126707806 0.8830689192089932 0.011059343596270537 151.04486967034273 32.0 151.47406932078866 32.0 1.1569985266154013 242.16665392537683 
112.08 31.23 17.0 -1.0 2.31107 43.58127989793714 9.2044194113327 0.06497364362808941 289.61176035051375 8.0 9.939664622620104 2.0 11.553735627482336 45.33667403199699 
112.08 31.23 17.0 -1.0 309.597523 67.7338847107461 1.006236970918455 0.024883523091608708 24.044777203955952 1.0 24.044777419439246 1.0 309.5978172495961 67.70141724867409 
112.08 31.23 17.0 -1.0 0.0033953328315766236 0.0 3.9161497090119206 0.04147253848601452 12.42952763371118 8.0 11.180716908883934 2.0 0.013581787546475729 2.9347400601069484 
112.08 31.23 17.0 -1.0 0.64875579748 80.74286042235936 2.944061613416232 0.022118687192541075 285.7480104365326 32.0 285.79409644819043 32.0 0.6487425707746297 80.75595061949464 
112.08 31.23 17.0 -1.0 0.5141946062 107.77827363308633 0.144117218517521 0.027648358990676344 3.6603168349637474 8.0 -1.0 -1.0 -1.0 -1.0 
112.08 31.23 17.0 -1.0 2.89349383178 105.01659163844218 0.6010047269665363 0.06635606157762322 18.115187450769294 8.0 18.13224156512074 8.0 2.8935270772005124 104.9422566321002 
112.08 31.23 17.0 -1.0 0.821629025162 23.135143025308484 0.04574735998438595 0.06497364362808941 0.9091606773578927 4.0 -1.0 -1.0 -1.0 -1.0 
112.08 31.23 17.0 -1.0 0.0014376993196681743 38.63932264436338 0.41587412123501016 0.019353851293473442 5.205092304829601 4.0 -1.0 -1.0 -1.0 -1.0 
112.08 31.23 17.0 -1.0 3.487723252743138 161.4857208447187 0.2846068997679546 0.024883523091608708 13.690181556988753 16.0 13.743538554661722 16.0 3.4877302823588257 161.51190123898928 
112.08 31.23 17.0 -1.0 1.157009648847 242.22858126707806 0.8830689192089932 0.011059343596270537 151.04486967034273 32.0 151.47406932078866 32.0 1.1569985266154013 242.16665392537683 
112.08 31.23 17.0 -1.0 2.31107 43.58127989793714 9.2044194113327 0.06497364362808941 289.61176035051375 8.0 9.939664622620104 2.0 11.553735627482336 45.33667403199699 
112.08 31.23 17.0 -1.0 309.597523 67.7338847107461 1.006236970918455 0.024883523091608708 24.044777203955952 1.0 24.044777419439246 1.0 309.5978172495961 67.70141724867409 
112.08 31.23 17.0 -1.0 0.0033953328315766236 0.0 3.9161497090119206 0.04147253848601452 12.42952763371118 8.0 11.180716908883934 2.0 0.013581787546475729 2.9347400601069484 
112.08 31.23 17.0 -1.0 0.64875579748 80.74286042235936 2.944061613416232 0.022118687192541075 285.7480104365326 32.0 285.79409644819043 32.0 0.6487425707746297 80.75595061949464 
112.25 62.27 17.0 -1.0 0.015188420245391927 62.32885025378255 0.03292696902934549 0.011059343596270537 2.4902952599698303 8.0 -1.0 -1.0 -1.0 -1.0 
112.25 62.27 17.0 -1.0 2.76203446627 46.294860309741495 0.8088924634845912 0.03041319488974398 43.75721545185435 16.0 44.202451446199724 16.0 2.762014143324147 46.14625749685408 
112.25 62.27 17.0 -1.0 4.9324940293718 41.79351477217259 0.3174316050154982 0.029030776940210157 9.38882213582145 8.0 9.607227276466158 8.0 4.932492932615181 41.6935484401401 
112.25 62.27 17.0 -1.0 2.5998 49.613370523569664 2.9788415625140052 0.07741540517389377 71.06981594037698 8.0 72.04867491212224 8.0 2.5998209215079746 49.688185155603854 
112.25 62.27 17.0 -1.0 4.249688210732 75.2414692046189 3.1394219106029326 0.07326815132529231 115.51128632292398 8.0 120.15839079333514 16.0 4.2497049435041845 75.2912622317093 
112.25 62.27 17.0 -1.0 170.21091053538174 19.385356694639803 4.176015252414192 0.011059343596270537 217.26429367850005 2.0 217.29458790682713 2.0 170.2108420431614 19.430003156570145 
112.25 62.27 17.0 -1.0 0.1056183785183329 0.0 3.1221189475784468 0.02073626924300726 84.90075185543657 32.0 6.718266160137361 2.0 2.005738982309898 5.667084253999624 
112.25 62.27 17.0 -1.0 0.9284176174 54.755418528164796 4.990795984432435 0.013824179495338172 655.2887866041374 32.0 655.3529046801406 32.0 0.9284121915698053 54.74808181096066 
112.25 62.27 17.0 -1.0 3.140664378483 109.51083705632959 3.2497592240359943 0.009676925646736721 563.599498772526 32.0 563.670375713321 32.0 3.1406671041622762 109.49616362192133 
112.25 62.27 17.0 -1.0 0.22752955379214254 164.2662555844944 6.144391049998397 0.026265941041142528 395.98499762284223 32.0 395.99764396037483 32.0 0.22752525789352757 164.24424543288197 
112.25 62.27 17.0 -1.0 0.015188420245391927 62.32885025378255 0.03292696902934549 0.011059343596270537 2.4902952599698303 8.0 -1.0 -1.0 -1.0 -1.0 
112.25 62.27 17.0 -1.0 2.76203446627 46.294860309741495 0.8088924634845912 0.03041319488974398 43.75721545185435 16.0 44.202451446199724 16.0 2.762014143324147 46.14625749685408 
112.25 62.27 17.0 -1.0 4.9324940293718 41.79351477217259 0.3174316050154982 0.029030776940210157 9.38882213582145 8.0 9.607227276466158 8.0 4.932492932615181 41.6935484401401 
112.25 62.27 17.0 -1.0 2.5998 49.613370523569664 2.9788415625140052 0.07741540517389377 71.06981594037698 8.0 72.04867491212224 8.0 2.5998209215079746 49.688185155603854 
112.25 62.27 17.0 -1.0 4.249688210732 75.2414692046189 3.1394219106029326 0.07326815132529231 115.51128632292398 8.0 120.15839079333514 16.0 4.2497049435041845 75.2912622317093 
112.25 62.27 17.0 -1.0 170.21091053538174 19.385356694639803 4.176015252414192 0.011059343596270537 217.26429367850005 2.0 217.29458790682713 2.0 170.2108420431614 19.430003156570145 
112.25 62.27 17.0 -1.0 0.1056183785183329 0.0 3.1221189475784468 0.02073626924300726 84.90075185543657 32.0 6.718266160137361 2.0 2.005738982309898 5.667084253999624 
112.25 62.27 17.0 -1.0 0.9284176174 54.755418528164796 4.990795984432435 0.013824179495338172 655.2887866041374 32.0 655.3529046801406 32.0 0.9284121915698053 54.74808181096066 
112.25 62.27 17.0 -1.0 3.140664378483 109.51083705632959 3.2497592240359943 0.009676925646736721 563.599498772526 32.0 563.670375713321 32.0 3.1406671041622762 109.49616362192133 
112.25 62.27 17.0 -1.0 0.22752955379214254 164.2662555844944 6.144391049998397 0.026265941041142528 395.98499762284223 32.0 395.99764396037483 32.0 0.22752525789352757 164.24424543288197 
112.36 30.82 17.0 -1.0 2.226676 87.41338232085164 0.016433178481118856 0.012441761545804354 1.17676749104645 8.0 -1.0 -1.0 -1.0 -1.0 
112.36 30.82 17.0 -1.0 0.0013357810993506606 73.64559345020079 0.010992693280787178 0.009676925646736721 6.09065904600728 4.0 -1.0 -1.0 -1.0 -1.0 
112.36 30.82 17.0 -1.0 1.044 113.35479503502535 0.4768346831124874 0.08432749492156286 2.2822795748883777 2.0 -1.0 -1.0 -1.0 -1.0 
112.36 30.82 17.0 -1.0 5.0214063292 3.357408163193804 0.48313489586663455 0.02626594104114253 27.167759385840544 16.0 28.4088578144645 16.0 5.021380881468455 3.4407297256426292 
112.36 30.82 17.0 -1.0 2.50941 71.88235031413498 0.056672887095357054 0.038707702586946884 2.0070630408840624 8.0 -1.0 -1.0 -1.0 -1.0 
112.36 30.82 17.0 -1.0 4.25081644951 0.0 0.25659070741590534 0.009676925646736721 31.983032858438115 32.0 -1.0 -1.0 -1.0 -1.0 
112.36 30.82 17.0 -1.0 117.30802716915545 80.50533386996368 0.8016603408645061 0.03456044873834543 18.074668250141674 1.0 18.074668058813895 1.0 117.30783929427466 80.55355475328038 
112.36 30.82 17.0 -1.0 118.93649230063717 161.01066773992736 0.06583879113219475 0.022118687192541075 0.9471537505416012 2.0 -1.0 -1.0 -1.0 -1.0 
112.36 30.82 17.0 -1.0 0.045135349189075157 65.5539982367481 6.174176748635792 0.023501105142074888 167.54627042059218 32.0 171.3232287316684 32.0 0.04514125369799634 71.24334490742385 
112.36 30.82 17.0 -1.0 1.863238 241.51600160989102 6.934004168588272 0.08294507697202903 248.46061391210463 8.0 249.8308151018344 16.0 1.863251479032139 241.4582683936269 
112.38 47.04 17.0 -1.0 0.4512443370432862 150.76095942278388 0.4170249281444949 0.02350110514207489 14.519378285067024 8.0 14.547642178730497 8.0 0.45123063803960883 151.6957017275971 
112.38 47.04 17.0 -1.0 193.5841286041917 91.27819193122637 0.3357009693244801 0.09815167441690101 2.5897599521073067 1.0 -1.0 -1.0 -1.0 -1.0 
112.38 47.04 17.0 -1.0 45.102610653564696 31.607840814656072 0.3357009693244801 0.14377146675151697 3.782491871665183 1.0 -1.0 -1.0 -1.0 -1.0 
112.38 47.04 17.0 -1.0 0.45630888762 0.0 0.03297249531200038 0.06773847952715704 -0.010445459162152353 1.0 -1.0 -1.0 -1.0 -1.0 
112.38 47.04 17.0 -1.0 6.367831993811256 40.461787915260025 4.316815788006794 0.1755670795907948 164.15250829276997 2.0 166.68955141428427 4.0 6.367918103933335 40.479173242854465 
112.38 47.04 17.0 -1.0 1.748833 26.674391476819544 4.319799067309056 0.026265941041142528 379.8294985475926 32.0 379.8944684022333 32.0 1.7488370455491047 26.716254340283946 
112.38 47.04 17.0 -1.0 100.33918940462799 31.870457889673986 2.166374691167717 0.024883523091608708 76.67022053674411 4.0 76.82275940535622 4.0 100.33933601031701 31.87734892874789 
112.38 47.04 17.0 -1.0 1.7938390569 62.5216222167648 1.0430420810335899 0.019353851293473442 99.46934100050426 32.0 100.00757320038457 32.0 1.7938267167968056 62.54032266021014 
112.38 47.04 17.0 -1.0 0.425216180759 125.0432444335296 8.41380609938174 0.027648358990676344 529.716345357968 32.0 529.9276325924757 32.0 0.4252190895689031 125.08064532042027 
112.38 47.04 17.0 -1.0 1.37434776862 187.5648666502944 1.3636831407734944 0.03732528463741307 71.69963760630203 16.0 71.87910249797737 16.0 1.374367760339131 187.51977004752328 
112.38 55.19 17.0 -1.0 373.48133934312847 149.3940312717204 0.3448686884309825 0.013824179495338172 -5.031416357260194 1.0 -1.0 -1.0 -1.0 -1.0 
112.38 55.19 17.0 -1.0 6.166248295253428 115.90121141075737 0.4382926385504238 0.024883523091608708 24.20587126841066 16.0 24.450695121138637 16.0 6.166252812060217 115.8716334076709 
112.38 55.19 17.0 -1.0 268.913454 13.492772916961144 0.10693082321643356 0.011059343596270537 1.066401565076554 1.0 -1.0 -1.0 -1.0 -1.0 
112.38 55.19 17.0 -1.0 116.23478976957199 60.136776507114156 0.019789264031317387 0.03041319488974398 1.7688264183246956 1.0 -1.0 -1.0 -1.0 -1.0 
112.38 55.19 17.0 -1.0 2.631925 59.743948941177315 0.12612758521908182 0.06635606157762322 1.2312678397067511 16.0 -1.0 -1.0 -1.0 -1.0 
112.38 55.19 17.0 -1.0 9.283479079243 0.0 0.44778042737789026 0.013824179495338172 46.54775535803632 32.0 -1.0 -1.0 -1.0 -1.0 
112.38 55.19 17.0 -1.0 3.352161172434 56.925838142065174 0.6010047269665363 0.011059343596270537 108.102501406597 32.0 108.10250491446985 32.0 3.352154938814541 56.974436339317656 
112.38 55.19 17.0 -1.0 4.249688210732 113.85167628413035 0.01333866947953543 0.05391430003181887 0.8697179318015029 2.0 -1.0 -1.0 -1.0 -1.0 
112.38 55.19 17.0 -1.0 123.95878503898378 170.77751442619552 0.039405746208593405 0.04423737438508215 0.14572427687184933 4.0 -1.0 -1.0 -1.0 -1.0 
112.38 55.19 17.0 -1.0 494.760636473171 33.16831013258043 2.124871801996183 0.13962421290291552 43.840254228881186 1.0 43.84025429692813 1.0 494.7602671260635 33.192922059140656 
112.38 55.19 17.0 -1.0 373.48133934312847 149.3940312717204 0.3448686884309825 0.013824179495338172 -5.031416357260194 1.0 -1.0 -1.0 -1.0 -1.0 
112.38 55.19 17.0 -1.0 6.166248295253428 115.90121141075737 0.4382926385504238 0.024883523091608708 24.20587126841066 16.0 24.450695121138637 16.0 6.166252812060217 115.8716334076709 
112.38 55.19 17.0 -1.0 268.913454 13.492772916961144 0.10693082321643356 0.011059343596270537 1.066401565076554 1.0 -1.0 -1.0 -1.0 -1.0 
112.38 55.19 17.0 -1.0 116.23478976957199 60.136776507114156 0.019789264031317387 0.03041319488974398 1.7688264183246956 1.0 -1.0 -1.0 -1.0 -1.0 
112.38 55.19 17.0 -1.0 2.631925 59.743948941177315 0.12612758521908182 0.06635606157762322 1.2312678397067511 16.0 -1.0 -1.0 -1.0 -1.0 
112.38 55.19 17.0 -1.0 9.283479079243 0.0 0.44778042737789026 0.013824179495338172 46.54775535803632 32.0 -1.0 -1.0 -1.0 -1.0 
112.38 55.19 17.0 -1.0 3.352161172434 56.925838142065174 0.6010047269665363 0.011059343596270537 108.102501406597 32.0 108.10250491446985 32.0 3.352154938814541 56.974436339317656 
112.38 55.19 17.0 -1.0 4.249688210732 113.85167628413035 0.01333866947953543 0.05391430003181887 0.8697179318015029 2.0 -1.0 -1.0 -1.0 -1.0 
112.38 55.19 17.0 -1.0 123.95878503898378 170.77751442619552 0.039405746208593405 0.04423737438508215 0.14572427687184933 4.0 -1.0 -1.0 -1.0 -1.0 
112.38 55.19 17.0 -1.0 494.760636473171 33.16831013258043 2.124871801996183 0.13962421290291552 43.840254228881186 1.0 43.84025429692813 1.0 494.7602671260635 33.192922059140656 
112.38 55.19 17.0 -1.0 373.48133934312847 149.3940312717204 0.3448686884309825 0.013824179495338172 -5.031416357260194 1.0 -1.0 -1.0 -1.0 -1.0 
112.38 55.19 17.0 -1.0 6.166248295253428 115.90121141075737 0.4382926385504238 0.024883523091608708 24.205871268410654 16.0 24.450695121138637 16.0 6.166252812060217 115.8716334076709 
112.38 55.19 17.0 -1.0 268.913454 13.492772916961144 0.10693082321643356 0.011059343596270537 1.066401565076554 1.0 -1.0 -1.0 -1.0 -1.0 
112.38 55.19 17.0 -1.0 116.23478976957199 60.136776507114156 0.019789264031317384 0.03041319488974398 1.7688264183246956 1.0 -1.0 -1.0 -1.0 -1.0 
112.38 55.19 17.0 -1.0 2.631925 59.743948941177315 0.12612758521908182 0.06635606157762322 1.2312678397067511 16.0 -1.0 -1.0 -1.0 -1.0 
112.38 55.19 17.0 -1.0 9.283479079243 0.0 0.4477804273778902 0.013824179495338172 46.54775535803632 32.0 -1.0 -1.0 -1.0 -1.0 
112.38 55.19 17.0 -1.0 3.352161172434 56.925838142065174 0.6010047269665363 0.011059343596270537 108.102501406597 32.0 108.10250491446985 32.0 3.352154938814541 56.974436339317656 
112.38 55.19 17.0 -1.0 4.249688210732 113.85167628413035 0.013338669479535428 0.05391430003181887 0.8697179318015029 2.0 -1.0 -1.0 -1.0 -1.0 
112.38 55.19 17.0 -1.0 123.95878503898378 170.77751442619552 0.039405746208593405 0.04423737438508215 0.14572427687184933 4.0 -1.0 -1.0 -1.0 -1.0 
112.38 55.19 17.0 -1.0 494.760636473171 33.16831013258043 2.1248718019961825 0.13962421290291552 43.840254228881186 1.0 43.84025429692813 1.0 494.7602671260635 33.192922059140656 
112.41 23.28 17.0 -1.0 314.465409 80.7756800737743 0.23536244866247885 0.04838462823368359 1.419381669317244 1.0 -1.0 -1.0 -1.0 -1.0 
112.41 23.28 17.0 -1.0 2.344843177122 12.714189428892807 0.11191927559403983 0.008294507697202903 5.571135959445724 32.0 10.735183329735452 32.0 2.344828923620905 12.852137504606292 
112.41 23.28 17.0 -1.0 57.80624908500715 48.58443449849251 0.011795250557810912 0.03732528463741307 -inf 1.0 -1.0 -1.0 -1.0 -1.0 
112.41 23.28 17.0 -1.0 22.95193618464005 28.836863683403685 0.05952199345230122 0.11750552571037445 1.6757573653536215 1.0 -1.0 -1.0 -1.0 -1.0 
112.41 23.28 17.0 -1.0 279.5965821510426 79.07143766096526 0.4755188273662868 0.011059343596270537 25.296681297039637 1.0 25.296681311188877 1.0 279.59661868711316 79.03558575667333 
112.41 23.28 17.0 -1.0 0.413091535405 90.16253907765899 0.03739015587920551 0.0483846282336836 1.3465588174056746 2.0 -1.0 -1.0 -1.0 -1.0 
112.41 23.28 17.0 -1.0 262.467192 180.32507815531798 0.06777711961798845 0.02350110514207489 -inf 1.0 -1.0 -1.0 -1.0 -1.0 
112.41 23.28 17.0 -1.0 55.784893 19.477056146388982 3.6648517020634492 0.027648358990676344 235.1748653472679 8.0 235.17487017514904 8.0 55.784888293904565 19.430003156570145 
112.41 23.28 17.0 -1.0 0.008395655732627903 0.0 1.1023112262722892 0.011059343596270537 10.043843316472357 32.0 -1.0 -1.0 -1.0 -1.0 
112.41 23.28 17.0 -1.0 2.9832171974326345 270.48761723297696 1.7487360877020113 0.07879782312342758 45.165572029428596 8.0 45.165571890351316 8.0 2.983142621815205 270.40087726226784 
112.46 31.23 17.0 -1.0 0.6936019125996 52.16791530621981 0.1898575371148436 0.008294507697202903 53.22938991506546 32.0 54.427672132294035 32.0 0.6936109760620942 52.21813348328225 
112.46 31.23 17.0 -1.0 0.40973210981354136 99.88480664594563 0.026469288908076254 0.019353851293473442 1.607248868166555 2.0 -1.0 -1.0 -1.0 -1.0 
112.46 31.23 17.0 -1.0 0.26357448179837883 98.49685293596363 0.23341932760406384 0.016589015394405805 10.984631797825438 32.0 11.183798859031985 32.0 0.2635715645737946 98.46558891324348 
112.46 31.23 17.0 -1.0 2.599027796987762 0.0 0.7222472028860831 0.008294507697202903 138.24871960879807 32.0 -1.0 -1.0 -1.0 -1.0 
112.46 31.23 17.0 -1.0 242.47326784448205 159.51895570241342 0.01867356005517757 0.029030776940210157 0.5007869138601994 2.0 -1.0 -1.0 -1.0 -1.0 
112.46 31.23 17.0 -1.0 2.04816460208 61.62035867592477 6.543070174821707 0.02073626924300726 571.4360516245575 32.0 571.4560889079796 32.0 2.0481517519025756 61.62954126224592 
112.46 31.23 17.0 -1.0 0.009417802525704944 221.21110508747518 4.340739829728949 0.009676925646736721 149.0311895640892 32.0 -1.0 -1.0 -1.0 -1.0 
112.46 31.23 17.0 -1.0 2.505196756058 89.95375854866067 4.084708942126881 0.1769494975403286 71.46093404584646 2.0 71.92582908480776 8.0 2.50523347252359 90.16735839845832 
112.46 31.23 17.0 -1.0 0.0015616813971136589 79.75947785120671 6.18698620829759 0.03732528463741307 37.63283713681544 4.0 -1.0 -1.0 -1.0 -1.0 
112.46 31.23 17.0 -1.0 0.947562 239.27843355362012 2.822572230737664 0.011059343596270537 549.5646019733263 32.0 549.5646078240467 32.0 0.9475722132871549 239.2319138652699 
112.46 31.23 17.0 -1.0 0.6936019125996 52.16791530621981 0.1898575371148436 0.008294507697202903 53.22938991506546 32.0 54.427672132294035 32.0 0.6936109760620942 52.21813348328225 
112.46 31.23 17.0 -1.0 0.40973210981354136 99.88480664594563 0.026469288908076254 0.019353851293473442 1.607248868166555 2.0 -1.0 -1.0 -1.0 -1.0 
112.46 31.23 17.0 -1.0 0.26357448179837883 98.49685293596363 0.23341932760406384 0.016589015394405805 10.984631797825438 32.0 11.183798859031985 32.0 0.2635715645737946 98.46558891324348 
112.46 31.23 17.0 -1.0 2.599027796987762 0.0 0.7222472028860831 0.008294507697202903 138.24871960879807 32.0 -1.0 -1.0 -1.0 -1.0 
112.46 31.23 17.0 -1.0 242.47326784448205 159.51895570241342 0.01867356005517757 0.029030776940210157 0.5007869138601994 2.0 -1.0 -1.0 -1.0 -1.0 
112.46 31.23 17.0 -1.0 2.04816460208 61.62035867592477 6.543070174821707 0.02073626924300726 571.4360516245575 32.0 571.4560889079796 32.0 2.0481517519025756 61.62954126224592 
112.46 31.23 17.0 -1.0 0.009417802525704944 221.21110508747518 4.340739829728949 0.009676925646736721 149.0311895640892 32.0 -1.0 -1.0 -1.0 -1.0 
112.46 31.23 17.0 -1.0 2.505196756058 89.95375854866067 4.084708942126881 0.1769494975403286 71.46093404584646 2.0 71.92582908480776 8.0 2.50523347252359 90.16735839845832 
112.46 31.23 17.0 -1.0 0.0015616813971136589 79.75947785120671 6.18698620829759 0.03732528463741307 37.63283713681544 4.0 -1.0 -1.0 -1.0 -1.0 
112.46 31.23 17.0 -1.0 0.947562 239.27843355362012 2.822572230737664 0.011059343596270537 549.5646019733263 32.0 549.5646078240467 32.0 0.9475722132871549 239.2319138652699 
112.51 63.06 17.0 -1.0 0.03968573734943337 72.96780614903807 0.6199822243527843 0.02211868719254107 7.557328646737984 32.0 8.838162897774914 32.0 0.03968428548735877 79.2379816228876 
112.51 63.06 17.0 -1.0 0.817936 115.31300398143972 0.05710520140181009 0.02350110514207489 1.4157989570948137 8.0 -1.0 -1.0 -1.0 -1.0 
112.51 63.06 17.0 -1.0 0.4973 71.51270089533779 0.012362582730615957 0.016589015394405805 1.2553343732440538 2.0 -1.0 -1.0 -1.0 -1.0 
112.51 63.06 17.0 -1.0 13.21720023548 28.25193121791122 0.09687207888943979 0.02350110514207489 2.0092602008072347 16.0 -1.0 -1.0 -1.0 -1.0 
112.51 63.06 17.0 -1.0 0.74884614571 54.492874276214174 0.2976784356556116 0.027648358990676348 8.963539148695116 16.0 9.056469946300671 16.0 0.7488779374398292 54.343290078532114 
112.51 63.06 17.0 -1.0 136.51773545661914 108.98574855242835 0.08519086722719439 0.013824179495338172 1.892040929730224 1.0 -1.0 -1.0 -1.0 -1.0 
112.51 63.06 17.0 -1.0 4.32904344 163.47862282864253 0.02589055225122902 0.017971433343939622 2.084908293871195 4.0 -1.0 -1.0 -1.0 -1.0 
112.51 63.06 17.0 -1.0 0.9243476491536 48.427210802924215 7.559409094159965 0.05391430003181887 295.60818711972234 32.0 295.6986690863036 32.0 0.9243497819018861 48.47380995831822 
112.51 63.06 17.0 -1.0 0.0014376993196681743 132.28378210886558 1.2396792470772953 0.012441761545804354 26.298840144230166 4.0 -1.0 -1.0 -1.0 -1.0 
112.51 63.06 17.0 -1.0 7.481282565107 0.0 8.910354636170874 0.01520659744487199 1300.1445376289662 32.0 -1.0 -1.0 -1.0 -1.0 
112.67 22.84 17.0 -1.0 0.2684643077937753 69.41691602142548 0.021544346900318846 0.03732528463741307 2.397311737964766 4.0 -1.0 -1.0 -1.0 -1.0 
112.67 22.84 17.0 -1.0 1.8744076182 97.0112180423648 0.041933610431463035 0.06773847952715704 0.03178981760358082 1.0 -1.0 -1.0 -1.0 -1.0 
112.67 22.84 17.0 -1.0 1.010308367171 28.56441420136297 0.4025876851773462 0.009676925646736721 62.95947325712694 32.0 63.61840456503157 32.0 1.010297031219428 28.537817136212393 
112.67 22.84 17.0 -1.0 505.05656417562 123.85098836741906 0.10553641568759797 0.009676925646736721 2.3449509278951113 1.0 -1.0 -1.0 -1.0 -1.0 
112.67 22.84 17.0 -1.0 3.26978936174 9.620279122534509 0.16007386532839324 0.016589015394405805 9.643197671114907 32.0 9.763693769486656 32.0 3.269785035323973 9.613803645177933 
112.67 22.84 17.0 -1.0 279.6976986512927 89.81621937088941 0.010365769805511522 0.019353851293473442 -0.2013925997847942 1.0 -1.0 -1.0 -1.0 -1.0 
112.67 22.84 17.0 -1.0 1.0442557278881 179.63243874177883 0.02495972085532893 0.01520659744487199 1.1846742684944207 1.0 -1.0 -1.0 -1.0 -1.0 
112.67 22.84 17.0 -1.0 0.09415524934378801 269.4486581126682 0.15820489688171066 0.016589015394405805 4.720849777786007 32.0 -1.0 -1.0 -1.0 -1.0 
112.67 22.84 17.0 -1.0 0.9901324118402847 126.51879686358409 4.987349310610307 0.016589015394405805 646.2219097777177 32.0 646.2588893365879 32.0 0.990136565330128 126.49741638392021 
112.67 22.84 17.0 -1.0 2.83973605453 0.0 5.2236226600888855 0.017971433343939622 715.9438586260032 32.0 13.38473599380469 2.0 22.716024735321604 3.137135926321221 
112.74 30.82 17.0 -1.0 1.5256547469098 110.24440367228722 0.016835368321843135 0.016589015394405805 1.2232257715607155 8.0 -1.0 -1.0 -1.0 -1.0 
112.74 30.82 17.0 -1.0 0.0065506065119920924 1.5752610180495683 0.0552807921196648 0.035942866687879244 -0.0017224782917256477 1.0 -1.0 -1.0 -1.0 -1.0 
112.74 30.82 17.0 -1.0 0.74293532495 10.35853457323504 0.08536761127287494 0.052531882082285056 0.14179278835806927 16.0 -1.0 -1.0 -1.0 -1.0 
112.74 30.82 17.0 -1.0 15.673575030148907 47.09075740320907 0.0611052616207523 0.04423737438508215 1.0168801914910501 8.0 -1.0 -1.0 -1.0 -1.0 
112.74 30.82 17.0 -1.0 127.582438285 79.5506814115032 0.03432049597686392 0.02350110514207489 1.2091176848786929 2.0 -1.0 -1.0 -1.0 -1.0 
112.74 30.82 17.0 -1.0 0.461917 71.65050873007279 3.550218032003879 0.024883523091608708 258.6073655646759 32.0 258.7858552649861 32.0 0.4619323590304703 71.74933457295953 
112.74 30.82 17.0 -1.0 1.214698 30.45504634895832 4.6255834094871675 0.05529671798135269 154.61474091209323 16.0 155.096421232074 16.0 1.214721123687923 30.46057786524798 
112.74 30.82 17.0 -1.0 4.833299389106393 0.0 4.070623786937131 0.04147253848601452 191.6649117097208 16.0 -1.0 -1.0 -1.0 -1.0 
112.74 30.82 17.0 -1.0 1.634254 159.1013628230064 1.5941172158710846 0.08985716671969811 29.201334857139525 8.0 29.21304272541687 8.0 1.634301346105834 158.98195291131088 
112.74 30.82 17.0 -1.0 1.154277886 238.65204423450962 9.81520082413826 0.04423737438508215 474.9545497855163 16.0 504.93908658758056 32.0 1.1542700425100825 238.62472626662702 
112.74 30.82 17.0 -1.0 1.5256547469098 110.24440367228722 0.016835368321843135 0.016589015394405805 1.2232257715607155 8.0 -1.0 -1.0 -1.0 -1.0 
112.74 30.82 17.0 -1.0 0.0065506065119920924 1.5752610180495683 0.0552807921196648 0.035942866687879244 -0.0017224782917256477 1.0 -1.0 -1.0 -1.0 -1.0 
112.74 30.82 17.0 -1.0 0.74293532495 10.35853457323504 0.08536761127287494 0.052531882082285056 0.14179278835806927 16.0 -1.0 -1.0 -1.0 -1.0 
112.74 30.82 17.0 -1.0 15.673575030148907 47.09075740320907 0.0611052616207523 0.04423737438508215 1.0168801914910501 8.0 -1.0 -1.0 -1.0 -1.0 
112.74 30.82 17.0 -1.0 127.582438285 79.5506814115032 0.03432049597686392 0.02350110514207489 1.2091176848786929 2.0 -1.0 -1.0 -1.0 -1.0 
112.74 30.82 17.0 -1.0 0.461917 71.65050873007279 3.550218032003879 0.024883523091608708 258.6073655646759 32.0 258.7858552649861 32.0 0.4619323590304703 71.74933457295953 
112.74 30.82 17.0 -1.0 1.214698 30.45504634895832 4.6255834094871675 0.05529671798135269 154.61474091209323 16.0 155.096421232074 16.0 1.214721123687923 30.46057786524798 
112.74 30.82 17.0 -1.0 4.833299389106393 0.0 4.070623786937131 0.04147253848601452 191.6649117097208 16.0 -1.0 -1.0 -1.0 -1.0 
112.74 30.82 17.0 -1.0 1.634254 159.1013628230064 1.5941172158710846 0.08985716671969811 29.201334857139525 8.0 29.21304272541687 8.0 1.634301346105834 158.98195291131088 
112.74 30.82 17.0 -1.0 1.154277886 238.65204423450962 9.81520082413826 0.04423737438508215 474.9545497855163 16.0 504.93908658758056 32.0 1.1542700425100825 238.62472626662702 
112.76 23.28 17.0 -1.0 0.019646143455403598 81.11100103795187 0.021678718365393222 0.006912089747669086 0.8630853962873464 1.0 -1.0 -1.0 -1.0 -1.0 
112.76 23.28 17.0 -1.0 0.035378506543531044 45.52148017436074 0.02523714389928635 0.03732528463741307 1.4867924060138902 1.0 -1.0 -1.0 -1.0 -1.0 
112.76 23.28 17.0 -1.0 48.32130509133046 55.18645133161504 0.2508071620172219 0.019353851293473442 15.04845098516296 4.0 15.048451303040695 4.0 48.321332239235446 55.1528735433892 
112.76 23.28 17.0 -1.0 0.020195383324503626 90.34879114958167 0.022132705406142084 0.035942866687879244 0.7140543607179622 1.0 -1.0 -1.0 -1.0 -1.0 
112.76 23.28 17.0 -1.0 30.623932 151.22209015107285 0.15495979097850854 0.022118687192541075 5.010680515377464 4.0 -1.0 -1.0 -1.0 -1.0 
112.76 23.28 17.0 -1.0 166.64990604074 0.0 0.06611226376675329 0.01520659744487199 1.8113069106158328 2.0 -1.0 -1.0 -1.0 -1.0 
112.76 23.28 17.0 -1.0 482.506719 88.98715156665357 0.012841355261696443 0.05529671798135269 0.030859532412777477 1.0 -1.0 -1.0 -1.0 -1.0 
112.76 23.28 17.0 -1.0 0.2102255216 177.97430313330713 0.42870960754281573 0.049767046183217416 4.588883571634687 8.0 -1.0 -1.0 -1.0 -1.0 
112.76 23.28 17.0 -1.0 1.26385141176 266.9614546999607 0.05444695511769044 0.1755670795907948 0.7174757921338465 2.0 -1.0 -1.0 -1.0 -1.0 
112.76 23.28 17.0 -1.0 1.31252674625 192.52515749989166 2.79154468724202 0.04700221028414978 114.43193087928492 16.0 114.55092375176334 16.0 1.312522120618572 192.37727083666584 
112.76 23.28 17.0 -1.0 0.019646143455403598 81.11100103795187 0.021678718365393222 0.006912089747669086 0.8630853962873464 1.0 -1.0 -1.0 -1.0 -1.0 
112.76 23.28 17.0 -1.0 0.035378506543531044 45.52148017436074 0.02523714389928635 0.03732528463741307 1.4867924060138902 1.0 -1.0 -1.0 -1.0 -1.0 
112.76 23.28 17.0 -1.0 48.32130509133046 55.18645133161504 0.2508071620172219 0.019353851293473442 15.04845098516296 4.0 15.048451303040695 4.0 48.321332239235446 55.1528735433892 
112.76 23.28 17.0 -1.0 0.020195383324503626 90.34879114958167 0.022132705406142084 0.035942866687879244 0.7140543607179622 1.0 -1.0 -1.0 -1.0 -1.0 
112.76 23.28 17.0 -1.0 30.623932 151.22209015107285 0.15495979097850854 0.022118687192541075 5.010680515377464 4.0 -1.0 -1.0 -1.0 -1.0 
112.76 23.28 17.0 -1.0 166.64990604074 0.0 0.06611226376675329 0.01520659744487199 1.8113069106158328 2.0 -1.0 -1.0 -1.0 -1.0 
112.76 23.28 17.0 -1.0 482.506719 88.98715156665357 0.012841355261696443 0.05529671798135269 0.030859532412777477 1.0 -1.0 -1.0 -1.0 -1.0 
112.76 23.28 17.0 -1.0 0.2102255216 177.97430313330713 0.42870960754281573 0.049767046183217416 4.588883571634687 8.0 -1.0 -1.0 -1.0 -1.0 
112.76 23.28 17.0 -1.0 1.26385141176 266.9614546999607 0.05444695511769044 0.1755670795907948 0.7174757921338465 2.0 -1.0 -1.0 -1.0 -1.0 
112.76 23.28 17.0 -1.0 1.31252674625 192.52515749989166 2.79154468724202 0.04700221028414978 114.43193087928492 16.0 114.55092375176334 16.0 1.312522120618572 192.37727083666584 
112.83 31.23 17.0 -1.0 0.92794739509 81.92199229065479 0.1174645963670884 0.03732528463741307 2.422482533193252 8.0 -1.0 -1.0 -1.0 -1.0 
112.83 31.23 17.0 -1.0 0.0865148188 83.64791016575371 0.06489051458090826 0.017971433343939622 -0.8170175264709094 2.0 -1.0 -1.0 -1.0 -1.0 
112.83 31.23 17.0 -1.0 0.027858516320436486 92.04107243507043 0.01764512187842863 0.1451538847010508 0.03477919422130444 4.0 -1.0 -1.0 -1.0 -1.0 
112.83 31.23 17.0 -1.0 0.0037565564203506045 132.16275235346615 0.5329330663090827 0.0884747487701643 4.629891652818524 1.0 -1.0 -1.0 -1.0 -1.0 
112.83 31.23 17.0 -1.0 3.664 34.825712740009955 0.011975890895574543 0.049767046183217416 1.487124739101908 2.0 -1.0 -1.0 -1.0 -1.0 
112.83 31.23 17.0 -1.0 0.634563531429 7.896665346343059 0.01668484714189128 0.019353851293473442 1.1739512266080085 1.0 -1.0 -1.0 -1.0 -1.0 
112.83 31.23 17.0 -1.0 3.39947879385 0.0 0.05474870327880004 0.012441761545804354 1.5799467254864026 32.0 -1.0 -1.0 -1.0 -1.0 
112.83 31.23 17.0 -1.0 172.70704460237 78.80115448910603 0.02724855863352144 0.035942866687879244 1.180894913462224 2.0 -1.0 -1.0 -1.0 -1.0 
112.83 31.23 17.0 -1.0 1.035 157.60230897821205 0.21044194797562457 0.06220880772902178 1.635697136472826 8.0 -1.0 -1.0 -1.0 -1.0 
112.83 31.23 17.0 -1.0 0.54619216715 236.4034634673181 0.09281042462954986 0.017971433343939622 2.0175199242865127 8.0 -1.0 -1.0 -1.0 -1.0 
112.83 31.23 17.0 -1.0 0.92794739509 81.92199229065479 0.1174645963670884 0.03732528463741307 2.422482533193252 8.0 -1.0 -1.0 -1.0 -1.0 
112.83 31.23 17.0 -1.0 0.0865148188 83.64791016575371 0.06489051458090826 0.017971433343939622 -0.8170175264709094 2.0 -1.0 -1.0 -1.0 -1.0 
112.83 31.23 17.0 -1.0 0.027858516320436486 92.04107243507043 0.01764512187842863 0.1451538847010508 0.03477919422130444 4.0 -1.0 -1.0 -1.0 -1.0 
112.83 31.23 17.0 -1.0 0.0037565564203506045 132.16275235346615 0.5329330663090827 0.0884747487701643 4.629891652818524 1.0 -1.0 -1.0 -1.0 -1.0 
112.83 31.23 17.0 -1.0 3.664 34.825712740009955 0.011975890895574543 0.049767046183217416 1.487124739101908 2.0 -1.0 -1.0 -1.0 -1.0 
112.83 31.23 17.0 -1.0 0.634563531429 7.896665346343059 0.01668484714189128 0.019353851293473442 1.1739512266080085 1.0 -1.0 -1.0 -1.0 -1.0 
112.83 31.23 17.0 -1.0 3.39947879385 0.0 0.05474870327880004 0.012441761545804354 1.5799467254864026 32.0 -1.0 -1.0 -1.0 -1.0 
112.83 31.23 17.0 -1.0 172.70704460237 78.80115448910603 0.02724855863352144 0.035942866687879244 1.180894913462224 2.0 -1.0 -1.0 -1.0 -1.0 
112.83 31.23 17.0 -1.0 1.035 157.60230897821205 0.21044194797562457 0.06220880772902178 1.635697136472826 8.0 -1.0 -1.0 -1.0 -1.0 
112.83 31.23 17.0 -1.0 0.54619216715 236.4034634673181 0.09281042462954986 0.017971433343939622 2.0175199242865127 8.0 -1.0 -1.0 -1.0 -1.0 
112.92 31.64 17.0 -1.0 1.3423243983 143.10480513216075 0.09071848096673421 0.13132970520571263 2.2854738896445697 1.0 -1.0 -1.0 -1.0 -1.0 
112.92 31.64 17.0 -1.0 5.32298769447567 32.69093568393003 0.7944928789996554 0.06359122567855559 14.81457360693573 8.0 14.829080559293992 8.0 5.322969324576358 32.58573446049785 
112.92 31.64 17.0 -1.0 5.390249757313 58.26292835359449 0.027361740163578258 0.06635606157762322 2.1588128191989284 1.0 -1.0 -1.0 -1.0 -1.0 
112.92 31.64 17.0 -1.0 188.31935498014272 125.98655729193665 0.049189135163174066 0.03456044873834543 1.3013296835876131 1.0 -1.0 -1.0 -1.0 -1.0 
112.92 31.64 17.0 -1.0 60.524717788002484 78.05077982416817 0.3194114167045783 0.02073626924300726 8.416615339472916 2.0 8.416615222719658 2.0 60.52481088166436 78.02360642560197 
112.92 31.64 17.0 -1.0 436.6425457769893 156.10155964833635 0.020064587839707698 0.026265941041142528 1.1603743287824186 1.0 -1.0 -1.0 -1.0 -1.0 
112.92 31.64 17.0 -1.0 343.83061005579384 234.15233947250454 0.06312189347811605 0.02350110514207489 1.2097877778490185 1.0 -1.0 -1.0 -1.0 -1.0 
112.92 31.64 17.0 -1.0 7.842555797385 99.59494947260345 9.345382032112324 0.04700221028414978 555.1172852007414 16.0 555.3243994567396 16.0 7.842512180407843 99.57876617742197 
112.92 31.64 17.0 -1.0 287.3181194693 64.91351985376363 3.733852997740587 0.011059343596270537 1.3453029605321427 1.0 -1.0 -1.0 -1.0 -1.0 
112.92 31.64 17.0 -1.0 0.809786434982 0.0 2.9036635617833264 0.03456044873834543 108.88014352366713 32.0 -1.0 -1.0 -1.0 -1.0 
112.92 31.64 17.0 -1.0 1.3423243983 143.10480513216075 0.09071848096673421 0.13132970520571263 2.2854738896445697 1.0 -1.0 -1.0 -1.0 -1.0 
112.92 31.64 17.0 -1.0 5.32298769447567 32.69093568393003 0.7944928789996554 0.06359122567855559 14.81457360693573 8.0 14.829080559293992 8.0 5.322969324576358 32.58573446049785 
112.92 31.64 17.0 -1.0 5.390249757313 58.26292835359449 0.027361740163578258 0.06635606157762322 2.1588128191989284 1.0 -1.0 -1.0 -1.0 -1.0 
112.92 31.64 17.0 -1.0 188.31935498014272 125.98655729193665 0.049189135163174066 0.03456044873834543 1.3013296835876131 1.0 -1.0 -1.0 -1.0 -1.0 
112.92 31.64 17.0 -1.0 60.524717788002484 78.05077982416817 0.3194114167045783 0.02073626924300726 8.416615339472916 2.0 8.416615222719658 2.0 60.52481088166436 78.02360642560197 
112.92 31.64 17.0 -1.0 436.6425457769893 156.10155964833635 0.020064587839707698 0.026265941041142528 1.1603743287824186 1.0 -1.0 -1.0 -1.0 -1.0 
112.92 31.64 17.0 -1.0 343.83061005579384 234.15233947250454 0.06312189347811605 0.02350110514207489 1.2097877778490185 1.0 -1.0 -1.0 -1.0 -1.0 
112.92 31.64 17.0 -1.0 7.842555797385 99.59494947260345 9.345382032112324 0.04700221028414978 555.1172852007414 16.0 555.3243994567396 16.0 7.842512180407843 99.57876617742197 
112.92 31.64 17.0 -1.0 287.3181194693 64.91351985376363 3.733852997740587 0.011059343596270537 1.3453029605321427 1.0 -1.0 -1.0 -1.0 -1.0 
112.92 31.64 17.0 -1.0 0.809786434982 0.0 2.9036635617833264 0.03456044873834543 108.88014352366713 32.0 -1.0 -1.0 -1.0 -1.0 
112.94 55.19 17.0 -1.0 1.596821246630255 95.44957228560278 0.21798863071150054 0.011059343596270537 29.47413356149978 32.0 29.50961097244585 32.0 1.5968301643927894 95.42965092002939 
112.94 55.19 17.0 -1.0 1.5605486450070734 43.49215773820881 0.09410167626613881 0.045619792334615966 -5.436259936327687 32.0 -1.0 -1.0 -1.0 -1.0 
112.94 55.19 17.0 -1.0 25.864857141861386 40.21419402367404 0.10670943496365924 0.02764835899067634 1.22263367103539 1.0 -1.0 -1.0 -1.0 -1.0 
112.94 55.19 17.0 -1.0 178.7007498973 117.21254787488522 0.01218452436843789 0.10921101801317155 0.9095304083827151 2.0 -1.0 -1.0 -1.0 -1.0 
112.94 55.19 17.0 -1.0 0.497577 101.27894074701773 0.030538555088334154 0.017971433343939622 0.2519127301952123 8.0 -1.0 -1.0 -1.0 -1.0 
112.94 55.19 17.0 -1.0 0.25058183188379657 56.31676835332167 0.042341152616601714 0.13132970520571263 -0.28947794765116414 1.0 -1.0 -1.0 -1.0 -1.0 
112.94 55.19 17.0 -1.0 7.92393 112.63353670664334 0.012167700767580156 0.08432749492156286 1.1369940966891003 8.0 -1.0 -1.0 -1.0 -1.0 
112.94 55.19 17.0 -1.0 0.005706995932595334 27.6430342112314 5.956312810798625 0.022118687192541075 57.45270857383754 8.0 -1.0 -1.0 -1.0 -1.0 
112.94 55.19 17.0 -1.0 1.979022 0.0 4.067812589587063 0.08156265902249521 54.541087486586896 8.0 -1.0 -1.0 -1.0 -1.0 
112.94 55.19 17.0 -1.0 227.36451719642918 168.95030505996502 4.761763007135331 0.03317803078881161 82.08912982924838 1.0 82.245481687517 2.0 227.3644592302541 168.89935035581024 
112.94 62.27 17.0 -1.0 0.0013921866951902594 121.57472621002967 0.01339407391545149 0.06773847952715704 4.260413794149742 1.0 -1.0 -1.0 -1.0 -1.0 
112.94 62.27 17.0 -1.0 0.0985831114281693 77.56474066718904 0.6169912824917189 0.20321543858147115 2.2836340829496686 1.0 -1.0 -1.0 -1.0 -1.0 
112.94 62.27 17.0 -1.0 0.4309766901630031 51.08360237285176 0.8679482850487058 0.009676925646736721 167.18261038853856 32.0 168.0298838416375 32.0 0.4309792226801316 50.90256035288949 
112.94 62.27 17.0 -1.0 1.16364520997 38.22693621761213 0.016987247418078028 0.11612310776084063 0.03180945136562388 8.0 -1.0 -1.0 -1.0 -1.0 
112.94 62.27 17.0 -1.0 0.005526332034919469 8.592892500198282 0.012294446201673309 0.08709233082063048 0.49840967256204705 1.0 -1.0 -1.0 -1.0 -1.0 
112.94 62.27 17.0 -1.0 3.2854634388411066 17.33281167815661 0.7988960042935234 0.08709233082063048 8.328996763284676 4.0 8.598471730078154 4.0 3.28533739472429 17.9120341599631 
112.94 62.27 17.0 -1.0 0.006170724176712507 0.0 0.014332291466980361 0.03041319488974398 0.5076016217215014 16.0 -1.0 -1.0 -1.0 -1.0 
112.94 62.27 17.0 -1.0 4.167535 54.44887966380393 0.432577181242189 0.03456044873834543 13.823624828590743 8.0 16.36778806453835 8.0 4.16754725544403 54.444488011639244 
112.94 62.27 17.0 -1.0 11.1946499395 108.89775932760786 0.7317899463156683 0.05529671798135269 20.57879757439428 8.0 20.71212217426983 8.0 11.194667119222384 108.88897602327849 
112.94 62.27 17.0 -1.0 384.138167 163.3466389914118 0.026949024815046144 0.023501105142074888 -0.4042211603958062 1.0 -1.0 -1.0 -1.0 -1.0 
112.94 62.27 17.0 -1.0 0.0013921866951902594 121.57472621002967 0.01339407391545149 0.06773847952715704 4.260413794149742 1.0 -1.0 -1.0 -1.0 -1.0 
112.94 62.27 17.0 -1.0 0.0985831114281693 77.56474066718904 0.6169912824917189 0.20321543858147115 2.2836340829496686 1.0 -1.0 -1.0 -1.0 -1.0 
112.94 62.27 17.0 -1.0 0.4309766901630031 51.08360237285176 0.8679482850487058 0.009676925646736721 167.18261038853856 32.0 168.0298838416375 32.0 0.4309792226801316 50.90256035288949 
112.94 62.27 17.0 -1.0 1.16364520997 38.22693621761213 0.016987247418078028 0.11612310776084063 0.03180945136562388 8.0 -1.0 -1.0 -1.0 -1.0 
112.94 62.27 17.0 -1.0 0.005526332034919469 8.592892500198282 0.012294446201673309 0.08709233082063048 0.49840967256204705 1.0 -1.0 -1.0 -1.0 -1.0 
112.94 62.27 17.0 -1.0 3.2854634388411066 17.33281167815661 0.7988960042935234 0.08709233082063048 8.328996763284676 4.0 8.598471730078154 4.0 3.28533739472429 17.9120341599631 
112.94 62.27 17.0 -1.0 0.006170724176712507 0.0 0.014332291466980361 0.03041319488974398 0.5076016217215014 16.0 -1.0 -1.0 -1.0 -1.0 
112.94 62.27 17.0 -1.0 4.167535 54.44887966380393 0.432577181242189 0.03456044873834543 13.823624828590743 8.0 16.36778806453835 8.0 4.16754725544403 54.444488011639244 
112.94 62.27 17.0 -1.0 11.1946499395 108.89775932760786 0.7317899463156683 0.05529671798135269 20.57879757439428 8.0 20.71212217426983 8.0 11.194667119222384 108.88897602327849 
112.94 62.27 17.0 -1.0 384.138167 163.3466389914118 0.026949024815046144 0.023501105142074888 -0.4042211603958062 1.0 -1.0 -1.0 -1.0 -1.0 
113.07 62.67 17.0 -1.0 5.39635989339 18.203199978638338 0.4281176731264129 0.03317803078881161 16.84174970729592 8.0 17.486052486941414 16.0 5.396395863499492 18.215627959284507 
113.07 62.67 17.0 -1.0 1.110678168087891 61.87784272058171 0.07803496302363373 0.06220880772902178 1.5551738467799487 1.0 -1.0 -1.0 -1.0 -1.0 
113.07 62.67 17.0 -1.0 2.1825820956319593 27.557395849487406 0.10416019161885351 0.017971433343939622 0.6261886606873124 8.0 -1.0 -1.0 -1.0 -1.0 
113.07 62.67 17.0 -1.0 0.8071007157385 44.489468166233365 0.022502730736303413 0.016589015394405805 0.9867080889295873 32.0 -1.0 -1.0 -1.0 -1.0 
113.07 62.67 17.0 -1.0 1.3721290465114018 54.31626278317062 0.10423217498785417 0.04285495643554833 3.0675086941335756 8.0 -1.0 -1.0 -1.0 -1.0 
113.07 62.67 17.0 -1.0 46.13344 108.63252556634124 0.2173870771700178 0.035942866687879244 3.8488038091863994 2.0 -1.0 -1.0 -1.0 -1.0 
113.07 62.67 17.0 -1.0 11.5729846782674 162.94878834951186 0.17463215463497664 0.008294507697202903 8.923990727989601 8.0 8.923989761320867 8.0 11.573016915159922 162.92867230248922 
113.07 62.67 17.0 -1.0 0.00625638591189179 36.390103448790875 3.6547383098503357 0.02073626924300726 26.570277973482586 16.0 -1.0 -1.0 -1.0 -1.0 
113.07 62.67 17.0 -1.0 0.017757006264202565 23.874384931696657 7.733727025640296 0.02073626924300726 85.3257412375146 32.0 -1.0 -1.0 -1.0 -1.0 
113.07 62.67 17.0 -1.0 46.142765 0.0 6.014200712968409 0.022118687192541075 374.6557996351615 8.0 -1.0 -1.0 -1.0 -1.0 
113.07 62.67 17.0 -1.0 5.39635989339 18.203199978638338 0.42811767312641297 0.03317803078881161 16.841749707295932 8.0 17.486052486941414 16.0 5.396395863499492 18.215627959284507 
113.07 62.67 17.0 -1.0 1.110678168087891 61.87784272058171 0.07803496302363375 0.06220880772902178 1.5551738467799514 1.0 -1.0 -1.0 -1.0 -1.0 
113.07 62.67 17.0 -1.0 2.1825820956319593 27.557395849487406 0.10416019161885351 0.017971433343939622 0.6261886606873124 8.0 -1.0 -1.0 -1.0 -1.0 
113.07 62.67 17.0 -1.0 0.8071007157385 44.489468166233365 0.02250273073630341 0.016589015394405805 0.9867080889295873 32.0 -1.0 -1.0 -1.0 -1.0 
113.07 62.67 17.0 -1.0 1.372129046511402 54.31626278317062 0.10423217498785417 0.04285495643554833 3.0675086941340366 8.0 -1.0 -1.0 -1.0 -1.0 
113.07 62.67 17.0 -1.0 46.13344 108.63252556634124 0.21738707717001782 0.035942866687879244 3.8488038091863994 2.0 -1.0 -1.0 -1.0 -1.0 
113.07 62.67 17.0 -1.0 11.572984678267398 162.94878834951186 0.17463215463497664 0.008294507697202903 8.92399072794083 8.0 8.923989761320867 8.0 11.573016915159922 162.92867230248922 
113.07 62.67 17.0 -1.0 0.00625638591189179 36.390103448790875 3.654738309850336 0.02073626924300726 26.570277973482586 16.0 -1.0 -1.0 -1.0 -1.0 
113.07 62.67 17.0 -1.0 0.017757006264202565 23.874384931696657 7.733727025640295 0.02073626924300726 85.3257412375146 32.0 -1.0 -1.0 -1.0 -1.0 
113.07 62.67 17.0 -1.0 46.142765 0.0 6.014200712968409 0.022118687192541075 374.6557996351615 8.0 -1.0 -1.0 -1.0 -1.0 
113.11 30.83 17.0 -1.0 0.002224686951612138 143.7602059380234 0.010924557135635225 0.03456044873834543 5.580443884576874 2.0 -1.0 -1.0 -1.0 -1.0 
113.11 30.83 17.0 -1.0 2.973315119239 138.57286047199662 0.314593521593293 0.019353851293473442 24.667439582851486 16.0 24.71611546405559 16.0 2.973320079036057 138.5399704236694 
113.11 30.83 17.0 -1.0 1.060792039752311 0.0 0.03345433837248016 0.02073626924300726 0.864108710612169 16.0 -1.0 -1.0 -1.0 -1.0 
113.11 30.83 17.0 -1.0 0.05156974191896231 78.58828381030538 0.061020891439304926 0.022118687192541075 0.040487458872864465 32.0 -1.0 -1.0 -1.0 -1.0 
113.11 30.83 17.0 -1.0 5.9436690830544405 157.17656762061077 0.3552671528398794 0.02350110514207489 12.372691314231002 16.0 12.464063880002467 8.0 11.887338284092646 157.16039011538246 
113.11 30.83 17.0 -1.0 0.72038992361 235.76485143091617 0.019830320481378012 0.009676925646736721 -0.1168437319541031 2.0 -1.0 -1.0 -1.0 -1.0 
113.11 30.83 17.0 -1.0 6.948831243470863 67.81275254678617 1.8842022269395287 0.049767046183217416 82.3192835320754 16.0 82.35317923308973 16.0 6.948842686445763 67.80261518178122 
113.11 30.83 17.0 -1.0 0.77051288025 93.67874334783778 3.174316050154984 0.02073626924300726 349.22694802941123 32.0 349.37238157653724 32.0 0.7705239113420249 93.60808812410095 
113.11 30.83 17.0 -1.0 0.785012 107.84962800730179 2.487365314604511 0.012441761545804354 453.20827347256164 32.0 453.57088460584686 32.0 0.7850151935902735 107.87699669220714 
113.11 30.83 17.0 -1.0 38.40154870604232 2.00420165732852 1.6140641521538939 0.02073626924300726 128.4854166303549 8.0 128.4854118311259 8.0 38.40153415997823 2.023958662142723 
113.62 62.27 17.0 -1.0 1.0118582197712 60.75285354863176 0.2634159475634402 0.012441761545804354 31.965312552552405 32.0 32.70383980519766 32.0 1.011843172212442 60.718759864281694 
113.62 62.27 17.0 -1.0 1.023541 92.84257250401706 0.06089455454099885 0.03041319488974398 0.5123387154221214 1.0 -1.0 -1.0 -1.0 -1.0 
113.62 62.27 17.0 -1.0 1.5391817877438576 28.67937432955993 0.12673900435120206 0.017971433343939622 4.699581457168492 32.0 -1.0 -1.0 -1.0 -1.0 
113.62 62.27 17.0 -1.0 1.051086977637501 88.73391921671316 0.030814056524267587 0.004147253848601451 2.010037726944416 16.0 -1.0 -1.0 -1.0 -1.0 
113.62 62.27 17.0 -1.0 309.597523 128.14775924946625 0.01091701257055679 0.04009012053648069 0.14606705644727494 1.0 -1.0 -1.0 -1.0 -1.0 
113.62 62.27 17.0 -1.0 0.025064244698606263 162.3811233982275 0.09574103317852702 0.019353851293473442 0.9399141262844256 1.0 -1.0 -1.0 -1.0 -1.0 
113.62 62.27 17.0 -1.0 355.075809 103.59327794352366 8.513203390023175 0.05253188208228506 120.00024958604111 1.0 120.00025089506445 1.0 355.0754627212882 103.62668350170742 
113.62 62.27 17.0 -1.0 0.0041753537600435695 0.0 6.3427884695351695 0.052531882082285056 76.18510630505794 4.0 -1.0 -1.0 -1.0 -1.0 
113.62 62.27 17.0 -1.0 0.727899551124 54.1270411327425 3.830525217996019 0.016589015394405805 503.88219735196947 32.0 503.93662592474504 32.0 0.7278989263189336 54.14089421231784 
113.62 62.27 17.0 -1.0 2.214973590106 108.254082265485 1.665030304089738 0.03041319488974398 106.27069321225618 32.0 106.32042197608934 32.0 2.2149833966977894 108.28178842463568 
113.85 30.83 17.0 -1.0 1.847124 45.58231391537612 0.07440243664430446 0.026265941041142528 2.948061304992857 8.0 -1.0 -1.0 -1.0 -1.0 
113.85 30.83 17.0 -1.0 1.0118582197712 28.149723628870014 0.04453124799663493 0.009676925646736721 1.2417269580829573 32.0 -1.0 -1.0 -1.0 -1.0 
113.85 30.83 17.0 -1.0 262.964132 167.84042732311548 0.26106080578766205 0.022118687192541075 4.337798595431851 1.0 -1.0 -1.0 -1.0 -1.0 
113.85 30.83 17.0 -1.0 6.8655515420342 213.72171706134725 0.5053245024258892 0.019353851293473442 38.65789186740242 8.0 38.71382576338521 8.0 6.865593604743482 213.73003472227157 
113.85 30.83 17.0 -1.0 2.797329964725804 119.06137191720593 0.04628780072936349 0.017971433343939622 1.3379591014468242 1.0 -1.0 -1.0 -1.0 -1.0 
113.85 30.83 17.0 -1.0 1.70846997172 129.66351455847152 0.3276812149120733 0.013824179495338172 51.724049074588216 32.0 52.26113657903803 32.0 1.7084554807903867 129.63455231024142 
113.85 30.83 17.0 -1.0 337.5806768113 0.0 0.22286137387064633 0.011059343596270537 2.751780773087728 1.0 -1.0 -1.0 -1.0 -1.0 
113.85 30.83 17.0 -1.0 0.604193 76.65280135214358 0.03962413512363728 0.017971433343939622 0.08485978138645527 1.0 -1.0 -1.0 -1.0 -1.0 
113.85 30.83 17.0 -1.0 59.665418222544 229.95840405643077 0.28342962653211917 0.030413194889743977 3.367795581809793 1.0 -1.0 -1.0 -1.0 -1.0 
113.85 30.83 17.0 -1.0 0.45935 153.30560270428717 5.459762073728653 0.016589015394405805 641.7457672499991 32.0 642.600347865331 32.0 0.459355457375447 153.21367072420415 
113.85 30.83 17.0 -1.0 1.847124 45.58231391537612 0.07440243664430446 0.026265941041142528 2.948061304992857 8.0 -1.0 -1.0 -1.0 -1.0 
113.85 30.83 17.0 -1.0 1.0118582197712 28.149723628870014 0.04453124799663493 0.009676925646736721 1.2417269580829573 32.0 -1.0 -1.0 -1.0 -1.0 
113.85 30.83 17.0 -1.0 262.964132 167.84042732311548 0.26106080578766205 0.022118687192541075 4.337798595431851 1.0 -1.0 -1.0 -1.0 -1.0 
113.85 30.83 17.0 -1.0 6.8655515420342 213.72171706134725 0.5053245024258892 0.019353851293473442 38.65789186740242 8.0 38.71382576338521 8.0 6.865593604743482 213.73003472227157 
113.85 30.83 17.0 -1.0 2.797329964725804 119.06137191720593 0.04628780072936349 0.017971433343939622 1.3379591014468242 1.0 -1.0 -1.0 -1.0 -1.0 
113.85 30.83 17.0 -1.0 1.70846997172 129.66351455847152 0.3276812149120733 0.013824179495338172 51.724049074588216 32.0 52.26113657903803 32.0 1.7084554807903867 129.63455231024142 
113.85 30.83 17.0 -1.0 337.5806768113 0.0 0.22286137387064633 0.011059343596270537 2.751780773087728 1.0 -1.0 -1.0 -1.0 -1.0 
113.85 30.83 17.0 -1.0 0.604193 76.65280135214358 0.03962413512363728 0.017971433343939622 0.08485978138645527 1.0 -1.0 -1.0 -1.0 -1.0 
113.85 30.83 17.0 -1.0 59.665418222544 229.95840405643077 0.28342962653211917 0.030413194889743977 3.367795581809793 1.0 -1.0 -1.0 -1.0 -1.0 
113.85 30.83 17.0 -1.0 0.45935 153.30560270428717 5.459762073728653 0.016589015394405805 641.7457672499991 32.0 642.600347865331 32.0 0.459355457375447 153.21367072420415 
113.99 54.41 17.0 -1.0 422.8199418811927 69.47643079582669 0.0640885842747449 0.08432749492156286 0.7496937927578702 1.0 -1.0 -1.0 -1.0 -1.0 
113.99 54.41 17.0 -1.0 450.9170308627072 45.93978965290267 0.09268227801568205 0.10644618211410392 0.7962430705126131 1.0 -1.0 -1.0 -1.0 -1.0 
113.99 54.41 17.0 -1.0 0.36026132922053916 69.17638862828233 0.01166558951823183 0.06082638977948797 0.7002819406522779 1.0 -1.0 -1.0 -1.0 -1.0 
113.99 54.41 17.0 -1.0 0.006199146970031603 110.34884161909132 0.01714049668094262 0.04285495643554833 0.30970511357667585 8.0 -1.0 -1.0 -1.0 -1.0 
113.99 54.41 17.0 -1.0 0.0020860644934719568 55.557808023630116 0.6439926164566273 0.027648358990676344 11.459064696862082 1.0 -1.0 -1.0 -1.0 -1.0 
113.99 54.41 17.0 -1.0 0.002297415230196786 166.67342407089035 0.44716216121055213 0.006912089747669085 8.851748998088674 2.0 -1.0 -1.0 -1.0 -1.0 
113.99 54.41 17.0 -1.0 1.61625282066 69.84314900060312 8.229842788911716 0.027648358990676344 745.302515694248 32.0 745.4875912314973 32.0 1.6162327180306117 69.82657384392395 
113.99 54.41 17.0 -1.0 2.771798 146.65394389195853 7.404350157554982 0.009676925646736721 1232.7702044845403 32.0 1232.965001463365 32.0 2.7718063696132353 146.6358050722403 
113.99 54.41 17.0 -1.0 5.23459646155 0.0 4.5747359984386 0.07050331542622468 101.07977436541486 8.0 -1.0 -1.0 -1.0 -1.0 
113.99 54.41 17.0 -1.0 0.644521 111.11561604726023 9.700601850717248 0.006912089747669086 2735.317762750072 32.0 2736.2426938281055 32.0 0.6445285786564152 111.21652848474264 
114.43 31.64 17.0 -1.0 38.40154870604232 175.8965115578764 0.05220015194759635 0.01520659744487199 1.2985161212851195 1.0 -1.0 -1.0 -1.0 -1.0 
114.43 31.64 17.0 -1.0 0.663249 141.67644196627433 0.045873952083467215 0.04285495643554833 0.053605258506850766 1.0 -1.0 -1.0 -1.0 -1.0 
114.43 31.64 17.0 -1.0 3.9123434672282498 68.3062927571614 0.18725233532412358 0.012441761545804354 14.681935019827383 32.0 15.463059968721149 32.0 3.9123430421265466 68.3086048473169 
114.43 31.64 17.0 -1.0 0.003987817676680583 104.8017515914906 0.15842363796432907 0.029030776940210157 1.9618427265342255 1.0 -1.0 -1.0 -1.0 -1.0 
114.43 31.64 17.0 -1.0 1.072164206927 0.0 0.01480529419693707 0.06220880772902178 0.4461822672295485 2.0 -1.0 -1.0 -1.0 -1.0 
114.43 31.64 17.0 -1.0 1.528047 74.35168966675994 0.6943591429214288 0.02488352309160871 63.47589963234614 32.0 63.53534880386796 32.0 1.528042048448697 74.38048083374507 
114.43 31.64 17.0 -1.0 15.107815784735827 148.70337933351988 0.02719214355501518 0.011059343596270537 0.5923028327636929 8.0 -1.0 -1.0 -1.0 -1.0 
114.43 31.64 17.0 -1.0 2.233596324088 223.05506900027981 0.056282714802122984 0.0718857333757585 0.16822694581607356 2.0 -1.0 -1.0 -1.0 -1.0 
114.43 31.64 17.0 -1.0 42.7907451472 163.60494809961517 3.491839757169992 0.02211868719254108 131.84930498456532 8.0 131.84930407947218 8.0 42.790755590734385 163.63705783423916 
114.43 31.64 17.0 -1.0 0.022758459260747876 16.30695623954441 2.9237928159364768 0.011059343596270537 66.38398873601243 32.0 -1.0 -1.0 -1.0 -1.0 
114.46 62.67 17.0 -1.0 1.8077708574 96.63148991621392 0.04034229270117745 0.07879782312342758 2.4411233970072357 2.0 -1.0 -1.0 -1.0 -1.0 
114.46 62.67 17.0 -1.0 0.8088689253376612 59.61545993997462 0.0873965218915109 0.016589015394405805 3.115990544904551 32.0 -1.0 -1.0 -1.0 -1.0 
114.46 62.67 17.0 -1.0 247.94323741892 52.99509948730519 0.011722139912077231 0.01520659744487199 2.1354311346695707 2.0 -1.0 -1.0 -1.0 -1.0 
114.46 62.67 17.0 -1.0 0.482071879107 65.59150307364946 0.010759774765112088 0.008294507697202903 0.505148848846439 1.0 -1.0 -1.0 -1.0 -1.0 
114.46 62.67 17.0 -1.0 44.89581733394263 0.0 0.1510490199506004 0.012441761545804354 8.000666166871724 8.0 -1.0 -1.0 -1.0 -1.0 
114.46 62.67 17.0 -1.0 8.906044769672528 107.37548121044875 0.42811767312641297 0.009676925646736721 41.739546690507154 8.0 42.43168473107238 8.0 8.906014651680987 107.4722049597786 
114.46 62.67 17.0 -1.0 2.098095022707 161.06322181567313 0.10330025893658701 0.024883523091608708 2.5099794718430335 32.0 -1.0 -1.0 -1.0 -1.0 
114.46 62.67 17.0 -1.0 2.274361 22.26116337126315 1.5115340740583927 0.04285495643554833 58.86320310830251 16.0 59.29422316581539 16.0 2.274343084233503 22.36474321667709 
114.46 62.67 17.0 -1.0 4.59468679946 104.25054221332498 3.7597374276556876 0.02350110514207489 345.2536465157557 32.0 345.52967848421616 32.0 4.594676283886656 104.23387110035024 
114.46 62.67 17.0 -1.0 0.006086235312417038 53.68774060522438 7.638152038733344 0.024883523091608708 84.02156250316851 16.0 -1.0 -1.0 -1.0 -1.0 
114.97 30.83 17.0 -1.0 0.004859086405310421 85.48951694488727 0.15063219053801963 0.011059343596270537 1.4037106461043554 1.0 -1.0 -1.0 -1.0 -1.0 
114.97 30.83 17.0 -1.0 0.41541999384144046 63.83424351166382 0.057620371976840855 0.017971433343939622 1.0403921602173511 4.0 -1.0 -1.0 -1.0 -1.0 
114.97 30.83 17.0 -1.0 0.721308702201 34.723875945691304 0.030244615299203383 0.055296717981352696 1.0753153929935484 8.0 -1.0 -1.0 -1.0 -1.0 
114.97 30.83 17.0 -1.0 0.439068 20.856513347571774 0.010517249825451018 0.04285495643554833 -0.5548009822129863 1.0 -1.0 -1.0 -1.0 -1.0 
114.97 30.83 17.0 -1.0 1.721620624335 0.0 0.1435210792660761 0.012441761545804354 11.315586925454632 32.0 -1.0 -1.0 -1.0 -1.0 
114.97 30.83 17.0 -1.0 40.766408 73.95187126325182 0.3324697793795463 0.027648358990676344 8.25529159024094 4.0 8.292567359881367 4.0 40.76646291650832 73.87449116820939 
114.97 30.83 17.0 -1.0 0.008994801769108367 147.90374252650363 0.017584276838177055 0.03456044873834543 0.5324444874102748 4.0 -1.0 -1.0 -1.0 -1.0 
114.97 30.83 17.0 -1.0 0.8051602998770538 54.98131922902431 5.112942010191996 0.026265941041142528 359.7620840127934 32.0 360.50222796897026 32.0 0.8051756594795735 55.05167561028207 
114.97 30.83 17.0 -1.0 0.73214 126.13753019249523 1.0782097887114424 0.01382417949533817 155.84226915933496 32.0 156.46894532170276 32.0 0.7321432349272072 126.19382258459878 
114.97 30.83 17.0 -1.0 0.027858516320436486 221.85561378975547 5.543376513309531 0.012441761545804354 462.43402552737643 32.0 462.6645900539415 32.0 0.027860854364310704 221.82586937084244 
114.97 30.83 17.0 -1.0 0.004859086405310421 85.48951694488727 0.15063219053801963 0.011059343596270537 1.4037106461043554 1.0 -1.0 -1.0 -1.0 -1.0 
114.97 30.83 17.0 -1.0 0.41541999384144046 63.83424351166382 0.057620371976840855 0.017971433343939622 1.0403921602173511 4.0 -1.0 -1.0 -1.0 -1.0 
114.97 30.83 17.0 -1.0 0.721308702201 34.723875945691304 0.030244615299203383 0.055296717981352696 1.0753153929935484 8.0 -1.0 -1.0 -1.0 -1.0 
114.97 30.83 17.0 -1.0 0.439068 20.856513347571774 0.010517249825451018 0.04285495643554833 -0.5548009822129863 1.0 -1.0 -1.0 -1.0 -1.0 
114.97 30.83 17.0 -1.0 1.721620624335 0.0 0.1435210792660761 0.012441761545804354 11.315586925454632 32.0 -1.0 -1.0 -1.0 -1.0 
114.97 30.83 17.0 -1.0 40.766408 73.95187126325182 0.3324697793795463 0.027648358990676344 8.25529159024094 4.0 8.292567359881367 4.0 40.76646291650832 73.87449116820939 
114.97 30.83 17.0 -1.0 0.008994801769108367 147.90374252650363 0.017584276838177055 0.03456044873834543 0.5324444874102748 4.0 -1.0 -1.0 -1.0 -1.0 
114.97 30.83 17.0 -1.0 0.8051602998770538 54.98131922902431 5.112942010191996 0.026265941041142528 359.7620840127934 32.0 360.50222796897026 32.0 0.8051756594795735 55.05167561028207 
114.97 30.83 17.0 -1.0 0.73214 126.13753019249523 1.0782097887114424 0.01382417949533817 155.84226915933496 32.0 156.46894532170276 32.0 0.7321432349272072 126.19382258459878 
114.97 30.83 17.0 -1.0 0.027858516320436486 221.85561378975547 5.543376513309531 0.012441761545804354 462.43402552737643 32.0 462.6645900539415 32.0 0.027860854364310704 221.82586937084244 
117.45 63.07 17.0 -1.0 2.618692 90.9140380851481 0.039542097804753436 0.05114946413275124 1.7120809412999094 1.0 -1.0 -1.0 -1.0 -1.0 
117.45 63.07 17.0 -1.0 0.009681092501071858 30.330790579501418 0.045338343295657044 0.008294507697202903 1.3686081657945675 8.0 -1.0 -1.0 -1.0 -1.0 
117.45 63.07 17.0 -1.0 0.0016963552480874539 70.64128859657639 0.258726720796165 0.052531882082285056 0.845847796837968 1.0 -1.0 -1.0 -1.0 -1.0 
117.45 63.07 17.0 -1.0 0.02957354326608582 0.0 0.13047026700306055 0.019353851293473442 2.164419346693894 1.0 -1.0 -1.0 -1.0 -1.0 
117.45 63.07 17.0 -1.0 6.67806213863 156.6516399816295 0.028500040984635915 0.08018024107296139 2.550061941290247 8.0 -1.0 -1.0 -1.0 -1.0 
117.45 63.07 17.0 -1.0 11.053183879553872 68.25994553454942 1.5820489688171067 0.012441761545804356 173.18220973732204 16.0 173.3960128397566 16.0 11.053210376606634 68.3086048473169 
117.45 63.07 17.0 -1.0 0.9685500193 24.20509888705046 4.891802863108921 0.022118687192541075 479.4433958963526 32.0 479.56714113408066 32.0 0.9685512244080504 24.186306012605538 
117.45 63.07 17.0 -1.0 24.25319215059094 88.047026372313 9.547682968596066 0.029030776940210157 479.1814118752582 8.0 479.20962332179323 8.0 24.253192047278088 88.04220180320846 
117.45 63.07 17.0 -1.0 208.68885636 52.21721332720983 8.775953823312232 0.04423737438508215 193.07008312778996 1.0 193.07008219271137 1.0 208.68901629000905 52.21813348328225 
117.45 63.07 17.0 -1.0 0.049253486105605454 104.43442665441967 1.0841852894594775 0.017971433343939622 66.2856965978874 32.0 68.09623866045709 32.0 0.04926429634603362 109.59736155502846 
117.45 63.07 17.0 -1.0 2.618692 90.9140380851481 0.039542097804753436 0.05114946413275124 1.7120809412999094 1.0 -1.0 -1.0 -1.0 -1.0 
117.45 63.07 17.0 -1.0 0.009681092501071858 30.330790579501418 0.045338343295657044 0.008294507697202903 1.3686081657945675 8.0 -1.0 -1.0 -1.0 -1.0 
117.45 63.07 17.0 -1.0 0.0016963552480874539 70.64128859657639 0.258726720796165 0.052531882082285056 0.845847796837968 1.0 -1.0 -1.0 -1.0 -1.0 
117.45 63.07 17.0 -1.0 0.02957354326608582 0.0 0.13047026700306055 0.019353851293473442 2.164419346693894 1.0 -1.0 -1.0 -1.0 -1.0 
117.45 63.07 17.0 -1.0 6.67806213863 156.6516399816295 0.028500040984635915 0.08018024107296139 2.550061941290247 8.0 -1.0 -1.0 -1.0 -1.0 
117.45 63.07 17.0 -1.0 11.053183879553872 68.25994553454942 1.5820489688171067 0.012441761545804356 173.18220973732204 16.0 173.3960128397566 16.0 11.053210376606634 68.3086048473169 
117.45 63.07 17.0 -1.0 0.9685500193 24.20509888705046 4.891802863108921 0.022118687192541075 479.4433958963526 32.0 479.56714113408066 32.0 0.9685512244080504 24.186306012605538 
117.45 63.07 17.0 -1.0 24.25319215059094 88.047026372313 9.547682968596066 0.029030776940210157 479.1814118752582 8.0 479.20962332179323 8.0 24.253192047278088 88.04220180320846 
117.45 63.07 17.0 -1.0 208.68885636 52.21721332720983 8.775953823312232 0.04423737438508215 193.07008312778996 1.0 193.07008219271137 1.0 208.68901629000905 52.21813348328225 
117.45 63.07 17.0 -1.0 0.049253486105605454 104.43442665441967 1.0841852894594775 0.017971433343939622 66.2856965978874 32.0 68.09623866045709 32.0 0.04926429634603362 109.59736155502846 
117.69 31.24 17.0 -1.0 0.537606 66.08494698088359 0.7983442818922892 0.04423737438508215 22.148447298254595 16.0 22.242834564811385 16.0 0.537632634708037 65.98105238585276 
117.69 31.24 17.0 -1.0 26.46604676972006 65.75950556761977 0.011778964440979329 0.012441761545804354 1.1128854445920546 1.0 -1.0 -1.0 -1.0 -1.0 
117.69 31.24 17.0 -1.0 0.04902766121992489 72.63445542281788 0.5347771190483215 0.03041319488974398 1.5127110399894734 2.0 -1.0 -1.0 -1.0 -1.0 
117.69 31.24 17.0 -1.0 0.9242904360771 0.0 0.2429621118496883 0.012441761545804354 14.757369035068427 32.0 -1.0 -1.0 -1.0 -1.0 
117.69 31.24 17.0 -1.0 1.055928358822309 67.79351440051862 0.10216471553317565 0.031795612839277794 1.4894436142560195 1.0 -1.0 -1.0 -1.0 -1.0 
117.69 31.24 17.0 -1.0 1.1522709735091132 135.58702880103723 0.2879691301783835 0.04285495643554833 4.929107812697889 4.0 -1.0 -1.0 -1.0 -1.0 
117.69 31.24 17.0 -1.0 317.594454701573 203.38054320155587 0.07601303774740485 0.006912089747669087 2.1320292642546703 1.0 -1.0 -1.0 -1.0 -1.0 
117.69 31.24 17.0 -1.0 0.67625992957 54.20633539675431 3.410776682707007 0.031795612839277794 200.97104153318884 16.0 212.63411571661428 32.0 0.6762699437482904 54.24209214542498 
117.69 31.24 17.0 -1.0 0.003458322945906301 27.743880480740295 1.4754241632519804 0.05529671798135269 5.509081236990878 16.0 -1.0 -1.0 -1.0 -1.0 
117.69 31.24 17.0 -1.0 333.858342223344 83.3536819721948 2.555293228442345 0.020736269243007262 32.90042182489229 1.0 32.90042128930596 1.0 333.85877031832933 83.3870968802802 
117.81 31.65 17.0 -1.0 3.344579548284 21.222888370903103 0.09481950630791196 0.04700221028414978 1.7100446589350125 2.0 -1.0 -1.0 -1.0 -1.0 
117.81 31.65 17.0 -1.0 0.004726937193863645 180.02168939117428 0.8489710661838604 0.009676925646736721 11.958768867175738 2.0 -1.0 -1.0 -1.0 -1.0 
117.81 31.65 17.0 -1.0 4.039949 32.04595679936936 0.018164603505963193 0.024883523091608708 1.052251542523796 1.0 -1.0 -1.0 -1.0 -1.0 
117.81 31.65 17.0 -1.0 0.31242652557856365 40.22876086260455 0.05116475479031465 0.006912089747669086 1.1772051895757527 1.0 -1.0 -1.0 -1.0 -1.0 
117.81 31.65 17.0 -1.0 6.1450029089 54.69982814684807 0.18152058921173786 0.031795612839277794 4.7947516725133745 8.0 -1.0 -1.0 -1.0 -1.0 
117.81 31.65 17.0 -1.0 0.971062 134.35116227962018 0.30265516847765545 0.011059343596270537 34.172420170540725 32.0 34.21862461474204 32.0 0.9710674930829556 134.28965723316966 
117.81 31.65 17.0 -1.0 1.588512 59.47648963203709 9.653803837785297 0.011059343596270537 2142.159076857705 32.0 2142.1668766151943 32.0 1.5885234461165967 59.50438466699605 
117.81 31.65 17.0 -1.0 0.38420129425310673 0.0 2.4822155042463 0.045619792334615966 44.955861751523436 16.0 -1.0 -1.0 -1.0 -1.0 
117.81 31.65 17.0 -1.0 0.39804752723 67.17558113981009 4.187571122234414 0.03456044873834543 227.29606487831725 32.0 227.52070634222204 32.0 0.3980555144759516 66.99303171692412 
117.81 31.65 17.0 -1.0 266.0 201.5267434194303 1.9625886500669194 0.01520659744487199 63.53941008835621 1.0 63.53940898667176 1.0 266.00027922540903 201.4850848163081 
117.81 31.65 17.0 -1.0 3.344579548284 21.222888370903103 0.09481950630791196 0.04700221028414978 1.7100446589350125 2.0 -1.0 -1.0 -1.0 -1.0 
117.81 31.65 17.0 -1.0 0.004726937193863645 180.02168939117428 0.8489710661838604 0.009676925646736721 11.958768867175738 2.0 -1.0 -1.0 -1.0 -1.0 
117.81 31.65 17.0 -1.0 4.039949 32.04595679936936 0.018164603505963193 0.024883523091608708 1.052251542523796 1.0 -1.0 -1.0 -1.0 -1.0 
117.81 31.65 17.0 -1.0 0.31242652557856365 40.22876086260455 0.05116475479031465 0.006912089747669086 1.1772051895757527 1.0 -1.0 -1.0 -1.0 -1.0 
117.81 31.65 17.0 -1.0 6.1450029089 54.69982814684807 0.18152058921173786 0.031795612839277794 4.7947516725133745 8.0 -1.0 -1.0 -1.0 -1.0 
117.81 31.65 17.0 -1.0 0.971062 134.35116227962018 0.30265516847765545 0.011059343596270537 34.172420170540725 32.0 34.21862461474204 32.0 0.9710674930829556 134.28965723316966 
117.81 31.65 17.0 -1.0 1.588512 59.47648963203709 9.653803837785297 0.011059343596270537 2142.159076857705 32.0 2142.1668766151943 32.0 1.5885234461165967 59.50438466699605 
117.81 31.65 17.0 -1.0 0.38420129425310673 0.0 2.4822155042463 0.045619792334615966 44.955861751523436 16.0 -1.0 -1.0 -1.0 -1.0 
117.81 31.65 17.0 -1.0 0.39804752723 67.17558113981009 4.187571122234414 0.03456044873834543 227.29606487831725 32.0 227.52070634222204 32.0 0.3980555144759516 66.99303171692412 
117.81 31.65 17.0 -1.0 266.0 201.5267434194303 1.9625886500669194 0.01520659744487199 63.53941008835621 1.0 63.53940898667176 1.0 266.00027922540903 201.4850848163081 
117.95 30.83 17.0 -1.0 3.1668701177630756 23.85002610142371 0.5547207448246047 0.053914300031818865 16.284199688032512 8.0 16.284199131003856 8.0 3.1668605515733366 23.882712213284133 
117.95 30.83 17.0 -1.0 1.402741 7.307242039585136 0.2585480425615838 0.029030776940210157 6.687549496737218 16.0 6.944539706537748 32.0 1.4027439950344465 6.8814594512852585 
117.95 30.83 17.0 -1.0 0.19236888 72.17931303545762 0.07011074443308606 0.02488352309160871 1.8793631496902505 8.0 -1.0 -1.0 -1.0 -1.0 
117.95 30.83 17.0 -1.0 125.10334085032453 78.81672455474745 0.6347171864724822 0.02350110514207489 13.108472730333736 1.0 13.108472642594847 1.0 125.10378534595172 78.83318989045907 
117.95 30.83 17.0 -1.0 2.03109 9.560308335123887 0.07054802310718646 0.038707702586946884 1.3333595479048987 4.0 -1.0 -1.0 -1.0 -1.0 
117.95 30.83 17.0 -1.0 0.42598712937 67.65288254982572 0.10954787571223316 0.03456044873834543 0.870352795534279 1.0 -1.0 -1.0 -1.0 -1.0 
117.95 30.83 17.0 -1.0 3.696818455398 135.30576509965144 0.01621888528569109 0.03732528463741307 1.4216363731786301 4.0 -1.0 -1.0 -1.0 -1.0 
117.95 30.83 17.0 -1.0 233.03797751128 202.95864764947714 0.016286253188600722 0.04147253848601452 0.8867516288999203 1.0 -1.0 -1.0 -1.0 -1.0 
117.95 30.83 17.0 -1.0 0.030122190766601813 134.10818932094165 1.4302618068135338 0.008294507697202903 122.25532096000813 32.0 124.06660135881441 32.0 0.030104274628683928 142.58788774795485 
117.95 30.83 17.0 -1.0 8.8799529 0.0 1.5241169810522681 0.05529671798135268 39.19907793501519 16.0 -1.0 -1.0 -1.0 -1.0 
118.08 70.81 17.0 -1.0 0.16955348578098683 109.92916401562442 7.098802907566048 0.02073626924300726 958.1449343762512 32.0 958.7753551425278 32.0 0.16956012890053293 110.20454915367127 
118.08 70.81 17.0 -1.0 0.0027865255224063493 0.015450339285400481 5.285332418266483 0.10644618211410392 67.09887286856437 4.0 82.55040762949962 4.0 0.0027891170854369802 3.5419276587497652 
118.08 70.81 17.0 -1.0 0.16955348578098683 109.92916401562442 7.098802907566048 0.02073626924300726 958.1449343762512 32.0 958.7753551425278 32.0 0.16956012890053293 110.20454915367127 
118.08 70.81 17.0 -1.0 0.0027865255224063493 0.015450339285400481 5.285332418266483 0.10644618211410392 67.09887286856437 4.0 82.55040762949962 4.0 0.0027891170854369802 3.5419276587497652 
118.43 62.28 17.0 -1.0 2.2578407999043 48.5937644996422 0.23847219204614303 0.016589015394405805 17.133203112861118 32.0 18.09583100672778 32.0 2.2578509136413536 48.57500789142535 
118.43 62.28 17.0 -1.0 0.895978140521 92.7261053232136 0.019504239128438527 0.006912089747669086 1.7748095924586573 8.0 -1.0 -1.0 -1.0 -1.0 
118.43 62.28 17.0 -1.0 0.006764755444253025 57.05026094487744 0.08229842788911708 0.016589015394405805 1.1517015400508286 16.0 -1.0 -1.0 -1.0 -1.0 
118.43 62.28 17.0 -1.0 10.402518921 37.65006321757306 0.7262499384819732 0.006912089747669085 140.6193224236503 32.0 140.6193265778027 32.0 10.402527550468221 37.64563111585465 
118.43 62.28 17.0 -1.0 503.71330349546 120.92479016081786 0.32565014443166246 0.009676925646736721 8.594695464178253 1.0 -1.0 -1.0 -1.0 -1.0 
118.43 62.28 17.0 -1.0 4.89941319293 103.6231715145921 0.012491358161951294 0.038707702586946884 1.4316000545035594 1.0 -1.0 -1.0 -1.0 -1.0 
118.43 62.28 17.0 -1.0 0.5945106841357176 46.122104693038516 1.6707916348970688 0.019353851293473442 181.3089679227215 32.0 182.26866681223834 32.0 0.5945063700589042 46.04505956374695 
118.43 62.28 17.0 -1.0 147.928994 0.0 4.838028995267969 0.012441761545804354 221.6616703269891 2.0 -1.0 -1.0 -1.0 -1.0 
118.43 62.28 17.0 -1.0 246.97162474233062 51.81158575729605 2.223999644408111 0.012441761545804354 65.51534825156035 1.0 65.51534839382333 1.0 246.97122474511465 51.81334175085371 
118.43 62.28 17.0 -1.0 1.4252832 155.43475727188815 8.25261641069257 0.029030776940210157 512.3638354119653 32.0 512.5580689822569 32.0 1.4252691471483558 155.338827319454 
118.43 62.28 17.0 -1.0 2.2578407999043 48.5937644996422 0.23847219204614303 0.016589015394405805 17.133203112861118 32.0 18.09583100672778 32.0 2.2578509136413536 48.57500789142535 
118.43 62.28 17.0 -1.0 0.895978140521 92.7261053232136 0.019504239128438527 0.006912089747669086 1.7748095924586573 8.0 -1.0 -1.0 -1.0 -1.0 
118.43 62.28 17.0 -1.0 0.006764755444253025 57.05026094487744 0.08229842788911708 0.016589015394405805 1.1517015400508286 16.0 -1.0 -1.0 -1.0 -1.0 
118.43 62.28 17.0 -1.0 10.402518921 37.65006321757306 0.7262499384819732 0.006912089747669085 140.6193224236503 32.0 140.6193265778027 32.0 10.402527550468221 37.64563111585465 
118.43 62.28 17.0 -1.0 503.71330349546 120.92479016081786 0.32565014443166246 0.009676925646736721 8.594695464178253 1.0 -1.0 -1.0 -1.0 -1.0 
118.43 62.28 17.0 -1.0 4.89941319293 103.6231715145921 0.012491358161951294 0.038707702586946884 1.4316000545035594 1.0 -1.0 -1.0 -1.0 -1.0 
118.43 62.28 17.0 -1.0 0.5945106841357176 46.122104693038516 1.6707916348970688 0.019353851293473442 181.3089679227215 32.0 182.26866681223834 32.0 0.5945063700589042 46.04505956374695 
118.43 62.28 17.0 -1.0 147.928994 0.0 4.838028995267969 0.012441761545804354 221.6616703269891 2.0 -1.0 -1.0 -1.0 -1.0 
118.43 62.28 17.0 -1.0 246.97162474233062 51.81158575729605 2.223999644408111 0.012441761545804354 65.51534825156035 1.0 65.51534839382333 1.0 246.97122474511465 51.81334175085371 
118.43 62.28 17.0 -1.0 1.4252832 155.43475727188815 8.25261641069257 0.029030776940210157 512.3638354119653 32.0 512.5580689822569 32.0 1.4252691471483558 155.338827319454 
119.61 22.86 17.0 -1.0 10.036346119712515 34.754209125544904 0.34084211797487457 0.009676925646736721 46.18083678756634 32.0 46.27798252014265 32.0 10.036334667044382 34.7108910557477 
119.61 22.86 17.0 -1.0 3.616669443 32.111705390330116 0.039514789793405995 0.013824179495338172 1.9166865982845813 16.0 -1.0 -1.0 -1.0 -1.0 
119.61 22.86 17.0 -1.0 0.01554145218618354 0.0 0.014174741629268055 0.01520659744487199 2.3594699439716664 16.0 -1.0 -1.0 -1.0 -1.0 
119.61 22.86 17.0 -1.0 0.872 70.45971959576713 0.4130109785949337 0.012441761545804354 56.02347804186384 32.0 56.023474882049804 32.0 0.8719932035698246 70.43376144256676 
119.61 22.86 17.0 -1.0 1.1703001275 140.91943919153425 0.055740982252145105 0.013824179495338172 0.9797410987410905 2.0 -1.0 -1.0 -1.0 -1.0 
119.61 22.86 17.0 -1.0 0.74287 211.37915878730138 0.8745692016830849 0.04285495643554833 33.92272898627482 16.0 -1.0 -1.0 -1.0 -1.0 
119.61 22.86 17.0 -1.0 0.787253 171.88958296825157 2.706096218036256 0.045619792334615966 108.52306319007204 16.0 109.12837454104093 16.0 0.7872586138546468 171.93528834902435 
119.61 22.86 17.0 -1.0 1.185469121334 54.68925730400527 1.3011022597285766 0.02073626924300726 139.84793196219144 32.0 140.2925110967198 32.0 1.185465710780894 54.646883877853526 
119.61 22.86 17.0 -1.0 1.544817633127 36.741371934426425 1.6940370024467943 0.022118687192541075 169.52699480328837 32.0 169.648537772602 32.0 1.5448070674513779 36.73484971789043 
119.61 22.86 17.0 -1.0 3.35439493491 42.89312063000645 4.014767187614129 0.09262200261876574 99.56118139167994 16.0 99.59240408874508 16.0 3.3543983590789144 42.90792363742573 
119.96 22.86 17.0 -1.0 307.92530350133717 65.7376828901992 0.01605168217443894 0.012441761545804354 1.2787150590954588 1.0 -1.0 -1.0 -1.0 -1.0 
119.96 22.86 17.0 -1.0 0.02460772294981439 44.70914201649189 0.48246781454259385 0.019353851293473442 1.317533765875525 2.0 -1.0 -1.0 -1.0 -1.0 
119.96 22.86 17.0 -1.0 255.917115508 80.10474954472811 0.03216256930659605 0.026265941041142528 1.3875278736919632 1.0 -1.0 -1.0 -1.0 -1.0 
119.96 22.86 17.0 -1.0 0.938615 87.55975360819734 0.011107199193476823 0.011059343596270537 2.5608823135228893 1.0 -1.0 -1.0 -1.0 -1.0 
119.96 22.86 17.0 -1.0 67.8934270537331 99.08681871473799 0.0646220956980984 0.11612310776084063 2.7306498118745335 1.0 -1.0 -1.0 -1.0 -1.0 
119.96 22.86 17.0 -1.0 1.2452498914006 0.0 0.14164952467166175 0.01520659744487199 2.480286707830676 1.0 -1.0 -1.0 -1.0 -1.0 
119.96 22.86 17.0 -1.0 0.782 69.60092029003619 0.3245272167306019 0.019353851293473442 16.569219726191722 32.0 23.074851217890398 32.0 0.7820138610744228 69.62417797770968 
119.96 22.86 17.0 -1.0 0.54577427435 139.20184058007237 0.054259207637194926 0.04423737438508214 0.7163434209291427 1.0 -1.0 -1.0 -1.0 -1.0 
119.96 22.86 17.0 -1.0 0.918687 208.80276087010856 0.12885788864793857 0.022118687192541075 4.940627529549831 16.0 -1.0 -1.0 -1.0 -1.0 
119.96 22.86 17.0 -1.0 1.0102685320583 31.824723228927436 3.4630115927651497 0.06082638977948796 62.94844401962225 8.0 74.71563808421332 16.0 1.0102667147293687 31.87734892874789 
119.96 22.86 17.0 -1.0 307.92530350133717 65.7376828901992 0.01605168217443894 0.012441761545804354 1.2787150590954588 1.0 -1.0 -1.0 -1.0 -1.0 
119.96 22.86 17.0 -1.0 0.02460772294981439 44.70914201649189 0.48246781454259385 0.019353851293473442 1.317533765875525 2.0 -1.0 -1.0 -1.0 -1.0 
119.96 22.86 17.0 -1.0 255.917115508 80.10474954472811 0.03216256930659605 0.026265941041142528 1.3875278736919632 1.0 -1.0 -1.0 -1.0 -1.0 
119.96 22.86 17.0 -1.0 0.938615 87.55975360819734 0.011107199193476823 0.011059343596270537 2.5608823135228893 1.0 -1.0 -1.0 -1.0 -1.0 
119.96 22.86 17.0 -1.0 67.8934270537331 99.08681871473799 0.0646220956980984 0.11612310776084063 2.7306498118745335 1.0 -1.0 -1.0 -1.0 -1.0 
119.96 22.86 17.0 -1.0 1.2452498914006 0.0 0.14164952467166175 0.01520659744487199 2.480286707830676 1.0 -1.0 -1.0 -1.0 -1.0 
119.96 22.86 17.0 -1.0 0.782 69.60092029003619 0.3245272167306019 0.019353851293473442 16.569219726191722 32.0 23.074851217890398 32.0 0.7820138610744228 69.62417797770968 
119.96 22.86 17.0 -1.0 0.54577427435 139.20184058007237 0.054259207637194926 0.04423737438508214 0.7163434209291427 1.0 -1.0 -1.0 -1.0 -1.0 
119.96 22.86 17.0 -1.0 0.918687 208.80276087010856 0.12885788864793857 0.022118687192541075 4.940627529549831 16.0 -1.0 -1.0 -1.0 -1.0 
119.96 22.86 17.0 -1.0 1.0102685320583 31.824723228927436 3.4630115927651497 0.06082638977948796 62.94844401962225 8.0 74.71563808421332 16.0 1.0102667147293687 31.87734892874789 
12.25 47.27 17.0 -1.0 2.701631834202 103.98258320095712 0.029542486429437985 0.022118687192541075 1.7122675722999776 32.0 -1.0 -1.0 -1.0 -1.0 
12.25 47.27 17.0 -1.0 2.331328 80.63717688965104 0.22973973914223517 0.035942866687879244 5.794351004656251 16.0 6.084507869726599 32.0 1.165669042772303 80.24996095395896 
12.25 47.27 17.0 -1.0 91.52813683115231 77.6549293768295 0.07227463358668022 0.017971433343939622 1.804772965558997 2.0 -1.0 -1.0 -1.0 -1.0 
12.25 47.27 17.0 -1.0 1.200607994501 155.309858753659 0.40092238575128647 0.06359122567855559 6.029170067276963 8.0 -1.0 -1.0 -1.0 -1.0 
12.25 47.27 17.0 -1.0 0.06579187581699811 55.847244439322026 8.667498783590988 0.058061553880420315 22.91709878584047 16.0 -1.0 -1.0 -1.0 -1.0 
12.25 47.27 17.0 -1.0 0.6792627751812214 68.0791190036291 1.2075585321187605 0.012441761545804354 150.3419109156515 32.0 150.94656505043997 32.0 0.6792712762641411 68.00501104799548 
12.25 47.27 17.0 -1.0 1.4408098283683 136.08834158117645 1.9316506869332437 0.02350110514207489 172.40513198809882 32.0 172.56593074321415 32.0 1.440821506548673 136.11122002909815 
12.25 47.27 17.0 -1.0 29.84753873642 51.32727555270189 5.535722578609738 0.035942866687879244 262.07284151862046 16.0 262.0728416020962 16.0 29.84755459086349 51.30735208531804 
12.25 47.27 17.0 -1.0 5.75880304823 0.0 9.198062783746261 0.022118687192541075 750.4525901227673 32.0 -1.0 -1.0 -1.0 -1.0 
12.25 47.27 17.0 -1.0 2.307124 232.9647881304885 3.3109452188119763 0.02073626924300726 338.8827625799863 32.0 339.5573912828578 32.0 2.307115209987387 232.85644407952026 
12.28 70.22 17.0 -1.0 0.5498 43.35521034122941 0.5333013674514723 0.05114946413275124 6.429103037005145 16.0 6.6082299578031 16.0 0.5497895472217351 44.12229883471136 
12.28 70.22 17.0 -1.0 0.19822748254834516 30.30744376546343 0.02863819847249989 0.019353851293473442 2.0400358430187993 1.0 -1.0 -1.0 -1.0 -1.0 
12.28 70.22 17.0 -1.0 3.8784760942028 0.0 0.9046813752760459 0.03317803078881161 43.60705073570539 16.0 -1.0 -1.0 -1.0 -1.0 
12.28 70.22 17.0 -1.0 0.817 152.59019648080002 0.03324697793795463 0.022118687192541075 1.9524462539911829 1.0 -1.0 -1.0 -1.0 -1.0 
12.28 70.22 17.0 -1.0 1.32498 305.18039296160003 0.45275743052258716 0.08018024107296139 5.545595224541066 8.0 -1.0 -1.0 -1.0 -1.0 
12.28 70.22 17.0 -1.0 0.785012 21.79205926338458 7.873894997730062 0.02350110514207489 704.931882732645 32.0 706.576530849086 32.0 0.7850151935902735 21.858753551141408 
12.28 70.22 17.0 -1.0 1.551911320029 76.73002379292554 9.993093939658365 0.006912089747669085 3008.7076180458466 32.0 3008.794758415558 32.0 1.5519162843702363 76.7080332952092 
12.28 70.22 17.0 -1.0 0.2133519608398628 94.63064390213431 6.9387961430745095 0.03456044873834543 194.75350182423287 16.0 241.504031025367 32.0 0.21335229879089943 94.92366125449371 
12.28 70.22 17.0 -1.0 3.89018457273 47.24664949540523 1.6140641521538939 0.016589015394405805 256.3165593641693 32.0 256.3818925106377 32.0 3.8901816878933464 47.25943476103258 
12.28 70.22 17.0 -1.0 1.057949931 457.7705894424001 5.351466945847643 0.03041319488974398 472.55310092723926 32.0 472.6325330914285 32.0 1.0579545535923294 457.7182514435769 
12.28 70.22 17.0 -1.0 0.5498 43.35521034122941 0.5333013674514723 0.05114946413275124 6.429103037005145 16.0 6.6082299578031 16.0 0.5497895472217351 44.12229883471136 
12.28 70.22 17.0 -1.0 0.19822748254834516 30.30744376546343 0.02863819847249989 0.019353851293473442 2.0400358430187993 1.0 -1.0 -1.0 -1.0 -1.0 
12.28 70.22 17.0 -1.0 3.8784760942028 0.0 0.9046813752760459 0.03317803078881161 43.60705073570539 16.0 -1.0 -1.0 -1.0 -1.0 
12.28 70.22 17.0 -1.0 0.817 152.59019648080002 0.03324697793795463 0.022118687192541075 1.9524462539911829 1.0 -1.0 -1.0 -1.0 -1.0 
12.28 70.22 17.0 -1.0 1.32498 305.18039296160003 0.45275743052258716 0.08018024107296139 5.545595224541066 8.0 -1.0 -1.0 -1.0 -1.0 
12.28 70.22 17.0 -1.0 0.785012 21.79205926338458 7.873894997730062 0.02350110514207489 704.931882732645 32.0 706.576530849086 32.0 0.7850151935902735 21.858753551141408 
12.28 70.22 17.0 -1.0 1.551911320029 76.73002379292554 9.993093939658365 0.006912089747669085 3008.7076180458466 32.0 3008.794758415558 32.0 1.5519162843702363 76.7080332952092 
12.28 70.22 17.0 -1.0 0.2133519608398628 94.63064390213431 6.9387961430745095 0.03456044873834543 194.75350182423287 16.0 241.504031025367 32.0 0.21335229879089943 94.92366125449371 
12.28 70.22 17.0 -1.0 3.89018457273 47.24664949540523 1.6140641521538939 0.016589015394405805 256.3165593641693 32.0 256.3818925106377 32.0 3.8901816878933464 47.25943476103258 
12.28 70.22 17.0 -1.0 1.057949931 457.7705894424001 5.351466945847643 0.03041319488974398 472.55310092723926 32.0 472.6325330914285 32.0 1.0579545535923294 457.7182514435769 
12.54 70.63 17.0 -1.0 5.274288303572135 118.63791916982525 0.4193361043146306 0.029030776940210157 21.63181608457901 16.0 23.360507313100932 16.0 5.274281041541448 118.60397760156357 
12.54 70.63 17.0 -1.0 0.004619562426592334 54.6634347808395 0.10394453964744334 0.03041319488974398 -0.7643403333703302 16.0 -1.0 -1.0 -1.0 -1.0 
12.54 70.63 17.0 -1.0 3.47908898733 24.85916593945268 0.09217145848418992 0.016589015394405805 3.2356608266660274 8.0 -1.0 -1.0 -1.0 -1.0 
12.54 70.63 17.0 -1.0 3.104992616817 14.879859182396409 0.028816814083529804 0.01382417949533817 2.8430703108636566 8.0 -1.0 -1.0 -1.0 -1.0 
12.54 70.63 17.0 -1.0 1.1522709735091132 47.490808049205306 0.5493814451004181 0.009676925646736721 126.02857934576559 32.0 126.38233725181637 32.0 1.152269154166182 47.563028560353985 
12.54 70.63 17.0 -1.0 0.1804812154 0.0 1.5733294861894576 0.008294507697202903 89.65294301511733 32.0 -1.0 -1.0 -1.0 -1.0 
12.54 70.63 17.0 -1.0 1.345841 148.4867384878061 2.2286137387064633 0.017971433343939622 358.5978911580333 32.0 358.6517171181456 32.0 1.3458399431935202 148.45736786816875 
12.54 70.63 17.0 -1.0 1.28840192872 296.9734769756122 4.925714623546535 0.022118687192541075 635.7307437587084 32.0 636.1346507996368 32.0 1.2884053527765598 296.9147357363375 
12.54 70.63 17.0 -1.0 0.0013235601945406888 445.46021546341825 1.364625559419203 0.016589015394405805 21.526596665358024 8.0 -1.0 -1.0 -1.0 -1.0 
12.73 47.27 17.0 -1.0 1.61923735551 41.24864034180256 0.03102767079536638 0.08018024107296139 2.372795762442521 1.0 -1.0 -1.0 -1.0 -1.0 
12.73 47.27 17.0 -1.0 0.723353935998 135.88746996217554 0.6404432431172377 0.017971433343939622 61.63773873434958 32.0 61.697705632452 32.0 0.723351452810069 135.90882416288386 
12.73 47.27 17.0 -1.0 5.037393556965363 74.9466821125633 0.18227456590093144 0.019353851293473442 6.805508708708306 16.0 7.439956068613409 8.0 10.074775976439318 74.78527256617362 
12.73 47.27 17.0 -1.0 1.22352355821 66.62704109447091 0.04851416789583005 0.04147253848601452 0.8960719595812264 1.0 -1.0 -1.0 -1.0 -1.0 
12.73 47.27 17.0 -1.0 1.724620631863 78.39572096600216 0.2736174016357826 0.017971433343939622 15.648028517426017 16.0 16.548045466638136 16.0 1.7246444864819448 78.42839815803052 
12.73 47.27 17.0 -1.0 1.721620624335 0.0 0.5943980934483682 0.029030776940210154 11.502618589737065 16.0 -1.0 -1.0 -1.0 -1.0 
12.73 47.27 17.0 -1.0 280.88555907094616 77.67328715210618 0.38517542093714907 0.031795612839277794 5.15763996843922 1.0 -1.0 -1.0 -1.0 -1.0 
12.73 47.27 17.0 -1.0 183.19776376217354 155.34657430421237 0.35748294374042394 0.045619792334615966 6.507714090452086 1.0 -1.0 -1.0 -1.0 -1.0 
12.73 47.27 17.0 -1.0 0.37922747574 233.01986145631855 0.23069400228476278 0.009676925646736721 20.199880583536782 32.0 20.3898600534647 32.0 0.379228974149252 232.85644407952026 
12.73 47.27 17.0 -1.0 68.540096 117.80332029819884 1.5115340740583927 0.04700221028414978 23.980089995068106 1.0 23.980089661282125 1.0 68.54049085328977 117.79439413670647 
12.73 47.27 17.0 -1.0 1.61923735551 41.24864034180256 0.03102767079536638 0.08018024107296139 2.372795762442521 1.0 -1.0 -1.0 -1.0 -1.0 
12.73 47.27 17.0 -1.0 0.723353935998 135.88746996217554 0.6404432431172377 0.017971433343939622 61.63773873434958 32.0 61.697705632452 32.0 0.723351452810069 135.90882416288386 
12.73 47.27 17.0 -1.0 5.037393556965363 74.9466821125633 0.18227456590093144 0.019353851293473442 6.805508708708306 16.0 7.439956068613409 8.0 10.074775976439318 74.78527256617362 
12.73 47.27 17.0 -1.0 1.22352355821 66.62704109447091 0.04851416789583005 0.04147253848601452 0.8960719595812264 1.0 -1.0 -1.0 -1.0 -1.0 
12.73 47.27 17.0 -1.0 1.724620631863 78.39572096600216 0.2736174016357826 0.017971433343939622 15.648028517426017 16.0 16.548045466638136 16.0 1.7246444864819448 78.42839815803052 
12.73 47.27 17.0 -1.0 1.721620624335 0.0 0.5943980934483682 0.029030776940210154 11.502618589737065 16.0 -1.0 -1.0 -1.0 -1.0 
12.73 47.27 17.0 -1.0 280.88555907094616 77.67328715210618 0.38517542093714907 0.031795612839277794 5.15763996843922 1.0 -1.0 -1.0 -1.0 -1.0 
12.73 47.27 17.0 -1.0 183.19776376217354 155.34657430421237 0.35748294374042394 0.045619792334615966 6.507714090452086 1.0 -1.0 -1.0 -1.0 -1.0 
12.73 47.27 17.0 -1.0 0.37922747574 233.01986145631855 0.23069400228476278 0.009676925646736721 20.199880583536782 32.0 20.3898600534647 32.0 0.379228974149252 232.85644407952026 
12.73 47.27 17.0 -1.0 68.540096 117.80332029819884 1.5115340740583927 0.04700221028414978 23.980089995068106 1.0 23.980089661282125 1.0 68.54049085328977 117.79439413670647 
12.78 71.05 17.0 -1.0 2.85754146359 0.0 3.1963215660063935 0.016589015394405805 403.3418318736178 32.0 -1.0 -1.0 -1.0 -1.0 
12.78 71.05 17.0 -1.0 14.363090574139662 288.86930725180895 1.65014364873204 0.0566791359308865 74.84490175512562 8.0 74.84490292608206 8.0 14.363104128278794 288.8189010877666 
12.78 71.05 17.0 -1.0 2.85754146359 0.0 3.1963215660063935 0.016589015394405805 403.34183187361776 32.0 -1.0 -1.0 -1.0 -1.0 
12.78 71.05 17.0 -1.0 14.36309057413966 288.86930725180895 1.65014364873204 0.056679135930886505 74.84490175487062 8.0 74.84490292608206 8.0 14.363104128278794 288.8189010877666 
120.07 23.29 17.0 -1.0 236.517386031723 72.50261977635341 0.22163307062836915 0.024883523091608708 3.576383844613197 1.0 -1.0 -1.0 -1.0 -1.0 
120.07 23.29 17.0 -1.0 0.1504582362154283 46.53338664309229 0.7691102492660461 0.011059343596270537 117.11011247625356 32.0 117.42794656999968 32.0 0.15046074016330144 47.05703889481831 
120.07 23.29 17.0 -1.0 121.14299859018674 107.37677336200869 0.014784852007105203 0.02073626924300726 0.8042214180868236 4.0 -1.0 -1.0 -1.0 -1.0 
120.07 23.29 17.0 -1.0 1.857117736985 163.31209927344273 0.2210214600222975 0.016589015394405805 7.848705882091658 32.0 8.270621564682532 32.0 1.8570972315501424 163.4346619680249 
120.07 23.29 17.0 -1.0 18.953122076237 0.0 0.015063219053801955 0.022118687192541075 1.7235790947277452 2.0 -1.0 -1.0 -1.0 -1.0 
120.07 23.29 17.0 -1.0 288.892720892735 69.02348806472034 0.30750259483062836 0.058061553880420315 2.395689677652316 1.0 -1.0 -1.0 -1.0 -1.0 
120.07 23.29 17.0 -1.0 1.80420219064 207.07046419416102 0.4555812654498708 0.052531882082285056 8.852824776781222 8.0 8.985997012210118 8.0 1.804194956397017 206.64617940477203 
120.07 23.29 17.0 -1.0 0.005654783295302418 42.16376288621981 4.328761281083062 0.03456044873834543 37.27690102727559 4.0 44.92571917971348 4.0 0.0055782341708739604 33.90130759089061 
120.07 23.29 17.0 -1.0 0.001235397512920972 22.78002906426414 1.2184524368437903 0.06773847952715704 7.272780333368216 2.0 -1.0 -1.0 -1.0 -1.0 
120.07 23.29 17.0 -1.0 0.663249 138.04697612944068 1.6433178481118873 0.015206597444871992 199.53052529878985 32.0 199.86751927486804 32.0 0.6632641695129375 138.0339807581337 
120.36 71.23 17.0 -1.0 1.7706655597 86.14200071832127 7.064556592194895 0.017971433343939622 1246.274575431518 32.0 1246.4973243050724 32.0 1.770664918391655 86.11944107417285 
120.36 71.23 17.0 -1.0 2.075444041 24.679507903550192 9.390684932040841 0.019353851293473442 1715.6169036093029 32.0 1715.6214771248967 32.0 2.0754365929557634 24.69229567814122 
120.36 71.23 17.0 -1.0 0.023287445350969212 61.63017322671614 1.5136239878745328 0.02073626924300726 29.490026663711472 32.0 -1.0 -1.0 -1.0 -1.0 
120.36 71.23 17.0 -1.0 1.348363959193 0.0 3.607079510807293 0.019353851293473442 514.8906650505181 32.0 -1.0 -1.0 -1.0 -1.0 
120.36 71.23 17.0 -1.0 0.0386064318053542 152.42149445805953 2.2487190214671773 0.011059343596270537 272.0632776317028 32.0 272.25318320108596 32.0 0.038608050090260804 152.40408725934705 
120.36 71.23 17.0 -1.0 1.7706655597 86.14200071832127 7.064556592194895 0.017971433343939622 1246.274575431518 32.0 1246.4973243050724 32.0 1.770664918391655 86.11944107417285 
120.36 71.23 17.0 -1.0 2.075444041 24.679507903550192 9.390684932040841 0.019353851293473442 1715.6169036093029 32.0 1715.6214771248967 32.0 2.0754365929557634 24.69229567814122 
120.36 71.23 17.0 -1.0 0.023287445350969212 61.63017322671614 1.5136239878745328 0.02073626924300726 29.490026663711472 32.0 -1.0 -1.0 -1.0 -1.0 
120.36 71.23 17.0 -1.0 1.348363959193 0.0 3.607079510807293 0.019353851293473442 514.8906650505181 32.0 -1.0 -1.0 -1.0 -1.0 
120.36 71.23 17.0 -1.0 0.0386064318053542 152.42149445805953 2.2487190214671773 0.011059343596270537 272.0632776317028 32.0 272.25318320108596 32.0 0.038608050090260804 152.40408725934705 
120.56 30.84 17.0 -1.0 0.011688320208362397 38.651419771444516 0.08321316089074977 0.01382417949533817 -0.27698462655460976 8.0 -1.0 -1.0 -1.0 -1.0 
120.56 30.84 17.0 -1.0 13.46811210517598 76.92849165164017 0.01593016308902639 0.03456044873834543 2.1440060630705586 8.0 -1.0 -1.0 -1.0 -1.0 
120.56 30.84 17.0 -1.0 82.34765957943779 96.0202341053319 0.013712407512803643 0.026265941041142528 1.864665145674086 1.0 -1.0 -1.0 -1.0 -1.0 
120.56 30.84 17.0 -1.0 0.001965089580710337 124.77015215324413 0.42930236039390457 0.006912089747669086 8.076649135694867 2.0 -1.0 -1.0 -1.0 -1.0 
120.56 30.84 17.0 -1.0 6.00117895858 185.00272785518527 1.5875231679595287 0.04423737438508215 80.35888946092687 8.0 80.4004624797893 8.0 6.001209840178491 184.98982171984488 
120.56 30.84 17.0 -1.0 1.8988170831434 19.484807739503022 2.097162885620249 0.024883523091608708 156.47487583599695 32.0 156.53797707728503 32.0 1.8988127218714606 19.531201089677275 
120.56 30.84 17.0 -1.0 2.224997 48.141138814603046 3.041223269911629 0.04423737438508215 171.92048378500394 16.0 174.22483339492396 32.0 2.225018154907351 48.17021615899681 
120.56 30.84 17.0 -1.0 171.22104938954 0.0 1.629750834620645 0.013824179495338174 65.63169571387603 2.0 -1.0 -1.0 -1.0 -1.0 
120.56 30.84 17.0 -1.0 112.0391351837939 62.38507607662206 1.384567494348229 0.024883523091608708 53.34009746095417 2.0 53.34009730908056 2.0 112.03907585392396 62.33792679399587 
120.56 30.84 17.0 -1.0 2.270807 187.1552282298662 6.498023507433717 0.011059343596270536 1227.2747804346066 32.0 1227.4524294646767 32.0 2.2707960548965884 187.11497831509473 
120.56 30.84 17.0 -1.0 0.011688320208362397 38.651419771444516 0.08321316089074977 0.01382417949533817 -0.27698462655460976 8.0 -1.0 -1.0 -1.0 -1.0 
120.56 30.84 17.0 -1.0 13.46811210517598 76.92849165164017 0.01593016308902639 0.03456044873834543 2.1440060630705586 8.0 -1.0 -1.0 -1.0 -1.0 
120.56 30.84 17.0 -1.0 82.34765957943779 96.0202341053319 0.013712407512803643 0.026265941041142528 1.864665145674086 1.0 -1.0 -1.0 -1.0 -1.0 
120.56 30.84 17.0 -1.0 0.001965089580710337 124.77015215324413 0.42930236039390457 0.006912089747669086 8.076649135694867 2.0 -1.0 -1.0 -1.0 -1.0 
120.56 30.84 17.0 -1.0 6.00117895858 185.00272785518527 1.5875231679595287 0.04423737438508215 80.35888946092687 8.0 80.4004624797893 8.0 6.001209840178491 184.98982171984488 
120.56 30.84 17.0 -1.0 1.8988170831434 19.484807739503022 2.097162885620249 0.024883523091608708 156.47487583599695 32.0 156.53797707728503 32.0 1.8988127218714606 19.531201089677275 
120.56 30.84 17.0 -1.0 2.224997 48.141138814603046 3.041223269911629 0.04423737438508215 171.92048378500394 16.0 174.22483339492396 32.0 2.225018154907351 48.17021615899681 
120.56 30.84 17.0 -1.0 171.22104938954 0.0 1.629750834620645 0.013824179495338174 65.63169571387603 2.0 -1.0 -1.0 -1.0 -1.0 
120.56 30.84 17.0 -1.0 112.0391351837939 62.38507607662206 1.384567494348229 0.024883523091608708 53.34009746095417 2.0 53.34009730908056 2.0 112.03907585392396 62.33792679399587 
120.56 30.84 17.0 -1.0 2.270807 187.1552282298662 6.498023507433717 0.011059343596270536 1227.2747804346066 32.0 1227.4524294646767 32.0 2.2707960548965884 187.11497831509473 
120.59 54.82 17.0 -1.0 0.51744 40.12941783941307 0.07928479707773797 0.031795612839277794 1.4479340993399548 1.0 -1.0 -1.0 -1.0 -1.0 
120.59 54.82 17.0 -1.0 1.25204624679 66.9184738671894 0.6919648092188234 0.06635606157762322 10.765749323469482 4.0 -1.0 -1.0 -1.0 -1.0 
120.59 54.82 17.0 -1.0 5.8892911508309025 60.805431041671405 0.012823624751348836 0.017971433343939622 0.7326404414911093 1.0 -1.0 -1.0 -1.0 -1.0 
120.59 54.82 17.0 -1.0 0.9327127191511705 3.559493290807947 0.025482417336644785 0.030413194889743984 2.14433362853321 1.0 -1.0 -1.0 -1.0 -1.0 
120.59 54.82 17.0 -1.0 1.1865458 0.0 0.7632877084845537 0.027648358990676344 15.3766759775721 16.0 -1.0 -1.0 -1.0 -1.0 
120.59 54.82 17.0 -1.0 1.8363 51.581700601142984 0.04584227125534742 0.05529671798135269 1.322294027570341 2.0 -1.0 -1.0 -1.0 -1.0 
120.59 54.82 17.0 -1.0 44.742729 107.2800325733943 1.3750352488231645 0.04423737438508215 27.470854083887005 2.0 27.470854370588835 2.0 44.74277375265956 107.26980909356433 
120.59 54.82 17.0 -1.0 1.713017608242 75.73982680527865 3.231848135532067 0.012441761545804354 470.2929488661328 32.0 470.29294717597395 32.0 1.7130332707893106 75.69605396413785 
120.59 54.82 17.0 -1.0 1.8583077883036516 103.16340120228597 1.2761760532387665 0.15621322829732134 10.167384518066743 2.0 10.326031130270122 2.0 1.8582795746624472 104.1326731672431 
120.59 54.82 17.0 -1.0 1.97100259922 154.74510180342895 1.9490769383204658 0.038707702586946884 102.06682590303504 16.0 102.15953122873833 16.0 1.970996284702172 154.73163972081116 
120.59 54.82 17.0 -1.0 0.51744 40.12941783941307 0.07928479707773797 0.031795612839277794 1.4479340993399548 1.0 -1.0 -1.0 -1.0 -1.0 
120.59 54.82 17.0 -1.0 1.25204624679 66.9184738671894 0.6919648092188234 0.06635606157762322 10.765749323469482 4.0 -1.0 -1.0 -1.0 -1.0 
120.59 54.82 17.0 -1.0 5.8892911508309025 60.805431041671405 0.012823624751348836 0.017971433343939622 0.7326404414911093 1.0 -1.0 -1.0 -1.0 -1.0 
120.59 54.82 17.0 -1.0 0.9327127191511705 3.559493290807947 0.025482417336644785 0.030413194889743984 2.14433362853321 1.0 -1.0 -1.0 -1.0 -1.0 
120.59 54.82 17.0 -1.0 1.1865458 0.0 0.7632877084845537 0.027648358990676344 15.3766759775721 16.0 -1.0 -1.0 -1.0 -1.0 
120.59 54.82 17.0 -1.0 1.8363 51.581700601142984 0.04584227125534742 0.05529671798135269 1.322294027570341 2.0 -1.0 -1.0 -1.0 -1.0 
120.59 54.82 17.0 -1.0 44.742729 107.2800325733943 1.3750352488231645 0.04423737438508215 27.470854083887005 2.0 27.470854370588835 2.0 44.74277375265956 107.26980909356433 
120.59 54.82 17.0 -1.0 1.713017608242 75.73982680527865 3.231848135532067 0.012441761545804354 470.2929488661328 32.0 470.29294717597395 32.0 1.7130332707893106 75.69605396413785 
120.59 54.82 17.0 -1.0 1.8583077883036516 103.16340120228597 1.2761760532387665 0.15621322829732134 10.167384518066743 2.0 10.326031130270122 2.0 1.8582795746624472 104.1326731672431 
120.59 54.82 17.0 -1.0 1.97100259922 154.74510180342895 1.9490769383204658 0.038707702586946884 102.06682590303504 16.0 102.15953122873833 16.0 1.970996284702172 154.73163972081116 
120.69 31.25 17.0 -1.0 1.4068059721 123.32749217494516 0.04087531816264026 0.009676925646736721 1.3548101864571371 8.0 -1.0 -1.0 -1.0 -1.0 
120.69 31.25 17.0 -1.0 0.637841 18.635412665136055 0.23617684881065482 0.06359122567855559 1.4428910198955265 1.0 -1.0 -1.0 -1.0 -1.0 
120.69 31.25 17.0 -1.0 114.11768190798892 137.29014464942026 0.16308771282063628 0.017971433343939622 3.690288544040214 2.0 -1.0 -1.0 -1.0 -1.0 
120.69 31.25 17.0 -1.0 0.0023186280869697674 111.664134397462 0.019954001613524005 0.016589015394405805 5.744807731353566 2.0 -1.0 -1.0 -1.0 -1.0 
120.69 31.25 17.0 -1.0 236.60059797388 61.80281633124226 0.22518281997730039 0.049767046183217416 1.349892672714828 1.0 -1.0 -1.0 -1.0 -1.0 
120.69 31.25 17.0 -1.0 0.6083291891053474 123.60563266248452 0.01970740596350545 0.006912089747669086 1.556794506932203 8.0 -1.0 -1.0 -1.0 -1.0 
120.69 31.25 17.0 -1.0 0.749653 25.81143724365113 5.194832598633268 0.07603298722435994 92.8921867445656 16.0 92.98642028966852 16.0 0.7496661661813657 26.3114626078554 
120.69 31.25 17.0 -1.0 2.8936595854908 89.67249318268453 8.072177425408395 0.029030776940210154 671.600448345914 32.0 671.7538556098212 32.0 2.8936786596508077 89.66136873292263 
120.69 31.25 17.0 -1.0 1.61613383449 0.0 7.34829560517585 0.04147253848601452 365.6055199013695 16.0 18.487057656224145 2.0 6.46250555291772 3.238333859428357 
120.69 31.25 17.0 -1.0 2.5619480526 185.40844899372678 5.663374845755554 0.020736269243007255 583.4434032040242 32.0 583.6119218729588 32.0 2.5619556254241616 185.39461345227343 
120.69 31.25 17.0 -1.0 1.4068059721 123.32749217494516 0.04087531816264026 0.009676925646736721 1.3548101864571371 8.0 -1.0 -1.0 -1.0 -1.0 
120.69 31.25 17.0 -1.0 0.637841 18.635412665136055 0.23617684881065482 0.06359122567855559 1.4428910198955265 1.0 -1.0 -1.0 -1.0 -1.0 
120.69 31.25 17.0 -1.0 114.11768190798892 137.29014464942026 0.16308771282063628 0.017971433343939622 3.690288544040214 2.0 -1.0 -1.0 -1.0 -1.0 
120.69 31.25 17.0 -1.0 0.0023186280869697674 111.664134397462 0.019954001613524005 0.016589015394405805 5.744807731353566 2.0 -1.0 -1.0 -1.0 -1.0 
120.69 31.25 17.0 -1.0 236.60059797388 61.80281633124226 0.22518281997730039 0.049767046183217416 1.349892672714828 1.0 -1.0 -1.0 -1.0 -1.0 
120.69 31.25 17.0 -1.0 0.6083291891053474 123.60563266248452 0.01970740596350545 0.006912089747669086 1.556794506932203 8.0 -1.0 -1.0 -1.0 -1.0 
120.69 31.25 17.0 -1.0 0.749653 25.81143724365113 5.194832598633268 0.07603298722435994 92.8921867445656 16.0 92.98642028966852 16.0 0.7496661661813657 26.3114626078554 
120.69 31.25 17.0 -1.0 2.8936595854908 89.67249318268453 8.072177425408395 0.029030776940210154 671.600448345914 32.0 671.7538556098212 32.0 2.8936786596508077 89.66136873292263 
120.69 31.25 17.0 -1.0 1.61613383449 0.0 7.34829560517585 0.04147253848601452 365.6055199013695 16.0 18.487057656224145 2.0 6.46250555291772 3.238333859428357 
120.69 31.25 17.0 -1.0 2.5619480526 185.40844899372678 5.663374845755554 0.020736269243007255 583.4434032040242 32.0 583.6119218729588 32.0 2.5619556254241616 185.39461345227343 
120.77 23.29 17.0 -1.0 11.7245221768 72.57857289746708 0.19625886500669193 0.022118687192541075 3.1978728812000448 8.0 -1.0 -1.0 -1.0 -1.0 
120.77 23.29 17.0 -1.0 0.7198714353 72.45727166142674 0.05084761966519021 0.027648358990676348 2.1951609103009653 4.0 -1.0 -1.0 -1.0 -1.0 
120.77 23.29 17.0 -1.0 1.877218830111 89.5405290704406 0.07025620200406876 0.019353851293473442 2.293758019806017 4.0 -1.0 -1.0 -1.0 -1.0 
120.77 23.29 17.0 -1.0 40.95339554236013 0.18195185406050246 0.1765731612749341 0.049767046183217416 3.0899363712718877 8.0 -1.0 -1.0 -1.0 -1.0 
120.77 23.29 17.0 -1.0 240.442414 49.16743434168244 0.02913710806143706 0.019353851293473442 0.4747300074795827 1.0 -1.0 -1.0 -1.0 -1.0 
120.77 23.29 17.0 -1.0 1.81444150622 67.38283662040608 0.6043355297779757 0.013824179495338172 97.25735174216885 32.0 97.72234058520272 32.0 1.814441930036992 67.39782344935269 
120.77 23.29 17.0 -1.0 30.4712137997271 134.76567324081216 0.031985304904635636 0.017971433343939622 0.6992034181886743 1.0 -1.0 -1.0 -1.0 -1.0 
120.77 23.29 17.0 -1.0 3.9588 202.14850986121823 0.01113024311104136 0.035942866687879244 2.5497461600092115 4.0 -1.0 -1.0 -1.0 -1.0 
120.77 23.29 17.0 -1.0 0.804014 152.79912366547526 8.959736334752314 0.008294507697202903 1668.8422049605344 32.0 1668.9731993848468 32.0 0.8040236328573277 152.70768105866847 
120.77 23.29 17.0 -1.0 0.692049 0.0 3.4060673035150404 0.02211868719254108 200.54105883193563 32.0 -1.0 -1.0 -1.0 -1.0 
120.83 47.44 17.0 -1.0 8.798944 156.61679835435996 0.27780776110354016 0.011059343596270537 19.55341258393848 8.0 -1.0 -1.0 -1.0 -1.0 
120.83 47.44 17.0 -1.0 0.4626931850835 41.10814436004205 0.861377491991735 0.015206597444871989 99.13814554201784 32.0 99.627299105036 32.0 0.46269027128194773 41.28875670771155 
120.83 47.44 17.0 -1.0 2.98752505056 17.993730755359707 0.018751123867894355 0.013824179495338172 1.537600208854708 4.0 -1.0 -1.0 -1.0 -1.0 
120.83 47.44 17.0 -1.0 1.729894 62.33599059918446 0.06805864343010568 0.009676925646736721 3.888102947122585 32.0 -1.0 -1.0 -1.0 -1.0 
120.83 47.44 17.0 -1.0 3.43978058659 158.51921922717332 0.1724740146026953 0.02073626924300726 6.570395302293762 16.0 7.605430811280491 16.0 3.439769595085333 158.4759632457752 
120.83 47.44 17.0 -1.0 0.0015688746124169679 121.34274467094555 3.432049597686396 0.04700221028414978 41.299965939665476 2.0 -1.0 -1.0 -1.0 -1.0 
120.83 47.44 17.0 -1.0 1.819658192512 54.52021151337624 1.4233618833282324 0.006912089747669086 454.3649738914407 32.0 454.4930228121417 32.0 1.8196563663271568 54.54568594474638 
120.83 47.44 17.0 -1.0 104.2699714144 0.0 3.5871990470852655 0.03456044873834543 111.1356422287072 4.0 -1.0 -1.0 -1.0 -1.0 
120.83 47.44 17.0 -1.0 1.2772231067 52.83973974239111 1.5506688110229663 0.006912089747669086 250.71439930698202 32.0 251.1127868566944 32.0 1.2772337261897824 52.82532108192507 
120.83 47.44 17.0 -1.0 1.83553757789 105.67947948478222 3.1394219106029326 0.02350110514207489 316.44629119516514 32.0 316.4897411962034 32.0 1.835542207118124 105.65064216385014 
120.97 63.08 17.0 -1.0 1.24979366967 24.51405176462726 0.06081047529021898 0.024883523091608708 2.1055487459858235 2.0 -1.0 -1.0 -1.0 -1.0 
120.97 63.08 17.0 -1.0 3.24624601344 85.21406586749228 0.40175417261727275 0.016589015394405805 37.085569778563716 16.0 37.218775566830935 16.0 3.246229122548054 85.20865967620864 
120.97 63.08 17.0 -1.0 1.740946263509 0.0 0.6174176748635788 0.027648358990676344 12.61250850621913 16.0 -1.0 -1.0 -1.0 -1.0 
120.97 63.08 17.0 -1.0 4.040243711978289 101.30853630688489 0.11577275299594289 0.019353851293473442 4.491589329542018 16.0 -1.0 -1.0 -1.0 -1.0 
120.97 63.08 17.0 -1.0 0.499654292364 151.96280446032733 0.6018357026646762 0.07879782312342758 11.787673608712918 4.0 -1.0 -1.0 -1.0 -1.0 
120.97 63.08 17.0 -1.0 0.01911184088305906 12.416602784687212 3.569893544810421 0.015206597444871992 43.89059508183771 32.0 6.667961157230626 2.0 0.4768177556494872 15.786877564713238 
120.97 63.08 17.0 -1.0 2.0499674301 6.990988103985456 3.041223269911629 0.04285495643554833 123.74632631994376 16.0 129.21216874946498 32.0 2.0499707413061214 7.286251183713803 
120.97 63.08 17.0 -1.0 1.273039063907 83.31434083923537 3.2363166316024072 0.027648358990676344 216.5869812541219 32.0 217.03611616709117 32.0 1.273050050561627 83.28589894717305 
120.97 63.08 17.0 -1.0 1.83822897314 71.99197967082414 4.994245040193284 0.045619792334615966 235.6426123724169 32.0 238.53909330022864 32.0 1.8382403747333835 72.15412630538808 
120.97 63.08 17.0 -1.0 9.551586249996 50.654268153442445 8.727585044335285 0.038707702586946884 498.22813456917964 16.0 498.22812565171307 16.0 9.551573990999412 50.70016448667521 
120.97 63.08 17.0 -1.0 1.24979366967 24.51405176462726 0.06081047529021898 0.024883523091608708 2.1055487459858235 2.0 -1.0 -1.0 -1.0 -1.0 
120.97 63.08 17.0 -1.0 3.24624601344 85.21406586749228 0.40175417261727275 0.016589015394405805 37.085569778563716 16.0 37.218775566830935 16.0 3.246229122548054 85.20865967620864 
120.97 63.08 17.0 -1.0 1.740946263509 0.0 0.6174176748635788 0.027648358990676344 12.61250850621913 16.0 -1.0 -1.0 -1.0 -1.0 
120.97 63.08 17.0 -1.0 4.040243711978289 101.30853630688489 0.11577275299594289 0.019353851293473442 4.491589329542018 16.0 -1.0 -1.0 -1.0 -1.0 
120.97 63.08 17.0 -1.0 0.499654292364 151.96280446032733 0.6018357026646762 0.07879782312342758 11.787673608712918 4.0 -1.0 -1.0 -1.0 -1.0 
120.97 63.08 17.0 -1.0 0.01911184088305906 12.416602784687212 3.569893544810421 0.015206597444871992 43.89059508183771 32.0 6.667961157230626 2.0 0.4768177556494872 15.786877564713238 
120.97 63.08 17.0 -1.0 2.0499674301 6.990988103985456 3.041223269911629 0.04285495643554833 123.74632631994376 16.0 129.21216874946498 32.0 2.0499707413061214 7.286251183713803 
120.97 63.08 17.0 -1.0 1.273039063907 83.31434083923537 3.2363166316024072 0.027648358990676344 216.5869812541219 32.0 217.03611616709117 32.0 1.273050050561627 83.28589894717305 
120.97 63.08 17.0 -1.0 1.83822897314 71.99197967082414 4.994245040193284 0.045619792334615966 235.6426123724169 32.0 238.53909330022864 32.0 1.8382403747333835 72.15412630538808 
120.97 63.08 17.0 -1.0 9.551586249996 50.654268153442445 8.727585044335285 0.038707702586946884 498.22813456917964 16.0 498.22812565171307 16.0 9.551573990999412 50.70016448667521 
121.15 54.82 17.0 -1.0 0.0016963552480874539 36.81654298116075 0.028401765316560114 0.013824179495338172 5.130719787005141 2.0 -1.0 -1.0 -1.0 -1.0 
121.15 54.82 17.0 -1.0 9.410971404024096 120.71578035169054 0.14602137769543488 0.016589015394405805 6.382541417217352 8.0 -1.0 -1.0 -1.0 -1.0 
121.15 54.82 17.0 -1.0 1.9074109781353 135.92261332216998 0.283821508860516 0.027648358990676344 12.804745746210493 16.0 13.357974672589735 16.0 1.9073922885581853 136.01002209599096 
121.15 54.82 17.0 -1.0 1.94174509793 117.83756398986903 0.014703365110827447 0.011059343596270537 1.3106770964270082 8.0 -1.0 -1.0 -1.0 -1.0 
121.15 54.82 17.0 -1.0 0.03896289880254247 0.0 0.08643580267418616 0.03732528463741307 2.322245900530896 4.0 -1.0 -1.0 -1.0 -1.0 
121.15 54.82 17.0 -1.0 1.3161733951223 51.299973978348156 0.24095624898322412 0.02350110514207489 12.73312469691626 16.0 12.796242210639207 16.0 1.3161600994256637 51.5097479515323 
121.15 54.82 17.0 -1.0 0.2133519608398628 153.89992193504446 0.05801981739716653 0.022118687192541075 2.9893977789891726 8.0 -1.0 -1.0 -1.0 -1.0 
121.15 54.82 17.0 -1.0 0.370755 63.79789743181911 2.485647525109076 0.01520659744487199 332.45882117259515 32.0 332.52921636817075 32.0 0.3707403569327047 63.75469785749578 
121.15 54.82 17.0 -1.0 407.5576746062305 113.1431469291441 4.468533483237703 0.03041319488974398 91.80572911427761 1.0 91.80573062542447 1.0 407.55743005623424 113.13928921377821 
121.15 54.82 17.0 -1.0 2.596093134656 102.59994795669631 1.0416019161885357 0.03317803078881161 60.25792256704311 16.0 60.47021192943363 16.0 2.5960616767406464 102.7159021037432 
121.18 62.28 17.0 -1.0 2.054398913559 108.04127977102235 0.050462678313251505 0.049767046183217416 1.3164005475994842 4.0 -1.0 -1.0 -1.0 -1.0 
121.18 62.28 17.0 -1.0 2.17577321653 39.58023003832368 0.2295810794920964 0.01520659744487199 21.45001473193179 32.0 23.03660187200634 32.0 2.1757841750513762 39.467193911783106 
121.18 62.28 17.0 -1.0 22.022019499873736 62.6636387378215 0.01714049668094262 0.04009012053648069 1.8333836913816257 1.0 -1.0 -1.0 -1.0 -1.0 
121.18 62.28 17.0 -1.0 339.12291985254956 61.02458013194 0.06238490354560311 0.023501105142074895 0.16303693647488013 1.0 -1.0 -1.0 -1.0 -1.0 
121.18 62.28 17.0 -1.0 0.73597310008 0.0 0.0328815056064285 0.019353851293473442 1.7037654167244694 8.0 -1.0 -1.0 -1.0 -1.0 
121.18 62.28 17.0 -1.0 43.87598615362882 50.58316975373191 0.0383317243000617 0.019353851293473442 2.1138608165710466 4.0 -1.0 -1.0 -1.0 -1.0 
121.18 62.28 17.0 -1.0 1.029442 101.16633950746382 0.01587523167959527 0.06220880772902178 1.4053425097546872 2.0 -1.0 -1.0 -1.0 -1.0 
121.18 62.28 17.0 -1.0 4.37973627453 22.41564408228684 1.2612758521908187 0.047002210284149776 43.3481017741439 8.0 43.78537927914813 8.0 4.379762685857713 22.567139082891362 
121.18 62.28 17.0 -1.0 0.443166465253 28.926349100093915 1.6928670902708083 0.049767046183217416 60.16514686374992 16.0 61.91623921678553 16.0 0.44316645168388885 28.841410935533805 
121.18 62.28 17.0 -1.0 1.585913888562 151.74950926119573 4.34373964253692 0.14930113854965227 52.19175783969348 4.0 53.13471338125152 4.0 1.5859162279715142 151.3921079282757 
121.31 47.44 17.0 -1.0 130.98660645092846 74.15095307388306 0.013817009029464065 0.056679135930886505 0.9240263803411745 2.0 -1.0 -1.0 -1.0 -1.0 
121.31 47.44 17.0 -1.0 502.512563 55.62109984933763 0.021965150000457404 0.031795612839277794 -0.7126621947163828 1.0 -1.0 -1.0 -1.0 -1.0 
121.31 47.44 17.0 -1.0 0.301750014184 48.41416970157826 0.019898937272332506 0.016589015394405805 1.3936242586098166 2.0 -1.0 -1.0 -1.0 -1.0 
121.31 47.44 17.0 -1.0 0.045972698853087204 44.42433747535699 0.8454593069291421 0.019353851293473442 19.98327175070421 32.0 22.64991843968082 32.0 0.045959798929591976 53.63490454678217 
121.31 47.44 17.0 -1.0 0.655433 45.3074623949949 0.011331970376636379 0.04700221028414978 0.46973746913590414 1.0 -1.0 -1.0 -1.0 -1.0 
121.31 47.44 17.0 -1.0 2.4370797881984734 65.19354317469855 0.0859000465817618 0.02350110514207489 2.624737335815274 8.0 -1.0 -1.0 -1.0 -1.0 
121.31 47.44 17.0 -1.0 0.011112155734773638 105.1234056126126 0.014571905684253863 0.03456044873834543 1.133153764208866 32.0 -1.0 -1.0 -1.0 -1.0 
121.31 47.44 17.0 -1.0 1.47561419353 0.0 8.332821508477364 0.04423737438508215 283.1812318960217 32.0 7.398091573905337 2.0 10.327494237571955 2.529948327678404 
121.31 47.44 17.0 -1.0 0.75719801568 52.5617028063063 1.074491836608545 0.009676925646736721 209.0987943293035 32.0 209.11700728266075 32.0 0.757214972206081 52.52172728260366 
121.31 47.44 17.0 -1.0 0.05679455782536873 157.6851084189189 2.1904535766913007 0.03456044873834543 28.199872555286017 16.0 28.54550966114896 32.0 0.05678278588068982 157.46398391470387 
121.31 47.44 17.0 -1.0 130.98660645092843 74.15095307388306 0.013817009029464065 0.056679135930886505 0.9240263803411242 2.0 -1.0 -1.0 -1.0 -1.0 
121.31 47.44 17.0 -1.0 502.512563 55.62109984933763 0.0219651500004574 0.031795612839277794 -0.7126621947163828 1.0 -1.0 -1.0 -1.0 -1.0 
121.31 47.44 17.0 -1.0 0.301750014184 48.41416970157826 0.019898937272332506 0.016589015394405805 1.3936242586098166 2.0 -1.0 -1.0 -1.0 -1.0 
121.31 47.44 17.0 -1.0 0.045972698853087204 44.42433747535699 0.8454593069291421 0.019353851293473442 19.98327175070421 32.0 22.64991843968082 32.0 0.045959798929591976 53.63490454678217 
121.31 47.44 17.0 -1.0 0.655433 45.3074623949949 0.011331970376636379 0.04700221028414978 0.46973746913590414 1.0 -1.0 -1.0 -1.0 -1.0 
121.31 47.44 17.0 -1.0 2.4370797881984734 65.19354317469855 0.0859000465817618 0.02350110514207489 2.624737335815274 8.0 -1.0 -1.0 -1.0 -1.0 
121.31 47.44 17.0 -1.0 0.011112155734773638 105.1234056126126 0.014571905684253863 0.03456044873834543 1.133153764208866 32.0 -1.0 -1.0 -1.0 -1.0 
121.31 47.44 17.0 -1.0 1.47561419353 0.0 8.332821508477364 0.04423737438508215 283.1812318960217 32.0 7.398091573905337 2.0 10.327494237571955 2.529948327678404 
121.31 47.44 17.0 -1.0 0.75719801568 52.5617028063063 1.074491836608545 0.009676925646736721 209.0987943293035 32.0 209.11700728266075 32.0 0.757214972206081 52.52172728260366 
121.31 47.44 17.0 -1.0 0.05679455782536873 157.6851084189189 2.1904535766913007 0.03456044873834543 28.199872555286017 16.0 28.54550966114896 32.0 0.05678278588068982 157.46398391470387 
121.43 31.25 17.0 -1.0 1.0102685320583 58.7362132146264 0.14581976084928142 0.04009012053648069 2.2559053316900695 8.0 -1.0 -1.0 -1.0 -1.0 
121.43 31.25 17.0 -1.0 0.00562885638347993 148.65449885542415 0.08379002485202364 0.0483846282336836 1.459618189796707 1.0 -1.0 -1.0 -1.0 -1.0 
121.43 31.25 17.0 -1.0 0.73554 148.74519714636705 0.21455228951983865 0.006912089747669086 35.49007982878705 32.0 36.114921633259605 32.0 0.7355386818138262 148.659763734383 
121.43 31.25 17.0 -1.0 0.483863 16.488949293420447 0.1666180978727655 0.02350110514207489 3.07561143661442 16.0 -1.0 -1.0 -1.0 -1.0 
121.43 31.25 17.0 -1.0 0.002971694781935529 127.6850539894241 0.029339097114568342 0.016589015394405805 4.38471687293382 1.0 -1.0 -1.0 -1.0 -1.0 
121.43 31.25 17.0 -1.0 0.74006295676 60.459480742541636 0.9338928054889378 0.02073626924300726 106.19104923387953 32.0 106.77018403717041 32.0 0.7400558388326317 60.11157226563888 
121.43 31.25 17.0 -1.0 3.587398 120.91896148508327 0.012422511885612372 0.02350110514207489 1.8068396779863736 1.0 -1.0 -1.0 -1.0 -1.0 
121.43 31.25 17.0 -1.0 0.4626824858612 181.3784422276249 0.4313834568975226 0.038707702586946884 14.90213790278591 16.0 14.989401456192342 16.0 0.46269027128194773 180.84070646245232 
121.43 31.25 17.0 -1.0 260.049004242 39.61701348386166 9.917441330617637 0.03179561283927779 171.0151363939479 1.0 171.01513807342903 1.0 260.048545897007 39.56839184489023 
121.43 31.25 17.0 -1.0 0.98911728333 0.0 1.465266402481821 0.008294507697202903 247.60643661461435 32.0 -1.0 -1.0 -1.0 -1.0 
121.43 31.25 17.0 -1.0 1.0102685320583 58.7362132146264 0.14581976084928142 0.04009012053648069 2.2559053316900695 8.0 -1.0 -1.0 -1.0 -1.0 
121.43 31.25 17.0 -1.0 0.00562885638347993 148.65449885542415 0.08379002485202364 0.0483846282336836 1.459618189796707 1.0 -1.0 -1.0 -1.0 -1.0 
121.43 31.25 17.0 -1.0 0.73554 148.74519714636705 0.21455228951983865 0.006912089747669086 35.49007982878705 32.0 36.114921633259605 32.0 0.7355386818138262 148.659763734383 
121.43 31.25 17.0 -1.0 0.483863 16.488949293420447 0.1666180978727655 0.02350110514207489 3.07561143661442 16.0 -1.0 -1.0 -1.0 -1.0 
121.43 31.25 17.0 -1.0 0.002971694781935529 127.6850539894241 0.029339097114568342 0.016589015394405805 4.38471687293382 1.0 -1.0 -1.0 -1.0 -1.0 
121.43 31.25 17.0 -1.0 0.74006295676 60.459480742541636 0.9338928054889378 0.02073626924300726 106.19104923387953 32.0 106.77018403717041 32.0 0.7400558388326317 60.11157226563888 
121.43 31.25 17.0 -1.0 3.587398 120.91896148508327 0.01242251188561237 0.02350110514207489 1.8068396779863736 1.0 -1.0 -1.0 -1.0 -1.0 
121.43 31.25 17.0 -1.0 0.4626824858612 181.3784422276249 0.4313834568975226 0.038707702586946884 14.90213790278591 16.0 14.989401456192342 16.0 0.46269027128194773 180.84070646245232 
121.43 31.25 17.0 -1.0 260.049004242 39.61701348386166 9.917441330617637 0.03179561283927779 171.01513639394793 1.0 171.01513807342903 1.0 260.048545897007 39.56839184489023 
121.43 31.25 17.0 -1.0 0.98911728333 0.0 1.4652664024818212 0.008294507697202903 247.6064366146144 32.0 -1.0 -1.0 -1.0 -1.0 
121.43 62.68 17.0 -1.0 0.7689965116578887 50.3013750395444 0.3984373436262631 0.026265941041142524 19.714077486407298 16.0 19.76475390388897 16.0 0.76900808683907 50.29537275424667 
121.43 62.68 17.0 -1.0 1.25204624679 47.287230615313945 0.01002074683019826 0.012441761545804354 0.6038323709691287 1.0 -1.0 -1.0 -1.0 -1.0 
121.43 62.68 17.0 -1.0 0.2415367360554291 58.631924955759224 0.10006910833004609 0.02350110514207489 1.684467375139409 32.0 -1.0 -1.0 -1.0 -1.0 
121.43 62.68 17.0 -1.0 12.08252485412 29.44470734022111 0.04546380356371674 0.045619792334615966 2.4487704869677924 1.0 -1.0 -1.0 -1.0 -1.0 
121.43 62.68 17.0 -1.0 0.2916157151464048 0.0 0.6624942575779246 0.0967692564673672 1.5018473299009458 1.0 -1.0 -1.0 -1.0 -1.0 
121.43 62.68 17.0 -1.0 104.166667 50.48313249226181 0.028519736887022848 0.02350110514207489 2.5371793302282537 1.0 -1.0 -1.0 -1.0 -1.0 
121.43 62.68 17.0 -1.0 0.15681158742456863 100.96626498452362 0.013951293055905149 0.02073626924300726 2.990771543358608 1.0 -1.0 -1.0 -1.0 -1.0 
121.43 62.68 17.0 -1.0 169.233373 128.12385771138395 5.014989487733802 0.04700221028414978 82.00370611161128 2.0 82.00370764412475 2.0 169.2334384036561 128.11658331363435 
121.43 62.68 17.0 -1.0 5.9656054404 26.521441642349366 1.026599716787374 0.02350110514207489 85.57198023097457 16.0 86.42416544769493 32.0 5.965618280849109 26.513858474069675 
121.43 62.68 17.0 -1.0 0.8908199119053896 151.44939747678544 3.741599559153526 0.019353851293473442 389.58305534101237 32.0 392.4408799196971 32.0 0.8908197438965242 151.29090999516853 
121.43 62.68 17.0 -1.0 0.7689965116578887 50.3013750395444 0.3984373436262631 0.026265941041142524 19.714077486407298 16.0 19.76475390388897 16.0 0.76900808683907 50.29537275424667 
121.43 62.68 17.0 -1.0 1.25204624679 47.287230615313945 0.01002074683019826 0.012441761545804354 0.6038323709691287 1.0 -1.0 -1.0 -1.0 -1.0 
121.43 62.68 17.0 -1.0 0.2415367360554291 58.631924955759224 0.10006910833004609 0.02350110514207489 1.684467375139409 32.0 -1.0 -1.0 -1.0 -1.0 
121.43 62.68 17.0 -1.0 12.08252485412 29.44470734022111 0.04546380356371674 0.045619792334615966 2.4487704869677924 1.0 -1.0 -1.0 -1.0 -1.0 
121.43 62.68 17.0 -1.0 0.2916157151464048 0.0 0.6624942575779246 0.0967692564673672 1.5018473299009458 1.0 -1.0 -1.0 -1.0 -1.0 
121.43 62.68 17.0 -1.0 104.166667 50.48313249226181 0.028519736887022848 0.02350110514207489 2.5371793302282537 1.0 -1.0 -1.0 -1.0 -1.0 
121.43 62.68 17.0 -1.0 0.15681158742456863 100.96626498452362 0.013951293055905149 0.02073626924300726 2.990771543358608 1.0 -1.0 -1.0 -1.0 -1.0 
121.43 62.68 17.0 -1.0 169.233373 128.12385771138395 5.014989487733802 0.04700221028414978 82.00370611161128 2.0 82.00370764412475 2.0 169.2334384036561 128.11658331363435 
121.43 62.68 17.0 -1.0 5.9656054404 26.521441642349366 1.026599716787374 0.02350110514207489 85.57198023097457 16.0 86.42416544769493 32.0 5.965618280849109 26.513858474069675 
121.43 62.68 17.0 -1.0 0.8908199119053896 151.44939747678544 3.741599559153526 0.019353851293473442 389.58305534101237 32.0 392.4408799196971 32.0 0.8908197438965242 151.29090999516853 
121.68 63.08 17.0 -1.0 195.694716 129.67713895403753 0.043768747250644106 0.013824179495338174 2.1713535619325937 1.0 -1.0 -1.0 -1.0 -1.0 
121.68 63.08 17.0 -1.0 233.2571878284 72.70626394322422 0.024566259432007898 0.03317803078881161 0.877016385756197 2.0 -1.0 -1.0 -1.0 -1.0 
121.68 63.08 17.0 -1.0 0.115088121 66.2669981553212 0.32095980321218953 0.01520659744487199 14.072257177385254 32.0 14.414445964738796 32.0 0.11508139626433453 68.40980278042404 
121.68 63.08 17.0 -1.0 0.057056157587810206 59.94865754653373 0.07207518712173606 0.022118687192541075 1.4230919816321115 8.0 -1.0 -1.0 -1.0 -1.0 
121.68 63.08 17.0 -1.0 1.445087 67.50648124125559 0.01060480165683625 0.011059343596270537 1.2571183488956232 1.0 -1.0 -1.0 -1.0 -1.0 
121.68 63.08 17.0 -1.0 445.93689247847 0.0 0.1125395386653212 0.008294507697202903 2.069159941080121 1.0 -1.0 -1.0 -1.0 -1.0 
121.68 63.08 17.0 -1.0 2.7337872008546404 131.0828941612558 6.089455454099885 0.009676925646736721 1025.004031347526 32.0 1042.4055527034127 32.0 2.733789491079127 131.15252130684846 
121.68 63.08 17.0 -1.0 419.46081729722 50.380452749015866 5.624384561966154 0.035942866687879244 113.04061282192204 1.0 113.04061211734528 1.0 419.4608967130383 50.3965706873538 
121.68 63.08 17.0 -1.0 0.350018 100.76090549803173 2.3536244866247897 0.005529671798135269 731.9947476809224 32.0 732.2308165287674 32.0 0.3500038777322819 100.59074550849334 
121.68 63.08 17.0 -1.0 4.0906257652 151.1413582470476 1.3110273782441138 0.01520659744487199 122.33918439590478 32.0 122.40960816264698 32.0 4.090634320164099 151.08851412895427 
121.69 54.43 17.0 -1.0 1.1005167036283978 59.998587221439394 0.0676367947084913 0.019353851293473442 2.5274328423693504 32.0 -1.0 -1.0 -1.0 -1.0 
121.69 54.43 17.0 -1.0 2.5050945385182 60.7345780690318 0.010939661911164156 0.08847474877016431 0.6140068433426648 2.0 -1.0 -1.0 -1.0 -1.0 
121.69 54.43 17.0 -1.0 7.105007446 71.4677779297544 0.4524447535090559 0.016589015394405805 36.62352790761834 16.0 36.99712618049025 16.0 7.105033243230234 71.54693870674527 
121.69 54.43 17.0 -1.0 1.4414462816 28.197649348384115 0.26542534726965156 0.019353851293473442 14.031518479445358 16.0 14.998645853847597 16.0 1.441427836349855 28.234223336890985 
121.69 54.43 17.0 -1.0 0.8438795009324 49.75604792577839 0.02883672890251542 0.019353851293473442 1.5830885789054638 8.0 -1.0 -1.0 -1.0 -1.0 
121.69 54.43 17.0 -1.0 3.48859614104 51.105364479697805 0.5866469778046373 0.029030776940210154 43.060035233755364 16.0 43.10260078478502 16.0 3.48857914408048 51.104956219103755 
121.69 54.43 17.0 -1.0 3.876549895122649 153.3160934390934 0.09210780431878308 0.024883523091608708 4.3460559198002455 8.0 -1.0 -1.0 -1.0 -1.0 
121.69 54.43 17.0 -1.0 1.946 27.44632535813353 3.5477662300083814 0.013824179495338172 572.4192757235794 32.0 572.429311677381 32.0 1.9460154968934755 27.424639872033897 
121.69 54.43 17.0 -1.0 87.81979863780099 0.0 2.384721920461432 0.11474068981130683 39.065788391722705 4.0 -1.0 -1.0 -1.0 -1.0 
121.69 54.43 17.0 -1.0 1.9367779493978519 102.21072895939561 1.3826557733666658 0.012441761545804354 144.43794417966697 32.0 145.11869763581132 32.0 1.936768967425451 102.20991243820751 
121.77 47.06 17.0 -1.0 0.61876215365 137.6269057834282 0.45842271255347444 0.2018330206319373 0.9566089335176894 2.0 -1.0 -1.0 -1.0 -1.0 
121.77 47.06 17.0 -1.0 1.437835 52.36420970047559 0.016835368321843135 0.09123958466923193 2.40427156559558 4.0 -1.0 -1.0 -1.0 -1.0 
121.77 47.06 17.0 -1.0 0.007381969880981496 157.09262910142678 0.15941172158710837 0.035942866687879244 2.2200891409941326 8.0 -1.0 -1.0 -1.0 -1.0 
121.77 47.06 17.0 -1.0 1.792264113565 8.091079506674147 9.300297684159162 0.06497364362808941 289.1179495680028 16.0 291.20375821745193 32.0 1.7922502593137326 8.095834648570891 
121.77 47.06 17.0 -1.0 0.14636632765216182 80.8793733987544 1.02589074082829 0.11474068981130682 0.13487506821384163 2.0 -1.0 -1.0 -1.0 -1.0 
121.77 47.06 17.0 -1.0 0.7206768587625 86.09537028461034 7.262499384819735 0.009676925646736721 1245.0367574061595 32.0 1245.241964091306 32.0 0.7206836016848683 86.11944107417285 
121.77 47.06 17.0 -1.0 0.852686908781 12.615799696814253 9.468858568438861 0.04147253848601452 419.9642801460621 16.0 424.8798956026742 32.0 0.8526815994021794 12.852137504606292 
121.77 47.06 17.0 -1.0 0.008129878096527234 108.8446579072592 8.105706589434478 0.07879782312342758 34.10308428322835 2.0 -1.0 -1.0 -1.0 -1.0 
121.77 47.06 17.0 -1.0 2.27174930502 0.0 4.237041388009733 0.026265941041142528 302.318169938478 32.0 10.915935867032305 2.0 4.5416527427732944 5.161094588463944 
121.77 47.06 17.0 -1.0 383.778121483 104.72841940095118 1.5220125791918115 0.017971433343939622 30.899103871082634 1.0 30.899103237500825 1.0 383.77766031771904 104.73986076588592 
121.77 47.06 17.0 -1.0 0.61876215365 137.6269057834282 0.45842271255347444 0.2018330206319373 0.9566089335176894 2.0 -1.0 -1.0 -1.0 -1.0 
121.77 47.06 17.0 -1.0 1.437835 52.36420970047559 0.016835368321843135 0.09123958466923193 2.40427156559558 4.0 -1.0 -1.0 -1.0 -1.0 
121.77 47.06 17.0 -1.0 0.007381969880981496 157.09262910142678 0.15941172158710837 0.035942866687879244 2.2200891409941326 8.0 -1.0 -1.0 -1.0 -1.0 
121.77 47.06 17.0 -1.0 1.792264113565 8.091079506674147 9.300297684159162 0.06497364362808941 289.1179495680028 16.0 291.20375821745193 32.0 1.7922502593137326 8.095834648570891 
121.77 47.06 17.0 -1.0 0.14636632765216182 80.8793733987544 1.02589074082829 0.11474068981130682 0.13487506821384163 2.0 -1.0 -1.0 -1.0 -1.0 
121.77 47.06 17.0 -1.0 0.7206768587625 86.09537028461034 7.262499384819735 0.009676925646736721 1245.0367574061595 32.0 1245.241964091306 32.0 0.7206836016848683 86.11944107417285 
121.77 47.06 17.0 -1.0 0.852686908781 12.615799696814253 9.468858568438861 0.04147253848601452 419.9642801460621 16.0 424.8798956026742 32.0 0.8526815994021794 12.852137504606292 
121.77 47.06 17.0 -1.0 0.008129878096527234 108.8446579072592 8.105706589434478 0.07879782312342758 34.10308428322835 2.0 -1.0 -1.0 -1.0 -1.0 
121.77 47.06 17.0 -1.0 2.27174930502 0.0 4.237041388009733 0.026265941041142528 302.318169938478 32.0 10.915935867032305 2.0 4.5416527427732944 5.161094588463944 
121.77 47.06 17.0 -1.0 383.778121483 104.72841940095118 1.5220125791918115 0.017971433343939622 30.899103871082634 1.0 30.899103237500825 1.0 383.77766031771904 104.73986076588592 
121.78 47.44 17.0 -1.0 2.6255691627 96.41025749050914 0.014683063658065707 0.05391430003181887 0.5324383466529946 4.0 -1.0 -1.0 -1.0 -1.0 
121.78 47.44 17.0 -1.0 3.386501 127.10906548089743 0.0217537309748786 0.2018330206319373 1.344210372672669 1.0 -1.0 -1.0 -1.0 -1.0 
121.78 47.44 17.0 -1.0 0.857118 14.918020643259712 0.05021923433847278 0.04147253848601452 0.6480367803706081 16.0 -1.0 -1.0 -1.0 -1.0 
121.78 47.44 17.0 -1.0 5.604753 38.46370832520801 0.35575836090715596 0.04147253848601452 13.594925933907238 8.0 13.822038244834006 16.0 5.6047307831856115 38.45521458071173 
121.78 47.44 17.0 -1.0 0.20365026489 48.565922094145186 0.14116107970145156 0.016589015394405805 2.677053649857137 16.0 -1.0 -1.0 -1.0 -1.0 
121.78 47.44 17.0 -1.0 0.0012128959039623276 0.0 0.20683858742459543 0.03041319488974398 26.100866016981207 1.0 -1.0 -1.0 -1.0 -1.0 
121.78 47.44 17.0 -1.0 0.7904950589101835 52.283662254452814 0.027023598159184342 0.1534483923982537 0.29641038434738615 2.0 -1.0 -1.0 -1.0 -1.0 
121.78 47.44 17.0 -1.0 0.644521 104.56732450890563 0.010917012570556791 0.013824179495338172 1.0619696137828885 2.0 -1.0 -1.0 -1.0 -1.0 
121.78 47.44 17.0 -1.0 0.004994930062731352 18.933807483085673 1.2252051704249856 0.024883523091608708 21.191712164318762 1.0 -1.0 -1.0 -1.0 -1.0 
121.78 47.44 17.0 -1.0 295.4494550550848 156.85098676335843 9.462319317574856 0.1382417949533817 151.91301277908184 1.0 151.9130134288066 1.0 295.449475136896 156.7555983829539 
121.78 47.44 17.0 -1.0 2.6255691627 96.41025749050914 0.014683063658065707 0.05391430003181887 0.5324383466529946 4.0 -1.0 -1.0 -1.0 -1.0 
121.78 47.44 17.0 -1.0 3.386501 127.10906548089743 0.0217537309748786 0.2018330206319373 1.344210372672669 1.0 -1.0 -1.0 -1.0 -1.0 
121.78 47.44 17.0 -1.0 0.857118 14.918020643259712 0.05021923433847278 0.04147253848601452 0.6480367803706081 16.0 -1.0 -1.0 -1.0 -1.0 
121.78 47.44 17.0 -1.0 5.604753 38.46370832520801 0.35575836090715596 0.04147253848601452 13.594925933907238 8.0 13.822038244834006 16.0 5.6047307831856115 38.45521458071173 
121.78 47.44 17.0 -1.0 0.20365026489 48.565922094145186 0.14116107970145156 0.016589015394405805 2.677053649857137 16.0 -1.0 -1.0 -1.0 -1.0 
121.78 47.44 17.0 -1.0 0.0012128959039623276 0.0 0.20683858742459543 0.03041319488974398 26.100866016981207 1.0 -1.0 -1.0 -1.0 -1.0 
121.78 47.44 17.0 -1.0 0.7904950589101835 52.283662254452814 0.027023598159184342 0.1534483923982537 0.29641038434738615 2.0 -1.0 -1.0 -1.0 -1.0 
121.78 47.44 17.0 -1.0 0.644521 104.56732450890563 0.010917012570556791 0.013824179495338172 1.0619696137828885 2.0 -1.0 -1.0 -1.0 -1.0 
121.78 47.44 17.0 -1.0 0.004994930062731352 18.933807483085673 1.2252051704249856 0.024883523091608708 21.191712164318762 1.0 -1.0 -1.0 -1.0 -1.0 
121.78 47.44 17.0 -1.0 295.4494550550848 156.85098676335843 9.462319317574856 0.1382417949533817 151.91301277908184 1.0 151.9130134288066 1.0 295.449475136896 156.7555983829539 
121.81 31.25 17.0 -1.0 2.76203446627 99.10419765307188 0.11885227543732944 0.029030776940210157 2.638731873092185 8.0 -1.0 -1.0 -1.0 -1.0 
121.81 31.25 17.0 -1.0 0.36526246193936784 104.55914534210572 0.2207162879276 0.012441761545804352 9.809465609410456 32.0 10.052037397485147 32.0 0.365253072232008 104.63866283277878 
121.81 31.25 17.0 -1.0 0.3737524374439566 27.759223930708348 0.031633701700883206 0.016589015394405805 1.3106352229857636 16.0 -1.0 -1.0 -1.0 -1.0 
121.81 31.25 17.0 -1.0 1.981742617133 59.80704160378212 0.44592818868264866 0.016589015394405805 55.023394952378226 32.0 55.05433560673272 32.0 1.9817586386731516 59.80797846631747 
121.81 31.25 17.0 -1.0 0.00525391682631678 119.61408320756424 0.02895650716832817 0.006912089747669086 2.4168129993672 1.0 -1.0 -1.0 -1.0 -1.0 
121.81 31.25 17.0 -1.0 1.06274260538 89.88102952095547 2.0870456725491437 0.08432749492156286 27.933395582232496 8.0 28.029365140463074 8.0 1.0626536095514894 90.06616046535117 
121.81 31.25 17.0 -1.0 3.57361490181 2.6915860307732724 9.19171054608519 0.019353851293473442 1220.9000365762672 32.0 1221.4871601920893 32.0 3.573616898696249 2.63114626078554 
121.81 31.25 17.0 -1.0 0.39208025942 119.5961393006924 2.612412205509469 0.027648358990676344 152.7286668220106 16.0 168.2356151822646 32.0 0.3920831659343094 119.71715486574207 
121.81 31.25 17.0 -1.0 0.82077978267 0.0 3.2497592240359943 0.0483846282336836 86.21362352133531 16.0 -1.0 -1.0 -1.0 -1.0 
121.81 31.25 17.0 -1.0 124.52974799671011 179.42112481134635 3.1963215660063935 0.013824179495338172 148.2244911792244 1.0 148.22448970058358 1.0 124.52946975827219 179.32273746584525 
121.81 31.25 17.0 -1.0 2.76203446627 99.10419765307188 0.11885227543732946 0.029030776940210157 2.638731873092185 8.0 -1.0 -1.0 -1.0 -1.0 
121.81 31.25 17.0 -1.0 0.3652624619393678 104.55914534210572 0.2207162879276 0.012441761545804354 9.809465609415097 32.0 10.052037397485147 32.0 0.365253072232008 104.63866283277878 
121.81 31.25 17.0 -1.0 0.3737524374439566 27.759223930708348 0.031633701700883206 0.016589015394405805 1.3106352229857636 16.0 -1.0 -1.0 -1.0 -1.0 
121.81 31.25 17.0 -1.0 1.981742617133 59.80704160378212 0.44592818868264866 0.016589015394405805 55.02339495237821 32.0 55.05433560673272 32.0 1.9817586386731516 59.80797846631747 
121.81 31.25 17.0 -1.0 0.00525391682631678 119.61408320756424 0.02895650716832817 0.006912089747669086 2.4168129993672 1.0 -1.0 -1.0 -1.0 -1.0 
121.81 31.25 17.0 -1.0 1.06274260538 89.88102952095547 2.0870456725491437 0.08432749492156286 27.933395582232503 8.0 28.029365140463074 8.0 1.0626536095514894 90.06616046535117 
121.81 31.25 17.0 -1.0 3.57361490181 2.6915860307732724 9.19171054608519 0.019353851293473442 1220.9000365762668 32.0 1221.4871601920893 32.0 3.573616898696249 2.63114626078554 
121.81 31.25 17.0 -1.0 0.39208025942 119.5961393006924 2.612412205509469 0.027648358990676344 152.7286668220106 16.0 168.2356151822646 32.0 0.3920831659343094 119.71715486574207 
121.81 31.25 17.0 -1.0 0.82077978267 0.0 3.2497592240359943 0.0483846282336836 86.21362352133531 16.0 -1.0 -1.0 -1.0 -1.0 
121.81 31.25 17.0 -1.0 124.52974799671011 179.42112481134635 3.1963215660063935 0.013824179495338172 148.2244911792244 1.0 148.22448970058358 1.0 124.52946975827219 179.32273746584525 
121.91 46.67 17.0 -1.0 0.17349450105355313 13.914258021427086 0.014431648135339923 0.01520659744487199 -0.03145544993974993 4.0 -1.0 -1.0 -1.0 -1.0 
121.91 46.67 17.0 -1.0 9.85813488508 78.24021835524802 0.809451475557974 0.019353851293473442 60.45255305009474 16.0 61.89061251029814 16.0 9.858134338477006 78.22600229181624 
121.91 46.67 17.0 -1.0 2.90682203725 115.7270511962711 0.9255430833834606 0.022118687192541075 78.73569164505244 32.0 78.81899144641123 32.0 2.906836016336456 115.77043547456375 
121.91 46.67 17.0 -1.0 0.03441634177593553 95.98639393562343 0.873965218915109 0.01520659744487199 33.46778414137334 32.0 -1.0 -1.0 -1.0 -1.0 
121.91 46.67 17.0 -1.0 2.185717553667 52.34336567202763 0.14362026428722102 0.024883523091608708 4.821816144614535 16.0 -1.0 -1.0 -1.0 -1.0 
121.91 46.67 17.0 -1.0 1.25786689679 104.68673134405526 0.012551911571842692 0.022118687192541075 1.9806858660352367 1.0 -1.0 -1.0 -1.0 -1.0 
121.91 46.67 17.0 -1.0 0.27344484969650096 157.0300970160829 0.6221274842200597 0.016589015394405805 65.45691166706212 32.0 9.985810165500991 1.0 5.195033736526966 156.85679631606104 
121.91 46.67 17.0 -1.0 0.0032878482511591073 127.88239623982027 1.0337164802047136 0.02073626924300726 18.21787830197365 8.0 -1.0 -1.0 -1.0 -1.0 
121.91 46.67 17.0 -1.0 1.207729 28.912132073868246 2.693041365589405 0.08018024107296139 60.25608855394935 16.0 61.94671948700545 32.0 1.2077180144842714 28.841410935533805 
121.91 46.67 17.0 -1.0 111.01410225980808 0.0 7.685790970869664 0.017971433343939622 328.6374254925082 4.0 -1.0 -1.0 -1.0 -1.0 
121.94 31.66 17.0 -1.0 0.8829 4.019452639196519 0.07611813673294647 0.012441761545804354 1.4376679683438305 8.0 -1.0 -1.0 -1.0 -1.0 
121.94 31.66 17.0 -1.0 10.46014765666347 11.720439332878344 0.6334030758662765 0.011059343596270537 126.58317630368698 32.0 126.74528331933516 32.0 10.460159198070567 11.738960240427794 
121.94 31.66 17.0 -1.0 9.85349875132 68.2951244890028 0.011168755931121101 0.031795612839277794 0.9586570283908573 32.0 -1.0 -1.0 -1.0 -1.0 
121.94 31.66 17.0 -1.0 23.37773982630737 146.88787321736305 0.147950695714271 0.022118687192541075 7.919731705783975 2.0 8.061125070082495 2.0 23.377651814371347 146.83820093845455 
121.94 31.66 17.0 -1.0 2.0499674301 118.55606766762828 0.5643846033609969 0.031795612839277794 28.51709180622268 16.0 29.63974667995352 16.0 2.0500010577961802 118.7051755346707 
121.94 31.66 17.0 -1.0 63.662920041081534 177.83410150144243 0.02217862375423102 0.058061553880420315 2.306933917216838 2.0 -1.0 -1.0 -1.0 -1.0 
121.94 31.66 17.0 -1.0 0.27094313479685 23.369737911080644 5.267107196250563 0.017971433343939622 579.0828541075196 32.0 579.7182342922309 32.0 0.2709384716581553 23.579118413962725 
121.94 31.66 17.0 -1.0 0.01842197270329436 162.46769849141683 1.8519393628098857 0.013824179495338172 97.69812441993577 32.0 -1.0 -1.0 -1.0 -1.0 
121.94 31.66 17.0 -1.0 1.029442 0.0 3.3063736804294517 0.016589015394405805 285.89420984772124 32.0 -1.0 -1.0 -1.0 -1.0 
121.94 31.66 17.0 -1.0 19.097978274423912 59.27803383381414 9.849163340465651 0.022118687192541075 881.2639696632834 16.0 881.2887696994227 16.0 19.097933545708656 59.301988800781785 
121.94 31.66 17.0 -1.0 0.8829 4.019452639196519 0.07611813673294647 0.012441761545804354 1.4376679683438305 8.0 -1.0 -1.0 -1.0 -1.0 
121.94 31.66 17.0 -1.0 10.46014765666347 11.720439332878344 0.6334030758662765 0.011059343596270537 126.58317630368698 32.0 126.74528331933516 32.0 10.460159198070567 11.738960240427794 
121.94 31.66 17.0 -1.0 9.85349875132 68.2951244890028 0.011168755931121101 0.031795612839277794 0.9586570283908573 32.0 -1.0 -1.0 -1.0 -1.0 
121.94 31.66 17.0 -1.0 23.37773982630737 146.88787321736305 0.147950695714271 0.022118687192541075 7.919731705783975 2.0 8.061125070082495 2.0 23.377651814371347 146.83820093845455 
121.94 31.66 17.0 -1.0 2.0499674301 118.55606766762828 0.5643846033609969 0.031795612839277794 28.51709180622268 16.0 29.63974667995352 16.0 2.0500010577961802 118.7051755346707 
121.94 31.66 17.0 -1.0 63.662920041081534 177.83410150144243 0.02217862375423102 0.058061553880420315 2.306933917216838 2.0 -1.0 -1.0 -1.0 -1.0 
121.94 31.66 17.0 -1.0 0.27094313479685 23.369737911080644 5.267107196250563 0.017971433343939622 579.0828541075196 32.0 579.7182342922309 32.0 0.2709384716581553 23.579118413962725 
121.94 31.66 17.0 -1.0 0.01842197270329436 162.46769849141683 1.8519393628098857 0.013824179495338172 97.69812441993577 32.0 -1.0 -1.0 -1.0 -1.0 
121.94 31.66 17.0 -1.0 1.029442 0.0 3.3063736804294517 0.016589015394405805 285.89420984772124 32.0 -1.0 -1.0 -1.0 -1.0 
121.94 31.66 17.0 -1.0 19.097978274423912 59.27803383381414 9.849163340465651 0.022118687192541075 881.2639696632834 16.0 881.2887696994227 16.0 19.097933545708656 59.301988800781785 
121.98 70.81 17.0 -1.0 0.381837011156 85.1336192980537 3.148109319224993 0.016589015394405805 525.5757305108397 32.0 526.171794490659 32.0 0.3818361922943344 85.00626380999437 
121.98 70.81 17.0 -1.0 5.81382 27.275966324748765 2.044236098599575 0.03732528463741307 182.20040445894 16.0 182.27100532202073 16.0 5.813823615123208 27.222244005819622 
121.98 70.81 17.0 -1.0 0.07448328518400348 37.70634415009542 1.4551785742140777 0.06082638977948796 1.3741747464371983 2.0 -1.0 -1.0 -1.0 -1.0 
121.98 70.81 17.0 -1.0 3.65 0.0 6.493535933189348 0.04700221028414978 288.16285567517485 16.0 -1.0 -1.0 -1.0 -1.0 
121.98 70.81 17.0 -1.0 0.859107 100.62069259589113 4.207870893270234 0.026265941041142528 342.53736107820345 32.0 343.0357575607032 32.0 0.8591086952947081 100.69194344160047 
121.98 70.81 17.0 -1.0 0.003125776942100217 150.9310388938367 3.2881505606428516 0.012441761545804354 136.9423062040748 32.0 -1.0 -1.0 -1.0 -1.0 
121.98 70.81 17.0 -1.0 0.381837011156 85.1336192980537 3.148109319224993 0.016589015394405805 525.5757305108397 32.0 526.171794490659 32.0 0.3818361922943344 85.00626380999437 
121.98 70.81 17.0 -1.0 5.81382 27.275966324748765 2.044236098599575 0.03732528463741307 182.20040445894 16.0 182.27100532202073 16.0 5.813823615123208 27.222244005819622 
121.98 70.81 17.0 -1.0 0.07448328518400348 37.70634415009542 1.4551785742140777 0.06082638977948796 1.3741747464371983 2.0 -1.0 -1.0 -1.0 -1.0 
121.98 70.81 17.0 -1.0 3.65 0.0 6.493535933189348 0.04700221028414978 288.16285567517485 16.0 -1.0 -1.0 -1.0 -1.0 
121.98 70.81 17.0 -1.0 0.859107 100.62069259589113 4.207870893270234 0.026265941041142528 342.53736107820345 32.0 343.0357575607032 32.0 0.8591086952947081 100.69194344160047 
121.98 70.81 17.0 -1.0 0.003125776942100217 150.9310388938367 3.2881505606428516 0.012441761545804354 136.9423062040748 32.0 -1.0 -1.0 -1.0 -1.0 
122.24 47.06 17.0 -1.0 103.14433451513287 84.32889264693779 0.10013826441970505 0.03041319488974398 2.0005185735269517 1.0 -1.0 -1.0 -1.0 -1.0 
122.24 47.06 17.0 -1.0 0.011112155734773638 41.45350235173725 0.2007845414129436 0.031795612839277794 0.5517877389736064 4.0 -1.0 -1.0 -1.0 -1.0 
122.24 47.06 17.0 -1.0 1.801523 138.423135067486 0.09567491384329682 0.008294507697202903 9.378574963454918 32.0 9.781779350917153 32.0 1.8015271052718165 138.43877249056226 
122.24 47.06 17.0 -1.0 1.01833 52.07859907212222 0.18519393628098849 0.1769494975403286 -0.10232854029189843 4.0 -1.0 -1.0 -1.0 -1.0 
122.24 47.06 17.0 -1.0 0.0011744997838190841 104.15719814424445 0.0538856526524763 0.11612310776084063 2.0347090696929864 1.0 -1.0 -1.0 -1.0 -1.0 
122.24 47.06 17.0 -1.0 11.206623716315912 62.92244778380924 1.4441621606364385 0.02073626924300726 75.85660616008336 16.0 76.24387441675533 16.0 11.206611816305667 62.945114392638686 
122.24 47.06 17.0 -1.0 192.8565208431179 56.422388613691375 1.1277302253524923 0.006912089747669085 64.48158676189244 1.0 64.48158671632957 1.0 192.85653252154592 56.46844667378197 
122.24 47.06 17.0 -1.0 0.6792627751812214 73.36004279736389 1.6638804241146685 0.05944397182995413 41.027501941134645 16.0 41.30606219562278 16.0 0.6792712762641411 73.16610563645945 
122.24 47.06 17.0 -1.0 0.001876827549610011 0.0 5.976922819163442 0.03041319488974398 211.7939124465188 8.0 -1.0 -1.0 -1.0 -1.0 
122.24 47.06 17.0 -1.0 1.29716868462 156.23579721636668 3.410776682707007 0.016589015394405805 444.54915323191386 32.0 444.6081054755389 32.0 1.2971819766486685 156.1484107843111 
122.24 47.06 17.0 -1.0 103.14433451513287 84.32889264693779 0.10013826441970505 0.03041319488974398 2.0005185735269517 1.0 -1.0 -1.0 -1.0 -1.0 
122.24 47.06 17.0 -1.0 0.011112155734773638 41.45350235173725 0.2007845414129436 0.031795612839277794 0.5517877389736064 4.0 -1.0 -1.0 -1.0 -1.0 
122.24 47.06 17.0 -1.0 1.801523 138.423135067486 0.09567491384329682 0.008294507697202903 9.378574963454918 32.0 9.781779350917153 32.0 1.8015271052718165 138.43877249056226 
122.24 47.06 17.0 -1.0 1.01833 52.07859907212222 0.18519393628098849 0.1769494975403286 -0.10232854029189843 4.0 -1.0 -1.0 -1.0 -1.0 
122.24 47.06 17.0 -1.0 0.0011744997838190841 104.15719814424445 0.0538856526524763 0.11612310776084063 2.0347090696929864 1.0 -1.0 -1.0 -1.0 -1.0 
122.24 47.06 17.0 -1.0 11.206623716315912 62.92244778380924 1.4441621606364385 0.02073626924300726 75.85660616008336 16.0 76.24387441675533 16.0 11.206611816305667 62.945114392638686 
122.24 47.06 17.0 -1.0 192.8565208431179 56.422388613691375 1.1277302253524923 0.006912089747669085 64.48158676189244 1.0 64.48158671632957 1.0 192.85653252154592 56.46844667378197 
122.24 47.06 17.0 -1.0 0.6792627751812214 73.36004279736389 1.6638804241146685 0.05944397182995413 41.027501941134645 16.0 41.30606219562278 16.0 0.6792712762641411 73.16610563645945 
122.24 47.06 17.0 -1.0 0.001876827549610011 0.0 5.976922819163442 0.03041319488974398 211.7939124465188 8.0 -1.0 -1.0 -1.0 -1.0 
122.24 47.06 17.0 -1.0 1.29716868462 156.23579721636668 3.410776682707007 0.016589015394405805 444.54915323191386 32.0 444.6081054755389 32.0 1.2971819766486685 156.1484107843111 
122.39 63.08 17.0 -1.0 347.66288115516 10.388142341589639 0.44747118751276277 0.047002210284149776 5.37484392185618 1.0 -1.0 -1.0 -1.0 -1.0 
122.39 63.08 17.0 -1.0 0.9241794397378473 68.95862361920648 0.2946096205232792 0.07879782312342758 1.734715956498028 4.0 -1.0 -1.0 -1.0 -1.0 
122.39 63.08 17.0 -1.0 180.18018 53.60942921868112 0.05923484518437083 0.05253188208228506 0.7035691292418871 1.0 -1.0 -1.0 -1.0 -1.0 
122.39 63.08 17.0 -1.0 282.779107035 62.2687200851871 0.11942842660182043 0.031795612839277794 1.3350750824620383 1.0 -1.0 -1.0 -1.0 -1.0 
122.39 63.08 17.0 -1.0 0.13168545696092868 90.14081256175322 0.0918536269531778 0.08432749492156286 0.6230448218542536 8.0 -1.0 -1.0 -1.0 -1.0 
122.39 63.08 17.0 -1.0 3.651741272548373 91.44872628638173 0.2594426694035856 0.017971433343939622 25.06265473366512 16.0 25.111181200780784 16.0 3.6517424935785434 91.4829315288511 
122.39 63.08 17.0 -1.0 1.531018 0.0 0.3886502540210162 0.029030776940210157 10.474443502153548 16.0 -1.0 -1.0 -1.0 -1.0 
122.39 63.08 17.0 -1.0 22.327728254387548 50.10662579525075 0.7307795382278147 0.024883523091608708 34.93727395927776 8.0 34.937274323474796 8.0 22.32773113064468 50.092976888032396 
122.39 63.08 17.0 -1.0 0.010183056449182213 150.31987738575225 0.10444842371142099 0.04700221028414978 0.5645285517997718 4.0 -1.0 -1.0 -1.0 -1.0 
122.39 63.08 17.0 -1.0 0.03425854448965959 100.2132515905015 4.16449127175439 0.019353851293473442 165.09883384240985 32.0 174.8656446446869 32.0 0.0342576337667803 107.4722049597786 
122.51 23.29 17.0 -1.0 5.751536555171 42.563365719838444 0.327228773946668 0.06773847952715704 2.4023680024620786 2.0 -1.0 -1.0 -1.0 -1.0 
122.51 23.29 17.0 -1.0 5.22337600249 14.582778645818022 0.6643275117531315 0.013824179495338172 113.36506711847045 32.0 113.36507121094033 32.0 5.223379654732223 14.572502367427607 
122.51 23.29 17.0 -1.0 357.99117399581 80.06193938051337 0.3708146772746684 0.008294507697202903 9.370480743302739 1.0 -1.0 -1.0 -1.0 -1.0 
122.51 23.29 17.0 -1.0 3.09910744206 41.913543342436334 0.4263467691927037 0.022118687192541075 34.11828870943216 32.0 34.15283419241313 32.0 3.0991031962912534 41.895944306354366 
122.51 23.29 17.0 -1.0 4.877926971588846 74.48111190400108 0.010707867049863954 0.08709233082063048 0.7448896709737539 1.0 -1.0 -1.0 -1.0 -1.0 
122.51 23.29 17.0 -1.0 29.045300004132 0.0 0.5074234538283829 0.019353851293473442 47.57946051955392 16.0 -1.0 -1.0 -1.0 -1.0 
122.51 23.29 17.0 -1.0 241.545894 191.10511622481573 0.049564361624062 0.019353851293473442 0.6788761139109496 2.0 -1.0 -1.0 -1.0 -1.0 
122.51 23.29 17.0 -1.0 1.99898269975 135.92755141423038 5.903058779446044 0.013824179495338172 852.2902211979838 32.0 852.5745960718389 32.0 1.9989784050267192 135.90882416288386 
122.51 23.29 17.0 -1.0 0.014307614393069022 63.70170540827191 4.88842455453372 0.02903077694021016 34.08826312483432 32.0 -1.0 -1.0 -1.0 -1.0 
122.51 23.29 17.0 -1.0 0.0648910608221188 127.40341081654383 8.437088784453552 0.019353851293473442 505.0555464286728 32.0 505.95869981737883 32.0 0.06490760521652798 128.4201771129558 
122.51 23.29 17.0 -1.0 5.751536555171 42.563365719838444 0.327228773946668 0.06773847952715704 2.4023680024620786 2.0 -1.0 -1.0 -1.0 -1.0 
122.51 23.29 17.0 -1.0 5.22337600249 14.582778645818022 0.6643275117531315 0.013824179495338172 113.36506711847045 32.0 113.36507121094033 32.0 5.223379654732223 14.572502367427607 
122.51 23.29 17.0 -1.0 357.99117399581 80.06193938051337 0.3708146772746684 0.008294507697202903 9.370480743302739 1.0 -1.0 -1.0 -1.0 -1.0 
122.51 23.29 17.0 -1.0 3.09910744206 41.913543342436334 0.4263467691927037 0.022118687192541075 34.11828870943216 32.0 34.15283419241313 32.0 3.0991031962912534 41.895944306354366 
122.51 23.29 17.0 -1.0 4.877926971588846 74.48111190400108 0.010707867049863954 0.08709233082063048 0.7448896709737539 1.0 -1.0 -1.0 -1.0 -1.0 
122.51 23.29 17.0 -1.0 29.045300004132 0.0 0.5074234538283829 0.019353851293473442 47.57946051955392 16.0 -1.0 -1.0 -1.0 -1.0 
122.51 23.29 17.0 -1.0 241.545894 191.10511622481573 0.049564361624062 0.019353851293473442 0.6788761139109496 2.0 -1.0 -1.0 -1.0 -1.0 
122.51 23.29 17.0 -1.0 1.99898269975 135.92755141423038 5.903058779446044 0.013824179495338172 852.2902211979838 32.0 852.5745960718389 32.0 1.9989784050267192 135.90882416288386 
122.51 23.29 17.0 -1.0 0.014307614393069022 63.70170540827191 4.88842455453372 0.02903077694021016 34.08826312483432 32.0 -1.0 -1.0 -1.0 -1.0 
122.51 23.29 17.0 -1.0 0.0648910608221188 127.40341081654383 8.437088784453552 0.019353851293473442 505.0555464286728 32.0 505.95869981737883 32.0 0.06490760521652798 128.4201771129558 
122.55 62.29 17.0 -1.0 1.2772231067 27.82566854538753 0.184173237590887 0.0483846282336836 2.337333459677944 16.0 -1.0 -1.0 -1.0 -1.0 
122.55 62.29 17.0 -1.0 4.65465907222 131.51495149514517 0.3432049597686394 0.14930113854965227 2.5536606421764803 4.0 -1.0 -1.0 -1.0 -1.0 
122.55 62.29 17.0 -1.0 0.13787826135585632 105.43120283711055 0.1980294006121784 0.11612310776084063 1.4113378948158417 2.0 -1.0 -1.0 -1.0 -1.0 
122.55 62.29 17.0 -1.0 84.64982223394419 31.009177305032516 0.9667151613641075 0.027648358990676348 27.214805495726015 2.0 27.21480575299032 2.0 84.64994607493281 30.966567530783667 
122.55 62.29 17.0 -1.0 227.272727 82.53096293872092 0.012474110904895275 0.03041319488974398 1.1477170042395295 2.0 -1.0 -1.0 -1.0 -1.0 
122.55 62.29 17.0 -1.0 1.0272110057391965 21.758982041158408 0.08697490026177834 0.026265941041142528 1.972373214023679 1.0 -1.0 -1.0 -1.0 -1.0 
122.55 62.29 17.0 -1.0 0.431939 50.05016365989025 0.6118974845614148 0.06220880772902178 6.705355183025687 8.0 6.780667268189271 8.0 0.43194935036202275 49.182195490068175 
122.55 62.29 17.0 -1.0 0.49140303192 100.1003273197805 0.02774241821679443 0.024883523091608708 0.9317094916528155 32.0 -1.0 -1.0 -1.0 -1.0 
122.55 62.29 17.0 -1.0 435.781667403045 150.15049097967076 0.017354973001596143 0.04700221028414978 0.7312291833111035 1.0 -1.0 -1.0 -1.0 -1.0 
122.55 62.29 17.0 -1.0 501.1872336272725 0.0 9.788115150922863 0.03732528463741307 158.24994725791913 1.0 -1.0 -1.0 -1.0 -1.0 
122.56 31.25 17.0 -1.0 47.659695194091945 38.73585771527781 0.06588429122126874 0.004147253848601451 3.402488363248808 1.0 -1.0 -1.0 -1.0 -1.0 
122.56 31.25 17.0 -1.0 27.760652 40.403993020332834 0.01125395386653212 0.011059343596270537 1.0758588561772022 8.0 -1.0 -1.0 -1.0 -1.0 
122.56 31.25 17.0 -1.0 168.59518497136 56.804396966873846 0.2617832132753026 0.016589015394405805 8.536302867892957 1.0 8.53630284349126 1.0 168.59557945281267 56.772040473103374 
122.56 31.25 17.0 -1.0 0.403621636589 94.398898947114 0.10693082321643356 0.013824179495338174 4.084553572554253 32.0 -1.0 -1.0 -1.0 -1.0 
122.56 31.25 17.0 -1.0 0.050630447356182225 0.0 0.137788801110556 0.06359122567855559 0.7642145075184276 4.0 -1.0 -1.0 -1.0 -1.0 
122.56 31.25 17.0 -1.0 158.8731184382565 58.52521022893061 0.033477458107057344 0.019353851293473442 1.9125005265127453 1.0 -1.0 -1.0 -1.0 -1.0 
122.56 31.25 17.0 -1.0 0.62315481163 175.57563068679184 0.24925258091868235 0.017971433343939622 6.072631771977079 32.0 8.414607262887847 32.0 0.6231554531647514 175.4772160077741 
122.56 31.25 17.0 -1.0 4.288817218684 30.500537104006142 8.379002485202363 0.04700221028414978 468.9870395615547 16.0 469.26421176362203 16.0 4.28881321568042 30.56177579835512 
122.56 31.25 17.0 -1.0 2.248252 35.153756639159646 1.6788910048294117 0.038707702586946884 94.49405525609373 16.0 97.01075763143385 32.0 2.24824058629262 35.21688072128338 
122.56 31.25 17.0 -1.0 60.7794479478993 117.05042045786122 3.491839757169992 0.008294507697202903 290.622224912687 2.0 290.6222300061649 2.0 60.77946939816078 117.08600860495653 
122.56 31.25 17.0 -1.0 47.659695194091945 38.73585771527781 0.06588429122126874 0.004147253848601451 3.402488363248808 1.0 -1.0 -1.0 -1.0 -1.0 
122.56 31.25 17.0 -1.0 27.760652 40.403993020332834 0.01125395386653212 0.011059343596270537 1.0758588561772022 8.0 -1.0 -1.0 -1.0 -1.0 
122.56 31.25 17.0 -1.0 168.59518497136 56.804396966873846 0.2617832132753026 0.016589015394405805 8.536302867892957 1.0 8.53630284349126 1.0 168.59557945281267 56.772040473103374 
122.56 31.25 17.0 -1.0 0.403621636589 94.398898947114 0.10693082321643356 0.013824179495338174 4.084553572554253 32.0 -1.0 -1.0 -1.0 -1.0 
122.56 31.25 17.0 -1.0 0.050630447356182225 0.0 0.137788801110556 0.06359122567855559 0.7642145075184276 4.0 -1.0 -1.0 -1.0 -1.0 
122.56 31.25 17.0 -1.0 158.8731184382565 58.52521022893061 0.033477458107057344 0.019353851293473442 1.9125005265127453 1.0 -1.0 -1.0 -1.0 -1.0 
122.56 31.25 17.0 -1.0 0.62315481163 175.57563068679184 0.24925258091868235 0.017971433343939622 6.072631771977079 32.0 8.414607262887847 32.0 0.6231554531647514 175.4772160077741 
122.56 31.25 17.0 -1.0 4.288817218684 30.500537104006142 8.379002485202363 0.04700221028414978 468.9870395615547 16.0 469.26421176362203 16.0 4.28881321568042 30.56177579835512 
122.56 31.25 17.0 -1.0 2.248252 35.153756639159646 1.6788910048294117 0.038707702586946884 94.49405525609373 16.0 97.01075763143385 32.0 2.24824058629262 35.21688072128338 
122.56 31.25 17.0 -1.0 60.7794479478993 117.05042045786122 3.491839757169992 0.008294507697202903 290.622224912687 2.0 290.6222300061649 2.0 60.77946939816078 117.08600860495653 
122.71 47.06 17.0 -1.0 0.54347721486 81.67519794270339 0.03647171584892765 0.016589015394405805 -0.4410449803657722 8.0 -1.0 -1.0 -1.0 -1.0 
122.71 47.06 17.0 -1.0 1.48895087786 73.26837106161463 0.038784559734588844 0.02903077694021016 1.0333055341925987 8.0 -1.0 -1.0 -1.0 -1.0 
122.71 47.06 17.0 -1.0 0.85116 32.042286559713546 0.03908041761129333 0.024883523091608708 0.7449836925060774 4.0 -1.0 -1.0 -1.0 -1.0 
122.71 47.06 17.0 -1.0 4.279869765973 133.1883792935523 0.01764512187842863 0.02073626924300726 1.136490566881746 1.0 -1.0 -1.0 -1.0 -1.0 
122.71 47.06 17.0 -1.0 0.013416092700162169 14.700292475988853 0.03597125544643764 0.031795612839277794 0.25090148510351723 16.0 -1.0 -1.0 -1.0 -1.0 
122.71 47.06 17.0 -1.0 0.489273 0.0 0.9560884017047863 0.017971433343939622 57.948708795837604 32.0 -1.0 -1.0 -1.0 -1.0 
122.71 47.06 17.0 -1.0 1.230618 155.37867279853333 0.8161898301923846 0.06359122567855559 18.502653791232937 8.0 18.570770175546876 8.0 1.2306069644788902 155.338827319454 
122.71 47.06 17.0 -1.0 7.143097114084384 26.758883344241866 2.0986121998688474 0.035942866687879244 93.0718164594709 16.0 94.2324173574342 16.0 7.143110754744461 26.817452273391083 
122.71 47.06 17.0 -1.0 0.4135153129744352 51.79289093284444 3.1221189475784468 0.015206597444871992 436.8786860736675 32.0 437.3275079216626 32.0 0.4135169244060914 51.71214381774657 
122.71 47.06 17.0 -1.0 9.83930672914 103.58578186568889 3.6045884399314216 0.01520659744487199 358.856949148566 32.0 358.88382922433976 32.0 9.839307798150307 103.62668350170742 
122.71 47.06 17.0 -1.0 0.54347721486 81.67519794270339 0.03647171584892765 0.016589015394405805 -0.4410449803657722 8.0 -1.0 -1.0 -1.0 -1.0 
122.71 47.06 17.0 -1.0 1.48895087786 73.26837106161463 0.038784559734588844 0.02903077694021016 1.0333055341925987 8.0 -1.0 -1.0 -1.0 -1.0 
122.71 47.06 17.0 -1.0 0.85116 32.042286559713546 0.03908041761129333 0.024883523091608708 0.7449836925060774 4.0 -1.0 -1.0 -1.0 -1.0 
122.71 47.06 17.0 -1.0 4.279869765973 133.1883792935523 0.01764512187842863 0.02073626924300726 1.136490566881746 1.0 -1.0 -1.0 -1.0 -1.0 
122.71 47.06 17.0 -1.0 0.013416092700162169 14.700292475988853 0.03597125544643764 0.031795612839277794 0.25090148510351723 16.0 -1.0 -1.0 -1.0 -1.0 
122.71 47.06 17.0 -1.0 0.489273 0.0 0.9560884017047863 0.017971433343939622 57.948708795837604 32.0 -1.0 -1.0 -1.0 -1.0 
122.71 47.06 17.0 -1.0 1.230618 155.37867279853333 0.8161898301923846 0.06359122567855559 18.502653791232937 8.0 18.570770175546876 8.0 1.2306069644788902 155.338827319454 
122.71 47.06 17.0 -1.0 7.143097114084384 26.758883344241866 2.0986121998688474 0.035942866687879244 93.0718164594709 16.0 94.2324173574342 16.0 7.143110754744461 26.817452273391083 
122.71 47.06 17.0 -1.0 0.4135153129744352 51.79289093284444 3.1221189475784468 0.015206597444871992 436.8786860736675 32.0 437.3275079216626 32.0 0.4135169244060914 51.71214381774657 
122.71 47.06 17.0 -1.0 9.83930672914 103.58578186568889 3.6045884399314216 0.01520659744487199 358.856949148566 32.0 358.88382922433976 32.0 9.839307798150307 103.62668350170742 
122.73 22.86 17.0 -1.0 421.940928 45.28600905946296 0.1398989907543169 0.013824179495338172 1.62610328043025 1.0 -1.0 -1.0 -1.0 -1.0 
122.73 22.86 17.0 -1.0 179.03633397331933 68.96733394836177 0.01615179604935319 0.06635606157762322 0.348403251017094 2.0 -1.0 -1.0 -1.0 -1.0 
122.73 22.86 17.0 -1.0 2.343863635131 29.034866557266113 0.2785765107675899 0.04423737438508215 3.5875977154051895 1.0 -1.0 -1.0 -1.0 -1.0 
122.73 22.86 17.0 -1.0 1.4973217254693347 55.25007415752738 0.9693902556544121 0.06082638977948796 29.490350591624377 8.0 29.55116781326531 8.0 1.4972708110387127 55.25407147649634 
122.73 22.86 17.0 -1.0 2.887587336907 0.0 0.043798995100951144 0.017971433343939622 3.0276317032516458 1.0 -1.0 -1.0 -1.0 -1.0 
122.73 22.86 17.0 -1.0 3.522355067817 63.49948178173751 0.07632877084845537 0.02764835899067634 1.5771075461045054 8.0 -1.0 -1.0 -1.0 -1.0 
122.73 22.86 17.0 -1.0 3.8573305671 126.99896356347502 0.2991214688387438 0.0967692564673672 2.6975861662793665 2.0 -1.0 -1.0 -1.0 -1.0 
122.73 22.86 17.0 -1.0 1.321179569839 190.49844534521253 0.05686898637929253 0.016589015394405805 1.9718770637840382 4.0 -1.0 -1.0 -1.0 -1.0 
122.73 22.86 17.0 -1.0 8.865210978990893 6.630008898903286 1.0488226803202063 0.03456044873834543 67.60759507262563 16.0 67.86479925473431 16.0 8.86520865606144 6.6790635850709865 
122.73 22.86 17.0 -1.0 11.874941763926 49.820325490322105 1.8790026506185737 0.012441761545804354 243.7288138041219 32.0 244.5247988959689 32.0 11.874938839658475 49.789383088710984 
122.73 22.86 17.0 -1.0 421.940928 45.28600905946296 0.1398989907543169 0.013824179495338172 1.62610328043025 1.0 -1.0 -1.0 -1.0 -1.0 
122.73 22.86 17.0 -1.0 179.03633397331933 68.96733394836177 0.01615179604935319 0.06635606157762322 0.348403251017094 2.0 -1.0 -1.0 -1.0 -1.0 
122.73 22.86 17.0 -1.0 2.343863635131 29.034866557266113 0.2785765107675899 0.04423737438508215 3.5875977154051895 1.0 -1.0 -1.0 -1.0 -1.0 
122.73 22.86 17.0 -1.0 1.4973217254693347 55.25007415752738 0.9693902556544121 0.06082638977948796 29.490350591624377 8.0 29.55116781326531 8.0 1.4972708110387127 55.25407147649634 
122.73 22.86 17.0 -1.0 2.887587336907 0.0 0.043798995100951144 0.017971433343939622 3.0276317032516458 1.0 -1.0 -1.0 -1.0 -1.0 
122.73 22.86 17.0 -1.0 3.522355067817 63.49948178173751 0.07632877084845537 0.02764835899067634 1.5771075461045054 8.0 -1.0 -1.0 -1.0 -1.0 
122.73 22.86 17.0 -1.0 3.8573305671 126.99896356347502 0.2991214688387438 0.0967692564673672 2.6975861662793665 2.0 -1.0 -1.0 -1.0 -1.0 
122.73 22.86 17.0 -1.0 1.321179569839 190.49844534521253 0.05686898637929253 0.016589015394405805 1.9718770637840382 4.0 -1.0 -1.0 -1.0 -1.0 
122.73 22.86 17.0 -1.0 8.865210978990893 6.630008898903286 1.0488226803202063 0.03456044873834543 67.60759507262563 16.0 67.86479925473431 16.0 8.86520865606144 6.6790635850709865 
122.73 22.86 17.0 -1.0 11.874941763926 49.820325490322105 1.8790026506185737 0.012441761545804354 243.7288138041219 32.0 244.5247988959689 32.0 11.874938839658475 49.789383088710984 
122.79 54.43 17.0 -1.0 115.70185879986298 87.35403763010194 0.012850229707873086 0.012441761545804354 2.1355703587144355 4.0 -1.0 -1.0 -1.0 -1.0 
122.79 54.43 17.0 -1.0 0.513208827209361 36.86765025673226 0.04848066371873877 0.03041319488974398 0.5057049757960926 1.0 -1.0 -1.0 -1.0 -1.0 
122.79 54.43 17.0 -1.0 0.21931656164357372 16.56086963404016 0.05467310982077168 0.03456044873834543 0.7583930402878778 1.0 -1.0 -1.0 -1.0 -1.0 
122.79 54.43 17.0 -1.0 0.015118782062660457 111.51288866217702 0.014481584463104328 0.06912089747669085 3.0554225531912036 4.0 6.448137845729426 8.0 0.015522042910257976 109.69855948813559 
122.79 54.43 17.0 -1.0 0.016197716053968813 26.918995971081763 0.3513618260187365 0.11750552571037445 2.3581756121752058 4.0 -1.0 -1.0 -1.0 -1.0 
122.79 54.43 17.0 -1.0 0.3425025943977001 33.8345239501315 0.12673900435120206 0.03456044873834543 1.1297827761331214 8.0 -1.0 -1.0 -1.0 -1.0 
122.79 54.43 17.0 -1.0 0.7689272522 0.0 0.3281342814423538 0.012441761545804356 15.408572409209365 32.0 -1.0 -1.0 -1.0 -1.0 
122.79 54.43 17.0 -1.0 5.996642 101.0940997990034 0.133663429906117 0.01382417949533817 6.10486972057863 8.0 -1.0 -1.0 -1.0 -1.0 
122.79 54.43 17.0 -1.0 0.489273 50.5470498995017 3.1242765918451707 0.008294507697202903 650.3487925992679 32.0 650.3856290678456 32.0 0.4892778330637763 50.497768620460945 
122.79 54.43 17.0 -1.0 0.0015906536642315901 151.6411496985051 5.035820100870976 0.0884747487701643 20.569808951070353 4.0 -1.0 -1.0 -1.0 -1.0 
122.82 62.68 17.0 -1.0 1.0772101343087 33.04052997664405 0.04732248113273927 0.0884747487701643 0.44177366837378856 1.0 -1.0 -1.0 -1.0 -1.0 
122.82 62.68 17.0 -1.0 4.28584518744 34.434076138924276 0.01985773875891723 0.017971433343939622 1.3262378610868346 8.0 -1.0 -1.0 -1.0 -1.0 
122.82 62.68 17.0 -1.0 0.30578778579 49.972865066715606 0.13210282079320898 0.05391430003181887 1.835693766090499 16.0 -1.0 -1.0 -1.0 -1.0 
122.82 62.68 17.0 -1.0 208.2117310709 46.91605413010092 0.03849094164672382 0.1769494975403286 2.2653022553431374 2.0 -1.0 -1.0 -1.0 -1.0 
122.82 62.68 17.0 -1.0 16.260520893689392 0.0 0.09855969932773757 0.012441761545804354 5.746608513288514 16.0 -1.0 -1.0 -1.0 -1.0 
122.82 62.68 17.0 -1.0 427.6219050534547 49.94289633204291 0.5698697149968839 0.02350110514207489 6.6232893850689685 1.0 -1.0 -1.0 -1.0 -1.0 
122.82 62.68 17.0 -1.0 2.1221290457 99.88579266408583 0.07435105387260144 0.009676925646736721 5.723957797957672 32.0 -1.0 -1.0 -1.0 -1.0 
122.82 62.68 17.0 -1.0 81.59427048781697 149.82868899612873 0.22800049694443375 0.011059343596270537 5.995785844467214 1.0 -1.0 -1.0 -1.0 -1.0 
122.82 62.68 17.0 -1.0 0.922923422192 39.51377666594574 4.79146198453141 0.04285495643554833 213.89108302670658 16.0 227.05553937273714 32.0 0.9229249068691086 39.77078771110451 
122.82 62.68 17.0 -1.0 187.45591971550684 22.161879290456486 3.7107094110569867 0.01520659744487199 149.3887521888914 2.0 149.4671722600151 2.0 187.45583171645802 22.162347350462817 
122.82 62.68 17.0 -1.0 1.0772101343087 33.04052997664405 0.04732248113273927 0.0884747487701643 0.44177366837378856 1.0 -1.0 -1.0 -1.0 -1.0 
122.82 62.68 17.0 -1.0 4.28584518744 34.434076138924276 0.01985773875891723 0.017971433343939622 1.3262378610868346 8.0 -1.0 -1.0 -1.0 -1.0 
122.82 62.68 17.0 -1.0 0.30578778579 49.972865066715606 0.13210282079320898 0.05391430003181887 1.835693766090499 16.0 -1.0 -1.0 -1.0 -1.0 
122.82 62.68 17.0 -1.0 208.2117310709 46.91605413010092 0.03849094164672382 0.1769494975403286 2.2653022553431374 2.0 -1.0 -1.0 -1.0 -1.0 
122.82 62.68 17.0 -1.0 16.260520893689392 0.0 0.09855969932773757 0.012441761545804354 5.746608513288514 16.0 -1.0 -1.0 -1.0 -1.0 
122.82 62.68 17.0 -1.0 427.6219050534547 49.94289633204291 0.5698697149968839 0.02350110514207489 6.6232893850689685 1.0 -1.0 -1.0 -1.0 -1.0 
122.82 62.68 17.0 -1.0 2.1221290457 99.88579266408583 0.07435105387260144 0.009676925646736721 5.723957797957672 32.0 -1.0 -1.0 -1.0 -1.0 
122.82 62.68 17.0 -1.0 81.59427048781697 149.82868899612873 0.22800049694443375 0.011059343596270537 5.995785844467214 1.0 -1.0 -1.0 -1.0 -1.0 
122.82 62.68 17.0 -1.0 0.922923422192 39.51377666594574 4.79146198453141 0.04285495643554833 213.89108302670658 16.0 227.05553937273714 32.0 0.9229249068691086 39.77078771110451 
122.82 62.68 17.0 -1.0 187.45591971550684 22.161879290456486 3.7107094110569867 0.01520659744487199 149.3887521888914 2.0 149.4671722600151 2.0 187.45583171645802 22.162347350462817 
122.95 70.81 17.0 -1.0 1.37786140033 67.1268789604804 5.362569543451353 0.045619792334615966 472.5978516394365 16.0 472.8930239460575 16.0 1.3778541566959273 67.29662551624554 
122.95 70.81 17.0 -1.0 0.0015906536642315901 42.90537602235936 4.260523315412531 0.04285495643554833 139.68316616501554 8.0 -1.0 -1.0 -1.0 -1.0 
122.95 70.81 17.0 -1.0 0.001484699818577027 50.01875420864769 5.531899575193495 0.04147253848601452 193.75900267147009 16.0 -1.0 -1.0 -1.0 -1.0 
122.95 70.81 17.0 -1.0 1.37786140033 67.1268789604804 5.362569543451353 0.045619792334615966 472.5978516394365 16.0 472.8930239460575 16.0 1.3778541566959273 67.29662551624554 
122.95 70.81 17.0 -1.0 0.0015906536642315901 42.90537602235936 4.260523315412531 0.04285495643554833 139.68316616501554 8.0 -1.0 -1.0 -1.0 -1.0 
122.95 70.81 17.0 -1.0 0.001484699818577027 50.01875420864769 5.531899575193495 0.04147253848601452 193.75900267147009 16.0 -1.0 -1.0 -1.0 -1.0 
123.03 55.21 17.0 -1.0 12.285441161466956 21.17487132400295 0.016399155431805004 0.031795612839277794 1.1479401443909123 2.0 -1.0 -1.0 -1.0 -1.0 
123.03 55.21 17.0 -1.0 2.224997 28.328748022204945 0.2691181534972077 0.019353851293473442 17.929621384539477 16.0 18.113388675089585 32.0 2.2249878384172916 28.335421269998122 
123.03 55.21 17.0 -1.0 1.46537617985 66.39220167803919 0.04502620522961262 0.03732528463741307 0.28100941601867874 4.0 -1.0 -1.0 -1.0 -1.0 
123.03 55.21 17.0 -1.0 6.71616448537 0.0 0.1685864564615853 0.04009012053648069 3.1099776797450023 8.0 -1.0 -1.0 -1.0 -1.0 
123.03 55.21 17.0 -1.0 258.978475098116 100.60705078104324 0.014391823081084063 0.026265941041142528 0.6104045434501538 1.0 -1.0 -1.0 -1.0 -1.0 
123.03 55.21 17.0 -1.0 1.712 61.15508097281536 2.5063395307772143 0.04009012053648069 132.55182645794693 16.0 133.48347115281052 32.0 1.712002510127301 61.022353663603106 
123.03 55.21 17.0 -1.0 0.931029279866 45.7908478952423 1.671946291094496 0.012441761545804354 201.50380327555328 32.0 201.65252627412085 32.0 0.9310194097148876 45.74146576442555 
123.03 55.21 17.0 -1.0 1.334812202073005 98.13186981373285 3.5575836090715613 0.03041319488974398 168.432678961962 32.0 168.53426745187605 32.0 1.3348350573020678 98.16199511392207 
123.03 55.21 17.0 -1.0 2.810214664990445 50.30352539052162 2.020368287586113 0.005529671798135269 379.2741586824798 32.0 379.6739221141152 32.0 2.810217362518112 50.3965706873538 
123.03 55.21 17.0 -1.0 0.81742601326 150.91057617156486 4.918913516317409 0.1769494975403286 56.807071933173894 4.0 65.72337602966368 8.0 0.817453837953508 150.88611826274 
123.03 55.21 17.0 -1.0 12.285441161466956 21.17487132400295 0.016399155431805004 0.031795612839277794 1.1479401443909123 2.0 -1.0 -1.0 -1.0 -1.0 
123.03 55.21 17.0 -1.0 2.224997 28.328748022204945 0.2691181534972077 0.019353851293473442 17.929621384539477 16.0 18.113388675089585 32.0 2.2249878384172916 28.335421269998122 
123.03 55.21 17.0 -1.0 1.46537617985 66.39220167803919 0.04502620522961262 0.03732528463741307 0.28100941601867874 4.0 -1.0 -1.0 -1.0 -1.0 
123.03 55.21 17.0 -1.0 6.71616448537 0.0 0.1685864564615853 0.04009012053648069 3.1099776797450023 8.0 -1.0 -1.0 -1.0 -1.0 
123.03 55.21 17.0 -1.0 258.978475098116 100.60705078104324 0.014391823081084063 0.026265941041142528 0.6104045434501538 1.0 -1.0 -1.0 -1.0 -1.0 
123.03 55.21 17.0 -1.0 1.712 61.15508097281536 2.5063395307772143 0.04009012053648069 132.55182645794693 16.0 133.48347115281052 32.0 1.712002510127301 61.022353663603106 
123.03 55.21 17.0 -1.0 0.931029279866 45.7908478952423 1.671946291094496 0.012441761545804354 201.50380327555328 32.0 201.65252627412085 32.0 0.9310194097148876 45.74146576442555 
123.03 55.21 17.0 -1.0 1.334812202073005 98.13186981373285 3.5575836090715613 0.03041319488974398 168.432678961962 32.0 168.53426745187605 32.0 1.3348350573020678 98.16199511392207 
123.03 55.21 17.0 -1.0 2.810214664990445 50.30352539052162 2.020368287586113 0.005529671798135269 379.2741586824798 32.0 379.6739221141152 32.0 2.810217362518112 50.3965706873538 
123.03 55.21 17.0 -1.0 0.81742601326 150.91057617156486 4.918913516317409 0.1769494975403286 56.807071933173894 4.0 65.72337602966368 8.0 0.817453837953508 150.88611826274 
123.09 63.08 17.0 -1.0 1.88814 72.69337301306068 0.17792010348429005 0.12441761545804356 1.0794118831720045 2.0 -1.0 -1.0 -1.0 -1.0 
123.09 63.08 17.0 -1.0 0.84789807494 15.026088004550799 0.16478652374239944 0.026265941041142528 5.049518105987573 16.0 -1.0 -1.0 -1.0 -1.0 
123.09 63.08 17.0 -1.0 278.31576999280276 117.09882711606154 0.8425439399560148 0.03732528463741307 14.455143208334437 1.0 14.45514320233114 1.0 278.3160501470169 117.08600860495653 
123.09 63.08 17.0 -1.0 173.708218965958 90.94894858873882 0.5212807736392572 0.04009012053648069 16.548405748151996 1.0 16.548405755076313 1.0 173.7081523363789 90.9769418633154 
123.09 63.08 17.0 -1.0 1.0384023515273 49.83278738225653 0.5854323911634345 0.07603298722435994 3.492390279363131 8.0 -1.0 -1.0 -1.0 -1.0 
123.09 63.08 17.0 -1.0 3.8306868647 99.66557476451305 0.09028083341550167 0.05529671798135269 1.5241377570410943 8.0 -1.0 -1.0 -1.0 -1.0 
123.09 63.08 17.0 -1.0 388.6284256881 94.31299814199646 1.109186309333635 0.019353851293473442 32.06580409728586 1.0 32.06580442265124 1.0 388.62829872717464 94.3164736558509 
123.09 63.08 17.0 -1.0 0.0950246184471621 73.03725363406035 1.8596317084298621 0.016589015394405805 138.87951972154897 32.0 140.65253862317672 32.0 0.09501187984521191 75.39246016481644 
123.09 63.08 17.0 -1.0 155.80651370922 0.0 3.429679403524682 0.012441761545804356 190.32759290409544 2.0 -1.0 -1.0 -1.0 -1.0 
123.09 63.08 17.0 -1.0 161.0785884299511 149.49836214676958 8.21280382427233 0.01520659744487199 257.54532644800594 1.0 257.54532696929954 1.0 161.07903017352027 149.4693471992401 
123.09 63.08 17.0 -1.0 1.88814 72.69337301306068 0.17792010348429005 0.12441761545804356 1.0794118831720045 2.0 -1.0 -1.0 -1.0 -1.0 
123.09 63.08 17.0 -1.0 0.84789807494 15.026088004550799 0.16478652374239944 0.026265941041142528 5.049518105987573 16.0 -1.0 -1.0 -1.0 -1.0 
123.09 63.08 17.0 -1.0 278.31576999280276 117.09882711606154 0.8425439399560148 0.03732528463741307 14.455143208334437 1.0 14.45514320233114 1.0 278.3160501470169 117.08600860495653 
123.09 63.08 17.0 -1.0 173.708218965958 90.94894858873882 0.5212807736392572 0.04009012053648069 16.548405748151996 1.0 16.548405755076313 1.0 173.7081523363789 90.9769418633154 
123.09 63.08 17.0 -1.0 1.0384023515273 49.83278738225653 0.5854323911634345 0.07603298722435994 3.492390279363131 8.0 -1.0 -1.0 -1.0 -1.0 
123.09 63.08 17.0 -1.0 3.8306868647 99.66557476451305 0.09028083341550167 0.05529671798135269 1.5241377570410943 8.0 -1.0 -1.0 -1.0 -1.0 
123.09 63.08 17.0 -1.0 388.6284256881 94.31299814199646 1.109186309333635 0.019353851293473442 32.06580409728586 1.0 32.06580442265124 1.0 388.62829872717464 94.3164736558509 
123.09 63.08 17.0 -1.0 0.0950246184471621 73.03725363406035 1.8596317084298621 0.016589015394405805 138.87951972154897 32.0 140.65253862317672 32.0 0.09501187984521191 75.39246016481644 
123.09 63.08 17.0 -1.0 155.80651370922 0.0 3.429679403524682 0.012441761545804356 190.32759290409544 2.0 -1.0 -1.0 -1.0 -1.0 
123.09 63.08 17.0 -1.0 161.0785884299511 149.49836214676958 8.21280382427233 0.01520659744487199 257.54532644800594 1.0 257.54532696929954 1.0 161.07903017352027 149.4693471992401 
123.17 30.84 17.0 -1.0 1.36037459112 154.76380605343826 0.051341794858173424 0.009676925646736721 0.8877078996279376 1.0 -1.0 -1.0 -1.0 -1.0 
123.17 30.84 17.0 -1.0 494.3250341583081 58.41583534550936 0.12379675783888992 0.035942866687879244 0.6087193798251923 1.0 -1.0 -1.0 -1.0 -1.0 
123.17 30.84 17.0 -1.0 0.678187 131.26218583575263 0.421951491402299 0.03456044873834543 15.754879959463727 16.0 15.80728293340789 16.0 0.6781798826220136 131.2537192399556 
123.17 30.84 17.0 -1.0 0.07727254392411635 59.283053803726546 0.20612535334981044 0.18524400523753148 2.7529473103262285 1.0 -1.0 -1.0 -1.0 -1.0 
123.17 30.84 17.0 -1.0 1.9817954342521946 0.0 0.1466279023623302 0.04285495643554833 3.3340362040962965 1.0 -1.0 -1.0 -1.0 -1.0 
123.17 30.84 17.0 -1.0 2.85754146359 115.61756484951466 0.4712673222244821 0.022118687192541075 35.54991338986044 16.0 36.936116385997664 32.0 2.8575414035003632 115.66923754145662 
123.17 30.84 17.0 -1.0 68.20614899521203 173.426347274272 0.02434661812176039 0.05391430003181887 1.982856966778146 1.0 -1.0 -1.0 -1.0 -1.0 
123.17 30.84 17.0 -1.0 1.52006 109.87657865611692 5.151944751932534 0.052531882082285056 192.5337009531818 16.0 192.57838129368275 16.0 1.5200688115631542 109.90095535434986 
123.17 30.84 17.0 -1.0 1.2401876291652423 76.05505878564684 6.740356517769635 0.07465056927482613 155.60766894926726 16.0 155.82998575387552 16.0 1.240186975337565 75.8984498303521 
123.17 30.84 17.0 -1.0 1.0331 57.80878242475733 1.1665589518231836 0.005529671798135269 394.28541679769364 32.0 396.54328979114393 32.0 1.0330950317438692 57.88521773728188 
123.17 30.84 17.0 -1.0 1.36037459112 154.76380605343826 0.051341794858173424 0.009676925646736721 0.8877078996279376 1.0 -1.0 -1.0 -1.0 -1.0 
123.17 30.84 17.0 -1.0 494.3250341583081 58.41583534550936 0.12379675783888992 0.035942866687879244 0.6087193798251923 1.0 -1.0 -1.0 -1.0 -1.0 
123.17 30.84 17.0 -1.0 0.678187 131.26218583575263 0.421951491402299 0.03456044873834543 15.754879959463727 16.0 15.80728293340789 16.0 0.6781798826220136 131.2537192399556 
123.17 30.84 17.0 -1.0 0.07727254392411635 59.283053803726546 0.20612535334981044 0.18524400523753148 2.7529473103262285 1.0 -1.0 -1.0 -1.0 -1.0 
123.17 30.84 17.0 -1.0 1.9817954342521946 0.0 0.1466279023623302 0.04285495643554833 3.3340362040962965 1.0 -1.0 -1.0 -1.0 -1.0 
123.17 30.84 17.0 -1.0 2.85754146359 115.61756484951466 0.4712673222244821 0.022118687192541075 35.54991338986044 16.0 36.936116385997664 32.0 2.8575414035003632 115.66923754145662 
123.17 30.84 17.0 -1.0 68.20614899521203 173.426347274272 0.02434661812176039 0.05391430003181887 1.982856966778146 1.0 -1.0 -1.0 -1.0 -1.0 
123.17 30.84 17.0 -1.0 1.52006 109.87657865611692 5.151944751932534 0.052531882082285056 192.5337009531818 16.0 192.57838129368275 16.0 1.5200688115631542 109.90095535434986 
123.17 30.84 17.0 -1.0 1.2401876291652423 76.05505878564684 6.740356517769635 0.07465056927482613 155.60766894926726 16.0 155.82998575387552 16.0 1.240186975337565 75.8984498303521 
123.17 30.84 17.0 -1.0 1.0331 57.80878242475733 1.1665589518231836 0.005529671798135269 394.28541679769364 32.0 396.54328979114393 32.0 1.0330950317438692 57.88521773728188 
123.17 47.06 17.0 -1.0 3.037785303185 30.304703981071164 0.651150484646702 0.011059343596270537 107.76449618512136 32.0 108.38910896064857 32.0 3.037772936901699 30.359379932140847 
123.17 47.06 17.0 -1.0 1.040808 76.69670874964619 0.06413287482508735 0.008294507697202903 2.1196247284106904 2.0 -1.0 -1.0 -1.0 -1.0 
123.17 47.06 17.0 -1.0 250.0 99.33637796548977 0.04600089448821759 0.027648358990676344 -2.3056516375392384 2.0 -1.0 -1.0 -1.0 -1.0 
123.17 47.06 17.0 -1.0 260.049004242 62.30931486572103 0.2451539775256637 0.029030776940210157 2.845518814432208 1.0 -1.0 -1.0 -1.0 -1.0 
123.17 47.06 17.0 -1.0 0.2285775710582236 82.24458673496213 0.8643580267418616 0.02073626924300726 62.76086610445296 32.0 63.04677468872374 32.0 0.22858633504559597 82.37511754920882 
123.17 47.06 17.0 -1.0 1.875466208964955 0.0 0.09084391234800805 0.017971433343939622 2.1591553706003315 4.0 -1.0 -1.0 -1.0 -1.0 
123.17 47.06 17.0 -1.0 0.002999133503048567 51.50717917843457 0.6453286970028835 0.026265941041142528 9.375250457642858 2.0 -1.0 -1.0 -1.0 -1.0 
123.17 47.06 17.0 -1.0 2.917810026 103.01435835686914 0.07343220827890092 0.017971433343939622 3.1730154916465576 8.0 -1.0 -1.0 -1.0 -1.0 
123.17 47.06 17.0 -1.0 84.44174596102 154.5215375353037 0.2581910561960041 0.035942866687879244 4.259891933412461 1.0 -1.0 -1.0 -1.0 -1.0 
123.17 47.06 17.0 -1.0 461.7 24.385937216792605 1.3505574138463134 0.02350110514207489 30.180413679445614 1.0 30.18041366497623 1.0 461.70025598257786 24.388701878819813 
123.17 47.06 17.0 -1.0 3.037785303185 30.304703981071164 0.651150484646702 0.011059343596270537 107.76449618512136 32.0 108.38910896064857 32.0 3.037772936901699 30.359379932140847 
123.17 47.06 17.0 -1.0 1.040808 76.69670874964619 0.06413287482508735 0.008294507697202903 2.1196247284106904 2.0 -1.0 -1.0 -1.0 -1.0 
123.17 47.06 17.0 -1.0 250.0 99.33637796548977 0.04600089448821759 0.027648358990676344 -2.3056516375392384 2.0 -1.0 -1.0 -1.0 -1.0 
123.17 47.06 17.0 -1.0 260.049004242 62.30931486572103 0.2451539775256637 0.029030776940210157 2.845518814432208 1.0 -1.0 -1.0 -1.0 -1.0 
123.17 47.06 17.0 -1.0 0.2285775710582236 82.24458673496213 0.8643580267418616 0.02073626924300726 62.76086610445296 32.0 63.04677468872374 32.0 0.22858633504559597 82.37511754920882 
123.17 47.06 17.0 -1.0 1.875466208964955 0.0 0.09084391234800805 0.017971433343939622 2.1591553706003315 4.0 -1.0 -1.0 -1.0 -1.0 
123.17 47.06 17.0 -1.0 0.002999133503048567 51.50717917843457 0.6453286970028835 0.026265941041142528 9.375250457642858 2.0 -1.0 -1.0 -1.0 -1.0 
123.17 47.06 17.0 -1.0 2.917810026 103.01435835686914 0.07343220827890092 0.017971433343939622 3.1730154916465576 8.0 -1.0 -1.0 -1.0 -1.0 
123.17 47.06 17.0 -1.0 84.44174596102 154.5215375353037 0.2581910561960041 0.035942866687879244 4.259891933412461 1.0 -1.0 -1.0 -1.0 -1.0 
123.17 47.06 17.0 -1.0 461.7 24.385937216792605 1.3505574138463134 0.02350110514207489 30.180413679445614 1.0 30.18041366497623 1.0 461.70025598257786 24.388701878819813 
123.24 62.29 17.0 -1.0 48.5438764505726 100.50829472882461 0.03216256930659605 0.017971433343939622 0.2634165744733498 4.0 -1.0 -1.0 -1.0 -1.0 
123.24 62.29 17.0 -1.0 11.7547287226 49.93301074133759 0.7601303774740489 0.01520659744487199 70.51837559141829 16.0 71.27094669753268 16.0 11.754733956574153 49.99177895492526 
123.24 62.29 17.0 -1.0 1.777566936351 77.71506278408002 0.010932106914636598 0.017971433343939622 0.9147431501371933 2.0 -1.0 -1.0 -1.0 -1.0 
123.24 62.29 17.0 -1.0 15.8222513304 15.7132896499812 0.14764438042523004 0.03732528463741307 3.8216354165242556 16.0 -1.0 -1.0 -1.0 -1.0 
123.24 62.29 17.0 -1.0 0.020855600018580035 76.25127724634412 0.26469288908076266 0.030413194889743977 1.9529521441135629 8.0 -1.0 -1.0 -1.0 -1.0 
123.24 62.29 17.0 -1.0 0.48165 0.0 0.4456202279847408 0.022118687192541075 12.734679962052553 32.0 -1.0 -1.0 -1.0 -1.0 
123.24 62.29 17.0 -1.0 3.95611366927 149.35093461042015 0.06364735759337738 0.04423737438508215 0.7298533603007987 2.0 -1.0 -1.0 -1.0 -1.0 
123.24 62.29 17.0 -1.0 0.5203331707044061 73.98091600414152 2.8206229453232514 0.049767046183217416 78.88534033643215 32.0 83.94595632247541 32.0 0.5203219188842922 73.97568910131653 
123.24 62.29 17.0 -1.0 326.88181168998915 49.78364487014005 1.2201371230349738 0.058061553880420315 17.084099342055357 1.0 17.084099205813267 1.0 326.8816120301684 49.789383088710984 
123.24 62.29 17.0 -1.0 0.526039 99.5672897402801 2.202593196571489 0.009676925646736721 390.6656112686345 32.0 391.17842100827494 32.0 0.5260517355054617 99.47756824431485 
123.24 62.29 17.0 -1.0 48.5438764505726 100.50829472882461 0.03216256930659605 0.017971433343939622 0.2634165744733498 4.0 -1.0 -1.0 -1.0 -1.0 
123.24 62.29 17.0 -1.0 11.7547287226 49.93301074133759 0.7601303774740489 0.01520659744487199 70.51837559141829 16.0 71.27094669753268 16.0 11.754733956574153 49.99177895492526 
123.24 62.29 17.0 -1.0 1.777566936351 77.71506278408002 0.010932106914636598 0.017971433343939622 0.9147431501371933 2.0 -1.0 -1.0 -1.0 -1.0 
123.24 62.29 17.0 -1.0 15.8222513304 15.7132896499812 0.14764438042523004 0.03732528463741307 3.8216354165242556 16.0 -1.0 -1.0 -1.0 -1.0 
123.24 62.29 17.0 -1.0 0.020855600018580035 76.25127724634412 0.26469288908076266 0.030413194889743977 1.9529521441135629 8.0 -1.0 -1.0 -1.0 -1.0 
123.24 62.29 17.0 -1.0 0.48165 0.0 0.4456202279847408 0.022118687192541075 12.734679962052553 32.0 -1.0 -1.0 -1.0 -1.0 
123.24 62.29 17.0 -1.0 3.95611366927 149.35093461042015 0.06364735759337738 0.04423737438508215 0.7298533603007987 2.0 -1.0 -1.0 -1.0 -1.0 
123.24 62.29 17.0 -1.0 0.5203331707044061 73.98091600414152 2.8206229453232514 0.049767046183217416 78.88534033643215 32.0 83.94595632247541 32.0 0.5203219188842922 73.97568910131653 
123.24 62.29 17.0 -1.0 326.8818116899891 49.78364487014005 1.2201371230349738 0.058061553880420315 17.08409934289589 1.0 17.084099205813267 1.0 326.8816120301684 49.789383088710984 
123.24 62.29 17.0 -1.0 0.526039 99.5672897402801 2.202593196571489 0.009676925646736721 390.6656112686345 32.0 391.17842100827494 32.0 0.5260517355054617 99.47756824431485 
123.31 46.67 17.0 -1.0 353.306209385356 21.953147920750663 0.010006910833004609 0.017971433343939622 2.0994839360772217 1.0 -1.0 -1.0 -1.0 -1.0 
123.31 46.67 17.0 -1.0 0.007148282058705888 54.25718191250973 0.04003688181282215 0.0483846282336836 -0.8449425295631129 16.0 -1.0 -1.0 -1.0 -1.0 
123.31 46.67 17.0 -1.0 6.98 12.992679381668758 0.01621888528569109 0.01520659744487199 0.45556729413487085 8.0 -1.0 -1.0 -1.0 -1.0 
123.31 46.67 17.0 -1.0 1.62930241737 108.25172940232223 0.07781962056190478 0.009676925646736721 5.471729528603605 32.0 -1.0 -1.0 -1.0 -1.0 
123.31 46.67 17.0 -1.0 7.479017300127568 154.4753877970344 0.030265516847765527 0.05529671798135269 0.9276395967108655 8.0 -1.0 -1.0 -1.0 -1.0 
123.31 46.67 17.0 -1.0 7.548073742648265 17.519260902273928 5.989323039447171 0.08432749492156286 141.3283191540974 8.0 141.4212910681228 8.0 7.548078428953887 17.507242427534553 
123.31 46.67 17.0 -1.0 1.07746138421 139.5515729543566 1.7865912494267449 0.01105934359627054 268.3259001452825 32.0 268.93496163448594 32.0 1.077448056700329 139.55194975474075 
123.31 46.67 17.0 -1.0 106.02790201610809 0.0 1.1730240887216132 0.04700221028414978 29.577011666468145 4.0 -1.0 -1.0 -1.0 -1.0 
123.31 46.67 17.0 -1.0 18.32420788312348 51.49179593234479 4.854769522709867 0.022118687192541075 370.87351998346963 16.0 370.90351493704145 16.0 18.32419608642037 51.5097479515323 
123.31 46.67 17.0 -1.0 0.8314821707148012 102.98359186468959 9.034322499182691 0.016589015394405805 1195.420356363834 32.0 1195.6924500407945 32.0 0.8314903728508701 103.0194959030646 
123.31 46.67 17.0 -1.0 353.306209385356 21.953147920750663 0.010006910833004609 0.017971433343939622 2.0994839360772217 1.0 -1.0 -1.0 -1.0 -1.0 
123.31 46.67 17.0 -1.0 0.007148282058705888 54.25718191250973 0.04003688181282215 0.0483846282336836 -0.8449425295631129 16.0 -1.0 -1.0 -1.0 -1.0 
123.31 46.67 17.0 -1.0 6.98 12.992679381668758 0.01621888528569109 0.01520659744487199 0.45556729413487085 8.0 -1.0 -1.0 -1.0 -1.0 
123.31 46.67 17.0 -1.0 1.62930241737 108.25172940232223 0.07781962056190478 0.009676925646736721 5.471729528603605 32.0 -1.0 -1.0 -1.0 -1.0 
123.31 46.67 17.0 -1.0 7.479017300127568 154.4753877970344 0.030265516847765527 0.05529671798135269 0.9276395967108655 8.0 -1.0 -1.0 -1.0 -1.0 
123.31 46.67 17.0 -1.0 7.548073742648265 17.519260902273928 5.989323039447171 0.08432749492156286 141.3283191540974 8.0 141.4212910681228 8.0 7.548078428953887 17.507242427534553 
123.31 46.67 17.0 -1.0 1.07746138421 139.5515729543566 1.7865912494267449 0.01105934359627054 268.3259001452825 32.0 268.93496163448594 32.0 1.077448056700329 139.55194975474075 
123.31 46.67 17.0 -1.0 106.02790201610809 0.0 1.1730240887216132 0.04700221028414978 29.577011666468145 4.0 -1.0 -1.0 -1.0 -1.0 
123.31 46.67 17.0 -1.0 18.32420788312348 51.49179593234479 4.854769522709867 0.022118687192541075 370.87351998346963 16.0 370.90351493704145 16.0 18.32419608642037 51.5097479515323 
123.31 46.67 17.0 -1.0 0.8314821707148012 102.98359186468959 9.034322499182691 0.016589015394405805 1195.420356363834 32.0 1195.6924500407945 32.0 0.8314903728508701 103.0194959030646 
123.34 54.43 17.0 -1.0 0.0016127350519334715 3.3016452277231703 0.8554472200642591 0.011059343596270537 10.650767837984434 4.0 -1.0 -1.0 -1.0 -1.0 
123.34 54.43 17.0 -1.0 0.08355140964184635 93.63707081912607 0.02416230231392835 0.029030776940210157 0.604882877402105 16.0 -1.0 -1.0 -1.0 -1.0 
123.34 54.43 17.0 -1.0 387.4675120456128 50.24832668493756 0.03187501112611771 0.017971433343939622 -inf 1.0 -1.0 -1.0 -1.0 -1.0 
123.34 54.43 17.0 -1.0 0.621574989896 100.49665336987512 0.019940221259603996 0.016589015394405805 2.8963538551088193 2.0 -1.0 -1.0 -1.0 -1.0 
123.34 54.43 17.0 -1.0 144.76914215406 26.443313832997443 7.691102492660465 0.011059343596270537 398.7798904357975 2.0 398.77988274038336 2.0 144.7692435855667 26.412660540962534 
123.34 54.43 17.0 -1.0 0.941974122159 94.4360991162463 2.795404400304641 0.017971433343939622 384.0571683428999 32.0 384.2465779756289 32.0 0.9419939791162809 94.51886952206516 
123.34 54.43 17.0 -1.0 0.6000000139820677 23.789936846334076 5.616618776607635 0.031795612839277794 276.2196271457935 16.0 323.5006521603937 32.0 0.5999936547596008 24.186306012605538 
123.34 54.43 17.0 -1.0 1.399188 76.93285660763168 2.5150119562080513 0.045619792334615966 113.01191982301411 16.0 113.1672057092547 16.0 1.3991666492074728 77.01162709453061 
123.34 54.43 17.0 -1.0 111.5254410903368 0.0 2.883672890251542 0.06635606157762322 46.769778237621615 4.0 -1.0 -1.0 -1.0 -1.0 
123.34 54.43 17.0 -1.0 0.4450659501206571 150.7449800548127 1.2268991932440692 0.017971433343939622 157.8253489906309 32.0 160.43754124299545 32.0 0.445076390557612 150.48132653031143 
123.34 54.43 17.0 -1.0 0.0016127350519334715 3.3016452277231703 0.8554472200642592 0.011059343596270537 10.650767837984434 4.0 -1.0 -1.0 -1.0 -1.0 
123.34 54.43 17.0 -1.0 0.08355140964184635 93.63707081912607 0.024162302313928352 0.029030776940210157 0.604882877402105 16.0 -1.0 -1.0 -1.0 -1.0 
123.34 54.43 17.0 -1.0 387.4675120456128 50.24832668493756 0.03187501112611771 0.017971433343939622 -inf 1.0 -1.0 -1.0 -1.0 -1.0 
123.34 54.43 17.0 -1.0 0.621574989896 100.49665336987512 0.019940221259603996 0.016589015394405805 2.8963538551088193 2.0 -1.0 -1.0 -1.0 -1.0 
123.34 54.43 17.0 -1.0 144.76914215406 26.443313832997443 7.691102492660465 0.011059343596270537 398.7798904357975 2.0 398.77988274038336 2.0 144.7692435855667 26.412660540962534 
123.34 54.43 17.0 -1.0 0.941974122159 94.4360991162463 2.795404400304641 0.017971433343939622 384.0571683428999 32.0 384.2465779756289 32.0 0.9419939791162809 94.51886952206516 
123.34 54.43 17.0 -1.0 0.6000000139820677 23.789936846334076 5.616618776607635 0.031795612839277794 276.2196271457935 16.0 323.5006521603937 32.0 0.5999936547596008 24.186306012605538 
123.34 54.43 17.0 -1.0 1.399188 76.93285660763168 2.5150119562080513 0.045619792334615966 113.01191982301411 16.0 113.1672057092547 16.0 1.3991666492074728 77.01162709453061 
123.34 54.43 17.0 -1.0 111.5254410903368 0.0 2.883672890251542 0.06635606157762322 46.769778237621615 4.0 -1.0 -1.0 -1.0 -1.0 
123.34 54.43 17.0 -1.0 0.44506595012065714 150.7449800548127 1.2268991932440694 0.017971433343939622 157.8253489906579 32.0 160.43754124299545 32.0 0.445076390557612 150.48132653031143 
123.34 71.23 17.0 -1.0 1.106300583096 142.91751532519422 0.16320042001547708 0.016589015394405805 17.07409191121485 32.0 19.078812926263772 32.0 1.1062941969915605 142.7902836141691 
123.34 71.23 17.0 -1.0 6.02064 73.80252703788715 0.5655555225142415 0.03732528463741307 40.673155832681594 8.0 40.72813182580694 8.0 6.020612393816313 73.77329323510226 
123.34 71.23 17.0 -1.0 0.727564 73.99721714573872 0.9326033468832204 0.023501105142074895 82.29405548395059 32.0 82.38563620763856 32.0 0.7275654449282836 73.67209530199511 
123.34 71.23 17.0 -1.0 0.782 114.34299795744082 0.09620514972616909 0.019353851293473442 0.5757090288376278 1.0 -1.0 -1.0 -1.0 -1.0 
123.34 71.23 17.0 -1.0 3.446989090579 0.0 0.025394547231851056 0.030413194889743977 0.38798485623698453 1.0 -1.0 -1.0 -1.0 -1.0 
123.34 71.23 17.0 -1.0 3.31882067385 49.915548420713854 0.01321028207932089 0.04147253848601452 0.8293540553975043 2.0 -1.0 -1.0 -1.0 -1.0 
123.34 71.23 17.0 -1.0 1.315582 99.83109684142771 0.027173364496594247 0.00552967179813527 2.8865406269335354 16.0 -1.0 -1.0 -1.0 -1.0 
123.34 71.23 17.0 -1.0 0.301750014184 149.74664526214156 0.013301860569649207 0.03041319488974398 1.7004957221879788 16.0 -1.0 -1.0 -1.0 -1.0 
123.34 71.23 17.0 -1.0 1.26346 107.60372499334804 4.612818816800296 0.031795612839277794 474.5217471433046 32.0 485.09225500815825 32.0 1.2634548814579225 107.37100702667146 
123.34 71.23 17.0 -1.0 5.522323557732115 35.358718818273445 4.88842455453372 0.012441761545804354 1336.8061064571036 32.0 1336.82273551529 32.0 5.522315404959954 35.31807865439052 
123.34 71.23 17.0 -1.0 1.106300583096 142.91751532519422 0.16320042001547708 0.016589015394405805 17.07409191121485 32.0 19.078812926263772 32.0 1.1062941969915605 142.7902836141691 
123.34 71.23 17.0 -1.0 6.02064 73.80252703788715 0.5655555225142415 0.03732528463741307 40.673155832681594 8.0 40.72813182580694 8.0 6.020612393816313 73.77329323510226 
123.34 71.23 17.0 -1.0 0.727564 73.99721714573872 0.9326033468832204 0.023501105142074895 82.29405548395059 32.0 82.38563620763856 32.0 0.7275654449282836 73.67209530199511 
123.34 71.23 17.0 -1.0 0.782 114.34299795744082 0.09620514972616909 0.019353851293473442 0.5757090288376278 1.0 -1.0 -1.0 -1.0 -1.0 
123.34 71.23 17.0 -1.0 3.446989090579 0.0 0.025394547231851056 0.030413194889743977 0.38798485623698453 1.0 -1.0 -1.0 -1.0 -1.0 
123.34 71.23 17.0 -1.0 3.31882067385 49.915548420713854 0.01321028207932089 0.04147253848601452 0.8293540553975043 2.0 -1.0 -1.0 -1.0 -1.0 
123.34 71.23 17.0 -1.0 1.315582 99.83109684142771 0.027173364496594247 0.00552967179813527 2.8865406269335354 16.0 -1.0 -1.0 -1.0 -1.0 
123.34 71.23 17.0 -1.0 0.301750014184 149.74664526214156 0.013301860569649207 0.03041319488974398 1.7004957221879788 16.0 -1.0 -1.0 -1.0 -1.0 
123.34 71.23 17.0 -1.0 1.26346 107.60372499334804 4.612818816800296 0.031795612839277794 474.5217471433046 32.0 485.09225500815825 32.0 1.2634548814579225 107.37100702667146 
123.34 71.23 17.0 -1.0 5.522323557732115 35.358718818273445 4.88842455453372 0.012441761545804354 1336.8061064571036 32.0 1336.82273551529 32.0 5.522315404959954 35.31807865439052 
123.54 30.84 17.0 -1.0 90.011841919354 68.84653506289162 0.1650143648732039 0.024883523091608708 1.5876259986982584 1.0 -1.0 -1.0 -1.0 -1.0 
123.54 30.84 17.0 -1.0 4.826954 49.67386498928156 0.3359329666583288 0.013824179495338172 37.042279294997556 32.0 37.11027238225395 32.0 4.826961230719462 49.688185155603854 
123.54 30.84 17.0 -1.0 2.214973590106 38.89460195774431 0.06507007961928565 0.038707702586946884 -0.13893063869352754 16.0 -1.0 -1.0 -1.0 -1.0 
123.54 30.84 17.0 -1.0 348.60365221773014 0.0 0.40903566412423487 0.017971433343939622 11.924141776530162 1.0 -1.0 -1.0 -1.0 -1.0 
123.54 30.84 17.0 -1.0 0.4969623977146869 114.41810090482063 0.26250761980901427 0.04147253848601452 5.319202776704849 8.0 6.395992376125634 32.0 0.4970085380288462 111.52012228406403 
123.54 30.84 17.0 -1.0 375.34494 45.554401410350124 5.898982091432938 0.022118687192541075 139.90042650418323 1.0 139.90042799510164 1.0 375.3453105067214 45.539069898211274 
123.54 30.84 17.0 -1.0 2.228545107 71.28388434709272 3.331595487854305 0.05391430003181887 136.03383338621492 16.0 136.1955171527361 16.0 2.2285651842442653 71.24334490742385 
123.54 30.84 17.0 -1.0 1.992389 101.8022436943431 3.2007409414715378 0.016589015394405805 468.5632535641192 32.0 468.8033566524263 32.0 1.9923997266838949 101.80512070577898 
123.54 30.84 17.0 -1.0 2.6962681043 57.20905045241032 1.2117369210379667 0.012441761545804354 185.2498801808163 32.0 185.51677300163297 32.0 2.6962576763859643 57.27803013863906 
123.54 30.84 17.0 -1.0 1.35225504146 171.62715135723096 1.0575537029719833 0.012441761545804352 131.02844461594668 32.0 131.2338644188146 32.0 1.352267039086049 171.53049661659577 
123.54 30.84 17.0 -1.0 90.011841919354 68.84653506289162 0.16501436487320392 0.024883523091608708 1.5876259986982584 1.0 -1.0 -1.0 -1.0 -1.0 
123.54 30.84 17.0 -1.0 4.826954 49.67386498928156 0.3359329666583288 0.013824179495338172 37.042279294997556 32.0 37.11027238225395 32.0 4.826961230719462 49.688185155603854 
123.54 30.84 17.0 -1.0 2.214973590106 38.89460195774431 0.06507007961928565 0.038707702586946884 -0.13893063869352754 16.0 -1.0 -1.0 -1.0 -1.0 
123.54 30.84 17.0 -1.0 348.60365221773014 0.0 0.40903566412423487 0.017971433343939622 11.924141776530162 1.0 -1.0 -1.0 -1.0 -1.0 
123.54 30.84 17.0 -1.0 0.49696239771468687 114.41810090482063 0.26250761980901427 0.04147253848601452 5.319202776704849 8.0 6.395992376125634 32.0 0.4970085380288462 111.52012228406403 
123.54 30.84 17.0 -1.0 375.34494 45.554401410350124 5.898982091432938 0.022118687192541075 139.90042650418323 1.0 139.90042799510164 1.0 375.3453105067214 45.539069898211274 
123.54 30.84 17.0 -1.0 2.228545107 71.28388434709272 3.331595487854305 0.05391430003181887 136.03383338621492 16.0 136.1955171527361 16.0 2.2285651842442653 71.24334490742385 
123.54 30.84 17.0 -1.0 1.992389 101.8022436943431 3.200740941471538 0.016589015394405805 468.5632535641192 32.0 468.8033566524263 32.0 1.9923997266838949 101.80512070577898 
123.54 30.84 17.0 -1.0 2.6962681043 57.20905045241032 1.2117369210379667 0.012441761545804354 185.2498801808163 32.0 185.51677300163297 32.0 2.6962576763859643 57.27803013863906 
123.54 30.84 17.0 -1.0 1.35225504146 171.62715135723096 1.0575537029719833 0.012441761545804352 131.02844461594665 32.0 131.2338644188146 32.0 1.352267039086049 171.53049661659577 
123.67 47.45 17.0 -1.0 1.371498 68.9500559241672 0.6938796143074506 0.06635606157762322 19.651992990478078 8.0 -1.0 -1.0 -1.0 -1.0 
123.67 47.45 17.0 -1.0 0.08165349714638741 70.19281394149198 0.08105706589434478 0.022118687192541075 0.14131719389812747 1.0 -1.0 -1.0 -1.0 -1.0 
123.67 47.45 17.0 -1.0 0.013918500102435666 51.13719100917874 0.23650339736014042 0.026265941041142528 2.0563434595760928 2.0 -1.0 -1.0 -1.0 -1.0 
123.67 47.45 17.0 -1.0 0.389864 153.41157302753624 0.951476003621078 0.019353851293473442 60.24743892911026 32.0 63.30174986206659 32.0 0.38987006215999526 153.21367072420415 
123.67 47.45 17.0 -1.0 0.22134158992271916 84.26206211293419 2.276856886482729 0.009676925646736721 418.29158731939447 32.0 418.7499172680966 32.0 0.22134069392147165 84.09548241203015 
123.67 47.45 17.0 -1.0 12.476777776 125.21170591836416 1.2482731554629758 0.02350110514207489 77.36549401960687 8.0 14.391533982005674 1.0 87.33768481761217 125.18184325352743 
123.67 47.45 17.0 -1.0 0.0036209583502459165 51.73555598048326 4.20206093809852 0.013824179495338172 128.13122502507926 32.0 -1.0 -1.0 -1.0 -1.0 
123.67 47.45 17.0 -1.0 4.65279017907 77.72607550330018 4.983905017081918 0.005529671798135269 1121.3273860197332 32.0 1121.3273144589118 32.0 4.652792995329946 77.72001262628058 
123.67 47.45 17.0 -1.0 0.022038004576058038 0.0 1.4866790508455339 0.012441761545804354 23.358017528362655 32.0 -1.0 -1.0 -1.0 -1.0 
123.67 47.45 17.0 -1.0 2.219165 102.27438201835749 1.7463215463497672 0.024883523091608708 142.96005829737584 32.0 143.09170506720062 32.0 2.219167072325945 102.31111037131465 
123.67 47.45 17.0 -1.0 1.371498 68.9500559241672 0.6938796143074506 0.06635606157762322 19.651992990478078 8.0 -1.0 -1.0 -1.0 -1.0 
123.67 47.45 17.0 -1.0 0.08165349714638741 70.19281394149198 0.08105706589434479 0.022118687192541075 0.14131719389812747 1.0 -1.0 -1.0 -1.0 -1.0 
123.67 47.45 17.0 -1.0 0.013918500102435668 51.13719100917874 0.23650339736014042 0.026265941041142528 2.0563434595760928 2.0 -1.0 -1.0 -1.0 -1.0 
123.67 47.45 17.0 -1.0 0.389864 153.41157302753624 0.951476003621078 0.019353851293473442 60.24743892911026 32.0 63.30174986206659 32.0 0.38987006215999526 153.21367072420415 
123.67 47.45 17.0 -1.0 0.22134158992271916 84.26206211293419 2.276856886482729 0.009676925646736721 418.29158731939447 32.0 418.7499172680966 32.0 0.22134069392147165 84.09548241203015 
123.67 47.45 17.0 -1.0 12.476777776 125.21170591836416 1.248273155462976 0.02350110514207489 77.3654940196069 8.0 14.391533982005674 1.0 87.33768481761217 125.18184325352743 
123.67 47.45 17.0 -1.0 0.0036209583502459165 51.73555598048326 4.202060938098521 0.013824179495338172 128.13122502507932 32.0 -1.0 -1.0 -1.0 -1.0 
123.67 47.45 17.0 -1.0 4.65279017907 77.72607550330018 4.983905017081919 0.005529671798135269 1121.3273860197335 32.0 1121.3273144589118 32.0 4.652792995329946 77.72001262628058 
123.67 47.45 17.0 -1.0 0.02203800457605804 0.0 1.4866790508455339 0.012441761545804354 23.35801752836309 32.0 -1.0 -1.0 -1.0 -1.0 
123.67 47.45 17.0 -1.0 2.219165 102.27438201835749 1.7463215463497674 0.024883523091608708 142.9600582973759 32.0 143.09170506720062 32.0 2.219167072325945 102.31111037131465 
123.82 31.66 17.0 -1.0 0.2672334117413241 45.80401688235664 0.016719462910944952 0.027648358990676344 0.05825075297013322 1.0 -1.0 -1.0 -1.0 -1.0 
123.82 31.66 17.0 -1.0 1.05458870231 72.07173485135455 0.37545462261036094 0.027648358990676344 28.89888813284606 16.0 29.040466786087844 16.0 1.0545894231957695 72.05292837228095 
123.82 31.66 17.0 -1.0 0.49214049533 72.00425195355365 0.014541736191099393 0.03732528463741307 0.8596081830367203 2.0 -1.0 -1.0 -1.0 -1.0 
123.82 31.66 17.0 -1.0 91.52813683115231 89.98844421749185 0.1181155919254742 0.04838462823368359 1.4500185147825224 1.0 -1.0 -1.0 -1.0 -1.0 
123.82 31.66 17.0 -1.0 0.6118088461395 0.0 0.032768121491207315 0.031795612839277794 1.7856782690571782 16.0 -1.0 -1.0 -1.0 -1.0 
123.82 31.66 17.0 -1.0 396.4736104785727 112.46024918518947 0.19423560062927595 0.03041319488974398 3.6161817202211632 1.0 -1.0 -1.0 -1.0 -1.0 
123.82 31.66 17.0 -1.0 0.05811466173687161 168.6903737777842 0.02316522291218108 0.013824179495338172 0.41964432923717576 16.0 -1.0 -1.0 -1.0 -1.0 
123.82 31.66 17.0 -1.0 0.515295 62.42168046582673 1.721169265377828 0.012441761545804354 295.59668694307555 32.0 296.33992357754244 32.0 0.5152893815344821 62.54032266021014 
123.82 31.66 17.0 -1.0 0.2697008734407655 46.86687252272072 1.5657393701560414 0.026265941041142528 119.59385743076247 32.0 120.29604166484772 32.0 0.26969549556573236 47.15823682792545 
123.82 31.66 17.0 -1.0 0.0015906536642315901 56.230124592594734 1.6661809787276558 0.01520659744487199 37.835488937990505 4.0 -1.0 -1.0 -1.0 -1.0 
124.81 22.87 17.0 -1.0 0.014911777391988974 38.20867318341257 0.38278798341664555 0.05391430003181887 1.1364486001321286 4.0 -1.0 -1.0 -1.0 -1.0 
124.81 22.87 17.0 -1.0 0.007148282058705888 14.834165230330964 0.17475284000076838 0.056679135930886505 -0.15551720008064018 1.0 -1.0 -1.0 -1.0 -1.0 
124.81 22.87 17.0 -1.0 0.11685493517459601 67.5917312357989 0.03817316555416103 0.009676925646736721 1.626196705304923 2.0 -1.0 -1.0 -1.0 -1.0 
124.81 22.87 17.0 -1.0 231.572028561 43.57536036409721 0.11207402013097797 0.016589015394405805 2.0880927849324213 1.0 -1.0 -1.0 -1.0 -1.0 
124.81 22.87 17.0 -1.0 0.0030268255756904683 63.33047463718219 0.652050794085705 0.1147406898113068 7.662647876253357 1.0 -1.0 -1.0 -1.0 -1.0 
124.81 22.87 17.0 -1.0 2.57955285121 118.85161709781995 0.012491358161951294 0.024883523091608708 0.9396258409781971 1.0 -1.0 -1.0 -1.0 -1.0 
124.81 22.87 17.0 -1.0 0.7244009173208362 35.48075577927719 7.846743728309852 0.02073626924300726 905.7393893020833 32.0 911.5576406757268 32.0 0.7244125299621373 35.62167245371192 
124.81 22.87 17.0 -1.0 18.57858377128551 0.0 8.407995474119216 0.02350110514207489 713.8612710991991 16.0 -1.0 -1.0 -1.0 -1.0 
124.81 22.87 17.0 -1.0 0.846407950019 59.42580854890998 7.2124997079933495 0.017971433343939622 1024.116267790154 32.0 1025.2286379246834 32.0 0.8464060859599462 59.50438466699605 
124.81 22.87 17.0 -1.0 0.014242014663178862 178.27742564672994 3.8305252179960187 0.015206597444871989 163.73914410050398 32.0 164.4956126176632 32.0 0.014248750327775877 176.48919533884543 
127.02 70.41 17.0 -1.0 0.74189508944 57.867624127141724 4.581061230619876 0.027648358990676344 398.3540825788602 16.0 455.1877656857367 32.0 0.7418899864812072 57.78401980417475 
127.02 70.41 17.0 -1.0 1.159958 48.902837529351764 4.4964035966208 0.06773847952715704 194.75687401195935 16.0 199.22920602377408 32.0 1.1599543843961633 48.777403757639625 
127.02 70.41 17.0 -1.0 0.74189508944 57.867624127141724 4.581061230619876 0.027648358990676344 398.3540825788602 16.0 455.1877656857367 32.0 0.7418899864812072 57.78401980417475 
127.02 70.41 17.0 -1.0 1.159958 48.902837529351764 4.4964035966208 0.06773847952715704 194.75687401195935 16.0 199.22920602377408 32.0 1.1599543843961633 48.777403757639625 
127.97 70.41 17.0 -1.0 0.2575872542383222 113.12117872149881 2.062678031393121 0.019353851293473442 271.18973499476726 32.0 271.91081034124284 32.0 0.25758405778712284 113.03809128067108 
127.97 70.41 17.0 -1.0 1.816095387735561 97.34905465498464 4.891802863108921 0.013824179495338172 997.0547944800422 32.0 997.3019512422281 32.0 1.8160941787452127 97.25121371595783 
13.22 70.22 17.0 -1.0 0.0013114510973573175 80.60522770098093 1.6308771282063637 0.012441761545804354 33.748085792055164 16.0 -1.0 -1.0 -1.0 -1.0 
13.22 70.22 17.0 -1.0 0.5723136989 82.4787052155729 2.007845414129436 0.016589015394405805 306.0792373129333 32.0 306.1087798562354 32.0 0.5723146993356447 82.47631548231597 
13.22 70.22 17.0 -1.0 1.86626740089 304.6000271285368 5.520446398788071 0.04147253848601452 338.2106071792582 16.0 349.28385117723684 32.0 1.8662679697930193 304.60577865247984 
13.22 70.22 17.0 -1.0 0.429135475322 456.9000406928052 5.091792383145411 0.0884747487701643 76.20408175797428 8.0 84.47194030150047 16.0 0.4291299167865267 456.30148038007684 
13.22 70.22 17.0 -1.0 0.0013114510973573175 80.60522770098093 1.6308771282063637 0.012441761545804354 33.748085792055164 16.0 -1.0 -1.0 -1.0 -1.0 
13.22 70.22 17.0 -1.0 0.5723136989 82.4787052155729 2.007845414129436 0.016589015394405805 306.0792373129333 32.0 306.1087798562354 32.0 0.5723146993356447 82.47631548231597 
13.22 70.22 17.0 -1.0 1.86626740089 304.6000271285368 5.520446398788071 0.04147253848601452 338.2106071792582 16.0 349.28385117723684 32.0 1.8662679697930193 304.60577865247984 
13.22 70.22 17.0 -1.0 0.429135475322 456.9000406928052 5.091792383145411 0.0884747487701643 76.20408175797428 8.0 84.47194030150047 16.0 0.4291299167865267 456.30148038007684 
135.85 47.08 17.0 -1.0 0.1095735878605502 79.40953797999825 0.36170610215869725 0.008294507697202903 46.804357034575055 32.0 47.25326525843451 32.0 0.10956379507357876 80.14876302085183 
135.85 47.08 17.0 -1.0 1.74644341015 38.88583253781626 0.010575537029719832 0.049767046183217416 1.3915129969438087 1.0 -1.0 -1.0 -1.0 -1.0 
135.85 47.08 17.0 -1.0 20.74492001605197 126.45743715790371 0.2594426694035856 0.03317803078881161 4.0433622982986375 4.0 -1.0 -1.0 -1.0 -1.0 
135.85 47.08 17.0 -1.0 2.63060738985 45.51921780049745 0.010308638735915771 0.029030776940210154 0.1714835343337413 1.0 -1.0 -1.0 -1.0 -1.0 
135.85 47.08 17.0 -1.0 0.38597095267029763 90.98383983751604 0.012656401135534616 0.04009012053648069 1.054490923027148 2.0 -1.0 -1.0 -1.0 -1.0 
135.85 47.08 17.0 -1.0 0.262666 136.47575975627407 0.3494252909314058 0.13409454110478025 0.5011877711835103 1.0 -1.0 -1.0 -1.0 -1.0 
135.85 47.08 17.0 -1.0 3.007247 83.053805192212 5.505212374559757 0.019353851293473442 581.900679122159 32.0 581.9337518758377 32.0 3.0072442314121877 82.98230514785165 
135.85 47.08 17.0 -1.0 0.008790480301105075 8.612481688789773 6.996558801565783 0.024883523091608708 81.8493188680291 16.0 -1.0 -1.0 -1.0 -1.0 
135.85 47.08 17.0 -1.0 0.49241574695015805 0.0 3.2904229465847132 0.019353851293473442 240.077216830934 32.0 6.394606158900147 2.0 5.414767656475306 4.351511123606855 
135.85 47.08 17.0 -1.0 0.859107 45.49191991875802 1.6604355466804537 0.012441761545804354 350.17633362380514 32.0 350.4637921859137 32.0 0.8591086952947081 45.539069898211274 
135.85 47.08 17.0 -1.0 0.1095735878605502 79.40953797999825 0.36170610215869725 0.008294507697202903 46.804357034575055 32.0 47.25326525843451 32.0 0.10956379507357876 80.14876302085183 
135.85 47.08 17.0 -1.0 1.74644341015 38.88583253781626 0.010575537029719832 0.049767046183217416 1.3915129969438087 1.0 -1.0 -1.0 -1.0 -1.0 
135.85 47.08 17.0 -1.0 20.74492001605197 126.45743715790371 0.2594426694035856 0.03317803078881161 4.0433622982986375 4.0 -1.0 -1.0 -1.0 -1.0 
135.85 47.08 17.0 -1.0 2.63060738985 45.51921780049745 0.010308638735915771 0.029030776940210154 0.1714835343337413 1.0 -1.0 -1.0 -1.0 -1.0 
135.85 47.08 17.0 -1.0 0.38597095267029763 90.98383983751604 0.012656401135534616 0.04009012053648069 1.054490923027148 2.0 -1.0 -1.0 -1.0 -1.0 
135.85 47.08 17.0 -1.0 0.262666 136.47575975627407 0.3494252909314058 0.13409454110478025 0.5011877711835103 1.0 -1.0 -1.0 -1.0 -1.0 
135.85 47.08 17.0 -1.0 3.007247 83.053805192212 5.505212374559757 0.019353851293473442 581.900679122159 32.0 581.9337518758377 32.0 3.0072442314121877 82.98230514785165 
135.85 47.08 17.0 -1.0 0.008790480301105075 8.612481688789773 6.996558801565783 0.024883523091608708 81.8493188680291 16.0 -1.0 -1.0 -1.0 -1.0 
135.85 47.08 17.0 -1.0 0.49241574695015805 0.0 3.2904229465847132 0.019353851293473442 240.077216830934 32.0 6.394606158900147 2.0 5.414767656475306 4.351511123606855 
135.85 47.08 17.0 -1.0 0.859107 45.49191991875802 1.6604355466804537 0.012441761545804354 350.17633362380514 32.0 350.4637921859137 32.0 0.8591086952947081 45.539069898211274 
137.93 63.11 17.0 -1.0 0.615241 46.505256735652196 0.010083245936759404 0.013824179495338172 1.8939539142167452 16.0 -1.0 -1.0 -1.0 -1.0 
137.93 63.11 17.0 -1.0 422.90991368608 19.967668610083006 0.016040596785870796 0.04009012053648069 0.08114416657425567 1.0 -1.0 -1.0 -1.0 -1.0 
137.93 63.11 17.0 -1.0 1.50514304056 58.830642934126274 0.05570248719345157 0.08985716671969811 2.4815129215146605 1.0 -1.0 -1.0 -1.0 -1.0 
137.93 63.11 17.0 -1.0 0.37547396768542574 20.74139880095638 0.012921446421017188 0.027648358990676344 1.105095680456749 8.0 -1.0 -1.0 -1.0 -1.0 
137.93 63.11 17.0 -1.0 3.741563 101.79302984841092 0.2726738965735471 0.04147253848601452 6.764415459373395 8.0 7.230450988252108 8.0 3.7415399371335907 101.50152690645756 
137.93 63.11 17.0 -1.0 1.95238351856 67.01589390073406 0.04272313035953055 0.03317803078881161 1.0718334078465146 1.0 -1.0 -1.0 -1.0 -1.0 
137.93 63.11 17.0 -1.0 0.42900068258501395 0.0 0.3875777488360376 0.011059343596270537 26.348324314416978 32.0 -1.0 -1.0 -1.0 -1.0 
137.93 63.11 17.0 -1.0 36.71246645742 90.4857096905597 0.02102966154965114 0.05391430003181887 1.5568637205952638 1.0 -1.0 -1.0 -1.0 -1.0 
137.93 63.11 17.0 -1.0 0.0011269139533060702 135.72856453583955 0.026396245215700147 0.016589015394405805 4.525425726672172 2.0 -1.0 -1.0 -1.0 -1.0 
137.93 63.11 17.0 -1.0 6.88006896072 45.24285484527985 9.7678499584738 0.008294507697202903 1906.00666327152 32.0 1906.0152651692445 32.0 6.880054570501671 45.23547609888986 
14.56 31.07 17.0 -1.0 0.800929 66.76677763459575 0.0171286593505062 0.011059343596270537 2.688070270179754 16.0 -1.0 -1.0 -1.0 -1.0 
14.56 31.07 17.0 -1.0 1.3042802538 79.43224197474238 0.02152946824434736 0.06635606157762322 1.2280612418816559 4.0 -1.0 -1.0 -1.0 -1.0 
14.56 31.07 17.0 -1.0 0.0015545211623595857 107.64168527779621 0.24839309219294306 0.056679135930886505 7.360865519284993 2.0 -1.0 -1.0 -1.0 -1.0 
14.56 31.07 17.0 -1.0 5.3938234402 114.77154457417247 0.22286137387064633 0.06497364362808941 2.6254609893597562 8.0 -1.0 -1.0 -1.0 -1.0 
14.56 31.07 17.0 -1.0 1.50448468116 14.894467971104824 0.27723259135371625 0.01520659744487199 20.756851376091284 32.0 21.546350499381113 32.0 1.5044861356727781 14.876096166749013 
14.56 31.07 17.0 -1.0 420.8813326052112 0.0 0.11689791918721565 0.03317803078881161 2.8084799310435904 1.0 -1.0 -1.0 -1.0 -1.0 
14.56 31.07 17.0 -1.0 0.054996637114596056 49.2004576290311 0.09761104222351676 0.009676925646736721 -0.0595854542467965 4.0 -1.0 -1.0 -1.0 -1.0 
14.56 31.07 17.0 -1.0 4.91263619475 98.4009152580622 0.15293907241759483 0.00967692564673672 11.103516411517798 32.0 12.183726916033136 16.0 4.912665948116532 98.36439098013635 
14.56 31.07 17.0 -1.0 0.24943292613086243 147.6013728870933 0.10273091827079031 0.017971433343939622 3.5371874590799797 16.0 -1.0 -1.0 -1.0 -1.0 
14.56 31.07 17.0 -1.0 4.0062614244264 102.34226604922671 2.6214516631602276 0.013824179495338172 273.63803755496747 32.0 273.66950940337557 32.0 4.006263528329631 102.31111037131465 
14.56 31.07 17.0 -1.0 0.800929 66.76677763459575 0.0171286593505062 0.011059343596270537 2.688070270179754 16.0 -1.0 -1.0 -1.0 -1.0 
14.56 31.07 17.0 -1.0 1.3042802538 79.43224197474238 0.02152946824434736 0.06635606157762322 1.2280612418816559 4.0 -1.0 -1.0 -1.0 -1.0 
14.56 31.07 17.0 -1.0 0.0015545211623595857 107.64168527779621 0.24839309219294306 0.056679135930886505 7.360865519284993 2.0 -1.0 -1.0 -1.0 -1.0 
14.56 31.07 17.0 -1.0 5.3938234402 114.77154457417247 0.22286137387064633 0.06497364362808941 2.6254609893597562 8.0 -1.0 -1.0 -1.0 -1.0 
14.56 31.07 17.0 -1.0 1.50448468116 14.894467971104824 0.27723259135371625 0.01520659744487199 20.756851376091284 32.0 21.546350499381113 32.0 1.5044861356727781 14.876096166749013 
14.56 31.07 17.0 -1.0 420.8813326052112 0.0 0.11689791918721565 0.03317803078881161 2.8084799310435904 1.0 -1.0 -1.0 -1.0 -1.0 
14.56 31.07 17.0 -1.0 0.054996637114596056 49.2004576290311 0.09761104222351676 0.009676925646736721 -0.0595854542467965 4.0 -1.0 -1.0 -1.0 -1.0 
14.56 31.07 17.0 -1.0 4.91263619475 98.4009152580622 0.15293907241759483 0.00967692564673672 11.103516411517798 32.0 12.183726916033136 16.0 4.912665948116532 98.36439098013635 
14.56 31.07 17.0 -1.0 0.24943292613086243 147.6013728870933 0.10273091827079031 0.017971433343939622 3.5371874590799797 16.0 -1.0 -1.0 -1.0 -1.0 
14.56 31.07 17.0 -1.0 4.0062614244264 102.34226604922671 2.6214516631602276 0.013824179495338172 273.63803755496747 32.0 273.66950940337557 32.0 4.006263528329631 102.31111037131465 
14.62 31.48 17.0 -1.0 2.4634427377 7.862631497527684 0.02830382852894208 0.08018024107296139 1.2474200106772901 1.0 -1.0 -1.0 -1.0 -1.0 
14.62 31.48 17.0 -1.0 0.0045983819530997 49.31608943061788 0.012083930556546362 0.023501105142074888 0.21569393740345108 1.0 -1.0 -1.0 -1.0 -1.0 
14.62 31.48 17.0 -1.0 2.095411990345 31.019493261512814 0.9300297684159161 0.12441761545804356 7.6760658347319435 4.0 7.765308421874076 4.0 2.0954757928848267 30.662973731462255 
14.62 31.48 17.0 -1.0 2.322167512743 99.07807478737153 0.5074234538283829 0.07603298722435994 6.519221931889322 8.0 6.519222403207138 8.0 2.322243138526877 99.0727765118863 
14.62 31.48 17.0 -1.0 250.4000745173689 148.6171121810573 0.28070155886764464 0.03456044873834543 2.1487167353641983 2.0 -1.0 -1.0 -1.0 -1.0 
14.62 31.48 17.0 -1.0 0.7631 30.18715419939268 1.9490769383204658 0.009676925646736721 311.84188725963384 32.0 312.201295052805 32.0 0.7630963712775459 30.25818199903371 
14.62 31.48 17.0 -1.0 0.0019292973139691631 93.16252216730345 1.0344308644015945 0.013824179495338172 6.926964252758757 2.0 -1.0 -1.0 -1.0 -1.0 
14.62 31.48 17.0 -1.0 16.486248765294633 83.5608965578462 5.137727631521565 0.029030776940210157 269.22498300295837 16.0 269.24332465948896 16.0 16.486228560097516 83.58949274649447 
14.62 31.48 17.0 -1.0 0.03125021007535721 0.0 6.2600767524671195 0.08432749492156286 2.7291558157473625 4.0 -1.0 -1.0 -1.0 -1.0 
14.62 31.48 17.0 -1.0 6.30957344480193 49.53903739368577 1.7730658797940135 0.02073626924300726 177.04955319296405 32.0 177.1731819039704 32.0 6.309558860569572 49.48578928938958 
14.75 71.05 17.0 -1.0 0.05109793639081646 84.01556476354257 8.207132012393885 0.013824179495338172 681.9752131577249 32.0 695.2039245313604 32.0 0.05109844399460902 88.95298320117269 
14.75 71.05 17.0 -1.0 0.0011853443605271085 0.0 2.294225294132695 0.058061553880420315 12.375328626790933 2.0 -1.0 -1.0 -1.0 -1.0 
14.75 71.05 17.0 -1.0 0.0020575023320702707 432.358019593753 2.4770763559917115 0.019353851293473442 28.934964884052956 8.0 -1.0 -1.0 -1.0 -1.0 
14.75 71.05 17.0 -1.0 0.05109793639081646 84.01556476354257 8.207132012393885 0.013824179495338172 681.9752131577249 32.0 695.2039245313604 32.0 0.05109844399460902 88.95298320117269 
14.75 71.05 17.0 -1.0 0.0011853443605271085 0.0 2.294225294132695 0.058061553880420315 12.375328626790933 2.0 -1.0 -1.0 -1.0 -1.0 
14.75 71.05 17.0 -1.0 0.0020575023320702707 432.358019593753 2.4770763559917115 0.019353851293473442 28.934964884052956 8.0 -1.0 -1.0 -1.0 -1.0 
14.93 31.07 17.0 -1.0 2.03506779233 18.250124918887135 0.20769772673226888 0.013824179495338172 14.628476801055157 32.0 14.628475746002742 32.0 2.0350550281970454 18.215627959284507 
14.93 31.07 17.0 -1.0 269.687163 41.28813686102887 0.02681901630307897 0.016589015394405805 2.63000286828191 1.0 -1.0 -1.0 -1.0 -1.0 
14.93 31.07 17.0 -1.0 1.83597223158 5.837084488227059 0.051270905438291665 0.008294507697202903 3.9457490534557738 32.0 -1.0 -1.0 -1.0 -1.0 
14.93 31.07 17.0 -1.0 0.52826709593 42.27822460966485 0.15549598219104632 0.04009012053648069 1.7676015899117847 16.0 -1.0 -1.0 -1.0 -1.0 
14.93 31.07 17.0 -1.0 0.2075663829 58.35606745318647 0.24245908610075245 0.016589015394405805 0.8663882843881672 1.0 -1.0 -1.0 -1.0 -1.0 
14.93 31.07 17.0 -1.0 0.008018564716190377 49.25317113736909 0.5004606515575023 0.08018024107296139 -1.5312198359665636 4.0 -1.0 -1.0 -1.0 -1.0 
14.93 31.07 17.0 -1.0 1.830721 98.50634227473817 0.5789969388540934 0.09400442056829957 4.666746915723356 2.0 -1.0 -1.0 -1.0 -1.0 
14.93 31.07 17.0 -1.0 1.0772101343087 147.75951341210725 0.015346827154832526 0.016589015394405805 0.9420979607401467 16.0 -1.0 -1.0 -1.0 -1.0 
14.93 31.07 17.0 -1.0 1.7706655597 10.270313213462801 5.151944751932534 0.026265941041142528 428.9676821214251 32.0 430.182869281739 32.0 1.770664918391655 10.322189176927887 
14.93 31.07 17.0 -1.0 4.44435604316 0.0 3.6953601033657075 0.02488352309160871 246.25659302620474 16.0 -1.0 -1.0 -1.0 -1.0 
14.93 31.07 17.0 -1.0 2.03506779233 18.250124918887135 0.20769772673226888 0.013824179495338172 14.628476801055157 32.0 14.628475746002742 32.0 2.0350550281970454 18.215627959284507 
14.93 31.07 17.0 -1.0 269.687163 41.28813686102887 0.02681901630307897 0.016589015394405805 2.63000286828191 1.0 -1.0 -1.0 -1.0 -1.0 
14.93 31.07 17.0 -1.0 1.83597223158 5.837084488227059 0.05127090543829167 0.008294507697202903 3.9457490534557738 32.0 -1.0 -1.0 -1.0 -1.0 
14.93 31.07 17.0 -1.0 0.52826709593 42.27822460966485 0.15549598219104632 0.04009012053648069 1.7676015899117847 16.0 -1.0 -1.0 -1.0 -1.0 
14.93 31.07 17.0 -1.0 0.2075663829 58.35606745318647 0.24245908610075242 0.016589015394405805 0.8663882843881672 1.0 -1.0 -1.0 -1.0 -1.0 
14.93 31.07 17.0 -1.0 0.008018564716190377 49.25317113736909 0.5004606515575023 0.08018024107296139 -1.5312198359665636 4.0 -1.0 -1.0 -1.0 -1.0 
14.93 31.07 17.0 -1.0 1.830721 98.50634227473817 0.5789969388540935 0.09400442056829957 4.666746915723356 2.0 -1.0 -1.0 -1.0 -1.0 
14.93 31.07 17.0 -1.0 1.0772101343087 147.75951341210725 0.015346827154832524 0.016589015394405805 0.9420979607401467 16.0 -1.0 -1.0 -1.0 -1.0 
14.93 31.07 17.0 -1.0 1.7706655597 10.270313213462801 5.151944751932534 0.026265941041142528 428.9676821214251 32.0 430.182869281739 32.0 1.770664918391655 10.322189176927887 
14.93 31.07 17.0 -1.0 4.44435604316 0.0 3.6953601033657075 0.02488352309160871 246.25659302620474 16.0 -1.0 -1.0 -1.0 -1.0 
15.31 31.07 17.0 -1.0 4.60376541217 50.55511258034298 0.1426314908058641 0.019353851293473442 5.5199899010797004 32.0 -1.0 -1.0 -1.0 -1.0 
15.31 31.07 17.0 -1.0 0.008434326718533782 144.22554206288015 0.23617684881065482 0.05391430003181887 -1.5364360643858288 8.0 -1.0 -1.0 -1.0 -1.0 
15.31 31.07 17.0 -1.0 0.019827543326782195 32.0517638857821 0.0137788801110556 0.026265941041142528 0.8411409958569533 16.0 -1.0 -1.0 -1.0 -1.0 
15.31 31.07 17.0 -1.0 28.09535045670746 56.0129348571559 0.8673488747257093 0.015206597444871992 41.68882161927032 8.0 41.68882197870572 8.0 28.095261465447646 55.9624570082463 
15.31 31.07 17.0 -1.0 0.0016963552480874539 0.0 0.05123549744161896 0.03456044873834543 6.072307939315125 2.0 -1.0 -1.0 -1.0 -1.0 
15.31 31.07 17.0 -1.0 1.136494208396223 45.37831638282395 7.282596173836946 0.10782860006363774 150.07445030959758 8.0 148.08326016347777 16.0 1.136443946355333 44.32469470092563 
15.31 31.07 17.0 -1.0 0.0016654577255911058 48.82458356574376 7.358455683452554 0.02073626924300726 42.24172484237502 8.0 -1.0 -1.0 -1.0 -1.0 
15.31 31.07 17.0 -1.0 3.477945 49.29789064665979 3.261004027141294 0.015206597444871992 472.02202782293625 32.0 472.2267498827985 32.0 3.477938056069737 49.283393423175305 
15.31 31.07 17.0 -1.0 0.62315481163 98.59578129331958 2.2926408883008342 0.1451538847010508 20.690895078010687 4.0 23.84347554725875 8.0 0.6231857696548104 100.28715170917192 
15.31 31.07 17.0 -1.0 0.52075138808 147.89367193997936 6.666262149960813 0.05391430003181887 160.1883430885615 16.0 168.06518372893913 32.0 0.5207463497451197 147.8501802695259 
15.31 31.07 17.0 -1.0 4.60376541217 50.55511258034298 0.1426314908058641 0.019353851293473442 5.5199899010797004 32.0 -1.0 -1.0 -1.0 -1.0 
15.31 31.07 17.0 -1.0 0.008434326718533782 144.22554206288015 0.23617684881065482 0.05391430003181887 -1.5364360643858288 8.0 -1.0 -1.0 -1.0 -1.0 
15.31 31.07 17.0 -1.0 0.019827543326782195 32.0517638857821 0.0137788801110556 0.026265941041142528 0.8411409958569533 16.0 -1.0 -1.0 -1.0 -1.0 
15.31 31.07 17.0 -1.0 28.09535045670746 56.0129348571559 0.8673488747257093 0.015206597444871992 41.68882161927032 8.0 41.68882197870572 8.0 28.095261465447646 55.9624570082463 
15.31 31.07 17.0 -1.0 0.0016963552480874539 0.0 0.05123549744161896 0.03456044873834543 6.072307939315125 2.0 -1.0 -1.0 -1.0 -1.0 
15.31 31.07 17.0 -1.0 1.136494208396223 45.37831638282395 7.282596173836946 0.10782860006363774 150.07445030959758 8.0 148.08326016347777 16.0 1.136443946355333 44.32469470092563 
15.31 31.07 17.0 -1.0 0.0016654577255911058 48.82458356574376 7.358455683452554 0.02073626924300726 42.24172484237502 8.0 -1.0 -1.0 -1.0 -1.0 
15.31 31.07 17.0 -1.0 3.477945 49.29789064665979 3.261004027141294 0.015206597444871992 472.02202782293625 32.0 472.2267498827985 32.0 3.477938056069737 49.283393423175305 
15.31 31.07 17.0 -1.0 0.62315481163 98.59578129331958 2.2926408883008342 0.1451538847010508 20.690895078010687 4.0 23.84347554725875 8.0 0.6231857696548104 100.28715170917192 
15.31 31.07 17.0 -1.0 0.52075138808 147.89367193997936 6.666262149960813 0.05391430003181887 160.1883430885615 16.0 168.06518372893913 32.0 0.5207463497451197 147.8501802695259 
15.31 31.07 17.0 -1.0 4.60376541217 50.55511258034298 0.1426314908058641 0.019353851293473442 5.5199899010797004 32.0 -1.0 -1.0 -1.0 -1.0 
15.31 31.07 17.0 -1.0 0.008434326718533782 144.22554206288015 0.23617684881065482 0.05391430003181887 -1.5364360643858288 8.0 -1.0 -1.0 -1.0 -1.0 
15.31 31.07 17.0 -1.0 0.019827543326782195 32.0517638857821 0.0137788801110556 0.026265941041142528 0.8411409958569533 16.0 -1.0 -1.0 -1.0 -1.0 
15.31 31.07 17.0 -1.0 28.09535045670746 56.0129348571559 0.8673488747257093 0.015206597444871992 41.68882161927032 8.0 41.68882197870572 8.0 28.095261465447646 55.9624570082463 
15.31 31.07 17.0 -1.0 0.0016963552480874539 0.0 0.05123549744161896 0.03456044873834543 6.072307939315125 2.0 -1.0 -1.0 -1.0 -1.0 
15.31 31.07 17.0 -1.0 1.136494208396223 45.37831638282395 7.282596173836946 0.10782860006363774 150.07445030959758 8.0 148.08326016347777 16.0 1.136443946355333 44.32469470092563 
15.31 31.07 17.0 -1.0 0.0016654577255911058 48.82458356574376 7.358455683452554 0.02073626924300726 42.24172484237502 8.0 -1.0 -1.0 -1.0 -1.0 
15.31 31.07 17.0 -1.0 3.477945 49.29789064665979 3.261004027141294 0.015206597444871992 472.02202782293625 32.0 472.2267498827985 32.0 3.477938056069737 49.283393423175305 
15.31 31.07 17.0 -1.0 0.62315481163 98.59578129331958 2.2926408883008342 0.1451538847010508 20.690895078010687 4.0 23.84347554725875 8.0 0.6231857696548104 100.28715170917192 
15.31 31.07 17.0 -1.0 0.52075138808 147.89367193997936 6.666262149960813 0.05391430003181887 160.1883430885615 16.0 168.06518372893913 32.0 0.5207463497451197 147.8501802695259 
15.37 31.48 17.0 -1.0 2.09803725694 52.76447262820736 0.0863761095872916 0.012441761545804354 4.520882501346782 32.0 -1.0 -1.0 -1.0 -1.0 
15.37 31.48 17.0 -1.0 2.210433 18.530823250244897 0.32700278778082853 0.03732528463741307 9.724373727565787 16.0 9.870919444935343 16.0 2.210435923188925 18.721617624820187 
15.37 31.48 17.0 -1.0 5.750081 39.577075520000946 0.4382926385504238 0.08570991287109667 5.195613210175114 2.0 -1.0 -1.0 -1.0 -1.0 
15.37 31.48 17.0 -1.0 13.929517 21.463009740444292 0.10826883167411215 0.04285495643554833 2.718353959774956 8.0 -1.0 -1.0 -1.0 -1.0 
15.37 31.48 17.0 -1.0 478.4689 114.19154696857738 0.6805864343010567 0.01520659744487199 14.359807173890673 1.0 -1.0 -1.0 -1.0 -1.0 
15.37 31.48 17.0 -1.0 0.12012180479939936 0.0 0.9979296123782174 0.019353851293473442 13.1185192641465 32.0 -1.0 -1.0 -1.0 -1.0 
15.37 31.48 17.0 -1.0 80.10810725000886 7.531402863151741 2.5412096979365755 0.02350110514207489 116.48310621357072 4.0 116.48310665452851 4.0 80.10805080023906 7.488647049928075 
15.37 31.48 17.0 -1.0 0.346205 49.60902320728212 4.340739829728949 0.011059343596270537 646.9742996187802 32.0 648.9138665650398 32.0 0.3462143164748947 49.789383088710984 
15.37 31.48 17.0 -1.0 1.251638725250669 99.21804641456424 3.005714973044299 0.029030776940210157 197.25741447842722 32.0 198.1670376357231 32.0 1.2516466085799038 99.17397444499343 
15.37 31.48 17.0 -1.0 0.018086433719541467 148.82706962184636 4.552666382788993 0.0483846282336836 3.2614594448575955 16.0 -1.0 -1.0 -1.0 -1.0 
15.37 31.48 17.0 -1.0 2.09803725694 52.76447262820736 0.0863761095872916 0.012441761545804354 4.520882501346782 32.0 -1.0 -1.0 -1.0 -1.0 
15.37 31.48 17.0 -1.0 2.210433 18.530823250244897 0.32700278778082853 0.03732528463741307 9.724373727565787 16.0 9.870919444935343 16.0 2.210435923188925 18.721617624820187 
15.37 31.48 17.0 -1.0 5.750081 39.577075520000946 0.4382926385504238 0.08570991287109667 5.195613210175114 2.0 -1.0 -1.0 -1.0 -1.0 
15.37 31.48 17.0 -1.0 13.929517 21.463009740444292 0.10826883167411215 0.04285495643554833 2.718353959774956 8.0 -1.0 -1.0 -1.0 -1.0 
15.37 31.48 17.0 -1.0 478.4689 114.19154696857738 0.6805864343010567 0.01520659744487199 14.359807173890673 1.0 -1.0 -1.0 -1.0 -1.0 
15.37 31.48 17.0 -1.0 0.12012180479939936 0.0 0.9979296123782174 0.019353851293473442 13.1185192641465 32.0 -1.0 -1.0 -1.0 -1.0 
15.37 31.48 17.0 -1.0 80.10810725000886 7.531402863151741 2.5412096979365755 0.02350110514207489 116.48310621357072 4.0 116.48310665452851 4.0 80.10805080023906 7.488647049928075 
15.37 31.48 17.0 -1.0 0.346205 49.60902320728212 4.340739829728949 0.011059343596270537 646.9742996187802 32.0 648.9138665650398 32.0 0.3462143164748947 49.789383088710984 
15.37 31.48 17.0 -1.0 1.251638725250669 99.21804641456424 3.005714973044299 0.029030776940210157 197.25741447842722 32.0 198.1670376357231 32.0 1.2516466085799038 99.17397444499343 
15.37 31.48 17.0 -1.0 0.018086433719541467 148.82706962184636 4.552666382788993 0.0483846282336836 3.2614594448575955 16.0 -1.0 -1.0 -1.0 -1.0 
15.73 71.05 17.0 -1.0 0.9776359779173 39.15100288808795 0.02318123201088714 0.026265941041142528 1.361665198270609 4.0 -1.0 -1.0 -1.0 -1.0 
15.73 71.05 17.0 -1.0 0.931029279866 99.15088603521282 0.07814285761242541 0.012441761545804354 3.738923716943342 16.0 -1.0 -1.0 -1.0 -1.0 
15.73 71.05 17.0 -1.0 1.06477508236 59.35240239373862 0.3109204337711029 0.06082638977948796 4.449552053213907 8.0 -1.0 -1.0 -1.0 -1.0 
15.73 71.05 17.0 -1.0 0.010859737501366 0.0 0.29258134003255765 0.008294507697202903 0.3081582686497237 4.0 -1.0 -1.0 -1.0 -1.0 
15.73 71.05 17.0 -1.0 6.053935856195946 143.87022340242243 0.05049755222753033 0.08985716671969811 0.6129819015335093 2.0 -1.0 -1.0 -1.0 -1.0 
15.73 71.05 17.0 -1.0 2.523341 287.74044680484485 0.1466279023623302 0.06635606157762322 2.6791523459699564 4.0 -1.0 -1.0 -1.0 -1.0 
15.73 71.05 17.0 -1.0 2.42139427868 431.6106702072673 0.15700720842962645 0.12165277955897594 0.6940172212763195 2.0 -1.0 -1.0 -1.0 -1.0 
15.73 71.05 17.0 -1.0 0.18502349945466165 29.48195697085344 5.070730241292927 0.045619792334615966 117.60655104355462 16.0 120.96698762388887 32.0 0.1850215388306727 32.68693239360498 
15.73 71.05 17.0 -1.0 0.0011114843736737697 20.848880259036914 6.178443619080868 0.06220880772902178 47.31536444268626 16.0 -1.0 -1.0 -1.0 -1.0 
15.73 71.05 17.0 -1.0 0.9776359779173 39.15100288808795 0.02318123201088714 0.026265941041142528 1.361665198270609 4.0 -1.0 -1.0 -1.0 -1.0 
15.73 71.05 17.0 -1.0 0.931029279866 99.15088603521282 0.07814285761242541 0.012441761545804354 3.738923716943342 16.0 -1.0 -1.0 -1.0 -1.0 
15.73 71.05 17.0 -1.0 1.06477508236 59.35240239373862 0.3109204337711029 0.06082638977948796 4.449552053213907 8.0 -1.0 -1.0 -1.0 -1.0 
15.73 71.05 17.0 -1.0 0.010859737501366 0.0 0.29258134003255765 0.008294507697202903 0.3081582686497237 4.0 -1.0 -1.0 -1.0 -1.0 
15.73 71.05 17.0 -1.0 6.053935856195946 143.87022340242243 0.05049755222753033 0.08985716671969811 0.6129819015335093 2.0 -1.0 -1.0 -1.0 -1.0 
15.73 71.05 17.0 -1.0 2.523341 287.74044680484485 0.1466279023623302 0.06635606157762322 2.6791523459699564 4.0 -1.0 -1.0 -1.0 -1.0 
15.73 71.05 17.0 -1.0 2.42139427868 431.6106702072673 0.15700720842962645 0.12165277955897594 0.6940172212763195 2.0 -1.0 -1.0 -1.0 -1.0 
15.73 71.05 17.0 -1.0 0.18502349945466165 29.48195697085344 5.070730241292927 0.045619792334615966 117.60655104355462 16.0 120.96698762388887 32.0 0.1850215388306727 32.68693239360498 
15.73 71.05 17.0 -1.0 0.0011114843736737697 20.848880259036914 6.178443619080868 0.06220880772902178 47.31536444268626 16.0 -1.0 -1.0 -1.0 -1.0 
15.99 30.66 17.0 -1.0 6.529534776236 132.78693932306788 0.8542660740342586 0.03732528463741307 38.24650315456245 8.0 38.24650410145858 8.0 6.529565628928443 132.77168823656262 
15.99 30.66 17.0 -1.0 2.2085533725 27.6995144985606 0.07653998783070953 0.013824179495338172 2.938990198366645 32.0 -1.0 -1.0 -1.0 -1.0 
15.99 30.66 17.0 -1.0 1.081093 86.29237699525015 0.6391172773542334 0.0898571667196981 4.478020584489071 8.0 -1.0 -1.0 -1.0 -1.0 
15.99 30.66 17.0 -1.0 0.4000847453262 96.37429380264336 0.40903566412423487 0.029030776940210157 17.919518360058614 16.0 20.27520896891952 32.0 0.20002820140992603 96.23923438488649 
15.99 30.66 17.0 -1.0 37.70210045286701 131.25625414355125 0.38918761903942056 0.04009012053648069 7.593805669883927 2.0 7.593805514913451 2.0 37.702072101334736 131.2537192399556 
15.99 30.66 17.0 -1.0 0.181653469655067 0.0 0.029460962052327924 0.02350110514207489 0.9525459417027229 32.0 -1.0 -1.0 -1.0 -1.0 
15.99 30.66 17.0 -1.0 0.1240487627371042 49.05551637816285 0.33896356238966063 0.024883523091608708 3.6779683056226555 16.0 -1.0 -1.0 -1.0 -1.0 
15.99 30.66 17.0 -1.0 60.80349893185531 147.16654913448855 0.18570640495981353 0.029030776940210157 2.7335113747485633 2.0 -1.0 -1.0 -1.0 -1.0 
15.99 30.66 17.0 -1.0 0.004881467702004727 62.21352167131544 3.1415915126584513 0.1119758539122392 2.0517554817555435 1.0 -1.0 -1.0 -1.0 -1.0 
15.99 30.66 17.0 -1.0 1.6208005921 98.1110327563257 6.666262149960813 0.017971433343939622 1011.3273017731916 32.0 1011.4700191718637 32.0 1.6208105080295356 98.06079718081493 
15.99 30.66 17.0 -1.0 6.529534776236 132.78693932306788 0.8542660740342586 0.03732528463741307 38.246503154562454 8.0 38.24650410145858 8.0 6.529565628928443 132.77168823656262 
15.99 30.66 17.0 -1.0 2.2085533725 27.6995144985606 0.07653998783070953 0.013824179495338172 2.938990198366645 32.0 -1.0 -1.0 -1.0 -1.0 
15.99 30.66 17.0 -1.0 1.081093 86.29237699525015 0.6391172773542334 0.0898571667196981 4.478020584489071 8.0 -1.0 -1.0 -1.0 -1.0 
15.99 30.66 17.0 -1.0 0.4000847453262 96.37429380264336 0.40903566412423487 0.029030776940210157 17.919518360058614 16.0 20.27520896891952 32.0 0.20002820140992603 96.23923438488649 
15.99 30.66 17.0 -1.0 37.702100452867 131.25625414355125 0.3891876190394205 0.04009012053648069 7.59380566990047 2.0 7.593805514913451 2.0 37.702072101334736 131.2537192399556 
15.99 30.66 17.0 -1.0 0.18165346965506704 0.0 0.02946096205232792 0.02350110514207489 0.9525459417027229 32.0 -1.0 -1.0 -1.0 -1.0 
15.99 30.66 17.0 -1.0 0.1240487627371042 49.05551637816285 0.3389635623896606 0.024883523091608708 3.6779683056226555 16.0 -1.0 -1.0 -1.0 -1.0 
15.99 30.66 17.0 -1.0 60.80349893185531 147.16654913448855 0.18570640495981353 0.029030776940210157 2.7335113747485633 2.0 -1.0 -1.0 -1.0 -1.0 
15.99 30.66 17.0 -1.0 0.004881467702004727 62.21352167131544 3.1415915126584513 0.1119758539122392 2.0517554817555435 1.0 -1.0 -1.0 -1.0 -1.0 
15.99 30.66 17.0 -1.0 1.6208005921 98.1110327563257 6.666262149960813 0.017971433343939622 1011.3273017731917 32.0 1011.4700191718637 32.0 1.6208105080295356 98.06079718081493 
150.06 62.32 17.0 -1.0 1.174979047088 82.7616033205223 0.39926397481754905 0.009676925646736721 69.85980151928763 32.0 70.4980720334513 32.0 1.174976205220446 82.77990928163737 
150.06 62.32 17.0 -1.0 0.9810738063844591 77.15628675111009 0.06131669778825089 0.016589015394405805 1.8400604862474148 32.0 -1.0 -1.0 -1.0 -1.0 
150.06 62.32 17.0 -1.0 8.98827746737108 49.11690637763485 0.6400009491490016 0.020736269243007262 46.69389768767192 8.0 -1.0 -1.0 -1.0 -1.0 
150.06 62.32 17.0 -1.0 1.7465751271 41.502378161195885 0.9720727524659024 0.011059343596270537 189.48702729198592 32.0 189.8522877984504 32.0 1.7465633087946724 41.491152573925824 
150.06 62.32 17.0 -1.0 19.36198863 0.0 0.051590680584473164 0.009676925646736723 2.021503843274451 16.0 -1.0 -1.0 -1.0 -1.0 
150.06 62.32 17.0 -1.0 3.631598085482 127.9624666154171 0.033018084541305774 0.04009012053648069 1.7051090544569316 1.0 -1.0 -1.0 -1.0 -1.0 
150.06 62.32 17.0 -1.0 0.006921991990574545 103.76234416619681 1.0160163342901278 0.1755670795907948 5.379813951793685 1.0 -1.0 -1.0 -1.0 -1.0 
150.06 62.32 17.0 -1.0 5.782023226835916 97.19721311572086 1.7439103388395953 0.011059343596270537 261.1174752019282 32.0 261.40926998368667 32.0 5.782021617051214 97.1500157828507 
150.06 62.32 17.0 -1.0 1.110678168087891 42.65415553847237 1.665030304089738 0.01935385129347344 188.89183278184908 32.0 189.43720212554015 32.0 1.1106749298051 42.70552777121146 
150.06 62.32 17.0 -1.0 0.6037044172606 85.30831107694473 4.266414103250982 0.03041319488974398 280.2395875899671 32.0 280.28618986025697 32.0 0.6036922665468107 85.30985760931578 
150.06 62.32 17.0 -1.0 1.174979047088 82.7616033205223 0.39926397481754905 0.009676925646736721 69.85980151928763 32.0 70.4980720334513 32.0 1.174976205220446 82.77990928163737 
150.06 62.32 17.0 -1.0 0.9810738063844591 77.15628675111009 0.06131669778825089 0.016589015394405805 1.8400604862474148 32.0 -1.0 -1.0 -1.0 -1.0 
150.06 62.32 17.0 -1.0 8.98827746737108 49.11690637763485 0.6400009491490016 0.020736269243007262 46.69389768767192 8.0 -1.0 -1.0 -1.0 -1.0 
150.06 62.32 17.0 -1.0 1.7465751271 41.502378161195885 0.9720727524659024 0.011059343596270537 189.48702729198592 32.0 189.8522877984504 32.0 1.7465633087946724 41.491152573925824 
150.06 62.32 17.0 -1.0 19.36198863 0.0 0.051590680584473164 0.009676925646736723 2.021503843274451 16.0 -1.0 -1.0 -1.0 -1.0 
150.06 62.32 17.0 -1.0 3.631598085482 127.9624666154171 0.033018084541305774 0.04009012053648069 1.7051090544569316 1.0 -1.0 -1.0 -1.0 -1.0 
150.06 62.32 17.0 -1.0 0.006921991990574545 103.76234416619681 1.0160163342901278 0.1755670795907948 5.379813951793685 1.0 -1.0 -1.0 -1.0 -1.0 
150.06 62.32 17.0 -1.0 5.782023226835916 97.19721311572086 1.7439103388395953 0.011059343596270537 261.1174752019282 32.0 261.40926998368667 32.0 5.782021617051214 97.1500157828507 
150.06 62.32 17.0 -1.0 1.110678168087891 42.65415553847237 1.665030304089738 0.01935385129347344 188.89183278184908 32.0 189.43720212554015 32.0 1.1106749298051 42.70552777121146 
150.06 62.32 17.0 -1.0 0.6037044172606 85.30831107694473 4.266414103250982 0.03041319488974398 280.2395875899671 32.0 280.28618986025697 32.0 0.6036922665468107 85.30985760931578 
150.83 54.47 17.0 -1.0 215.517241 65.35083667535677 0.8910354636170879 0.02073626924300726 19.70217615708539 1.0 19.702176284279826 1.0 215.51677491515878 65.37386478720995 
150.83 54.47 17.0 -1.0 62.0261895958 56.248354177167414 0.12201371230349732 0.031795612839277794 1.6467295471544576 8.0 -1.0 -1.0 -1.0 -1.0 
150.83 54.47 17.0 -1.0 56.538013330516 20.69879581780047 0.03154640648174145 0.016589015394405805 1.379573942779334 8.0 -1.0 -1.0 -1.0 -1.0 
150.83 54.47 17.0 -1.0 16.71511018178156 0.0 0.05452223588423098 0.013824179495338172 3.9359068009589686 4.0 -1.0 -1.0 -1.0 -1.0 
150.83 54.47 17.0 -1.0 1.1703001275 124.67907191698005 0.05459762073728651 0.017971433343939622 1.2190773737988077 1.0 -1.0 -1.0 -1.0 -1.0 
150.83 54.47 17.0 -1.0 1.065984 62.90688247036347 3.1721238483364047 0.11612310776084063 24.783662382878127 8.0 25.801882308110688 16.0 1.0659884234579902 63.147510258852954 
150.83 54.47 17.0 -1.0 86.6173797908258 93.09470456367367 5.30728594681835 0.03041319488974398 113.43427179699451 2.0 113.43426930409998 2.0 86.61736501380801 93.10209845856527 
150.83 54.47 17.0 -1.0 174.16720665567405 110.5889277759472 4.401131616874807 0.02211868719254107 150.98811427751411 2.0 150.98811281334304 2.0 174.1670227299134 110.60934088609983 
150.83 54.47 17.0 -1.0 251.55343502438237 41.55969063899335 2.668963498312709 0.011059343596270537 -0.6420439901782367 2.0 -1.0 -1.0 -1.0 -1.0 
150.83 54.47 17.0 -1.0 0.33626423033604985 83.1193812779867 1.9130581571311915 0.02211868719254108 154.90760518877022 32.0 155.1660710649072 32.0 0.3362705077355107 83.28589894717305 
150.83 54.47 17.0 -1.0 215.517241 65.35083667535677 0.8910354636170879 0.02073626924300726 19.70217615708539 1.0 19.702176284279826 1.0 215.51677491515878 65.37386478720995 
150.83 54.47 17.0 -1.0 62.0261895958 56.248354177167414 0.12201371230349732 0.031795612839277794 1.6467295471544576 8.0 -1.0 -1.0 -1.0 -1.0 
150.83 54.47 17.0 -1.0 56.538013330516 20.69879581780047 0.03154640648174145 0.016589015394405805 1.379573942779334 8.0 -1.0 -1.0 -1.0 -1.0 
150.83 54.47 17.0 -1.0 16.715110181781558 0.0 0.05452223588423098 0.013824179495338172 3.9359068009518934 4.0 -1.0 -1.0 -1.0 -1.0 
150.83 54.47 17.0 -1.0 1.1703001275 124.67907191698005 0.0545976207372865 0.017971433343939622 1.2190773737988077 1.0 -1.0 -1.0 -1.0 -1.0 
150.83 54.47 17.0 -1.0 1.065984 62.90688247036347 3.1721238483364047 0.11612310776084063 24.783662382878127 8.0 25.801882308110688 16.0 1.0659884234579902 63.147510258852954 
150.83 54.47 17.0 -1.0 86.6173797908258 93.09470456367367 5.307285946818349 0.03041319488974398 113.43427179699451 2.0 113.43426930409998 2.0 86.61736501380801 93.10209845856527 
150.83 54.47 17.0 -1.0 174.16720665567405 110.5889277759472 4.401131616874807 0.02211868719254107 150.98811427751411 2.0 150.98811281334304 2.0 174.1670227299134 110.60934088609983 
150.83 54.47 17.0 -1.0 251.55343502438237 41.55969063899335 2.668963498312709 0.011059343596270537 -0.642043990178236 2.0 -1.0 -1.0 -1.0 -1.0 
150.83 54.47 17.0 -1.0 0.3362642303360498 83.1193812779867 1.9130581571311915 0.02211868719254107 154.9076051887561 32.0 155.1660710649072 32.0 0.3362705077355107 83.28589894717305 
151.08 55.25 17.0 -1.0 409.836066 45.814903776704945 0.04225349001833228 0.058061553880420315 0.9649646180544201 1.0 -1.0 -1.0 -1.0 -1.0 
151.08 55.25 17.0 -1.0 471.90567042843 11.09832998401399 0.8842898893257327 0.03732528463741307 2.792129409430815 1.0 -1.0 -1.0 -1.0 -1.0 
151.08 55.25 17.0 -1.0 346.5319964932129 21.623038418292428 0.3420214984281319 0.024883523091608708 3.7590686083741778 1.0 -1.0 -1.0 -1.0 -1.0 
151.08 55.25 17.0 -1.0 194.931774 41.562622288447905 0.14581976084928142 0.006912089747669085 5.890092422402017 1.0 -1.0 -1.0 -1.0 -1.0 
151.08 55.25 17.0 -1.0 1.141728981344834 26.885392635431646 1.8699378944626144 0.02073626924300726 208.51205742970942 32.0 208.9518132145179 32.0 1.141719015625616 26.918650206498214 
151.08 55.25 17.0 -1.0 0.8176959072274 111.49457122142594 1.9531206551487357 0.017971433343939622 154.08715140190571 32.0 154.427035628984 32.0 0.8176963698739808 111.52012228406403 
151.08 55.25 17.0 -1.0 15.177403456013216 26.448941456285027 5.7819749743951 0.012441761545804354 776.7364454334718 32.0 777.3046589436317 32.0 15.177405051266154 26.412660540962534 
151.08 55.25 17.0 -1.0 1.3658379002481085 0.0 4.9598614726678445 0.031795612839277794 230.678561546132 16.0 6.990827138676001 2.0 4.095394009103378 6.476667718856714 
151.08 55.25 17.0 -1.0 1.393673621923 83.12524457689581 1.320115897880391 0.04423737438508215 54.660393196600666 32.0 54.93122460779171 32.0 1.3936793645067762 83.18470101406592 
151.08 55.25 17.0 -1.0 1.2367878759 124.68786686534371 1.2159297680008168 0.011059343596270537 260.66814304525997 32.0 261.02541714245416 32.0 1.236791528450946 124.67585358799174 
151.08 55.25 17.0 -1.0 409.836066 45.814903776704945 0.04225349001833228 0.058061553880420315 0.9649646180544201 1.0 -1.0 -1.0 -1.0 -1.0 
151.08 55.25 17.0 -1.0 471.90567042843 11.09832998401399 0.8842898893257327 0.03732528463741307 2.792129409430815 1.0 -1.0 -1.0 -1.0 -1.0 
151.08 55.25 17.0 -1.0 346.5319964932129 21.623038418292428 0.3420214984281319 0.024883523091608708 3.7590686083741778 1.0 -1.0 -1.0 -1.0 -1.0 
151.08 55.25 17.0 -1.0 194.931774 41.562622288447905 0.14581976084928142 0.006912089747669085 5.890092422402017 1.0 -1.0 -1.0 -1.0 -1.0 
151.08 55.25 17.0 -1.0 1.141728981344834 26.885392635431646 1.8699378944626144 0.02073626924300726 208.51205742970942 32.0 208.9518132145179 32.0 1.141719015625616 26.918650206498214 
151.08 55.25 17.0 -1.0 0.8176959072274 111.49457122142594 1.9531206551487357 0.017971433343939622 154.08715140190571 32.0 154.427035628984 32.0 0.8176963698739808 111.52012228406403 
151.08 55.25 17.0 -1.0 15.177403456013216 26.448941456285027 5.7819749743951 0.012441761545804354 776.7364454334718 32.0 777.3046589436317 32.0 15.177405051266154 26.412660540962534 
151.08 55.25 17.0 -1.0 1.3658379002481085 0.0 4.9598614726678445 0.031795612839277794 230.678561546132 16.0 6.990827138676001 2.0 4.095394009103378 6.476667718856714 
151.08 55.25 17.0 -1.0 1.393673621923 83.12524457689581 1.320115897880391 0.04423737438508215 54.660393196600666 32.0 54.93122460779171 32.0 1.3936793645067762 83.18470101406592 
151.08 55.25 17.0 -1.0 1.2367878759 124.68786686534371 1.2159297680008168 0.011059343596270537 260.66814304525997 32.0 261.02541714245416 32.0 1.236791528450946 124.67585358799174 
151.93 54.47 17.0 -1.0 203.62145171363488 16.981014663676 0.4034229270117747 0.038707702586946884 5.330285286563497 1.0 -1.0 -1.0 -1.0 -1.0 
151.93 54.47 17.0 -1.0 0.005475772270464147 8.794404234146299 0.02974728571317075 0.01520659744487199 3.7717647851395384 1.0 -1.0 -1.0 -1.0 -1.0 
151.93 54.47 17.0 -1.0 174.96943316523354 61.05226747597755 0.09103238467041101 0.04423737438508215 -1.8557157152438686 1.0 -1.0 -1.0 -1.0 -1.0 
151.93 54.47 17.0 -1.0 55.20988044888131 110.87895549934241 0.13712407512803643 0.026265941041142528 3.8114683587219096 2.0 -1.0 -1.0 -1.0 -1.0 
151.93 54.47 17.0 -1.0 0.2587737194050002 0.0 0.2117544682851715 0.029030776940210157 1.766326139614196 16.0 -1.0 -1.0 -1.0 -1.0 
151.93 54.47 17.0 -1.0 34.56285133892 41.34238266912498 0.013845674943482282 0.005529671798135269 0.5337887175738608 4.0 -1.0 -1.0 -1.0 -1.0 
151.93 54.47 17.0 -1.0 1.2964005406 82.68476533824996 0.8005534602682379 0.013824179495338172 142.61447386759772 32.0 142.63641192588548 32.0 1.296393747907132 82.67871134853023 
151.93 54.47 17.0 -1.0 0.02444348491 124.02714800737495 0.12814768678715707 0.04423737438508215 1.1457544090434608 2.0 -1.0 -1.0 -1.0 -1.0 
151.93 54.47 17.0 -1.0 3.0153968411 58.76993971986624 8.286895058781683 0.012441761545804352 1620.4248601611862 32.0 1620.4345268907502 32.0 3.0153993672380848 58.79599913524611 
151.93 54.47 17.0 -1.0 5.3890932493 35.72339096522051 2.269005682628225 0.012441761545804356 296.5180846598449 32.0 296.5632065809405 32.0 5.38908958939525 35.72287038681906 
152.23 30.88 17.0 -1.0 3.684080806697 77.54087419372374 0.02275284475377996 0.012441761545804354 1.3798339058194604 32.0 -1.0 -1.0 -1.0 -1.0 
152.23 30.88 17.0 -1.0 0.390723195 0.0 0.05608863713741786 0.10091651031596865 1.876784213048002 2.0 -1.0 -1.0 -1.0 -1.0 
152.23 30.88 17.0 -1.0 0.5869443142906 81.28439493243631 0.09198062783746261 0.038707702586946884 0.18133421743926406 4.0 -1.0 -1.0 -1.0 -1.0 
152.23 30.88 17.0 -1.0 2.433914834963 121.92659239865446 0.3094204795719363 0.03456044873834543 12.201047624541088 16.0 12.309241092841251 16.0 2.4339290879045925 121.84231146099192 
152.23 30.88 17.0 -1.0 0.7868706767511885 55.25046406223656 1.7828923130187466 0.024883523091608708 124.0750171257968 16.0 149.07137750607174 32.0 0.7868644994838785 55.25407147649634 
152.23 30.88 17.0 -1.0 9.54161411582016 52.36051482746497 2.3979381866915896 0.07188573337575849 77.5534119118959 8.0 77.55341164611846 8.0 9.54156954927991 52.31933141638939 
152.23 30.88 17.0 -1.0 22.741951608983616 35.31347250590092 2.1995519987642878 0.017971433343939622 225.489588328449 16.0 225.85898975358617 16.0 22.74191501783207 35.31807865439052 
152.23 30.88 17.0 -1.0 2.812781 118.3172043248469 2.002304636540821 0.06359122567855559 71.3531120951608 8.0 72.11084170256093 8.0 2.8127639476830764 118.30038380224217 
152.23 30.88 17.0 -1.0 1.6245944281 39.739850447766266 5.6438460336099725 0.016589015394405805 830.109325639445 32.0 830.2811509263792 32.0 1.6246000692869227 39.77078771110451 
152.23 30.88 17.0 -1.0 0.09903719223305284 40.64219746621816 2.7973362576037264 0.038707702586946884 44.30516701004702 16.0 45.28635218035623 16.0 0.09901365653301279 44.93188229956846 
152.23 30.88 17.0 -1.0 3.684080806697 77.54087419372374 0.02275284475377996 0.012441761545804354 1.3798339058194604 32.0 -1.0 -1.0 -1.0 -1.0 
152.23 30.88 17.0 -1.0 0.390723195 0.0 0.05608863713741786 0.10091651031596865 1.876784213048002 2.0 -1.0 -1.0 -1.0 -1.0 
152.23 30.88 17.0 -1.0 0.5869443142906 81.28439493243631 0.09198062783746261 0.038707702586946884 0.18133421743926406 4.0 -1.0 -1.0 -1.0 -1.0 
152.23 30.88 17.0 -1.0 2.433914834963 121.92659239865446 0.3094204795719363 0.03456044873834543 12.201047624541088 16.0 12.309241092841251 16.0 2.4339290879045925 121.84231146099192 
152.23 30.88 17.0 -1.0 0.7868706767511885 55.25046406223656 1.7828923130187466 0.024883523091608708 124.0750171257968 16.0 149.07137750607174 32.0 0.7868644994838785 55.25407147649634 
152.23 30.88 17.0 -1.0 9.54161411582016 52.36051482746497 2.3979381866915896 0.07188573337575849 77.5534119118959 8.0 77.55341164611846 8.0 9.54156954927991 52.31933141638939 
152.23 30.88 17.0 -1.0 22.741951608983616 35.31347250590092 2.1995519987642878 0.017971433343939622 225.489588328449 16.0 225.85898975358617 16.0 22.74191501783207 35.31807865439052 
152.23 30.88 17.0 -1.0 2.812781 118.3172043248469 2.002304636540821 0.06359122567855559 71.3531120951608 8.0 72.11084170256093 8.0 2.8127639476830764 118.30038380224217 
152.23 30.88 17.0 -1.0 1.6245944281 39.739850447766266 5.6438460336099725 0.016589015394405805 830.109325639445 32.0 830.2811509263792 32.0 1.6246000692869227 39.77078771110451 
152.23 30.88 17.0 -1.0 0.09903719223305284 40.64219746621816 2.7973362576037264 0.038707702586946884 44.30516701004702 16.0 45.28635218035623 16.0 0.09901365653301279 44.93188229956846 
154.73 31.29 17.0 -1.0 1.437835 109.97025381531978 0.667547921863847 0.017971433343939622 129.72228315781211 32.0 130.9261533979809 32.0 1.4378201740328223 110.002153287457 
154.73 31.29 17.0 -1.0 1.2992 50.815326727631714 0.3150284925003535 0.019353851293473442 25.303707757286222 32.0 25.450453966617214 32.0 1.299213181482628 50.70016448667521 
154.73 31.29 17.0 -1.0 0.7196291211 110.07793875540659 0.011442102939077409 0.027648358990676344 25.48348276292295 2.0 -1.0 -1.0 -1.0 -1.0 
154.73 31.29 17.0 -1.0 0.05156974191896231 101.09222875482938 0.0626440298697035 0.017971433343939622 1.366274661328926 4.0 -1.0 -1.0 -1.0 -1.0 
154.73 31.29 17.0 -1.0 0.2836848442814687 0.0 0.3592158867031383 0.017971433343939622 5.5542266591985925 32.0 -1.0 -1.0 -1.0 -1.0 
154.73 31.29 17.0 -1.0 41.90529550804039 79.75864562429787 0.03528212672173411 0.015206597444871992 1.0873862090143485 1.0 -1.0 -1.0 -1.0 -1.0 
154.73 31.29 17.0 -1.0 1.355473 47.68049847177122 5.3662755257103925 0.11612310776084063 76.10105053940902 8.0 78.207467532475 16.0 1.3554502705422542 47.461830627246854 
154.73 31.29 17.0 -1.0 1.52812 39.616092958603396 2.2831574050845846 0.02350110514207489 217.69488845019046 32.0 218.10557108278334 32.0 1.5281329979188742 39.66958977799737 
154.73 31.29 17.0 -1.0 28.09535045670746 39.879322812148935 6.7217560736965405 0.05806155388042031 208.6176886342394 16.0 208.66037168391406 16.0 28.095322098427765 39.87198564421164 
154.73 31.29 17.0 -1.0 1.174999892192 119.6379684364468 5.377408846423297 0.019353851293473442 699.6638960844944 32.0 699.8747438704883 32.0 1.1750065217105052 119.61595693263494 
154.73 31.29 17.0 -1.0 1.437835 109.97025381531978 0.667547921863847 0.017971433343939622 129.72228315781211 32.0 130.9261533979809 32.0 1.4378201740328223 110.002153287457 
154.73 31.29 17.0 -1.0 1.2992 50.815326727631714 0.3150284925003535 0.019353851293473442 25.303707757286222 32.0 25.450453966617214 32.0 1.299213181482628 50.70016448667521 
154.73 31.29 17.0 -1.0 0.7196291211 110.07793875540659 0.011442102939077409 0.027648358990676344 25.48348276292295 2.0 -1.0 -1.0 -1.0 -1.0 
154.73 31.29 17.0 -1.0 0.05156974191896231 101.09222875482938 0.0626440298697035 0.017971433343939622 1.366274661328926 4.0 -1.0 -1.0 -1.0 -1.0 
154.73 31.29 17.0 -1.0 0.2836848442814687 0.0 0.3592158867031383 0.017971433343939622 5.5542266591985925 32.0 -1.0 -1.0 -1.0 -1.0 
154.73 31.29 17.0 -1.0 41.90529550804039 79.75864562429787 0.03528212672173411 0.015206597444871992 1.0873862090143485 1.0 -1.0 -1.0 -1.0 -1.0 
154.73 31.29 17.0 -1.0 1.355473 47.68049847177122 5.3662755257103925 0.11612310776084063 76.10105053940902 8.0 78.207467532475 16.0 1.3554502705422542 47.461830627246854 
154.73 31.29 17.0 -1.0 1.52812 39.616092958603396 2.2831574050845846 0.02350110514207489 217.69488845019046 32.0 218.10557108278334 32.0 1.5281329979188742 39.66958977799737 
154.73 31.29 17.0 -1.0 28.09535045670746 39.879322812148935 6.7217560736965405 0.05806155388042031 208.6176886342394 16.0 208.66037168391406 16.0 28.095322098427765 39.87198564421164 
154.73 31.29 17.0 -1.0 1.174999892192 119.6379684364468 5.377408846423297 0.019353851293473442 699.6638960844944 32.0 699.8747438704883 32.0 1.1750065217105052 119.61595693263494 
155.03 46.71 17.0 -1.0 134.16363857905 56.55130446797916 0.013440420033294037 0.022118687192541075 1.2133522784302677 1.0 -1.0 -1.0 -1.0 -1.0 
155.03 46.71 17.0 -1.0 232.30015221224 48.28138443706172 0.055972511917365894 0.019353851293473442 2.3112864921639593 1.0 -1.0 -1.0 -1.0 -1.0 
155.03 46.71 17.0 -1.0 9.93255637407 55.74360090810821 0.22942252941326938 0.013824179495338172 27.769255765507896 16.0 -1.0 -1.0 -1.0 -1.0 
155.03 46.71 17.0 -1.0 0.001235397512920972 1.0970302081829255 0.10153146672788578 0.02350110514207489 0.3796867496037809 1.0 -1.0 -1.0 -1.0 -1.0 
155.03 46.71 17.0 -1.0 0.844274 58.02204826356506 0.048715679756539225 0.211509946278674 0.5178500020856381 2.0 -1.0 -1.0 -1.0 -1.0 
155.03 46.71 17.0 -1.0 52.48836263120805 0.0 0.2245614136113066 0.2018330206319373 2.8118989987496392 1.0 -1.0 -1.0 -1.0 -1.0 
155.03 46.71 17.0 -1.0 0.09034047151333574 40.18023828432627 0.5137727631521563 0.013824179495338172 32.98741560081481 32.0 33.605859788567706 32.0 0.09034314037611088 41.08636084149728 
155.03 46.71 17.0 -1.0 2.343863635131 80.36047656865254 0.12017329822537279 0.031795612839277794 1.9061623114229753 1.0 -1.0 -1.0 -1.0 -1.0 
155.03 46.71 17.0 -1.0 4.348508628268855 120.54071485297881 0.3929700353651379 0.056679135930886505 7.353026367067695 8.0 7.383127305358751 8.0 4.3484760681167245 120.42554039749201 
155.03 46.71 17.0 -1.0 352.90623328676 51.4760328455065 2.789616829636374 0.016589015394405805 98.84800654256193 1.0 98.84800703937445 1.0 352.9062572245797 51.5097479515323 
155.03 46.71 17.0 -1.0 134.16363857905 56.55130446797916 0.013440420033294037 0.022118687192541075 1.2133522784302677 1.0 -1.0 -1.0 -1.0 -1.0 
155.03 46.71 17.0 -1.0 232.30015221224 48.28138443706172 0.055972511917365894 0.019353851293473442 2.3112864921639593 1.0 -1.0 -1.0 -1.0 -1.0 
155.03 46.71 17.0 -1.0 9.93255637407 55.74360090810821 0.22942252941326938 0.013824179495338172 27.769255765507896 16.0 -1.0 -1.0 -1.0 -1.0 
155.03 46.71 17.0 -1.0 0.001235397512920972 1.0970302081829255 0.10153146672788578 0.02350110514207489 0.3796867496037809 1.0 -1.0 -1.0 -1.0 -1.0 
155.03 46.71 17.0 -1.0 0.844274 58.02204826356506 0.048715679756539225 0.211509946278674 0.5178500020856381 2.0 -1.0 -1.0 -1.0 -1.0 
155.03 46.71 17.0 -1.0 52.48836263120805 0.0 0.2245614136113066 0.2018330206319373 2.8118989987496392 1.0 -1.0 -1.0 -1.0 -1.0 
155.03 46.71 17.0 -1.0 0.09034047151333574 40.18023828432627 0.5137727631521563 0.013824179495338172 32.98741560081481 32.0 33.605859788567706 32.0 0.09034314037611088 41.08636084149728 
155.03 46.71 17.0 -1.0 2.343863635131 80.36047656865254 0.12017329822537279 0.031795612839277794 1.9061623114229753 1.0 -1.0 -1.0 -1.0 -1.0 
155.03 46.71 17.0 -1.0 4.348508628268855 120.54071485297881 0.3929700353651379 0.056679135930886505 7.353026367067695 8.0 7.383127305358751 8.0 4.3484760681167245 120.42554039749201 
155.03 46.71 17.0 -1.0 352.90623328676 51.4760328455065 2.789616829636374 0.016589015394405805 98.84800654256193 1.0 98.84800703937445 1.0 352.9062572245797 51.5097479515323 
155.59 30.89 17.0 -1.0 44.28110883141765 80.8503173149908 0.012431096876126296 0.008294507697202903 2.682095817007849 1.0 -1.0 -1.0 -1.0 -1.0 
155.59 30.89 17.0 -1.0 96.27386412606894 70.40690380729397 0.011386903510263415 0.019353851293473442 1.4714517161304626 4.0 -1.0 -1.0 -1.0 -1.0 
155.59 30.89 17.0 -1.0 268.89004281934 71.54748139175233 0.17853574187293061 0.031795612839277794 2.831598181714983 1.0 -1.0 -1.0 -1.0 -1.0 
155.59 30.89 17.0 -1.0 3.18587333048 45.789437609401105 0.04635180028843615 0.1354769590543141 2.003652527145984 8.0 -1.0 -1.0 -1.0 -1.0 
155.59 30.89 17.0 -1.0 2.074993815898286 0.0 0.34273108462333635 0.03732528463741307 7.853209230878657 16.0 -1.0 -1.0 -1.0 -1.0 
155.59 30.89 17.0 -1.0 0.347045 79.19885602082714 0.2779997494079773 0.027648358990676348 5.9058794283191896 8.0 6.670605851412143 16.0 0.3470631781965494 79.74397128842328 
155.59 30.89 17.0 -1.0 0.61095100906 118.79828403124071 0.4878303620845995 0.04147253848601452 13.016195858925581 16.0 13.221945956808964 16.0 0.610937907670935 118.50277966845644 
155.59 30.89 17.0 -1.0 27.205948119641164 32.28072184347245 4.295990440860213 0.022118687192541075 335.8991425170854 16.0 335.9151281058946 16.0 27.205957546054076 32.282140661176435 
155.59 30.89 17.0 -1.0 283.76747691122 28.383748429906394 2.468534742529082 0.004147253848601451 153.9563329150928 1.0 153.95633095752908 1.0 283.7671975915631 28.335421269998122 
155.59 30.89 17.0 -1.0 2.895278 39.59942801041357 9.18536269531778 0.029030776940210157 807.2011284193193 32.0 808.1345413013311 32.0 2.8952854336239398 39.66958977799737 
156.25 62.33 17.0 -1.0 0.16193798815580446 11.08424176927454 0.03222929644301044 0.011059343596270536 0.883091153232994 1.0 -1.0 -1.0 -1.0 -1.0 
156.25 62.33 17.0 -1.0 133.41666610200812 74.22327474970905 0.5989323039447171 0.017971433343939622 20.616559964415114 1.0 20.616559893236673 1.0 133.41680945207676 74.17808496753081 
156.25 62.33 17.0 -1.0 213.12873 124.2208107393501 0.26142175999586154 0.022118687192541075 3.2418155074929462 1.0 -1.0 -1.0 -1.0 -1.0 
156.25 62.33 17.0 -1.0 316.8478768178 0.0 0.01455178574214077 0.01520659744487199 0.4425886163758843 1.0 -1.0 -1.0 -1.0 -1.0 
156.25 62.33 17.0 -1.0 0.8252288334107 24.26314340045923 1.873817422860385 0.05391430003181887 48.27714695434827 16.0 48.42035223963413 16.0 0.8252148594086369 24.48989981192695 
156.25 62.33 17.0 -1.0 2.4370797881984734 57.416123000572846 3.582246075336796 0.03732528463741307 223.58812033863634 16.0 223.71132017597233 16.0 2.4370820028707385 57.37922807174619 
156.25 62.33 17.0 -1.0 0.6979803561007 65.8571035155322 3.8305252179960187 0.02350110514207489 265.5581952057141 32.0 265.6703824956527 32.0 0.6979765506306043 65.87985445274563 
156.25 62.33 17.0 -1.0 2.217787 41.55655547468171 1.8725233532412369 0.016589015394405805 354.98204430023327 32.0 355.2944174774129 32.0 2.2177725137832267 41.59235050703296 
156.25 62.33 17.0 -1.0 283.4409431836 83.11311094936342 2.6505886516785058 0.02350110514207489 45.37095880702444 1.0 45.37095878911724 1.0 283.4412346904477 83.08350308095879 
156.25 62.33 17.0 -1.0 16.6976793 124.66966642404513 2.237870665512937 0.012441761545804354 167.62168772422274 16.0 168.23010143065284 16.0 16.697655761769663 124.57465565488461 
158.22 47.49 17.0 -1.0 5.53612 76.46800218286715 0.2557059148920302 0.008294507697202903 37.952521170435915 32.0 38.22358605361352 32.0 5.536124566181874 76.50563742899493 
158.22 47.49 17.0 -1.0 5.71081786086 45.087377490861094 0.028167284121295547 0.04285495643554833 1.8615017350376581 2.0 -1.0 -1.0 -1.0 -1.0 
158.22 47.49 17.0 -1.0 0.4626824858612 67.29849337808719 0.3690257789846955 0.009676925646736721 75.78587320185586 32.0 76.26564150971753 32.0 0.46269027128194773 67.29662551624554 
158.22 47.49 17.0 -1.0 0.785012 81.2309206164381 0.01472369463327504 0.056679135930886505 0.38737472075560164 1.0 -1.0 -1.0 -1.0 -1.0 
158.22 47.49 17.0 -1.0 2.440014 0.0 0.04187571122234412 0.03041319488974398 1.106759178364184 1.0 -1.0 -1.0 -1.0 -1.0 
158.22 47.49 17.0 -1.0 15.388095536606372 39.58804772840886 0.02523714389928635 0.022118687192541075 1.38205132911239 1.0 -1.0 -1.0 -1.0 -1.0 
158.22 47.49 17.0 -1.0 2.096436 79.17609545681772 0.14856523413221548 0.045619792334615966 3.948768166285085 8.0 -1.0 -1.0 -1.0 -1.0 
158.22 47.49 17.0 -1.0 2.610999103399925 118.76414318522657 0.7322956741270126 0.016589015394405805 104.49626970473831 32.0 105.15076906275904 32.0 2.6110077063397816 118.7051755346707 
158.22 47.49 17.0 -1.0 1.315582 11.022414729061932 1.7865912494267449 0.07326815132529231 31.375337716613704 8.0 31.536163971536066 8.0 1.3156144026046 11.435366441106387 
158.22 47.49 17.0 -1.0 0.20376925398119802 2.304254803273723 4.155869160574328 0.09400442056829957 9.366176735272022 8.0 -1.0 -1.0 -1.0 -1.0 
158.22 47.49 17.0 -1.0 5.53612 76.46800218286715 0.2557059148920302 0.008294507697202903 37.952521170435915 32.0 38.22358605361352 32.0 5.536124566181874 76.50563742899493 
158.22 47.49 17.0 -1.0 5.71081786086 45.087377490861094 0.028167284121295547 0.04285495643554833 1.8615017350376581 2.0 -1.0 -1.0 -1.0 -1.0 
158.22 47.49 17.0 -1.0 0.4626824858612 67.29849337808719 0.3690257789846955 0.009676925646736721 75.78587320185586 32.0 76.26564150971753 32.0 0.46269027128194773 67.29662551624554 
158.22 47.49 17.0 -1.0 0.785012 81.2309206164381 0.01472369463327504 0.056679135930886505 0.38737472075560164 1.0 -1.0 -1.0 -1.0 -1.0 
158.22 47.49 17.0 -1.0 2.440014 0.0 0.04187571122234412 0.03041319488974398 1.106759178364184 1.0 -1.0 -1.0 -1.0 -1.0 
158.22 47.49 17.0 -1.0 15.388095536606372 39.58804772840886 0.02523714389928635 0.022118687192541075 1.38205132911239 1.0 -1.0 -1.0 -1.0 -1.0 
158.22 47.49 17.0 -1.0 2.096436 79.17609545681772 0.14856523413221548 0.045619792334615966 3.948768166285085 8.0 -1.0 -1.0 -1.0 -1.0 
158.22 47.49 17.0 -1.0 2.610999103399925 118.76414318522657 0.7322956741270126 0.016589015394405805 104.49626970473831 32.0 105.15076906275904 32.0 2.6110077063397816 118.7051755346707 
158.22 47.49 17.0 -1.0 1.315582 11.022414729061932 1.7865912494267449 0.07326815132529231 31.375337716613704 8.0 31.536163971536066 8.0 1.3156144026046 11.435366441106387 
158.22 47.49 17.0 -1.0 0.20376925398119802 2.304254803273723 4.155869160574328 0.09400442056829957 9.366176735272022 8.0 -1.0 -1.0 -1.0 -1.0 
158.34 54.87 17.0 -1.0 5.79897187841 68.04729308303074 0.10917012570556796 0.03456044873834543 3.283762485235297 8.0 -1.0 -1.0 -1.0 -1.0 
158.34 54.87 17.0 -1.0 2.942371321691014 27.30821497550959 0.673570158688605 0.038707702586946884 36.47755282475462 16.0 36.47755373458038 16.0 2.9423972591757774 27.323441938926763 
158.34 54.87 17.0 -1.0 2.18701119405 60.50525403765138 0.03455841816429399 0.01520659744487199 3.2851661915467707 2.0 -1.0 -1.0 -1.0 -1.0 
158.34 54.87 17.0 -1.0 0.735327 61.07241537386391 0.022658727867683442 0.03732528463741307 0.8120485676181712 8.0 -1.0 -1.0 -1.0 -1.0 
158.34 54.87 17.0 -1.0 2.00743121914 0.0 0.06848312320992868 0.03041319488974398 1.5918691301091186 2.0 -1.0 -1.0 -1.0 -1.0 
158.34 54.87 17.0 -1.0 0.1397922816187968 40.22018582119905 0.14632432576827129 0.0483846282336836 0.3185751811118386 1.0 -1.0 -1.0 -1.0 -1.0 
158.34 54.87 17.0 -1.0 0.22265177397 80.4403716423981 0.7611813673294647 0.04147253848601452 11.388003779442 16.0 13.80174589918492 16.0 0.22264430299401286 81.56553408435174 
158.34 54.87 17.0 -1.0 0.001526207014931322 120.66055746359716 0.01624131023331397 0.06220880772902177 12.334757239102473 2.0 -1.0 -1.0 -1.0 -1.0 
158.34 54.87 17.0 -1.0 22.63768084505762 111.44116893452544 5.655555225142415 0.02903077694021016 248.5452554951267 8.0 248.58922607220683 8.0 22.637686925008893 111.4189243509569 
158.34 54.87 17.0 -1.0 1.4847663170749 63.8237512176183 2.2487190214671773 0.04285495643554833 116.3368055552059 32.0 116.74570245563012 32.0 1.4847501006443053 63.85589579060292 
158.34 54.87 17.0 -1.0 5.79897187841 68.04729308303074 0.10917012570556796 0.03456044873834543 3.283762485235297 8.0 -1.0 -1.0 -1.0 -1.0 
158.34 54.87 17.0 -1.0 2.942371321691014 27.30821497550959 0.673570158688605 0.038707702586946884 36.47755282475462 16.0 36.47755373458038 16.0 2.9423972591757774 27.323441938926763 
158.34 54.87 17.0 -1.0 2.18701119405 60.50525403765138 0.03455841816429399 0.01520659744487199 3.2851661915467707 2.0 -1.0 -1.0 -1.0 -1.0 
158.34 54.87 17.0 -1.0 0.735327 61.07241537386391 0.022658727867683442 0.03732528463741307 0.8120485676181712 8.0 -1.0 -1.0 -1.0 -1.0 
158.34 54.87 17.0 -1.0 2.00743121914 0.0 0.06848312320992868 0.03041319488974398 1.5918691301091186 2.0 -1.0 -1.0 -1.0 -1.0 
158.34 54.87 17.0 -1.0 0.1397922816187968 40.22018582119905 0.14632432576827129 0.0483846282336836 0.3185751811118386 1.0 -1.0 -1.0 -1.0 -1.0 
158.34 54.87 17.0 -1.0 0.22265177397 80.4403716423981 0.7611813673294647 0.04147253848601452 11.388003779442 16.0 13.80174589918492 16.0 0.22264430299401286 81.56553408435174 
158.34 54.87 17.0 -1.0 0.001526207014931322 120.66055746359716 0.01624131023331397 0.06220880772902177 12.334757239102473 2.0 -1.0 -1.0 -1.0 -1.0 
158.34 54.87 17.0 -1.0 22.63768084505762 111.44116893452544 5.655555225142415 0.02903077694021016 248.5452554951267 8.0 248.58922607220683 8.0 22.637686925008893 111.4189243509569 
158.34 54.87 17.0 -1.0 1.4847663170749 63.8237512176183 2.2487190214671773 0.04285495643554833 116.3368055552059 32.0 116.74570245563012 32.0 1.4847501006443053 63.85589579060292 
158.38 55.25 17.0 -1.0 0.571295 29.246218551118353 0.01889416191528595 0.06082638977948797 0.45702253361786 8.0 -1.0 -1.0 -1.0 -1.0 
158.38 55.25 17.0 -1.0 3.57477758544 48.02320857877692 0.5074234538283829 0.022118687192541075 24.35336818517478 32.0 25.32076659524017 32.0 3.574768925318495 47.96782029278254 
158.38 55.25 17.0 -1.0 2.56494355823 30.622795311988497 0.010111148295914613 0.03041319488974398 1.3055069140226245 8.0 -1.0 -1.0 -1.0 -1.0 
158.38 55.25 17.0 -1.0 1.04411277814 1.3282758218922455 0.06698577683562244 0.011059343596270537 0.4264652081143219 2.0 -1.0 -1.0 -1.0 -1.0 
158.38 55.25 17.0 -1.0 6.690724023 64.81986010834159 0.1669637776112178 0.030413194889743977 5.369846501754845 8.0 -1.0 -1.0 -1.0 -1.0 
158.38 55.25 17.0 -1.0 0.6792627751812214 40.24675740333504 0.24162302313928352 0.07879782312342758 -0.3403643435883806 1.0 -1.0 -1.0 -1.0 -1.0 
158.38 55.25 17.0 -1.0 1.441314243856 80.49351480667008 0.4864841630603799 0.009676925646736721 59.79508032611509 32.0 60.70916309394487 32.0 1.4413065703896186 80.45235682017324 
158.38 55.25 17.0 -1.0 238.0894677202 45.40288263922585 2.6967648836059555 0.016589015394405805 96.69608260549202 1.0 96.69608366315786 1.0 238.08970581740144 45.43787196510413 
158.38 55.25 17.0 -1.0 3.700188397774 0.0 3.191908292528214 0.052531882082285056 96.49847013413428 16.0 -1.0 -1.0 -1.0 -1.0 
158.38 55.25 17.0 -1.0 5.67670908763837 120.74027221000512 1.8177156760105657 0.012441761545804354 217.8383474728717 32.0 218.19620102687196 32.0 5.676732447075969 120.72913419681345 
158.38 55.25 17.0 -1.0 0.571295 29.246218551118353 0.01889416191528595 0.06082638977948797 0.45702253361786 8.0 -1.0 -1.0 -1.0 -1.0 
158.38 55.25 17.0 -1.0 3.57477758544 48.02320857877692 0.5074234538283829 0.022118687192541075 24.35336818517478 32.0 25.32076659524017 32.0 3.574768925318495 47.96782029278254 
158.38 55.25 17.0 -1.0 2.56494355823 30.622795311988497 0.010111148295914613 0.03041319488974398 1.3055069140226245 8.0 -1.0 -1.0 -1.0 -1.0 
158.38 55.25 17.0 -1.0 1.04411277814 1.3282758218922455 0.06698577683562244 0.011059343596270537 0.4264652081143219 2.0 -1.0 -1.0 -1.0 -1.0 
158.38 55.25 17.0 -1.0 6.690724023 64.81986010834159 0.1669637776112178 0.030413194889743977 5.369846501754845 8.0 -1.0 -1.0 -1.0 -1.0 
158.38 55.25 17.0 -1.0 0.6792627751812214 40.24675740333504 0.24162302313928352 0.07879782312342758 -0.3403643435883806 1.0 -1.0 -1.0 -1.0 -1.0 
158.38 55.25 17.0 -1.0 1.441314243856 80.49351480667008 0.4864841630603799 0.009676925646736721 59.79508032611509 32.0 60.70916309394487 32.0 1.4413065703896186 80.45235682017324 
158.38 55.25 17.0 -1.0 238.0894677202 45.40288263922585 2.6967648836059555 0.016589015394405805 96.69608260549202 1.0 96.69608366315786 1.0 238.08970581740144 45.43787196510413 
158.38 55.25 17.0 -1.0 3.700188397774 0.0 3.191908292528214 0.052531882082285056 96.49847013413428 16.0 -1.0 -1.0 -1.0 -1.0 
158.38 55.25 17.0 -1.0 5.67670908763837 120.74027221000512 1.8177156760105657 0.012441761545804354 217.8383474728717 32.0 218.19620102687196 32.0 5.676732447075969 120.72913419681345 
158.54 54.48 17.0 -1.0 3.6991898342 37.0202162589352 0.02269005682628223 0.045619792334615966 0.7824429909037066 1.0 -1.0 -1.0 -1.0 -1.0 
158.54 54.48 17.0 -1.0 244.490583045 39.827150976908484 0.07950419397606667 0.015206597444871989 2.3078229181478793 1.0 -1.0 -1.0 -1.0 -1.0 
158.54 54.48 17.0 -1.0 2.5326985081 53.29561885113222 0.293796626469405 0.026265941041142528 15.99654708569945 16.0 16.177958875916545 16.0 2.5327002125171325 53.43250868056789 
158.54 54.48 17.0 -1.0 329.657651 0.0 0.03174316050154982 0.058061553880420315 -inf 1.0 -1.0 -1.0 -1.0 -1.0 
158.54 54.48 17.0 -1.0 131.54081035554 80.30483618030004 0.01889416191528595 0.03456044873834543 0.52387096861328 1.0 -1.0 -1.0 -1.0 -1.0 
158.54 54.48 17.0 -1.0 1.32626 120.45725427045006 0.012456887461733006 0.019353851293473442 1.6179666766082006 2.0 -1.0 -1.0 -1.0 -1.0 
158.54 54.48 17.0 -1.0 1.6245944281 61.18635807976956 5.742168171692674 0.01382417949533817 989.5619404093666 32.0 989.734586498095 32.0 1.6246000692869227 61.224749529817366 
158.54 54.48 17.0 -1.0 0.027100867524605377 25.129896230438927 2.069815301182556 0.060826389779487955 1.6856318448905703 2.0 -1.0 -1.0 -1.0 -1.0 
158.54 54.48 17.0 -1.0 2.56344219948714 69.77581925537021 1.1762700810961417 0.035942866687879244 65.19377521010644 16.0 65.19377793544939 16.0 2.5634411334370575 69.72537591081682 
158.54 54.48 17.0 -1.0 1.64418162098 40.15241809015002 2.7838412414827753 0.03732528463741307 166.92816326680958 32.0 167.3581045393318 32.0 1.6441845218651 40.17557944353305 
158.57 30.89 17.0 -1.0 4.16400754519 25.051315135101714 0.16073875939650326 0.026265941041142528 3.092536636152807 2.0 -1.0 -1.0 -1.0 -1.0 
158.57 30.89 17.0 -1.0 2.38605248497 28.081529615894258 0.012534580706566299 0.017971433343939622 1.2784545183039238 8.0 -1.0 -1.0 -1.0 -1.0 
158.57 30.89 17.0 -1.0 0.918687 69.52144749635107 0.015517404523428098 0.013824179495338172 0.48388605887549146 1.0 -1.0 -1.0 -1.0 -1.0 
158.57 30.89 17.0 -1.0 1.180442 72.96802732564946 0.031242765918451706 0.03041319488974398 1.2874253116380772 4.0 -1.0 -1.0 -1.0 -1.0 
158.57 30.89 17.0 -1.0 10.120025887 77.09698369833242 0.24532339934557326 0.05529671798135269 3.9582404155108875 8.0 -1.0 -1.0 -1.0 -1.0 
158.57 30.89 17.0 -1.0 30.658762548944697 53.45668446650052 2.040003737485031 0.08570991287109667 40.1482701208548 4.0 40.148267561923056 4.0 30.658702598884705 53.43250868056789 
158.57 30.89 17.0 -1.0 95.83245304881702 72.35504500701585 4.003688181282217 0.016589015394405805 154.54873381863905 2.0 154.54873263624646 2.0 95.83212280025086 72.35652217160234 
158.57 30.89 17.0 -1.0 0.13915134067204027 0.0 6.431034332265737 0.02350110514207489 160.48352257377064 32.0 -1.0 -1.0 -1.0 -1.0 
158.57 30.89 17.0 -1.0 1.369610830521 38.54849184916621 1.7081391721641728 0.016589015394405805 248.61303376685456 32.0 248.69609592967004 32.0 1.3696080713998526 38.55641251381887 
158.57 30.89 17.0 -1.0 2.157619537033 115.64547554749863 1.8570640495981352 0.17556707959079482 67.14892128729518 2.0 67.6416516758433 4.0 2.157563964525859 115.46684167524235 
158.69 47.49 17.0 -1.0 5.782023226835916 14.553782884046965 0.4284135381009428 0.04423737438508215 13.561479126037012 8.0 13.590268116610787 8.0 5.781960984071096 14.77489823364188 
158.69 47.49 17.0 -1.0 1.372855822306 33.42988533902732 0.013797931399683 0.013824179495338172 1.222345133418432 32.0 -1.0 -1.0 -1.0 -1.0 
158.69 47.49 17.0 -1.0 1.333917875234 35.585124138780415 0.9046813752760459 0.016589015394405805 129.84012305936807 32.0 130.39192934757693 32.0 1.3339255626002948 35.62167245371192 
158.69 47.49 17.0 -1.0 0.1597207513593176 87.02664801860142 0.13580422808185835 0.016589015394405805 3.2620759170230893 32.0 -1.0 -1.0 -1.0 -1.0 
158.69 47.49 17.0 -1.0 0.00433171289403577 39.46929076690686 0.025730074524688853 0.08432749492156286 5.127013690282316 1.0 -1.0 -1.0 -1.0 -1.0 
158.69 47.49 17.0 -1.0 0.008630369933207007 78.93858153381372 0.7781962056190481 0.03317803078881161 -0.1989670935490572 2.0 -1.0 -1.0 -1.0 -1.0 
158.69 47.49 17.0 -1.0 0.941974122159 118.40787230072058 0.06881510365405732 0.06635606157762322 2.293193137051199 4.0 -1.0 -1.0 -1.0 -1.0 
158.69 47.49 17.0 -1.0 0.1441 53.2770294510393 1.3101219748257449 0.019353851293473442 54.435549162070316 32.0 54.71508532180734 32.0 0.14409427725089094 53.7361024798893 
158.69 47.49 17.0 -1.0 0.115088121 20.28529705481892 1.6162958285875357 0.04700221028414978 8.437908938455365 32.0 -1.0 -1.0 -1.0 -1.0 
158.69 47.49 17.0 -1.0 1.907817902338 0.0 7.502180669786825 0.013824179495338172 1062.7093547221893 32.0 9.450776857419322 2.0 24.799858996023737 4.857500789142536 
158.69 47.49 17.0 -1.0 5.782023226835916 14.553782884046965 0.4284135381009428 0.04423737438508215 13.561479126037012 8.0 13.590268116610787 8.0 5.781960984071096 14.77489823364188 
158.69 47.49 17.0 -1.0 1.372855822306 33.42988533902732 0.013797931399683 0.013824179495338172 1.222345133418432 32.0 -1.0 -1.0 -1.0 -1.0 
158.69 47.49 17.0 -1.0 1.333917875234 35.585124138780415 0.9046813752760459 0.016589015394405805 129.84012305936807 32.0 130.39192934757693 32.0 1.3339255626002948 35.62167245371192 
158.69 47.49 17.0 -1.0 0.1597207513593176 87.02664801860142 0.13580422808185835 0.016589015394405805 3.2620759170230893 32.0 -1.0 -1.0 -1.0 -1.0 
158.69 47.49 17.0 -1.0 0.00433171289403577 39.46929076690686 0.025730074524688853 0.08432749492156286 5.127013690282316 1.0 -1.0 -1.0 -1.0 -1.0 
158.69 47.49 17.0 -1.0 0.008630369933207007 78.93858153381372 0.7781962056190481 0.03317803078881161 -0.1989670935490572 2.0 -1.0 -1.0 -1.0 -1.0 
158.69 47.49 17.0 -1.0 0.941974122159 118.40787230072058 0.06881510365405732 0.06635606157762322 2.293193137051199 4.0 -1.0 -1.0 -1.0 -1.0 
158.69 47.49 17.0 -1.0 0.1441 53.2770294510393 1.3101219748257449 0.019353851293473442 54.435549162070316 32.0 54.71508532180734 32.0 0.14409427725089094 53.7361024798893 
158.69 47.49 17.0 -1.0 0.115088121 20.28529705481892 1.6162958285875357 0.04700221028414978 8.437908938455365 32.0 -1.0 -1.0 -1.0 -1.0 
158.69 47.49 17.0 -1.0 1.907817902338 0.0 7.502180669786825 0.013824179495338172 1062.7093547221893 32.0 9.450776857419322 2.0 24.799858996023737 4.857500789142536 
158.89 54.87 17.0 -1.0 9.89892959273002 115.76700359688387 0.016174128236432772 0.027648358990676344 0.036883413585220765 2.0 -1.0 -1.0 -1.0 -1.0 
158.89 54.87 17.0 -1.0 3.20848561308 85.19998798410431 0.016230093886464122 0.026265941041142528 0.7219070625039342 1.0 -1.0 -1.0 -1.0 -1.0 
158.89 54.87 17.0 -1.0 0.0014711164738485903 31.120809515177285 0.37338529977405854 0.055296717981352696 17.065726448233207 2.0 -1.0 -1.0 -1.0 -1.0 
158.89 54.87 17.0 -1.0 1.1895132775 79.81855593254367 0.9862781229004143 0.09538683851783337 13.08873044415572 8.0 13.278249479491842 8.0 1.1894978039587538 80.55355475328038 
158.89 54.87 17.0 -1.0 1.5181074830971655 0.0 0.06191261931146323 0.011059343596270537 2.7531156849245426 32.0 -1.0 -1.0 -1.0 -1.0 
158.89 54.87 17.0 -1.0 55.493896 40.12597992807965 0.10604801656836256 0.030413194889743984 1.6466612350222127 4.0 -1.0 -1.0 -1.0 -1.0 
158.89 54.87 17.0 -1.0 76.8624610039773 120.37793978423895 0.1880301197971938 0.027648358990676344 2.832016086138143 1.0 -1.0 -1.0 -1.0 -1.0 
158.89 54.87 17.0 -1.0 0.42457829519 27.978631068964027 3.946023033491918 0.02350110514207489 306.06482422969805 32.0 306.3237811450081 32.0 0.42458244327766204 28.13302540378385 
158.89 54.87 17.0 -1.0 0.003213163116512112 86.03067883770092 4.505732208812994 0.04147253848601452 21.40850479007777 4.0 -1.0 -1.0 -1.0 -1.0 
158.89 54.87 17.0 -1.0 4.388659964211572 80.2519598561593 1.2285955582939736 0.045619792334615966 73.29642584096447 16.0 73.29642294940273 16.0 4.388675733935088 80.24996095395896 
158.89 54.87 17.0 -1.0 9.89892959273002 115.76700359688387 0.016174128236432772 0.027648358990676344 0.036883413585220765 2.0 -1.0 -1.0 -1.0 -1.0 
158.89 54.87 17.0 -1.0 3.20848561308 85.19998798410431 0.016230093886464122 0.026265941041142528 0.7219070625039342 1.0 -1.0 -1.0 -1.0 -1.0 
158.89 54.87 17.0 -1.0 0.0014711164738485903 31.120809515177285 0.37338529977405854 0.055296717981352696 17.065726448233207 2.0 -1.0 -1.0 -1.0 -1.0 
158.89 54.87 17.0 -1.0 1.1895132775 79.81855593254367 0.9862781229004143 0.09538683851783337 13.08873044415572 8.0 13.278249479491842 8.0 1.1894978039587538 80.55355475328038 
158.89 54.87 17.0 -1.0 1.5181074830971655 0.0 0.06191261931146323 0.011059343596270537 2.7531156849245426 32.0 -1.0 -1.0 -1.0 -1.0 
158.89 54.87 17.0 -1.0 55.493896 40.12597992807965 0.10604801656836256 0.030413194889743984 1.6466612350222127 4.0 -1.0 -1.0 -1.0 -1.0 
158.89 54.87 17.0 -1.0 76.8624610039773 120.37793978423895 0.1880301197971938 0.027648358990676344 2.832016086138143 1.0 -1.0 -1.0 -1.0 -1.0 
158.89 54.87 17.0 -1.0 0.42457829519 27.978631068964027 3.946023033491918 0.02350110514207489 306.06482422969805 32.0 306.3237811450081 32.0 0.42458244327766204 28.13302540378385 
158.89 54.87 17.0 -1.0 0.003213163116512112 86.03067883770092 4.505732208812994 0.04147253848601452 21.40850479007777 4.0 -1.0 -1.0 -1.0 -1.0 
158.89 54.87 17.0 -1.0 4.388659964211572 80.2519598561593 1.2285955582939736 0.045619792334615966 73.29642584096447 16.0 73.29642294940273 16.0 4.388675733935088 80.24996095395896 
158.94 55.26 17.0 -1.0 3.256799 79.70071092597381 0.02836255000138714 0.017971433343939622 2.398707339685907 4.0 -1.0 -1.0 -1.0 -1.0 
158.94 55.26 17.0 -1.0 214.35478534113 54.93277536614882 0.20301622737534805 0.02626594104114253 3.725878514273345 1.0 -1.0 -1.0 -1.0 -1.0 
158.94 55.26 17.0 -1.0 3.0949330625564375 80.30304398919913 0.012448284660085037 0.011059343596270537 1.4202876469934247 8.0 -1.0 -1.0 -1.0 -1.0 
158.94 55.26 17.0 -1.0 0.787253 120.45456598379869 0.03154640648174145 0.013824179495338172 0.10176594393986088 1.0 -1.0 -1.0 -1.0 -1.0 
158.94 55.26 17.0 -1.0 0.7689965116578887 114.52760864166159 7.744420018433866 0.013824179495338172 1310.373093447918 32.0 1310.3786609489787 32.0 0.76900808683907 114.55606027727812 
158.94 55.26 17.0 -1.0 4.295902 41.356188121050195 1.665030304089738 0.03041319488974398 106.6940634500024 16.0 108.94974041255283 32.0 4.295907274354249 41.38995464081869 
158.94 55.26 17.0 -1.0 4.723508550816515 103.37240031072874 2.194998073532579 0.026265941041142524 190.53790829091736 32.0 190.69922857529684 32.0 4.7234910501477625 103.42428763549314 
158.94 55.26 17.0 -1.0 0.0439078343218375 9.420489108843942 3.2904229465847132 0.03456044873834543 2.5042727098059157 32.0 -1.0 -1.0 -1.0 -1.0 
158.94 55.26 17.0 -1.0 0.448916 0.0 4.619196703969387 0.017971433343939622 282.3241057454691 32.0 -1.0 -1.0 -1.0 -1.0 
158.94 55.26 17.0 -1.0 1.53598 40.15152199459956 7.890230833981745 0.02350110514207489 689.8635553063078 32.0 689.8812594067373 32.0 1.5359849688441805 40.17557944353305 
159.07 62.73 17.0 -1.0 4.9913070333725695 1.8790054361393802 0.328815056064285 0.06773847952715704 -0.6384157239311612 8.0 -1.0 -1.0 -1.0 -1.0 
159.07 62.73 17.0 -1.0 267.47267670678 4.524447300177718 0.04385955352736409 0.01797143334393962 1.7087768485349972 1.0 -1.0 -1.0 -1.0 -1.0 
159.07 62.73 17.0 -1.0 1.7493147466976 65.72810463127028 0.10886886377494363 0.01382417949533817 7.201961340758813 32.0 7.981017683288984 32.0 1.7493221093900504 65.7786565196385 
159.07 62.73 17.0 -1.0 1.75672140249 46.04799506328415 0.05270747206075626 0.03732528463741307 2.1557021626469433 1.0 -1.0 -1.0 -1.0 -1.0 
159.07 62.73 17.0 -1.0 65.44272043545732 61.698132445866094 0.029116985798791756 0.06082638977948796 1.6013563591772637 2.0 -1.0 -1.0 -1.0 -1.0 
159.07 62.73 17.0 -1.0 1.1260965560079352 0.0 0.37545462261036094 0.019353851293473442 13.827812869190936 32.0 -1.0 -1.0 -1.0 -1.0 
159.07 62.73 17.0 -1.0 2.08455138461773 41.202138938503644 0.15776832036995195 0.1755670795907948 3.7384121887399746 1.0 -1.0 -1.0 -1.0 -1.0 
159.07 62.73 17.0 -1.0 0.01800350828319109 82.40427787700729 0.038384723436228105 0.031795612839277794 1.5719003066512962 1.0 -1.0 -1.0 -1.0 -1.0 
159.07 62.73 17.0 -1.0 40.392666237447244 123.60641681551093 0.013375580247040744 0.024883523091608708 1.113443585389431 4.0 -1.0 -1.0 -1.0 -1.0 
159.07 62.73 17.0 -1.0 0.1323466 89.3640151174446 1.7010734737144504 0.019353851293473442 131.55989816641954 32.0 131.99305982256175 32.0 0.13236179559802017 89.96496253224404 
159.09 54.48 17.0 -1.0 0.025295671837212357 42.462861809768754 0.17816610368291114 0.013824179495338172 1.5526190095727062 4.0 -1.0 -1.0 -1.0 -1.0 
159.09 54.48 17.0 -1.0 0.07586509688910567 80.33449429280905 0.6749676032594978 0.027648358990676344 9.339508029191734 16.0 9.623104288337357 16.0 0.07585185812786222 83.6906906796016 
159.09 54.48 17.0 -1.0 0.99506614549 33.61693305460606 0.09160015100623796 0.05529671798135269 1.9004780099193663 2.0 -1.0 -1.0 -1.0 -1.0 
159.09 54.48 17.0 -1.0 0.735983147695 60.05856792058151 0.05310953723506967 0.04700221028414978 1.3998667657520927 16.0 -1.0 -1.0 -1.0 -1.0 
159.09 54.48 17.0 -1.0 0.01919987137799134 40.05907682195281 0.012560585988318855 0.019353851293473442 0.7707876267513527 2.0 -1.0 -1.0 -1.0 -1.0 
159.09 54.48 17.0 -1.0 4.922966616506894 80.11815364390561 0.0963381672181643 0.013824179495338172 5.703917872522704 32.0 -1.0 -1.0 -1.0 -1.0 
159.09 54.48 17.0 -1.0 406.076529 120.17723046585841 0.025115393908436364 0.035942866687879244 1.0983791733086623 1.0 -1.0 -1.0 -1.0 -1.0 
159.09 54.48 17.0 -1.0 0.002427666780676464 30.540088270201643 2.3683039741008303 0.12165277955897592 12.934978940065887 1.0 -1.0 -1.0 -1.0 -1.0 
159.09 54.48 17.0 -1.0 0.0015979803278525855 71.17607348923028 7.955913799684022 0.012441761545804354 77.38381397090821 8.0 -1.0 -1.0 -1.0 -1.0 
159.09 54.48 17.0 -1.0 0.015470195368834008 0.0 1.755999760938223 0.029030776940210157 5.689302953575946 16.0 -1.0 -1.0 -1.0 -1.0 
159.09 54.48 17.0 -1.0 0.025295671837212357 42.462861809768754 0.17816610368291114 0.013824179495338172 1.5526190095727062 4.0 -1.0 -1.0 -1.0 -1.0 
159.09 54.48 17.0 -1.0 0.07586509688910567 80.33449429280905 0.6749676032594978 0.027648358990676344 9.339508029191734 16.0 9.623104288337357 16.0 0.07585185812786222 83.6906906796016 
159.09 54.48 17.0 -1.0 0.99506614549 33.61693305460606 0.09160015100623796 0.05529671798135269 1.9004780099193663 2.0 -1.0 -1.0 -1.0 -1.0 
159.09 54.48 17.0 -1.0 0.735983147695 60.05856792058151 0.05310953723506967 0.04700221028414978 1.3998667657520927 16.0 -1.0 -1.0 -1.0 -1.0 
159.09 54.48 17.0 -1.0 0.01919987137799134 40.05907682195281 0.012560585988318855 0.019353851293473442 0.7707876267513527 2.0 -1.0 -1.0 -1.0 -1.0 
159.09 54.48 17.0 -1.0 4.922966616506894 80.11815364390561 0.0963381672181643 0.013824179495338172 5.703917872522704 32.0 -1.0 -1.0 -1.0 -1.0 
159.09 54.48 17.0 -1.0 406.076529 120.17723046585841 0.025115393908436364 0.035942866687879244 1.0983791733086623 1.0 -1.0 -1.0 -1.0 -1.0 
159.09 54.48 17.0 -1.0 0.002427666780676464 30.540088270201643 2.3683039741008303 0.12165277955897592 12.934978940065887 1.0 -1.0 -1.0 -1.0 -1.0 
159.09 54.48 17.0 -1.0 0.0015979803278525855 71.17607348923028 7.955913799684022 0.012441761545804354 77.38381397090821 8.0 -1.0 -1.0 -1.0 -1.0 
159.09 54.48 17.0 -1.0 0.015470195368834008 0.0 1.755999760938223 0.029030776940210157 5.689302953575946 16.0 -1.0 -1.0 -1.0 -1.0 
159.31 30.89 17.0 -1.0 1.15226 28.989345361437437 0.04600089448821759 0.01382417949533817 1.4877924293737315 1.0 -1.0 -1.0 -1.0 -1.0 
159.31 30.89 17.0 -1.0 3.616669443 104.13202472405447 0.0151467002813573 0.011059343596270537 0.9725901885497492 16.0 -1.0 -1.0 -1.0 -1.0 
159.31 30.89 17.0 -1.0 0.00409930360081153 104.47645258973492 0.028186750060971114 0.024883523091608708 3.4162009406228537 1.0 -1.0 -1.0 -1.0 -1.0 
159.31 30.89 17.0 -1.0 1.315582 5.820830929999517 0.40565872010823184 0.027648358990676344 17.4657635368974 32.0 18.243165977523294 32.0 1.3155840861145407 5.970678053321033 
159.31 30.89 17.0 -1.0 12.515752038663 43.684934297136415 0.02181392790138756 0.006912089747669085 -0.9922439648554888 32.0 -1.0 -1.0 -1.0 -1.0 
159.31 30.89 17.0 -1.0 0.661057 40.56212164830038 0.9495060794807578 0.013824179495338172 122.42498421154862 32.0 122.91984554770536 32.0 0.6610510657386234 40.5803711759616 
159.31 30.89 17.0 -1.0 28.880801639133683 0.0 0.14223789010228075 0.13962421290291552 2.497191283147263 1.0 -1.0 -1.0 -1.0 -1.0 
159.31 30.89 17.0 -1.0 346.020761 38.26593587709741 0.20698153011825549 0.017971433343939622 2.9189486459926623 1.0 -1.0 -1.0 -1.0 -1.0 
159.31 30.89 17.0 -1.0 1.07150635426 76.53187175419482 0.1665030304089737 0.04423737438508215 3.3591557421327294 16.0 -1.0 -1.0 -1.0 -1.0 
159.31 30.89 17.0 -1.0 2.906132 114.79780763129224 0.18468288179219555 0.027648358990676344 6.580796531446796 8.0 6.580797236905064 8.0 2.906138737065097 114.75845614349238 
159.69 62.33 17.0 -1.0 0.6527 12.631967048047658 0.2958333317686609 0.019353851293473442 16.413827469846165 32.0 16.429169793459465 32.0 0.6527140309723716 12.548543705284883 
159.69 62.33 17.0 -1.0 16.6976793 55.10787963651201 0.33477458107057345 0.017971433343939622 17.112349422625485 8.0 18.470007228128086 16.0 16.697655761769663 55.1528735433892 
159.69 62.33 17.0 -1.0 1.178 57.16396004296811 0.011689791918721566 0.15483081034778753 2.576487421090997 1.0 -1.0 -1.0 -1.0 -1.0 
159.69 62.33 17.0 -1.0 2.8212 123.10627535421885 0.08542660740342586 0.016589015394405805 2.7075002412061906 8.0 -1.0 -1.0 -1.0 -1.0 
159.69 62.33 17.0 -1.0 2.92909024976 107.40865548456898 2.4078984314370704 0.056679135930886505 57.391114146141234 16.0 58.75449422853256 16.0 2.9291186365298927 107.4722049597786 
159.69 62.33 17.0 -1.0 0.053255632400813185 66.79183356302002 2.3487515716213574 0.030413194889743977 18.89598918562191 32.0 19.896793027237937 32.0 0.0532660730338345 71.44574077363812 
159.69 62.33 17.0 -1.0 0.813613 90.46753788406842 2.9016582742063783 0.03456044873834543 188.00713736318284 16.0 199.15710246690594 32.0 0.8136036437160026 90.36975426467258 
159.69 62.33 17.0 -1.0 91.52813683115231 0.0 1.6230093886464123 0.009676925646736721 105.09009865990356 4.0 -1.0 -1.0 -1.0 -1.0 
159.69 62.33 17.0 -1.0 0.016049525047125916 41.03542511807295 1.1402647546324256 0.019353851293473442 1.3704007020638544 2.0 -1.0 -1.0 -1.0 -1.0 
159.69 62.33 17.0 -1.0 303.0909794113198 82.0708502361459 9.77460035646152 0.016589015394405805 199.1190308183271 1.0 199.66388287244868 1.0 303.0911708871524 82.07152374988742 
159.69 62.33 17.0 -1.0 0.6527 12.631967048047658 0.2958333317686609 0.019353851293473442 16.413827469846165 32.0 16.429169793459465 32.0 0.6527140309723716 12.548543705284883 
159.69 62.33 17.0 -1.0 16.6976793 55.10787963651201 0.33477458107057345 0.017971433343939622 17.112349422625485 8.0 18.470007228128086 16.0 16.697655761769663 55.1528735433892 
159.69 62.33 17.0 -1.0 1.178 57.16396004296811 0.011689791918721566 0.15483081034778753 2.576487421090997 1.0 -1.0 -1.0 -1.0 -1.0 
159.69 62.33 17.0 -1.0 2.8212 123.10627535421885 0.08542660740342586 0.016589015394405805 2.7075002412061906 8.0 -1.0 -1.0 -1.0 -1.0 
159.69 62.33 17.0 -1.0 2.92909024976 107.40865548456898 2.4078984314370704 0.056679135930886505 57.391114146141234 16.0 58.75449422853256 16.0 2.9291186365298927 107.4722049597786 
159.69 62.33 17.0 -1.0 0.053255632400813185 66.79183356302002 2.3487515716213574 0.030413194889743977 18.89598918562191 32.0 19.896793027237937 32.0 0.0532660730338345 71.44574077363812 
159.69 62.33 17.0 -1.0 0.813613 90.46753788406842 2.9016582742063783 0.03456044873834543 188.00713736318284 16.0 199.15710246690594 32.0 0.8136036437160026 90.36975426467258 
159.69 62.33 17.0 -1.0 91.52813683115231 0.0 1.6230093886464123 0.009676925646736721 105.09009865990356 4.0 -1.0 -1.0 -1.0 -1.0 
159.69 62.33 17.0 -1.0 0.016049525047125916 41.03542511807295 1.1402647546324256 0.019353851293473442 1.3704007020638544 2.0 -1.0 -1.0 -1.0 -1.0 
159.69 62.33 17.0 -1.0 303.0909794113198 82.0708502361459 9.77460035646152 0.016589015394405805 199.1190308183271 1.0 199.66388287244868 1.0 303.0911708871524 82.07152374988742 
159.89 31.71 17.0 -1.0 0.038784255769052374 71.00591716176298 0.04237041388009731 0.08018024107296139 2.3781713873267836 1.0 -1.0 -1.0 -1.0 -1.0 
159.89 31.71 17.0 -1.0 0.031684024185842756 33.8834853658204 0.22440633014402636 0.029030776940210157 -0.32273667953632407 2.0 -1.0 -1.0 -1.0 -1.0 
159.89 31.71 17.0 -1.0 204.55934656546313 21.851483662373575 0.17964926410289683 0.019353851293473442 4.268630235762369 1.0 -1.0 -1.0 -1.0 -1.0 
159.89 31.71 17.0 -1.0 0.006858663496666888 50.7739067144505 0.06043355297779757 0.026265941041142528 -0.7126010459270639 1.0 -1.0 -1.0 -1.0 -1.0 
159.89 31.71 17.0 -1.0 0.3768 74.13081618237382 0.0541842900429957 0.031795612839277794 0.7078134849110015 1.0 -1.0 -1.0 -1.0 -1.0 
159.89 31.71 17.0 -1.0 90.27494383297422 76.02400318026213 0.04293023603939046 0.009676925646736721 0.900899479924979 4.0 -1.0 -1.0 -1.0 -1.0 
159.89 31.71 17.0 -1.0 0.0112664142163657 114.03600477039319 0.2608805156199015 0.017971433343939622 -0.6580940869938285 8.0 -1.0 -1.0 -1.0 -1.0 
159.89 31.71 17.0 -1.0 0.38243974963539146 29.880421291972215 3.077151047387642 0.011059343596270537 376.2490895654872 32.0 377.35462466341903 32.0 0.3824425220955164 30.05578613281944 
159.89 31.71 17.0 -1.0 0.1695534857809868 0.0 1.1730240887216132 0.0483846282336836 4.592218649758723 16.0 -1.0 -1.0 -1.0 -1.0 
159.89 31.71 17.0 -1.0 0.003395332831576623 38.012001590131064 7.302748574690714 0.019353851293473442 65.0822294683241 8.0 -1.0 -1.0 -1.0 -1.0 
16.43 31.07 17.0 -1.0 388.6284256881 27.183952566668236 0.529264015246408 0.011059343596270537 18.94105859453821 1.0 -1.0 -1.0 -1.0 -1.0 
16.43 31.07 17.0 -1.0 1.63310459775 79.50639125823795 0.13712407512803643 0.016589015394405805 6.9281163034933595 32.0 7.70863087883508 32.0 1.6331190029935292 79.54157542220902 
16.43 31.07 17.0 -1.0 73.41018229354404 36.56641820172876 0.7491822145372189 0.06635606157762322 9.13005114607212 1.0 9.130051020250294 1.0 73.41053181638321 36.53245385167615 
16.43 31.07 17.0 -1.0 33.456059659443284 0.0 0.16297508346206444 0.012441761545804354 9.5872455753652 8.0 -1.0 -1.0 -1.0 -1.0 
16.43 31.07 17.0 -1.0 13.21720023548 49.40246123484473 0.01418453755649639 0.02350110514207489 1.879700337472669 1.0 -1.0 -1.0 -1.0 -1.0 
16.43 31.07 17.0 -1.0 2.18492568145 98.80492246968946 0.06277399637476767 0.02073626924300726 2.0230906570185416 4.0 -1.0 -1.0 -1.0 -1.0 
16.43 31.07 17.0 -1.0 320.9279655591592 109.68443238459376 1.8699378944626142 0.006912089747669086 161.85323286540995 1.0 161.85323004376204 1.0 320.92793844640255 109.69855948813559 
16.43 31.07 17.0 -1.0 3.972847087764 95.21794508630138 9.384199668361845 0.006912089747669086 2089.185785212272 32.0 2089.1977226733725 32.0 3.9728547562845056 95.22725505381513 
16.43 31.07 17.0 -1.0 3.5167566480955 136.868384951262 4.71918917252815 0.022118687192541075 396.10627368103223 32.0 396.95260623943113 32.0 3.516773479835441 136.92080349395522 
16.43 31.07 17.0 -1.0 0.011742157440430456 148.20738370453418 1.4125863376630825 0.024883523091608708 -0.1867498997892276 8.0 -1.0 -1.0 -1.0 -1.0 
16.43 31.07 17.0 -1.0 388.6284256881 27.183952566668236 0.529264015246408 0.011059343596270537 18.94105859453821 1.0 -1.0 -1.0 -1.0 -1.0 
16.43 31.07 17.0 -1.0 1.63310459775 79.50639125823795 0.13712407512803643 0.016589015394405805 6.9281163034933595 32.0 7.7086308788350815 32.0 1.6331190029935292 79.54157542220902 
16.43 31.07 17.0 -1.0 73.41018229354404 36.56641820172876 0.7491822145372189 0.06635606157762322 9.13005114607212 1.0 9.130051020250294 1.0 73.41053181638321 36.53245385167615 
16.43 31.07 17.0 -1.0 33.45605965944329 0.0 0.16297508346206444 0.012441761545804354 9.58724557536816 8.0 -1.0 -1.0 -1.0 -1.0 
16.43 31.07 17.0 -1.0 13.21720023548 49.40246123484473 0.01418453755649639 0.02350110514207489 1.879700337472669 1.0 -1.0 -1.0 -1.0 -1.0 
16.43 31.07 17.0 -1.0 2.18492568145 98.80492246968946 0.06277399637476767 0.02073626924300726 2.0230906570185416 4.0 -1.0 -1.0 -1.0 -1.0 
16.43 31.07 17.0 -1.0 320.92796555915925 109.68443238459376 1.8699378944626144 0.006912089747669086 161.853232864537 1.0 161.85323004376204 1.0 320.92793844640255 109.69855948813559 
16.43 31.07 17.0 -1.0 3.972847087764 95.21794508630138 9.384199668361846 0.006912089747669086 2089.1857852122725 32.0 2089.1977226733725 32.0 3.9728547562845056 95.22725505381513 
16.43 31.07 17.0 -1.0 3.5167566480955 136.868384951262 4.719189172528151 0.022118687192541075 396.10627368103223 32.0 396.95260623943113 32.0 3.516773479835441 136.92080349395522 
16.43 31.07 17.0 -1.0 0.011742157440430456 148.20738370453418 1.4125863376630825 0.024883523091608708 -0.1867498997892276 8.0 -1.0 -1.0 -1.0 -1.0 
16.87 31.48 17.0 -1.0 0.63414571572 105.42378233945225 0.8855125476097193 0.02350110514207489 59.20279608573576 32.0 -1.0 -1.0 -1.0 -1.0 
16.87 31.48 17.0 -1.0 0.64875579748 52.19693711469128 0.03798900911492681 0.012441761545804352 0.6951314886309395 32.0 -1.0 -1.0 -1.0 -1.0 
16.87 31.48 17.0 -1.0 0.0016963552480874539 64.30208895913356 0.36220621300188455 0.01520659744487199 6.330877951669912 2.0 -1.0 -1.0 -1.0 -1.0 
16.87 31.48 17.0 -1.0 1.79262658883 8.657198606382883 0.19666603994141163 0.03732528463741307 3.5203595967659753 8.0 -1.0 -1.0 -1.0 -1.0 
16.87 31.48 17.0 -1.0 0.58193 67.95900906010563 0.0375454622610361 0.06220880772902178 1.573467640379791 2.0 -1.0 -1.0 -1.0 -1.0 
16.87 31.48 17.0 -1.0 2.171539 9.045279923220736 0.044654474870503176 0.008294507697202903 2.5333302898542462 32.0 -1.0 -1.0 -1.0 -1.0 
16.87 31.48 17.0 -1.0 0.0021641836796287123 0.0 0.2875715210835206 0.03317803078881161 5.268309899983518 2.0 -1.0 -1.0 -1.0 -1.0 
16.87 31.48 17.0 -1.0 21.032900128894585 49.74903957771405 0.032655128354359776 0.03456044873834543 1.8120735498007219 8.0 -1.0 -1.0 -1.0 -1.0 
16.87 31.48 17.0 -1.0 0.1955133740591237 99.4980791554281 0.7237456368940276 0.012441761545804354 80.27718648286019 32.0 82.34776543830519 32.0 0.1955110443911205 99.88235997674337 
16.87 31.48 17.0 -1.0 1.750087931346 149.24711873314214 0.03644652826188609 0.0483846282336836 1.856237821980842 8.0 -1.0 -1.0 -1.0 -1.0 
160.06 30.89 17.0 -1.0 0.61523110201 45.32250343136313 0.6097875004346693 0.012441761545804354 69.28312375095734 32.0 69.49198480809505 32.0 0.6152428492593269 45.23547609888986 
160.06 30.89 17.0 -1.0 0.0648910608221188 82.36000309239661 0.32700278778082853 0.0815626590224952 0.4590698153792359 1.0 -1.0 -1.0 -1.0 -1.0 
160.06 30.89 17.0 -1.0 1.70718030852 44.3082457483379 0.027819187039232543 0.022118687192541075 1.5783980092424656 1.0 -1.0 -1.0 -1.0 -1.0 
160.06 30.89 17.0 -1.0 3.43707814666 99.28329139905345 0.1765731612749341 0.022118687192541075 7.6431731931843805 4.0 9.673591561058839 16.0 3.4371017439601323 99.37637031120771 
160.06 30.89 17.0 -1.0 26.95704408708913 54.769914883362134 0.0264875813916157 0.030413194889743984 1.0290903343738647 8.0 -1.0 -1.0 -1.0 -1.0 
160.06 30.89 17.0 -1.0 0.7225616 9.242280684645587 0.060642664901894246 0.01520659744487199 1.7127074315072646 1.0 -1.0 -1.0 -1.0 -1.0 
160.06 30.89 17.0 -1.0 164.06691364122477 37.98338042160757 0.014292740593793148 0.016589015394405805 0.3874647939928463 1.0 -1.0 -1.0 -1.0 -1.0 
160.06 30.89 17.0 -1.0 61.08356416143403 113.95014126482272 0.5535722578609739 0.012441761545804354 18.280224567583716 2.0 18.280225190018225 2.0 61.083604426433645 113.94887267863531 
160.06 30.89 17.0 -1.0 3.5852282245022074 0.0 2.1678718365393244 0.016589015394405805 211.69541669793819 32.0 -1.0 -1.0 -1.0 -1.0 
160.06 30.89 17.0 -1.0 3.63362703526 75.96676084321514 4.735518490918653 0.017971433343939622 634.123180266811 32.0 634.1325330191478 32.0 3.633643549013262 75.99964776345924 
160.06 30.89 17.0 -1.0 0.61523110201 45.32250343136313 0.6097875004346693 0.012441761545804354 69.28312375095734 32.0 69.49198480809505 32.0 0.6152428492593269 45.23547609888986 
160.06 30.89 17.0 -1.0 0.0648910608221188 82.36000309239661 0.32700278778082853 0.0815626590224952 0.4590698153792359 1.0 -1.0 -1.0 -1.0 -1.0 
160.06 30.89 17.0 -1.0 1.70718030852 44.3082457483379 0.027819187039232543 0.022118687192541075 1.5783980092424656 1.0 -1.0 -1.0 -1.0 -1.0 
160.06 30.89 17.0 -1.0 3.43707814666 99.28329139905345 0.1765731612749341 0.022118687192541075 7.6431731931843805 4.0 9.673591561058839 16.0 3.4371017439601323 99.37637031120771 
160.06 30.89 17.0 -1.0 26.95704408708913 54.769914883362134 0.0264875813916157 0.030413194889743984 1.0290903343738647 8.0 -1.0 -1.0 -1.0 -1.0 
160.06 30.89 17.0 -1.0 0.7225616 9.242280684645587 0.060642664901894246 0.01520659744487199 1.7127074315072646 1.0 -1.0 -1.0 -1.0 -1.0 
160.06 30.89 17.0 -1.0 164.06691364122477 37.98338042160757 0.014292740593793148 0.016589015394405805 0.3874647939928463 1.0 -1.0 -1.0 -1.0 -1.0 
160.06 30.89 17.0 -1.0 61.08356416143403 113.95014126482272 0.5535722578609739 0.012441761545804354 18.280224567583716 2.0 18.280225190018225 2.0 61.083604426433645 113.94887267863531 
160.06 30.89 17.0 -1.0 3.5852282245022074 0.0 2.1678718365393244 0.016589015394405805 211.69541669793819 32.0 -1.0 -1.0 -1.0 -1.0 
160.06 30.89 17.0 -1.0 3.63362703526 75.96676084321514 4.735518490918653 0.017971433343939622 634.123180266811 32.0 634.1325330191478 32.0 3.633643549013262 75.99964776345924 
160.06 30.89 17.0 -1.0 0.61523110201 45.32250343136313 0.6097875004346693 0.012441761545804354 69.28312375095734 32.0 69.49198480809505 32.0 0.6152428492593269 45.23547609888986 
160.06 30.89 17.0 -1.0 0.0648910608221188 82.36000309239661 0.32700278778082853 0.0815626590224952 0.4590698153792359 1.0 -1.0 -1.0 -1.0 -1.0 
160.06 30.89 17.0 -1.0 1.70718030852 44.3082457483379 0.027819187039232543 0.022118687192541075 1.5783980092424656 1.0 -1.0 -1.0 -1.0 -1.0 
160.06 30.89 17.0 -1.0 3.43707814666 99.28329139905345 0.1765731612749341 0.022118687192541075 7.6431731931843805 4.0 9.673591561058839 16.0 3.4371017439601323 99.37637031120771 
160.06 30.89 17.0 -1.0 26.95704408708913 54.769914883362134 0.0264875813916157 0.030413194889743984 1.0290903343738647 8.0 -1.0 -1.0 -1.0 -1.0 
160.06 30.89 17.0 -1.0 0.7225616 9.242280684645587 0.060642664901894246 0.01520659744487199 1.7127074315072646 1.0 -1.0 -1.0 -1.0 -1.0 
160.06 30.89 17.0 -1.0 164.06691364122477 37.98338042160757 0.014292740593793148 0.016589015394405805 0.3874647939928463 1.0 -1.0 -1.0 -1.0 -1.0 
160.06 30.89 17.0 -1.0 61.08356416143403 113.95014126482272 0.5535722578609739 0.012441761545804354 18.280224567583716 2.0 18.280225190018225 2.0 61.083604426433645 113.94887267863531 
160.06 30.89 17.0 -1.0 3.5852282245022074 0.0 2.1678718365393244 0.016589015394405805 211.69541669793819 32.0 -1.0 -1.0 -1.0 -1.0 
160.06 30.89 17.0 -1.0 3.63362703526 75.96676084321514 4.735518490918653 0.017971433343939622 634.123180266811 32.0 634.1325330191478 32.0 3.633643549013262 75.99964776345924 
160.21 22.91 17.0 -1.0 0.007314433103234454 30.769797646550856 0.2601605991840638 0.012441761545804354 -0.010629371029085975 8.0 -1.0 -1.0 -1.0 -1.0 
160.21 22.91 17.0 -1.0 0.19641392253007492 56.21405339273714 0.043768747250644106 0.02764835899067634 2.803307841738924 2.0 -1.0 -1.0 -1.0 -1.0 
160.21 22.91 17.0 -1.0 171.22104938954 47.92987710328114 0.08519086722719439 0.13409454110478025 3.1164807365836413 2.0 -1.0 -1.0 -1.0 -1.0 
160.21 22.91 17.0 -1.0 0.0019923688721590837 5.58079663197246 0.06453286970028832 0.009676925646736721 10.065348979253763 2.0 -1.0 -1.0 -1.0 -1.0 
160.21 22.91 17.0 -1.0 1.0462677939546157 0.0 0.08655531263517098 0.017971433343939622 1.5661366405835961 32.0 -1.0 -1.0 -1.0 -1.0 
160.21 22.91 17.0 -1.0 0.92794739509 38.671091838595025 0.7378818002748848 0.02350110514207489 66.64182329283013 32.0 67.40810077787103 32.0 0.9279574442189188 38.657610446926014 
160.21 22.91 17.0 -1.0 198.35548314683 77.34218367719005 0.16051682174438947 0.016589015394405805 3.3764186724640277 1.0 -1.0 -1.0 -1.0 -1.0 
160.21 22.91 17.0 -1.0 43.6748168488608 13.505295799617345 1.6018448970356192 0.08570991287109667 5021.879483071619 8.0 68.75126039211047 2.0 131.0259297800561 13.560523036356244 
160.21 22.91 17.0 -1.0 1.322763989 33.42676735283296 4.88167493501294 0.05391430003181887 157.0641381259839 16.0 162.7325787648408 32.0 1.3227690942585468 33.39531792535493 
160.21 22.91 17.0 -1.0 2.3427772328 116.01327551578507 6.377940568543315 0.011059343596270537 978.4023713330905 32.0 979.7145145536473 32.0 2.342767402296886 115.97283134077803 
160.21 22.91 17.0 -1.0 0.0073144331032344535 30.769797646550856 0.2601605991840638 0.012441761545804354 -0.010629371029085975 8.0 -1.0 -1.0 -1.0 -1.0 
160.21 22.91 17.0 -1.0 0.19641392253007492 56.21405339273714 0.043768747250644106 0.02764835899067634 2.803307841738924 2.0 -1.0 -1.0 -1.0 -1.0 
160.21 22.91 17.0 -1.0 171.22104938954 47.92987710328114 0.08519086722719438 0.13409454110478025 3.1164807365836413 2.0 -1.0 -1.0 -1.0 -1.0 
160.21 22.91 17.0 -1.0 0.0019923688721590837 5.58079663197246 0.06453286970028832 0.009676925646736721 10.065348979253763 2.0 -1.0 -1.0 -1.0 -1.0 
160.21 22.91 17.0 -1.0 1.0462677939546157 0.0 0.08655531263517097 0.017971433343939622 1.5661366405835961 32.0 -1.0 -1.0 -1.0 -1.0 
160.21 22.91 17.0 -1.0 0.92794739509 38.671091838595025 0.7378818002748848 0.02350110514207489 66.64182329283014 32.0 67.40810077787103 32.0 0.9279574442189188 38.657610446926014 
160.21 22.91 17.0 -1.0 198.35548314683 77.34218367719005 0.16051682174438947 0.016589015394405805 3.3764186724640277 1.0 -1.0 -1.0 -1.0 -1.0 
160.21 22.91 17.0 -1.0 43.67481684886079 13.505295799617345 1.6018448970356192 0.08570991287109667 5021.879483081241 8.0 68.75126039211047 2.0 131.0259297800561 13.560523036356244 
160.21 22.91 17.0 -1.0 1.322763989 33.42676735283296 4.881674935012939 0.05391430003181887 157.06413812598387 16.0 162.7325787648408 32.0 1.3227690942585468 33.39531792535493 
160.21 22.91 17.0 -1.0 2.3427772328 116.01327551578507 6.377940568543314 0.011059343596270537 978.4023713330904 32.0 979.7145145536473 32.0 2.342767402296886 115.97283134077803 
160.43 30.89 17.0 -1.0 0.230354542767 42.463085773544385 0.08022143549387194 0.019353851293473442 0.791716092732365 1.0 -1.0 -1.0 -1.0 -1.0 
160.43 30.89 17.0 -1.0 2.812781 83.29122920714482 0.014846263408505684 0.011059343596270537 1.1250610241613197 1.0 -1.0 -1.0 -1.0 -1.0 
160.43 30.89 17.0 -1.0 132.19605265172896 0.0 0.03482203802462814 0.013824179495338172 -0.05599927805564748 2.0 -1.0 -1.0 -1.0 -1.0 
160.43 30.89 17.0 -1.0 0.2158 37.84210290995279 0.07712385312240151 0.011059343596270537 0.4153001434526167 32.0 -1.0 -1.0 -1.0 -1.0 
160.43 30.89 17.0 -1.0 1.0319424125036423 75.68420581990559 0.6199822243527843 0.012441761545804354 113.46601434132258 32.0 113.56292450956263 32.0 1.0319430051216236 75.69605396413785 
160.43 30.89 17.0 -1.0 3.255405118685032 27.15820886906903 9.794879553846656 0.016589015394405805 1358.6003998237425 32.0 1358.7930133464108 32.0 3.2554150190359605 27.12104607271249 
160.43 30.89 17.0 -1.0 0.0031984309168074355 54.407247868134945 3.109204337711029 0.016589015394405805 45.70561492801564 8.0 -1.0 -1.0 -1.0 -1.0 
160.43 30.89 17.0 -1.0 1.3226001615907352 19.77826080682201 1.371240751280365 0.016589015394405805 168.251190864036 32.0 168.87289013218182 32.0 1.3225871953181922 19.834794888998687 
160.43 30.89 17.0 -1.0 6.985276348019 31.608885238916464 8.849010073010126 0.012441761545804354 1395.3859737518408 32.0 1395.4882731236223 32.0 6.985283107496799 31.573755129426477 
160.43 30.89 17.0 -1.0 0.0065506065119920924 113.52630872985837 1.9289835889677507 0.035942866687879244 2.6178541006779534 4.0 -1.0 -1.0 -1.0 -1.0 
160.43 30.89 17.0 -1.0 0.230354542767 42.463085773544385 0.08022143549387194 0.019353851293473442 0.791716092732365 1.0 -1.0 -1.0 -1.0 -1.0 
160.43 30.89 17.0 -1.0 2.812781 83.29122920714482 0.014846263408505684 0.011059343596270537 1.1250610241613197 1.0 -1.0 -1.0 -1.0 -1.0 
160.43 30.89 17.0 -1.0 132.19605265172896 0.0 0.03482203802462814 0.013824179495338172 -0.05599927805564748 2.0 -1.0 -1.0 -1.0 -1.0 
160.43 30.89 17.0 -1.0 0.2158 37.84210290995279 0.07712385312240151 0.011059343596270537 0.4153001434526167 32.0 -1.0 -1.0 -1.0 -1.0 
160.43 30.89 17.0 -1.0 1.0319424125036423 75.68420581990559 0.6199822243527843 0.012441761545804354 113.46601434132253 32.0 113.56292450956263 32.0 1.0319430051216236 75.69605396413785 
160.43 30.89 17.0 -1.0 3.255405118685032 27.15820886906903 9.794879553846654 0.016589015394405805 1358.6003998237425 32.0 1358.7930133464108 32.0 3.2554150190359605 27.12104607271249 
160.43 30.89 17.0 -1.0 0.0031984309168074355 54.407247868134945 3.109204337711029 0.016589015394405805 45.70561492801564 8.0 -1.0 -1.0 -1.0 -1.0 
160.43 30.89 17.0 -1.0 1.3226001615907352 19.77826080682201 1.371240751280365 0.016589015394405805 168.251190864036 32.0 168.87289013218182 32.0 1.3225871953181922 19.834794888998687 
160.43 30.89 17.0 -1.0 6.985276348019 31.608885238916464 8.849010073010126 0.012441761545804354 1395.3859737518408 32.0 1395.4882731236223 32.0 6.985283107496799 31.573755129426477 
160.43 30.89 17.0 -1.0 0.0065506065119920924 113.52630872985837 1.928983588967751 0.035942866687879244 2.6178541006779534 4.0 -1.0 -1.0 -1.0 -1.0 
160.46 62.73 17.0 -1.0 0.72282 42.71711439571995 0.2978841562514005 0.04700221028414978 3.7846221476431334 16.0 -1.0 -1.0 -1.0 -1.0 
160.46 62.73 17.0 -1.0 16.52 114.1953628573568 0.6991726935839042 0.02350110514207489 30.22991102397897 4.0 30.30167855823847 16.0 16.520001130023353 114.15126854484957 
160.46 62.73 17.0 -1.0 1.90458362581 103.19302915819989 0.061147490446628726 0.016589015394405805 2.5476049177812636 4.0 -1.0 -1.0 -1.0 -1.0 
160.46 62.73 17.0 -1.0 0.66313 27.087400975217406 0.15178124883237432 0.011059343596270537 9.904446281204827 16.0 10.121218716198237 16.0 0.6631429035527011 26.513858474069675 
160.46 62.73 17.0 -1.0 267.03957629533625 62.149647853179424 0.061699128249171856 0.017971433343939622 2.3451251117546894 1.0 -1.0 -1.0 -1.0 -1.0 
160.46 62.73 17.0 -1.0 0.027730786351235853 0.0 0.020870456725491437 0.017971433343939622 0.49808156044878527 1.0 -1.0 -1.0 -1.0 -1.0 
160.46 62.73 17.0 -1.0 333.415576 82.03753516619683 0.048047209186097194 0.013824179495338172 0.5869288058063161 1.0 -1.0 -1.0 -1.0 -1.0 
160.46 62.73 17.0 -1.0 60.524717788002484 123.05630274929526 0.8396386259381492 0.008294507697202903 34.88175162183435 2.0 34.881752683491605 2.0 60.52481088166436 122.95548872517043 
160.46 62.73 17.0 -1.0 370.06440231756943 62.469626238166086 7.787340040212339 0.026265941041142524 133.27619887856108 1.0 133.27619575689522 1.0 370.06393540650606 62.43912472710301 
160.46 62.73 17.0 -1.0 0.02393848373238359 41.018767583098416 5.3219722690162135 0.038707702586946884 12.78519188522707 32.0 -1.0 -1.0 -1.0 -1.0 
160.55 63.13 17.0 -1.0 1.847453268395 68.56132471812282 0.018366499978528433 0.017971433343939622 1.7502871708987024 8.0 -1.0 -1.0 -1.0 -1.0 
160.55 63.13 17.0 -1.0 3.75729497728 104.13036298674075 0.8000005932179063 0.18524400523753148 14.24139395527646 2.0 14.268778933845008 2.0 3.7573045119643216 104.23387110035024 
160.55 63.13 17.0 -1.0 0.636937235603391 79.97793804108304 0.040847089421268766 0.08294507697202903 0.21235696189304293 1.0 -1.0 -1.0 -1.0 -1.0 
160.55 63.13 17.0 -1.0 0.0663993557449571 33.423799912035776 0.012167700767580156 0.009676925646736721 3.2629186318340495 8.0 -1.0 -1.0 -1.0 -1.0 
160.55 63.13 17.0 -1.0 2.27127 41.092410589013376 0.04891802863108921 0.019353851293473442 1.4056482894067281 1.0 -1.0 -1.0 -1.0 -1.0 
160.55 63.13 17.0 -1.0 3.464969947246 62.96397866129352 8.972124462202657 0.022118687192541075 1003.5043578955995 32.0 1003.6342112471731 32.0 3.464962598324443 62.945114392638686 
160.55 63.13 17.0 -1.0 1.09547088700836 30.85937704899504 7.728386067089815 0.016589015394405805 867.7781840940737 32.0 867.844482697902 32.0 1.095456051795433 31.067765463890797 
160.55 63.13 17.0 -1.0 68.20614899521203 0.0 3.3454338372480157 0.026265941041142528 139.88519571998518 4.0 -1.0 -1.0 -1.0 -1.0 
160.55 63.13 17.0 -1.0 1.045 82.18482117802675 1.8303167436074295 0.016589015394405805 274.31270931267824 32.0 274.69160646673305 32.0 1.0450094123370945 82.17272168299456 
160.55 63.13 17.0 -1.0 2.4500513636 123.27723176704012 7.113530673419467 0.06773847952715704 224.99020798532118 16.0 226.2572717239087 32.0 2.4500271441259733 123.25908252449184 
160.55 63.13 17.0 -1.0 1.847453268395 68.56132471812282 0.018366499978528433 0.017971433343939622 1.7502871708987024 8.0 -1.0 -1.0 -1.0 -1.0 
160.55 63.13 17.0 -1.0 3.75729497728 104.13036298674075 0.8000005932179063 0.18524400523753148 14.24139395527646 2.0 14.268778933845008 2.0 3.7573045119643216 104.23387110035024 
160.55 63.13 17.0 -1.0 0.636937235603391 79.97793804108304 0.040847089421268766 0.08294507697202903 0.21235696189304293 1.0 -1.0 -1.0 -1.0 -1.0 
160.55 63.13 17.0 -1.0 0.0663993557449571 33.423799912035776 0.012167700767580156 0.009676925646736721 3.2629186318340495 8.0 -1.0 -1.0 -1.0 -1.0 
160.55 63.13 17.0 -1.0 2.27127 41.092410589013376 0.04891802863108921 0.019353851293473442 1.4056482894067281 1.0 -1.0 -1.0 -1.0 -1.0 
160.55 63.13 17.0 -1.0 3.464969947246 62.96397866129352 8.972124462202657 0.022118687192541075 1003.5043578955995 32.0 1003.6342112471731 32.0 3.464962598324443 62.945114392638686 
160.55 63.13 17.0 -1.0 1.09547088700836 30.85937704899504 7.728386067089815 0.016589015394405805 867.7781840940737 32.0 867.844482697902 32.0 1.095456051795433 31.067765463890797 
160.55 63.13 17.0 -1.0 68.20614899521203 0.0 3.3454338372480157 0.026265941041142528 139.88519571998518 4.0 -1.0 -1.0 -1.0 -1.0 
160.55 63.13 17.0 -1.0 1.045 82.18482117802675 1.8303167436074295 0.016589015394405805 274.31270931267824 32.0 274.69160646673305 32.0 1.0450094123370945 82.17272168299456 
160.55 63.13 17.0 -1.0 2.4500513636 123.27723176704012 7.113530673419467 0.06773847952715704 224.99020798532118 16.0 226.2572717239087 32.0 2.4500271441259733 123.25908252449184 
160.83 23.34 17.0 -1.0 1.656287 51.62247014073293 0.03336201899022505 0.017971433343939622 1.247189325872805 16.0 -1.0 -1.0 -1.0 -1.0 
160.83 23.34 17.0 -1.0 0.0014984085831870923 102.94507785437492 0.013855243458219334 0.016589015394405805 11.853795612858736 2.0 -1.0 -1.0 -1.0 -1.0 
160.83 23.34 17.0 -1.0 346.5319964932129 33.8267884099128 0.30750259483062836 0.14377146675151697 0.3205342709327117 1.0 -1.0 -1.0 -1.0 -1.0 
160.83 23.34 17.0 -1.0 2.132696 0.0 0.6914869341461481 0.03317803078881161 21.81675562950737 16.0 -1.0 -1.0 -1.0 -1.0 
160.83 23.34 17.0 -1.0 3.6703897382 38.44005651900421 0.09274632919026742 0.016589015394405805 3.4429090892444365 32.0 -1.0 -1.0 -1.0 -1.0 
160.83 23.34 17.0 -1.0 0.733411 115.32016955701263 0.04502620522961262 0.0483846282336836 1.7179962226006917 4.0 -1.0 -1.0 -1.0 -1.0 
160.83 23.34 17.0 -1.0 0.10041202239739296 80.98592165509979 2.0315652849980985 0.006912089747669085 154.14469066651313 32.0 155.0664296560983 32.0 0.10040821507573129 81.05954441881606 
160.83 23.34 17.0 -1.0 9.6393948581 20.136915296184025 5.878640843281208 0.013824179495338172 875.0592107857817 32.0 875.0666867807638 32.0 9.639400862700617 20.138388688320095 
160.83 23.34 17.0 -1.0 0.059192803223618355 16.999892982001864 1.3421862373170177 0.011059343596270537 34.950552257026544 32.0 -1.0 -1.0 -1.0 -1.0 
160.83 23.34 17.0 -1.0 0.21931656164357372 76.88011303800842 1.915703235890768 0.18524400523753148 1.8303397385566111 4.0 -1.0 -1.0 -1.0 -1.0 
160.91 22.91 17.0 -1.0 0.79351598457 32.53343476180498 0.049770235643321115 0.013824179495338172 1.265397166984576 32.0 -1.0 -1.0 -1.0 -1.0 
160.91 22.91 17.0 -1.0 3.0040252844 79.41713900867866 0.07917532577300838 0.012441761545804354 5.198324570601418 8.0 -1.0 -1.0 -1.0 -1.0 
160.91 22.91 17.0 -1.0 0.14636632765216182 14.835153892448334 0.04101675476545251 0.022118687192541075 1.4958981840795438 1.0 -1.0 -1.0 -1.0 -1.0 
160.91 22.91 17.0 -1.0 337.837838 77.4891462460025 0.021440411841405254 0.023501105142074895 0.918091520092017 1.0 -1.0 -1.0 -1.0 -1.0 
160.91 22.91 17.0 -1.0 0.856971 105.57780727349417 0.08327066811661994 0.022118687192541075 0.8472547880536435 16.0 -1.0 -1.0 -1.0 -1.0 
160.91 22.91 17.0 -1.0 0.21237375227076602 18.425607480426102 0.10160163342901272 0.01520659744487199 0.5953323723010308 2.0 -1.0 -1.0 -1.0 -1.0 
160.91 22.91 17.0 -1.0 45.93935295323366 0.0 0.2952208421004564 0.0483846282336836 6.44534909840636 8.0 -1.0 -1.0 -1.0 -1.0 
160.91 22.91 17.0 -1.0 0.23932694474989316 38.47904118562669 0.015283345177132387 0.027648358990676344 0.06580877977493957 1.0 -1.0 -1.0 -1.0 -1.0 
160.91 22.91 17.0 -1.0 106.51627405458521 76.95808237125338 1.8152058921173786 0.02626594104114253 57.60986317804214 2.0 57.74955604797471 2.0 106.5161389609178 76.91042916142347 
160.91 22.91 17.0 -1.0 0.6936019125996 115.43712355688007 8.044342425811864 0.06773847952715704 245.92698362708592 16.0 246.34539583867607 32.0 0.6935806595720351 115.36564374213522 
160.91 22.91 17.0 -1.0 0.79351598457 32.53343476180498 0.049770235643321115 0.013824179495338172 1.265397166984576 32.0 -1.0 -1.0 -1.0 -1.0 
160.91 22.91 17.0 -1.0 3.0040252844 79.41713900867866 0.07917532577300838 0.012441761545804354 5.198324570601418 8.0 -1.0 -1.0 -1.0 -1.0 
160.91 22.91 17.0 -1.0 0.14636632765216182 14.835153892448334 0.04101675476545251 0.022118687192541075 1.4958981840795438 1.0 -1.0 -1.0 -1.0 -1.0 
160.91 22.91 17.0 -1.0 337.837838 77.4891462460025 0.021440411841405254 0.023501105142074895 0.918091520092017 1.0 -1.0 -1.0 -1.0 -1.0 
160.91 22.91 17.0 -1.0 0.856971 105.57780727349417 0.08327066811661994 0.022118687192541075 0.8472547880536435 16.0 -1.0 -1.0 -1.0 -1.0 
160.91 22.91 17.0 -1.0 0.21237375227076602 18.425607480426102 0.10160163342901272 0.01520659744487199 0.5953323723010308 2.0 -1.0 -1.0 -1.0 -1.0 
160.91 22.91 17.0 -1.0 45.93935295323366 0.0 0.2952208421004564 0.0483846282336836 6.44534909840636 8.0 -1.0 -1.0 -1.0 -1.0 
160.91 22.91 17.0 -1.0 0.23932694474989316 38.47904118562669 0.015283345177132387 0.027648358990676344 0.06580877977493957 1.0 -1.0 -1.0 -1.0 -1.0 
160.91 22.91 17.0 -1.0 106.51627405458521 76.95808237125338 1.8152058921173786 0.02626594104114253 57.60986317804214 2.0 57.74955604797471 2.0 106.5161389609178 76.91042916142347 
160.91 22.91 17.0 -1.0 0.6936019125996 115.43712355688007 8.044342425811864 0.06773847952715704 245.92698362708592 16.0 246.34539583867607 32.0 0.6935806595720351 115.36564374213522 
160.97 70.86 17.0 -1.0 2.2830307699481 0.0 9.488503448527934 0.026265941041142528 841.8617605137664 32.0 -1.0 -1.0 -1.0 -1.0 
160.97 70.86 17.0 -1.0 6.2435670953068 128.8168219391079 1.5199110829529348 0.012441761545804354 221.81550609376683 16.0 223.20927875349014 16.0 6.243559861710916 128.7237709122772 
160.97 70.86 17.0 -1.0 2.2830307699481 0.0 9.488503448527934 0.026265941041142528 841.8617605137664 32.0 -1.0 -1.0 -1.0 -1.0 
160.97 70.86 17.0 -1.0 6.2435670953068 128.8168219391079 1.5199110829529348 0.012441761545804354 221.81550609376683 16.0 223.20927875349014 16.0 6.243559861710916 128.7237709122772 
161.02 31.71 17.0 -1.0 0.0293029783828695 85.11489832154724 0.9134737454235405 0.04700221028414978 0.6315152246753684 8.0 -1.0 -1.0 -1.0 -1.0 
161.02 31.71 17.0 -1.0 163.132137 80.96954594167306 0.46769959808447054 0.03732528463741307 7.293510727287348 1.0 -1.0 -1.0 -1.0 -1.0 
161.02 31.71 17.0 -1.0 0.0046408404588484465 26.787086846034853 0.020812863367917687 0.18524400523753148 3.334668244202579 1.0 -1.0 -1.0 -1.0 -1.0 
161.02 31.71 17.0 -1.0 1.857117736985 60.95245034646535 0.05159068058447316 0.009676925646736721 1.1629790169060468 32.0 -1.0 -1.0 -1.0 -1.0 
161.02 31.71 17.0 -1.0 2.3230739673 50.76930210894831 0.296651961793641 0.038707702586946884 8.260883925946922 8.0 8.349438512291535 8.0 2.323092000248532 50.598966553568076 
161.02 31.71 17.0 -1.0 6.3386357877000306 37.5447268535888 0.1181155919254742 0.01520659744487199 5.940009811040379 16.0 -1.0 -1.0 -1.0 -1.0 
161.02 31.71 17.0 -1.0 1.161741 75.0894537071776 0.03261004027141294 0.013824179495338172 0.8562391137711742 2.0 -1.0 -1.0 -1.0 -1.0 
161.02 31.71 17.0 -1.0 0.742167900236 112.6341805607664 0.029339097114568342 0.05944397182995413 1.3598636517319014 8.0 -1.0 -1.0 -1.0 -1.0 
161.02 31.71 17.0 -1.0 0.10659359079457086 25.840865107150528 8.396386259381492 0.013824179495338172 676.243236811202 32.0 685.3616054521164 32.0 0.1065927790477872 28.031827470676713 
161.02 31.71 17.0 -1.0 21.422324384511 0.0 5.773991598417732 0.06773847952715704 195.8348418797425 8.0 -1.0 -1.0 -1.0 -1.0 
161.02 31.71 17.0 -1.0 0.0293029783828695 85.11489832154724 0.9134737454235405 0.04700221028414978 0.6315152246753684 8.0 -1.0 -1.0 -1.0 -1.0 
161.02 31.71 17.0 -1.0 163.132137 80.96954594167306 0.46769959808447054 0.03732528463741307 7.293510727287348 1.0 -1.0 -1.0 -1.0 -1.0 
161.02 31.71 17.0 -1.0 0.0046408404588484465 26.787086846034853 0.020812863367917687 0.18524400523753148 3.334668244202579 1.0 -1.0 -1.0 -1.0 -1.0 
161.02 31.71 17.0 -1.0 1.857117736985 60.95245034646535 0.051590680584473164 0.009676925646736721 1.162979016906056 32.0 -1.0 -1.0 -1.0 -1.0 
161.02 31.71 17.0 -1.0 2.3230739673 50.76930210894831 0.296651961793641 0.038707702586946884 8.260883925946922 8.0 8.349438512291535 8.0 2.323092000248532 50.598966553568076 
161.02 31.71 17.0 -1.0 6.3386357877000306 37.5447268535888 0.1181155919254742 0.01520659744487199 5.940009811040379 16.0 -1.0 -1.0 -1.0 -1.0 
161.02 31.71 17.0 -1.0 1.161741 75.0894537071776 0.03261004027141294 0.013824179495338172 0.8562391137711742 2.0 -1.0 -1.0 -1.0 -1.0 
161.02 31.71 17.0 -1.0 0.742167900236 112.6341805607664 0.029339097114568342 0.05944397182995413 1.3598636517319014 8.0 -1.0 -1.0 -1.0 -1.0 
161.02 31.71 17.0 -1.0 0.10659359079457086 25.840865107150528 8.396386259381492 0.013824179495338172 676.243236811202 32.0 685.3616054521164 32.0 0.1065927790477872 28.031827470676713 
161.02 31.71 17.0 -1.0 21.422324384511 0.0 5.773991598417732 0.06773847952715704 195.8348418797425 8.0 -1.0 -1.0 -1.0 -1.0 
161.07 62.33 17.0 -1.0 1.776861748854 4.437242582330247 0.5604990198616275 0.21150994627867403 1.4775803563354648 1.0 -1.0 -1.0 -1.0 -1.0 
161.07 62.33 17.0 -1.0 0.72915 49.177395691461186 0.015635774988006865 0.045619792334615966 1.0720315359118986 2.0 -1.0 -1.0 -1.0 -1.0 
161.07 62.33 17.0 -1.0 185.74090746385718 82.79992719237794 0.5134179485817345 0.09538683851783337 6.372209545441842 1.0 -1.0 -1.0 -1.0 -1.0 
161.07 62.33 17.0 -1.0 0.8158057495 98.08512470664816 0.014421681552054734 0.012441761545804354 1.7532755778659777 4.0 -1.0 -1.0 -1.0 -1.0 
161.07 62.33 17.0 -1.0 0.07798602896817859 66.82830541122792 0.056282714802122984 0.031795612839277794 2.0363524309728542 2.0 -1.0 -1.0 -1.0 -1.0 
161.07 62.33 17.0 -1.0 0.6253360202400374 0.0 0.4199158969458747 0.006912089747669086 18.491548677472395 32.0 -1.0 -1.0 -1.0 -1.0 
161.07 62.33 17.0 -1.0 0.003227963173773754 81.70900291108681 0.03429679403524682 0.009676925646736721 5.985804169534876 1.0 -1.0 -1.0 -1.0 -1.0 
161.07 62.33 17.0 -1.0 1.540049 73.27579048942047 1.1992449291625817 0.02626594104114253 80.81007127609628 32.0 80.81827943921566 32.0 1.5400473785120996 73.16610563645945 
161.07 62.33 17.0 -1.0 0.494858 40.85450145554341 2.4012536820103056 0.045619792334615966 71.9284702819542 16.0 75.57462271820964 32.0 0.4948560672346503 40.883964975283 
161.07 62.33 17.0 -1.0 1.79128805247 122.56350436663021 4.152999092254841 0.009676925646736721 883.367547769138 32.0 883.4272637475357 32.0 1.7912801316318414 122.55069699274186 
161.16 62.73 17.0 -1.0 0.02850604555160601 93.76511857097053 0.019477308940258127 0.027648358990676344 1.151509992425345 1.0 -1.0 -1.0 -1.0 -1.0 
161.16 62.73 17.0 -1.0 327.405572743031 36.5801844189263 0.2779997494079773 0.06635606157762322 2.7829370145308423 1.0 -1.0 -1.0 -1.0 -1.0 
161.16 62.73 17.0 -1.0 7.43980984068 121.55328820508608 0.018544999360231632 0.016589015394405805 1.6198393102205348 16.0 -1.0 -1.0 -1.0 -1.0 
161.16 62.73 17.0 -1.0 0.25247957713 21.304672697830522 0.03384955434907257 0.04700221028414978 3.025768828805864 1.0 -1.0 -1.0 -1.0 -1.0 
161.16 62.73 17.0 -1.0 0.008434326718533782 0.0 0.07157897557357115 0.038707702586946884 -0.6755153880333842 8.0 -1.0 -1.0 -1.0 -1.0 
161.16 62.73 17.0 -1.0 204.55934656546316 81.85414882059843 0.5437177829394906 0.029030776940210157 12.831102414778746 1.0 12.83110271968738 1.0 204.55918274819854 81.86912788367314 
161.16 62.73 17.0 -1.0 0.2415367360554291 122.78122323089764 0.14194340253526444 0.03732528463741307 2.9832969039523496 16.0 -1.0 -1.0 -1.0 -1.0 
161.16 62.73 17.0 -1.0 6.8125205463 10.314654216817082 8.745692016830853 0.04700221028414978 457.10032612056773 16.0 460.6012373701324 32.0 6.812509430650001 10.322189176927887 
161.16 62.73 17.0 -1.0 147.6106345057623 31.49653341206645 1.1803402058496175 0.01520659744487199 55.95254801918452 2.0 55.952548775058084 2.0 147.6107475658258 31.472557196319343 
161.16 62.73 17.0 -1.0 0.8092202865133 40.92707441029921 8.830689192089936 0.008294507697202903 1812.8592221726753 32.0 1812.9976204460543 32.0 0.8092077526574334 40.985162908390144 
161.16 62.73 17.0 -1.0 0.02850604555160601 93.76511857097053 0.019477308940258127 0.027648358990676344 1.151509992425345 1.0 -1.0 -1.0 -1.0 -1.0 
161.16 62.73 17.0 -1.0 327.405572743031 36.5801844189263 0.2779997494079773 0.06635606157762322 2.7829370145308423 1.0 -1.0 -1.0 -1.0 -1.0 
161.16 62.73 17.0 -1.0 7.43980984068 121.55328820508608 0.018544999360231632 0.016589015394405805 1.6198393102205348 16.0 -1.0 -1.0 -1.0 -1.0 
161.16 62.73 17.0 -1.0 0.25247957713 21.304672697830522 0.03384955434907257 0.04700221028414978 3.025768828805864 1.0 -1.0 -1.0 -1.0 -1.0 
161.16 62.73 17.0 -1.0 0.008434326718533782 0.0 0.07157897557357115 0.038707702586946884 -0.6755153880333842 8.0 -1.0 -1.0 -1.0 -1.0 
161.16 62.73 17.0 -1.0 204.55934656546316 81.85414882059843 0.5437177829394906 0.029030776940210157 12.831102414778746 1.0 12.83110271968738 1.0 204.55918274819854 81.86912788367314 
161.16 62.73 17.0 -1.0 0.2415367360554291 122.78122323089764 0.14194340253526444 0.03732528463741307 2.9832969039523496 16.0 -1.0 -1.0 -1.0 -1.0 
161.16 62.73 17.0 -1.0 6.8125205463 10.314654216817082 8.745692016830853 0.04700221028414978 457.10032612056773 16.0 460.6012373701324 32.0 6.812509430650001 10.322189176927887 
161.16 62.73 17.0 -1.0 147.6106345057623 31.49653341206645 1.1803402058496175 0.01520659744487199 55.95254801918452 2.0 55.952548775058084 2.0 147.6107475658258 31.472557196319343 
161.16 62.73 17.0 -1.0 0.8092202865133 40.92707441029921 8.830689192089936 0.008294507697202903 1812.8592221726753 32.0 1812.9976204460543 32.0 0.8092077526574334 40.985162908390144 
161.18 30.89 17.0 -1.0 0.0427137033272487 88.2843290264818 0.22409648444023578 0.016589015394405805 0.6134067093685981 32.0 -1.0 -1.0 -1.0 -1.0 
161.18 30.89 17.0 -1.0 0.4834468551828811 13.717350778703256 0.01704602661965841 0.024883523091608708 0.9605755282422481 2.0 -1.0 -1.0 -1.0 -1.0 
161.18 30.89 17.0 -1.0 13.59246800276662 83.37401298418736 0.06556644971410935 0.031795612839277794 1.51103164093577 2.0 -1.0 -1.0 -1.0 -1.0 
161.18 30.89 17.0 -1.0 0.757935555728 9.69674796425575 0.49770235643321115 0.017971433343939622 58.11467744887197 32.0 -1.0 -1.0 -1.0 -1.0 
161.18 30.89 17.0 -1.0 1.44665164324 37.53688846093428 0.6670869092409146 0.008294507697202903 143.16058345242377 32.0 143.53424447704683 32.0 1.4466422726400197 37.54443318274752 
161.18 30.89 17.0 -1.0 4.348508628268855 75.07377692186856 0.14018923681492565 0.03317803078881161 3.1385425614477014 2.0 -1.0 -1.0 -1.0 -1.0 
161.18 30.89 17.0 -1.0 1.3407916532 67.19024199157933 5.123549744161896 0.04423737438508215 248.60654529052374 16.0 255.2165512356678 32.0 1.34080740584371 67.09422965003128 
161.18 30.89 17.0 -1.0 0.8071007157385 90.12006644596343 1.1300699081019756 0.015206597444871989 153.24337388712632 32.0 153.54140997839062 32.0 0.8071159148433557 90.16735839845832 
161.18 30.89 17.0 -1.0 0.45750849207501276 0.0 1.8946445842009891 0.11474068981130682 2.2022356851739873 8.0 -1.0 -1.0 -1.0 -1.0 
161.18 30.89 17.0 -1.0 0.26205 112.61066538280284 3.886502540210162 0.08709233082063048 55.15404509573436 8.0 56.02152177503903 16.0 0.26205574007083976 112.5321016151354 
161.18 30.89 17.0 -1.0 0.0427137033272487 88.2843290264818 0.22409648444023578 0.016589015394405805 0.6134067093685981 32.0 -1.0 -1.0 -1.0 -1.0 
161.18 30.89 17.0 -1.0 0.4834468551828811 13.717350778703256 0.01704602661965841 0.024883523091608708 0.9605755282422481 2.0 -1.0 -1.0 -1.0 -1.0 
161.18 30.89 17.0 -1.0 13.59246800276662 83.37401298418736 0.06556644971410935 0.031795612839277794 1.51103164093577 2.0 -1.0 -1.0 -1.0 -1.0 
161.18 30.89 17.0 -1.0 0.757935555728 9.69674796425575 0.49770235643321115 0.017971433343939622 58.11467744887197 32.0 -1.0 -1.0 -1.0 -1.0 
161.18 30.89 17.0 -1.0 1.44665164324 37.53688846093428 0.6670869092409146 0.008294507697202903 143.16058345242377 32.0 143.53424447704683 32.0 1.4466422726400197 37.54443318274752 
161.18 30.89 17.0 -1.0 4.348508628268855 75.07377692186856 0.14018923681492565 0.03317803078881161 3.1385425614477014 2.0 -1.0 -1.0 -1.0 -1.0 
161.18 30.89 17.0 -1.0 1.3407916532 67.19024199157933 5.123549744161896 0.04423737438508215 248.60654529052374 16.0 255.2165512356678 32.0 1.34080740584371 67.09422965003128 
161.18 30.89 17.0 -1.0 0.8071007157385 90.12006644596343 1.1300699081019756 0.015206597444871989 153.24337388712632 32.0 153.54140997839062 32.0 0.8071159148433557 90.16735839845832 
161.18 30.89 17.0 -1.0 0.45750849207501276 0.0 1.8946445842009891 0.11474068981130682 2.2022356851739873 8.0 -1.0 -1.0 -1.0 -1.0 
161.18 30.89 17.0 -1.0 0.26205 112.61066538280284 3.886502540210162 0.08709233082063048 55.15404509573436 8.0 56.02152177503903 16.0 0.26205574007083976 112.5321016151354 
161.37 70.45 17.0 -1.0 0.01902421400374928 42.780224797551796 1.899887444882103 0.06635606157762322 0.8093765569237603 1.0 -1.0 -1.0 -1.0 -1.0 
161.37 70.45 17.0 -1.0 0.01902421400374928 42.780224797551796 1.899887444882103 0.06635606157762322 0.8093765569237603 1.0 -1.0 -1.0 -1.0 -1.0 
161.56 46.72 17.0 -1.0 151.04162126667057 41.19800107353792 0.05109410981587429 0.012441761545804354 1.5847993070867867 2.0 -1.0 -1.0 -1.0 -1.0 
161.56 46.72 17.0 -1.0 28.354764879225186 57.69343031598149 0.30814056524267586 0.05529671798135269 2.0217820912296562 8.0 -1.0 -1.0 -1.0 -1.0 
161.56 46.72 17.0 -1.0 1.27779447585 59.17720750714999 0.018202289300418884 0.01520659744487199 2.1610260988519228 1.0 -1.0 -1.0 -1.0 -1.0 
161.56 46.72 17.0 -1.0 0.9676410537094526 100.68819283195 0.025080716201722194 0.029030776940210157 -0.29902559381604094 16.0 -1.0 -1.0 -1.0 -1.0 
161.56 46.72 17.0 -1.0 1.4836229043932194 0.0 0.4298959328112831 0.013824179495338172 48.379671092430854 32.0 -1.0 -1.0 -1.0 -1.0 
161.56 46.72 17.0 -1.0 2.574101117947 38.63616701691105 0.7128288994718621 0.0884747487701643 6.64348983375213 8.0 6.782415192438971 8.0 2.57411253793786 38.55641251381887 
161.56 46.72 17.0 -1.0 301.376187797791 70.1896163478537 2.585480425615838 0.06635606157762322 38.933026369595055 1.0 38.93302588837657 1.0 301.37598514556885 70.23136557635247 
161.56 46.72 17.0 -1.0 2.74097 1.9474575634086577 7.879336515072576 0.019353851293473442 997.5652723266097 32.0 838.3370032515207 32.0 1.3704872496115665 2.023958662142723 
161.56 46.72 17.0 -1.0 11.83432 77.2723340338221 3.338507492441885 0.01520659744487199 357.6375368762809 32.0 357.70491846804816 32.0 11.834314742979284 77.31522089385203 
161.56 46.72 17.0 -1.0 236.517386031723 115.90850105073315 3.841125047758769 0.10921101801317155 47.52110280780747 1.0 47.52110377666051 1.0 236.5171288450559 115.8716334076709 
161.56 46.72 17.0 -1.0 151.04162126667057 41.19800107353792 0.05109410981587429 0.012441761545804354 1.5847993070867867 2.0 -1.0 -1.0 -1.0 -1.0 
161.56 46.72 17.0 -1.0 28.354764879225186 57.69343031598149 0.30814056524267586 0.05529671798135269 2.0217820912296562 8.0 -1.0 -1.0 -1.0 -1.0 
161.56 46.72 17.0 -1.0 1.27779447585 59.17720750714999 0.018202289300418884 0.01520659744487199 2.1610260988519228 1.0 -1.0 -1.0 -1.0 -1.0 
161.56 46.72 17.0 -1.0 0.9676410537094526 100.68819283195 0.025080716201722194 0.029030776940210157 -0.29902559381604094 16.0 -1.0 -1.0 -1.0 -1.0 
161.56 46.72 17.0 -1.0 1.4836229043932194 0.0 0.4298959328112831 0.013824179495338172 48.379671092430854 32.0 -1.0 -1.0 -1.0 -1.0 
161.56 46.72 17.0 -1.0 2.574101117947 38.63616701691105 0.7128288994718621 0.0884747487701643 6.64348983375213 8.0 6.782415192438971 8.0 2.57411253793786 38.55641251381887 
161.56 46.72 17.0 -1.0 301.376187797791 70.1896163478537 2.585480425615838 0.06635606157762322 38.933026369595055 1.0 38.93302588837657 1.0 301.37598514556885 70.23136557635247 
161.56 46.72 17.0 -1.0 2.74097 1.9474575634086577 7.879336515072576 0.019353851293473442 997.5652723266097 32.0 838.3370032515207 32.0 1.3704872496115665 2.023958662142723 
161.56 46.72 17.0 -1.0 11.83432 77.2723340338221 3.338507492441885 0.01520659744487199 357.6375368762809 32.0 357.70491846804816 32.0 11.834314742979284 77.31522089385203 
161.56 46.72 17.0 -1.0 236.517386031723 115.90850105073315 3.841125047758769 0.10921101801317155 47.52110280780747 1.0 47.52110377666051 1.0 236.5171288450559 115.8716334076709 
161.86 62.73 17.0 -1.0 0.003227963173773754 25.006001501188845 0.40565872010823184 0.024883523091608708 3.1934583415264566 1.0 -1.0 -1.0 -1.0 -1.0 
161.86 62.73 17.0 -1.0 3.65 69.95799538059202 0.016569978014778386 0.012441761545804354 0.3777503363131636 8.0 -1.0 -1.0 -1.0 -1.0 
161.86 62.73 17.0 -1.0 445.49383 0.0 0.24822155042462998 0.07326815132529231 1.1349166094537928 1.0 -1.0 -1.0 -1.0 -1.0 
161.86 62.73 17.0 -1.0 182.35781074910537 81.67075257566137 0.05112942010191996 0.03732528463741307 1.4436813380144393 1.0 -1.0 -1.0 -1.0 -1.0 
161.86 62.73 17.0 -1.0 0.0016808354926268862 92.12157044950462 5.159068058447316 0.03732528463741307 51.21789766542545 4.0 -1.0 -1.0 -1.0 -1.0 
161.86 62.73 17.0 -1.0 2.3427772328 15.866130300852305 1.4774641499094883 0.013824179495338172 222.87293560430723 32.0 225.5626553781826 32.0 2.342767402296886 15.888075497820378 
161.86 62.73 17.0 -1.0 0.009077853991937558 103.09921736036459 6.759008432993412 0.06635606157762322 13.678018091515309 1.0 -1.0 -1.0 -1.0 -1.0 
161.86 62.73 17.0 -1.0 0.200979268178206 81.41346397618808 7.2926654131761595 0.05529671798135269 125.04894081234326 8.0 -1.0 -1.0 -1.0 -1.0 
161.86 62.73 17.0 -1.0 9.93255637407 40.835376287830684 1.6433178481118873 0.04285495643554833 73.31629626474806 16.0 74.28125876899612 16.0 9.932531005082032 40.78276704217587 
161.86 62.73 17.0 -1.0 40.766408 122.50612886349205 9.442728648786396 0.016589015394405805 394.593967123023 8.0 394.59396460053233 8.0 40.766341650548085 122.44949905963473 
162.15 47.11 17.0 -1.0 1.043842621224 81.71414777433496 0.07653998783070953 0.031795612839277794 1.565820871025441 1.0 -1.0 -1.0 -1.0 -1.0 
162.15 47.11 17.0 -1.0 2.307124 94.25082747961966 0.07429970658615055 0.02350110514207489 2.124920047501288 2.0 -1.0 -1.0 -1.0 -1.0 
162.15 47.11 17.0 -1.0 0.414138298084 65.35742716162278 0.38918761903942056 0.05944397182995414 3.4455391015749512 8.0 -1.0 -1.0 -1.0 -1.0 
162.15 47.11 17.0 -1.0 0.0010812561020884215 72.10616609807798 0.38358214714603345 0.013824179495338172 4.206895895222349 1.0 -1.0 -1.0 -1.0 -1.0 
162.15 47.11 17.0 -1.0 1.05568104027 77.65101335461664 0.5882703473797407 0.026265941041142528 36.92531067778896 16.0 36.92531085829388 16.0 1.055680816837897 77.61881469317343 
162.15 47.11 17.0 -1.0 26.553254549 0.0 0.421951491402299 0.04423737438508215 7.369437363818827 16.0 -1.0 -1.0 -1.0 -1.0 
162.15 47.11 17.0 -1.0 1.1622665438 38.58241316501748 0.048648416306037987 0.07188573337575849 0.20225882088735972 8.0 -1.0 -1.0 -1.0 -1.0 
162.15 47.11 17.0 -1.0 0.869118853459 53.249055073231446 2.719214355501518 0.05391430003181887 76.91640061210825 16.0 79.17301435601156 32.0 0.8691131370142103 53.331310747460755 
162.15 47.11 17.0 -1.0 0.482071879107 77.16482633003496 6.63868723164854 0.035942866687879244 324.99213766555977 32.0 325.51392056308543 32.0 0.4820625084297111 77.31522089385203 
162.15 47.11 17.0 -1.0 3.858776098664385 115.74723949505244 5.2743897314506984 0.07603298722435994 171.88849833734815 8.0 171.916110652178 8.0 3.8588041206821804 115.66923754145662 
162.15 47.11 17.0 -1.0 1.043842621224 81.71414777433496 0.07653998783070953 0.031795612839277794 1.565820871025441 1.0 -1.0 -1.0 -1.0 -1.0 
162.15 47.11 17.0 -1.0 2.307124 94.25082747961966 0.07429970658615055 0.02350110514207489 2.124920047501288 2.0 -1.0 -1.0 -1.0 -1.0 
162.15 47.11 17.0 -1.0 0.414138298084 65.35742716162278 0.38918761903942056 0.05944397182995414 3.4455391015749512 8.0 -1.0 -1.0 -1.0 -1.0 
162.15 47.11 17.0 -1.0 0.0010812561020884215 72.10616609807798 0.38358214714603345 0.013824179495338172 4.206895895222349 1.0 -1.0 -1.0 -1.0 -1.0 
162.15 47.11 17.0 -1.0 1.05568104027 77.65101335461664 0.5882703473797407 0.026265941041142528 36.92531067778896 16.0 36.92531085829388 16.0 1.055680816837897 77.61881469317343 
162.15 47.11 17.0 -1.0 26.553254549 0.0 0.421951491402299 0.04423737438508215 7.369437363818827 16.0 -1.0 -1.0 -1.0 -1.0 
162.15 47.11 17.0 -1.0 1.1622665438 38.58241316501748 0.048648416306037987 0.07188573337575849 0.20225882088735972 8.0 -1.0 -1.0 -1.0 -1.0 
162.15 47.11 17.0 -1.0 0.869118853459 53.249055073231446 2.719214355501518 0.05391430003181887 76.91640061210825 16.0 79.17301435601156 32.0 0.8691131370142103 53.331310747460755 
162.15 47.11 17.0 -1.0 0.482071879107 77.16482633003496 6.63868723164854 0.035942866687879244 324.99213766555977 32.0 325.51392056308543 32.0 0.4820625084297111 77.31522089385203 
162.15 47.11 17.0 -1.0 3.858776098664385 115.74723949505244 5.2743897314506984 0.07603298722435994 171.88849833734815 8.0 171.916110652178 8.0 3.8588041206821804 115.66923754145662 
162.23 23.34 17.0 -1.0 0.03378948033552505 90.40886599703995 0.32229296443010436 0.03732528463741307 1.2919735227536782 2.0 -1.0 -1.0 -1.0 -1.0 
162.23 23.34 17.0 -1.0 1.1366337475 23.355623715901988 0.01769394946143882 0.02350110514207489 0.5476385860840881 4.0 -1.0 -1.0 -1.0 -1.0 
162.23 23.34 17.0 -1.0 1.143 66.8820133682648 0.44439051052000167 0.011059343596270537 58.63194152175116 32.0 58.845133783913624 32.0 1.1429923082080982 66.89183378381699 
162.23 23.34 17.0 -1.0 0.15617544155 52.521615208633946 0.1343113799811736 0.03317803078881161 1.065700430701918 8.0 -1.0 -1.0 -1.0 -1.0 
162.23 23.34 17.0 -1.0 0.2956639123189926 67.28154749830222 0.3708146772746684 0.012441761545804354 50.01278247755966 32.0 -1.0 -1.0 -1.0 -1.0 
162.23 23.34 17.0 -1.0 1.713648107847 0.0 0.09338928054889374 0.035942866687879244 0.04148450964444801 2.0 -1.0 -1.0 -1.0 -1.0 
162.23 23.34 17.0 -1.0 12.447421 76.09412888084196 0.26469288908076266 0.030413194889743977 4.984751511195777 1.0 -1.0 -1.0 -1.0 -1.0 
162.23 23.34 17.0 -1.0 0.3488566924050239 49.108452212028524 1.7439103388395953 0.03456044873834543 71.88661270065126 16.0 74.27825099937422 32.0 0.3488518511100362 49.283393423175305 
162.23 23.34 17.0 -1.0 0.200979268178206 38.04706444042098 7.884781792956854 0.011059343596270537 1247.5320893497017 32.0 1252.5545617833939 32.0 0.20096801260175806 38.45521458071173 
162.23 23.34 17.0 -1.0 1.596821246630255 114.14119332126295 4.385955352736412 0.02073626924300726 568.5535647128249 32.0 568.5938330066645 32.0 1.5968301643927894 114.05007061174244 
162.23 23.34 17.0 -1.0 0.03378948033552505 90.40886599703995 0.32229296443010436 0.03732528463741307 1.2919735227536782 2.0 -1.0 -1.0 -1.0 -1.0 
162.23 23.34 17.0 -1.0 1.1366337475 23.355623715901988 0.01769394946143882 0.02350110514207489 0.5476385860840881 4.0 -1.0 -1.0 -1.0 -1.0 
162.23 23.34 17.0 -1.0 1.143 66.8820133682648 0.44439051052000167 0.011059343596270537 58.63194152175116 32.0 58.845133783913624 32.0 1.1429923082080982 66.89183378381699 
162.23 23.34 17.0 -1.0 0.15617544155 52.521615208633946 0.1343113799811736 0.03317803078881161 1.065700430701918 8.0 -1.0 -1.0 -1.0 -1.0 
162.23 23.34 17.0 -1.0 0.2956639123189926 67.28154749830222 0.3708146772746684 0.012441761545804354 50.01278247755966 32.0 -1.0 -1.0 -1.0 -1.0 
162.23 23.34 17.0 -1.0 1.713648107847 0.0 0.09338928054889374 0.035942866687879244 0.04148450964444801 2.0 -1.0 -1.0 -1.0 -1.0 
162.23 23.34 17.0 -1.0 12.447421 76.09412888084196 0.26469288908076266 0.030413194889743977 4.984751511195777 1.0 -1.0 -1.0 -1.0 -1.0 
162.23 23.34 17.0 -1.0 0.3488566924050239 49.108452212028524 1.7439103388395953 0.03456044873834543 71.88661270065126 16.0 74.27825099937422 32.0 0.3488518511100362 49.283393423175305 
162.23 23.34 17.0 -1.0 0.200979268178206 38.04706444042098 7.884781792956854 0.011059343596270537 1247.5320893497017 32.0 1252.5545617833939 32.0 0.20096801260175806 38.45521458071173 
162.23 23.34 17.0 -1.0 1.596821246630255 114.14119332126295 4.385955352736412 0.02073626924300726 568.5535647128249 32.0 568.5938330066645 32.0 1.5968301643927894 114.05007061174244 
162.39 54.48 17.0 -1.0 179.21147 90.74591596503836 0.17841244401227932 0.015206597444871989 4.186369701076913 1.0 -1.0 -1.0 -1.0 -1.0 
162.39 54.48 17.0 -1.0 0.005229827868143665 48.92429756588897 0.5478653919335791 0.030413194889743977 2.0846277569396703 1.0 -1.0 -1.0 -1.0 -1.0 
162.39 54.48 17.0 -1.0 4.27150796279 16.055137882746887 0.10841852894594774 0.04147253848601452 2.1432133515780216 4.0 -1.0 -1.0 -1.0 -1.0 
162.39 54.48 17.0 -1.0 0.25640622895786946 101.08570934299648 0.3542867704535789 0.04285495643554833 1.859375936958568 16.0 -1.0 -1.0 -1.0 -1.0 
162.39 54.48 17.0 -1.0 2.66269 0.0 0.015315053273857522 0.06082638977948796 0.7779218015143242 2.0 -1.0 -1.0 -1.0 -1.0 
162.39 54.48 17.0 -1.0 1.53743384519 39.52125152377798 0.042049649122403596 0.01520659744487199 2.0610739525649895 1.0 -1.0 -1.0 -1.0 -1.0 
162.39 54.48 17.0 -1.0 2.63060738985 118.56375457133393 0.05144831280817309 0.023501105142074895 2.3003944191816132 2.0 -1.0 -1.0 -1.0 -1.0 
162.39 54.48 17.0 -1.0 4.61936868862 53.0270137456751 5.604990198616275 0.02073626924300726 623.1038538731835 32.0 623.4560310222506 32.0 4.619353906794762 53.02771694813935 
162.39 54.48 17.0 -1.0 5.336766 11.051247050753398 2.1889408362336806 0.026265941041142524 210.74977032586216 32.0 210.8405335163169 32.0 5.336763327553248 11.03057470867784 
162.39 54.48 17.0 -1.0 0.225181 79.04250304755595 2.0683858742459553 0.024883523091608708 130.1896922697092 32.0 130.76453872969773 32.0 0.22519088815897706 78.93438782356621 
162.39 54.48 17.0 -1.0 179.21147 90.74591596503836 0.17841244401227932 0.015206597444871989 4.186369701076913 1.0 -1.0 -1.0 -1.0 -1.0 
162.39 54.48 17.0 -1.0 0.005229827868143665 48.92429756588897 0.5478653919335791 0.030413194889743977 2.0846277569396703 1.0 -1.0 -1.0 -1.0 -1.0 
162.39 54.48 17.0 -1.0 4.27150796279 16.055137882746887 0.10841852894594774 0.04147253848601452 2.1432133515780216 4.0 -1.0 -1.0 -1.0 -1.0 
162.39 54.48 17.0 -1.0 0.25640622895786946 101.08570934299648 0.3542867704535789 0.04285495643554833 1.859375936958568 16.0 -1.0 -1.0 -1.0 -1.0 
162.39 54.48 17.0 -1.0 2.66269 0.0 0.015315053273857522 0.06082638977948796 0.7779218015143242 2.0 -1.0 -1.0 -1.0 -1.0 
162.39 54.48 17.0 -1.0 1.53743384519 39.52125152377798 0.042049649122403596 0.01520659744487199 2.0610739525649895 1.0 -1.0 -1.0 -1.0 -1.0 
162.39 54.48 17.0 -1.0 2.63060738985 118.56375457133393 0.05144831280817309 0.023501105142074895 2.3003944191816132 2.0 -1.0 -1.0 -1.0 -1.0 
162.39 54.48 17.0 -1.0 4.61936868862 53.0270137456751 5.604990198616275 0.02073626924300726 623.1038538731835 32.0 623.4560310222506 32.0 4.619353906794762 53.02771694813935 
162.39 54.48 17.0 -1.0 5.336766 11.051247050753398 2.1889408362336806 0.026265941041142524 210.74977032586216 32.0 210.8405335163169 32.0 5.336763327553248 11.03057470867784 
162.39 54.48 17.0 -1.0 0.225181 79.04250304755595 2.0683858742459553 0.024883523091608708 130.1896922697092 32.0 130.76453872969773 32.0 0.22519088815897706 78.93438782356621 
162.48 47.49 17.0 -1.0 0.023719473348773057 58.789091111539605 0.02198032974881484 0.06773847952715704 1.1727468678616475 4.0 -1.0 -1.0 -1.0 -1.0 
162.48 47.49 17.0 -1.0 1.268762 57.04127603813097 0.25359484088336137 0.027648358990676344 9.638239657809262 16.0 10.775057712733512 16.0 1.268745108973235 56.569644606889106 
162.48 47.49 17.0 -1.0 0.8014686782873773 93.8958667251052 0.04521322924321567 0.015206597444871989 3.901061547898547 1.0 -1.0 -1.0 -1.0 -1.0 
162.48 47.49 17.0 -1.0 2.851188011344 12.327304987948352 0.40509861286192533 0.019353851293473442 41.522735940532556 32.0 41.678299699063835 32.0 2.851205257078012 12.244949905963475 
162.48 47.49 17.0 -1.0 0.246245 18.508319883314005 0.06152886556628083 0.038707702586946884 1.3536000430912394 2.0 -1.0 -1.0 -1.0 -1.0 
162.48 47.49 17.0 -1.0 25.2964792556 38.5792558918609 0.021234043527078993 0.10091651031596867 4.036932349894814 1.0 -1.0 -1.0 -1.0 -1.0 
162.48 47.49 17.0 -1.0 373.134328 115.7377676755827 0.012534580706566299 0.04147253848601452 0.9891360715495191 1.0 -1.0 -1.0 -1.0 -1.0 
162.48 47.49 17.0 -1.0 0.951746 41.183616100582384 8.727585044335285 0.015206597444871989 1406.610080046534 32.0 1406.642151191932 32.0 0.9517558889153104 41.18755877460441 
162.48 47.49 17.0 -1.0 1.141728981344834 0.0 7.575092471847536 0.026265941041142528 468.3500799094355 32.0 -1.0 -1.0 -1.0 -1.0 
162.48 47.49 17.0 -1.0 2.208568 77.1585117837218 2.15741350665398 0.019353851293473442 250.6393996262873 32.0 251.0378465856936 32.0 2.208556300805261 77.11282502763774 
162.48 47.49 17.0 -1.0 0.023719473348773057 58.789091111539605 0.02198032974881484 0.06773847952715704 1.1727468678616475 4.0 -1.0 -1.0 -1.0 -1.0 
162.48 47.49 17.0 -1.0 1.268762 57.04127603813097 0.25359484088336137 0.027648358990676344 9.638239657809262 16.0 10.775057712733512 16.0 1.268745108973235 56.569644606889106 
162.48 47.49 17.0 -1.0 0.8014686782873773 93.8958667251052 0.04521322924321567 0.015206597444871989 3.901061547898547 1.0 -1.0 -1.0 -1.0 -1.0 
162.48 47.49 17.0 -1.0 2.851188011344 12.327304987948352 0.40509861286192533 0.019353851293473442 41.522735940532556 32.0 41.678299699063835 32.0 2.851205257078012 12.244949905963475 
162.48 47.49 17.0 -1.0 0.246245 18.508319883314005 0.06152886556628083 0.038707702586946884 1.3536000430912394 2.0 -1.0 -1.0 -1.0 -1.0 
162.48 47.49 17.0 -1.0 25.2964792556 38.5792558918609 0.021234043527078993 0.10091651031596867 4.036932349894814 1.0 -1.0 -1.0 -1.0 -1.0 
162.48 47.49 17.0 -1.0 373.134328 115.7377676755827 0.012534580706566299 0.04147253848601452 0.9891360715495191 1.0 -1.0 -1.0 -1.0 -1.0 
162.48 47.49 17.0 -1.0 0.951746 41.183616100582384 8.727585044335285 0.015206597444871989 1406.610080046534 32.0 1406.642151191932 32.0 0.9517558889153104 41.18755877460441 
162.48 47.49 17.0 -1.0 1.141728981344834 0.0 7.575092471847536 0.026265941041142528 468.3500799094355 32.0 -1.0 -1.0 -1.0 -1.0 
162.48 47.49 17.0 -1.0 2.208568 77.1585117837218 2.15741350665398 0.019353851293473442 250.6393996262873 32.0 251.0378465856936 32.0 2.208556300805261 77.11282502763774 
162.67 63.13 17.0 -1.0 1.91358 33.454112487538396 0.5516633945193788 0.027648358990676344 30.50659940892204 16.0 30.92722686214604 16.0 1.9135768525302412 33.49651585846206 
162.67 63.13 17.0 -1.0 10.183299 36.57665959014538 0.23585075113822368 0.10921101801317155 3.072998090726653 1.0 -1.0 -1.0 -1.0 -1.0 
162.67 63.13 17.0 -1.0 1.41269354871 81.9331869158563 0.34918397571699916 0.049767046183217416 6.874636638555261 16.0 7.101397928447287 16.0 1.4126878037738304 81.56553408435174 
162.67 63.13 17.0 -1.0 2.151927137 47.09535747696657 0.1271775461173582 0.05529671798135269 3.083741644292672 8.0 -1.0 -1.0 -1.0 -1.0 
162.67 63.13 17.0 -1.0 0.36618479871 81.21071523329232 0.2891652590159149 0.01382417949533817 30.99782870621826 32.0 31.202372184958907 32.0 0.36619288342384004 81.36313821813746 
162.67 63.13 17.0 -1.0 2.114763922705 0.0 0.7084105633896746 0.03041319488974398 20.023952115310067 32.0 -1.0 -1.0 -1.0 -1.0 
162.67 63.13 17.0 -1.0 2.61730216935 122.44058227045988 0.7611813673294647 0.012441761545804354 81.03776619002988 32.0 81.12025503449388 32.0 2.617313536272074 122.3483011265276 
162.67 63.13 17.0 -1.0 310.536979440897 81.67603597799454 8.891906748226454 0.012441761545804354 275.3018625584046 1.0 275.30185942564543 1.0 310.53690084566676 81.66673201745887 
162.67 63.13 17.0 -1.0 419.46081729722 40.813527423486626 2.217862375423104 0.011059343596270537 75.37965045263547 1.0 75.37965172497753 1.0 419.4608967130383 40.78276704217587 
162.67 63.13 17.0 -1.0 2.79603 81.62705484697325 4.706166268762963 0.016589015394405805 621.3575618165743 32.0 621.7075291238722 32.0 2.7960292451704545 81.56553408435174 
162.78 54.87 17.0 -1.0 155.80651370922 70.02100394186849 0.5866469778046373 0.056679135930886505 9.516640066123639 1.0 9.516639830365333 1.0 155.806386222442 70.02896971013821 
162.78 54.87 17.0 -1.0 1.968117 44.76888693389392 0.2846068997679546 0.02073626924300726 18.505345422850336 32.0 18.67484420793792 32.0 1.9681162181465577 44.83068436646131 
162.78 54.87 17.0 -1.0 0.0427137033272487 83.36398083111268 0.10237667493371767 0.047002210284149776 2.0456874880848193 1.0 -1.0 -1.0 -1.0 -1.0 
162.78 54.87 17.0 -1.0 2.6230255504986837 34.8386785562859 0.12491358161951294 0.016589015394405805 7.113858227005867 16.0 7.113858227005867 16.0 2.6230433528932435 34.81208898885484 
162.78 54.87 17.0 -1.0 0.5783421883420735 39.49568558778942 0.03261004027141294 0.024883523091608708 1.4506617604084822 2.0 -1.0 -1.0 -1.0 -1.0 
162.78 54.87 17.0 -1.0 3.2404792414142376 78.99137117557883 0.06592982275469446 0.02073626924300726 3.2361944483740177 16.0 -1.0 -1.0 -1.0 -1.0 
162.78 54.87 17.0 -1.0 0.013727929557929869 118.48705676336826 0.01582048968817107 0.08709233082063048 0.18934550316586674 8.0 -1.0 -1.0 -1.0 -1.0 
162.78 54.87 17.0 -1.0 1.585913888562 43.13360202206825 3.0538555088334154 0.029030776940210154 227.12464069616476 32.0 227.14206576166904 32.0 1.5859162279715142 43.11031950364 
162.78 54.87 17.0 -1.0 0.3256192592831513 112.37251318002012 2.6160242420857194 0.02350110514207489 200.1162979731353 32.0 200.62449703528313 32.0 0.32562941972476744 112.5321016151354 
162.78 54.87 17.0 -1.0 248.10919356645996 0.0 1.0759774765112093 0.017971433343939622 39.77624095538773 2.0 -1.0 -1.0 -1.0 -1.0 
162.78 54.87 17.0 -1.0 155.80651370922 70.02100394186849 0.5866469778046373 0.056679135930886505 9.516640066123639 1.0 9.516639830365333 1.0 155.806386222442 70.02896971013821 
162.78 54.87 17.0 -1.0 1.968117 44.76888693389392 0.2846068997679546 0.02073626924300726 18.505345422850336 32.0 18.67484420793792 32.0 1.9681162181465577 44.83068436646131 
162.78 54.87 17.0 -1.0 0.0427137033272487 83.36398083111268 0.10237667493371767 0.047002210284149776 2.0456874880848193 1.0 -1.0 -1.0 -1.0 -1.0 
162.78 54.87 17.0 -1.0 2.6230255504986837 34.8386785562859 0.12491358161951294 0.016589015394405805 7.113858227005867 16.0 7.113858227005867 16.0 2.6230433528932435 34.81208898885484 
162.78 54.87 17.0 -1.0 0.5783421883420735 39.49568558778942 0.03261004027141294 0.024883523091608708 1.4506617604084822 2.0 -1.0 -1.0 -1.0 -1.0 
162.78 54.87 17.0 -1.0 3.2404792414142376 78.99137117557883 0.06592982275469446 0.02073626924300726 3.2361944483740177 16.0 -1.0 -1.0 -1.0 -1.0 
162.78 54.87 17.0 -1.0 0.013727929557929869 118.48705676336826 0.01582048968817107 0.08709233082063048 0.18934550316586674 8.0 -1.0 -1.0 -1.0 -1.0 
162.78 54.87 17.0 -1.0 1.585913888562 43.13360202206825 3.0538555088334154 0.029030776940210154 227.12464069616476 32.0 227.14206576166904 32.0 1.5859162279715142 43.11031950364 
162.78 54.87 17.0 -1.0 0.3256192592831513 112.37251318002012 2.6160242420857194 0.02350110514207489 200.1162979731353 32.0 200.62449703528313 32.0 0.32562941972476744 112.5321016151354 
162.78 54.87 17.0 -1.0 248.10919356645996 0.0 1.0759774765112093 0.017971433343939622 39.77624095538773 2.0 -1.0 -1.0 -1.0 -1.0 
162.94 54.48 17.0 -1.0 0.24376693115469222 49.97507200130746 0.5060231864167956 0.012441761545804354 70.21356258279617 32.0 70.85205388782221 32.0 0.24377489656520387 50.29537275424667 
162.94 54.48 17.0 -1.0 1.184484581238005 65.69876297899155 0.5307285946818352 0.029030776940210157 25.03851534347667 8.0 -1.0 -1.0 -1.0 -1.0 
162.94 54.48 17.0 -1.0 2.93942447332 66.18384298658 0.0947540233846993 0.07741540517389377 0.3578357064128698 4.0 -1.0 -1.0 -1.0 -1.0 
162.94 54.48 17.0 -1.0 2.828034041 10.636266507854026 0.012268991932440692 0.026265941041142528 0.9593371298045288 16.0 -1.0 -1.0 -1.0 -1.0 
162.94 54.48 17.0 -1.0 0.443166465253 0.0 0.02883672890251542 0.03456044873834543 1.2503554175189406 1.0 -1.0 -1.0 -1.0 -1.0 
162.94 54.48 17.0 -1.0 0.3895347605661933 39.43345525103167 0.19531206551487346 0.02073626924300726 6.143040304984229 32.0 -1.0 -1.0 -1.0 -1.0 
162.94 54.48 17.0 -1.0 68.540096 118.30036575309501 0.23519990593521706 0.026265941041142528 4.3574124808019015 1.0 -1.0 -1.0 -1.0 -1.0 
162.94 54.48 17.0 -1.0 2.01869363589 41.906180167763026 1.0737497860625238 0.015206597444871989 152.41333708021804 32.0 152.7978431320576 32.0 2.0186841235651327 41.895944306354366 
162.94 54.48 17.0 -1.0 0.0013985992058722825 59.475541418222676 5.123549744161896 0.013824179495338172 32.35939464246683 4.0 -1.0 -1.0 -1.0 -1.0 
162.94 54.48 17.0 -1.0 0.0026613686823646963 78.86691050206333 1.0488226803202063 0.049767046183217416 6.0619238489403795 2.0 -1.0 -1.0 -1.0 -1.0 
162.94 54.48 17.0 -1.0 0.24376693115469222 49.97507200130746 0.5060231864167956 0.012441761545804354 70.21356258279617 32.0 70.85205388782221 32.0 0.24377489656520387 50.29537275424667 
162.94 54.48 17.0 -1.0 1.184484581238005 65.69876297899155 0.5307285946818352 0.029030776940210157 25.03851534347667 8.0 -1.0 -1.0 -1.0 -1.0 
162.94 54.48 17.0 -1.0 2.93942447332 66.18384298658 0.0947540233846993 0.07741540517389377 0.3578357064128698 4.0 -1.0 -1.0 -1.0 -1.0 
162.94 54.48 17.0 -1.0 2.828034041 10.636266507854026 0.012268991932440692 0.026265941041142528 0.9593371298045288 16.0 -1.0 -1.0 -1.0 -1.0 
162.94 54.48 17.0 -1.0 0.443166465253 0.0 0.02883672890251542 0.03456044873834543 1.2503554175189406 1.0 -1.0 -1.0 -1.0 -1.0 
162.94 54.48 17.0 -1.0 0.3895347605661933 39.43345525103167 0.19531206551487346 0.02073626924300726 6.143040304984229 32.0 -1.0 -1.0 -1.0 -1.0 
162.94 54.48 17.0 -1.0 68.540096 118.30036575309501 0.23519990593521706 0.026265941041142528 4.3574124808019015 1.0 -1.0 -1.0 -1.0 -1.0 
162.94 54.48 17.0 -1.0 2.01869363589 41.906180167763026 1.0737497860625238 0.015206597444871989 152.41333708021804 32.0 152.7978431320576 32.0 2.0186841235651327 41.895944306354366 
162.94 54.48 17.0 -1.0 0.0013985992058722825 59.475541418222676 5.123549744161896 0.013824179495338172 32.35939464246683 4.0 -1.0 -1.0 -1.0 -1.0 
162.94 54.48 17.0 -1.0 0.0026613686823646963 78.86691050206333 1.0488226803202063 0.049767046183217416 6.0619238489403795 2.0 -1.0 -1.0 -1.0 -1.0 
163.09 47.11 17.0 -1.0 424.5389760704 59.38882633650773 0.050672283643906746 0.031795612839277794 1.0908831009307245 1.0 -1.0 -1.0 -1.0 -1.0 
163.09 47.11 17.0 -1.0 232.30015221224 56.76517735283717 0.02830382852894208 0.04423737438508215 2.020519956141585 1.0 -1.0 -1.0 -1.0 -1.0 
163.09 47.11 17.0 -1.0 0.53093220067 96.66075202996801 0.052853324182664835 0.058061553880420315 -0.5865598707057283 1.0 -1.0 -1.0 -1.0 -1.0 
163.09 47.11 17.0 -1.0 3.2404792414142376 79.43442515034157 0.02623263304627603 0.02073626924300726 1.4659321564438201 1.0 -1.0 -1.0 -1.0 -1.0 
163.09 47.11 17.0 -1.0 295.4494550550848 0.0 0.3070780151948774 0.026265941041142528 6.409715096604391 1.0 -1.0 -1.0 -1.0 -1.0 
163.09 47.11 17.0 -1.0 0.10041202239739296 38.35360553760517 0.010826883167411216 0.12441761545804356 1.9292739117127544 2.0 -1.0 -1.0 -1.0 -1.0 
163.09 47.11 17.0 -1.0 267.04459254652 76.70721107521034 0.014292740593793148 0.016589015394405805 0.9730380532026938 1.0 -1.0 -1.0 -1.0 -1.0 
163.09 47.11 17.0 -1.0 2.4595822178036584 115.0608166128155 0.32029529200852924 0.029030776940210157 7.7981911364356895 16.0 7.910821387170349 16.0 2.459576838494589 114.96085200970668 
163.09 47.11 17.0 -1.0 216.39545569709 70.11356691888037 6.225574261351619 0.013824179495338172 244.35637941566915 1.0 244.3563782641713 2.0 216.39571059495213 70.13016764324534 
163.09 47.11 17.0 -1.0 0.02234393523473152 26.903909315007763 1.3608597880788034 0.01520659744487199 11.183962351373674 32.0 -1.0 -1.0 -1.0 -1.0 
163.09 47.11 17.0 -1.0 424.5389760704 59.38882633650773 0.050672283643906746 0.031795612839277794 1.0908831009307245 1.0 -1.0 -1.0 -1.0 -1.0 
163.09 47.11 17.0 -1.0 232.30015221224 56.76517735283717 0.02830382852894208 0.04423737438508215 2.020519956141585 1.0 -1.0 -1.0 -1.0 -1.0 
163.09 47.11 17.0 -1.0 0.53093220067 96.66075202996801 0.052853324182664835 0.058061553880420315 -0.5865598707057283 1.0 -1.0 -1.0 -1.0 -1.0 
163.09 47.11 17.0 -1.0 3.2404792414142376 79.43442515034157 0.02623263304627603 0.02073626924300726 1.4659321564438201 1.0 -1.0 -1.0 -1.0 -1.0 
163.09 47.11 17.0 -1.0 295.4494550550848 0.0 0.3070780151948774 0.026265941041142528 6.409715096604391 1.0 -1.0 -1.0 -1.0 -1.0 
163.09 47.11 17.0 -1.0 0.10041202239739296 38.35360553760517 0.010826883167411216 0.12441761545804356 1.9292739117127544 2.0 -1.0 -1.0 -1.0 -1.0 
163.09 47.11 17.0 -1.0 267.04459254652 76.70721107521034 0.014292740593793148 0.016589015394405805 0.9730380532026938 1.0 -1.0 -1.0 -1.0 -1.0 
163.09 47.11 17.0 -1.0 2.4595822178036584 115.0608166128155 0.32029529200852924 0.029030776940210157 7.7981911364356895 16.0 7.910821387170349 16.0 2.459576838494589 114.96085200970668 
163.09 47.11 17.0 -1.0 216.39545569709 70.11356691888037 6.225574261351619 0.013824179495338172 244.35637941566915 1.0 244.3563782641713 2.0 216.39571059495213 70.13016764324534 
163.09 47.11 17.0 -1.0 0.02234393523473152 26.903909315007763 1.3608597880788034 0.01520659744487199 11.183962351373674 32.0 -1.0 -1.0 -1.0 -1.0 
163.34 54.87 17.0 -1.0 4.655277 19.07099026158739 0.06453286970028832 0.1493011385496523 1.237346520689147 1.0 -1.0 -1.0 -1.0 -1.0 
163.34 54.87 17.0 -1.0 17.173278 42.89494895786674 0.7267518376864188 0.029030776940210157 36.520422819100936 16.0 37.42022614168076 16.0 17.173260857816786 42.90792363742573 
163.34 54.87 17.0 -1.0 0.1185154135 1.324210111157959 0.24128940574262384 0.011059343596270537 2.1431095779202285 32.0 -1.0 -1.0 -1.0 -1.0 
163.34 54.87 17.0 -1.0 0.05276840285812726 42.0554943338291 0.017235490300747426 0.024883523091608708 1.0740641339003862 1.0 -1.0 -1.0 -1.0 -1.0 
163.34 54.87 17.0 -1.0 2.574101117947 86.91311184930495 0.26287057444622464 0.027648358990676344 10.889456819761067 16.0 11.072880356719294 16.0 2.57411253793786 87.03022247213708 
163.34 54.87 17.0 -1.0 0.17349450105355313 0.0 0.3770141373437997 0.11059343596270538 1.1319184960979498 8.0 -1.0 -1.0 -1.0 -1.0 
163.34 54.87 17.0 -1.0 111.01410225980808 39.40707411151319 0.03482203802462814 0.016589015394405805 2.1720864491502887 1.0 -1.0 -1.0 -1.0 -1.0 
163.34 54.87 17.0 -1.0 1.060198 29.75925758736234 1.9423560062927594 0.04423737438508215 71.5581487308824 16.0 73.46223056104834 32.0 1.0601979738567024 29.752192333498026 
163.34 54.87 17.0 -1.0 183.82338873034 78.81414822302638 7.049930221673033 0.05806155388042031 128.75215914150195 1.0 128.75215689643474 1.0 183.82367367545766 78.83318989045907 
163.34 54.87 17.0 -1.0 12.117230277075379 118.22122233453956 8.578144136963749 0.04700221028414978 417.3788127040775 32.0 417.3787891117702 32.0 12.117228228210783 118.19918586913504 
163.34 54.87 17.0 -1.0 4.655277 19.07099026158739 0.06453286970028832 0.1493011385496523 1.237346520689147 1.0 -1.0 -1.0 -1.0 -1.0 
163.34 54.87 17.0 -1.0 17.173278 42.89494895786674 0.7267518376864189 0.029030776940210157 36.520422819100936 16.0 37.42022614168075 16.0 17.173260857816786 42.90792363742573 
163.34 54.87 17.0 -1.0 0.1185154135 1.324210111157959 0.24128940574262386 0.011059343596270537 2.143109577920232 32.0 -1.0 -1.0 -1.0 -1.0 
163.34 54.87 17.0 -1.0 0.052768402858127256 42.0554943338291 0.017235490300747426 0.024883523091608708 1.0740641339003862 1.0 -1.0 -1.0 -1.0 -1.0 
163.34 54.87 17.0 -1.0 2.574101117947 86.91311184930495 0.2628705744462246 0.027648358990676344 10.889456819761065 16.0 11.072880356719294 16.0 2.57411253793786 87.03022247213708 
163.34 54.87 17.0 -1.0 0.17349450105355313 0.0 0.3770141373437997 0.11059343596270538 1.1319184960979498 8.0 -1.0 -1.0 -1.0 -1.0 
163.34 54.87 17.0 -1.0 111.01410225980808 39.40707411151319 0.03482203802462814 0.016589015394405805 2.1720864491502887 1.0 -1.0 -1.0 -1.0 -1.0 
163.34 54.87 17.0 -1.0 1.060198 29.75925758736234 1.9423560062927596 0.04423737438508215 71.55814873088241 16.0 73.46223056104834 32.0 1.0601979738567024 29.752192333498026 
163.34 54.87 17.0 -1.0 183.82338873034 78.81414822302638 7.049930221673033 0.05806155388042031 128.75215914150195 1.0 128.75215689643474 1.0 183.82367367545766 78.83318989045907 
163.34 54.87 17.0 -1.0 12.117230277075379 118.22122233453956 8.578144136963749 0.04700221028414978 417.37881270407746 32.0 417.3787891117702 32.0 12.117228228210783 118.19918586913504 
163.43 46.72 17.0 -1.0 0.0016578216813184024 94.54687083360118 0.012100638333007927 0.01520659744487199 4.2432126856224786 1.0 -1.0 -1.0 -1.0 -1.0 
163.43 46.72 17.0 -1.0 3.5361396812042587 16.881326047640933 0.14194340253526444 0.03317803078881161 3.194259722744111 8.0 -1.0 -1.0 -1.0 -1.0 
163.43 46.72 17.0 -1.0 185.7242772016 71.31358820532247 0.011877019533873837 0.03732528463741307 1.4490910378843638 2.0 -1.0 -1.0 -1.0 -1.0 
163.43 46.72 17.0 -1.0 2.6230255504986837 41.56811946103855 0.3234081611808159 0.012441761545804354 36.29561386408451 16.0 36.295614889190055 16.0 2.6230433528932435 41.59235050703296 
163.43 46.72 17.0 -1.0 400.13439317157656 0.0 0.5474870327880005 0.02350110514207489 10.26154322699928 1.0 -1.0 -1.0 -1.0 -1.0 
163.43 46.72 17.0 -1.0 0.02028840469278945 38.146074384262526 0.6060078471158524 0.10644618211410392 1.591051396561809 2.0 -1.0 -1.0 -1.0 -1.0 
163.43 46.72 17.0 -1.0 8.123981159701872 114.43822315278757 0.820146411750295 0.017971433343939622 61.33779192062786 16.0 63.404745749452886 16.0 8.123970474116504 114.35366441106386 
163.43 46.72 17.0 -1.0 1.30583111159 27.181796178404888 3.234081611808159 0.02073626924300726 352.13006084628836 32.0 352.1844549130689 32.0 1.3058221763155113 27.222244005819622 
163.43 46.72 17.0 -1.0 17.953961540991 47.59961697094145 3.849094164672386 0.04423737438508215 196.88806547441416 16.0 196.9101090454158 16.0 17.953971109818667 47.563028560353985 
163.43 46.72 17.0 -1.0 0.008129878096527234 76.29214876852505 7.983442818922892 0.01520659744487199 59.73286092440422 32.0 -1.0 -1.0 -1.0 -1.0 
163.43 47.49 17.0 -1.0 1.32626 88.82762965840311 0.24481548481623458 0.07603298722435994 1.6808802614172713 4.0 -1.0 -1.0 -1.0 -1.0 
163.43 47.49 17.0 -1.0 0.331895 67.497954048161 0.025324469357735295 0.008294507697202903 0.9182961393218995 8.0 -1.0 -1.0 -1.0 -1.0 
163.43 47.49 17.0 -1.0 6.750554 38.345096444949824 0.09620514972616909 0.04147253848601452 1.5158608309303245 8.0 -1.0 -1.0 -1.0 -1.0 
163.43 47.49 17.0 -1.0 285.714286 65.42711175590449 5.604990198616275 0.022118687192541075 165.8086439478302 1.0 165.8494404421096 1.0 285.7142438491186 65.4750627203171 
163.43 47.49 17.0 -1.0 0.72915 86.2045627548782 6.081047529021898 0.029030776940210157 436.16743945196015 16.0 483.63788340335964 32.0 0.7291419024113566 86.22063900728 
163.43 47.49 17.0 -1.0 1.3784491702406867 79.2787457552203 1.7792010348428995 0.04285495643554833 74.63734346267341 16.0 74.75767565890821 16.0 1.37843017000705 79.33917955599475 
163.43 47.49 17.0 -1.0 2.518067 23.308480467287232 1.5963213127890261 0.012441761545804354 329.32216375985695 32.0 329.4212971025314 32.0 2.5180573478185884 23.275524614641316 
163.43 47.49 17.0 -1.0 0.8508087207916684 0.0 1.4213965975708944 0.03317803078881161 50.87342351363501 16.0 -1.0 -1.0 -1.0 -1.0 
163.43 47.49 17.0 -1.0 2.0941529761767277 76.69019288989965 6.982073212827947 0.01520659744487199 913.2238270440577 32.0 913.3479566052769 32.0 2.0941418673222265 76.7080332952092 
163.43 47.49 17.0 -1.0 0.023502466665508176 115.03528933484947 3.297249531200038 0.049767046183217416 4.511371889529302 8.0 -1.0 -1.0 -1.0 -1.0 
163.43 47.49 17.0 -1.0 1.32626 88.82762965840311 0.24481548481623458 0.07603298722435994 1.6808802614172713 4.0 -1.0 -1.0 -1.0 -1.0 
163.43 47.49 17.0 -1.0 0.331895 67.497954048161 0.025324469357735295 0.008294507697202903 0.9182961393218995 8.0 -1.0 -1.0 -1.0 -1.0 
163.43 47.49 17.0 -1.0 6.750554 38.345096444949824 0.09620514972616909 0.04147253848601452 1.5158608309303245 8.0 -1.0 -1.0 -1.0 -1.0 
163.43 47.49 17.0 -1.0 285.714286 65.42711175590449 5.604990198616275 0.022118687192541075 165.8086439478302 1.0 165.8494404421096 1.0 285.7142438491186 65.4750627203171 
163.43 47.49 17.0 -1.0 0.72915 86.2045627548782 6.081047529021898 0.029030776940210157 436.16743945196015 16.0 483.63788340335964 32.0 0.7291419024113566 86.22063900728 
163.43 47.49 17.0 -1.0 1.3784491702406867 79.2787457552203 1.7792010348428995 0.04285495643554833 74.63734346267341 16.0 74.75767565890821 16.0 1.37843017000705 79.33917955599475 
163.43 47.49 17.0 -1.0 2.518067 23.308480467287232 1.5963213127890261 0.012441761545804354 329.32216375985695 32.0 329.4212971025314 32.0 2.5180573478185884 23.275524614641316 
163.43 47.49 17.0 -1.0 0.8508087207916684 0.0 1.4213965975708944 0.03317803078881161 50.87342351363501 16.0 -1.0 -1.0 -1.0 -1.0 
163.43 47.49 17.0 -1.0 2.0941529761767277 76.69019288989965 6.982073212827947 0.01520659744487199 913.2238270440577 32.0 913.3479566052769 32.0 2.0941418673222265 76.7080332952092 
163.43 47.49 17.0 -1.0 0.023502466665508176 115.03528933484947 3.297249531200038 0.049767046183217416 4.511371889529302 8.0 -1.0 -1.0 -1.0 -1.0 
164.32 23.34 17.0 -1.0 208.23191713844 29.201619427097288 0.607265121306145 0.019353851293473442 19.20738950937659 1.0 19.20738976301795 1.0 208.23208615183833 29.24620266796235 
164.32 23.34 17.0 -1.0 0.1341284816660127 100.52741400477744 0.5659463684913345 0.022118687192541075 31.606955039892405 32.0 31.908033026652525 32.0 0.13412015202144784 102.41230830442179 
164.32 23.34 17.0 -1.0 1.7493147466976 79.68349944819421 0.22487190214671762 0.02073626924300726 14.323767951703918 16.0 14.324245677231055 16.0 1.7493221093900504 79.64277335531615 
164.32 23.34 17.0 -1.0 0.033592 25.610155888362332 0.013375580247040744 0.07188573337575849 2.528797865614985 2.0 -1.0 -1.0 -1.0 -1.0 
164.32 23.34 17.0 -1.0 1.399188 33.60983324099627 0.25641350432505366 0.017971433343939622 28.62776238537066 32.0 28.734781341880534 32.0 1.399196965697532 33.597713791569205 
164.32 23.34 17.0 -1.0 233.77686 0.0 0.031049113500505255 0.006912089747669086 1.970995348612421 2.0 -1.0 -1.0 -1.0 -1.0 
164.32 23.34 17.0 -1.0 4.344169168005 37.29080365920125 0.30307363289005823 0.04285495643554833 8.740712709514924 8.0 8.740712407308038 8.0 4.344231759508451 37.2408393834261 
164.32 23.34 17.0 -1.0 1.111099643 74.5816073184025 0.01050272828912886 0.01520659744487199 1.4469486717319597 1.0 -1.0 -1.0 -1.0 -1.0 
164.32 23.34 17.0 -1.0 3.461286 111.87241097760375 0.06624942575779245 0.05391430003181887 0.5415216225606194 1.0 -1.0 -1.0 -1.0 -1.0 
164.32 23.34 17.0 -1.0 4.29203 76.30461474820058 1.3542946764557175 0.029030776940210157 102.5105250874936 16.0 102.54133703164095 16.0 4.292026763626685 76.30324156278066 
164.36 46.72 17.0 -1.0 137.7782525504162 96.11060238359924 0.7435105387260142 0.011059343596270537 34.495706740266115 1.0 34.49570698116193 1.0 137.77850350985926 96.13803645177934 
164.36 46.72 17.0 -1.0 244.7121102768188 57.67090512959856 0.028876599838394384 0.019353851293473442 1.422502539548772 1.0 -1.0 -1.0 -1.0 -1.0 
164.36 46.72 17.0 -1.0 1.775268966869 0.0 0.5088275960600901 0.01520659744487199 21.871007203048293 32.0 -1.0 -1.0 -1.0 -1.0 
164.36 46.72 17.0 -1.0 70.11296273863123 37.86037557552728 0.014273006104727986 0.017971433343939622 1.8987571648373538 4.0 -1.0 -1.0 -1.0 -1.0 
164.36 46.72 17.0 -1.0 1.46028 113.58112672658183 0.2581910561960041 0.011059343596270537 37.07374869463005 32.0 37.277926820248375 32.0 1.4602846931666136 113.54408094620675 
164.36 46.72 17.0 -1.0 11.104095628633846 27.864236809711496 4.693179302532017 0.023501105142074888 516.7378542613102 32.0 517.1253263289786 32.0 11.1040814469258 27.829431604462442 
164.36 46.72 17.0 -1.0 0.25996564951440604 40.677469227711725 2.9096877432702457 0.019353851293473442 222.44038667388497 32.0 224.08167260521375 32.0 0.259963902256762 40.985162908390144 
164.36 46.72 17.0 -1.0 0.3387604641 14.914693408541048 2.79926944997713 0.05391430003181887 37.19234454293346 16.0 40.3989700556651 32.0 0.3387564599203567 16.09047136403465 
164.36 46.72 17.0 -1.0 409.4349141682677 20.083151520411707 3.843779585134257 0.07465056927482613 38.71685631400201 1.0 38.716856740840235 1.0 409.43462712069356 20.037190755212958 
164.36 46.72 17.0 -1.0 0.1808205971568568 75.72075115105456 2.511539390843636 0.048384628233683606 42.08518616094183 16.0 42.614607688948745 16.0 0.18080754671245813 78.93438782356621 
164.36 46.72 17.0 -1.0 137.7782525504162 96.11060238359924 0.7435105387260142 0.011059343596270537 34.495706740266115 1.0 34.49570698116193 1.0 137.77850350985926 96.13803645177934 
164.36 46.72 17.0 -1.0 244.7121102768188 57.67090512959856 0.028876599838394384 0.019353851293473442 1.422502539548772 1.0 -1.0 -1.0 -1.0 -1.0 
164.36 46.72 17.0 -1.0 1.775268966869 0.0 0.5088275960600901 0.01520659744487199 21.871007203048293 32.0 -1.0 -1.0 -1.0 -1.0 
164.36 46.72 17.0 -1.0 70.11296273863123 37.86037557552728 0.014273006104727986 0.017971433343939622 1.8987571648373538 4.0 -1.0 -1.0 -1.0 -1.0 
164.36 46.72 17.0 -1.0 1.46028 113.58112672658183 0.2581910561960041 0.011059343596270537 37.07374869463005 32.0 37.277926820248375 32.0 1.4602846931666136 113.54408094620675 
164.36 46.72 17.0 -1.0 11.104095628633846 27.864236809711496 4.693179302532017 0.023501105142074888 516.7378542613102 32.0 517.1253263289786 32.0 11.1040814469258 27.829431604462442 
164.36 46.72 17.0 -1.0 0.25996564951440604 40.677469227711725 2.9096877432702457 0.019353851293473442 222.44038667388497 32.0 224.08167260521375 32.0 0.259963902256762 40.985162908390144 
164.36 46.72 17.0 -1.0 0.3387604641 14.914693408541048 2.79926944997713 0.05391430003181887 37.19234454293346 16.0 40.3989700556651 32.0 0.3387564599203567 16.09047136403465 
164.36 46.72 17.0 -1.0 409.4349141682677 20.083151520411707 3.843779585134257 0.07465056927482613 38.71685631400201 1.0 38.716856740840235 1.0 409.43462712069356 20.037190755212958 
164.36 46.72 17.0 -1.0 0.1808205971568568 75.72075115105456 2.511539390843636 0.048384628233683606 42.08518616094183 16.0 42.614607688948745 16.0 0.18080754671245813 78.93438782356621 
164.45 54.87 17.0 -1.0 27.457150372176773 2.5074080616025722 0.2581910561960041 0.02073626924300726 12.644658629480585 8.0 12.717522377997152 8.0 27.45715998268376 2.529948327678404 
164.45 54.87 17.0 -1.0 0.16045643647092714 23.67322822480175 0.024380280832024235 0.027648358990676344 0.35850740578231405 1.0 -1.0 -1.0 -1.0 -1.0 
164.45 54.87 17.0 -1.0 1.3670437715 0.0 0.8697490026177834 0.006912089747669085 164.03433807721441 32.0 -1.0 -1.0 -1.0 -1.0 
164.45 54.87 17.0 -1.0 0.0020575023320702707 39.23563882310504 0.042341152616601714 0.019353851293473442 10.273028871075393 1.0 -1.0 -1.0 -1.0 -1.0 
164.45 54.87 17.0 -1.0 1.51972574585 78.47127764621008 0.013347887611263104 0.038707702586946884 0.12892661498735572 8.0 -1.0 -1.0 -1.0 -1.0 
164.45 54.87 17.0 -1.0 0.7584674975492446 99.37811669506533 6.118974845614151 0.04009012053648069 312.9831849280246 16.0 315.9804972539508 32.0 0.758457948298504 99.37637031120771 
164.45 54.87 17.0 -1.0 1.450907946316 84.53379009562475 1.673101745255539 0.11612310776084063 18.363301376463276 8.0 18.431522637794703 8.0 1.4509472142284117 84.50027414445869 
164.45 54.87 17.0 -1.0 0.9078078525 28.958797331184638 2.371578495847471 0.013824179495338172 315.69947282989125 32.0 316.3713353218427 32.0 0.9077969783296188 29.04380680174808 
164.45 54.87 17.0 -1.0 2.270807 38.22325810339696 6.565710478532777 0.017971433343939622 759.3724004536695 32.0 759.6218888134771 32.0 2.2707960548965884 38.252818714497465 
164.45 54.87 17.0 -1.0 0.937759872398 117.70691646931512 1.9517718182388386 0.04147253848601452 74.36365879155721 16.0 76.28446042756376 16.0 0.9377496705080073 117.69319620359934 
164.51 62.34 17.0 -1.0 9.551586249996 66.63702878003346 0.08495577759102746 0.016589015394405805 3.51581663969914 16.0 -1.0 -1.0 -1.0 -1.0 
164.51 62.34 17.0 -1.0 392.967704 45.3379093391532 0.1862202917420173 0.038707702586946884 1.4624570452989154 1.0 -1.0 -1.0 -1.0 -1.0 
164.51 62.34 17.0 -1.0 2.251722292 30.0636404174064 0.15230644166683824 0.0718857333757585 1.7041703446412493 2.0 -1.0 -1.0 -1.0 -1.0 
164.51 62.34 17.0 -1.0 2.895278 94.9186711565694 0.4331752815716098 0.023501105142074888 18.888650150520377 16.0 18.88865029978999 16.0 2.8952854336239398 94.92366125449371 
164.51 62.34 17.0 -1.0 0.001235397512920972 0.0 0.010992693280787178 0.016589015394405805 -0.7502848148687752 1.0 -1.0 -1.0 -1.0 -1.0 
164.51 62.34 17.0 -1.0 17.907964240319043 40.40407802871594 0.4798086871639705 0.016589015394405805 36.87637017719347 8.0 37.164584100639566 16.0 17.907950677908957 40.37797530974732 
164.51 62.34 17.0 -1.0 1.18783958454 80.80815605743187 0.21663746911677162 0.03732528463741307 6.485273565067 8.0 6.853923703194627 8.0 1.1878000805154443 81.1607423519232 
164.51 62.34 17.0 -1.0 1.469313 121.21223408614782 0.2877702569594295 0.019353851293473442 19.83963310335388 16.0 19.89025412821484 16.0 1.4693190072042248 121.13392592924198 
164.51 62.34 17.0 -1.0 1.32079643042 58.5513642000294 1.6547099264003002 0.03732528463741307 87.96964198189876 32.0 88.299635272201 32.0 1.3207985224047056 58.4924053359247 
164.51 62.34 17.0 -1.0 121.14299859018674 60.95160645916104 8.379002485202363 0.02350110514207489 269.4738231921585 2.0 269.4738202970389 2.0 121.14275402079026 60.92115573049596 
164.51 62.34 17.0 -1.0 9.551586249996 66.63702878003346 0.08495577759102746 0.016589015394405805 3.51581663969914 16.0 -1.0 -1.0 -1.0 -1.0 
164.51 62.34 17.0 -1.0 392.967704 45.3379093391532 0.1862202917420173 0.038707702586946884 1.4624570452989154 1.0 -1.0 -1.0 -1.0 -1.0 
164.51 62.34 17.0 -1.0 2.251722292 30.0636404174064 0.15230644166683824 0.0718857333757585 1.7041703446412493 2.0 -1.0 -1.0 -1.0 -1.0 
164.51 62.34 17.0 -1.0 2.895278 94.9186711565694 0.4331752815716098 0.023501105142074888 18.888650150520377 16.0 18.88865029978999 16.0 2.8952854336239398 94.92366125449371 
164.51 62.34 17.0 -1.0 0.001235397512920972 0.0 0.010992693280787178 0.016589015394405805 -0.7502848148687752 1.0 -1.0 -1.0 -1.0 -1.0 
164.51 62.34 17.0 -1.0 17.907964240319043 40.40407802871594 0.4798086871639705 0.016589015394405805 36.87637017719347 8.0 37.164584100639566 16.0 17.907950677908957 40.37797530974732 
164.51 62.34 17.0 -1.0 1.18783958454 80.80815605743187 0.21663746911677162 0.03732528463741307 6.485273565067 8.0 6.853923703194627 8.0 1.1878000805154443 81.1607423519232 
164.51 62.34 17.0 -1.0 1.469313 121.21223408614782 0.2877702569594295 0.019353851293473442 19.83963310335388 16.0 19.89025412821484 16.0 1.4693190072042248 121.13392592924198 
164.51 62.34 17.0 -1.0 1.32079643042 58.5513642000294 1.6547099264003002 0.03732528463741307 87.96964198189876 32.0 88.299635272201 32.0 1.3207985224047056 58.4924053359247 
164.51 62.34 17.0 -1.0 121.14299859018674 60.95160645916104 8.379002485202363 0.02350110514207489 269.4738231921585 2.0 269.4738202970389 2.0 121.14275402079026 60.92115573049596 
165.07 22.91 17.0 -1.0 0.3275 54.694603575152584 0.37132738203638316 0.07741540517389377 0.627872183688187 1.0 -1.0 -1.0 -1.0 -1.0 
165.07 22.91 17.0 -1.0 0.2772407996741773 56.96335085643179 0.3889188437212902 0.026265941041142528 11.250507332615364 32.0 12.229940404863664 32.0 0.27724430159044766 57.78401980417475 
165.07 22.91 17.0 -1.0 5.2390899312 55.6065510117452 0.10097187478241296 0.02073626924300726 4.602430798329971 16.0 -1.0 -1.0 -1.0 -1.0 
165.07 22.91 17.0 -1.0 0.466973 46.66501760905658 0.5801981739716653 0.024883523091608708 29.82878066425292 32.0 30.115859015692187 32.0 0.4669648963802805 47.15823682792545 
165.07 22.91 17.0 -1.0 271.73913 54.438813440498556 0.4702916161939979 0.06773847952715704 3.2791095179564356 1.0 -1.0 -1.0 -1.0 -1.0 
165.07 22.91 17.0 -1.0 2.51515580675 74.13465380885872 0.2381429251126675 0.012441761545804354 28.559876357192337 32.0 29.1847346921102 32.0 2.515146964772915 74.07688703442366 
165.07 22.91 17.0 -1.0 3.39287005624701 111.20198071328807 0.07262499384819729 0.03732528463741307 2.1980704240347877 1.0 -1.0 -1.0 -1.0 -1.0 
165.07 22.91 17.0 -1.0 4.279869765973 50.112623771784776 2.2117420426236243 0.04009012053648069 130.43755545509708 32.0 130.82703360359218 32.0 4.279869851112987 50.092976888032396 
165.07 22.91 17.0 -1.0 0.45094 0.0 1.1145632277090602 0.03732528463741307 13.237825933090733 16.0 -1.0 -1.0 -1.0 -1.0 
165.07 22.91 17.0 -1.0 208.428863 37.06732690442936 1.9639449623086547 0.022118687192541075 64.35755593769203 1.0 64.35755669277547 1.0 208.4290220712622 37.03844351721183 
165.53 31.71 17.0 -1.0 0.98597987402 77.62003629690564 0.161517960493532 0.009676925646736721 22.63280410685329 32.0 23.264319443370777 32.0 0.9859832061920316 77.61881469317343 
165.53 31.71 17.0 -1.0 94.08695464729132 76.69268898053228 0.4755188273662868 0.013824179495338172 16.43479367561064 2.0 16.43479375484521 2.0 94.08686310052872 76.7080332952092 
165.53 31.71 17.0 -1.0 0.7886 103.45785118068747 0.283821508860516 0.0967692564673672 0.2685822685934707 8.0 -1.0 -1.0 -1.0 -1.0 
165.53 31.71 17.0 -1.0 0.1298824344332248 81.31876639784305 0.06498023507433717 0.03456044873834543 0.6138859770579409 1.0 -1.0 -1.0 -1.0 -1.0 
165.53 31.71 17.0 -1.0 0.7654706993131225 68.8475438673048 0.3632085100703893 0.04285495643554833 8.626905474799559 8.0 8.814863064010606 8.0 0.7654307410120965 69.32058417838827 
165.53 31.71 17.0 -1.0 98.05993400760246 42.49808908483422 0.02298985084394086 0.012441761545804354 0.45103847125283436 2.0 -1.0 -1.0 -1.0 -1.0 
165.53 31.71 17.0 -1.0 2.88260068591 0.0 0.1471352636091612 0.006912089747669086 16.1205771717459 32.0 -1.0 -1.0 -1.0 -1.0 
165.53 31.71 17.0 -1.0 0.04155204828721927 35.52699546520001 0.9534500147295625 0.06635606157762322 2.760615847611108 4.0 -1.0 -1.0 -1.0 -1.0 
165.53 31.71 17.0 -1.0 8.8799529 71.05399093040002 3.3362018990225044 0.04147253848601452 177.3789444552817 16.0 177.37893554617972 16.0 8.879942470230162 71.04094904120959 
165.53 31.71 17.0 -1.0 0.010043631180800433 106.58098639560004 2.9583333176866105 0.012441761545804354 29.602157366950262 32.0 29.815160875872152 32.0 0.010034758209561309 106.56142356181435 
165.65 30.89 17.0 -1.0 0.024721067867432903 39.49202175281773 0.021618894558229785 0.02488352309160871 0.47567226160915593 8.0 -1.0 -1.0 -1.0 -1.0 
165.65 30.89 17.0 -1.0 1.1366337475 7.177458989912593 0.7123366155325607 0.01520659744487199 101.64521500802879 32.0 102.51209673738177 32.0 1.1366258452956877 7.185053250606668 
165.65 30.89 17.0 -1.0 0.266984253314 25.54236891655373 0.27992694499771287 0.012441761545804354 23.798275164787636 32.0 23.980952794193637 32.0 0.26699732795047265 25.603077076105446 
165.65 30.89 17.0 -1.0 0.454595 63.797265494289945 0.023568787118632552 0.027648358990676344 0.3846938226616921 1.0 -1.0 -1.0 -1.0 -1.0 
165.65 30.89 17.0 -1.0 0.02286328633862479 35.54601903919565 0.03857079814977539 0.016589015394405805 0.6378624216955945 8.0 -1.0 -1.0 -1.0 -1.0 
165.65 30.89 17.0 -1.0 0.006030553058460687 71.0920380783913 0.4574735998438597 0.035942866687879244 0.2206919852346675 1.0 -1.0 -1.0 -1.0 -1.0 
165.65 30.89 17.0 -1.0 0.90193703186 106.63805711758695 0.09587340896247087 0.045619792334615966 -0.6079852700491436 4.0 -1.0 -1.0 -1.0 -1.0 
165.65 30.89 17.0 -1.0 20.088207070863376 91.31263576765471 5.148386787799173 0.012441761545804354 446.42774859227563 16.0 446.8836618298524 16.0 20.08825200997914 91.28053566263681 
165.65 30.89 17.0 -1.0 1.217137 64.24519012664705 2.865798985321953 0.013824179495338172 478.21988082432614 32.0 478.2761593606517 32.0 1.2171464428926508 64.26068752303146 
165.65 30.89 17.0 -1.0 0.56755806947 0.0 1.2431096876126295 0.024883523091608708 26.300186574887114 16.0 -1.0 -1.0 -1.0 -1.0 
165.68 55.26 17.0 -1.0 0.012696279384148386 46.00722277067012 0.39405746208593423 0.09400442056829957 0.6793963448960958 8.0 -1.0 -1.0 -1.0 -1.0 
165.68 55.26 17.0 -1.0 103.61942463713534 26.36197425220889 0.05874581018442158 0.022118687192541075 1.641966039278734 1.0 -1.0 -1.0 -1.0 -1.0 
165.68 55.26 17.0 -1.0 1.636554 10.368651788285277 0.36572640384638283 0.009676925646736721 46.16834136471846 32.0 46.884442181800786 32.0 1.6365447663702073 10.322189176927887 
165.68 55.26 17.0 -1.0 0.965804 93.12998565446267 0.4101675476545251 0.1769494975403286 2.928580953770534 1.0 -1.0 -1.0 -1.0 -1.0 
165.68 55.26 17.0 -1.0 14.832641066111385 0.0 0.011934594860975856 0.012441761545804354 1.2264063340058629 16.0 -1.0 -1.0 -1.0 -1.0 
165.68 55.26 17.0 -1.0 7.6528557869497265 78.27568835867459 0.1471352636091612 0.03456044873834543 2.254672126671263 8.0 -1.0 -1.0 -1.0 -1.0 
165.68 55.26 17.0 -1.0 405.6890420980896 48.60232134961808 1.6387830076108616 0.013824179495338172 53.23292542161564 1.0 53.23292569466759 1.0 405.68896414091193 48.57500789142535 
165.68 55.26 17.0 -1.0 6.485967824735405 104.19144656563451 1.2371126305091658 0.08018024107296139 26.78745995953033 8.0 26.901353726795584 8.0 6.485909883243343 104.1326731672431 
165.68 55.26 17.0 -1.0 0.009504760465857926 39.13784417933729 1.2100638333007934 0.016589015394405805 2.6116370934221385 2.0 -1.0 -1.0 -1.0 -1.0 
165.68 55.26 17.0 -1.0 1.480064901357 117.41353253801188 5.344077987429741 0.026265941041142528 297.4070748773203 32.0 297.7537523492939 32.0 1.4800510446851454 117.38960240427792 
166.02 30.89 17.0 -1.0 2.440014 0.3819589765194332 0.20456488360295152 0.011059343596270537 8.653977573013218 32.0 -1.0 -1.0 -1.0 -1.0 
166.02 30.89 17.0 -1.0 134.589502 52.275329925312434 0.3482203802462814 0.14377146675151697 2.9230374159307697 2.0 -1.0 -1.0 -1.0 -1.0 
166.02 30.89 17.0 -1.0 2.95893 99.50031338331236 0.03594641348036989 0.06497364362808941 1.4052935016771386 2.0 -1.0 -1.0 -1.0 -1.0 
166.02 30.89 17.0 -1.0 0.003739332788253594 35.363035242757526 0.1796492641028968 0.08570991287109667 3.208896095700569 1.0 -1.0 -1.0 -1.0 -1.0 
166.02 30.89 17.0 -1.0 3.1349986738 70.72607048551505 0.44377692492996235 0.03732528463741307 14.380476597307313 16.0 16.558028933500523 16.0 3.135028237011284 70.53495937567389 
166.02 30.89 17.0 -1.0 9.74485168391 106.08910572827259 0.021234043527078993 0.009676925646736723 0.012856131351212578 1.0 -1.0 -1.0 -1.0 -1.0 
166.02 30.89 17.0 -1.0 282.212313459989 62.69432200703697 4.05939064075385 0.016589015394405805 145.17302225397214 1.0 145.17302374064738 1.0 282.2120829174916 62.74271852642442 
166.02 30.89 17.0 -1.0 157.41960688741847 78.77903890713311 2.3863699619569054 0.017971433343939622 94.44430204249475 1.0 94.44430281696617 1.0 157.41970855742693 78.73199195735194 
166.02 30.89 17.0 -1.0 0.11739317729588838 29.145591902746755 4.392019568453393 0.027648358990676344 147.02833916645918 32.0 150.17305682795643 32.0 0.11738544950882594 32.68693239360498 
166.02 30.89 17.0 -1.0 7.16816991526 0.0 4.176015252414192 0.04423737438508215 176.12750642302876 32.0 -1.0 -1.0 -1.0 -1.0 
166.02 30.89 17.0 -1.0 2.440014 0.3819589765194332 0.20456488360295152 0.011059343596270537 8.653977573013218 32.0 -1.0 -1.0 -1.0 -1.0 
166.02 30.89 17.0 -1.0 134.589502 52.275329925312434 0.3482203802462814 0.14377146675151697 2.9230374159307697 2.0 -1.0 -1.0 -1.0 -1.0 
166.02 30.89 17.0 -1.0 2.95893 99.50031338331236 0.03594641348036989 0.06497364362808941 1.4052935016771386 2.0 -1.0 -1.0 -1.0 -1.0 
166.02 30.89 17.0 -1.0 0.003739332788253594 35.363035242757526 0.1796492641028968 0.08570991287109667 3.208896095700569 1.0 -1.0 -1.0 -1.0 -1.0 
166.02 30.89 17.0 -1.0 3.1349986738 70.72607048551505 0.44377692492996235 0.03732528463741307 14.380476597307313 16.0 16.558028933500523 16.0 3.135028237011284 70.53495937567389 
166.02 30.89 17.0 -1.0 9.74485168391 106.08910572827259 0.021234043527078993 0.009676925646736723 0.012856131351212578 1.0 -1.0 -1.0 -1.0 -1.0 
166.02 30.89 17.0 -1.0 282.212313459989 62.69432200703697 4.05939064075385 0.016589015394405805 145.17302225397214 1.0 145.17302374064738 1.0 282.2120829174916 62.74271852642442 
166.02 30.89 17.0 -1.0 157.41960688741847 78.77903890713311 2.3863699619569054 0.017971433343939622 94.44430204249475 1.0 94.44430281696617 1.0 157.41970855742693 78.73199195735194 
166.02 30.89 17.0 -1.0 0.11739317729588838 29.145591902746755 4.392019568453393 0.027648358990676344 147.02833916645918 32.0 150.17305682795643 32.0 0.11738544950882594 32.68693239360498 
166.02 30.89 17.0 -1.0 7.16816991526 0.0 4.176015252414192 0.04423737438508215 176.12750642302876 32.0 -1.0 -1.0 -1.0 -1.0 
166.02 30.89 17.0 -1.0 2.440014 0.3819589765194332 0.20456488360295152 0.011059343596270537 8.653977573013218 32.0 -1.0 -1.0 -1.0 -1.0 
166.02 30.89 17.0 -1.0 134.589502 52.275329925312434 0.3482203802462814 0.14377146675151697 2.9230374159307697 2.0 -1.0 -1.0 -1.0 -1.0 
166.02 30.89 17.0 -1.0 2.95893 99.50031338331236 0.03594641348036989 0.06497364362808941 1.4052935016771386 2.0 -1.0 -1.0 -1.0 -1.0 
166.02 30.89 17.0 -1.0 0.003739332788253594 35.363035242757526 0.1796492641028968 0.08570991287109667 3.208896095700569 1.0 -1.0 -1.0 -1.0 -1.0 
166.02 30.89 17.0 -1.0 3.1349986738 70.72607048551505 0.44377692492996235 0.03732528463741307 14.380476597307313 16.0 16.558028933500523 16.0 3.135028237011284 70.53495937567389 
166.02 30.89 17.0 -1.0 9.74485168391 106.08910572827259 0.021234043527078993 0.009676925646736723 0.012856131351212578 1.0 -1.0 -1.0 -1.0 -1.0 
166.02 30.89 17.0 -1.0 282.212313459989 62.69432200703697 4.05939064075385 0.016589015394405805 145.17302225397214 1.0 145.17302374064738 1.0 282.2120829174916 62.74271852642442 
166.02 30.89 17.0 -1.0 157.41960688741847 78.77903890713311 2.3863699619569054 0.017971433343939622 94.44430204249475 1.0 94.44430281696617 1.0 157.41970855742693 78.73199195735194 
166.02 30.89 17.0 -1.0 0.11739317729588838 29.145591902746755 4.392019568453393 0.027648358990676344 147.02833916645918 32.0 150.17305682795643 32.0 0.11738544950882594 32.68693239360498 
166.02 30.89 17.0 -1.0 7.16816991526 0.0 4.176015252414192 0.04423737438508215 176.12750642302876 32.0 -1.0 -1.0 -1.0 -1.0 
166.04 62.73 17.0 -1.0 89.12656 30.92058855858131 0.29420284267010577 0.019353851293473442 10.219362241351336 2.0 10.35369226356351 2.0 89.12660026301941 30.966567530783667 
166.04 62.73 17.0 -1.0 5.14255433375 47.7347162696785 0.24770763559917114 0.03041319488974398 9.990609031530372 16.0 -1.0 -1.0 -1.0 -1.0 
166.04 62.73 17.0 -1.0 0.0033797653924131465 26.39975192022736 0.13797931399683 0.06635606157762322 3.3082658093460564 1.0 -1.0 -1.0 -1.0 -1.0 
166.04 62.73 17.0 -1.0 0.80262320764 40.28863239474258 0.03713273820363831 0.019353851293473442 1.7750699788070399 2.0 -1.0 -1.0 -1.0 -1.0 
166.04 62.73 17.0 -1.0 0.2415 80.57726478948516 0.4851416789583008 0.03732528463741307 6.080540937458063 32.0 6.871168883152949 32.0 0.24150115981077155 80.65475268638751 
166.04 62.73 17.0 -1.0 0.010371972211429208 120.86589718422773 0.22117420426236242 0.029030776940210154 0.5664165889041005 8.0 -1.0 -1.0 -1.0 -1.0 
166.04 62.73 17.0 -1.0 0.1163191608677697 13.175700363117135 1.369347431001146 0.027648358990676344 4.057903727784761 16.0 12.296545379720131 32.0 0.11632437235675754 19.632399022784412 
166.04 62.73 17.0 -1.0 0.005786220211666527 57.03023331485013 1.770617745443083 0.05114946413275124 5.235937752555739 1.0 -1.0 -1.0 -1.0 -1.0 
166.04 62.73 17.0 -1.0 38.75612394427302 0.27801936546026984 2.6763490543696693 0.012441761545804354 249.133051779983 8.0 -1.0 -1.0 -1.0 -1.0 
166.04 62.73 17.0 -1.0 0.40047870082 0.0 2.5063395307772143 0.02073626924300726 105.9911485787515 32.0 -1.0 -1.0 -1.0 -1.0 
166.04 62.73 17.0 -1.0 89.12656 30.92058855858131 0.29420284267010577 0.019353851293473442 10.219362241351336 2.0 10.35369226356351 2.0 89.12660026301941 30.966567530783667 
166.04 62.73 17.0 -1.0 5.14255433375 47.7347162696785 0.24770763559917114 0.03041319488974398 9.990609031530372 16.0 -1.0 -1.0 -1.0 -1.0 
166.04 62.73 17.0 -1.0 0.0033797653924131465 26.39975192022736 0.13797931399683 0.06635606157762322 3.3082658093460564 1.0 -1.0 -1.0 -1.0 -1.0 
166.04 62.73 17.0 -1.0 0.80262320764 40.28863239474258 0.03713273820363831 0.019353851293473442 1.7750699788070399 2.0 -1.0 -1.0 -1.0 -1.0 
166.04 62.73 17.0 -1.0 0.2415 80.57726478948516 0.4851416789583008 0.03732528463741307 6.080540937458063 32.0 6.871168883152949 32.0 0.24150115981077155 80.65475268638751 
166.04 62.73 17.0 -1.0 0.010371972211429208 120.86589718422773 0.22117420426236242 0.029030776940210154 0.5664165889041005 8.0 -1.0 -1.0 -1.0 -1.0 
166.04 62.73 17.0 -1.0 0.1163191608677697 13.175700363117135 1.369347431001146 0.027648358990676344 4.057903727784761 16.0 12.296545379720131 32.0 0.11632437235675754 19.632399022784412 
166.04 62.73 17.0 -1.0 0.005786220211666527 57.03023331485013 1.770617745443083 0.05114946413275124 5.235937752555739 1.0 -1.0 -1.0 -1.0 -1.0 
166.04 62.73 17.0 -1.0 38.75612394427302 0.27801936546026984 2.6763490543696693 0.012441761545804354 249.133051779983 8.0 -1.0 -1.0 -1.0 -1.0 
166.04 62.73 17.0 -1.0 0.40047870082 0.0 2.5063395307772143 0.02073626924300726 105.9911485787515 32.0 -1.0 -1.0 -1.0 -1.0 
166.21 63.13 17.0 -1.0 380.4101541109875 72.29009481901228 0.22847352570395624 0.017971433343939622 3.891471408660342 1.0 -1.0 -1.0 -1.0 -1.0 
166.21 63.13 17.0 -1.0 1.1510060470512 49.14176768889145 0.09869597232407606 0.02211868719254107 1.0096949836302576 16.0 -1.0 -1.0 -1.0 -1.0 
166.21 63.13 17.0 -1.0 1.4651102368 40.53378620901911 0.049325251342871065 0.012441761545804354 1.2457517870097354 8.0 -1.0 -1.0 -1.0 -1.0 
166.21 63.13 17.0 -1.0 0.7540633266 19.274130120895588 0.16073875939650326 0.06635606157762322 0.8160618441251023 8.0 -1.0 -1.0 -1.0 -1.0 
166.21 63.13 17.0 -1.0 21.039344 88.96124882433466 0.06093663775073114 0.017971433343939622 2.137711514261992 2.0 -1.0 -1.0 -1.0 -1.0 
166.21 63.13 17.0 -1.0 0.001688577540147115 16.259520573092196 0.05467310982077168 0.011059343596270537 6.120186608116838 2.0 -1.0 -1.0 -1.0 -1.0 
166.21 63.13 17.0 -1.0 357.99117399581 0.0 0.048749346349289575 0.06635606157762322 1.605317866392129 1.0 -1.0 -1.0 -1.0 -1.0 
166.21 63.13 17.0 -1.0 1.097574 40.35218322421168 0.2724855863352145 0.06359122567855559 2.2184119267340856 16.0 -1.0 -1.0 -1.0 -1.0 
166.21 63.13 17.0 -1.0 0.863111 80.70436644842336 0.15941172158710837 0.024883523091608708 3.2434053394167512 16.0 -1.0 -1.0 -1.0 -1.0 
166.21 63.13 17.0 -1.0 204.55934656546316 121.05654967263504 0.10230597298425086 0.011059343596270537 2.202720151412767 1.0 -1.0 -1.0 -1.0 -1.0 
166.23 46.72 17.0 -1.0 3.5010987476 89.64923036218819 0.5593385696288847 0.027648358990676344 35.05707908125668 16.0 35.205754391584684 16.0 3.5010695379848285 89.76256666602976 
166.23 46.72 17.0 -1.0 6.625831 33.52471531211807 0.7465988364051016 0.03456044873834543 47.26712506233387 16.0 47.267124800211185 16.0 6.625850801356138 33.49651585846206 
166.23 46.72 17.0 -1.0 10.92827132616 75.42221428148633 0.02848035868435802 0.015206597444871989 -0.6000672291503001 32.0 -1.0 -1.0 -1.0 -1.0 
166.23 46.72 17.0 -1.0 2.307124 54.16564186822683 0.23797846217159135 0.01520659744487199 26.64969841439782 32.0 27.447991877030404 32.0 2.307115209987387 54.14089421231784 
166.23 46.72 17.0 -1.0 2.88877878309566 37.3081389433354 0.09364770737528129 0.031795612839277794 2.2379361809940934 16.0 -1.0 -1.0 -1.0 -1.0 
166.23 46.72 17.0 -1.0 327.405572743031 42.9720808291223 2.668963498312709 0.013824179495338172 104.10813056704336 1.0 104.10813006657082 1.0 327.4054809783896 43.00912157053286 
166.23 46.72 17.0 -1.0 0.331895 41.192304623904676 8.350109471768242 0.022118687192541075 722.4219993222697 32.0 722.6110761023401 32.0 0.33190493316700065 41.18755877460441 
166.23 46.72 17.0 -1.0 0.48604 0.0 4.090356641242351 0.026265941041142528 175.99585451787124 32.0 -1.0 -1.0 -1.0 -1.0 
166.23 46.72 17.0 -1.0 47.879219131211826 74.6162778866708 2.6708079744159328 0.026265941041142524 97.62229579683334 8.0 97.66007321273746 8.0 47.8793178141738 74.58287669995934 
166.23 46.72 17.0 -1.0 1.01843145175 111.92441683000621 1.3951293055905147 0.02073626924300726 167.3378873721688 32.0 167.80841328899172 32.0 1.018421850555266 111.82371608338546 
166.23 46.72 17.0 -1.0 3.5010987476 89.64923036218819 0.5593385696288847 0.027648358990676344 35.05707908125668 16.0 35.205754391584684 16.0 3.5010695379848285 89.76256666602976 
166.23 46.72 17.0 -1.0 6.625831 33.52471531211807 0.7465988364051016 0.03456044873834543 47.26712506233387 16.0 47.267124800211185 16.0 6.625850801356138 33.49651585846206 
166.23 46.72 17.0 -1.0 10.92827132616 75.42221428148633 0.02848035868435802 0.015206597444871989 -0.6000672291503001 32.0 -1.0 -1.0 -1.0 -1.0 
166.23 46.72 17.0 -1.0 2.307124 54.16564186822683 0.23797846217159135 0.01520659744487199 26.64969841439782 32.0 27.447991877030404 32.0 2.307115209987387 54.14089421231784 
166.23 46.72 17.0 -1.0 2.88877878309566 37.3081389433354 0.09364770737528129 0.031795612839277794 2.2379361809940934 16.0 -1.0 -1.0 -1.0 -1.0 
166.23 46.72 17.0 -1.0 327.405572743031 42.9720808291223 2.668963498312709 0.013824179495338172 104.10813056704336 1.0 104.10813006657082 1.0 327.4054809783896 43.00912157053286 
166.23 46.72 17.0 -1.0 0.331895 41.192304623904676 8.350109471768242 0.022118687192541075 722.4219993222697 32.0 722.6110761023401 32.0 0.33190493316700065 41.18755877460441 
166.23 46.72 17.0 -1.0 0.48604 0.0 4.090356641242351 0.026265941041142528 175.99585451787124 32.0 -1.0 -1.0 -1.0 -1.0 
166.23 46.72 17.0 -1.0 47.879219131211826 74.6162778866708 2.6708079744159328 0.026265941041142524 97.62229579683334 8.0 97.66007321273746 8.0 47.8793178141738 74.58287669995934 
166.23 46.72 17.0 -1.0 1.01843145175 111.92441683000621 1.3951293055905147 0.02073626924300726 167.3378873721688 32.0 167.80841328899172 32.0 1.018421850555266 111.82371608338546 
166.24 54.48 17.0 -1.0 0.4430253439574548 66.83637688733417 0.029788415625140053 0.015206597444871989 1.1458285748387096 8.0 -1.0 -1.0 -1.0 -1.0 
166.24 54.48 17.0 -1.0 2.8623496843889664 103.00142587114178 0.24770763559917114 0.01520659744487199 17.478032827702652 16.0 18.573908668726027 16.0 2.8623617254197598 102.91829796995746 
166.24 54.48 17.0 -1.0 1.024097 61.23745689274986 0.07533342255189891 0.011059343596270537 3.813435410318619 16.0 -1.0 -1.0 -1.0 -1.0 
166.24 54.48 17.0 -1.0 1.988072 62.02060436589631 0.012984084737153605 0.008294507697202903 3.0484850151734078 8.0 -1.0 -1.0 -1.0 -1.0 
166.24 54.48 17.0 -1.0 269.50524824275607 81.56422488978976 0.09567491384329682 0.045619792334615966 1.7315008701335999 1.0 -1.0 -1.0 -1.0 -1.0 
166.24 54.48 17.0 -1.0 3.355903725917 0.0 0.0296651961793641 0.019353851293473442 1.1615519931288691 16.0 -1.0 -1.0 -1.0 -1.0 
166.24 54.48 17.0 -1.0 0.57110576181 38.95866459697181 0.0430193026711385 0.016589015394405805 1.2493795641412413 32.0 -1.0 -1.0 -1.0 -1.0 
166.24 54.48 17.0 -1.0 0.033480344337898225 77.91732919394362 0.3484610295359497 0.04147253848601451 1.5482217368446352 4.0 -1.0 -1.0 -1.0 -1.0 
166.24 54.48 17.0 -1.0 169.70988635881 69.78194648782528 5.628271480212304 0.031795612839277794 128.20023875105386 1.0 128.20023751987705 1.0 169.71025615930557 69.82657384392395 
166.24 54.48 17.0 -1.0 10.120025887 116.87599379091542 1.5908167753196745 0.0483846282336836 62.51464790023913 8.0 62.561213160106945 8.0 10.120008179607492 116.7824148056351 
166.24 54.48 17.0 -1.0 0.4430253439574548 66.83637688733417 0.029788415625140053 0.015206597444871989 1.1458285748387096 8.0 -1.0 -1.0 -1.0 -1.0 
166.24 54.48 17.0 -1.0 2.862349684388967 103.00142587114178 0.24770763559917114 0.01520659744487199 17.4780328277292 16.0 18.573908668726027 16.0 2.8623617254197598 102.91829796995746 
166.24 54.48 17.0 -1.0 1.024097 61.23745689274986 0.07533342255189891 0.011059343596270537 3.813435410318619 16.0 -1.0 -1.0 -1.0 -1.0 
166.24 54.48 17.0 -1.0 1.988072 62.02060436589631 0.012984084737153605 0.008294507697202903 3.0484850151734078 8.0 -1.0 -1.0 -1.0 -1.0 
166.24 54.48 17.0 -1.0 269.50524824275607 81.56422488978976 0.09567491384329684 0.045619792334615966 1.7315008701335999 1.0 -1.0 -1.0 -1.0 -1.0 
166.24 54.48 17.0 -1.0 3.355903725917 0.0 0.0296651961793641 0.019353851293473442 1.1615519931288691 16.0 -1.0 -1.0 -1.0 -1.0 
166.24 54.48 17.0 -1.0 0.57110576181 38.95866459697181 0.0430193026711385 0.016589015394405805 1.2493795641412413 32.0 -1.0 -1.0 -1.0 -1.0 
166.24 54.48 17.0 -1.0 0.033480344337898225 77.91732919394362 0.3484610295359497 0.04147253848601451 1.5482217368446352 4.0 -1.0 -1.0 -1.0 -1.0 
166.24 54.48 17.0 -1.0 169.70988635881 69.78194648782528 5.628271480212304 0.031795612839277794 128.20023875105386 1.0 128.20023751987705 1.0 169.71025615930557 69.82657384392395 
166.24 54.48 17.0 -1.0 10.120025887 116.87599379091542 1.5908167753196745 0.0483846282336836 62.514647900239126 8.0 62.561213160106945 8.0 10.120008179607492 116.7824148056351 
