219.77 77.24 1.0 -1.0 0.417009 0.0 5.738202595704121 0.009676925646736721 144.5181540587417 32.0 -1.0 -1.0 -1.0 -1.0 
259.91 35.24 1.0 -1.0 0.8705844874014078 82.2615258871581 0.014774641499094882 0.024883523091608708 1.0816330261462372 1.0 -1.0 -1.0 -1.0 -1.0 
259.91 35.24 1.0 -1.0 189.48987107047 100.00866212446353 0.6255753505687536 0.009676925646736721 6.736678532355206 1.0 -1.0 -1.0 -1.0 -1.0 
259.91 35.24 1.0 -1.0 0.02957354326608582 78.28616737000169 0.027704113285326046 0.022118687192541075 1.4808725645613738 2.0 -1.0 -1.0 -1.0 -1.0 
259.91 35.24 1.0 -1.0 0.005893565998000033 140.4721327455199 0.1946385779317472 0.006912089747669086 0.18998959676882596 1.0 -1.0 -1.0 -1.0 -1.0 
259.91 35.24 1.0 -1.0 1.402741 62.38473330137603 0.14471583393489867 0.012441761545804354 2.9126304123369002 32.0 -1.0 -1.0 -1.0 -1.0 
259.91 35.24 1.0 -1.0 8.049655807682013 0.0 0.5604990198616275 0.019353851293473442 12.780082563462852 32.0 -1.0 -1.0 -1.0 -1.0 
259.91 35.24 1.0 -1.0 35.2051272362 94.64192812630237 0.7435105387260142 0.03041319488974398 5.864485713876359 8.0 -1.0 -1.0 -1.0 -1.0 
259.91 35.24 1.0 -1.0 0.027858516320436486 22.92930001859861 3.198530490463564 0.017971433343939622 2.914715177705398 32.0 -1.0 -1.0 -1.0 -1.0 
259.91 35.24 1.0 -1.0 1.7465751271 47.32096406315119 5.056737237508295 0.02073626924300726 119.7971137677054 32.0 120.5990400449319 32.0 1.7465633087946724 47.461830627246854 
259.91 35.24 1.0 -1.0 0.00545066611565636 141.96289218945356 1.2665147763003326 0.03041319488974398 0.28978015920790695 1.0 -1.0 -1.0 -1.0 -1.0 
260.69 35.24 1.0 -1.0 1.25904326788 34.500282376250894 0.3156820767645053 0.04700221028414978 1.785000595386497 1.0 -1.0 -1.0 -1.0 -1.0 
260.69 35.24 1.0 -1.0 40.820677605083 40.55220690975157 0.05931674589932816 0.03456044873834543 0.6548425269882141 4.0 -1.0 -1.0 -1.0 -1.0 
260.69 35.24 1.0 -1.0 0.08316833041187337 121.19661696423803 0.2270573754564139 0.05529671798135269 1.038265424419717 2.0 -1.0 -1.0 -1.0 -1.0 
260.69 35.24 1.0 -1.0 0.30673596894934135 9.846955594888275 0.8782018738445139 0.011059343596270537 23.217884197726214 32.0 23.65889346964065 32.0 0.3067422464179496 10.625782976249296 
260.69 35.24 1.0 -1.0 0.22032674928517554 46.963509384671525 0.17415024605683413 0.012441761545804354 1.9245944127014467 16.0 -1.0 -1.0 -1.0 -1.0 
260.69 35.24 1.0 -1.0 1.1399400551075 47.91226715001843 0.03560042195693782 0.06082638977948796 0.5660467335754688 8.0 -1.0 -1.0 -1.0 -1.0 
260.69 35.24 1.0 -1.0 0.23605010702742069 95.82453430003686 0.018532192071769888 0.07741540517389377 0.5232762989531129 8.0 -1.0 -1.0 -1.0 -1.0 
260.69 35.24 1.0 -1.0 2.096436 24.8114530755871 5.074234538283831 0.031795612839277794 92.69509558436016 16.0 95.10311836058634 32.0 2.096445920566718 24.69229567814122 
260.69 35.24 1.0 -1.0 2.538723048486 0.0 3.220703869641005 0.02073626924300726 43.00170994558037 32.0 -1.0 -1.0 -1.0 -1.0 
260.69 35.24 1.0 -1.0 1.569859 143.73680145005528 1.1355480623157956 0.035942866687879244 10.776224216495631 16.0 11.335992597011643 16.0 1.5698484882401924 143.59986707902618 
261.08 35.24 1.0 -1.0 6.8655515420342 98.3983237269287 0.7787340040212335 0.02073626924300726 18.494011473200676 16.0 18.494010575240647 16.0 6.865593604743482 98.36439098013635 
261.08 35.24 1.0 -1.0 87.412587 11.74473597916597 0.08055464889185993 0.019353851293473442 0.5659077937140952 2.0 -1.0 -1.0 -1.0 -1.0 
261.08 35.24 1.0 -1.0 6.34886199737 53.15505507812185 0.32700278778082853 0.012441761545804354 9.254594763317874 32.0 9.680579892986072 32.0 6.3488490316861625 53.12891488124648 
261.08 35.24 1.0 -1.0 269.50524824275607 0.0 0.2863819847249989 0.016589015394405805 2.1407428581406487 1.0 -1.0 -1.0 -1.0 -1.0 
261.08 35.24 1.0 -1.0 0.3271190846913666 96.41676112945856 0.8292621993569479 0.04423737438508215 2.9927019730292814 8.0 -1.0 -1.0 -1.0 -1.0 
261.08 35.24 1.0 -1.0 297.619048 59.53366168749647 3.176509766967631 0.027648358990676344 16.727635755160904 1.0 16.727635554288067 1.0 297.6186806336045 59.50438466699605 
261.08 35.24 1.0 -1.0 1.48895087786 23.127872944195058 6.001748986257364 0.024883523091608708 93.95714042137786 32.0 94.04234450889254 32.0 1.48896409276252 23.07312874842704 
261.08 35.24 1.0 -1.0 0.01525837918653331 12.872924903273047 1.7645121878428642 0.038707702586946884 1.0463495922605601 2.0 -1.0 -1.0 -1.0 -1.0 
261.08 35.24 1.0 -1.0 2.467080757786 48.20838056472928 5.830107566701397 0.04147253848601451 75.49147655012383 16.0 75.49147608116053 16.0 2.467095328029245 48.17021615899681 
261.08 35.24 1.0 -1.0 6.06185918633 144.62514169418785 4.683462602197249 0.01520659744487199 91.25687207216777 32.0 91.36551712244687 32.0 6.061873136786745 144.61184641009757 
264.56 27.48 1.0 -1.0 0.0017679866917203356 42.85601896084418 0.12850229707873087 0.030413194889743984 4.784396189500918 1.0 -1.0 -1.0 -1.0 -1.0 
264.56 27.48 1.0 -1.0 6.3945110925 51.26716597488182 0.028916525901591474 0.019353851293473442 2.0654327034907918 1.0 -1.0 -1.0 -1.0 -1.0 
264.56 27.48 1.0 -1.0 2.915451911126324 156.10435565081886 0.18328474204317416 0.02073626924300726 2.3002384731606798 16.0 -1.0 -1.0 -1.0 -1.0 
264.56 27.48 1.0 -1.0 0.52816361159 64.00637892818153 0.14949183117699152 0.11612310776084063 0.3516305099869417 8.0 -1.0 -1.0 -1.0 -1.0 
264.56 27.48 1.0 -1.0 0.615241 20.660390238364286 0.850732412039196 0.022118687192541075 14.732570349429992 32.0 14.797290976769784 32.0 0.6152428492593269 20.84677422007005 
264.56 27.48 1.0 -1.0 0.7479 0.0 0.052780347741142236 0.07603298722435994 1.6260178025453675 1.0 -1.0 -1.0 -1.0 -1.0 
264.56 27.48 1.0 -1.0 4.39434966955 163.30691066672293 0.16823741714892704 0.009676925646736721 2.6682512962990095 8.0 -1.0 -1.0 -1.0 -1.0 
264.56 27.48 1.0 -1.0 6.0270868794 132.94511979469195 1.510490199506004 0.03732528463741307 16.39558526156589 16.0 16.705469536947472 16.0 6.027100122688959 132.97408410277689 
264.56 27.48 1.0 -1.0 2.45278075482 54.435636888907645 5.993462160580798 0.03041319488974398 106.86832862320139 32.0 106.86833087138116 32.0 2.4527859447213514 54.444488011639244 
264.56 27.48 1.0 -1.0 0.257347 108.87127377781529 7.383917380647688 0.024883523091608708 105.825660019322 32.0 106.67111024523518 32.0 0.2573566841116796 109.79975742124273 
264.93 27.48 1.0 -1.0 0.61215781184 120.70247590981306 0.08513203390023166 0.016589015394405805 1.8253738087928042 32.0 -1.0 -1.0 -1.0 -1.0 
264.93 27.48 1.0 -1.0 105.05786516024189 57.275282245566785 0.01568987783040777 0.012441761545804354 0.9492325509525829 2.0 -1.0 -1.0 -1.0 -1.0 
264.93 27.48 1.0 -1.0 0.014047014593541574 44.872765642132734 0.055204463987880675 0.017971433343939622 2.0668144610032733 4.0 -1.0 -1.0 -1.0 -1.0 
264.93 27.48 1.0 -1.0 3.35439493491 0.0 0.015624976827451327 0.1382417949533817 0.9597481389722957 8.0 -1.0 -1.0 -1.0 -1.0 
264.93 27.48 1.0 -1.0 268.3592272034145 91.1601419313415 5.296297807688797 0.019353851293473442 28.041150080482776 1.0 28.041150515854 1.0 268.3596297477683 91.17933772952968 
264.93 27.48 1.0 -1.0 0.0016053407386059828 46.07353979604611 3.1307584754395146 0.03732528463741307 7.099130723019517 2.0 -1.0 -1.0 -1.0 -1.0 
264.93 27.48 1.0 -1.0 3.18107864855 73.57620260896617 7.787340040212339 0.009676925646736721 368.9796477874507 32.0 369.000525428219 32.0 3.181078985411053 73.57089736888798 
264.93 27.48 1.0 -1.0 0.403403 54.8243870547025 1.1992449291625817 0.012441761545804354 46.24221307973374 32.0 46.32147794696275 32.0 0.4033912167263528 54.84927974406779 
264.93 27.48 1.0 -1.0 37.0153919947092 109.648774109405 1.1316323927026737 0.013824179495338172 12.457939766148346 4.0 12.457940069415098 4.0 37.01546423447629 109.69855948813559 
264.93 27.48 1.0 -1.0 0.6933132465193 164.4731611641075 1.7235490300747436 0.024883523091608708 30.46244475232244 32.0 30.63394033532452 32.0 0.6933078111615032 164.24424543288197 
265.65 27.48 1.0 -1.0 170.21091053538174 80.79714926594293 0.1765731612749341 0.009676925646736721 1.77830199280746 1.0 -1.0 -1.0 -1.0 -1.0 
265.65 27.48 1.0 -1.0 0.1698 106.55468579025222 0.09198062783746261 0.04285495643554833 1.9344754247798503 8.0 -1.0 -1.0 -1.0 -1.0 
265.65 27.48 1.0 -1.0 205.338809 136.77218486449055 0.8721557721439988 0.006912089747669087 9.176278488139143 1.0 9.176278413402642 1.0 205.339165404439 136.8196055608481 
265.65 27.48 1.0 -1.0 0.754761301536 142.03393843463155 0.05049755222753033 0.02350110514207489 0.31150497426564056 1.0 -1.0 -1.0 -1.0 -1.0 
265.65 27.48 1.0 -1.0 0.54318721077 82.63458702059535 0.06670869092409146 0.03456044873834543 1.3500454890643552 2.0 -1.0 -1.0 -1.0 -1.0 
265.65 27.48 1.0 -1.0 1.265823 0.0 0.032452721673060174 0.016589015394405805 1.8245701852563179 16.0 -1.0 -1.0 -1.0 -1.0 
265.65 27.48 1.0 -1.0 1.877218830111 111.34872793193625 0.03424943924681999 0.012441761545804354 0.9736093243613898 8.0 -1.0 -1.0 -1.0 -1.0 
265.65 27.48 1.0 -1.0 0.316364 167.02309189790438 0.08566299991989636 0.012441761545804354 0.15672980986425314 8.0 -1.0 -1.0 -1.0 -1.0 
265.65 27.48 1.0 -1.0 0.015049463167676878 68.05201284049029 2.550002780972153 0.022118687192541075 1.5408577268335582 32.0 -1.0 -1.0 -1.0 -1.0 
265.65 27.48 1.0 -1.0 305.10813096872624 55.674363965968126 3.436794901146625 0.016589015394405805 32.88652866747278 1.0 32.88652925889512 1.0 305.108066337804 55.658863208924885 
270.93 46.22 1.0 -1.0 0.0015979803278525855 91.53682489074971 0.1671946291094496 0.13409454110478025 5.531859802966176 4.0 -1.0 -1.0 -1.0 -1.0 
270.93 46.22 1.0 -1.0 1.647717 51.64926991042302 0.02234780758865013 0.011059343596270537 2.7699957684465066 16.0 -1.0 -1.0 -1.0 -1.0 
270.93 46.22 1.0 -1.0 9.85349875132 154.94780973126907 0.021798863071150053 0.012441761545804354 1.370677011429278 32.0 -1.0 -1.0 -1.0 -1.0 
270.93 46.22 1.0 -1.0 231.768195441668 51.726751563453966 3.9080417611293345 0.017971433343939622 35.904053414454 1.0 35.904052892967954 1.0 231.76835384219888 51.71214381774657 
270.93 46.22 1.0 -1.0 0.00933164015356051 65.30153717447423 3.667384419873411 0.03456044873834543 1.4850546969310479 1.0 -1.0 -1.0 -1.0 -1.0 
270.93 46.22 1.0 -1.0 0.9199421210660356 48.75145608706596 1.6174128236432772 0.024883523091608708 27.365478027530152 32.0 27.717344568511972 32.0 0.919953890843317 48.878601690746756 
270.93 46.22 1.0 -1.0 0.03125021007535721 2.355442252140504 2.5324469357735295 0.05529671798135269 1.0214580589426479 1.0 -1.0 -1.0 -1.0 -1.0 
270.93 46.22 1.0 -1.0 0.17834482179281347 84.08308986917352 1.3164729537922268 0.017971433343939622 24.147481541916935 32.0 24.526399705595587 32.0 0.17835191101767123 82.8811072147445 
270.93 46.22 1.0 -1.0 0.09995163806174966 0.0 1.7223587367143973 0.02073626924300726 8.602583862140904 32.0 -1.0 -1.0 -1.0 -1.0 
270.93 46.22 1.0 -1.0 4.990417853796 103.29853982084605 1.348692651777729 0.026265941041142528 20.777279691719023 32.0 21.041365463899076 32.0 4.990427745118117 103.22189176927888 
271.39 46.21 1.0 -1.0 2.505196756058 48.36017247258404 0.012201371230349731 0.024883523091608708 0.8952664741886712 16.0 -1.0 -1.0 -1.0 -1.0 
271.39 46.21 1.0 -1.0 0.03842942315605198 27.60988570243273 0.10901939067768149 0.027648358990676344 0.8142699097700595 2.0 -1.0 -1.0 -1.0 -1.0 
271.39 46.21 1.0 -1.0 1.0594664788 70.6850489976454 0.07841324719742547 0.01520659744487199 1.726206654820179 1.0 -1.0 -1.0 -1.0 -1.0 
271.39 46.21 1.0 -1.0 240.25490831930935 44.99273299673679 0.47716421559906697 0.04147253848601452 2.0126079159533163 1.0 -1.0 -1.0 -1.0 -1.0 
271.39 46.21 1.0 -1.0 3.796839809414 0.0 0.024532339934557328 0.019353851293473442 1.831971796661554 1.0 -1.0 -1.0 -1.0 -1.0 
271.39 46.21 1.0 -1.0 2.6347954362 51.96146191203179 0.7157897557357119 0.022118687192541075 15.07531585390964 32.0 15.094783940254368 32.0 2.634806151036173 51.81334175085371 
271.39 46.21 1.0 -1.0 1.2401876291652423 58.150690948658436 5.169771489346303 0.03732528463741307 69.37756469308756 32.0 69.37756595072797 32.0 1.240186975337565 58.188811536603296 
271.39 46.21 1.0 -1.0 276.35575461663 48.31340247986394 9.761104222351674 0.052531882082285056 38.67393700586063 1.0 38.67393657987855 1.0 276.3554221019149 48.271414092103946 
271.39 46.21 1.0 -1.0 0.00122409500578472 103.92292382406357 1.54745832551114 0.01520659744487199 7.844890113441038 4.0 -1.0 -1.0 -1.0 -1.0 
271.39 46.21 1.0 -1.0 0.002864427372031162 155.88438573609537 3.0015648767853427 0.02626594104114253 4.3584052679243275 2.0 -1.0 -1.0 -1.0 -1.0 
281.45 -3.68 1.0 -1.0 2.820474141608 98.0479086769536 0.019369959509055037 0.03317803078881161 1.3149666940918538 2.0 -1.0 -1.0 -1.0 -1.0 
281.45 -3.68 1.0 -1.0 29.53643 48.735578136485756 0.013589808011601763 0.013824179495338172 1.3943540215703432 1.0 -1.0 -1.0 -1.0 -1.0 
281.45 -3.68 1.0 -1.0 0.014911777391988974 70.36379328581376 0.03191908292528214 0.013824179495338172 0.47272231314545365 2.0 -1.0 -1.0 -1.0 -1.0 
281.45 -3.68 1.0 -1.0 0.007800489358851321 65.46139785196607 0.3467799705648205 0.02073626924300726 0.6131934044806773 4.0 -1.0 -1.0 -1.0 -1.0 
281.45 -3.68 1.0 -1.0 1.672775771619 59.405497610154235 0.052671071962505596 0.12441761545804357 1.6393423100692432 1.0 -1.0 -1.0 -1.0 -1.0 
281.45 -3.68 1.0 -1.0 6.964967814769 69.49866467984063 0.3292696902934551 0.07465056927482613 1.0389901516166893 1.0 -1.0 -1.0 -1.0 -1.0 
281.45 -3.68 1.0 -1.0 6.16053837508 1922.3157624722726 0.22942252941326938 0.027648358990676344 0.8092906778629857 2.0 -1.0 -1.0 -1.0 -1.0 
281.45 -3.68 1.0 -1.0 1.25242411862 0.0 7.798107160729393 0.029030776940210157 15.545599682958779 16.0 -1.0 -1.0 -1.0 -1.0 
281.45 -3.68 1.0 -1.0 0.34990225465 961.1578812361363 2.176876461507807 0.03732528463741307 1.3408382107327856 1.0 -1.0 -1.0 -1.0 -1.0 
281.45 -3.68 1.0 -1.0 0.4423 2883.473643708409 3.297249531200038 0.04700221028414978 1.5239382426745558 16.0 -1.0 -1.0 -1.0 -1.0 
281.66 12.76 1.0 -1.0 172.413793 7.355351708149208 0.14622327330595072 0.029030776940210157 2.0060085654515776 1.0 -1.0 -1.0 -1.0 -1.0 
281.66 12.76 1.0 -1.0 9.0363060726718 73.50666770755483 0.3793655635542592 0.08985716671969811 2.300337836405444 1.0 -1.0 -1.0 -1.0 -1.0 
281.66 12.76 1.0 -1.0 94.37951293046 76.27078076985293 0.3420214984281319 0.04147253848601452 1.3459465705734954 1.0 -1.0 -1.0 -1.0 -1.0 
281.66 12.76 1.0 -1.0 1.2866303199714193 85.68750493124142 0.5238077469231417 0.026265941041142528 2.5534196282754094 16.0 -1.0 -1.0 -1.0 -1.0 
281.66 12.76 1.0 -1.0 117.8372326493 312.29792666574923 0.02040003737485031 0.030413194889743984 1.6880003995663007 4.0 -1.0 -1.0 -1.0 -1.0 
281.66 12.76 1.0 -1.0 1.89585724668 468.4468899986238 0.012328467394420659 0.029030776940210157 1.529272029272421 2.0 -1.0 -1.0 -1.0 -1.0 
281.66 12.76 1.0 -1.0 0.0053760362056850895 75.5680401607941 2.383075017113359 0.18247916933846386 1.111658688544006 1.0 -1.0 -1.0 -1.0 -1.0 
281.66 12.76 1.0 -1.0 0.9535430745403 110.37712499617538 2.3797846217159146 0.012441761545804354 68.45883153684045 32.0 69.1587624969974 32.0 0.9535445618287971 110.3057470867784 
281.66 12.76 1.0 -1.0 0.51744 0.0 2.006458783970771 0.02350110514207489 4.942601745918245 32.0 -1.0 -1.0 -1.0 -1.0 
281.66 12.76 1.0 -1.0 0.17111903377682028 156.14896333287462 1.8027088572578762 0.026265941041142528 9.730825406659752 32.0 9.850806666351223 32.0 0.17113658638360602 154.73163972081116 
281.77 -3.68 1.0 -1.0 2.19539262108 41.20235476088358 0.0794492878999655 0.017971433343939622 1.9044759990908409 2.0 -1.0 -1.0 -1.0 -1.0 
281.77 -3.68 1.0 -1.0 0.006764755444253025 77.2304603192376 0.047782396393280496 0.056679135930886505 0.6954360730565031 1.0 -1.0 -1.0 -1.0 -1.0 
281.77 -3.68 1.0 -1.0 1.4408098283683 43.69365993247189 0.6805864343010567 0.030413194889743984 0.9935095279117802 4.0 -1.0 -1.0 -1.0 -1.0 
281.77 -3.68 1.0 -1.0 1.2925566305008442 48.867909135001455 0.7852166481863486 0.013824179495338172 3.1070645056900816 16.0 -1.0 -1.0 -1.0 -1.0 
281.77 -3.68 1.0 -1.0 3.474139356676 638.732318223372 0.1834114070676295 0.03456044873834543 0.5285185747682187 2.0 -1.0 -1.0 -1.0 -1.0 
281.77 -3.68 1.0 -1.0 41.14202978752838 1277.464636446744 0.12328467394420665 0.0884747487701643 0.5248292135406377 8.0 -1.0 -1.0 -1.0 -1.0 
281.77 -3.68 1.0 -1.0 18.57858377128551 50.01774229111914 4.272313035953059 0.016589015394405805 24.414754592858237 16.0 24.414754895775637 16.0 18.578612070996314 49.99177895492526 
281.77 -3.68 1.0 -1.0 0.07179470857397473 29.512384340353822 1.3292674224474204 0.012441761545804354 1.6828676890600551 4.0 -1.0 -1.0 -1.0 -1.0 
281.77 -3.68 1.0 -1.0 0.887461 0.0 4.407216815965332 0.016589015394405805 19.26998717029796 32.0 -1.0 -1.0 -1.0 -1.0 
281.77 -3.68 1.0 -1.0 0.827339092144 1916.196954670116 3.487018451343236 0.017971433343939622 0.7907599342136697 1.0 -1.0 -1.0 -1.0 -1.0 
281.99 12.75 1.0 -1.0 0.433862285366 47.52559178254041 0.19025143132328176 0.019353851293473442 1.366843562645051 4.0 -1.0 -1.0 -1.0 -1.0 
281.99 12.75 1.0 -1.0 0.03457486588770644 164.53388766052745 0.19183519718531422 0.017971433343939622 1.2195487976070893 2.0 -1.0 -1.0 -1.0 -1.0 
281.99 12.75 1.0 -1.0 0.3488566924050239 53.351930795394914 0.01684700296374747 0.017971433343939622 0.47794975436619513 4.0 -1.0 -1.0 -1.0 -1.0 
281.99 12.75 1.0 -1.0 0.18086 114.21550527678406 0.32655128354359775 0.024883523091608708 0.306340088319783 16.0 -1.0 -1.0 -1.0 -1.0 
281.99 12.75 1.0 -1.0 1.4566001023496797 104.82595066929126 0.015831422964399676 0.022118687192541075 0.8420751614109774 2.0 -1.0 -1.0 -1.0 -1.0 
281.99 12.75 1.0 -1.0 5.81382 0.0 0.013228547199179264 0.03317803078881161 1.2963765205405493 16.0 -1.0 -1.0 -1.0 -1.0 
281.99 12.75 1.0 -1.0 0.45813851213 481.4674693349763 0.011473765527464062 0.017971433343939622 1.466474041765585 8.0 -1.0 -1.0 -1.0 -1.0 
281.99 12.75 1.0 -1.0 6.108913257 12.712012391682542 3.1221189475784468 0.045619792334615966 20.548806110075738 16.0 20.689080583290455 16.0 6.108894012868405 12.750939571499154 
281.99 12.75 1.0 -1.0 5.750081 160.4891564449921 4.838028995267969 0.09400442056829957 12.924496794880435 8.0 13.356586233039115 8.0 5.750068036528925 160.49992190791792 
281.99 12.75 1.0 -1.0 0.872 320.9783128899842 4.121558857771903 0.011059343596270537 102.42772103398718 32.0 102.4277200814961 32.0 0.8719932035698246 320.99984381583585 
282.32 12.75 1.0 -1.0 11.733640367997436 85.32994458261483 0.014292740593793148 0.016589015394405805 1.3173335581707226 8.0 -1.0 -1.0 -1.0 -1.0 
282.32 12.75 1.0 -1.0 0.59262128589 117.64365839676081 0.03846435957016196 0.022118687192541075 0.9681391366491512 32.0 -1.0 -1.0 -1.0 -1.0 
282.32 12.75 1.0 -1.0 0.22032674928517554 121.6458156122743 0.4530703236219809 0.049767046183217416 1.0177431217075916 2.0 -1.0 -1.0 -1.0 -1.0 
282.32 12.75 1.0 -1.0 125.8345875794094 86.26872220106861 0.05191245015894178 0.05944397182995413 0.5014657881314486 4.0 -1.0 -1.0 -1.0 -1.0 
282.32 12.75 1.0 -1.0 1.074011086779 46.64242483265107 0.023585075113822355 0.023501105142074888 1.0131488959904804 2.0 -1.0 -1.0 -1.0 -1.0 
282.32 12.75 1.0 -1.0 2.815663809202 0.0 0.016478652374239944 0.027648358990676344 2.2289242461976473 16.0 -1.0 -1.0 -1.0 -1.0 
282.32 12.75 1.0 -1.0 9.85349875132 164.68135801612928 0.07272540837450232 0.017971433343939622 1.1043661188300362 32.0 -1.0 -1.0 -1.0 -1.0 
282.32 12.75 1.0 -1.0 0.433862285366 329.36271603225856 0.05620500328049204 0.08156265902249521 0.44057987406787646 2.0 -1.0 -1.0 -1.0 -1.0 
282.32 12.75 1.0 -1.0 0.03586962949308815 66.50498286519952 1.37029376414324 0.006912089747669086 1.3959109916333425 4.0 -1.0 -1.0 -1.0 -1.0 
282.32 12.75 1.0 -1.0 0.0019204515777620488 494.0440740483878 3.1963215660063935 0.031795612839277794 2.9126455868399463 1.0 -1.0 -1.0 -1.0 -1.0 
282.41 -3.68 1.0 -1.0 9.54161411582016 39.12329649602523 0.28578906300872275 0.011059343596270537 1.7803215437875741 16.0 -1.0 -1.0 -1.0 -1.0 
282.41 -3.68 1.0 -1.0 0.306545 54.826764985779306 0.1748736087702011 0.038707702586946884 0.8826166931234607 4.0 -1.0 -1.0 -1.0 -1.0 
282.41 -3.68 1.0 -1.0 0.598648 10.829978268795912 0.31852998051094983 0.015206597444871992 1.4654008203565823 2.0 -1.0 -1.0 -1.0 -1.0 
282.41 -3.68 1.0 -1.0 257.4004155493247 30.053189695908657 0.8133753921050122 0.06082638977948796 3.176804586005778 1.0 -1.0 -1.0 -1.0 -1.0 
282.41 -3.68 1.0 -1.0 231.894533 0.0 0.09903747970956538 0.019353851293473442 1.0945863059694534 2.0 -1.0 -1.0 -1.0 -1.0 
282.41 -3.68 1.0 -1.0 155.97939334350093 451.2039696237097 0.22674386936122498 0.03456044873834543 2.724257247487567 1.0 -1.0 -1.0 -1.0 -1.0 
282.41 -3.68 1.0 -1.0 11.104095628633846 902.4079392474194 0.03998160148354216 0.017971433343939622 1.1292792006992005 1.0 -1.0 -1.0 -1.0 -1.0 
282.41 -3.68 1.0 -1.0 0.560796 1353.6119088711291 0.14764438042523004 0.10782860006363774 1.447776052408672 8.0 -1.0 -1.0 -1.0 -1.0 
282.41 -3.68 1.0 -1.0 3.52370931957 33.30218317654743 6.2600767524671195 0.08294507697202903 14.115061136151093 8.0 14.11506139531518 8.0 3.5237462725490336 33.29411999224779 
282.41 -3.68 1.0 -1.0 0.071175 66.87511580981476 2.7399571714836632 0.019353851293473442 1.7061835680206672 8.0 -1.0 -1.0 -1.0 -1.0 
282.65 12.75 1.0 -1.0 1.1682667510160734 35.223248338221 0.7409467180299637 0.016589015394405805 9.84054479689022 32.0 10.066295131833185 32.0 1.1682762609173856 35.01448485506911 
282.65 12.75 1.0 -1.0 0.48165 43.41000046274296 0.015410572815741156 0.006912089747669086 1.2994038216480033 8.0 -1.0 -1.0 -1.0 -1.0 
282.65 12.75 1.0 -1.0 326.856262685978 27.895599831704438 0.1801463895643213 0.016589015394405805 0.013364576717629665 1.0 -1.0 -1.0 -1.0 -1.0 
282.65 12.75 1.0 -1.0 4.968422128580428 133.46427383248445 0.16174128236432772 0.013824179495338172 2.439337569676307 32.0 -1.0 -1.0 -1.0 -1.0 
282.65 12.75 1.0 -1.0 505.05656417562 59.12654312154745 3.005714973044299 0.18524400523753148 4.689450492951982 1.0 -1.0 -1.0 -1.0 -1.0 
282.65 12.75 1.0 -1.0 0.015902689822446133 95.96692768189624 8.524974121288697 0.04700221028414978 1.7279636191866061 1.0 -1.0 -1.0 -1.0 -1.0 
282.65 12.75 1.0 -1.0 1.97100259922 0.0 1.335711211348769 0.02073626924300726 10.328774561393272 32.0 -1.0 -1.0 -1.0 -1.0 
282.65 12.75 1.0 -1.0 0.09995163806174966 168.434844635998 2.0470625497787034 0.017971433343939622 11.028173724311086 32.0 8.842063205021647 16.0 0.19990693544968965 169.00054828891737 
282.65 12.75 1.0 -1.0 1.3161733951223 336.869689271996 3.7545462261036096 0.03041319488974398 39.32125135239868 32.0 39.7618664766293 32.0 1.3161600994256637 337.19151311297765 
282.65 12.75 1.0 -1.0 2.20267861652 505.30453390799397 1.9871462110558444 0.006912089747669086 61.500242417665575 32.0 61.50024589166305 32.0 2.202674901733796 505.2812800039309 
282.73 -3.68 1.0 -1.0 0.992418 86.39875577874416 0.012665147763003318 0.031795612839277794 0.8015940905548845 2.0 -1.0 -1.0 -1.0 -1.0 
282.73 -3.68 1.0 -1.0 0.3652624619393678 57.927839109857004 0.03594641348036989 0.03041319488974398 1.5854235304040236 16.0 -1.0 -1.0 -1.0 -1.0 
282.73 -3.68 1.0 -1.0 0.03394511707903087 190.17586329044542 0.288765998383944 0.04838462823368359 2.4273242309548086 1.0 -1.0 -1.0 -1.0 -1.0 
282.73 -3.68 1.0 -1.0 354.609929 0.0 0.015325637251420755 0.015206597444871992 -0.23243444575365857 1.0 -1.0 -1.0 -1.0 -1.0 
282.73 -3.68 1.0 -1.0 253.87611788892752 821.5893095878868 0.15635774988006867 0.029030776940210157 1.2010136571169787 1.0 -1.0 -1.0 -1.0 -1.0 
282.73 -3.68 1.0 -1.0 0.80755526467 39.31698016179656 2.625076198090143 0.038707702586946884 6.880260232625904 16.0 7.221067706521207 16.0 0.8075706621942421 39.77078771110451 
282.73 -3.68 1.0 -1.0 0.8189874162 91.82178752519887 5.964548272142296 0.008294507697202903 164.07003926414797 32.0 164.1444507486787 32.0 0.818999978946522 91.78652532817249 
282.73 -3.68 1.0 -1.0 4.9872493 90.58928031009552 3.6724551076599004 0.02350110514207489 24.817757238494497 32.0 25.242577859071012 32.0 4.987244513661912 90.57215013088685 
282.73 -3.68 1.0 -1.0 131.58994005264324 410.7946547939434 2.3341932760406383 0.019353851293473442 6.8532800348252785 1.0 -1.0 -1.0 -1.0 -1.0 
282.73 -3.68 1.0 -1.0 106.02790201610809 1232.38396438183 4.821346193585811 0.017971433343939622 12.854186372926854 1.0 12.854186336415195 1.0 106.02816473692657 1232.287231445597 
286.02 6.18 1.0 -1.0 0.6398710136959384 6.986654387523416 0.04997696479538971 0.031795612839277794 1.3341577092036083 16.0 -1.0 -1.0 -1.0 -1.0 
286.02 6.18 1.0 -1.0 0.0017357844695488527 29.73390123062291 0.012823624751348836 0.022118687192541075 0.3751185067813843 1.0 -1.0 -1.0 -1.0 -1.0 
286.02 6.18 1.0 -1.0 0.23068810955063135 260.61845668808274 0.18570640495981353 0.035942866687879244 0.9325801354757656 2.0 -1.0 -1.0 -1.0 -1.0 
286.02 6.18 1.0 -1.0 0.3895347605661933 62.39244848393004 0.16987247418078028 0.031795612839277794 1.860617781655549 1.0 -1.0 -1.0 -1.0 -1.0 
286.02 6.18 1.0 -1.0 0.5348799301340531 77.82808027031898 0.03032830820165586 0.009676925646736721 2.5632231855128236 16.0 -1.0 -1.0 -1.0 -1.0 
286.02 6.18 1.0 -1.0 2.673417841032 541.5469552003616 0.09821983945518488 0.011059343596270537 0.1612063539378284 1.0 -1.0 -1.0 -1.0 -1.0 
286.02 6.18 1.0 -1.0 18.664158046130844 85.13969532702953 3.8704260662198062 0.03456044873834543 11.140404555870521 8.0 11.140404472403574 8.0 18.66416520594309 85.10746174310151 
286.02 6.18 1.0 -1.0 0.004252814799581741 0.0 2.5394547231851057 0.017971433343939622 0.9883881654334439 1.0 -1.0 -1.0 -1.0 -1.0 
286.02 6.18 1.0 -1.0 226.32206172447297 1083.0939104007232 5.144831280817312 0.017971433343939622 13.475543956824511 2.0 13.475543942198604 2.0 226.3220570360621 1083.1214780456783 
286.02 6.18 1.0 -1.0 2.433914834963 1624.6408656010847 9.567491384329692 0.013824179495338172 84.8737169175672 32.0 84.87371642288745 32.0 2.4338987714145333 1624.6316181019638 
286.34 6.18 1.0 -1.0 186.59644326039583 67.72841520906213 0.01040163739829678 0.02073626924300726 0.48757024474415167 2.0 -1.0 -1.0 -1.0 -1.0 
286.34 6.18 1.0 -1.0 3.383137785416 134.4009308491634 0.05850280880215019 0.03732528463741307 -0.2022152273887798 1.0 -1.0 -1.0 -1.0 -1.0 
286.34 6.18 1.0 -1.0 1.9888513628 80.24836724102684 0.5981053370711906 0.019353851293473442 2.6583364053910614 32.0 -1.0 -1.0 -1.0 -1.0 
286.34 6.18 1.0 -1.0 188.2052895367 32.73288663778727 0.10619464324307946 0.04423737438508215 1.7949942511371084 1.0 -1.0 -1.0 -1.0 -1.0 
286.34 6.18 1.0 -1.0 23.485419354402033 128.66890461766147 0.030601912910025942 0.022118687192541075 0.5995025417816985 1.0 -1.0 -1.0 -1.0 -1.0 
286.34 6.18 1.0 -1.0 329.90002840672855 44.49862469192278 0.03329294667906999 0.041472538486014524 1.7397546601672476 1.0 -1.0 -1.0 -1.0 -1.0 
286.34 6.18 1.0 -1.0 0.0010962660541176533 0.0 0.3899950599841681 0.01520659744487199 0.45538461456725676 32.0 -1.0 -1.0 -1.0 -1.0 
286.34 6.18 1.0 -1.0 0.33626423033604985 502.7590376209445 0.0708900134099903 0.016589015394405805 0.29174310256080715 2.0 -1.0 -1.0 -1.0 -1.0 
286.34 6.18 1.0 -1.0 46.36352743489975 1005.518075241889 0.4135820258278059 0.05529671798135269 1.6048361270384182 1.0 -1.0 -1.0 -1.0 -1.0 
286.34 6.18 1.0 -1.0 206.4481161980627 1508.2771128628335 0.662952096295988 0.02350110514207489 1.8344322282171577 1.0 -1.0 -1.0 -1.0 -1.0 
286.66 6.18 1.0 -1.0 33.45605965944329 29.25116672252292 0.07580327491754277 0.013824179495338172 1.21182994292846 2.0 -1.0 -1.0 -1.0 -1.0 
286.66 6.18 1.0 -1.0 1.01833 73.19291939902402 0.2691181534972077 0.016589015394405805 1.965879034160701 1.0 -1.0 -1.0 -1.0 -1.0 
286.66 6.18 1.0 -1.0 0.005134571450367859 147.81589583781582 0.09862781229004143 0.017971433343939622 1.7397512827711212 1.0 -1.0 -1.0 -1.0 -1.0 
286.66 6.18 1.0 -1.0 4.7857007683163 99.06395130027762 0.12285955582939735 0.017971433343939622 1.0252610414846954 8.0 -1.0 -1.0 -1.0 -1.0 
286.66 6.18 1.0 -1.0 0.6005577944 0.0 0.04278220124780196 0.029030776940210157 3.3539499190759066 1.0 -1.0 -1.0 -1.0 -1.0 
286.66 6.18 1.0 -1.0 0.52816361159 433.3072830496396 0.5448458249913325 0.011059343596270537 4.185976126326123 32.0 -1.0 -1.0 -1.0 -1.0 
286.66 6.18 1.0 -1.0 0.0019741409227257214 866.6145660992792 0.021544346900318846 0.05529671798135269 1.9459696886089208 1.0 -1.0 -1.0 -1.0 -1.0 
286.66 6.18 1.0 -1.0 0.001576100960180264 1299.9218491489187 0.027286233694994055 0.06635606157762322 1.5076003458697531 1.0 -1.0 -1.0 -1.0 -1.0 
286.66 6.18 1.0 -1.0 0.91099098381 91.00362980340464 6.400009491490019 0.04700221028414978 16.19862140811331 32.0 16.609181894093737 32.0 0.9109802097858241 91.07813979642255 
286.66 6.18 1.0 -1.0 26.71041724837536 25.091000788652995 3.886502540210162 0.017971433343939622 27.968535195349958 16.0 27.96853510324403 16.0 26.71040419954807 25.097087410569767 
287.08 33.58 1.0 -1.0 0.695232083547 66.79590750871454 0.049564361624062 0.008294507697202903 0.7884366255582862 32.0 -1.0 -1.0 -1.0 -1.0 
287.08 33.58 1.0 -1.0 0.020855600018580035 93.24510937174583 0.22580594589905179 0.027648358990676344 0.7566707997411163 1.0 -1.0 -1.0 -1.0 -1.0 
287.08 33.58 1.0 -1.0 5.862289031670763 15.627825399859608 0.518407728152382 0.031795612839277794 4.809826235932287 16.0 -1.0 -1.0 -1.0 -1.0 
287.08 33.58 1.0 -1.0 1.087394 48.44900528181432 0.1769394946143883 0.011059343596270537 3.5747987766135183 32.0 -1.0 -1.0 -1.0 -1.0 
287.08 33.58 1.0 -1.0 31.227543005518584 58.94079667504169 0.03363974424252767 0.07188573337575849 1.7777150620998587 1.0 -1.0 -1.0 -1.0 -1.0 
287.08 33.58 1.0 -1.0 0.002265959278179522 0.0 0.02689322988764996 0.04147253848601452 2.662840332302411 2.0 -1.0 -1.0 -1.0 -1.0 
287.08 33.58 1.0 -1.0 383.141762 91.54225317703352 0.48047209186097195 0.024883523091608708 1.087166135295446 1.0 -1.0 -1.0 -1.0 -1.0 
287.08 33.58 1.0 -1.0 0.10369463864723147 274.62675953110056 0.6334030758662765 0.07465056927482613 0.9567016163782637 4.0 -1.0 -1.0 -1.0 -1.0 
287.08 33.58 1.0 -1.0 13.972467536188166 64.845862511544 8.916512433461126 0.05391430003181887 80.44681439913644 8.0 -1.0 -1.0 -1.0 -1.0 
287.08 33.58 1.0 -1.0 0.0924402996373342 183.08450635406703 6.377940568543315 0.017971433343939622 73.7553318447915 32.0 73.8205526127206 32.0 0.09243497819018862 182.7634671914879 
287.23 57.06 1.0 -1.0 0.76941220286 24.646312564885573 0.012612758521908175 0.011059343596270537 1.7324289211794923 1.0 -1.0 -1.0 -1.0 -1.0 
287.23 57.06 1.0 -1.0 25.864857141861386 53.26188146044561 0.020541457869447798 0.024883523091608708 1.4842388749135678 4.0 -1.0 -1.0 -1.0 -1.0 
287.23 57.06 1.0 -1.0 1.32626 77.8897323679792 0.047848462446374807 0.03456044873834543 0.4609064411056437 1.0 -1.0 -1.0 -1.0 -1.0 
287.23 57.06 1.0 -1.0 86.6173797908258 137.42857732809605 0.037649358067924674 0.027648358990676344 1.58247112852783 1.0 -1.0 -1.0 -1.0 -1.0 
287.23 57.06 1.0 -1.0 200.83348960273642 61.53270395413005 0.3533090934950551 0.03456044873834543 0.22758295662115566 2.0 -1.0 -1.0 -1.0 -1.0 
287.23 57.06 1.0 -1.0 16.11175529272458 123.0654079082601 0.3432049597686394 0.045619792334615966 2.743347353389899 2.0 -1.0 -1.0 -1.0 -1.0 
287.23 57.06 1.0 -1.0 61.48547652886 85.34824193817678 1.40480085044108 0.005529671798135269 20.856626151319542 4.0 20.856625611403175 4.0 61.48547981865705 85.30985760931578 
287.23 57.06 1.0 -1.0 106.11873496995 127.44082070067799 5.281682335805868 0.024883523091608708 30.817014095380536 1.0 30.817014346153986 1.0 106.11838661134244 127.40819778188441 
287.23 57.06 1.0 -1.0 1.277433 0.0 2.9481322031217796 0.016589015394405805 53.03178962361817 32.0 -1.0 -1.0 -1.0 -1.0 
287.23 57.06 1.0 -1.0 1.432275 184.59811186239014 2.468534742529082 0.05253188208228506 14.825760481253953 16.0 15.011841786704908 16.0 1.4322722563520074 184.1802382549878 
287.46 33.58 1.0 -1.0 243.902439 83.66919408678343 0.5758057900026293 0.052531882082285056 2.0988536441220313 1.0 -1.0 -1.0 -1.0 -1.0 
287.46 33.58 1.0 -1.0 4.655277 110.41772885637721 0.013228547199179264 0.1354769590543141 0.9307992924283635 1.0 -1.0 -1.0 -1.0 -1.0 
287.46 33.58 1.0 -1.0 0.57198175779 48.73744472586753 0.7424839476044562 0.027648358990676348 4.678872485540187 32.0 -1.0 -1.0 -1.0 -1.0 
287.46 33.58 1.0 -1.0 0.54085663363 0.0 0.33040902788145476 0.045619792334615966 0.8420351476457918 1.0 -1.0 -1.0 -1.0 -1.0 
287.46 33.58 1.0 -1.0 0.1397922816187968 185.54186552977328 0.12050584178812833 0.027648358990676344 0.85343071431484 16.0 -1.0 -1.0 -1.0 -1.0 
287.46 33.58 1.0 -1.0 0.489273 42.224273928692774 3.8015262684727196 0.022118687192541075 44.822106780532316 32.0 44.926096699333385 32.0 0.4892778330637763 42.300736038782915 
287.46 33.58 1.0 -1.0 0.9748195411 60.59475566431389 5.497611134427103 0.013824179495338172 165.42222089848107 32.0 165.4591256645731 32.0 0.9748267378502836 60.617561931174556 
287.46 33.58 1.0 -1.0 324.68438438109 41.277915778675926 1.7511539675058443 0.08985716671969811 4.644944230105116 1.0 -1.0 -1.0 -1.0 -1.0 
287.46 33.58 1.0 -1.0 0.2587737194050002 92.77093276488664 1.785357418729307 0.01520659744487199 32.10173608809699 32.0 32.57998900771194 32.0 0.2587815591444572 93.5068901909938 
287.46 33.58 1.0 -1.0 337.974855 278.3127982946599 3.682617525797671 0.019353851293473442 27.938346152840268 1.0 27.9383466879166 1.0 337.9750220725934 278.2943160446244 
288.23 33.58 1.0 -1.0 1.3226001615907352 32.106371504638304 0.08965928258909794 0.05529671798135269 2.218362347808606 4.0 -1.0 -1.0 -1.0 -1.0 
288.23 33.58 1.0 -1.0 2.901497311343 3.2077730673679663 0.012067245849098731 0.027648358990676344 1.3092777075684316 1.0 -1.0 -1.0 -1.0 -1.0 
288.23 33.58 1.0 -1.0 182.1172346200484 88.38560433837092 0.12362582730615956 0.013824179495338172 0.8713551993801522 1.0 -1.0 -1.0 -1.0 -1.0 
288.23 33.58 1.0 -1.0 0.0010279566251944964 60.31758999890123 0.028519736887022848 0.006912089747669086 1.4987792253351848 2.0 -1.0 -1.0 -1.0 -1.0 
288.23 33.58 1.0 -1.0 0.9833291670772 0.0 0.9274632919026741 0.008294507697202903 22.812914274617697 32.0 -1.0 -1.0 -1.0 -1.0 
288.23 33.58 1.0 -1.0 60.033861 286.3796687554669 0.1510490199506004 0.06082638977948796 0.5179393872691106 4.0 -1.0 -1.0 -1.0 -1.0 
288.23 33.58 1.0 -1.0 9.85354347246952 95.77493872570071 1.1697870538702462 0.019353851293473442 20.23326719200067 16.0 20.233268247198662 16.0 9.853586864968142 95.73324471935081 
288.23 33.58 1.0 -1.0 1.571303667847 71.63071822756504 8.88576594377091 0.013824179495338174 403.9810763863405 32.0 404.02016699591104 32.0 1.571303679763029 71.6481366398524 
288.23 33.58 1.0 -1.0 2.912037613413 95.45988958515564 2.378141128096148 0.01520659744487199 64.05478661394275 32.0 64.18846848116068 32.0 2.912050452626621 95.42965092002939 
288.23 33.58 1.0 -1.0 0.07048703518080775 190.91977917031127 1.4592053445088156 0.03317803078881161 3.5996341196719697 16.0 -1.0 -1.0 -1.0 -1.0 
290.15 58.62 1.0 -1.0 1.30330597336 115.40854507484705 0.21219379168489502 0.045619792334615966 1.5281047717585108 4.0 -1.0 -1.0 -1.0 -1.0 
290.15 58.62 1.0 -1.0 1.94092353149 35.491229990759415 0.1299305782128723 0.04009012053648069 2.4229178864343544 1.0 -1.0 -1.0 -1.0 -1.0 
290.15 58.62 1.0 -1.0 0.06370913090866241 56.93106392277815 0.5981053370711906 0.017971433343939622 0.7974149466696272 16.0 -1.0 -1.0 -1.0 -1.0 
290.15 58.62 1.0 -1.0 4.0062614244264 79.87913194262367 0.28697613656589205 0.017971433343939622 2.7267515812749186 16.0 -1.0 -1.0 -1.0 -1.0 
290.15 58.62 1.0 -1.0 15.8843898595 63.632205249704754 0.5384843889559967 0.019353851293473442 5.685422910601767 8.0 -1.0 -1.0 -1.0 -1.0 
290.15 58.62 1.0 -1.0 2.86763 95.53421994285107 2.5289502973203115 0.06082638977948796 13.102237538596768 8.0 13.954722375131162 16.0 2.8676367946900427 95.63204678624366 
290.15 58.62 1.0 -1.0 302.632296 78.42817256699284 3.932416103941603 0.017971433343939622 31.89847755653133 1.0 31.898477211594752 1.0 302.6323004936179 78.42839815803052 
290.15 58.62 1.0 -1.0 3.8784760942028 0.0 2.7513380503451645 0.07050331542622468 9.515627017689814 8.0 -1.0 -1.0 -1.0 -1.0 
290.15 58.62 1.0 -1.0 0.2158 127.26441049940951 1.7402997684605632 0.019353851293473442 21.044425247847876 32.0 21.443309746660937 32.0 0.2157927762406568 126.8010101832416 
290.15 58.62 1.0 -1.0 0.05180727580868196 190.89661574911426 1.8442788364909402 0.026265941041142524 8.22521687358888 32.0 8.734936747982125 32.0 0.05181088151099782 190.04971837520168 
290.76 58.62 1.0 -1.0 0.433862285366 30.372830537560397 0.21965150000457404 0.012441761545804354 3.1202277342883376 32.0 -1.0 -1.0 -1.0 -1.0 
290.76 58.62 1.0 -1.0 1.95231526531 149.06436856323347 0.043497454889471696 0.012441761545804354 1.599251268414038 1.0 -1.0 -1.0 -1.0 -1.0 
290.76 58.62 1.0 -1.0 0.59787312095 13.76721435046444 0.1063414726503173 0.06359122567855559 0.6486441547369175 16.0 -1.0 -1.0 -1.0 -1.0 
290.76 58.62 1.0 -1.0 29.013828660334273 0.0 0.03018199722206234 0.06082638977948796 1.2922817801903501 2.0 -1.0 -1.0 -1.0 -1.0 
290.76 58.62 1.0 -1.0 0.0022349340175341534 64.3564171530126 0.10452060627280742 0.019353851293473442 3.273119563565359 1.0 -1.0 -1.0 -1.0 -1.0 
290.76 58.62 1.0 -1.0 0.701967086843 128.7128343060252 0.2719214355501518 0.02073626924300726 3.284769845664421 32.0 -1.0 -1.0 -1.0 -1.0 
290.76 58.62 1.0 -1.0 463.52314928835057 193.0692514590378 0.036699188880023555 0.05529671798135269 0.441451608475405 1.0 -1.0 -1.0 -1.0 -1.0 
290.76 58.62 1.0 -1.0 3.7527013778 47.13291757290841 3.4797989715046476 0.03456044873834543 45.939224246013346 32.0 46.181592510823684 32.0 3.7526964054753384 47.05703889481831 
290.76 58.62 1.0 -1.0 1.882672 32.960217245782324 1.40480085044108 0.008294507697202903 84.58053466312272 32.0 84.58053667355128 32.0 1.8826843491600207 32.99052619292638 
290.76 58.62 1.0 -1.0 0.0013605624708218189 41.8036733082125 6.561176159257732 0.08985716671969811 4.119651532933928 2.0 -1.0 -1.0 -1.0 -1.0 
291.78 16.97 1.0 -1.0 41.58433482255 96.72948226850801 0.6670869092409145 0.026265941041142528 3.100393778055639 8.0 -1.0 -1.0 -1.0 -1.0 
291.78 16.97 1.0 -1.0 0.776096931576026 161.65749091449283 0.43257718124218897 0.04147253848601452 0.5759090263409667 1.0 -1.0 -1.0 -1.0 -1.0 
291.78 16.97 1.0 -1.0 2.197424522481 104.88370627428318 0.05554877262434196 0.027648358990676344 1.0199807628913464 16.0 -1.0 -1.0 -1.0 -1.0 
291.78 16.97 1.0 -1.0 39.475126410105304 72.77644925154344 0.15315053273857523 0.020736269243007262 -0.3443414257085762 1.0 -1.0 -1.0 -1.0 -1.0 
291.78 16.97 1.0 -1.0 0.1497683923753354 0.0 0.011215147261470602 0.06497364362808941 0.2998112118169171 1.0 -1.0 -1.0 -1.0 -1.0 
291.78 16.97 1.0 -1.0 1.78411007426 339.72535764060825 0.7961411998850886 0.045619792334615966 1.157190101590083 4.0 -1.0 -1.0 -1.0 -1.0 
291.78 16.97 1.0 -1.0 1.021138 679.4507152812165 0.012984084737153605 0.013824179495338172 2.181847666157715 8.0 -1.0 -1.0 -1.0 -1.0 
291.78 16.97 1.0 -1.0 0.7112066328898301 1019.1760729218247 0.028303828528942077 0.04423737438508215 0.5818508843846959 2.0 -1.0 -1.0 -1.0 -1.0 
291.78 16.97 1.0 -1.0 3.24624601344 83.07115705883459 7.648712885325884 0.029030776940210154 61.8619137604577 32.0 61.92983670713969 32.0 3.246229122548054 83.08350308095879 
291.78 16.97 1.0 -1.0 3.2854634388411066 114.26106388092464 2.8167284121295544 0.02764835899067634 25.826771030548592 32.0 25.826770716075185 32.0 3.2854586606845264 114.25246647795672 
292.45 16.96 1.0 -1.0 48.233775392319 178.7424927538566 0.15930163089026392 0.04700221028414978 1.1882082817703297 4.0 -1.0 -1.0 -1.0 -1.0 
292.45 16.96 1.0 -1.0 3.57477758544 16.703111567761034 0.20612535334981044 0.011059343596270537 3.5072542491847685 8.0 -1.0 -1.0 -1.0 -1.0 
292.45 16.96 1.0 -1.0 307.2974449774 20.734897118599903 0.04738791128666746 0.026265941041142528 2.3644213864148376 1.0 -1.0 -1.0 -1.0 -1.0 
292.45 16.96 1.0 -1.0 2.29484628787 38.97392699144241 0.0100554205759454 0.016589015394405805 0.8788674482998541 1.0 -1.0 -1.0 -1.0 -1.0 
292.45 16.96 1.0 -1.0 4.44958315845593 0.0 0.8442919515616989 0.06773847952715704 1.8050023087035472 1.0 -1.0 -1.0 -1.0 -1.0 
292.45 16.96 1.0 -1.0 0.0030688438418572136 319.95098192728466 0.13477612364941793 0.004147253848601451 3.1814683943727537 1.0 -1.0 -1.0 -1.0 -1.0 
292.45 16.96 1.0 -1.0 5.191954610004 639.9019638545693 0.07373722146511155 0.022118687192541075 1.8201749794636564 1.0 -1.0 -1.0 -1.0 -1.0 
292.45 16.96 1.0 -1.0 1.085234618514 959.8529457818539 0.059357738711856865 0.019353851293473442 1.4207144883034326 16.0 -1.0 -1.0 -1.0 -1.0 
292.45 16.96 1.0 -1.0 0.014439721715634837 20.350917542329537 8.757784197147112 0.01520659744487199 5.297355402569416 32.0 -1.0 -1.0 -1.0 -1.0 
292.45 16.96 1.0 -1.0 172.70704460237 32.926248665184104 3.9161497090119206 0.009676925646736721 28.312869745537867 2.0 28.312870357690745 2.0 172.70698056866726 32.88932825981925 
293.12 16.96 1.0 -1.0 0.008551411689614681 49.028095178585225 0.027857651076758985 0.017971433343939622 0.457108657450923 4.0 -1.0 -1.0 -1.0 -1.0 
293.12 16.96 1.0 -1.0 16.15935711336 59.96241856373733 0.37753541375300387 0.05114946413275124 2.5199389103924115 4.0 -1.0 -1.0 -1.0 -1.0 
293.12 16.96 1.0 -1.0 251.75352627488 161.72217006749156 0.46737660191985736 0.013824179495338172 2.6888987088591696 1.0 -1.0 -1.0 -1.0 -1.0 
293.12 16.96 1.0 -1.0 0.805719788443 191.4388392674614 0.01880301197971938 0.02350110514207489 2.1459137422923718 8.0 -1.0 -1.0 -1.0 -1.0 
293.12 16.96 1.0 -1.0 1.9888513628 119.5721170182762 0.024736561696432572 0.031795612839277794 1.843614683297323 4.0 -1.0 -1.0 -1.0 -1.0 
293.12 16.96 1.0 -1.0 1.1469878660290085 293.9040309896125 0.44072168159653313 0.022118687192541075 3.4351380353672885 16.0 -1.0 -1.0 -1.0 -1.0 
293.12 16.96 1.0 -1.0 0.019466403190199797 587.808061979225 0.015410572815741156 0.019353851293473442 1.948488186673428 1.0 -1.0 -1.0 -1.0 -1.0 
293.12 16.96 1.0 -1.0 0.51899 139.58898321528852 4.676995980844703 0.017971433343939622 49.771506470491204 32.0 50.29999832442422 32.0 0.518987993321692 139.45075182163365 
293.12 16.96 1.0 -1.0 0.6890079310895 0.0 4.073436927058742 0.004147253848601451 90.54693637288274 32.0 -1.0 -1.0 -1.0 -1.0 
293.12 16.96 1.0 -1.0 0.093458 881.7120929688375 3.846435957016196 0.04423737438508215 2.300184976644865 16.0 -1.0 -1.0 -1.0 -1.0 
293.45 16.96 1.0 -1.0 55.97630170234449 149.2889856222318 0.06035011024807171 0.02350110514207489 1.8339805074720044 2.0 -1.0 -1.0 -1.0 -1.0 
293.45 16.96 1.0 -1.0 5.14255433375 259.89817250742203 0.1579864578225898 0.03041319488974398 1.929048410233651 16.0 -1.0 -1.0 -1.0 -1.0 
293.45 16.96 1.0 -1.0 2.791736 23.97646271604954 0.014302618068135337 0.10091651031596867 1.2478812971107125 4.0 -1.0 -1.0 -1.0 -1.0 
293.45 16.96 1.0 -1.0 0.01859206936814379 0.0 0.15262242925517455 0.019353851293473442 1.7206369643748798 4.0 -1.0 -1.0 -1.0 -1.0 
293.45 16.96 1.0 -1.0 1.74644341015 835.333277692611 0.014571905684253863 0.030413194889743984 0.058162646261792524 4.0 -1.0 -1.0 -1.0 -1.0 
293.45 16.96 1.0 -1.0 25.04606456529942 162.2379463225373 8.338580182267595 0.015206597444871992 79.26857546922345 16.0 79.3363529098587 16.0 25.046089528283726 162.22028677073922 
293.45 16.96 1.0 -1.0 4.0062614244264 83.6252236193923 6.991726935839042 0.03041319488974398 71.0778486139835 32.0 71.2038577310188 32.0 4.006263528329631 83.58949274649447 
293.45 16.96 1.0 -1.0 2.56344219948714 119.54814685249788 2.470240705666251 0.016589015394405805 50.66427736368272 32.0 50.66427600395832 32.0 2.5634411334370575 119.5147589995278 
293.45 16.96 1.0 -1.0 0.023719473348773057 278.444425897537 1.4145394419656845 0.02350110514207489 1.3351326724585513 1.0 -1.0 -1.0 -1.0 -1.0 
293.45 16.96 1.0 -1.0 400.5813533944 556.888851795074 6.726401367068844 0.012441761545804354 34.00130410839251 1.0 34.00130386185211 1.0 400.58124189575517 556.8922258885702 
298.53 29.08 1.0 -1.0 3.7043334323208 98.18382702934888 0.022721429101683833 0.015206597444871992 1.2951019152354686 1.0 -1.0 -1.0 -1.0 -1.0 
298.53 29.08 1.0 -1.0 2.132196 194.03647380800092 0.24976970101596224 0.016589015394405805 2.643581944469348 32.0 -1.0 -1.0 -1.0 -1.0 
298.53 29.08 1.0 -1.0 445.49383 159.06877004754847 0.12000737073062885 0.012441761545804354 1.8406261312118513 1.0 -1.0 -1.0 -1.0 -1.0 
298.53 29.08 1.0 -1.0 0.4116193649784009 46.966425639039095 0.5632161084642736 0.04423737438508215 1.088955882062093 4.0 -1.0 -1.0 -1.0 -1.0 
298.53 29.08 1.0 -1.0 0.0029853826189179603 0.0 0.580599139240655 0.012441761545804356 0.6797572181387723 32.0 -1.0 -1.0 -1.0 -1.0 
298.53 29.08 1.0 -1.0 0.009681092501071858 228.52422869330994 0.4581061230619874 0.11197585391223919 0.5890220063225793 4.0 -1.0 -1.0 -1.0 -1.0 
298.53 29.08 1.0 -1.0 2.63582983361 457.0484573866199 0.09740894952994789 0.02350110514207489 1.1024546145467171 4.0 -1.0 -1.0 -1.0 -1.0 
298.53 29.08 1.0 -1.0 3.63460946068 685.5726860799298 0.3889188437212902 0.026265941041142528 2.4550525412152955 16.0 -1.0 -1.0 -1.0 -1.0 
298.53 29.08 1.0 -1.0 57.01477239693791 50.943144890227806 2.1965150000457414 0.02350110514207489 29.58490090763479 8.0 29.584900537699667 8.0 57.01476766262204 50.90256035288949 
298.53 29.08 1.0 -1.0 3.1378967940100027 23.928879632152764 1.890721935506182 0.05529671798135268 6.163244026888223 8.0 7.217200613673753 16.0 3.1379386200569575 23.882712213284133 
299.26 29.08 1.0 -1.0 41.90529550804039 41.51127111479116 0.050672283643906746 0.015206597444871992 0.35815262359326905 1.0 -1.0 -1.0 -1.0 -1.0 
299.26 29.08 1.0 -1.0 36.845678187087444 55.02201501535998 0.5972795120198795 0.13132970520571263 1.5986410629457253 1.0 -1.0 -1.0 -1.0 -1.0 
299.26 29.08 1.0 -1.0 31.661042452687738 137.26132571447454 0.26708079744159313 0.12718245135711118 1.7009363225767964 2.0 -1.0 -1.0 -1.0 -1.0 
299.26 29.08 1.0 -1.0 361.6582023947468 97.83867201426408 0.9781355419536544 0.03456044873834543 1.912976895489698 1.0 -1.0 -1.0 -1.0 -1.0 
299.26 29.08 1.0 -1.0 0.34069385843 0.0 0.104304208103359 0.013824179495338172 1.9269773187172885 16.0 -1.0 -1.0 -1.0 -1.0 
299.26 29.08 1.0 -1.0 487.55679115589527 217.54255758741968 0.06242801671064434 0.016589015394405805 -0.4309888820646786 1.0 -1.0 -1.0 -1.0 -1.0 
299.26 29.08 1.0 -1.0 0.576070636 652.6276727622591 0.02808955470273914 0.05391430003181887 1.1634082653830617 2.0 -1.0 -1.0 -1.0 -1.0 
299.26 29.08 1.0 -1.0 2.45278075482 150.90260820345466 7.6539987830709535 0.02764835899067634 92.02295536194059 32.0 92.02295672017108 32.0 2.4527859447213514 150.88611826274 
299.26 29.08 1.0 -1.0 13.530147184982086 12.531704487484124 6.29477045837553 0.008294507697202903 242.0989435258582 32.0 242.09893267327212 32.0 13.530158563905086 12.548543705284883 
299.26 29.08 1.0 -1.0 377.22936337986 435.08511517483936 1.1230653819750733 0.01520659744487199 5.240941246004884 1.0 -1.0 -1.0 -1.0 -1.0 
299.63 29.08 1.0 -1.0 377.93812391457 14.643829676483406 0.09781355419536539 0.009676925646736721 1.2611607484171277 1.0 -1.0 -1.0 -1.0 -1.0 
299.63 29.08 1.0 -1.0 2.6473526 31.370337351400007 0.05407210755959561 0.009676925646736721 0.9944082000769675 1.0 -1.0 -1.0 -1.0 -1.0 
299.63 29.08 1.0 -1.0 2.7874942067382 144.29053507894983 0.0841380609938173 0.023501105142074888 1.2331232698335632 8.0 -1.0 -1.0 -1.0 -1.0 
299.63 29.08 1.0 -1.0 2.969539288804479 0.0 0.29891489374741587 0.10644618211410391 1.549569096584618 2.0 -1.0 -1.0 -1.0 -1.0 
299.63 29.08 1.0 -1.0 1.54512280855 433.8478605486151 0.3984373436262631 0.02350110514207489 3.677022656283926 16.0 -1.0 -1.0 -1.0 -1.0 
299.63 29.08 1.0 -1.0 1.95231526531 650.7717908229226 0.013693474310011453 0.011059343596270537 0.10841604527766623 4.0 -1.0 -1.0 -1.0 -1.0 
299.63 29.08 1.0 -1.0 0.5783421883420734 18.74410198589876 2.032969265840357 0.009676925646736721 60.64091161062172 32.0 60.70958644892066 32.0 0.5783476808574051 18.721617624820187 
299.63 29.08 1.0 -1.0 0.0012994527848856662 13.537406989815771 1.1730240887216132 0.038707702586946884 2.217400442104325 1.0 -1.0 -1.0 -1.0 -1.0 
299.63 29.08 1.0 -1.0 3.0949330625564375 10.673724741970128 1.9249898452225302 0.027648358990676344 19.524449631142687 32.0 19.754508411075108 32.0 3.094919520663098 10.625782976249296 
299.63 29.08 1.0 -1.0 5.486065 216.92393027430754 9.22988988163968 0.03456044873834543 106.2277077064484 32.0 106.22771064680083 32.0 5.486072041094303 216.9683685816999 
299.81 32.35 1.0 -1.0 0.48791069296089756 51.98098934252448 0.22611815517980852 0.038707702586946884 -0.11033313711244688 4.0 -1.0 -1.0 -1.0 -1.0 
299.81 32.35 1.0 -1.0 139.36088855893 101.49341067013938 0.029522084210045624 0.017971433343939622 0.3603068231943722 1.0 -1.0 -1.0 -1.0 -1.0 
299.81 32.35 1.0 -1.0 0.16955348578098683 56.70653382820852 0.02374857545092603 0.02073626924300726 0.7865039862421657 32.0 -1.0 -1.0 -1.0 -1.0 
299.81 32.35 1.0 -1.0 16.15935711336 109.39282831785003 0.8077755972425452 0.02350110514207489 4.91594619958912 8.0 -1.0 -1.0 -1.0 -1.0 
299.81 32.35 1.0 -1.0 3.383137785416 0.0 0.12551911571842692 0.02073626924300726 1.5412484132006607 8.0 -1.0 -1.0 -1.0 -1.0 
299.81 32.35 1.0 -1.0 0.006795914387731952 235.07820553410326 0.023229325719318777 0.035942866687879244 2.059426088889307 1.0 -1.0 -1.0 -1.0 -1.0 
299.81 32.35 1.0 -1.0 1.6266597983 470.1564110682065 0.8519086722719443 0.019353851293473442 11.495767691375491 32.0 11.629609828812958 32.0 1.6266615906109414 470.16559721575453 
299.81 32.35 1.0 -1.0 1.44665164324 67.70929412323406 1.8751123867894364 0.06497364362808941 4.7677999530534585 16.0 -1.0 -1.0 -1.0 -1.0 
299.81 32.35 1.0 -1.0 1.89585724668 59.104571328406394 7.262499384819735 0.02073626924300726 125.67299979062709 32.0 125.67299479115555 32.0 1.8958417058456691 59.09959293456752 
299.81 32.35 1.0 -1.0 5.1298291239 705.2346166023098 9.727445357119647 0.07741540517389377 39.216727952856814 8.0 39.48985969787055 16.0 5.129853282899907 705.1471978905247 
300.19 32.35 1.0 -1.0 0.010859737501366 196.45372524207846 0.011331970376636379 0.04700221028414978 0.7058853066574894 4.0 -1.0 -1.0 -1.0 -1.0 
300.19 32.35 1.0 -1.0 1.98837251247 164.46480006991703 0.12957202648833627 0.013824179495338172 1.69260504524394 1.0 -1.0 -1.0 -1.0 -1.0 
300.19 32.35 1.0 -1.0 198.35548314683 38.87349819834402 0.010871854470998865 0.026265941041142528 0.2514274403575441 2.0 -1.0 -1.0 -1.0 -1.0 
300.19 32.35 1.0 -1.0 183.72305 36.02231138952094 0.013580422808185827 0.008294507697202903 0.6428439696102104 1.0 -1.0 -1.0 -1.0 -1.0 
300.19 32.35 1.0 -1.0 186.4940783438289 45.47990665781215 0.3859745378426217 0.04423737438508215 2.032288929215298 1.0 -1.0 -1.0 -1.0 -1.0 
300.19 32.35 1.0 -1.0 32.7554227003 231.78062521481328 0.04715930072009244 0.029030776940210157 2.075132569260027 4.0 -1.0 -1.0 -1.0 -1.0 
300.19 32.35 1.0 -1.0 21.820542623039554 695.3418756444398 0.06634102514187436 0.012441761545804354 1.8921715084755646 1.0 -1.0 -1.0 -1.0 -1.0 
300.19 32.35 1.0 -1.0 0.1504582362154283 63.69968577760845 1.0715267077965671 0.03456044873834543 1.699439910486928 8.0 -1.0 -1.0 -1.0 -1.0 
300.19 32.35 1.0 -1.0 21.2271044207833 0.0 8.327066811662002 0.1354769590543141 12.34278564933203 8.0 -1.0 -1.0 -1.0 -1.0 
300.19 32.35 1.0 -1.0 0.002224686951612138 463.56125042962657 3.614563057419527 0.008294507697202903 7.008198073574235 1.0 -1.0 -1.0 -1.0 -1.0 
300.95 32.35 1.0 -1.0 0.06400257968525651 175.00693599808199 0.3995398994830211 0.02073626924300726 1.552876366715525 2.0 -1.0 -1.0 -1.0 -1.0 
300.95 32.35 1.0 -1.0 0.971157 299.7530610059173 0.02283157405084585 0.011059343596270537 0.7175451627072308 32.0 -1.0 -1.0 -1.0 -1.0 
300.95 32.35 1.0 -1.0 1.34350681917 39.79260469588291 0.38597453784262165 0.019353851293473442 1.5022474250002271 8.0 -1.0 -1.0 -1.0 -1.0 
300.95 32.35 1.0 -1.0 3.7366204955279794 29.928333380040094 0.6329656438800255 0.016589015394405805 10.052767531451943 32.0 10.190887285758421 32.0 3.736628665744017 29.9545881997123 
300.95 32.35 1.0 -1.0 17.18240825221832 0.0 0.154745832551114 0.01520659744487199 1.5045356092767173 8.0 -1.0 -1.0 -1.0 -1.0 
300.95 32.35 1.0 -1.0 0.16045643647092714 223.6572537122727 0.10416019161885351 0.0483846282336836 1.5345589140837637 1.0 -1.0 -1.0 -1.0 -1.0 
300.95 32.35 1.0 -1.0 1.553393603867404 670.9717611368181 0.8315569337971684 0.01520659744487199 4.773603956135273 16.0 -1.0 -1.0 -1.0 -1.0 
300.95 32.35 1.0 -1.0 2.185717553667 19.86275040469029 3.8677531266236915 0.017971433343939622 69.43221353765013 32.0 69.9368795151744 32.0 2.185697667300701 19.93599282210582 
300.95 32.35 1.0 -1.0 1.889795514512 37.77948810081295 1.9981590898062889 0.011059343596270537 43.17076350835947 32.0 43.2848880373706 32.0 1.8898087243239086 37.64563111585465 
300.95 32.35 1.0 -1.0 0.0013114510973573175 447.3145074245454 9.455784582756957 0.017971433343939622 6.565856510016029 4.0 -1.0 -1.0 -1.0 -1.0 
301.33 32.34 1.0 -1.0 0.0407952166340787 98.14591577311046 0.2851973688702286 0.009676925646736721 2.7036100456858714 2.0 -1.0 -1.0 -1.0 -1.0 
301.33 32.34 1.0 -1.0 342.465753 150.37751792973594 0.018328474204317408 0.035942866687879244 0.2616322337456863 1.0 -1.0 -1.0 -1.0 -1.0 
301.33 32.34 1.0 -1.0 0.621231324318 109.80359256367899 0.031092043377110277 0.01520659744487199 1.5961157140231648 32.0 -1.0 -1.0 -1.0 -1.0 
301.33 32.34 1.0 -1.0 0.2659 153.6338522287774 0.2194998073532578 0.20321543858147118 2.8245411307817743 4.0 -1.0 -1.0 -1.0 -1.0 
301.33 32.34 1.0 -1.0 3.55991857227 82.18987770780717 0.012894694018291582 0.013824179495338172 0.9864231260987715 1.0 -1.0 -1.0 -1.0 -1.0 
301.33 32.34 1.0 -1.0 2.2551713364 0.0 0.04939345061540832 0.08847474877016431 1.2672362165897377 1.0 -1.0 -1.0 -1.0 -1.0 
301.33 32.34 1.0 -1.0 163.31467466391553 434.1344887482112 0.016297508346206444 0.013824179495338172 0.6971440173063498 1.0 -1.0 -1.0 -1.0 -1.0 
301.33 32.34 1.0 -1.0 128.25813729784 34.1263834539548 4.735518490918653 0.022118687192541075 24.230024552441638 2.0 24.230024898060165 2.0 128.2581555036207 34.103703457104885 
301.33 32.34 1.0 -1.0 1.4352133702 217.0672443741056 3.9405746208593446 0.0898571667196981 6.395343366228224 8.0 6.418103906746294 8.0 1.4351826393976808 216.46237891616425 
301.33 32.34 1.0 -1.0 38.801408988633 651.2017331223168 1.5115340740583927 0.038707702586946884 5.473714559254628 1.0 -1.0 -1.0 -1.0 -1.0 
315.01 37.92 1.0 -1.0 15.891154943801833 82.97996679013754 0.010939661911164156 0.027648358990676344 2.2514970939906105 8.0 -1.0 -1.0 -1.0 -1.0 
315.01 37.92 1.0 -1.0 0.03197657411683124 122.88606813753609 0.21603964419195926 0.03456044873834543 0.4186204348814644 4.0 -1.0 -1.0 -1.0 -1.0 
315.01 37.92 1.0 -1.0 84.64982223394419 18.77479695531045 0.5220015194759635 0.06220880772902178 1.664009350152992 2.0 -1.0 -1.0 -1.0 -1.0 
315.01 37.92 1.0 -1.0 1.106300583096 119.1002037309097 0.7776587786236845 0.024883523091608708 9.384602616412339 16.0 9.481870596553973 16.0 1.10630935523659 118.90757140088498 
315.01 37.92 1.0 -1.0 53.955760112361595 76.52854479109052 0.5274389731450696 0.03732528463741307 4.098402342505602 8.0 -1.0 -1.0 -1.0 -1.0 
315.01 37.92 1.0 -1.0 1.5496608915 0.0 0.01949076938320466 0.011059343596270537 0.0216662733069964 2.0 -1.0 -1.0 -1.0 -1.0 
315.01 37.92 1.0 -1.0 301.376187797791 257.516042189505 0.03196321566006394 0.01520659744487199 0.4653318654119868 1.0 -1.0 -1.0 -1.0 -1.0 
315.01 37.92 1.0 -1.0 10.65420400680119 37.39506883279941 5.0393002720468125 0.026265941041142524 87.12844967054369 32.0 87.24018989120187 32.0 10.65421505093885 37.443235249640374 
315.01 37.92 1.0 -1.0 1.096491 128.7580210947525 3.396668043368903 0.04009012053648069 26.695336757078596 16.0 27.053065826772052 32.0 1.0964868124574423 128.7237709122772 
315.01 37.92 1.0 -1.0 3.027293151199 386.2740632842575 2.8697613656589205 0.08018024107296139 12.112145373854698 8.0 12.249629815823509 8.0 3.027283431341251 385.8677189375101 
315.42 37.92 1.0 -1.0 0.018169741116334535 54.00305161526848 0.19396741271167334 0.017971433343939622 3.6548512056574665 4.0 -1.0 -1.0 -1.0 -1.0 
315.42 37.92 1.0 -1.0 0.002864427372031162 148.62184373109602 0.1299305782128723 0.024883523091608708 5.0490036291666165 1.0 -1.0 -1.0 -1.0 -1.0 
315.42 37.92 1.0 -1.0 4.595046556485586 97.30381779137662 0.04808041380999946 0.21150994627867403 0.21078613819887898 2.0 -1.0 -1.0 -1.0 -1.0 
315.42 37.92 1.0 -1.0 0.05946544947449955 0.0 0.08530865588540772 0.011059343596270537 0.6708345518536339 8.0 -1.0 -1.0 -1.0 -1.0 
315.42 37.92 1.0 -1.0 1.83553757789 126.04493769866237 0.16847002963747468 0.09538683851783337 2.829499260501301 4.0 -1.0 -1.0 -1.0 -1.0 
315.42 37.92 1.0 -1.0 1.9546609131310237 252.08987539732473 0.02518489322894811 0.038707702586946884 1.3092061766356053 1.0 -1.0 -1.0 -1.0 -1.0 
315.42 37.92 1.0 -1.0 172.5737712832224 378.1348130959871 0.5636053377113839 0.016589015394405805 4.09653425329565 1.0 -1.0 -1.0 -1.0 -1.0 
315.42 37.92 1.0 -1.0 19.72231918824971 61.98249411584387 2.0189730090554736 0.02211868719254108 29.312079473552963 16.0 29.312080446643613 16.0 19.722331974965833 61.933135061567334 
315.42 37.92 1.0 -1.0 0.91744 22.69035782154138 1.2371126305091658 0.031795612839277794 9.552470209831764 16.0 9.78168399042314 32.0 0.9174376221684118 22.06114941735568 
315.42 37.92 1.0 -1.0 1.3975847440238869 69.35686040784482 2.5272037889848824 0.019353851293473442 48.05347377769922 32.0 48.24351410194402 32.0 1.3975901917243998 69.52298004460253 
315.82 37.92 1.0 -1.0 0.00439184555143146 130.3779304805251 0.23471295096132436 0.012441761545804352 2.523616851142139 1.0 -1.0 -1.0 -1.0 -1.0 
315.82 37.92 1.0 -1.0 3.33342176928 130.97123164312134 0.6251433244568269 0.0884747487701643 1.1211927339386218 8.0 -1.0 -1.0 -1.0 -1.0 
315.82 37.92 1.0 -1.0 225.225225 21.06219127216674 0.937771888344508 0.05529671798135268 3.329466980863153 1.0 -1.0 -1.0 -1.0 -1.0 
315.82 37.92 1.0 -1.0 2.511471007883 93.5190957542333 0.08066602730969566 0.017971433343939622 1.739956792737519 1.0 -1.0 -1.0 -1.0 -1.0 
315.82 37.92 1.0 -1.0 1.097574 107.09085984862244 0.01066357407839711 0.026265941041142528 1.1173480638853137 1.0 -1.0 -1.0 -1.0 -1.0 
315.82 37.92 1.0 -1.0 1.3548989114 0.0 0.043467415284654275 0.049767046183217416 0.9961074824521728 1.0 -1.0 -1.0 -1.0 -1.0 
315.82 37.92 1.0 -1.0 2.612776 123.59204843333053 0.013357112113487677 0.011059343596270537 1.6560693516220009 32.0 -1.0 -1.0 -1.0 -1.0 
315.82 37.92 1.0 -1.0 2.79091017854 247.18409686666106 0.020442360985995726 0.013824179495338172 1.1513351196290436 8.0 -1.0 -1.0 -1.0 -1.0 
315.82 37.92 1.0 -1.0 0.262366005364999 370.7761452999916 0.6043355297779757 0.05529671798135269 0.9962477921239482 2.0 -1.0 -1.0 -1.0 -1.0 
315.82 37.92 1.0 -1.0 3.8174542497 92.33249342904082 1.1909885623504708 0.031795612839277794 15.291983889550966 16.0 15.451157264052659 16.0 3.817452428241571 92.39371292681531 
316.23 37.92 1.0 -1.0 115.17137129324287 57.41659416471358 0.018202289300418884 0.031795612839277794 1.6356385312883406 1.0 -1.0 -1.0 -1.0 -1.0 
316.23 37.92 1.0 -1.0 314.2380950037 47.13248267824906 0.5785970800743586 0.035942866687879244 1.7522560783789043 1.0 -1.0 -1.0 -1.0 -1.0 
316.23 37.92 1.0 -1.0 12.08252485412 19.441694859570738 0.44716216121055213 0.024883523091608704 4.151829054515313 16.0 -1.0 -1.0 -1.0 -1.0 
316.23 37.92 1.0 -1.0 0.932741 121.11994199429769 0.034870184513432344 0.02350110514207489 1.7474322203174124 32.0 -1.0 -1.0 -1.0 -1.0 
316.23 37.92 1.0 -1.0 0.7859985325964 363.3598259828931 0.021190080826200126 0.017971433343939622 2.157747981347824 8.0 -1.0 -1.0 -1.0 -1.0 
316.23 37.92 1.0 -1.0 0.0017041687807023307 127.04329949356878 9.986192648683675 0.03456044873834543 2.971720310219785 4.0 -1.0 -1.0 -1.0 -1.0 
316.23 37.92 1.0 -1.0 0.0012934948558171557 69.08161108045603 4.841372476313745 0.022118687192541075 1.2976935816675073 2.0 -1.0 -1.0 -1.0 -1.0 
316.23 37.92 1.0 -1.0 0.0022043335512826594 94.15594650681828 1.9639449623086547 0.02350110514207489 1.4349008926431435 1.0 -1.0 -1.0 -1.0 -1.0 
316.23 37.92 1.0 -1.0 115.70185879986298 0.0 1.2075585321187605 0.009676925646736721 12.67369767133846 4.0 -1.0 -1.0 -1.0 -1.0 
316.23 37.92 1.0 -1.0 0.0038615770602163295 242.23988398859538 3.6295767608167497 0.012441761545804354 2.871828670957711 4.0 -1.0 -1.0 -1.0 -1.0 
319.48 74.46 1.0 -1.0 0.7279851537 157.17876312186803 1.3514907615213376 0.04285495643554833 12.579596458052904 16.0 12.816660832935241 16.0 0.7279898757891109 157.26158804848959 
319.87 49.23 1.0 -1.0 387.4675120456128 35.23419686030829 0.10901939067768149 0.031795612839277794 1.2080233888374377 1.0 -1.0 -1.0 -1.0 -1.0 
319.87 49.23 1.0 -1.0 32.39695567367918 50.7260580195232 0.03384955434907257 0.02073626924300726 1.2043229829539215 8.0 -1.0 -1.0 -1.0 -1.0 
319.87 49.23 1.0 -1.0 0.664065940204 175.72356592871213 0.721249970799335 0.024883523091608708 5.865395204789432 32.0 6.114620702524009 32.0 0.6640827147445332 176.28679947263117 
319.87 49.23 1.0 -1.0 7.20107927874 186.40567958001193 0.8990738776476155 0.009676925646736721 21.265598765308397 32.0 21.601890057746612 32.0 7.201075883737455 186.4065927833448 
319.87 49.23 1.0 -1.0 0.306679 372.81135916002387 0.03886502540210162 0.02073626924300726 3.1954918436293065 8.0 -1.0 -1.0 -1.0 -1.0 
319.87 49.23 1.0 -1.0 468.46771214885 559.2170387400358 0.17093196386209183 0.019353851293473442 1.9396219477234116 1.0 -1.0 -1.0 -1.0 -1.0 
319.87 49.23 1.0 -1.0 3.471732207903239 41.498054079918646 6.018357026646762 0.012441761545804354 125.86181139111241 32.0 125.99526778532547 32.0 3.471723175607622 41.491152573925824 
319.87 49.23 1.0 -1.0 4.61936868862 8.2213126007386 7.272540837450236 0.01520659744487199 166.2700109921933 32.0 166.34375925081105 32.0 4.619353906794762 8.197032581678029 
319.87 49.23 1.0 -1.0 0.07517101600419747 61.96744463685965 7.928479707773797 0.10644618211410392 2.116490728960776 8.0 -1.0 -1.0 -1.0 -1.0 
319.87 49.23 1.0 -1.0 0.8200976099608557 0.0 2.082724679022603 0.026265941041142528 10.830664978670166 32.0 -1.0 -1.0 -1.0 -1.0 
320.72 36.33 1.0 -1.0 0.5092852475722 12.562920693099876 0.03422578637740942 0.06082638977948796 0.760261511944717 16.0 -1.0 -1.0 -1.0 -1.0 
320.72 36.33 1.0 -1.0 6.667293596235096 156.952004712898 0.0338028170801927 0.04285495643554833 0.6889587475243707 2.0 -1.0 -1.0 -1.0 -1.0 
320.72 36.33 1.0 -1.0 15.211439 79.96890548814025 0.20064587839707695 0.08294507697202903 1.0972494852797094 2.0 -1.0 -1.0 -1.0 -1.0 
320.72 36.33 1.0 -1.0 0.173497343752 93.88388939484729 0.015378666956538868 0.03456044873834543 1.397196946783992 8.0 -1.0 -1.0 -1.0 -1.0 
320.72 36.33 1.0 -1.0 13.908404438658986 187.76777878969457 0.0668932872202258 0.017971433343939622 0.7698969674210069 1.0 -1.0 -1.0 -1.0 -1.0 
320.72 36.33 1.0 -1.0 1.297656144478 281.65166818454185 0.17010734737144495 0.04147253848601451 1.66376783910875 4.0 -1.0 -1.0 -1.0 -1.0 
320.72 36.33 1.0 -1.0 0.52289775784 143.17786072427504 1.5875231679595285 0.07188573337575849 2.658007351229053 1.0 -1.0 -1.0 -1.0 -1.0 
320.72 36.33 1.0 -1.0 198.93129209203 55.96978344661313 2.3245379118404386 0.03456044873834543 13.031706942271587 1.0 13.0317071777191 1.0 198.93147206554812 55.9624570082463 
320.72 36.33 1.0 -1.0 0.29027867099496335 35.23814750463665 1.880301197971938 0.06220880772902178 1.2061840533823962 2.0 -1.0 -1.0 -1.0 -1.0 
320.72 36.33 1.0 -1.0 13.283708222684412 0.0 4.251702380677985 0.03456044873834543 42.61818745185366 16.0 -1.0 -1.0 -1.0 -1.0 
320.85 32.72 1.0 -1.0 2.81146362521 70.14767098829036 0.5025394001268606 0.05253188208228506 3.388874908521553 8.0 -1.0 -1.0 -1.0 -1.0 
320.85 32.72 1.0 -1.0 0.51899 230.39946267918685 0.011609311936950351 0.11612310776084063 0.6786598595298804 1.0 -1.0 -1.0 -1.0 -1.0 
320.85 32.72 1.0 -1.0 0.9357095566 70.37274372942926 0.46576496396391776 0.009676925646736721 12.41042497589922 32.0 12.545637739603603 32.0 0.9357184656740477 70.13016764324534 
320.85 32.72 1.0 -1.0 2.741870487605 108.98522287592492 0.12867997003409437 0.04147253848601452 2.46559357912924 2.0 -1.0 -1.0 -1.0 -1.0 
320.85 32.72 1.0 -1.0 0.14636632765216182 83.35193846843913 0.01704602661965841 0.009676925646736721 0.7223134942627883 2.0 -1.0 -1.0 -1.0 -1.0 
320.85 32.72 1.0 -1.0 0.004556311895246632 166.70387693687826 0.17366966733617495 0.08156265902249521 0.7163252684395622 4.0 -1.0 -1.0 -1.0 -1.0 
320.85 32.72 1.0 -1.0 0.0017278259805078627 250.0558154053174 0.015711571348942407 0.06082638977948796 7.415420504035842 1.0 -1.0 -1.0 -1.0 -1.0 
320.85 32.72 1.0 -1.0 0.4900680581299 14.254606938796972 3.135087200477946 0.13962421290291552 1.1056572327470644 1.0 -1.0 -1.0 -1.0 -1.0 
320.85 32.72 1.0 -1.0 0.6398710136959384 152.4492699980813 4.784846244637481 0.07050331542622468 17.9013345610603 8.0 18.050414297770022 16.0 0.6398598391873141 152.30288932623992 
320.85 32.72 1.0 -1.0 0.73554 0.0 1.9025143132328175 0.08156265902249521 0.9140123408784926 1.0 -1.0 -1.0 -1.0 -1.0 
321.11 36.33 1.0 -1.0 2.683993826716843 56.93959104186433 0.01289469401829158 0.01520659744487199 1.8241157314910579 4.0 -1.0 -1.0 -1.0 -1.0 
321.11 36.33 1.0 -1.0 0.4586745305 63.448562367607494 0.049325251342871065 0.009676925646736721 1.3196251417689258 32.0 -1.0 -1.0 -1.0 -1.0 
321.11 36.33 1.0 -1.0 1.267086536181 59.86028330341575 0.023117261921407867 0.06082638977948796 1.8053694891016416 2.0 -1.0 -1.0 -1.0 -1.0 
321.11 36.33 1.0 -1.0 0.6387302863529 72.51661643680524 0.01805201362198333 0.06082638977948796 0.9103807598822352 16.0 -1.0 -1.0 -1.0 -1.0 
321.11 36.33 1.0 -1.0 0.910265474731 82.53041847641009 0.3156820767645053 0.016589015394405805 2.7689779684613374 32.0 -1.0 -1.0 -1.0 -1.0 
321.11 36.33 1.0 -1.0 463.11553585637 0.0 0.26986285727822834 0.04147253848601452 1.2207773070885897 1.0 -1.0 -1.0 -1.0 -1.0 
321.11 36.33 1.0 -1.0 2.4500513636 92.71111721667505 0.020023046365408196 0.058061553880420315 2.638293210939665 8.0 -1.0 -1.0 -1.0 -1.0 
321.11 36.33 1.0 -1.0 0.09458893510179119 278.13335165002513 0.37338529977405854 0.005529671798135269 3.8241491752811463 32.0 -1.0 -1.0 -1.0 -1.0 
321.11 36.33 1.0 -1.0 0.654860719376 16.71748618278479 3.4606200160628076 0.017971433343939622 68.6152879157106 32.0 68.6793701432333 32.0 0.6548665017665675 16.697658962677465 
321.11 36.33 1.0 -1.0 0.161472523874 185.4222344333501 1.2294446201673308 0.019353851293473442 7.411784819751506 32.0 7.794649306872856 32.0 0.16146562605475387 185.5970093184877 
321.23 32.72 1.0 -1.0 5.79897187841 43.044346570308434 0.15368046356341292 0.045619792334615966 0.9620602419093678 16.0 -1.0 -1.0 -1.0 -1.0 
321.23 32.72 1.0 -1.0 0.0017925298091000072 60.6635350628181 0.632091685978404 0.03456044873834543 0.9173991075060263 1.0 -1.0 -1.0 -1.0 -1.0 
321.23 32.72 1.0 -1.0 14.231684340911109 39.37677990801387 0.10466512108254267 0.017971433343939622 1.7821337735217906 32.0 -1.0 -1.0 -1.0 -1.0 
321.23 32.72 1.0 -1.0 1.544817633127 247.78377740731952 0.15410572815741164 0.012441761545804356 2.267570016138543 16.0 -1.0 -1.0 -1.0 -1.0 
321.23 32.72 1.0 -1.0 0.009119667231422064 99.02429988195307 1.4155170065518716 0.027648358990676344 0.6353564271771481 8.0 -1.0 -1.0 -1.0 -1.0 
321.23 32.72 1.0 -1.0 0.455919 98.13218907220575 9.384199668361846 0.02073626924300726 125.97508843538934 32.0 126.27740576830571 32.0 0.455929693998769 98.66798477945774 
321.23 32.72 1.0 -1.0 151.04162126667057 63.885046320239 9.627163549856318 0.019353851293473442 56.79599610270775 2.0 56.79599573692468 2.0 151.04160411283374 63.85589579060292 
321.23 32.72 1.0 -1.0 213.59893407472 0.0 3.2949724307776487 0.06220880772902178 14.480596562835359 2.0 -1.0 -1.0 -1.0 -1.0 
321.23 32.72 1.0 -1.0 0.00667213317037495 82.5945924691065 1.968019525573829 0.022118687192541075 1.5773918552780746 1.0 -1.0 -1.0 -1.0 -1.0 
321.23 32.72 1.0 -1.0 1.82404901739 165.189184938213 6.391172773542337 0.019353851293473442 152.24782248864057 32.0 152.36551342519599 32.0 1.8240522573857259 165.1550268308462 
321.61 32.72 1.0 -1.0 0.265993420483 65.70557410987847 0.3375614434310193 0.04700221028414978 0.36849305682231287 2.0 -1.0 -1.0 -1.0 -1.0 
321.61 32.72 1.0 -1.0 0.15609261377207204 79.49563287368012 0.47224505253570004 0.07603298722435994 0.14828428871374527 2.0 -1.0 -1.0 -1.0 -1.0 
321.61 32.72 1.0 -1.0 1.6264454271977287 49.285325884888266 0.022056385992731905 0.01382417949533817 1.7363328297833438 4.0 -1.0 -1.0 -1.0 -1.0 
321.61 32.72 1.0 -1.0 4.15019313335 79.56937650343308 0.583816853109667 0.06359122567855559 3.7245629585917612 4.0 -1.0 -1.0 -1.0 -1.0 
321.61 32.72 1.0 -1.0 0.06701244475243069 67.67207090329048 0.012159297680008169 0.04423737438508215 2.0524440835535143 4.0 -1.0 -1.0 -1.0 -1.0 
321.61 32.72 1.0 -1.0 0.4116193649784009 98.27567725076473 0.02040003737485031 0.012441761545804354 2.0519131620697983 8.0 -1.0 -1.0 -1.0 -1.0 
321.61 32.72 1.0 -1.0 0.00355500598430653 0.0 0.673570158688605 0.045619792334615966 1.4075964141750725 1.0 -1.0 -1.0 -1.0 -1.0 
321.61 32.72 1.0 -1.0 7.1462 81.92917265552747 0.08691483487083679 0.02073626924300726 2.5714629678629475 1.0 -1.0 -1.0 -1.0 -1.0 
321.61 32.72 1.0 -1.0 1.89585724668 163.85834531105493 0.2169370016563095 0.013824179495338172 5.505581587250516 32.0 -1.0 -1.0 -1.0 -1.0 
321.61 32.72 1.0 -1.0 0.00355500598430653 245.7875179665824 1.0139127866480846 0.029030776940210154 0.8661886983754076 1.0 -1.0 -1.0 -1.0 -1.0 
282.73 -3.68 1.0 -1.0 131.58994005264324 410.7946547939434 2.3341932760406383 0.019353851293473442 6.8532800348252785 1.0 -1.0 -1.0 -1.0 -1.0 
282.73 -3.68 1.0 -1.0 106.02790201610809 1232.38396438183 4.821346193585811 0.017971433343939622 12.854186372926854 1.0 12.854186336415195 1.0 106.02816473692657 1232.287231445597 
286.02 6.18 1.0 -1.0 0.6398710136959384 6.986654387523416 0.04997696479538971 0.031795612839277794 1.3341577092036083 16.0 -1.0 -1.0 -1.0 -1.0 
286.02 6.18 1.0 -1.0 0.0017357844695488527 29.73390123062291 0.012823624751348836 0.022118687192541075 0.3751185067813843 1.0 -1.0 -1.0 -1.0 -1.0 
286.02 6.18 1.0 -1.0 0.23068810955063135 260.61845668808274 0.18570640495981353 0.035942866687879244 0.9325801354757656 2.0 -1.0 -1.0 -1.0 -1.0 
286.02 6.18 1.0 -1.0 0.3895347605661933 62.39244848393004 0.16987247418078028 0.031795612839277794 1.860617781655549 1.0 -1.0 -1.0 -1.0 -1.0 
286.02 6.18 1.0 -1.0 0.5348799301340531 77.82808027031898 0.03032830820165586 0.009676925646736721 2.5632231855128236 16.0 -1.0 -1.0 -1.0 -1.0 
286.02 6.18 1.0 -1.0 2.673417841032 541.5469552003616 0.09821983945518488 0.011059343596270537 0.1612063539378284 1.0 -1.0 -1.0 -1.0 -1.0 
286.02 6.18 1.0 -1.0 18.664158046130844 85.13969532702953 3.8704260662198062 0.03456044873834543 11.140404555870521 8.0 11.140404472403574 8.0 18.66416520594309 85.10746174310151 
286.02 6.18 1.0 -1.0 0.004252814799581741 0.0 2.5394547231851057 0.017971433343939622 0.9883881654334439 1.0 -1.0 -1.0 -1.0 -1.0 
286.02 6.18 1.0 -1.0 226.32206172447297 1083.0939104007232 5.144831280817312 0.017971433343939622 13.475543956824511 2.0 13.475543942198604 2.0 226.3220570360621 1083.1214780456783 
286.02 6.18 1.0 -1.0 2.433914834963 1624.6408656010847 9.567491384329692 0.013824179495338172 84.8737169175672 32.0 84.87371642288745 32.0 2.4338987714145333 1624.6316181019638 
286.34 6.18 1.0 -1.0 186.59644326039583 67.72841520906213 0.01040163739829678 0.02073626924300726 0.48757024474415167 2.0 -1.0 -1.0 -1.0 -1.0 
286.34 6.18 1.0 -1.0 3.383137785416 134.4009308491634 0.05850280880215019 0.03732528463741307 -0.2022152273887798 1.0 -1.0 -1.0 -1.0 -1.0 
286.34 6.18 1.0 -1.0 1.9888513628 80.24836724102684 0.5981053370711906 0.019353851293473442 2.6583364053910614 32.0 -1.0 -1.0 -1.0 -1.0 
286.34 6.18 1.0 -1.0 188.2052895367 32.73288663778727 0.10619464324307946 0.04423737438508215 1.7949942511371084 1.0 -1.0 -1.0 -1.0 -1.0 
286.34 6.18 1.0 -1.0 23.485419354402033 128.66890461766147 0.030601912910025942 0.022118687192541075 0.5995025417816985 1.0 -1.0 -1.0 -1.0 -1.0 
286.34 6.18 1.0 -1.0 329.90002840672855 44.49862469192278 0.03329294667906999 0.041472538486014524 1.7397546601672476 1.0 -1.0 -1.0 -1.0 -1.0 
286.34 6.18 1.0 -1.0 0.0010962660541176533 0.0 0.3899950599841681 0.01520659744487199 0.45538461456725676 32.0 -1.0 -1.0 -1.0 -1.0 
286.34 6.18 1.0 -1.0 0.33626423033604985 502.7590376209445 0.0708900134099903 0.016589015394405805 0.29174310256080715 2.0 -1.0 -1.0 -1.0 -1.0 
286.34 6.18 1.0 -1.0 46.36352743489975 1005.518075241889 0.4135820258278059 0.05529671798135269 1.6048361270384182 1.0 -1.0 -1.0 -1.0 -1.0 
286.34 6.18 1.0 -1.0 206.4481161980627 1508.2771128628335 0.662952096295988 0.02350110514207489 1.8344322282171577 1.0 -1.0 -1.0 -1.0 -1.0 
286.66 6.18 1.0 -1.0 33.45605965944329 29.25116672252292 0.07580327491754277 0.013824179495338172 1.21182994292846 2.0 -1.0 -1.0 -1.0 -1.0 
286.66 6.18 1.0 -1.0 1.01833 73.19291939902402 0.2691181534972077 0.016589015394405805 1.965879034160701 1.0 -1.0 -1.0 -1.0 -1.0 
286.66 6.18 1.0 -1.0 0.005134571450367859 147.81589583781582 0.09862781229004143 0.017971433343939622 1.7397512827711212 1.0 -1.0 -1.0 -1.0 -1.0 
286.66 6.18 1.0 -1.0 4.7857007683163 99.06395130027762 0.12285955582939735 0.017971433343939622 1.0252610414846954 8.0 -1.0 -1.0 -1.0 -1.0 
286.66 6.18 1.0 -1.0 0.6005577944 0.0 0.04278220124780196 0.029030776940210157 3.3539499190759066 1.0 -1.0 -1.0 -1.0 -1.0 
286.66 6.18 1.0 -1.0 0.52816361159 433.3072830496396 0.5448458249913325 0.011059343596270537 4.185976126326123 32.0 -1.0 -1.0 -1.0 -1.0 
286.66 6.18 1.0 -1.0 0.0019741409227257214 866.6145660992792 0.021544346900318846 0.05529671798135269 1.9459696886089208 1.0 -1.0 -1.0 -1.0 -1.0 
286.66 6.18 1.0 -1.0 0.001576100960180264 1299.9218491489187 0.027286233694994055 0.06635606157762322 1.5076003458697531 1.0 -1.0 -1.0 -1.0 -1.0 
286.66 6.18 1.0 -1.0 0.91099098381 91.00362980340464 6.400009491490019 0.04700221028414978 16.19862140811331 32.0 16.609181894093737 32.0 0.9109802097858241 91.07813979642255 
286.66 6.18 1.0 -1.0 26.71041724837536 25.091000788652995 3.886502540210162 0.017971433343939622 27.968535195349958 16.0 27.96853510324403 16.0 26.71040419954807 25.097087410569767 
287.08 33.58 1.0 -1.0 0.695232083547 66.79590750871454 0.049564361624062 0.008294507697202903 0.7884366255582862 32.0 -1.0 -1.0 -1.0 -1.0 
287.08 33.58 1.0 -1.0 0.020855600018580035 93.24510937174583 0.22580594589905179 0.027648358990676344 0.7566707997411163 1.0 -1.0 -1.0 -1.0 -1.0 
287.08 33.58 1.0 -1.0 5.862289031670763 15.627825399859608 0.518407728152382 0.031795612839277794 4.809826235932287 16.0 -1.0 -1.0 -1.0 -1.0 
287.08 33.58 1.0 -1.0 1.087394 48.44900528181432 0.1769394946143883 0.011059343596270537 3.5747987766135183 32.0 -1.0 -1.0 -1.0 -1.0 
287.08 33.58 1.0 -1.0 31.227543005518584 58.94079667504169 0.03363974424252767 0.07188573337575849 1.7777150620998587 1.0 -1.0 -1.0 -1.0 -1.0 
287.08 33.58 1.0 -1.0 0.002265959278179522 0.0 0.02689322988764996 0.04147253848601452 2.662840332302411 2.0 -1.0 -1.0 -1.0 -1.0 
287.08 33.58 1.0 -1.0 383.141762 91.54225317703352 0.48047209186097195 0.024883523091608708 1.087166135295446 1.0 -1.0 -1.0 -1.0 -1.0 
287.08 33.58 1.0 -1.0 0.10369463864723147 274.62675953110056 0.6334030758662765 0.07465056927482613 0.9567016163782637 4.0 -1.0 -1.0 -1.0 -1.0 
287.08 33.58 1.0 -1.0 13.972467536188166 64.845862511544 8.916512433461126 0.05391430003181887 80.44681439913644 8.0 -1.0 -1.0 -1.0 -1.0 
287.08 33.58 1.0 -1.0 0.0924402996373342 183.08450635406703 6.377940568543315 0.017971433343939622 73.7553318447915 32.0 73.8205526127206 32.0 0.09243497819018862 182.7634671914879 
287.23 57.06 1.0 -1.0 0.76941220286 24.646312564885573 0.012612758521908175 0.011059343596270537 1.7324289211794923 1.0 -1.0 -1.0 -1.0 -1.0 
287.23 57.06 1.0 -1.0 25.864857141861386 53.26188146044561 0.020541457869447798 0.024883523091608708 1.4842388749135678 4.0 -1.0 -1.0 -1.0 -1.0 
287.23 57.06 1.0 -1.0 1.32626 77.8897323679792 0.047848462446374807 0.03456044873834543 0.4609064411056437 1.0 -1.0 -1.0 -1.0 -1.0 
287.23 57.06 1.0 -1.0 86.6173797908258 137.42857732809605 0.037649358067924674 0.027648358990676344 1.58247112852783 1.0 -1.0 -1.0 -1.0 -1.0 
287.23 57.06 1.0 -1.0 200.83348960273642 61.53270395413005 0.3533090934950551 0.03456044873834543 0.22758295662115566 2.0 -1.0 -1.0 -1.0 -1.0 
287.23 57.06 1.0 -1.0 16.11175529272458 123.0654079082601 0.3432049597686394 0.045619792334615966 2.743347353389899 2.0 -1.0 -1.0 -1.0 -1.0 
287.23 57.06 1.0 -1.0 61.48547652886 85.34824193817678 1.40480085044108 0.005529671798135269 20.856626151319542 4.0 20.856625611403175 4.0 61.48547981865705 85.30985760931578 
287.23 57.06 1.0 -1.0 106.11873496995 127.44082070067799 5.281682335805868 0.024883523091608708 30.817014095380536 1.0 30.817014346153986 1.0 106.11838661134244 127.40819778188441 
287.23 57.06 1.0 -1.0 1.277433 0.0 2.9481322031217796 0.016589015394405805 53.03178962361817 32.0 -1.0 -1.0 -1.0 -1.0 
287.23 57.06 1.0 -1.0 1.432275 184.59811186239014 2.468534742529082 0.05253188208228506 14.825760481253953 16.0 15.011841786704908 16.0 1.4322722563520074 184.1802382549878 
287.46 33.58 1.0 -1.0 243.902439 83.66919408678343 0.5758057900026293 0.052531882082285056 2.0988536441220313 1.0 -1.0 -1.0 -1.0 -1.0 
287.46 33.58 1.0 -1.0 4.655277 110.41772885637721 0.013228547199179264 0.1354769590543141 0.9307992924283635 1.0 -1.0 -1.0 -1.0 -1.0 
287.46 33.58 1.0 -1.0 0.57198175779 48.73744472586753 0.7424839476044562 0.027648358990676348 4.678872485540187 32.0 -1.0 -1.0 -1.0 -1.0 
287.46 33.58 1.0 -1.0 0.54085663363 0.0 0.33040902788145476 0.045619792334615966 0.8420351476457918 1.0 -1.0 -1.0 -1.0 -1.0 
287.46 33.58 1.0 -1.0 0.1397922816187968 185.54186552977328 0.12050584178812833 0.027648358990676344 0.85343071431484 16.0 -1.0 -1.0 -1.0 -1.0 
287.46 33.58 1.0 -1.0 0.489273 42.224273928692774 3.8015262684727196 0.022118687192541075 44.822106780532316 32.0 44.926096699333385 32.0 0.4892778330637763 42.300736038782915 
287.46 33.58 1.0 -1.0 0.9748195411 60.59475566431389 5.497611134427103 0.013824179495338172 165.42222089848107 32.0 165.4591256645731 32.0 0.9748267378502836 60.617561931174556 
287.46 33.58 1.0 -1.0 324.68438438109 41.277915778675926 1.7511539675058443 0.08985716671969811 4.644944230105116 1.0 -1.0 -1.0 -1.0 -1.0 
287.46 33.58 1.0 -1.0 0.2587737194050002 92.77093276488664 1.785357418729307 0.01520659744487199 32.10173608809699 32.0 32.57998900771194 32.0 0.2587815591444572 93.5068901909938 
287.46 33.58 1.0 -1.0 337.974855 278.3127982946599 3.682617525797671 0.019353851293473442 27.938346152840268 1.0 27.9383466879166 1.0 337.9750220725934 278.2943160446244 
288.23 33.58 1.0 -1.0 1.3226001615907352 32.106371504638304 0.08965928258909794 0.05529671798135269 2.218362347808606 4.0 -1.0 -1.0 -1.0 -1.0 
288.23 33.58 1.0 -1.0 2.901497311343 3.2077730673679663 0.012067245849098731 0.027648358990676344 1.3092777075684316 1.0 -1.0 -1.0 -1.0 -1.0 
288.23 33.58 1.0 -1.0 182.1172346200484 88.38560433837092 0.12362582730615956 0.013824179495338172 0.8713551993801522 1.0 -1.0 -1.0 -1.0 -1.0 
288.23 33.58 1.0 -1.0 0.0010279566251944964 60.31758999890123 0.028519736887022848 0.006912089747669086 1.4987792253351848 2.0 -1.0 -1.0 -1.0 -1.0 
288.23 33.58 1.0 -1.0 0.9833291670772 0.0 0.9274632919026741 0.008294507697202903 22.812914274617697 32.0 -1.0 -1.0 -1.0 -1.0 
288.23 33.58 1.0 -1.0 60.033861 286.3796687554669 0.1510490199506004 0.06082638977948796 0.5179393872691106 4.0 -1.0 -1.0 -1.0 -1.0 
288.23 33.58 1.0 -1.0 9.85354347246952 95.77493872570071 1.1697870538702462 0.019353851293473442 20.23326719200067 16.0 20.233268247198662 16.0 9.853586864968142 95.73324471935081 
288.23 33.58 1.0 -1.0 1.571303667847 71.63071822756504 8.88576594377091 0.013824179495338174 403.9810763863405 32.0 404.02016699591104 32.0 1.571303679763029 71.6481366398524 
288.23 33.58 1.0 -1.0 2.912037613413 95.45988958515564 2.378141128096148 0.01520659744487199 64.05478661394275 32.0 64.18846848116068 32.0 2.912050452626621 95.42965092002939 
288.23 33.58 1.0 -1.0 0.07048703518080775 190.91977917031127 1.4592053445088156 0.03317803078881161 3.5996341196719697 16.0 -1.0 -1.0 -1.0 -1.0 
290.15 58.62 1.0 -1.0 1.30330597336 115.40854507484705 0.21219379168489502 0.045619792334615966 1.5281047717585108 4.0 -1.0 -1.0 -1.0 -1.0 
290.15 58.62 1.0 -1.0 1.94092353149 35.491229990759415 0.1299305782128723 0.04009012053648069 2.4229178864343544 1.0 -1.0 -1.0 -1.0 -1.0 
290.15 58.62 1.0 -1.0 0.06370913090866241 56.93106392277815 0.5981053370711906 0.017971433343939622 0.7974149466696272 16.0 -1.0 -1.0 -1.0 -1.0 
290.15 58.62 1.0 -1.0 4.0062614244264 79.87913194262367 0.28697613656589205 0.017971433343939622 2.7267515812749186 16.0 -1.0 -1.0 -1.0 -1.0 
290.15 58.62 1.0 -1.0 15.8843898595 63.632205249704754 0.5384843889559967 0.019353851293473442 5.685422910601767 8.0 -1.0 -1.0 -1.0 -1.0 
290.15 58.62 1.0 -1.0 2.86763 95.53421994285107 2.5289502973203115 0.06082638977948796 13.102237538596768 8.0 13.954722375131162 16.0 2.8676367946900427 95.63204678624366 
290.15 58.62 1.0 -1.0 302.632296 78.42817256699284 3.932416103941603 0.017971433343939622 31.89847755653133 1.0 31.898477211594752 1.0 302.6323004936179 78.42839815803052 
290.15 58.62 1.0 -1.0 3.8784760942028 0.0 2.7513380503451645 0.07050331542622468 9.515627017689814 8.0 -1.0 -1.0 -1.0 -1.0 
290.15 58.62 1.0 -1.0 0.2158 127.26441049940951 1.7402997684605632 0.019353851293473442 21.044425247847876 32.0 21.443309746660937 32.0 0.2157927762406568 126.8010101832416 
290.15 58.62 1.0 -1.0 0.05180727580868196 190.89661574911426 1.8442788364909402 0.026265941041142524 8.22521687358888 32.0 8.734936747982125 32.0 0.05181088151099782 190.04971837520168 
290.76 58.62 1.0 -1.0 0.433862285366 30.372830537560397 0.21965150000457404 0.012441761545804354 3.1202277342883376 32.0 -1.0 -1.0 -1.0 -1.0 
290.76 58.62 1.0 -1.0 1.95231526531 149.06436856323347 0.0434974548894717 0.012441761545804354 1.599251268414038 1.0 -1.0 -1.0 -1.0 -1.0 
290.76 58.62 1.0 -1.0 0.59787312095 13.76721435046444 0.1063414726503173 0.06359122567855559 0.6486441547369175 16.0 -1.0 -1.0 -1.0 -1.0 
290.76 58.62 1.0 -1.0 29.013828660334273 0.0 0.03018199722206234 0.06082638977948796 1.2922817801903501 2.0 -1.0 -1.0 -1.0 -1.0 
290.76 58.62 1.0 -1.0 0.0022349340175341534 64.3564171530126 0.10452060627280742 0.019353851293473442 3.273119563565359 1.0 -1.0 -1.0 -1.0 -1.0 
290.76 58.62 1.0 -1.0 0.701967086843 128.7128343060252 0.2719214355501518 0.02073626924300726 3.284769845664421 32.0 -1.0 -1.0 -1.0 -1.0 
290.76 58.62 1.0 -1.0 463.52314928835057 193.0692514590378 0.03669918888002356 0.05529671798135269 0.441451608475405 1.0 -1.0 -1.0 -1.0 -1.0 
290.76 58.62 1.0 -1.0 3.7527013778 47.13291757290841 3.4797989715046476 0.03456044873834543 45.939224246013346 32.0 46.181592510823684 32.0 3.7526964054753384 47.05703889481831 
290.76 58.62 1.0 -1.0 1.882672 32.960217245782324 1.40480085044108 0.008294507697202903 84.58053466312272 32.0 84.58053667355128 32.0 1.8826843491600207 32.99052619292638 
290.76 58.62 1.0 -1.0 0.001360562470821819 41.8036733082125 6.561176159257732 0.08985716671969811 4.119651532933928 2.0 -1.0 -1.0 -1.0 -1.0 
291.78 16.97 1.0 -1.0 41.58433482255 96.72948226850801 0.6670869092409145 0.026265941041142528 3.100393778055639 8.0 -1.0 -1.0 -1.0 -1.0 
291.78 16.97 1.0 -1.0 0.776096931576026 161.65749091449283 0.43257718124218897 0.04147253848601452 0.5759090263409667 1.0 -1.0 -1.0 -1.0 -1.0 
291.78 16.97 1.0 -1.0 2.197424522481 104.88370627428318 0.05554877262434196 0.027648358990676344 1.0199807628913464 16.0 -1.0 -1.0 -1.0 -1.0 
291.78 16.97 1.0 -1.0 39.475126410105304 72.77644925154344 0.15315053273857523 0.020736269243007262 -0.3443414257085762 1.0 -1.0 -1.0 -1.0 -1.0 
291.78 16.97 1.0 -1.0 0.1497683923753354 0.0 0.011215147261470602 0.06497364362808941 0.2998112118169171 1.0 -1.0 -1.0 -1.0 -1.0 
291.78 16.97 1.0 -1.0 1.78411007426 339.72535764060825 0.7961411998850886 0.045619792334615966 1.157190101590083 4.0 -1.0 -1.0 -1.0 -1.0 
291.78 16.97 1.0 -1.0 1.021138 679.4507152812165 0.012984084737153605 0.013824179495338172 2.181847666157715 8.0 -1.0 -1.0 -1.0 -1.0 
291.78 16.97 1.0 -1.0 0.7112066328898301 1019.1760729218247 0.028303828528942077 0.04423737438508215 0.5818508843846959 2.0 -1.0 -1.0 -1.0 -1.0 
291.78 16.97 1.0 -1.0 3.24624601344 83.07115705883459 7.648712885325884 0.029030776940210154 61.8619137604577 32.0 61.92983670713969 32.0 3.246229122548054 83.08350308095879 
291.78 16.97 1.0 -1.0 3.2854634388411066 114.26106388092464 2.8167284121295544 0.02764835899067634 25.826771030548592 32.0 25.826770716075185 32.0 3.2854586606845264 114.25246647795672 
292.45 16.96 1.0 -1.0 48.233775392319 178.7424927538566 0.15930163089026392 0.04700221028414978 1.1882082817703297 4.0 -1.0 -1.0 -1.0 -1.0 
292.45 16.96 1.0 -1.0 3.57477758544 16.703111567761034 0.20612535334981044 0.011059343596270537 3.5072542491847685 8.0 -1.0 -1.0 -1.0 -1.0 
292.45 16.96 1.0 -1.0 307.2974449774 20.734897118599903 0.04738791128666746 0.026265941041142528 2.3644213864148376 1.0 -1.0 -1.0 -1.0 -1.0 
292.45 16.96 1.0 -1.0 2.29484628787 38.97392699144241 0.0100554205759454 0.016589015394405805 0.8788674482998541 1.0 -1.0 -1.0 -1.0 -1.0 
292.45 16.96 1.0 -1.0 4.44958315845593 0.0 0.8442919515616989 0.06773847952715704 1.8050023087035472 1.0 -1.0 -1.0 -1.0 -1.0 
292.45 16.96 1.0 -1.0 0.0030688438418572136 319.95098192728466 0.13477612364941793 0.004147253848601451 3.1814683943727537 1.0 -1.0 -1.0 -1.0 -1.0 
292.45 16.96 1.0 -1.0 5.191954610004 639.9019638545693 0.07373722146511155 0.022118687192541075 1.8201749794636564 1.0 -1.0 -1.0 -1.0 -1.0 
292.45 16.96 1.0 -1.0 1.085234618514 959.8529457818539 0.059357738711856865 0.019353851293473442 1.4207144883034326 16.0 -1.0 -1.0 -1.0 -1.0 
292.45 16.96 1.0 -1.0 0.014439721715634837 20.350917542329537 8.757784197147112 0.01520659744487199 5.297355402569416 32.0 -1.0 -1.0 -1.0 -1.0 
292.45 16.96 1.0 -1.0 172.70704460237 32.926248665184104 3.9161497090119206 0.009676925646736721 28.312869745537867 2.0 28.312870357690745 2.0 172.70698056866726 32.88932825981925 
293.12 16.96 1.0 -1.0 0.008551411689614681 49.028095178585225 0.027857651076758985 0.017971433343939622 0.457108657450923 4.0 -1.0 -1.0 -1.0 -1.0 
293.12 16.96 1.0 -1.0 16.15935711336 59.96241856373733 0.37753541375300387 0.05114946413275124 2.5199389103924115 4.0 -1.0 -1.0 -1.0 -1.0 
293.12 16.96 1.0 -1.0 251.75352627488 161.72217006749156 0.46737660191985736 0.013824179495338172 2.6888987088591696 1.0 -1.0 -1.0 -1.0 -1.0 
293.12 16.96 1.0 -1.0 0.805719788443 191.4388392674614 0.01880301197971938 0.02350110514207489 2.1459137422923718 8.0 -1.0 -1.0 -1.0 -1.0 
293.12 16.96 1.0 -1.0 1.9888513628 119.5721170182762 0.024736561696432572 0.031795612839277794 1.843614683297323 4.0 -1.0 -1.0 -1.0 -1.0 
293.12 16.96 1.0 -1.0 1.1469878660290085 293.9040309896125 0.44072168159653313 0.022118687192541075 3.4351380353672885 16.0 -1.0 -1.0 -1.0 -1.0 
293.12 16.96 1.0 -1.0 0.019466403190199797 587.808061979225 0.015410572815741156 0.019353851293473442 1.948488186673428 1.0 -1.0 -1.0 -1.0 -1.0 
293.12 16.96 1.0 -1.0 0.51899 139.58898321528852 4.676995980844703 0.017971433343939622 49.771506470491204 32.0 50.29999832442422 32.0 0.518987993321692 139.45075182163365 
293.12 16.96 1.0 -1.0 0.6890079310895 0.0 4.073436927058742 0.004147253848601451 90.54693637288274 32.0 -1.0 -1.0 -1.0 -1.0 
293.12 16.96 1.0 -1.0 0.093458 881.7120929688375 3.846435957016196 0.04423737438508215 2.300184976644865 16.0 -1.0 -1.0 -1.0 -1.0 
293.45 16.96 1.0 -1.0 55.97630170234449 149.2889856222318 0.06035011024807171 0.02350110514207489 1.8339805074720044 2.0 -1.0 -1.0 -1.0 -1.0 
293.45 16.96 1.0 -1.0 5.14255433375 259.89817250742203 0.1579864578225898 0.03041319488974398 1.929048410233651 16.0 -1.0 -1.0 -1.0 -1.0 
293.45 16.96 1.0 -1.0 2.791736 23.97646271604954 0.014302618068135337 0.10091651031596867 1.2478812971107125 4.0 -1.0 -1.0 -1.0 -1.0 
293.45 16.96 1.0 -1.0 0.01859206936814379 0.0 0.15262242925517455 0.019353851293473442 1.7206369643748798 4.0 -1.0 -1.0 -1.0 -1.0 
293.45 16.96 1.0 -1.0 1.74644341015 835.333277692611 0.014571905684253863 0.030413194889743984 0.058162646261792524 4.0 -1.0 -1.0 -1.0 -1.0 
293.45 16.96 1.0 -1.0 25.04606456529942 162.2379463225373 8.338580182267595 0.015206597444871992 79.26857546922345 16.0 79.3363529098587 16.0 25.046089528283726 162.22028677073922 
293.45 16.96 1.0 -1.0 4.0062614244264 83.6252236193923 6.991726935839042 0.03041319488974398 71.0778486139835 32.0 71.2038577310188 32.0 4.006263528329631 83.58949274649447 
293.45 16.96 1.0 -1.0 2.56344219948714 119.54814685249788 2.470240705666251 0.016589015394405805 50.66427736368272 32.0 50.66427600395832 32.0 2.5634411334370575 119.5147589995278 
293.45 16.96 1.0 -1.0 0.023719473348773057 278.444425897537 1.4145394419656845 0.02350110514207489 1.3351326724585513 1.0 -1.0 -1.0 -1.0 -1.0 
293.45 16.96 1.0 -1.0 400.5813533944 556.888851795074 6.726401367068844 0.012441761545804354 34.00130410839251 1.0 34.00130386185211 1.0 400.58124189575517 556.8922258885702 
298.53 29.08 1.0 -1.0 3.7043334323208 98.18382702934888 0.022721429101683833 0.015206597444871992 1.2951019152354686 1.0 -1.0 -1.0 -1.0 -1.0 
298.53 29.08 1.0 -1.0 2.132196 194.03647380800092 0.24976970101596224 0.016589015394405805 2.643581944469348 32.0 -1.0 -1.0 -1.0 -1.0 
298.53 29.08 1.0 -1.0 445.49383 159.06877004754847 0.12000737073062885 0.012441761545804354 1.8406261312118513 1.0 -1.0 -1.0 -1.0 -1.0 
298.53 29.08 1.0 -1.0 0.4116193649784009 46.966425639039095 0.5632161084642736 0.04423737438508215 1.088955882062093 4.0 -1.0 -1.0 -1.0 -1.0 
298.53 29.08 1.0 -1.0 0.0029853826189179603 0.0 0.580599139240655 0.012441761545804356 0.6797572181387723 32.0 -1.0 -1.0 -1.0 -1.0 
298.53 29.08 1.0 -1.0 0.009681092501071858 228.52422869330994 0.4581061230619874 0.11197585391223919 0.5890220063225793 4.0 -1.0 -1.0 -1.0 -1.0 
298.53 29.08 1.0 -1.0 2.63582983361 457.0484573866199 0.09740894952994789 0.02350110514207489 1.1024546145467171 4.0 -1.0 -1.0 -1.0 -1.0 
298.53 29.08 1.0 -1.0 3.63460946068 685.5726860799298 0.3889188437212902 0.026265941041142528 2.4550525412152955 16.0 -1.0 -1.0 -1.0 -1.0 
298.53 29.08 1.0 -1.0 57.01477239693791 50.943144890227806 2.1965150000457414 0.02350110514207489 29.58490090763479 8.0 29.584900537699667 8.0 57.01476766262204 50.90256035288949 
298.53 29.08 1.0 -1.0 3.1378967940100027 23.928879632152764 1.890721935506182 0.05529671798135268 6.163244026888223 8.0 7.217200613673753 16.0 3.1379386200569575 23.882712213284133 
299.26 29.08 1.0 -1.0 41.90529550804039 41.51127111479116 0.050672283643906746 0.015206597444871992 0.35815262359326905 1.0 -1.0 -1.0 -1.0 -1.0 
299.26 29.08 1.0 -1.0 36.845678187087444 55.02201501535998 0.5972795120198795 0.13132970520571263 1.5986410629457253 1.0 -1.0 -1.0 -1.0 -1.0 
299.26 29.08 1.0 -1.0 31.661042452687738 137.26132571447454 0.26708079744159313 0.12718245135711118 1.7009363225767964 2.0 -1.0 -1.0 -1.0 -1.0 
299.26 29.08 1.0 -1.0 361.6582023947468 97.83867201426408 0.9781355419536544 0.03456044873834543 1.912976895489698 1.0 -1.0 -1.0 -1.0 -1.0 
299.26 29.08 1.0 -1.0 0.34069385843 0.0 0.104304208103359 0.013824179495338172 1.9269773187172885 16.0 -1.0 -1.0 -1.0 -1.0 
299.26 29.08 1.0 -1.0 487.55679115589527 217.54255758741968 0.06242801671064434 0.016589015394405805 -0.4309888820646786 1.0 -1.0 -1.0 -1.0 -1.0 
299.26 29.08 1.0 -1.0 0.576070636 652.6276727622591 0.02808955470273914 0.05391430003181887 1.1634082653830617 2.0 -1.0 -1.0 -1.0 -1.0 
299.26 29.08 1.0 -1.0 2.45278075482 150.90260820345466 7.6539987830709535 0.02764835899067634 92.02295536194059 32.0 92.02295672017108 32.0 2.4527859447213514 150.88611826274 
299.26 29.08 1.0 -1.0 13.530147184982086 12.531704487484124 6.29477045837553 0.008294507697202903 242.0989435258582 32.0 242.09893267327212 32.0 13.530158563905086 12.548543705284883 
299.26 29.08 1.0 -1.0 377.22936337986 435.08511517483936 1.1230653819750733 0.01520659744487199 5.240941246004884 1.0 -1.0 -1.0 -1.0 -1.0 
299.63 29.08 1.0 -1.0 377.93812391457 14.643829676483406 0.09781355419536539 0.009676925646736721 1.2611607484171277 1.0 -1.0 -1.0 -1.0 -1.0 
299.63 29.08 1.0 -1.0 2.6473526 31.370337351400007 0.054072107559595614 0.009676925646736721 0.9944082000769675 1.0 -1.0 -1.0 -1.0 -1.0 
299.63 29.08 1.0 -1.0 2.7874942067382 144.29053507894983 0.0841380609938173 0.023501105142074888 1.2331232698335632 8.0 -1.0 -1.0 -1.0 -1.0 
299.63 29.08 1.0 -1.0 2.969539288804479 0.0 0.2989148937474159 0.10644618211410391 1.549569096584618 2.0 -1.0 -1.0 -1.0 -1.0 
299.63 29.08 1.0 -1.0 1.54512280855 433.8478605486151 0.3984373436262631 0.02350110514207489 3.677022656283926 16.0 -1.0 -1.0 -1.0 -1.0 
299.63 29.08 1.0 -1.0 1.95231526531 650.7717908229226 0.013693474310011453 0.011059343596270537 0.10841604527766623 4.0 -1.0 -1.0 -1.0 -1.0 
299.63 29.08 1.0 -1.0 0.5783421883420735 18.74410198589876 2.032969265840357 0.009676925646736721 60.640911610654896 32.0 60.70958644892066 32.0 0.5783476808574051 18.721617624820187 
299.63 29.08 1.0 -1.0 0.0012994527848856662 13.537406989815771 1.1730240887216132 0.038707702586946884 2.217400442104325 1.0 -1.0 -1.0 -1.0 -1.0 
299.63 29.08 1.0 -1.0 3.0949330625564375 10.673724741970128 1.9249898452225302 0.027648358990676344 19.524449631142687 32.0 19.754508411075108 32.0 3.094919520663098 10.625782976249296 
299.63 29.08 1.0 -1.0 5.486065 216.92393027430754 9.22988988163968 0.03456044873834543 106.2277077064484 32.0 106.22771064680083 32.0 5.486072041094303 216.9683685816999 
299.81 32.35 1.0 -1.0 0.48791069296089756 51.98098934252448 0.22611815517980852 0.038707702586946884 -0.11033313711244688 4.0 -1.0 -1.0 -1.0 -1.0 
299.81 32.35 1.0 -1.0 139.36088855893 101.49341067013938 0.029522084210045624 0.017971433343939622 0.3603068231943722 1.0 -1.0 -1.0 -1.0 -1.0 
299.81 32.35 1.0 -1.0 0.16955348578098683 56.70653382820852 0.02374857545092603 0.02073626924300726 0.7865039862421657 32.0 -1.0 -1.0 -1.0 -1.0 
299.81 32.35 1.0 -1.0 16.15935711336 109.39282831785003 0.8077755972425452 0.02350110514207489 4.91594619958912 8.0 -1.0 -1.0 -1.0 -1.0 
299.81 32.35 1.0 -1.0 3.383137785416 0.0 0.12551911571842692 0.02073626924300726 1.5412484132006607 8.0 -1.0 -1.0 -1.0 -1.0 
299.81 32.35 1.0 -1.0 0.006795914387731952 235.07820553410326 0.023229325719318777 0.035942866687879244 2.059426088889307 1.0 -1.0 -1.0 -1.0 -1.0 
299.81 32.35 1.0 -1.0 1.6266597983 470.1564110682065 0.8519086722719443 0.019353851293473442 11.495767691375491 32.0 11.629609828812958 32.0 1.6266615906109414 470.16559721575453 
299.81 32.35 1.0 -1.0 1.44665164324 67.70929412323406 1.8751123867894364 0.06497364362808941 4.7677999530534585 16.0 -1.0 -1.0 -1.0 -1.0 
299.81 32.35 1.0 -1.0 1.89585724668 59.104571328406394 7.262499384819735 0.02073626924300726 125.67299979062709 32.0 125.67299479115555 32.0 1.8958417058456691 59.09959293456752 
299.81 32.35 1.0 -1.0 5.1298291239 705.2346166023098 9.727445357119647 0.07741540517389377 39.216727952856814 8.0 39.48985969787055 16.0 5.129853282899907 705.1471978905247 
300.19 32.35 1.0 -1.0 0.010859737501366 196.45372524207846 0.011331970376636379 0.04700221028414978 0.7058853066574894 4.0 -1.0 -1.0 -1.0 -1.0 
300.19 32.35 1.0 -1.0 1.98837251247 164.46480006991703 0.12957202648833627 0.013824179495338172 1.69260504524394 1.0 -1.0 -1.0 -1.0 -1.0 
300.19 32.35 1.0 -1.0 198.35548314683 38.87349819834402 0.010871854470998865 0.026265941041142528 0.2514274403575441 2.0 -1.0 -1.0 -1.0 -1.0 
300.19 32.35 1.0 -1.0 183.72305 36.02231138952094 0.013580422808185827 0.008294507697202903 0.6428439696102104 1.0 -1.0 -1.0 -1.0 -1.0 
300.19 32.35 1.0 -1.0 186.4940783438289 45.47990665781215 0.3859745378426217 0.04423737438508215 2.032288929215298 1.0 -1.0 -1.0 -1.0 -1.0 
300.19 32.35 1.0 -1.0 32.7554227003 231.78062521481328 0.04715930072009244 0.029030776940210157 2.075132569260027 4.0 -1.0 -1.0 -1.0 -1.0 
300.19 32.35 1.0 -1.0 21.820542623039554 695.3418756444398 0.06634102514187436 0.012441761545804354 1.8921715084755646 1.0 -1.0 -1.0 -1.0 -1.0 
300.19 32.35 1.0 -1.0 0.1504582362154283 63.69968577760845 1.0715267077965671 0.03456044873834543 1.699439910486928 8.0 -1.0 -1.0 -1.0 -1.0 
300.19 32.35 1.0 -1.0 21.2271044207833 0.0 8.327066811662002 0.1354769590543141 12.34278564933203 8.0 -1.0 -1.0 -1.0 -1.0 
300.19 32.35 1.0 -1.0 0.002224686951612138 463.56125042962657 3.614563057419527 0.008294507697202903 7.008198073574235 1.0 -1.0 -1.0 -1.0 -1.0 
300.95 32.35 1.0 -1.0 0.06400257968525651 175.00693599808199 0.3995398994830211 0.02073626924300726 1.552876366715525 2.0 -1.0 -1.0 -1.0 -1.0 
300.95 32.35 1.0 -1.0 0.971157 299.7530610059173 0.02283157405084585 0.011059343596270537 0.7175451627072308 32.0 -1.0 -1.0 -1.0 -1.0 
300.95 32.35 1.0 -1.0 1.34350681917 39.79260469588291 0.3859745378426217 0.019353851293473442 1.5022474250002271 8.0 -1.0 -1.0 -1.0 -1.0 
300.95 32.35 1.0 -1.0 3.7366204955279794 29.928333380040094 0.6329656438800256 0.016589015394405805 10.052767531451947 32.0 10.190887285758421 32.0 3.736628665744017 29.9545881997123 
300.95 32.35 1.0 -1.0 17.18240825221832 0.0 0.15474583255111402 0.01520659744487199 1.5045356092767184 8.0 -1.0 -1.0 -1.0 -1.0 
300.95 32.35 1.0 -1.0 0.16045643647092714 223.6572537122727 0.10416019161885351 0.0483846282336836 1.5345589140837637 1.0 -1.0 -1.0 -1.0 -1.0 
300.95 32.35 1.0 -1.0 1.5533936038674043 670.9717611368181 0.8315569337971686 0.015206597444871989 4.773603956159974 16.0 -1.0 -1.0 -1.0 -1.0 
300.95 32.35 1.0 -1.0 2.185717553667 19.86275040469029 3.8677531266236915 0.017971433343939622 69.43221353765013 32.0 69.9368795151744 32.0 2.185697667300701 19.93599282210582 
300.95 32.35 1.0 -1.0 1.889795514512 37.77948810081295 1.9981590898062889 0.011059343596270537 43.17076350835947 32.0 43.2848880373706 32.0 1.8898087243239086 37.64563111585465 
300.95 32.35 1.0 -1.0 0.0013114510973573175 447.3145074245454 9.455784582756957 0.017971433343939622 6.565856510016029 4.0 -1.0 -1.0 -1.0 -1.0 
301.33 32.34 1.0 -1.0 0.0407952166340787 98.14591577311046 0.2851973688702286 0.009676925646736721 2.7036100456858714 2.0 -1.0 -1.0 -1.0 -1.0 
301.33 32.34 1.0 -1.0 342.465753 150.37751792973594 0.018328474204317408 0.035942866687879244 0.2616322337456863 1.0 -1.0 -1.0 -1.0 -1.0 
301.33 32.34 1.0 -1.0 0.621231324318 109.80359256367899 0.031092043377110277 0.01520659744487199 1.5961157140231648 32.0 -1.0 -1.0 -1.0 -1.0 
301.33 32.34 1.0 -1.0 0.2659 153.6338522287774 0.2194998073532578 0.20321543858147118 2.8245411307817743 4.0 -1.0 -1.0 -1.0 -1.0 
301.33 32.34 1.0 -1.0 3.55991857227 82.18987770780717 0.012894694018291582 0.013824179495338172 0.9864231260987715 1.0 -1.0 -1.0 -1.0 -1.0 
301.33 32.34 1.0 -1.0 2.2551713364 0.0 0.04939345061540832 0.08847474877016431 1.2672362165897377 1.0 -1.0 -1.0 -1.0 -1.0 
301.33 32.34 1.0 -1.0 163.31467466391553 434.1344887482112 0.016297508346206444 0.013824179495338172 0.6971440173063498 1.0 -1.0 -1.0 -1.0 -1.0 
301.33 32.34 1.0 -1.0 128.25813729784 34.1263834539548 4.735518490918653 0.022118687192541075 24.230024552441638 2.0 24.230024898060165 2.0 128.2581555036207 34.103703457104885 
301.33 32.34 1.0 -1.0 1.4352133702 217.0672443741056 3.9405746208593446 0.0898571667196981 6.395343366228224 8.0 6.418103906746294 8.0 1.4351826393976808 216.46237891616425 
301.33 32.34 1.0 -1.0 38.801408988633 651.2017331223168 1.5115340740583927 0.038707702586946884 5.473714559254628 1.0 -1.0 -1.0 -1.0 -1.0 
315.01 37.92 1.0 -1.0 15.891154943801833 82.97996679013754 0.010939661911164156 0.027648358990676344 2.2514970939906105 8.0 -1.0 -1.0 -1.0 -1.0 
315.01 37.92 1.0 -1.0 0.03197657411683124 122.88606813753609 0.21603964419195926 0.03456044873834543 0.4186204348814644 4.0 -1.0 -1.0 -1.0 -1.0 
315.01 37.92 1.0 -1.0 84.64982223394419 18.77479695531045 0.5220015194759635 0.06220880772902178 1.664009350152992 2.0 -1.0 -1.0 -1.0 -1.0 
315.01 37.92 1.0 -1.0 1.106300583096 119.1002037309097 0.7776587786236845 0.024883523091608708 9.384602616412339 16.0 9.481870596553973 16.0 1.10630935523659 118.90757140088498 
315.01 37.92 1.0 -1.0 53.955760112361595 76.52854479109052 0.5274389731450696 0.03732528463741307 4.098402342505602 8.0 -1.0 -1.0 -1.0 -1.0 
315.01 37.92 1.0 -1.0 1.5496608915 0.0 0.01949076938320466 0.011059343596270537 0.0216662733069964 2.0 -1.0 -1.0 -1.0 -1.0 
315.01 37.92 1.0 -1.0 301.376187797791 257.516042189505 0.03196321566006394 0.01520659744487199 0.4653318654119868 1.0 -1.0 -1.0 -1.0 -1.0 
315.01 37.92 1.0 -1.0 10.65420400680119 37.39506883279941 5.0393002720468125 0.026265941041142524 87.12844967054369 32.0 87.24018989120187 32.0 10.65421505093885 37.443235249640374 
315.01 37.92 1.0 -1.0 1.096491 128.7580210947525 3.396668043368903 0.04009012053648069 26.695336757078596 16.0 27.053065826772052 32.0 1.0964868124574423 128.7237709122772 
315.01 37.92 1.0 -1.0 3.027293151199 386.2740632842575 2.8697613656589205 0.08018024107296139 12.112145373854698 8.0 12.249629815823509 8.0 3.027283431341251 385.8677189375101 
315.42 37.92 1.0 -1.0 0.01816974111633454 54.00305161526848 0.19396741271167336 0.017971433343939622 3.6548512056574665 4.0 -1.0 -1.0 -1.0 -1.0 
315.42 37.92 1.0 -1.0 0.002864427372031162 148.62184373109602 0.1299305782128723 0.024883523091608708 5.0490036291666165 1.0 -1.0 -1.0 -1.0 -1.0 
315.42 37.92 1.0 -1.0 4.595046556485586 97.30381779137662 0.04808041380999946 0.21150994627867403 0.21078613819887898 2.0 -1.0 -1.0 -1.0 -1.0 
315.42 37.92 1.0 -1.0 0.05946544947449955 0.0 0.08530865588540773 0.011059343596270537 0.6708345518536339 8.0 -1.0 -1.0 -1.0 -1.0 
315.42 37.92 1.0 -1.0 1.83553757789 126.04493769866237 0.16847002963747468 0.09538683851783337 2.829499260501301 4.0 -1.0 -1.0 -1.0 -1.0 
315.42 37.92 1.0 -1.0 1.9546609131310237 252.08987539732473 0.02518489322894811 0.038707702586946884 1.3092061766356053 1.0 -1.0 -1.0 -1.0 -1.0 
315.42 37.92 1.0 -1.0 172.5737712832224 378.1348130959871 0.5636053377113839 0.016589015394405805 4.09653425329565 1.0 -1.0 -1.0 -1.0 -1.0 
315.42 37.92 1.0 -1.0 19.72231918824971 61.98249411584387 2.0189730090554736 0.02211868719254108 29.312079473552963 16.0 29.312080446643616 16.0 19.722331974965833 61.933135061567334 
315.42 37.92 1.0 -1.0 0.91744 22.69035782154138 1.2371126305091658 0.031795612839277794 9.552470209831764 16.0 9.78168399042314 32.0 0.9174376221684118 22.06114941735568 
315.42 37.92 1.0 -1.0 1.397584744023887 69.35686040784482 2.527203788984883 0.019353851293473442 48.05347377772115 32.0 48.24351410194402 32.0 1.3975901917243998 69.52298004460253 
315.82 37.92 1.0 -1.0 0.00439184555143146 130.3779304805251 0.23471295096132436 0.012441761545804352 2.523616851142139 1.0 -1.0 -1.0 -1.0 -1.0 
315.82 37.92 1.0 -1.0 3.33342176928 130.97123164312134 0.6251433244568269 0.0884747487701643 1.1211927339386218 8.0 -1.0 -1.0 -1.0 -1.0 
315.82 37.92 1.0 -1.0 225.225225 21.06219127216674 0.937771888344508 0.05529671798135268 3.329466980863153 1.0 -1.0 -1.0 -1.0 -1.0 
315.82 37.92 1.0 -1.0 2.511471007883 93.5190957542333 0.08066602730969566 0.017971433343939622 1.739956792737519 1.0 -1.0 -1.0 -1.0 -1.0 
315.82 37.92 1.0 -1.0 1.097574 107.09085984862244 0.01066357407839711 0.026265941041142528 1.1173480638853137 1.0 -1.0 -1.0 -1.0 -1.0 
315.82 37.92 1.0 -1.0 1.3548989114 0.0 0.043467415284654275 0.049767046183217416 0.9961074824521728 1.0 -1.0 -1.0 -1.0 -1.0 
315.82 37.92 1.0 -1.0 2.612776 123.59204843333053 0.013357112113487677 0.011059343596270537 1.6560693516220009 32.0 -1.0 -1.0 -1.0 -1.0 
315.82 37.92 1.0 -1.0 2.79091017854 247.18409686666106 0.020442360985995726 0.013824179495338172 1.1513351196290436 8.0 -1.0 -1.0 -1.0 -1.0 
315.82 37.92 1.0 -1.0 0.262366005364999 370.7761452999916 0.6043355297779757 0.05529671798135269 0.9962477921239482 2.0 -1.0 -1.0 -1.0 -1.0 
315.82 37.92 1.0 -1.0 3.8174542497 92.33249342904082 1.1909885623504708 0.031795612839277794 15.291983889550966 16.0 15.451157264052659 16.0 3.817452428241571 92.39371292681531 
316.23 37.92 1.0 -1.0 115.17137129324287 57.41659416471358 0.018202289300418884 0.031795612839277794 1.6356385312883406 1.0 -1.0 -1.0 -1.0 -1.0 
316.23 37.92 1.0 -1.0 314.2380950037 47.13248267824906 0.5785970800743586 0.035942866687879244 1.7522560783789043 1.0 -1.0 -1.0 -1.0 -1.0 
316.23 37.92 1.0 -1.0 12.08252485412 19.441694859570738 0.44716216121055213 0.024883523091608704 4.151829054515313 16.0 -1.0 -1.0 -1.0 -1.0 
316.23 37.92 1.0 -1.0 0.932741 121.11994199429769 0.034870184513432344 0.02350110514207489 1.7474322203174124 32.0 -1.0 -1.0 -1.0 -1.0 
316.23 37.92 1.0 -1.0 0.7859985325964 363.3598259828931 0.021190080826200126 0.017971433343939622 2.157747981347824 8.0 -1.0 -1.0 -1.0 -1.0 
316.23 37.92 1.0 -1.0 0.0017041687807023307 127.04329949356878 9.986192648683675 0.03456044873834543 2.971720310219785 4.0 -1.0 -1.0 -1.0 -1.0 
316.23 37.92 1.0 -1.0 0.0012934948558171557 69.08161108045603 4.841372476313745 0.022118687192541075 1.2976935816675073 2.0 -1.0 -1.0 -1.0 -1.0 
316.23 37.92 1.0 -1.0 0.0022043335512826594 94.15594650681828 1.9639449623086547 0.02350110514207489 1.4349008926431435 1.0 -1.0 -1.0 -1.0 -1.0 
316.23 37.92 1.0 -1.0 115.70185879986298 0.0 1.2075585321187605 0.009676925646736721 12.67369767133846 4.0 -1.0 -1.0 -1.0 -1.0 
316.23 37.92 1.0 -1.0 0.0038615770602163295 242.23988398859538 3.6295767608167497 0.012441761545804354 2.871828670957711 4.0 -1.0 -1.0 -1.0 -1.0 
319.48 74.46 1.0 -1.0 0.7279851537 157.17876312186803 1.3514907615213376 0.04285495643554833 12.579596458052904 16.0 12.816660832935241 16.0 0.7279898757891109 157.26158804848959 
319.87 49.23 1.0 -1.0 387.4675120456128 35.23419686030829 0.10901939067768149 0.031795612839277794 1.2080233888374377 1.0 -1.0 -1.0 -1.0 -1.0 
319.87 49.23 1.0 -1.0 32.39695567367918 50.7260580195232 0.03384955434907257 0.02073626924300726 1.2043229829539215 8.0 -1.0 -1.0 -1.0 -1.0 
319.87 49.23 1.0 -1.0 0.664065940204 175.72356592871213 0.721249970799335 0.024883523091608708 5.865395204789432 32.0 6.114620702524009 32.0 0.6640827147445332 176.28679947263117 
319.87 49.23 1.0 -1.0 7.20107927874 186.40567958001193 0.8990738776476155 0.009676925646736721 21.265598765308397 32.0 21.601890057746612 32.0 7.201075883737455 186.4065927833448 
319.87 49.23 1.0 -1.0 0.306679 372.81135916002387 0.03886502540210162 0.02073626924300726 3.1954918436293065 8.0 -1.0 -1.0 -1.0 -1.0 
319.87 49.23 1.0 -1.0 468.46771214885 559.2170387400358 0.17093196386209183 0.019353851293473442 1.9396219477234116 1.0 -1.0 -1.0 -1.0 -1.0 
319.87 49.23 1.0 -1.0 3.471732207903239 41.498054079918646 6.018357026646762 0.012441761545804354 125.86181139111241 32.0 125.99526778532547 32.0 3.471723175607622 41.491152573925824 
319.87 49.23 1.0 -1.0 4.61936868862 8.2213126007386 7.272540837450236 0.01520659744487199 166.2700109921933 32.0 166.34375925081105 32.0 4.619353906794762 8.197032581678029 
319.87 49.23 1.0 -1.0 0.07517101600419747 61.96744463685965 7.928479707773797 0.10644618211410392 2.116490728960776 8.0 -1.0 -1.0 -1.0 -1.0 
319.87 49.23 1.0 -1.0 0.8200976099608557 0.0 2.082724679022603 0.026265941041142528 10.830664978670166 32.0 -1.0 -1.0 -1.0 -1.0 
320.72 36.33 1.0 -1.0 0.5092852475722 12.562920693099876 0.03422578637740942 0.06082638977948796 0.760261511944717 16.0 -1.0 -1.0 -1.0 -1.0 
320.72 36.33 1.0 -1.0 6.667293596235096 156.952004712898 0.0338028170801927 0.04285495643554833 0.6889587475243707 2.0 -1.0 -1.0 -1.0 -1.0 
320.72 36.33 1.0 -1.0 15.211439 79.96890548814025 0.20064587839707698 0.08294507697202903 1.0972494852797094 2.0 -1.0 -1.0 -1.0 -1.0 
320.72 36.33 1.0 -1.0 0.173497343752 93.88388939484729 0.015378666956538866 0.03456044873834543 1.397196946783992 8.0 -1.0 -1.0 -1.0 -1.0 
320.72 36.33 1.0 -1.0 13.908404438658986 187.76777878969457 0.0668932872202258 0.017971433343939622 0.7698969674210069 1.0 -1.0 -1.0 -1.0 -1.0 
320.72 36.33 1.0 -1.0 1.297656144478 281.65166818454185 0.17010734737144495 0.04147253848601451 1.66376783910875 4.0 -1.0 -1.0 -1.0 -1.0 
320.72 36.33 1.0 -1.0 0.52289775784 143.17786072427504 1.5875231679595287 0.07188573337575849 2.658007351229053 1.0 -1.0 -1.0 -1.0 -1.0 
320.72 36.33 1.0 -1.0 198.93129209203 55.96978344661313 2.3245379118404386 0.03456044873834543 13.031706942271587 1.0 13.0317071777191 1.0 198.93147206554812 55.9624570082463 
320.72 36.33 1.0 -1.0 0.2902786709949634 35.23814750463665 1.880301197971938 0.06220880772902178 1.2061840533824002 2.0 -1.0 -1.0 -1.0 -1.0 
320.72 36.33 1.0 -1.0 13.283708222684412 0.0 4.251702380677985 0.03456044873834543 42.61818745185366 16.0 -1.0 -1.0 -1.0 -1.0 
320.85 32.72 1.0 -1.0 2.81146362521 70.14767098829036 0.5025394001268606 0.05253188208228506 3.388874908521553 8.0 -1.0 -1.0 -1.0 -1.0 
320.85 32.72 1.0 -1.0 0.51899 230.39946267918685 0.011609311936950351 0.11612310776084063 0.6786598595298804 1.0 -1.0 -1.0 -1.0 -1.0 
320.85 32.72 1.0 -1.0 0.9357095566 70.37274372942926 0.46576496396391776 0.009676925646736721 12.41042497589922 32.0 12.545637739603603 32.0 0.9357184656740477 70.13016764324534 
320.85 32.72 1.0 -1.0 2.741870487605 108.98522287592492 0.12867997003409437 0.04147253848601452 2.46559357912924 2.0 -1.0 -1.0 -1.0 -1.0 
320.85 32.72 1.0 -1.0 0.14636632765216182 83.35193846843913 0.01704602661965841 0.009676925646736721 0.7223134942627883 2.0 -1.0 -1.0 -1.0 -1.0 
320.85 32.72 1.0 -1.0 0.004556311895246632 166.70387693687826 0.17366966733617495 0.08156265902249521 0.7163252684395622 4.0 -1.0 -1.0 -1.0 -1.0 
320.85 32.72 1.0 -1.0 0.0017278259805078627 250.0558154053174 0.015711571348942407 0.06082638977948796 7.415420504035842 1.0 -1.0 -1.0 -1.0 -1.0 
320.85 32.72 1.0 -1.0 0.4900680581299 14.254606938796972 3.135087200477946 0.13962421290291552 1.1056572327470644 1.0 -1.0 -1.0 -1.0 -1.0 
320.85 32.72 1.0 -1.0 0.6398710136959384 152.4492699980813 4.784846244637481 0.07050331542622468 17.9013345610603 8.0 18.050414297770022 16.0 0.6398598391873141 152.30288932623992 
320.85 32.72 1.0 -1.0 0.73554 0.0 1.9025143132328175 0.08156265902249521 0.9140123408784926 1.0 -1.0 -1.0 -1.0 -1.0 
321.11 36.33 1.0 -1.0 2.683993826716843 56.93959104186433 0.012894694018291582 0.01520659744487199 1.8241157314910579 4.0 -1.0 -1.0 -1.0 -1.0 
321.11 36.33 1.0 -1.0 0.4586745305 63.448562367607494 0.049325251342871065 0.009676925646736721 1.3196251417689258 32.0 -1.0 -1.0 -1.0 -1.0 
321.11 36.33 1.0 -1.0 1.267086536181 59.86028330341575 0.023117261921407867 0.06082638977948796 1.8053694891016416 2.0 -1.0 -1.0 -1.0 -1.0 
321.11 36.33 1.0 -1.0 0.6387302863529 72.51661643680524 0.018052013621983335 0.06082638977948796 0.9103807598822352 16.0 -1.0 -1.0 -1.0 -1.0 
321.11 36.33 1.0 -1.0 0.910265474731 82.53041847641009 0.3156820767645053 0.016589015394405805 2.7689779684613374 32.0 -1.0 -1.0 -1.0 -1.0 
321.11 36.33 1.0 -1.0 463.11553585637 0.0 0.26986285727822834 0.04147253848601452 1.2207773070885897 1.0 -1.0 -1.0 -1.0 -1.0 
321.11 36.33 1.0 -1.0 2.4500513636 92.71111721667505 0.0200230463654082 0.058061553880420315 2.638293210939665 8.0 -1.0 -1.0 -1.0 -1.0 
321.11 36.33 1.0 -1.0 0.09458893510179119 278.13335165002513 0.37338529977405854 0.005529671798135269 3.8241491752811463 32.0 -1.0 -1.0 -1.0 -1.0 
321.11 36.33 1.0 -1.0 0.654860719376 16.71748618278479 3.460620016062808 0.017971433343939622 68.6152879157106 32.0 68.6793701432333 32.0 0.6548665017665675 16.697658962677465 
321.11 36.33 1.0 -1.0 0.161472523874 185.4222344333501 1.229444620167331 0.019353851293473442 7.411784819751506 32.0 7.794649306872856 32.0 0.16146562605475387 185.5970093184877 
321.23 32.72 1.0 -1.0 5.79897187841 43.044346570308434 0.15368046356341292 0.045619792334615966 0.9620602419093678 16.0 -1.0 -1.0 -1.0 -1.0 
321.23 32.72 1.0 -1.0 0.0017925298091000072 60.6635350628181 0.632091685978404 0.03456044873834543 0.9173991075060263 1.0 -1.0 -1.0 -1.0 -1.0 
321.23 32.72 1.0 -1.0 14.231684340911109 39.37677990801387 0.10466512108254267 0.017971433343939622 1.7821337735217906 32.0 -1.0 -1.0 -1.0 -1.0 
321.23 32.72 1.0 -1.0 1.544817633127 247.78377740731952 0.15410572815741164 0.012441761545804356 2.267570016138543 16.0 -1.0 -1.0 -1.0 -1.0 
321.23 32.72 1.0 -1.0 0.009119667231422064 99.02429988195307 1.4155170065518716 0.027648358990676344 0.6353564271771481 8.0 -1.0 -1.0 -1.0 -1.0 
321.23 32.72 1.0 -1.0 0.455919 98.13218907220575 9.384199668361846 0.02073626924300726 125.97508843538934 32.0 126.27740576830571 32.0 0.455929693998769 98.66798477945774 
321.23 32.72 1.0 -1.0 151.04162126667057 63.885046320239 9.627163549856318 0.019353851293473442 56.79599610270775 2.0 56.79599573692468 2.0 151.04160411283374 63.85589579060292 
321.23 32.72 1.0 -1.0 213.59893407472 0.0 3.2949724307776487 0.06220880772902178 14.480596562835359 2.0 -1.0 -1.0 -1.0 -1.0 
321.23 32.72 1.0 -1.0 0.00667213317037495 82.5945924691065 1.968019525573829 0.022118687192541075 1.5773918552780746 1.0 -1.0 -1.0 -1.0 -1.0 
321.23 32.72 1.0 -1.0 1.82404901739 165.189184938213 6.391172773542337 0.019353851293473442 152.24782248864057 32.0 152.36551342519599 32.0 1.8240522573857259 165.1550268308462 
321.61 32.72 1.0 -1.0 0.265993420483 65.70557410987847 0.3375614434310193 0.04700221028414978 0.36849305682231287 2.0 -1.0 -1.0 -1.0 -1.0 
321.61 32.72 1.0 -1.0 0.15609261377207204 79.49563287368012 0.47224505253570004 0.07603298722435994 0.14828428871374527 2.0 -1.0 -1.0 -1.0 -1.0 
321.61 32.72 1.0 -1.0 1.6264454271977287 49.285325884888266 0.022056385992731905 0.01382417949533817 1.7363328297833438 4.0 -1.0 -1.0 -1.0 -1.0 
321.61 32.72 1.0 -1.0 4.15019313335 79.56937650343308 0.583816853109667 0.06359122567855559 3.7245629585917612 4.0 -1.0 -1.0 -1.0 -1.0 
321.61 32.72 1.0 -1.0 0.06701244475243069 67.67207090329048 0.012159297680008169 0.04423737438508215 2.0524440835535143 4.0 -1.0 -1.0 -1.0 -1.0 
321.61 32.72 1.0 -1.0 0.4116193649784009 98.27567725076473 0.02040003737485031 0.012441761545804354 2.0519131620697983 8.0 -1.0 -1.0 -1.0 -1.0 
321.61 32.72 1.0 -1.0 0.00355500598430653 0.0 0.673570158688605 0.045619792334615966 1.4075964141750725 1.0 -1.0 -1.0 -1.0 -1.0 
321.61 32.72 1.0 -1.0 7.1462 81.92917265552747 0.08691483487083679 0.02073626924300726 2.5714629678629475 1.0 -1.0 -1.0 -1.0 -1.0 
321.61 32.72 1.0 -1.0 1.89585724668 163.85834531105493 0.2169370016563095 0.013824179495338172 5.505581587250516 32.0 -1.0 -1.0 -1.0 -1.0 
321.61 32.72 1.0 -1.0 0.00355500598430653 245.7875179665824 1.0139127866480846 0.029030776940210154 0.8661886983754076 1.0 -1.0 -1.0 -1.0 -1.0 
288.23 33.58 1.0 -1.0 2.912037613413 95.45988958515564 2.378141128096148 0.01520659744487199 64.05478661394275 32.0 64.18846848116068 32.0 2.912050452626621 95.42965092002939 
288.23 33.58 1.0 -1.0 0.07048703518080775 190.91977917031127 1.4592053445088156 0.03317803078881161 3.5996341196719697 16.0 -1.0 -1.0 -1.0 -1.0 
290.15 58.62 1.0 -1.0 1.30330597336 115.40854507484705 0.21219379168489502 0.045619792334615966 1.5281047717585108 4.0 -1.0 -1.0 -1.0 -1.0 
290.15 58.62 1.0 -1.0 1.94092353149 35.491229990759415 0.1299305782128723 0.04009012053648069 2.4229178864343544 1.0 -1.0 -1.0 -1.0 -1.0 
290.15 58.62 1.0 -1.0 0.0637091309086624 56.93106392277815 0.5981053370711906 0.017971433343939622 0.7974149466693312 16.0 -1.0 -1.0 -1.0 -1.0 
290.15 58.62 1.0 -1.0 4.0062614244264 79.87913194262367 0.28697613656589205 0.017971433343939622 2.7267515812749186 16.0 -1.0 -1.0 -1.0 -1.0 
290.15 58.62 1.0 -1.0 15.8843898595 63.632205249704754 0.5384843889559966 0.019353851293473442 5.685422910601767 8.0 -1.0 -1.0 -1.0 -1.0 
290.15 58.62 1.0 -1.0 2.86763 95.53421994285107 2.5289502973203115 0.06082638977948796 13.102237538596768 8.0 13.954722375131162 16.0 2.8676367946900427 95.63204678624366 
290.15 58.62 1.0 -1.0 302.632296 78.42817256699284 3.9324161039416032 0.017971433343939622 31.89847755653133 1.0 31.898477211594752 1.0 302.6323004936179 78.42839815803052 
290.15 58.62 1.0 -1.0 3.8784760942028 0.0 2.7513380503451645 0.07050331542622468 9.515627017689814 8.0 -1.0 -1.0 -1.0 -1.0 
290.15 58.62 1.0 -1.0 0.2158 127.26441049940951 1.740299768460563 0.019353851293473442 21.044425247847876 32.0 21.443309746660937 32.0 0.2157927762406568 126.8010101832416 
290.15 58.62 1.0 -1.0 0.05180727580868196 190.89661574911426 1.8442788364909402 0.026265941041142524 8.22521687358888 32.0 8.734936747982125 32.0 0.05181088151099782 190.04971837520168 
290.76 58.62 1.0 -1.0 0.433862285366 30.372830537560397 0.21965150000457404 0.012441761545804354 3.1202277342883376 32.0 -1.0 -1.0 -1.0 -1.0 
290.76 58.62 1.0 -1.0 1.95231526531 149.06436856323347 0.0434974548894717 0.012441761545804354 1.599251268414038 1.0 -1.0 -1.0 -1.0 -1.0 
290.76 58.62 1.0 -1.0 0.59787312095 13.76721435046444 0.1063414726503173 0.06359122567855559 0.6486441547369175 16.0 -1.0 -1.0 -1.0 -1.0 
290.76 58.62 1.0 -1.0 29.013828660334273 0.0 0.03018199722206234 0.06082638977948796 1.2922817801903501 2.0 -1.0 -1.0 -1.0 -1.0 
290.76 58.62 1.0 -1.0 0.0022349340175341534 64.3564171530126 0.10452060627280742 0.019353851293473442 3.273119563565359 1.0 -1.0 -1.0 -1.0 -1.0 
290.76 58.62 1.0 -1.0 0.701967086843 128.7128343060252 0.2719214355501518 0.02073626924300726 3.284769845664421 32.0 -1.0 -1.0 -1.0 -1.0 
290.76 58.62 1.0 -1.0 463.52314928835057 193.0692514590378 0.03669918888002356 0.05529671798135269 0.441451608475405 1.0 -1.0 -1.0 -1.0 -1.0 
290.76 58.62 1.0 -1.0 3.7527013778 47.13291757290841 3.4797989715046476 0.03456044873834543 45.939224246013346 32.0 46.181592510823684 32.0 3.7526964054753384 47.05703889481831 
290.76 58.62 1.0 -1.0 1.882672 32.960217245782324 1.40480085044108 0.008294507697202903 84.58053466312272 32.0 84.58053667355128 32.0 1.8826843491600207 32.99052619292638 
290.76 58.62 1.0 -1.0 0.001360562470821819 41.8036733082125 6.561176159257732 0.08985716671969811 4.119651532933928 2.0 -1.0 -1.0 -1.0 -1.0 
291.78 16.97 1.0 -1.0 41.58433482255 96.72948226850801 0.6670869092409146 0.026265941041142528 3.100393778055639 8.0 -1.0 -1.0 -1.0 -1.0 
291.78 16.97 1.0 -1.0 0.776096931576026 161.65749091449283 0.432577181242189 0.04147253848601452 0.5759090263409667 1.0 -1.0 -1.0 -1.0 -1.0 
291.78 16.97 1.0 -1.0 2.197424522481 104.88370627428318 0.05554877262434196 0.027648358990676344 1.0199807628913464 16.0 -1.0 -1.0 -1.0 -1.0 
291.78 16.97 1.0 -1.0 39.475126410105304 72.77644925154344 0.15315053273857523 0.020736269243007262 -0.3443414257085762 1.0 -1.0 -1.0 -1.0 -1.0 
291.78 16.97 1.0 -1.0 0.14976839237533543 0.0 0.0112151472614706 0.06497364362808941 0.2998112118169171 1.0 -1.0 -1.0 -1.0 -1.0 
291.78 16.97 1.0 -1.0 1.78411007426 339.72535764060825 0.7961411998850886 0.045619792334615966 1.157190101590083 4.0 -1.0 -1.0 -1.0 -1.0 
291.78 16.97 1.0 -1.0 1.021138 679.4507152812165 0.012984084737153605 0.013824179495338172 2.181847666157715 8.0 -1.0 -1.0 -1.0 -1.0 
291.78 16.97 1.0 -1.0 0.7112066328898301 1019.1760729218247 0.02830382852894208 0.04423737438508215 0.5818508843846959 2.0 -1.0 -1.0 -1.0 -1.0 
291.78 16.97 1.0 -1.0 3.24624601344 83.07115705883459 7.648712885325884 0.029030776940210154 61.86191376045771 32.0 61.92983670713969 32.0 3.246229122548054 83.08350308095879 
291.78 16.97 1.0 -1.0 3.2854634388411066 114.26106388092464 2.816728412129555 0.02764835899067634 25.826771030548596 32.0 25.826770716075185 32.0 3.2854586606845264 114.25246647795672 
293.12 16.96 1.0 -1.0 0.008551411689614681 49.028095178585225 0.027857651076758985 0.017971433343939622 0.457108657450923 4.0 -1.0 -1.0 -1.0 -1.0 
293.12 16.96 1.0 -1.0 16.15935711336 59.96241856373733 0.37753541375300387 0.05114946413275124 2.5199389103924115 4.0 -1.0 -1.0 -1.0 -1.0 
293.12 16.96 1.0 -1.0 251.75352627488 161.72217006749156 0.46737660191985736 0.013824179495338172 2.6888987088591696 1.0 -1.0 -1.0 -1.0 -1.0 
293.12 16.96 1.0 -1.0 0.805719788443 191.4388392674614 0.01880301197971938 0.02350110514207489 2.1459137422923718 8.0 -1.0 -1.0 -1.0 -1.0 
293.12 16.96 1.0 -1.0 1.9888513628 119.5721170182762 0.024736561696432572 0.031795612839277794 1.843614683297323 4.0 -1.0 -1.0 -1.0 -1.0 
293.12 16.96 1.0 -1.0 1.1469878660290085 293.9040309896125 0.44072168159653313 0.022118687192541075 3.4351380353672885 16.0 -1.0 -1.0 -1.0 -1.0 
293.12 16.96 1.0 -1.0 0.019466403190199797 587.808061979225 0.015410572815741156 0.019353851293473442 1.948488186673428 1.0 -1.0 -1.0 -1.0 -1.0 
293.12 16.96 1.0 -1.0 0.51899 139.58898321528852 4.676995980844703 0.017971433343939622 49.771506470491204 32.0 50.29999832442422 32.0 0.518987993321692 139.45075182163365 
293.12 16.96 1.0 -1.0 0.6890079310895 0.0 4.073436927058742 0.004147253848601451 90.54693637288274 32.0 -1.0 -1.0 -1.0 -1.0 
293.12 16.96 1.0 -1.0 0.093458 881.7120929688375 3.846435957016196 0.04423737438508215 2.300184976644865 16.0 -1.0 -1.0 -1.0 -1.0 
293.45 16.96 1.0 -1.0 55.97630170234449 149.2889856222318 0.06035011024807171 0.02350110514207489 1.8339805074720044 2.0 -1.0 -1.0 -1.0 -1.0 
293.45 16.96 1.0 -1.0 5.14255433375 259.89817250742203 0.1579864578225898 0.03041319488974398 1.929048410233651 16.0 -1.0 -1.0 -1.0 -1.0 
293.45 16.96 1.0 -1.0 2.791736 23.97646271604954 0.014302618068135337 0.10091651031596867 1.2478812971107125 4.0 -1.0 -1.0 -1.0 -1.0 
293.45 16.96 1.0 -1.0 0.01859206936814379 0.0 0.15262242925517455 0.019353851293473442 1.7206369643748798 4.0 -1.0 -1.0 -1.0 -1.0 
293.45 16.96 1.0 -1.0 1.74644341015 835.333277692611 0.014571905684253863 0.030413194889743984 0.058162646261792524 4.0 -1.0 -1.0 -1.0 -1.0 
293.45 16.96 1.0 -1.0 25.04606456529942 162.2379463225373 8.338580182267595 0.015206597444871992 79.26857546922345 16.0 79.3363529098587 16.0 25.046089528283726 162.22028677073922 
293.45 16.96 1.0 -1.0 4.0062614244264 83.6252236193923 6.991726935839042 0.03041319488974398 71.0778486139835 32.0 71.2038577310188 32.0 4.006263528329631 83.58949274649447 
293.45 16.96 1.0 -1.0 2.56344219948714 119.54814685249788 2.470240705666251 0.016589015394405805 50.66427736368272 32.0 50.66427600395832 32.0 2.5634411334370575 119.5147589995278 
293.45 16.96 1.0 -1.0 0.023719473348773057 278.444425897537 1.4145394419656845 0.02350110514207489 1.3351326724585513 1.0 -1.0 -1.0 -1.0 -1.0 
293.45 16.96 1.0 -1.0 400.5813533944 556.888851795074 6.726401367068844 0.012441761545804354 34.00130410839251 1.0 34.00130386185211 1.0 400.58124189575517 556.8922258885702 
298.53 29.08 1.0 -1.0 3.7043334323208 98.18382702934888 0.022721429101683833 0.015206597444871992 1.2951019152354686 1.0 -1.0 -1.0 -1.0 -1.0 
298.53 29.08 1.0 -1.0 2.132196 194.03647380800092 0.24976970101596224 0.016589015394405805 2.643581944469348 32.0 -1.0 -1.0 -1.0 -1.0 
298.53 29.08 1.0 -1.0 445.49383 159.06877004754847 0.12000737073062885 0.012441761545804354 1.8406261312118513 1.0 -1.0 -1.0 -1.0 -1.0 
298.53 29.08 1.0 -1.0 0.4116193649784009 46.966425639039095 0.5632161084642736 0.04423737438508215 1.088955882062093 4.0 -1.0 -1.0 -1.0 -1.0 
298.53 29.08 1.0 -1.0 0.0029853826189179603 0.0 0.580599139240655 0.012441761545804356 0.6797572181387723 32.0 -1.0 -1.0 -1.0 -1.0 
298.53 29.08 1.0 -1.0 0.009681092501071858 228.52422869330994 0.4581061230619874 0.11197585391223919 0.5890220063225793 4.0 -1.0 -1.0 -1.0 -1.0 
298.53 29.08 1.0 -1.0 2.63582983361 457.0484573866199 0.09740894952994789 0.02350110514207489 1.1024546145467171 4.0 -1.0 -1.0 -1.0 -1.0 
298.53 29.08 1.0 -1.0 3.63460946068 685.5726860799298 0.3889188437212902 0.026265941041142528 2.4550525412152955 16.0 -1.0 -1.0 -1.0 -1.0 
298.53 29.08 1.0 -1.0 57.01477239693791 50.943144890227806 2.1965150000457414 0.02350110514207489 29.58490090763479 8.0 29.584900537699667 8.0 57.01476766262204 50.90256035288949 
298.53 29.08 1.0 -1.0 3.1378967940100027 23.928879632152764 1.890721935506182 0.05529671798135268 6.163244026888223 8.0 7.217200613673753 16.0 3.1379386200569575 23.882712213284133 
299.26 29.08 1.0 -1.0 41.90529550804039 41.51127111479116 0.050672283643906746 0.015206597444871992 0.35815262359326905 1.0 -1.0 -1.0 -1.0 -1.0 
299.26 29.08 1.0 -1.0 36.845678187087444 55.02201501535998 0.5972795120198795 0.13132970520571263 1.5986410629457253 1.0 -1.0 -1.0 -1.0 -1.0 
299.26 29.08 1.0 -1.0 31.661042452687738 137.26132571447454 0.26708079744159313 0.12718245135711118 1.7009363225767964 2.0 -1.0 -1.0 -1.0 -1.0 
299.26 29.08 1.0 -1.0 361.6582023947468 97.83867201426408 0.9781355419536544 0.03456044873834543 1.912976895489698 1.0 -1.0 -1.0 -1.0 -1.0 
299.26 29.08 1.0 -1.0 0.34069385843 0.0 0.104304208103359 0.013824179495338172 1.9269773187172885 16.0 -1.0 -1.0 -1.0 -1.0 
299.26 29.08 1.0 -1.0 487.55679115589527 217.54255758741968 0.06242801671064434 0.016589015394405805 -0.4309888820646786 1.0 -1.0 -1.0 -1.0 -1.0 
299.26 29.08 1.0 -1.0 0.576070636 652.6276727622591 0.02808955470273914 0.05391430003181887 1.1634082653830617 2.0 -1.0 -1.0 -1.0 -1.0 
299.26 29.08 1.0 -1.0 2.45278075482 150.90260820345466 7.6539987830709535 0.02764835899067634 92.02295536194059 32.0 92.02295672017108 32.0 2.4527859447213514 150.88611826274 
299.26 29.08 1.0 -1.0 13.530147184982086 12.531704487484124 6.29477045837553 0.008294507697202903 242.0989435258582 32.0 242.09893267327212 32.0 13.530158563905086 12.548543705284883 
299.26 29.08 1.0 -1.0 377.22936337986 435.08511517483936 1.1230653819750733 0.01520659744487199 5.240941246004884 1.0 -1.0 -1.0 -1.0 -1.0 
299.63 29.08 1.0 -1.0 377.93812391457 14.643829676483406 0.09781355419536539 0.009676925646736721 1.2611607484171277 1.0 -1.0 -1.0 -1.0 -1.0 
299.63 29.08 1.0 -1.0 2.6473526 31.370337351400007 0.054072107559595614 0.009676925646736721 0.9944082000769675 1.0 -1.0 -1.0 -1.0 -1.0 
299.63 29.08 1.0 -1.0 2.7874942067382 144.29053507894983 0.0841380609938173 0.023501105142074888 1.2331232698335632 8.0 -1.0 -1.0 -1.0 -1.0 
299.63 29.08 1.0 -1.0 2.969539288804479 0.0 0.2989148937474159 0.10644618211410391 1.549569096584618 2.0 -1.0 -1.0 -1.0 -1.0 
299.63 29.08 1.0 -1.0 1.54512280855 433.8478605486151 0.3984373436262631 0.02350110514207489 3.677022656283926 16.0 -1.0 -1.0 -1.0 -1.0 
299.63 29.08 1.0 -1.0 1.95231526531 650.7717908229226 0.013693474310011453 0.011059343596270537 0.10841604527766623 4.0 -1.0 -1.0 -1.0 -1.0 
299.63 29.08 1.0 -1.0 0.5783421883420735 18.74410198589876 2.032969265840357 0.009676925646736721 60.640911610654896 32.0 60.70958644892066 32.0 0.5783476808574051 18.721617624820187 
299.63 29.08 1.0 -1.0 0.0012994527848856662 13.537406989815771 1.1730240887216132 0.038707702586946884 2.217400442104325 1.0 -1.0 -1.0 -1.0 -1.0 
299.63 29.08 1.0 -1.0 3.0949330625564375 10.673724741970128 1.9249898452225302 0.027648358990676344 19.524449631142687 32.0 19.754508411075108 32.0 3.094919520663098 10.625782976249296 
299.63 29.08 1.0 -1.0 5.486065 216.92393027430754 9.22988988163968 0.03456044873834543 106.2277077064484 32.0 106.22771064680083 32.0 5.486072041094303 216.9683685816999 
300.19 32.35 1.0 -1.0 0.010859737501366 196.45372524207846 0.011331970376636379 0.04700221028414978 0.7058853066574894 4.0 -1.0 -1.0 -1.0 -1.0 
300.19 32.35 1.0 -1.0 1.98837251247 164.46480006991703 0.12957202648833627 0.013824179495338172 1.69260504524394 1.0 -1.0 -1.0 -1.0 -1.0 
300.19 32.35 1.0 -1.0 198.35548314683 38.87349819834402 0.010871854470998865 0.026265941041142528 0.2514274403575441 2.0 -1.0 -1.0 -1.0 -1.0 
300.19 32.35 1.0 -1.0 183.72305 36.02231138952094 0.013580422808185827 0.008294507697202903 0.6428439696102104 1.0 -1.0 -1.0 -1.0 -1.0 
300.19 32.35 1.0 -1.0 186.4940783438289 45.47990665781215 0.3859745378426217 0.04423737438508215 2.032288929215298 1.0 -1.0 -1.0 -1.0 -1.0 
300.19 32.35 1.0 -1.0 32.7554227003 231.78062521481328 0.04715930072009244 0.029030776940210157 2.075132569260027 4.0 -1.0 -1.0 -1.0 -1.0 
300.19 32.35 1.0 -1.0 21.820542623039554 695.3418756444398 0.06634102514187436 0.012441761545804354 1.8921715084755646 1.0 -1.0 -1.0 -1.0 -1.0 
300.19 32.35 1.0 -1.0 0.1504582362154283 63.69968577760845 1.0715267077965671 0.03456044873834543 1.699439910486928 8.0 -1.0 -1.0 -1.0 -1.0 
300.19 32.35 1.0 -1.0 21.2271044207833 0.0 8.327066811662002 0.1354769590543141 12.34278564933203 8.0 -1.0 -1.0 -1.0 -1.0 
300.19 32.35 1.0 -1.0 0.002224686951612138 463.56125042962657 3.614563057419527 0.008294507697202903 7.008198073574235 1.0 -1.0 -1.0 -1.0 -1.0 
300.95 32.35 1.0 -1.0 0.06400257968525651 175.00693599808199 0.3995398994830211 0.02073626924300726 1.552876366715525 2.0 -1.0 -1.0 -1.0 -1.0 
300.95 32.35 1.0 -1.0 0.971157 299.7530610059173 0.02283157405084585 0.011059343596270537 0.7175451627072308 32.0 -1.0 -1.0 -1.0 -1.0 
300.95 32.35 1.0 -1.0 1.34350681917 39.79260469588291 0.3859745378426217 0.019353851293473442 1.5022474250002271 8.0 -1.0 -1.0 -1.0 -1.0 
300.95 32.35 1.0 -1.0 3.7366204955279794 29.928333380040094 0.6329656438800256 0.016589015394405805 10.052767531451947 32.0 10.190887285758421 32.0 3.736628665744017 29.9545881997123 
300.95 32.35 1.0 -1.0 17.18240825221832 0.0 0.15474583255111402 0.01520659744487199 1.5045356092767184 8.0 -1.0 -1.0 -1.0 -1.0 
300.95 32.35 1.0 -1.0 0.16045643647092714 223.6572537122727 0.10416019161885351 0.0483846282336836 1.5345589140837637 1.0 -1.0 -1.0 -1.0 -1.0 
300.95 32.35 1.0 -1.0 1.5533936038674043 670.9717611368181 0.8315569337971686 0.015206597444871989 4.773603956159974 16.0 -1.0 -1.0 -1.0 -1.0 
300.95 32.35 1.0 -1.0 2.185717553667 19.86275040469029 3.8677531266236915 0.017971433343939622 69.43221353765013 32.0 69.9368795151744 32.0 2.185697667300701 19.93599282210582 
300.95 32.35 1.0 -1.0 1.889795514512 37.77948810081295 1.9981590898062889 0.011059343596270537 43.17076350835947 32.0 43.2848880373706 32.0 1.8898087243239086 37.64563111585465 
300.95 32.35 1.0 -1.0 0.0013114510973573175 447.3145074245454 9.455784582756957 0.017971433343939622 6.565856510016029 4.0 -1.0 -1.0 -1.0 -1.0 
301.33 32.34 1.0 -1.0 0.0407952166340787 98.14591577311046 0.2851973688702286 0.009676925646736721 2.7036100456858714 2.0 -1.0 -1.0 -1.0 -1.0 
301.33 32.34 1.0 -1.0 342.465753 150.37751792973594 0.018328474204317408 0.035942866687879244 0.2616322337456863 1.0 -1.0 -1.0 -1.0 -1.0 
301.33 32.34 1.0 -1.0 0.621231324318 109.80359256367899 0.031092043377110277 0.01520659744487199 1.5961157140231648 32.0 -1.0 -1.0 -1.0 -1.0 
301.33 32.34 1.0 -1.0 0.2659 153.6338522287774 0.2194998073532578 0.20321543858147118 2.8245411307817743 4.0 -1.0 -1.0 -1.0 -1.0 
301.33 32.34 1.0 -1.0 3.55991857227 82.18987770780717 0.012894694018291582 0.013824179495338172 0.9864231260987715 1.0 -1.0 -1.0 -1.0 -1.0 
301.33 32.34 1.0 -1.0 2.2551713364 0.0 0.04939345061540832 0.08847474877016431 1.2672362165897377 1.0 -1.0 -1.0 -1.0 -1.0 
301.33 32.34 1.0 -1.0 163.31467466391553 434.1344887482112 0.016297508346206444 0.013824179495338172 0.6971440173063498 1.0 -1.0 -1.0 -1.0 -1.0 
301.33 32.34 1.0 -1.0 128.25813729784 34.1263834539548 4.735518490918653 0.022118687192541075 24.230024552441638 2.0 24.230024898060165 2.0 128.2581555036207 34.103703457104885 
301.33 32.34 1.0 -1.0 1.4352133702 217.0672443741056 3.9405746208593446 0.0898571667196981 6.395343366228224 8.0 6.418103906746294 8.0 1.4351826393976808 216.46237891616425 
301.33 32.34 1.0 -1.0 38.801408988633 651.2017331223168 1.5115340740583927 0.038707702586946884 5.473714559254628 1.0 -1.0 -1.0 -1.0 -1.0 
315.01 37.92 1.0 -1.0 15.891154943801833 82.97996679013754 0.010939661911164156 0.027648358990676344 2.2514970939906105 8.0 -1.0 -1.0 -1.0 -1.0 
315.01 37.92 1.0 -1.0 0.03197657411683124 122.88606813753609 0.21603964419195926 0.03456044873834543 0.4186204348814644 4.0 -1.0 -1.0 -1.0 -1.0 
315.01 37.92 1.0 -1.0 84.64982223394419 18.77479695531045 0.5220015194759635 0.06220880772902178 1.664009350152992 2.0 -1.0 -1.0 -1.0 -1.0 
315.01 37.92 1.0 -1.0 1.106300583096 119.1002037309097 0.7776587786236845 0.024883523091608708 9.384602616412339 16.0 9.481870596553973 16.0 1.10630935523659 118.90757140088498 
315.01 37.92 1.0 -1.0 53.955760112361595 76.52854479109052 0.5274389731450696 0.03732528463741307 4.098402342505602 8.0 -1.0 -1.0 -1.0 -1.0 
315.01 37.92 1.0 -1.0 1.5496608915 0.0 0.01949076938320466 0.011059343596270537 0.0216662733069964 2.0 -1.0 -1.0 -1.0 -1.0 
315.01 37.92 1.0 -1.0 301.376187797791 257.516042189505 0.03196321566006394 0.01520659744487199 0.4653318654119868 1.0 -1.0 -1.0 -1.0 -1.0 
315.01 37.92 1.0 -1.0 10.65420400680119 37.39506883279941 5.0393002720468125 0.026265941041142524 87.12844967054369 32.0 87.24018989120187 32.0 10.65421505093885 37.443235249640374 
315.01 37.92 1.0 -1.0 1.096491 128.7580210947525 3.396668043368903 0.04009012053648069 26.695336757078596 16.0 27.053065826772052 32.0 1.0964868124574423 128.7237709122772 
315.01 37.92 1.0 -1.0 3.027293151199 386.2740632842575 2.8697613656589205 0.08018024107296139 12.112145373854698 8.0 12.249629815823509 8.0 3.027283431341251 385.8677189375101 
315.42 37.92 1.0 -1.0 0.01816974111633454 54.00305161526848 0.19396741271167336 0.017971433343939622 3.6548512056574665 4.0 -1.0 -1.0 -1.0 -1.0 
315.42 37.92 1.0 -1.0 0.002864427372031162 148.62184373109602 0.1299305782128723 0.024883523091608708 5.0490036291666165 1.0 -1.0 -1.0 -1.0 -1.0 
315.42 37.92 1.0 -1.0 4.595046556485586 97.30381779137662 0.04808041380999946 0.21150994627867403 0.21078613819887898 2.0 -1.0 -1.0 -1.0 -1.0 
315.42 37.92 1.0 -1.0 0.05946544947449955 0.0 0.08530865588540773 0.011059343596270537 0.6708345518536339 8.0 -1.0 -1.0 -1.0 -1.0 
315.42 37.92 1.0 -1.0 1.83553757789 126.04493769866237 0.16847002963747468 0.09538683851783337 2.829499260501301 4.0 -1.0 -1.0 -1.0 -1.0 
315.42 37.92 1.0 -1.0 1.9546609131310237 252.08987539732473 0.02518489322894811 0.038707702586946884 1.3092061766356053 1.0 -1.0 -1.0 -1.0 -1.0 
315.42 37.92 1.0 -1.0 172.5737712832224 378.1348130959871 0.5636053377113839 0.016589015394405805 4.09653425329565 1.0 -1.0 -1.0 -1.0 -1.0 
315.42 37.92 1.0 -1.0 19.72231918824971 61.98249411584387 2.0189730090554736 0.02211868719254108 29.312079473552963 16.0 29.312080446643616 16.0 19.722331974965833 61.933135061567334 
315.42 37.92 1.0 -1.0 0.91744 22.69035782154138 1.2371126305091658 0.031795612839277794 9.552470209831764 16.0 9.78168399042314 32.0 0.9174376221684118 22.06114941735568 
315.42 37.92 1.0 -1.0 1.397584744023887 69.35686040784482 2.527203788984883 0.019353851293473442 48.05347377772115 32.0 48.24351410194402 32.0 1.3975901917243998 69.52298004460253 
315.82 37.92 1.0 -1.0 0.00439184555143146 130.3779304805251 0.23471295096132436 0.012441761545804352 2.523616851142139 1.0 -1.0 -1.0 -1.0 -1.0 
315.82 37.92 1.0 -1.0 3.33342176928 130.97123164312134 0.6251433244568269 0.0884747487701643 1.1211927339386218 8.0 -1.0 -1.0 -1.0 -1.0 
315.82 37.92 1.0 -1.0 225.225225 21.06219127216674 0.937771888344508 0.05529671798135268 3.329466980863153 1.0 -1.0 -1.0 -1.0 -1.0 
315.82 37.92 1.0 -1.0 2.511471007883 93.5190957542333 0.08066602730969566 0.017971433343939622 1.739956792737519 1.0 -1.0 -1.0 -1.0 -1.0 
315.82 37.92 1.0 -1.0 1.097574 107.09085984862244 0.01066357407839711 0.026265941041142528 1.1173480638853137 1.0 -1.0 -1.0 -1.0 -1.0 
315.82 37.92 1.0 -1.0 1.3548989114 0.0 0.043467415284654275 0.049767046183217416 0.9961074824521728 1.0 -1.0 -1.0 -1.0 -1.0 
315.82 37.92 1.0 -1.0 2.612776 123.59204843333053 0.013357112113487677 0.011059343596270537 1.6560693516220009 32.0 -1.0 -1.0 -1.0 -1.0 
315.82 37.92 1.0 -1.0 2.79091017854 247.18409686666106 0.020442360985995726 0.013824179495338172 1.1513351196290436 8.0 -1.0 -1.0 -1.0 -1.0 
315.82 37.92 1.0 -1.0 0.262366005364999 370.7761452999916 0.6043355297779757 0.05529671798135269 0.9962477921239482 2.0 -1.0 -1.0 -1.0 -1.0 
315.82 37.92 1.0 -1.0 3.8174542497 92.33249342904082 1.1909885623504708 0.031795612839277794 15.291983889550966 16.0 15.451157264052659 16.0 3.817452428241571 92.39371292681531 
316.23 37.92 1.0 -1.0 115.17137129324287 57.41659416471358 0.018202289300418884 0.031795612839277794 1.6356385312883406 1.0 -1.0 -1.0 -1.0 -1.0 
316.23 37.92 1.0 -1.0 314.2380950037 47.13248267824906 0.5785970800743586 0.035942866687879244 1.7522560783789043 1.0 -1.0 -1.0 -1.0 -1.0 
316.23 37.92 1.0 -1.0 12.08252485412 19.441694859570738 0.44716216121055213 0.024883523091608704 4.151829054515313 16.0 -1.0 -1.0 -1.0 -1.0 
316.23 37.92 1.0 -1.0 0.932741 121.11994199429769 0.034870184513432344 0.02350110514207489 1.7474322203174124 32.0 -1.0 -1.0 -1.0 -1.0 
316.23 37.92 1.0 -1.0 0.7859985325964 363.3598259828931 0.021190080826200126 0.017971433343939622 2.157747981347824 8.0 -1.0 -1.0 -1.0 -1.0 
316.23 37.92 1.0 -1.0 0.0017041687807023307 127.04329949356878 9.986192648683675 0.03456044873834543 2.971720310219785 4.0 -1.0 -1.0 -1.0 -1.0 
316.23 37.92 1.0 -1.0 0.0012934948558171557 69.08161108045603 4.841372476313745 0.022118687192541075 1.2976935816675073 2.0 -1.0 -1.0 -1.0 -1.0 
316.23 37.92 1.0 -1.0 0.0022043335512826594 94.15594650681828 1.9639449623086547 0.02350110514207489 1.4349008926431435 1.0 -1.0 -1.0 -1.0 -1.0 
316.23 37.92 1.0 -1.0 115.70185879986298 0.0 1.2075585321187605 0.009676925646736721 12.67369767133846 4.0 -1.0 -1.0 -1.0 -1.0 
316.23 37.92 1.0 -1.0 0.0038615770602163295 242.23988398859538 3.6295767608167497 0.012441761545804354 2.871828670957711 4.0 -1.0 -1.0 -1.0 -1.0 
319.48 74.46 1.0 -1.0 0.7279851537 157.17876312186803 1.3514907615213376 0.04285495643554833 12.579596458052904 16.0 12.816660832935241 16.0 0.7279898757891109 157.26158804848959 
319.87 49.23 1.0 -1.0 387.4675120456128 35.23419686030829 0.10901939067768149 0.031795612839277794 1.2080233888374377 1.0 -1.0 -1.0 -1.0 -1.0 
319.87 49.23 1.0 -1.0 32.39695567367918 50.7260580195232 0.03384955434907257 0.02073626924300726 1.2043229829539215 8.0 -1.0 -1.0 -1.0 -1.0 
319.87 49.23 1.0 -1.0 0.664065940204 175.72356592871213 0.721249970799335 0.024883523091608708 5.865395204789432 32.0 6.114620702524009 32.0 0.6640827147445332 176.28679947263117 
319.87 49.23 1.0 -1.0 7.20107927874 186.40567958001193 0.8990738776476155 0.009676925646736721 21.265598765308397 32.0 21.601890057746612 32.0 7.201075883737455 186.4065927833448 
319.87 49.23 1.0 -1.0 0.306679 372.81135916002387 0.03886502540210162 0.02073626924300726 3.1954918436293065 8.0 -1.0 -1.0 -1.0 -1.0 
319.87 49.23 1.0 -1.0 468.46771214885 559.2170387400358 0.17093196386209183 0.019353851293473442 1.9396219477234116 1.0 -1.0 -1.0 -1.0 -1.0 
319.87 49.23 1.0 -1.0 3.471732207903239 41.498054079918646 6.018357026646762 0.012441761545804354 125.86181139111241 32.0 125.99526778532547 32.0 3.471723175607622 41.491152573925824 
319.87 49.23 1.0 -1.0 4.61936868862 8.2213126007386 7.272540837450236 0.01520659744487199 166.2700109921933 32.0 166.34375925081105 32.0 4.619353906794762 8.197032581678029 
319.87 49.23 1.0 -1.0 0.07517101600419747 61.96744463685965 7.928479707773797 0.10644618211410392 2.116490728960776 8.0 -1.0 -1.0 -1.0 -1.0 
319.87 49.23 1.0 -1.0 0.8200976099608557 0.0 2.082724679022603 0.026265941041142528 10.830664978670166 32.0 -1.0 -1.0 -1.0 -1.0 
320.72 36.33 1.0 -1.0 0.5092852475722 12.562920693099876 0.03422578637740942 0.06082638977948796 0.760261511944717 16.0 -1.0 -1.0 -1.0 -1.0 
320.72 36.33 1.0 -1.0 6.667293596235096 156.952004712898 0.0338028170801927 0.04285495643554833 0.6889587475243707 2.0 -1.0 -1.0 -1.0 -1.0 
320.72 36.33 1.0 -1.0 15.211439 79.96890548814025 0.20064587839707698 0.08294507697202903 1.0972494852797094 2.0 -1.0 -1.0 -1.0 -1.0 
320.72 36.33 1.0 -1.0 0.173497343752 93.88388939484729 0.015378666956538866 0.03456044873834543 1.397196946783992 8.0 -1.0 -1.0 -1.0 -1.0 
320.72 36.33 1.0 -1.0 13.908404438658986 187.76777878969457 0.0668932872202258 0.017971433343939622 0.7698969674210069 1.0 -1.0 -1.0 -1.0 -1.0 
320.72 36.33 1.0 -1.0 1.297656144478 281.65166818454185 0.17010734737144495 0.04147253848601451 1.66376783910875 4.0 -1.0 -1.0 -1.0 -1.0 
320.72 36.33 1.0 -1.0 0.52289775784 143.17786072427504 1.5875231679595287 0.07188573337575849 2.658007351229053 1.0 -1.0 -1.0 -1.0 -1.0 
320.72 36.33 1.0 -1.0 198.93129209203 55.96978344661313 2.3245379118404386 0.03456044873834543 13.031706942271587 1.0 13.0317071777191 1.0 198.93147206554812 55.9624570082463 
320.72 36.33 1.0 -1.0 0.2902786709949634 35.23814750463665 1.880301197971938 0.06220880772902178 1.2061840533824002 2.0 -1.0 -1.0 -1.0 -1.0 
320.72 36.33 1.0 -1.0 13.283708222684412 0.0 4.251702380677985 0.03456044873834543 42.61818745185366 16.0 -1.0 -1.0 -1.0 -1.0 
320.85 32.72 1.0 -1.0 2.81146362521 70.14767098829036 0.5025394001268606 0.05253188208228506 3.388874908521553 8.0 -1.0 -1.0 -1.0 -1.0 
320.85 32.72 1.0 -1.0 0.51899 230.39946267918685 0.011609311936950351 0.11612310776084063 0.6786598595298804 1.0 -1.0 -1.0 -1.0 -1.0 
320.85 32.72 1.0 -1.0 0.9357095566 70.37274372942926 0.46576496396391776 0.009676925646736721 12.41042497589922 32.0 12.545637739603603 32.0 0.9357184656740477 70.13016764324534 
320.85 32.72 1.0 -1.0 2.741870487605 108.98522287592492 0.12867997003409437 0.04147253848601452 2.46559357912924 2.0 -1.0 -1.0 -1.0 -1.0 
320.85 32.72 1.0 -1.0 0.14636632765216182 83.35193846843913 0.01704602661965841 0.009676925646736721 0.7223134942627883 2.0 -1.0 -1.0 -1.0 -1.0 
320.85 32.72 1.0 -1.0 0.004556311895246632 166.70387693687826 0.17366966733617495 0.08156265902249521 0.7163252684395622 4.0 -1.0 -1.0 -1.0 -1.0 
320.85 32.72 1.0 -1.0 0.0017278259805078627 250.0558154053174 0.015711571348942407 0.06082638977948796 7.415420504035842 1.0 -1.0 -1.0 -1.0 -1.0 
320.85 32.72 1.0 -1.0 0.4900680581299 14.254606938796972 3.135087200477946 0.13962421290291552 1.1056572327470644 1.0 -1.0 -1.0 -1.0 -1.0 
320.85 32.72 1.0 -1.0 0.6398710136959384 152.4492699980813 4.784846244637481 0.07050331542622468 17.9013345610603 8.0 18.050414297770022 16.0 0.6398598391873141 152.30288932623992 
320.85 32.72 1.0 -1.0 0.73554 0.0 1.9025143132328175 0.08156265902249521 0.9140123408784926 1.0 -1.0 -1.0 -1.0 -1.0 
321.11 36.33 1.0 -1.0 2.683993826716843 56.93959104186433 0.012894694018291582 0.01520659744487199 1.8241157314910579 4.0 -1.0 -1.0 -1.0 -1.0 
321.11 36.33 1.0 -1.0 0.4586745305 63.448562367607494 0.049325251342871065 0.009676925646736721 1.3196251417689258 32.0 -1.0 -1.0 -1.0 -1.0 
321.11 36.33 1.0 -1.0 1.267086536181 59.86028330341575 0.023117261921407867 0.06082638977948796 1.8053694891016416 2.0 -1.0 -1.0 -1.0 -1.0 
321.11 36.33 1.0 -1.0 0.6387302863529 72.51661643680524 0.018052013621983335 0.06082638977948796 0.9103807598822352 16.0 -1.0 -1.0 -1.0 -1.0 
321.11 36.33 1.0 -1.0 0.910265474731 82.53041847641009 0.3156820767645053 0.016589015394405805 2.7689779684613374 32.0 -1.0 -1.0 -1.0 -1.0 
321.11 36.33 1.0 -1.0 463.11553585637 0.0 0.26986285727822834 0.04147253848601452 1.2207773070885897 1.0 -1.0 -1.0 -1.0 -1.0 
321.11 36.33 1.0 -1.0 2.4500513636 92.71111721667505 0.0200230463654082 0.058061553880420315 2.638293210939665 8.0 -1.0 -1.0 -1.0 -1.0 
321.11 36.33 1.0 -1.0 0.09458893510179119 278.13335165002513 0.37338529977405854 0.005529671798135269 3.8241491752811463 32.0 -1.0 -1.0 -1.0 -1.0 
321.11 36.33 1.0 -1.0 0.654860719376 16.71748618278479 3.460620016062808 0.017971433343939622 68.6152879157106 32.0 68.6793701432333 32.0 0.6548665017665675 16.697658962677465 
321.11 36.33 1.0 -1.0 0.161472523874 185.4222344333501 1.229444620167331 0.019353851293473442 7.411784819751506 32.0 7.794649306872856 32.0 0.16146562605475387 185.5970093184877 
321.23 32.72 1.0 -1.0 5.79897187841 43.044346570308434 0.15368046356341292 0.045619792334615966 0.9620602419093678 16.0 -1.0 -1.0 -1.0 -1.0 
321.23 32.72 1.0 -1.0 0.0017925298091000072 60.6635350628181 0.632091685978404 0.03456044873834543 0.9173991075060263 1.0 -1.0 -1.0 -1.0 -1.0 
321.23 32.72 1.0 -1.0 14.231684340911109 39.37677990801387 0.10466512108254267 0.017971433343939622 1.7821337735217906 32.0 -1.0 -1.0 -1.0 -1.0 
321.23 32.72 1.0 -1.0 1.544817633127 247.78377740731952 0.15410572815741164 0.012441761545804356 2.267570016138543 16.0 -1.0 -1.0 -1.0 -1.0 
321.23 32.72 1.0 -1.0 0.009119667231422064 99.02429988195307 1.4155170065518716 0.027648358990676344 0.6353564271771481 8.0 -1.0 -1.0 -1.0 -1.0 
321.23 32.72 1.0 -1.0 0.455919 98.13218907220575 9.384199668361846 0.02073626924300726 125.97508843538934 32.0 126.27740576830571 32.0 0.455929693998769 98.66798477945774 
321.23 32.72 1.0 -1.0 151.04162126667057 63.885046320239 9.627163549856318 0.019353851293473442 56.79599610270775 2.0 56.79599573692468 2.0 151.04160411283374 63.85589579060292 
321.23 32.72 1.0 -1.0 213.59893407472 0.0 3.2949724307776487 0.06220880772902178 14.480596562835359 2.0 -1.0 -1.0 -1.0 -1.0 
321.23 32.72 1.0 -1.0 0.00667213317037495 82.5945924691065 1.968019525573829 0.022118687192541075 1.5773918552780746 1.0 -1.0 -1.0 -1.0 -1.0 
321.23 32.72 1.0 -1.0 1.82404901739 165.189184938213 6.391172773542337 0.019353851293473442 152.24782248864057 32.0 152.36551342519599 32.0 1.8240522573857259 165.1550268308462 
321.61 32.72 1.0 -1.0 0.265993420483 65.70557410987847 0.3375614434310193 0.04700221028414978 0.36849305682231287 2.0 -1.0 -1.0 -1.0 -1.0 
321.61 32.72 1.0 -1.0 0.15609261377207204 79.49563287368012 0.47224505253570004 0.07603298722435994 0.14828428871374527 2.0 -1.0 -1.0 -1.0 -1.0 
321.61 32.72 1.0 -1.0 1.6264454271977287 49.285325884888266 0.022056385992731905 0.01382417949533817 1.7363328297833438 4.0 -1.0 -1.0 -1.0 -1.0 
321.61 32.72 1.0 -1.0 4.15019313335 79.56937650343308 0.583816853109667 0.06359122567855559 3.7245629585917612 4.0 -1.0 -1.0 -1.0 -1.0 
321.61 32.72 1.0 -1.0 0.06701244475243069 67.67207090329048 0.012159297680008169 0.04423737438508215 2.0524440835535143 4.0 -1.0 -1.0 -1.0 -1.0 
321.61 32.72 1.0 -1.0 0.4116193649784009 98.27567725076473 0.02040003737485031 0.012441761545804354 2.0519131620697983 8.0 -1.0 -1.0 -1.0 -1.0 
321.61 32.72 1.0 -1.0 0.00355500598430653 0.0 0.673570158688605 0.045619792334615966 1.4075964141750725 1.0 -1.0 -1.0 -1.0 -1.0 
321.61 32.72 1.0 -1.0 7.1462 81.92917265552747 0.08691483487083679 0.02073626924300726 2.5714629678629475 1.0 -1.0 -1.0 -1.0 -1.0 
321.61 32.72 1.0 -1.0 1.89585724668 163.85834531105493 0.2169370016563095 0.013824179495338172 5.505581587250516 32.0 -1.0 -1.0 -1.0 -1.0 
321.61 32.72 1.0 -1.0 0.00355500598430653 245.7875179665824 1.0139127866480846 0.029030776940210154 0.8661886983754076 1.0 -1.0 -1.0 -1.0 -1.0 
100.78 58.29 1.0 -1.0 5.107322443837194 140.52025418304387 2.366668409085583 0.016589015394405805 55.7022766801677 32.0 55.87906915939492 32.0 5.107328130785997 140.46273115270495 
101.02 16.57 1.0 -1.0 2.239842 124.89475344665283 0.2508071620172219 0.016589015394405805 3.4541825680196645 4.0 -1.0 -1.0 -1.0 -1.0 
101.02 16.57 1.0 -1.0 0.733774022731 55.52200828467343 0.06972432819051365 0.011059343596270537 1.6154331865211358 1.0 -1.0 -1.0 -1.0 -1.0 
101.02 16.57 1.0 -1.0 0.0013858035855640045 94.25644723095026 0.9084391234800805 0.026265941041142528 0.039778858316930746 2.0 -1.0 -1.0 -1.0 -1.0 
101.02 16.57 1.0 -1.0 6.16789 70.60303984162547 0.059357738711856865 0.05529671798135269 2.219396531251574 2.0 -1.0 -1.0 -1.0 -1.0 
101.02 16.57 1.0 -1.0 3.455814481241569 0.0 0.026287057444622463 0.012441761545804354 2.220385609004688 8.0 -1.0 -1.0 -1.0 -1.0 
101.02 16.57 1.0 -1.0 0.661590720545 132.27652152452936 0.4199158969458747 0.016589015394405805 5.448161665966381 32.0 -1.0 -1.0 -1.0 -1.0 
101.02 16.57 1.0 -1.0 1.021138 396.8295645735881 0.010076282386271522 0.02350110514207489 1.093881258159941 32.0 -1.0 -1.0 -1.0 -1.0 
101.02 16.57 1.0 -1.0 0.749653 35.04355490733856 9.090669305878029 0.016589015394405805 102.45845421993067 32.0 102.66196799890731 32.0 0.7496358496913066 35.01448485506911 
101.02 16.57 1.0 -1.0 0.0043317128940357705 4.484622541935739 1.6788910048294114 0.016589015394405805 1.4997600713378585 2.0 -1.0 -1.0 -1.0 -1.0 
101.02 16.57 1.0 -1.0 3.255405118685032 264.5530430490587 1.8227456590093152 0.03732528463741307 14.41979922118843 16.0 14.631920656123587 16.0 3.2553847025459013 264.6325950751611 
101.11 24.97 1.0 -1.0 116.23478976957199 65.66784821628181 0.1542122280526466 0.017971433343939622 0.7002095579168471 1.0 -1.0 -1.0 -1.0 -1.0 
101.11 24.97 1.0 -1.0 0.990599 37.01543160807025 0.05781974974395096 0.017971433343939622 1.6271029983399847 2.0 -1.0 -1.0 -1.0 -1.0 
101.11 24.97 1.0 -1.0 2.4512027814 52.61427262954583 0.05366275525710392 0.012441761545804354 2.574061923484636 16.0 -1.0 -1.0 -1.0 -1.0 
101.11 24.97 1.0 -1.0 0.211461 45.523890347056934 0.3793655635542592 0.02350110514207489 0.9889519938631465 1.0 -1.0 -1.0 -1.0 -1.0 
101.11 24.97 1.0 -1.0 8.351100256070806 242.3819912567744 0.09999999999999999 0.01520659744487199 0.7928071771630406 1.0 -1.0 -1.0 -1.0 -1.0 
101.11 24.97 1.0 -1.0 1.61499182415 363.5729868851616 0.037158400018911235 0.052531882082285056 3.0961760130322586 16.0 -1.0 -1.0 -1.0 -1.0 
101.11 24.97 1.0 -1.0 1.6638978240971 99.8107659765745 3.728697535730255 0.006912089747669087 95.67379113707983 32.0 95.94010107432736 32.0 1.6638902404035132 99.78116204363624 
101.11 24.97 1.0 -1.0 0.66313 23.089193586566417 2.78769030342082 0.017971433343939622 61.37997472251984 32.0 61.824555281795796 32.0 0.6631429035527011 22.971930815319904 
101.11 24.97 1.0 -1.0 11.414528668247423 0.0 6.867262971526027 0.03456044873834543 84.84644186978377 16.0 -1.0 -1.0 -1.0 -1.0 
101.11 24.97 1.0 -1.0 20.9369242 121.1909956283872 1.4352107926607618 0.01520659744487199 14.502500804627964 8.0 14.704552538686096 8.0 20.936931832693517 121.23512386234911 
101.12 30.39 1.0 -1.0 322.350432991279 234.81657119903122 0.056672887095357054 0.029030776940210157 0.8641770470759033 1.0 -1.0 -1.0 -1.0 -1.0 
101.12 30.39 1.0 -1.0 265.19198063569 4.515703292289062 0.8751736018534659 0.01520659744487199 4.742816901427264 1.0 -1.0 -1.0 -1.0 -1.0 
101.12 30.39 1.0 -1.0 0.17590294446776322 5.884098229346353 0.38945658010368484 0.01520659744487199 1.6020807532305095 8.0 -1.0 -1.0 -1.0 -1.0 
101.12 30.39 1.0 -1.0 3.951547269235 86.89307850313801 0.08941186207550404 0.017971433343939622 1.699495710410599 16.0 -1.0 -1.0 -1.0 -1.0 
101.12 30.39 1.0 -1.0 0.002637020132031692 0.0 0.6169912824917189 0.02073626924300726 2.6347983455032216 16.0 -1.0 -1.0 -1.0 -1.0 
101.12 30.39 1.0 -1.0 4.3177272236 114.02150813029881 0.020612535334981044 0.02350110514207489 1.5592448249141484 32.0 -1.0 -1.0 -1.0 -1.0 
101.12 30.39 1.0 -1.0 0.05679455782536873 228.04301626059762 0.23962821561103095 0.04285495643554833 1.2718367009124825 1.0 -1.0 -1.0 -1.0 -1.0 
101.12 30.39 1.0 -1.0 8.389566016290832 342.06452439089645 0.4568419499727607 0.04700221028414978 1.125487537810641 1.0 -1.0 -1.0 -1.0 -1.0 
101.12 30.39 1.0 -1.0 5.038977768452 43.99389722639192 3.3109452188119763 0.04009012053648069 30.8585218307002 16.0 30.97479798020466 16.0 5.038964445702732 44.02110090160423 
101.12 30.39 1.0 -1.0 54.01953250261 48.71485975923958 1.6765729010368617 0.04700221028414978 8.506524690323339 4.0 8.506524580462745 4.0 54.019619710743434 48.67620582453249 
101.24 22.39 1.0 -1.0 1.09547088700836 88.36449537776757 0.2605203087268267 0.026265941041142528 2.468642871837852 2.0 -1.0 -1.0 -1.0 -1.0 
101.24 22.39 1.0 -1.0 3.36141095625 119.48400345049465 0.7045061497321513 0.08985716671969811 3.048668970900856 1.0 -1.0 -1.0 -1.0 -1.0 
101.24 22.39 1.0 -1.0 0.6699623853420779 17.926327404768536 0.016252534331593817 0.08570991287109667 0.5109736055876402 1.0 -1.0 -1.0 -1.0 -1.0 
101.24 22.39 1.0 -1.0 0.02494932633157745 0.0 0.010715267077965671 0.11612310776084063 0.6330894034800528 2.0 -1.0 -1.0 -1.0 -1.0 
101.24 22.39 1.0 -1.0 0.14173287223105083 248.4343003746093 0.07450530874157707 0.031795612839277794 1.4629897773758442 1.0 -1.0 -1.0 -1.0 -1.0 
101.24 22.39 1.0 -1.0 0.5255 10.286208656374463 3.540420978720794 0.04423737438508215 13.65890947757672 16.0 13.916348926097148 16.0 0.5255060386843979 11.03057470867784 
101.24 22.39 1.0 -1.0 1.155259714038 129.62113661909558 8.122523361259269 0.012441761545804354 256.11101343124477 32.0 256.13823714031724 32.0 1.1552704866820327 129.63455231024142 
101.24 22.39 1.0 -1.0 0.10857111194022039 151.4606955779196 6.247115967047402 0.019353851293473442 64.82078441598111 32.0 65.22295788092305 32.0 0.10856335090162854 153.7196603897398 
101.24 22.39 1.0 -1.0 207.74778 124.21715018730465 5.1840772815238205 0.01520659744487199 29.988915107509964 1.0 29.988915366475574 1.0 207.74799243857464 124.16986392245606 
101.24 22.39 1.0 -1.0 0.8092202865133 372.651450561914 1.4204149725036725 0.055296717981352696 3.2117022831789064 32.0 -1.0 -1.0 -1.0 -1.0 
101.35 16.57 1.0 -1.0 52.73012775309676 55.54727803555716 0.35330909349505507 0.02073626924300726 1.729015745267045 2.0 -1.0 -1.0 -1.0 -1.0 
101.35 16.57 1.0 -1.0 5.26129961343 82.8875694941931 0.031178081282623896 0.038707702586946884 2.014712770398834 4.0 -1.0 -1.0 -1.0 -1.0 
101.35 16.57 1.0 -1.0 3.402191551 32.97380972749031 0.2875715210835205 0.022118687192541075 3.0880158042386943 16.0 -1.0 -1.0 -1.0 -1.0 
101.35 16.57 1.0 -1.0 1.12291858733 52.632030819506646 0.021044194797562445 0.13962421290291552 0.4166236525660442 2.0 -1.0 -1.0 -1.0 -1.0 
101.35 16.57 1.0 -1.0 31.084366209582015 131.3043104202213 0.011450010385340766 0.04700221028414978 1.8174000104550085 8.0 -1.0 -1.0 -1.0 -1.0 
101.35 16.57 1.0 -1.0 1.0480444462 262.6086208404426 0.02199551998764287 0.016589015394405805 1.5364063604101317 8.0 -1.0 -1.0 -1.0 -1.0 
101.35 16.57 1.0 -1.0 0.331159372546 393.91293126066387 0.13449708483130232 0.02626594104114253 2.0402770763991955 32.0 -1.0 -1.0 -1.0 -1.0 
101.35 16.57 1.0 -1.0 0.5858 137.6075476441143 2.619641272823381 0.045619792334615966 12.773610655271737 16.0 13.216339572360045 16.0 0.585775220921884 138.33757455745513 
101.35 16.57 1.0 -1.0 0.617917537 107.62777559797317 2.972674205815725 0.02350110514207489 41.579625298022314 32.0 41.57962399682569 32.0 0.6179107003845274 107.67460082599285 
101.35 16.57 1.0 -1.0 0.66930344771 0.0 1.172213991207723 0.06497364362808941 0.9943305908271091 1.0 -1.0 -1.0 -1.0 -1.0 
101.46 24.97 1.0 -1.0 16.638472198475245 89.02873953101474 0.015744167879234848 0.04285495643554833 1.1743870399305782 1.0 -1.0 -1.0 -1.0 -1.0 
101.46 24.97 1.0 -1.0 11.679842186300434 100.1077111710721 0.5351466945847643 0.005529671798135269 14.808828022143448 16.0 14.808827946138603 16.0 11.679852226128181 100.08475584295766 
101.46 24.97 1.0 -1.0 0.02850604555160601 40.20187103265116 0.8167538853540369 0.019353851293473442 1.4033206610677462 32.0 -1.0 -1.0 -1.0 -1.0 
101.46 24.97 1.0 -1.0 0.016123450298072245 119.7755924213368 0.44041731654383587 0.035942866687879244 0.7741698391126925 2.0 -1.0 -1.0 -1.0 -1.0 
101.46 24.97 1.0 -1.0 1.5462713682502522 45.68722506942223 0.05581805219779393 0.031795612839277794 0.7680929899914949 16.0 -1.0 -1.0 -1.0 -1.0 
101.46 24.97 1.0 -1.0 21.820542623039554 0.0 0.5220015194759635 0.08294507697202903 2.180875791550835 8.0 -1.0 -1.0 -1.0 -1.0 
101.46 24.97 1.0 -1.0 0.787253 120.28082239840784 0.010648850507038302 0.026265941041142528 0.08033931933785039 16.0 -1.0 -1.0 -1.0 -1.0 
101.46 24.97 1.0 -1.0 0.0015616813971136587 240.56164479681567 0.0158642681488036 0.029030776940210154 1.0483381141623898 2.0 -1.0 -1.0 -1.0 -1.0 
101.46 24.97 1.0 -1.0 30.153936 99.60248119400107 1.728318435121528 0.04423737438508215 8.913198261973406 8.0 8.913198474011871 8.0 30.15387240642061 99.57876617742197 
101.46 24.97 1.0 -1.0 1.528047 360.8424671952235 1.0308638735915776 0.029030776940210154 7.8909546998494084 32.0 7.937422570422796 32.0 1.528042048448697 360.9730273931546 
101.49 30.39 1.0 -1.0 0.45787517546 59.66225804046267 0.5238077469231416 0.01520659744487199 3.924902246590534 16.0 -1.0 -1.0 -1.0 -1.0 
101.49 30.39 1.0 -1.0 231.58257699885056 28.795443835123702 0.8122523361259273 0.012441761545804354 3.4066329863514406 2.0 -1.0 -1.0 -1.0 -1.0 
101.49 30.39 1.0 -1.0 5.7088623902 81.87006496047553 0.012125743321886479 0.031795612839277794 2.2524684369522134 16.0 -1.0 -1.0 -1.0 -1.0 
101.49 30.39 1.0 -1.0 0.002612894343733594 78.91581541607015 0.13665123510300808 0.01520659744487199 6.939342390491179 1.0 -1.0 -1.0 -1.0 -1.0 
101.49 30.39 1.0 -1.0 0.15537693657949558 104.2816132283784 0.47061662687629635 0.031795612839277794 1.4947030353191602 16.0 -1.0 -1.0 -1.0 -1.0 
101.49 30.39 1.0 -1.0 0.654860719376 113.17831875290955 0.634278846953517 0.03732528463741307 3.703640999519374 8.0 -1.0 -1.0 -1.0 -1.0 
101.49 30.39 1.0 -1.0 409.95436264371 339.53495625872864 0.01627500580387476 0.009676925646736721 -0.018490283193436607 1.0 -1.0 -1.0 -1.0 -1.0 
101.49 30.39 1.0 -1.0 1.553393603867404 35.994304793904625 7.983442818922892 0.017971433343939622 188.6269933964552 32.0 188.69463821479818 32.0 1.5533866341381024 36.02646418614047 
101.49 30.39 1.0 -1.0 2.61730216935 0.0 4.413310428721067 0.026265941041142528 45.1364288822947 32.0 -1.0 -1.0 -1.0 -1.0 
101.49 30.39 1.0 -1.0 54.704771719716256 226.3566375058191 3.817316555416105 0.019353851293473442 4.889855886046086 2.0 -1.0 -1.0 -1.0 -1.0 
101.59 22.39 1.0 -1.0 1.594136028705 146.66839508378115 0.2356878711863255 0.02073626924300726 1.80014833057094 1.0 -1.0 -1.0 -1.0 -1.0 
101.59 22.39 1.0 -1.0 119.64873284502 0.0 0.2696764883605954 0.016589015394405805 1.679513784707718 1.0 -1.0 -1.0 -1.0 -1.0 
101.59 22.39 1.0 -1.0 23.957175372381 123.32133219330035 0.17841244401227932 0.013824179495338174 1.375821223502499 16.0 -1.0 -1.0 -1.0 -1.0 
101.59 22.39 1.0 -1.0 106.02790201610809 246.6426643866007 0.09255430833834606 0.016589015394405805 0.9103896516692862 4.0 -1.0 -1.0 -1.0 -1.0 
101.59 22.39 1.0 -1.0 9.83930672914 369.96399657990105 0.020641035137348444 0.008294507697202903 0.8819407669507932 4.0 -1.0 -1.0 -1.0 -1.0 
101.59 22.39 1.0 -1.0 1.064283 18.648050232650277 5.252572277723245 0.011059343596270537 179.56170644430998 32.0 179.59660380883187 32.0 1.0642907000146806 18.62041969171305 
101.59 22.39 1.0 -1.0 409.95436264371 238.2436417619745 8.769893096646312 0.05529671798135269 20.58711967160102 1.0 20.58711991475351 1.0 409.9546155581872 238.2199345341985 
101.59 22.39 1.0 -1.0 0.0018341944633042777 43.179116312505705 4.949592636869071 0.016589015394405805 2.994100090228711 2.0 -1.0 -1.0 -1.0 -1.0 
101.59 22.39 1.0 -1.0 3.12087740359 82.14022126286432 1.6342606812916758 0.05529671798135269 2.723907737402677 16.0 -1.0 -1.0 -1.0 -1.0 
101.59 22.39 1.0 -1.0 1.226589 111.44430019988619 1.7093196386209184 0.035942866687879244 15.316939562811877 16.0 15.31694010374617 16.0 1.2266051877910893 111.4189243509569 
101.69 16.57 1.0 -1.0 154.55235614459556 95.0416046387512 0.011099528494691153 0.005529671798135269 0.7409503877239003 2.0 -1.0 -1.0 -1.0 -1.0 
101.69 16.57 1.0 -1.0 25.39375298705266 258.0706014892623 0.0239959536172795 0.058061553880420315 1.0370762617634102 8.0 -1.0 -1.0 -1.0 -1.0 
101.69 16.57 1.0 -1.0 2.19539262108 34.09143531262486 0.36826175257976695 0.008294507697202903 9.369546584366852 32.0 9.369546575862701 32.0 2.1953989441196127 34.103703457104885 
101.69 16.57 1.0 -1.0 0.719945540243 0.0 0.13201158978803915 0.0566791359308865 1.3156121629364455 16.0 -1.0 -1.0 -1.0 -1.0 
101.69 16.57 1.0 -1.0 294.985251 130.30591043231496 0.04667312786258836 0.13409454110478025 1.1680522777614302 1.0 -1.0 -1.0 -1.0 -1.0 
101.69 16.57 1.0 -1.0 0.19236888 260.6118208646299 0.031787049998213315 0.03456044873834543 1.1307863204596973 32.0 -1.0 -1.0 -1.0 -1.0 
101.69 16.57 1.0 -1.0 0.399096 390.9177312969449 0.013712407512803643 0.02764835899067634 1.2910940345829487 4.0 -1.0 -1.0 -1.0 -1.0 
101.69 16.57 1.0 -1.0 0.537915 134.56733984639308 4.023096556926826 0.011059343596270537 79.28792782292604 32.0 79.46637183611224 32.0 0.5379054831185689 134.6944489655982 
101.69 16.57 1.0 -1.0 1.3475 41.79328480412383 4.124407198270379 0.02488352309160871 62.55128241619306 32.0 62.80507566410809 32.0 1.3475073501467705 41.895944306354366 
101.69 16.57 1.0 -1.0 1.126697 96.68362331206569 3.0244615299203415 0.031795612839277794 29.57364236460137 16.0 29.75493383483906 32.0 1.1267123530463627 96.34043231799362 
101.81 24.97 1.0 -1.0 476.48169224197807 27.524078466565694 0.03607079510807291 0.030413194889743977 1.1065448229132726 1.0 -1.0 -1.0 -1.0 -1.0 
101.81 24.97 1.0 -1.0 19.230769 144.42973466179654 0.3432049597686394 0.01520659744487199 3.102820445206545 4.0 -1.0 -1.0 -1.0 -1.0 
101.81 24.97 1.0 -1.0 0.15115125752518713 54.86896371394802 0.4401131616874806 0.02073626924300726 1.5889755504980423 16.0 -1.0 -1.0 -1.0 -1.0 
101.81 24.97 1.0 -1.0 0.4702988855112531 119.45019990763471 0.0627306442740827 0.02073626924300726 1.7783919890355677 1.0 -1.0 -1.0 -1.0 -1.0 
101.81 24.97 1.0 -1.0 4.99676888516 238.90039981526942 0.034966677291472716 0.01382417949533817 2.3285589765106818 2.0 -1.0 -1.0 -1.0 -1.0 
101.81 24.97 1.0 -1.0 1.09911524378 358.3505997229041 0.043497454889471696 0.027648358990676344 0.4895464822404158 1.0 -1.0 -1.0 -1.0 -1.0 
101.81 24.97 1.0 -1.0 0.3504635510786993 142.20773874392276 2.909687743270246 0.022118687192541075 34.24494539262388 32.0 34.409557607947235 32.0 0.3504586250831684 142.28429394863343 
101.81 24.97 1.0 -1.0 0.0026009143477348545 85.15261775593761 7.48147792333613 0.04285495643554833 10.320697908559662 8.0 7.231393752251534 8.0 0.005214436290164789 82.77990928163737 
101.81 24.97 1.0 -1.0 13.162177132154847 47.09197800138974 8.70350071629085 0.012441761545804354 227.14650427681045 32.0 227.17615171368493 32.0 13.16217700756776 47.05703889481831 
101.81 24.97 1.0 -1.0 1.200466 0.0 1.3580422808185832 0.013824179495338172 28.089112896848476 32.0 -1.0 -1.0 -1.0 -1.0 
101.86 30.39 1.0 -1.0 1.2373625970827 53.64585520941577 0.020147929523288116 0.09400442056829957 0.2541687658907208 1.0 -1.0 -1.0 -1.0 -1.0 
101.86 30.39 1.0 -1.0 0.842 160.83647419255118 0.08501448911019828 0.011059343596270537 2.3489444734625207 2.0 -1.0 -1.0 -1.0 -1.0 
101.86 30.39 1.0 -1.0 337.837838 23.891275969519963 0.04048188493154514 0.019353851293473442 1.3778586632872623 1.0 -1.0 -1.0 -1.0 -1.0 
101.86 30.39 1.0 -1.0 206.493931730035 73.62826233201851 0.015000910217817917 0.011059343596270537 1.0076662979406432 2.0 -1.0 -1.0 -1.0 -1.0 
101.86 30.39 1.0 -1.0 1.2061 0.0 0.8891906748226452 0.07741540517389377 0.5702840955199029 8.0 -1.0 -1.0 -1.0 -1.0 
101.86 30.39 1.0 -1.0 0.1626838860173928 112.31258505840627 0.10759774765112087 0.019353851293473442 0.8191566706166501 1.0 -1.0 -1.0 -1.0 -1.0 
101.86 30.39 1.0 -1.0 0.0012297332742206436 336.9377551752188 0.2256500029502639 0.016589015394405805 2.0362769362532473 1.0 -1.0 -1.0 -1.0 -1.0 
101.86 30.39 1.0 -1.0 0.5218245 207.23744317707727 4.30193026711385 0.06082638977948796 7.0261733924879595 8.0 9.616877306795898 16.0 0.5218074268971881 207.25336700341484 
101.86 30.39 1.0 -1.0 4.545455 54.96004387346553 5.205610229616491 0.02211868719254107 63.05877310874355 32.0 63.19362561202905 32.0 4.545442304030682 54.95047767717493 
101.86 30.39 1.0 -1.0 2.185717553667 224.62517011681254 3.540420978720794 0.011059343596270537 103.15564180734691 32.0 103.25635925820843 32.0 2.185697667300701 224.65941149784223 
101.93 22.39 1.0 -1.0 0.61523110201 52.58868797223268 0.6097875004346693 0.012441761545804354 9.222273445887245 16.0 9.253446255301625 16.0 0.6152428492593269 52.52172728260366 
101.93 22.39 1.0 -1.0 0.0648910608221188 109.80459290291599 0.3270027877808285 0.0815626590224952 0.7132557379862449 2.0 -1.0 -1.0 -1.0 -1.0 
101.93 22.39 1.0 -1.0 1.70718030852 51.30334992821861 0.027819187039232543 0.022118687192541075 -0.29105610055266057 8.0 -1.0 -1.0 -1.0 -1.0 
101.93 22.39 1.0 -1.0 3.43707814666 156.48072587268396 0.1765731612749341 0.022118687192541075 0.6115776992055623 1.0 -1.0 -1.0 -1.0 -1.0 
101.93 22.39 1.0 -1.0 26.957044087089127 64.70758953007959 0.0264875813916157 0.03041319488974398 1.5913459605080476 1.0 -1.0 -1.0 -1.0 -1.0 
101.93 22.39 1.0 -1.0 0.7225616 10.907011402062224 0.06064266490189425 0.01520659744487199 1.2024071166469659 1.0 -1.0 -1.0 -1.0 -1.0 
101.93 22.39 1.0 -1.0 164.06691364122477 122.40090573425384 0.014292740593793147 0.016589015394405805 -0.3392398382811812 2.0 -1.0 -1.0 -1.0 -1.0 
101.93 22.39 1.0 -1.0 61.08356416143403 367.2027172027615 0.5535722578609739 0.012441761545804354 2.3722522313285452 1.0 -1.0 -1.0 -1.0 -1.0 
101.93 22.39 1.0 -1.0 3.5852282245022074 0.0 2.1678718365393244 0.016589015394405805 31.78221115251617 32.0 -1.0 -1.0 -1.0 -1.0 
101.93 22.39 1.0 -1.0 3.63362703526 244.80181146850768 4.735518490918652 0.017971433343939622 83.21955159427401 32.0 83.21955144032603 32.0 3.633643549013262 244.79780018616236 
102.02 16.58 1.0 -1.0 4.97561445281 70.27126149641461 0.011481694855213498 0.07879782312342756 1.7935403123072682 4.0 -1.0 -1.0 -1.0 -1.0 
102.02 16.58 1.0 -1.0 5.916417643667473 73.29618334890928 0.0137788801110556 0.04976704618321741 3.0874769843072634 1.0 -1.0 -1.0 -1.0 -1.0 
102.02 16.58 1.0 -1.0 0.43212768588 33.85585611830572 0.07744420018433866 0.01520659744487199 0.47783886134741754 32.0 -1.0 -1.0 -1.0 -1.0 
102.02 16.58 1.0 -1.0 7.077745755301096 101.0634147128347 0.4549522283913505 0.03456044873834543 2.2270640457309967 8.0 -1.0 -1.0 -1.0 -1.0 
102.02 16.58 1.0 -1.0 241.545894 0.0 0.7701736550890855 0.01520659744487199 3.6974541079578334 1.0 -1.0 -1.0 -1.0 -1.0 
102.02 16.58 1.0 -1.0 184.614253 129.25723762006066 0.015167642778605774 0.03456044873834543 1.4985468780208095 1.0 -1.0 -1.0 -1.0 -1.0 
102.02 16.58 1.0 -1.0 0.025529235825387523 258.5144752401213 0.029379662646940502 0.01520659744487199 1.7957676253301071 16.0 -1.0 -1.0 -1.0 -1.0 
102.02 16.58 1.0 -1.0 61.48547652886 387.771712860182 0.6721756073696541 0.013824179495338172 7.39460238448938 1.0 7.3946024399282555 1.0 61.48572235057752 387.79047966654576 
102.02 16.58 1.0 -1.0 0.730453590795 59.06353822242796 2.0612535334981046 0.016589015394405805 37.98996907836951 32.0 38.167058296872135 32.0 0.7304455114838978 59.301988800781785 
102.02 16.58 1.0 -1.0 0.6118088461395 35.36831704455305 1.9064614273734573 0.006912089747669086 54.47153372911059 32.0 54.59694021088053 32.0 0.6118170858826488 35.21688072128338 
102.17 24.97 1.0 -1.0 1.890959 21.560933454042882 0.789568364074789 0.013824179495338172 13.02296082659469 32.0 13.211856891554232 32.0 1.8909607509461543 21.656357684927137 
102.17 24.97 1.0 -1.0 2.2551713364 26.968956366608094 0.20036883958375684 0.02211868719254108 1.2877152706210695 4.0 -1.0 -1.0 -1.0 -1.0 
102.17 24.97 1.0 -1.0 2.813501068854 190.52607037359675 0.06763679470849128 0.011059343596270537 1.3859698663718212 4.0 -1.0 -1.0 -1.0 -1.0 
102.17 24.97 1.0 -1.0 1.22896880609 0.0 0.08321316089074977 0.01520659744487199 1.8511563058916345 2.0 -1.0 -1.0 -1.0 -1.0 
102.17 24.97 1.0 -1.0 1.59661787292 17.327020779074065 1.3329457713905148 0.060826389779487955 4.489463675539663 16.0 -1.0 -1.0 -1.0 -1.0 
102.17 24.97 1.0 -1.0 0.5227298622019471 107.66235087777848 3.292696902934551 0.022118687192541075 31.55616511552133 32.0 31.74679026939748 32.0 0.522716921598961 107.67460082599285 
102.17 24.97 1.0 -1.0 0.8353120365798042 34.120355086513406 6.251433244568271 0.05529671798135268 31.00429415918722 16.0 31.120296250028705 16.0 0.8352799341082574 34.103703457104885 
102.17 24.97 1.0 -1.0 2.896368 118.58513399723586 4.29895932811283 0.035942866687879244 44.718826361182536 16.0 44.71882497169981 16.0 2.8963768272660673 118.60397760156357 
102.17 24.97 1.0 -1.0 0.316364 237.17026799447171 2.3601374365373644 0.022118687192541075 47.036234041964114 32.0 47.1200423239122 32.0 0.3163525737666836 237.00555933691288 
102.17 24.97 1.0 -1.0 0.31968840936224674 355.7554019917076 6.684709031242655 0.07879782312342758 12.774478646772547 8.0 13.63896478378411 16.0 0.3197177041632434 355.0023493398336 
102.23 30.39 1.0 -1.0 241.2147450264 21.45726656649468 0.39596770456822383 0.05391430003181887 0.8232824009401722 1.0 -1.0 -1.0 -1.0 -1.0 
102.23 30.39 1.0 -1.0 10.964912 47.031918137168525 0.179897655115413 0.009676925646736721 2.6008986971802335 32.0 -1.0 -1.0 -1.0 -1.0 
102.23 30.39 1.0 -1.0 1.114511482668 60.65611079327357 0.04693179302532015 0.016589015394405805 1.2117339582171804 1.0 -1.0 -1.0 -1.0 -1.0 
102.23 30.39 1.0 -1.0 385.6909919750328 33.34077613140203 0.8005534602682379 0.04700221028414978 1.9594283838089537 1.0 -1.0 -1.0 -1.0 -1.0 
102.23 30.39 1.0 -1.0 6.01270564706 9.43985830226443 0.09198062783746261 0.009676925646736721 1.8309503966717988 16.0 -1.0 -1.0 -1.0 -1.0 
102.23 30.39 1.0 -1.0 1.32626 223.14218242161238 0.11045981726559997 0.0483846282336836 2.0140971532290357 1.0 -1.0 -1.0 -1.0 -1.0 
102.23 30.39 1.0 -1.0 2.901497311343 72.9078417813189 4.039807173807646 0.02073626924300726 76.82155991583184 32.0 77.00280609233516 32.0 2.901500314086055 72.86251183713803 
102.23 30.39 1.0 -1.0 3.89216435552 0.0 2.7723259135371627 0.029030776940210157 30.64957328421447 16.0 -1.0 -1.0 -1.0 -1.0 
102.23 30.39 1.0 -1.0 0.700771 111.57109121080619 1.3817009029464065 0.015206597444871989 30.248851632045607 32.0 30.43869734840118 32.0 0.7007656677160412 111.52012228406403 
102.23 30.39 1.0 -1.0 2.0371997464197475 334.7132736324186 6.919648092188238 0.11474068981130682 17.888512822664516 8.0 18.45701845461494 16.0 2.037207498991241 334.6615647852993 
102.28 22.39 1.0 -1.0 1.70195680429 162.44415842154098 0.07262499384819728 0.024883523091608708 1.8699985971000095 8.0 -1.0 -1.0 -1.0 -1.0 
102.28 22.39 1.0 -1.0 2.5752495961127124 71.84119318396026 0.10132125723595094 0.01520659744487199 0.6774898850519583 16.0 -1.0 -1.0 -1.0 -1.0 
102.28 22.39 1.0 -1.0 107.031649219533 108.16252665475558 0.10083245936759408 0.027648358990676348 2.585188697905689 2.0 -1.0 -1.0 -1.0 -1.0 
102.28 22.39 1.0 -1.0 1.582779 49.87352609981826 0.2227074644610693 0.059443971829954124 1.361737920168534 1.0 -1.0 -1.0 -1.0 -1.0 
102.28 22.39 1.0 -1.0 6.52754385205 31.986089054521862 0.29522084210045635 0.07603298722435994 0.9425237942279607 1.0 -1.0 -1.0 -1.0 -1.0 
102.28 22.39 1.0 -1.0 337.5806768113 242.84654856200765 0.05256202242708838 0.06497364362808941 0.8335108579423849 1.0 -1.0 -1.0 -1.0 -1.0 
102.28 22.39 1.0 -1.0 0.80004893907 153.40936333552568 2.15741350665398 0.05391430003181887 8.410898006793966 16.0 8.62289024938864 16.0 0.800052172659586 153.112472791097 
102.28 22.39 1.0 -1.0 1.305483 0.0 2.9116985798791757 0.04147253848601451 12.23987592243214 16.0 -1.0 -1.0 -1.0 -1.0 
102.28 22.39 1.0 -1.0 1.45234525892 121.42327428100383 3.0328308201655876 0.012441761545804354 89.0810234004213 32.0 89.08102396494884 32.0 1.45234177277113 121.43751972856339 
102.28 22.39 1.0 -1.0 0.81852640077 364.26982284301147 4.885048579038806 0.019353851293473442 91.78154736374427 32.0 91.89582294507694 32.0 0.8185149151055764 364.21136125258306 
102.35 16.58 1.0 -1.0 0.8665928990309687 8.422724239572496 0.8965928258909794 0.024883523091608708 7.5573976082674115 32.0 7.9685484324577684 32.0 0.8665968683393052 8.70302224721371 
102.35 16.58 1.0 -1.0 1.348363959193 55.113076873549716 0.22148000949242302 0.019353851293473442 1.2554762803028865 1.0 -1.0 -1.0 -1.0 -1.0 
102.35 16.58 1.0 -1.0 0.22648634163526296 9.922661432921023 0.01624131023331397 0.011059343596270537 2.196905641120631 16.0 -1.0 -1.0 -1.0 -1.0 
102.35 16.58 1.0 -1.0 0.7479 36.38309192071042 0.33477458107057345 0.008294507697202903 7.383578419870245 32.0 8.162631719095106 32.0 0.747907809757938 36.1276621192476 
102.35 16.58 1.0 -1.0 0.3039296774992331 141.95559437562596 0.12788237140267286 0.016589015394405805 0.4815428418141864 1.0 -1.0 -1.0 -1.0 -1.0 
102.35 16.58 1.0 -1.0 0.45961580864590296 0.0 0.259263496730576 0.013824179495338172 1.8267937277893496 8.0 -1.0 -1.0 -1.0 -1.0 
102.35 16.58 1.0 -1.0 0.520833 128.18694013924718 0.025324469357735295 0.04423737438508215 2.171827410409424 2.0 -1.0 -1.0 -1.0 -1.0 
102.35 16.58 1.0 -1.0 0.49214049533 256.37388027849437 0.05746136488224568 0.0483846282336836 1.4275016550908382 1.0 -1.0 -1.0 -1.0 -1.0 
102.35 16.58 1.0 -1.0 1.394980657055 384.5608204177415 0.488842455453372 0.016589015394405805 6.500585918380978 32.0 6.723147848946423 32.0 1.3949829735793173 384.85573960643876 
102.35 16.58 1.0 -1.0 1.0553439136 68.72789139779019 1.7259320851395075 0.04285495643554833 9.1830790538238 32.0 9.312494129188151 32.0 1.055347335447247 68.51100071353117 
102.52 24.97 1.0 -1.0 0.001719903980759714 79.69073807662588 0.04558961100544261 0.017971433343939622 1.1649371374117266 1.0 -1.0 -1.0 -1.0 -1.0 
102.52 24.97 1.0 -1.0 1.6638978240971 59.812188879842374 0.324079130601291 0.016589015394405805 3.6531645795595744 32.0 -1.0 -1.0 -1.0 -1.0 
102.52 24.97 1.0 -1.0 1.8583077883036516 0.0 0.9849163340465651 0.03317803078881161 3.2965948298335506 8.0 -1.0 -1.0 -1.0 -1.0 
102.52 24.97 1.0 -1.0 5.67670908763837 235.36484715054857 0.030015648767853412 0.02350110514207489 2.9216850356752992 16.0 -1.0 -1.0 -1.0 -1.0 
102.52 24.97 1.0 -1.0 3.501401 75.24189758143099 8.745692016830853 0.027648358990676344 105.3334654739486 16.0 113.84210232184837 32.0 3.5014030193754784 75.19006429860217 
102.52 24.97 1.0 -1.0 0.052526462246706734 45.26518662571306 1.1901660584626905 0.02073626924300726 0.3212968691186119 32.0 -1.0 -1.0 -1.0 -1.0 
102.52 24.97 1.0 -1.0 42.68272131163817 78.278407760691 2.1044194797562454 0.02073626924300726 20.356781625184496 8.0 20.35678196978119 8.0 42.68270762016376 78.32720022492339 
102.52 24.97 1.0 -1.0 0.0015545211623595855 98.58065605225497 1.6858645646158539 0.016589015394405805 1.7294149421721738 2.0 -1.0 -1.0 -1.0 -1.0 
102.52 24.97 1.0 -1.0 31.084366209582015 117.68242357527429 2.1603964419195925 0.03317803078881161 12.154618361851151 8.0 12.154618395304292 8.0 31.08446738527467 117.69319620359934 
102.52 24.97 1.0 -1.0 18.57858377128551 353.04727072582284 4.130109785949339 0.07326815132529231 13.328066150580662 8.0 13.328065443578218 8.0 18.5785514380162 353.07958861079806 
102.63 22.39 1.0 -1.0 3.0153968411 59.32482868973451 0.1516764277860578 0.052531882082285056 0.26858507500517037 16.0 -1.0 -1.0 -1.0 -1.0 
102.63 22.39 1.0 -1.0 2.2985321905 104.66749617183976 0.09134737454235402 0.04423737438508215 0.9309739632516616 1.0 -1.0 -1.0 -1.0 -1.0 
102.63 22.39 1.0 -1.0 2.5592507223 168.00271218469274 0.022973973914223508 0.017971433343939622 1.2676687115445968 2.0 -1.0 -1.0 -1.0 -1.0 
102.63 22.39 1.0 -1.0 39.65695164277959 0.0 0.09319592853843814 0.029030776940210157 1.7459424082951605 8.0 -1.0 -1.0 -1.0 -1.0 
102.63 22.39 1.0 -1.0 2.813501068854 240.84001708024982 0.10693082321643356 0.01520659744487199 1.191314275609043 4.0 -1.0 -1.0 -1.0 -1.0 
102.63 22.39 1.0 -1.0 0.025179692387786105 361.26002562037473 0.01816460350596319 0.02073626924300726 0.8320343020714179 4.0 -1.0 -1.0 -1.0 -1.0 
102.63 22.39 1.0 -1.0 0.427033734907566 103.00553385775461 1.0969934144688585 0.2018330206319373 0.8919189228963957 2.0 -1.0 -1.0 -1.0 -1.0 
102.63 22.39 1.0 -1.0 0.956565374184 60.33645792439503 7.533342255189895 0.02350110514207489 118.53872351709163 32.0 118.82699073610593 32.0 0.9565458943446478 60.41516606496029 
102.63 22.39 1.0 -1.0 214.35478534113 62.540364471334 6.9483900292962435 0.011059343596270537 58.243331136949905 2.0 58.24333182671481 2.0 214.3545619522532 62.54032266021014 
102.63 22.39 1.0 -1.0 1.157564675162 120.42000854012491 1.9517718182388386 0.016589015394405805 39.40752962522553 32.0 39.493286296181154 32.0 1.157574539926524 120.42554039749201 
102.69 16.58 1.0 -1.0 0.004726937193863645 66.00483610124915 0.8507324120391959 0.01520659744487199 0.9507315780720765 2.0 -1.0 -1.0 -1.0 -1.0 
102.69 16.58 1.0 -1.0 1.240695 73.7543917568614 0.012100638333007925 0.03456044873834543 1.2156841645575924 2.0 -1.0 -1.0 -1.0 -1.0 
102.69 16.58 1.0 -1.0 0.1687760911319839 7.100578088393489 0.10678318007216424 0.0027648358990676344 1.532567428266138 1.0 -1.0 -1.0 -1.0 -1.0 
102.69 16.58 1.0 -1.0 0.006058330213665148 55.8502459318262 0.497358640182641 0.02350110514207489 1.3870806393463906 1.0 -1.0 -1.0 -1.0 -1.0 
102.69 16.58 1.0 -1.0 0.8088689253376612 0.0 0.13608597880788034 0.022118687192541075 0.9973867183206573 1.0 -1.0 -1.0 -1.0 -1.0 
102.69 16.58 1.0 -1.0 1.06477508236 127.23777832588978 0.039487500641135966 0.017971433343939622 0.7766900674115589 8.0 -1.0 -1.0 -1.0 -1.0 
102.69 16.58 1.0 -1.0 0.05156974191896231 85.70321402388915 6.934004168588271 0.019353851293473442 27.38745213953504 32.0 27.69237130588852 32.0 0.05156834959052504 85.71464934174433 
102.69 16.58 1.0 -1.0 0.727899551124 176.02562132033535 6.895787318111595 0.0566791359308865 25.04258646796013 8.0 29.66431213122078 16.0 0.7278989263189336 175.67961187398836 
102.69 16.58 1.0 -1.0 0.8786229054449949 254.47555665177956 1.4421681552054735 0.05391430003181887 3.876969574045356 16.0 -1.0 -1.0 -1.0 -1.0 
102.69 16.58 1.0 -1.0 1.836377892123 381.7133349776693 4.696422680374066 0.03732528463741307 39.263925957499815 16.0 39.419810691613414 16.0 1.8363910688397787 381.92099954633187 
102.87 24.97 1.0 -1.0 1.3165361029035614 30.266101420842574 0.7939441974233183 0.009676925646736721 22.82760257519665 32.0 22.9358781578211 32.0 1.3165238973063729 30.25818199903371 
102.87 24.97 1.0 -1.0 189.186767288861 60.9875955713969 0.011852429499647234 0.017971433343939622 0.4190988080704028 1.0 -1.0 -1.0 -1.0 -1.0 
102.87 24.97 1.0 -1.0 360.711889 40.144620634589806 0.15251702728458222 0.038707702586946884 2.553643962418365 1.0 -1.0 -1.0 -1.0 -1.0 
102.87 24.97 1.0 -1.0 0.922923422192 47.080602210199565 0.10678318007216425 0.022118687192541075 1.0418704868546194 1.0 -1.0 -1.0 -1.0 -1.0 
102.87 24.97 1.0 -1.0 2.151927137 53.38604000620843 0.04706166268762964 0.012441761545804354 0.5420225857922405 32.0 -1.0 -1.0 -1.0 -1.0 
102.87 24.97 1.0 -1.0 0.8176959072274 116.75568985609759 0.04851416789583005 0.05391430003181887 1.8918801919749022 2.0 -1.0 -1.0 -1.0 -1.0 
102.87 24.97 1.0 -1.0 47.10675 350.26706956829275 0.4858124572854596 0.023501105142074888 1.5613493959883105 1.0 -1.0 -1.0 -1.0 -1.0 
102.87 24.97 1.0 -1.0 1.76449573075 10.509062993348117 7.491822145372189 0.011059343596270537 211.5418920080608 32.0 211.60437680738193 32.0 1.7645106709096583 10.52458504314216 
102.87 24.97 1.0 -1.0 2.157619537033 0.0 9.917441330617637 0.013824179495338172 221.3199464601229 32.0 -1.0 -1.0 -1.0 -1.0 
102.87 24.97 1.0 -1.0 0.19461695455997877 233.51137971219518 9.07184809667342 0.019353851293473442 87.97195662325436 32.0 88.90465948824605 32.0 0.19460154968934756 233.26123581194886 
102.97 22.39 1.0 -1.0 0.18587573081901607 28.847098356735767 0.03458230090997768 0.008294507697202903 1.6480176842115337 4.0 -1.0 -1.0 -1.0 -1.0 
102.97 22.39 1.0 -1.0 1.339445927984 56.86896877540571 0.08448754276301366 0.015206597444871992 0.9456978740968017 1.0 -1.0 -1.0 -1.0 -1.0 
102.97 22.39 1.0 -1.0 3.5361396812042587 0.0 0.013740856411831391 0.006912089747669086 2.337115867145145 1.0 -1.0 -1.0 -1.0 -1.0 
102.97 22.39 1.0 -1.0 179.8609880287273 11.122637426104587 3.8918761903942034 0.011059343596270537 24.54632502269472 2.0 24.546326153813567 2.0 179.8607020949324 11.131772641784977 
102.97 22.39 1.0 -1.0 0.01539926526059492 69.82145945548234 4.922312895304947 0.006912089747669086 6.850366398935723 32.0 -1.0 -1.0 -1.0 -1.0 
102.97 22.39 1.0 -1.0 264.19215 149.11510046093764 2.667120296015812 0.02350110514207489 11.317203999067594 1.0 -1.0 -1.0 -1.0 -1.0 
102.97 22.39 1.0 -1.0 261.780105 247.5325019441792 8.548564430521743 0.02350110514207489 41.344850340012655 1.0 41.34485148074697 1.0 261.78022380918264 247.530144380055 
102.97 22.39 1.0 -1.0 419.46081729722 119.58629206840835 7.895683640747891 0.01520659744487199 40.06268789001281 1.0 40.0626884848366 1.0 419.4608967130383 119.61595693263494 
102.97 22.39 1.0 -1.0 9.990329951227002 239.1725841368167 8.466282763337096 0.04147253848601451 51.73825132932212 8.0 52.10130108608461 8.0 9.99037486811479 239.2319138652699 
102.97 22.39 1.0 -1.0 0.015613037217488858 358.7588762052251 5.452223588423101 0.02350110514207489 8.167556707584914 32.0 8.767891263276782 32.0 0.01561299238043527 355.0023493398336 
103.22 24.97 1.0 -1.0 250.0 50.29536869572307 0.4039807173807644 0.013824179495338172 1.3241785585112236 2.0 -1.0 -1.0 -1.0 -1.0 
103.22 24.97 1.0 -1.0 0.007553552646788808 105.59940481342687 0.019396741271167323 0.013824179495338172 1.025577827820558 2.0 -1.0 -1.0 -1.0 -1.0 
103.22 24.97 1.0 -1.0 390.56839326407 3.652153328527609 0.03589678100442135 0.01520659744487199 0.2176055409725848 1.0 -1.0 -1.0 -1.0 -1.0 
103.22 24.97 1.0 -1.0 0.3504635510786993 0.0 0.01127730225352492 0.01382417949533817 1.426180360737014 8.0 -1.0 -1.0 -1.0 -1.0 
103.22 24.97 1.0 -1.0 1.348363959193 231.85956274252422 0.4912121799615965 0.012441761545804356 10.086924434015831 32.0 10.08692440633175 32.0 1.3483562118684254 231.84446474844893 
103.22 24.97 1.0 -1.0 1.511147032661511 347.78934411378634 0.10237667493371767 0.026265941041142524 -0.47594656918085815 32.0 -1.0 -1.0 -1.0 -1.0 
103.22 24.97 1.0 -1.0 0.671635 2.8869402501694434 5.032342333122352 0.06359122567855559 6.397776865868182 16.0 8.253830759444828 32.0 0.6716315207692485 3.7443235249640376 
103.22 24.97 1.0 -1.0 2.2085533725 17.773812865501032 1.710500920878319 0.008294507697202903 67.31378271596486 32.0 67.3137823458521 32.0 2.208556300805261 17.81083622685596 
103.22 24.97 1.0 -1.0 0.00485908640531042 162.19039019927848 1.7632936050785848 0.006912089747669086 4.184304965725161 1.0 -1.0 -1.0 -1.0 -1.0 
103.22 24.97 1.0 -1.0 53.6952195462 115.92978137126211 9.521335527979698 0.031795612839277794 49.687126727276635 8.0 49.68712691854898 8.0 53.695233267111085 115.97283134077803 
103.32 22.39 1.0 -1.0 1.91358 75.48486735074097 0.5960429119114492 0.006912089747669086 19.18828457013733 32.0 19.536980240719295 32.0 1.9135768525302412 75.49365809792357 
103.32 22.39 1.0 -1.0 1.5882304862 50.62010217338505 0.013580422808185826 0.049767046183217416 1.0473829307433653 2.0 -1.0 -1.0 -1.0 -1.0 
103.32 22.39 1.0 -1.0 3.36141095625 118.30356039254873 0.012009030582047301 0.009676925646736721 2.1497222318419587 1.0 -1.0 -1.0 -1.0 -1.0 
103.32 22.39 1.0 -1.0 0.6131785651 26.182811468992266 0.03382617764258535 0.013824179495338172 0.5143219451727563 2.0 -1.0 -1.0 -1.0 -1.0 
103.32 22.39 1.0 -1.0 63.95615596714132 118.73103486551189 0.42959904408602123 0.029030776940210157 0.9425000917816789 1.0 -1.0 -1.0 -1.0 -1.0 
103.32 22.39 1.0 -1.0 0.855182765 237.46206973102377 0.518407728152382 0.053914300031818865 1.6701406313072682 8.0 -1.0 -1.0 -1.0 -1.0 
103.32 22.39 1.0 -1.0 0.043506126688812916 83.60688233704062 3.772746855181558 0.06773847952715704 0.7836911265000821 8.0 -1.0 -1.0 -1.0 -1.0 
103.32 22.39 1.0 -1.0 2.09803725694 70.49766516617102 6.382348256761567 0.027648358990676344 89.54834464154047 32.0 89.54834605869138 32.0 2.098022378049791 70.53495937567389 
103.32 22.39 1.0 -1.0 2.14149933124 0.0 5.894908218805172 0.013824179495338172 88.39216057671646 32.0 -1.0 -1.0 -1.0 -1.0 
103.32 22.39 1.0 -1.0 33.149974088526356 356.19310459653565 4.932525134287107 0.011059343596270537 35.39029266417674 2.0 35.39029301060497 2.0 33.150233017901584 356.21672453711926 
103.35 16.58 1.0 -1.0 0.16494225692538939 79.7001582901931 0.5956312810798627 0.08156265902249521 1.2852345043629028 2.0 -1.0 -1.0 -1.0 -1.0 
103.35 16.58 1.0 -1.0 82.34765957943779 83.75844074909968 0.13608597880788034 0.06497364362808941 1.2252871711961317 4.0 -1.0 -1.0 -1.0 -1.0 
103.35 16.58 1.0 -1.0 0.003897232382780364 129.7898853061419 0.03783186800653004 0.019353851293473442 1.069962977454478 2.0 -1.0 -1.0 -1.0 -1.0 
103.35 16.58 1.0 -1.0 230.978889 72.41028053993499 0.45715766581533707 0.052531882082285056 1.4320890027561999 1.0 -1.0 -1.0 -1.0 -1.0 
103.35 16.58 1.0 -1.0 104.166667 0.0 0.07011074443308606 0.0483846282336836 0.4265185438405126 1.0 -1.0 -1.0 -1.0 -1.0 
103.35 16.58 1.0 -1.0 6.964967814769 250.48621176917834 0.010294405236253783 0.11612310776084064 1.5642118978308226 1.0 -1.0 -1.0 -1.0 -1.0 
103.35 16.58 1.0 -1.0 31.661042452687738 375.7293176537675 0.2820622945323253 0.08709233082063048 2.389689271919433 8.0 -1.0 -1.0 -1.0 -1.0 
103.35 16.58 1.0 -1.0 0.173497343752 113.70706222825287 2.8598656705762258 0.13409454110478025 0.23047075765625052 8.0 -1.0 -1.0 -1.0 -1.0 
103.35 16.58 1.0 -1.0 0.006641541757876452 9.845092631791887 5.505212374559756 0.017971433343939622 1.7760463135646556 8.0 -1.0 -1.0 -1.0 -1.0 
103.35 16.58 1.0 -1.0 42.87932095398089 125.24310588458917 1.1285095808786585 0.031795612839277794 4.586136729592602 2.0 -1.0 -1.0 -1.0 -1.0 
281.66 12.76 1.0 -1.0 172.413793 7.355351708149208 0.14622327330595072 0.029030776940210157 2.0060085654515776 1.0 -1.0 -1.0 -1.0 -1.0 
281.66 12.76 1.0 -1.0 9.0363060726718 73.50666770755483 0.3793655635542592 0.08985716671969811 2.300337836405444 1.0 -1.0 -1.0 -1.0 -1.0 
281.66 12.76 1.0 -1.0 94.37951293046 76.27078076985293 0.3420214984281319 0.04147253848601452 1.3459465705734954 1.0 -1.0 -1.0 -1.0 -1.0 
281.66 12.76 1.0 -1.0 1.2866303199714193 85.68750493124142 0.5238077469231417 0.026265941041142528 2.5534196282754094 16.0 -1.0 -1.0 -1.0 -1.0 
281.66 12.76 1.0 -1.0 117.8372326493 312.29792666574923 0.02040003737485031 0.030413194889743984 1.6880003995663007 4.0 -1.0 -1.0 -1.0 -1.0 
281.66 12.76 1.0 -1.0 1.89585724668 468.4468899986238 0.012328467394420659 0.029030776940210157 1.529272029272421 2.0 -1.0 -1.0 -1.0 -1.0 
281.66 12.76 1.0 -1.0 0.0053760362056850895 75.5680401607941 2.383075017113359 0.18247916933846386 1.111658688544006 1.0 -1.0 -1.0 -1.0 -1.0 
281.66 12.76 1.0 -1.0 0.9535430745403 110.37712499617538 2.3797846217159146 0.012441761545804354 68.45883153684045 32.0 69.1587624969974 32.0 0.9535445618287971 110.3057470867784 
281.66 12.76 1.0 -1.0 0.51744 0.0 2.006458783970771 0.02350110514207489 4.942601745918245 32.0 -1.0 -1.0 -1.0 -1.0 
281.66 12.76 1.0 -1.0 0.17111903377682028 156.14896333287462 1.8027088572578762 0.026265941041142528 9.730825406659752 32.0 9.850806666351223 32.0 0.17113658638360602 154.73163972081116 
292.45 16.96 1.0 -1.0 48.233775392319 178.7424927538566 0.15930163089026392 0.04700221028414978 1.1882082817703297 4.0 -1.0 -1.0 -1.0 -1.0 
292.45 16.96 1.0 -1.0 3.57477758544 16.703111567761034 0.20612535334981044 0.011059343596270537 3.5072542491847685 8.0 -1.0 -1.0 -1.0 -1.0 
292.45 16.96 1.0 -1.0 307.2974449774 20.734897118599903 0.04738791128666746 0.026265941041142528 2.3644213864148376 1.0 -1.0 -1.0 -1.0 -1.0 
292.45 16.96 1.0 -1.0 2.29484628787 38.97392699144241 0.0100554205759454 0.016589015394405805 0.8788674482998541 1.0 -1.0 -1.0 -1.0 -1.0 
292.45 16.96 1.0 -1.0 4.44958315845593 0.0 0.8442919515616989 0.06773847952715704 1.8050023087035472 1.0 -1.0 -1.0 -1.0 -1.0 
292.45 16.96 1.0 -1.0 0.0030688438418572136 319.95098192728466 0.13477612364941793 0.004147253848601451 3.1814683943727537 1.0 -1.0 -1.0 -1.0 -1.0 
292.45 16.96 1.0 -1.0 5.191954610004 639.9019638545693 0.07373722146511155 0.022118687192541075 1.8201749794636564 1.0 -1.0 -1.0 -1.0 -1.0 
292.45 16.96 1.0 -1.0 1.085234618514 959.8529457818539 0.059357738711856865 0.019353851293473442 1.4207144883034326 16.0 -1.0 -1.0 -1.0 -1.0 
292.45 16.96 1.0 -1.0 0.014439721715634837 20.350917542329537 8.757784197147112 0.01520659744487199 5.297355402569416 32.0 -1.0 -1.0 -1.0 -1.0 
292.45 16.96 1.0 -1.0 172.70704460237 32.926248665184104 3.9161497090119206 0.009676925646736721 28.312869745537867 2.0 28.312870357690745 2.0 172.70698056866726 32.88932825981925 
