
209.49 39.68 8.0 -1.0 440.6742226209541 68.48039244974045 0.2480501271240973 0.016589015394405805 2.643711462050796 1.0 -1.0 -1.0 -1.0 -1.0 
209.49 39.68 8.0 -1.0 0.005278116739940156 65.42407028861723 0.017487360877020103 0.04147253848601452 1.3769332354157489 8.0 -1.0 -1.0 -1.0 -1.0 
209.49 39.68 8.0 -1.0 2.309020280644 52.9692967036987 0.032140357642158716 0.00967692564673672 0.9955225059434092 8.0 -1.0 -1.0 -1.0 -1.0 
209.49 39.68 8.0 -1.0 26.46604676972006 61.72101784083994 0.3214035764215871 0.022118687192541075 11.478119729740591 8.0 11.478120658078664 8.0 26.46605328967174 61.73073919535305 
209.49 39.68 8.0 -1.0 0.002245228282168751 0.0 0.3783186800653004 0.008294507697202903 5.243576304325652 1.0 -1.0 -1.0 -1.0 -1.0 
209.49 39.68 8.0 -1.0 1.903892 34.76696847448361 0.037364334011937 0.0483846282336836 0.9416287557674948 2.0 -1.0 -1.0 -1.0 -1.0 
209.49 39.68 8.0 -1.0 73.41018229354404 69.53393694896722 0.7760487235144514 0.03456044873834543 11.58355254557582 1.0 11.583552397727924 1.0 73.41053181638321 69.52298004460253 
209.49 39.68 8.0 -1.0 0.560796 26.24473227776801 1.9531206551487357 0.017971433343939622 199.60100860755844 32.0 200.33813251750627 32.0 0.5607944331131876 26.109066741641126 
209.49 39.68 8.0 -1.0 1.9546609131310237 25.61886425842537 1.8265272784775233 0.013824179495338172 204.8316750597403 32.0 205.24965396961733 32.0 1.9546556965603183 25.603077076105446 
209.49 39.68 8.0 -1.0 0.66930344771 104.30090542345083 6.268732211262005 0.05944397182995413 104.57572032423586 8.0 6.527353324719206 2.0 2.005738982309898 103.32308970238601 
209.77 39.29 8.0 -1.0 42.87932095398089 94.85989206518006 0.16998987021089468 0.02073626924300726 2.5290358117296012 2.0 -1.0 -1.0 -1.0 -1.0 
209.77 39.29 8.0 -1.0 2.771798 55.76174643831497 0.01233698739235722 0.10091651031596864 0.6097457545451096 8.0 -1.0 -1.0 -1.0 -1.0 
209.77 39.29 8.0 -1.0 9.551586249996 50.08354974869909 0.012560585988318855 0.012441761545804354 0.5858772980879788 32.0 -1.0 -1.0 -1.0 -1.0 
209.77 39.29 8.0 -1.0 118.39117415362412 0.0 0.3846435957016198 0.026265941041142528 5.11697958982873 4.0 -1.0 -1.0 -1.0 -1.0 
209.77 39.29 8.0 -1.0 2.4037115646957266 34.347422080743634 0.07585566129495852 0.017971433343939622 1.9775671148880039 1.0 -1.0 -1.0 -1.0 -1.0 
209.77 39.29 8.0 -1.0 1.989733 82.92640428555177 2.7079663559419815 0.022118687192541075 174.95218217488613 32.0 175.36473826606021 32.0 1.9897318755586944 82.98230514785165 
209.77 39.29 8.0 -1.0 2.505196756058 64.50060450146248 3.375614434310193 0.019353851293473442 372.8438986736221 32.0 373.04104601408085 32.0 2.505203156033531 64.46308338924572 
209.77 39.29 8.0 -1.0 1.12963680167 90.00611594755922 1.37788801110556 0.012441761545804354 162.9685091750891 32.0 163.0430338673664 32.0 1.1296227360920361 89.96496253224404 
209.77 39.29 8.0 -1.0 0.361768994995 68.69484416148727 1.6207684425645388 0.13962421290291552 3.5140887679261597 8.0 -1.0 -1.0 -1.0 -1.0 
209.77 39.29 8.0 -1.0 2.93399568493 103.04226624223091 5.347771190483215 0.017971433343939622 517.5029317563287 32.0 517.5636697189186 32.0 2.9339995914294077 103.0194959030646 
210.33 39.68 8.0 -1.0 6.02064 35.19543096258148 0.045873952083467215 0.008294507697202903 2.012233607883855 2.0 -1.0 -1.0 -1.0 -1.0 
210.33 39.68 8.0 -1.0 223.221059721 38.61850559201028 0.10531791439891101 0.07326815132529231 1.7382530870519608 2.0 -1.0 -1.0 -1.0 -1.0 
210.33 39.68 8.0 -1.0 2.683993826716843 54.05346028470738 0.06312189347811605 0.06635606157762322 1.3700377289764591 4.0 -1.0 -1.0 -1.0 -1.0 
210.33 39.68 8.0 -1.0 1.29679780121 29.645900881537838 0.14194340253526444 0.024883523091608708 2.980472256122916 16.0 -1.0 -1.0 -1.0 -1.0 
210.33 39.68 8.0 -1.0 0.014047014593541574 0.0 0.06010047269665363 0.02073626924300726 2.089211037966974 4.0 -1.0 -1.0 -1.0 -1.0 
210.33 39.68 8.0 -1.0 0.08992626475834413 69.14610751446159 0.18647776814776743 0.09123958466923193 1.578121967453583 2.0 -1.0 -1.0 -1.0 -1.0 
210.33 39.68 8.0 -1.0 1.4973217254693347 79.13526166034016 2.0755428942890566 0.019353851293473442 178.66212571635336 32.0 178.85146097218094 32.0 1.497331444018831 79.13678368978046 
210.33 39.68 8.0 -1.0 2.2826081287 88.80285425012087 3.32010726674951 0.012441761545804354 438.9963660240995 32.0 439.3953746894331 32.0 2.2826194860196365 88.7505873349584 
210.33 39.68 8.0 -1.0 0.440423 34.573053757230795 7.543758187143425 0.017971433343939622 642.1203157157767 32.0 643.9993213664266 32.0 0.44043796757857007 34.7108910557477 
210.33 39.68 8.0 -1.0 91.10848468729928 103.71916127169239 2.449846727094853 0.016589015394405805 69.8955711161722 2.0 69.89557180944523 2.0 91.10857111712298 103.62668350170742 
23.86 62.91 8.0 -1.0 1.09911524378 24.893729885462523 0.1533622854339414 0.01520659744487199 1.6072147968610588 2.0 -1.0 -1.0 -1.0 -1.0 
23.86 62.91 8.0 -1.0 12.608085313 221.73431758832206 0.7744420018433865 0.024883523091608704 20.50642391095049 16.0 20.64306131023207 16.0 12.608082518757632 221.72467143773534 
23.86 62.91 8.0 -1.0 0.047475613789974204 64.33574347022133 0.027286233694994055 0.06773847952715704 4.67728149675059 2.0 -1.0 -1.0 -1.0 -1.0 
23.86 62.91 8.0 -1.0 1.3899355261798 131.99680892885323 0.09944884875250298 0.016589015394405805 1.683486448431957 32.0 -1.0 -1.0 -1.0 -1.0 
23.86 62.91 8.0 -1.0 4.918355 0.0 0.3637106982091573 0.012441761545804354 18.553094919925332 32.0 -1.0 -1.0 -1.0 -1.0 
23.86 62.91 8.0 -1.0 461.3979177468945 153.9346970468397 0.014223789010228069 0.026265941041142528 2.3211638061355955 1.0 -1.0 -1.0 -1.0 -1.0 
23.86 62.91 8.0 -1.0 6.096446 461.80409114051906 0.01161733493855982 0.016589015394405805 1.3859842907373099 16.0 -1.0 -1.0 -1.0 -1.0 
23.86 62.91 8.0 -1.0 6.98 121.0047723560516 1.3403330336259605 0.04147253848601452 29.98353788723991 16.0 30.482247711339312 16.0 6.980008038226516 121.03272799613484 
23.86 62.91 8.0 -1.0 0.0019381837942647764 64.28955844260452 3.739015587920551 0.03732528463741307 12.376204453161115 4.0 -1.0 -1.0 -1.0 -1.0 
23.86 62.91 8.0 -1.0 0.011581385135898587 307.8693940936794 4.719189172528151 0.027648358990676348 7.520385764554622 16.0 -1.0 -1.0 -1.0 -1.0 
23.86 62.91 8.0 -1.0 1.09911524378 24.893729885462523 0.1533622854339414 0.01520659744487199 1.6072147968610588 2.0 -1.0 -1.0 -1.0 -1.0 
23.86 62.91 8.0 -1.0 12.608085313 221.73431758832206 0.7744420018433865 0.024883523091608704 20.50642391095049 16.0 20.64306131023207 16.0 12.608082518757632 221.72467143773534 
23.86 62.91 8.0 -1.0 0.047475613789974204 64.33574347022133 0.027286233694994055 0.06773847952715704 4.67728149675059 2.0 -1.0 -1.0 -1.0 -1.0 
23.86 62.91 8.0 -1.0 1.3899355261798 131.99680892885323 0.09944884875250298 0.016589015394405805 1.683486448431957 32.0 -1.0 -1.0 -1.0 -1.0 
23.86 62.91 8.0 -1.0 4.918355 0.0 0.3637106982091573 0.012441761545804354 18.553094919925332 32.0 -1.0 -1.0 -1.0 -1.0 
23.86 62.91 8.0 -1.0 461.3979177468945 153.9346970468397 0.014223789010228069 0.026265941041142528 2.3211638061355955 1.0 -1.0 -1.0 -1.0 -1.0 
23.86 62.91 8.0 -1.0 6.096446 461.80409114051906 0.01161733493855982 0.016589015394405805 1.3859842907373099 16.0 -1.0 -1.0 -1.0 -1.0 
23.86 62.91 8.0 -1.0 6.98 121.0047723560516 1.3403330336259605 0.04147253848601452 29.98353788723991 16.0 30.482247711339312 16.0 6.980008038226516 121.03272799613484 
23.86 62.91 8.0 -1.0 0.0019381837942647764 64.28955844260452 3.739015587920551 0.03732528463741307 12.376204453161115 4.0 -1.0 -1.0 -1.0 -1.0 
23.86 62.91 8.0 -1.0 0.011581385135898587 307.8693940936794 4.719189172528151 0.027648358990676348 7.520385764554622 16.0 -1.0 -1.0 -1.0 -1.0 
26.64 62.12 8.0 -1.0 1.5105891872725 135.46741303501804 0.640885842747449 0.0884747487701643 2.958934449732915 4.0 -1.0 -1.0 -1.0 -1.0 
26.64 62.12 8.0 -1.0 5.471800466365043 26.082134533264767 0.05166201213960514 0.015206597444871989 0.6597764815688497 1.0 -1.0 -1.0 -1.0 -1.0 
26.64 62.12 8.0 -1.0 0.06763119463005682 36.06254315568751 5.509016934897305 0.03456044873834543 12.346687686453098 32.0 -1.0 -1.0 -1.0 -1.0 
26.64 62.12 8.0 -1.0 0.2321160610787 13.795142584770991 1.2975117849886044 0.027648358990676344 7.8660630504523095 16.0 10.104816747862865 32.0 0.23210304789245131 14.77489823364188 
26.64 62.12 8.0 -1.0 3.08777735214 158.13402995083146 1.337558024704075 0.013824179495338174 82.12998661036413 32.0 82.12998910679596 32.0 3.0877648290091506 158.1723694464538 
26.64 62.12 8.0 -1.0 5.14255433375 7.762540039662134 1.5820489688171067 0.006912089747669086 206.0147852484186 32.0 206.05834761167512 32.0 5.142555892234668 7.792240849249484 
26.64 62.12 8.0 -1.0 12.173043099347511 0.0 1.2167700767580156 0.056679135930886505 14.875318676117411 8.0 -1.0 -1.0 -1.0 -1.0 
26.64 62.12 8.0 -1.0 9.095043 147.8431197268222 2.251828199773005 0.03041319488974398 78.05448804825956 32.0 78.44440787678909 32.0 9.09503796719946 147.8501802695259 
26.64 62.12 8.0 -1.0 0.21237375227076602 295.6862394536444 4.9770235643321135 0.03041319488974398 102.78302838141859 32.0 103.18754147275449 32.0 0.21236701286397877 295.29556880662335 
26.64 62.12 8.0 -1.0 3.31882067385 443.52935918046666 1.5084046126215596 0.017971433343939622 87.47863117822227 32.0 87.8502587021195 32.0 3.3188067997495336 443.4493428754707 
26.64 62.12 8.0 -1.0 1.5105891872725 135.46741303501804 0.640885842747449 0.0884747487701643 2.958934449732915 4.0 -1.0 -1.0 -1.0 -1.0 
26.64 62.12 8.0 -1.0 5.471800466365043 26.082134533264767 0.05166201213960514 0.015206597444871989 0.6597764815688497 1.0 -1.0 -1.0 -1.0 -1.0 
26.64 62.12 8.0 -1.0 0.06763119463005682 36.06254315568751 5.509016934897305 0.03456044873834543 12.346687686453098 32.0 -1.0 -1.0 -1.0 -1.0 
26.64 62.12 8.0 -1.0 0.2321160610787 13.795142584770991 1.2975117849886044 0.027648358990676344 7.8660630504523095 16.0 10.104816747862865 32.0 0.23210304789245131 14.77489823364188 
26.64 62.12 8.0 -1.0 3.08777735214 158.13402995083146 1.337558024704075 0.013824179495338174 82.12998661036413 32.0 82.12998910679596 32.0 3.0877648290091506 158.1723694464538 
26.64 62.12 8.0 -1.0 5.14255433375 7.762540039662134 1.5820489688171067 0.006912089747669086 206.0147852484186 32.0 206.05834761167512 32.0 5.142555892234668 7.792240849249484 
26.64 62.12 8.0 -1.0 12.173043099347511 0.0 1.2167700767580156 0.056679135930886505 14.875318676117411 8.0 -1.0 -1.0 -1.0 -1.0 
26.64 62.12 8.0 -1.0 9.095043 147.8431197268222 2.251828199773005 0.03041319488974398 78.05448804825956 32.0 78.44440787678909 32.0 9.09503796719946 147.8501802695259 
26.64 62.12 8.0 -1.0 0.21237375227076602 295.6862394536444 4.9770235643321135 0.03041319488974398 102.78302838141859 32.0 103.18754147275449 32.0 0.21236701286397877 295.29556880662335 
26.64 62.12 8.0 -1.0 3.31882067385 443.52935918046666 1.5084046126215596 0.017971433343939622 87.47863117822227 32.0 87.8502587021195 32.0 3.3188067997495336 443.4493428754707 
288.26 79.78 8.0 -1.0 2.233596324088 44.16795949111475 1.0160163342901278 0.05391430003181887 45.80565826359855 16.0 46.391799324523994 16.0 2.2335977215940757 44.223496767818496 
288.26 79.78 8.0 -1.0 2.233596324088 44.16795949111475 1.0160163342901278 0.05391430003181887 45.80565826359855 16.0 46.391799324523994 16.0 2.2335977215940757 44.223496767818496 
289.08 14.17 8.0 -1.0 6.280644351360491 146.5687787099043 0.213960218781229 0.016589015394405805 4.401827711176526 32.0 -1.0 -1.0 -1.0 -1.0 
289.08 14.17 8.0 -1.0 0.869118853459 138.44862476475726 0.12083930556546363 0.005529671798135269 1.124510668282042 32.0 -1.0 -1.0 -1.0 -1.0 
289.08 14.17 8.0 -1.0 3.57769 30.552079218615788 0.68625203982797 0.031795612839277794 6.276432557207854 16.0 -1.0 -1.0 -1.0 -1.0 
289.08 14.17 8.0 -1.0 17.341059575008597 63.641706545090024 0.05566401871967786 0.03041319488974398 1.5885362508718903 1.0 -1.0 -1.0 -1.0 -1.0 
289.08 14.17 8.0 -1.0 0.89398205209 68.20929313923524 0.023390359871954317 0.1354769590543141 2.5745305229150626 2.0 -1.0 -1.0 -1.0 -1.0 
289.08 14.17 8.0 -1.0 4.29203 0.0 0.5187659910761383 0.022118687192541075 2.7137565556654577 32.0 -1.0 -1.0 -1.0 -1.0 
289.08 14.17 8.0 -1.0 282.535701428469 338.30591373968906 0.029379662646940502 0.06082638977948796 0.17724293154809947 1.0 -1.0 -1.0 -1.0 -1.0 
289.08 14.17 8.0 -1.0 0.18086 676.6118274793781 0.010752343999733061 0.022118687192541075 3.737085547348239 2.0 -1.0 -1.0 -1.0 -1.0 
289.08 14.17 8.0 -1.0 502.368668 1014.9177412190672 0.08806320341568248 0.03732528463741307 0.35230137991212074 1.0 -1.0 -1.0 -1.0 -1.0 
289.08 14.17 8.0 -1.0 0.4500881198 71.66035856592273 3.8544160923830693 0.017971433343939622 121.98402460158121 32.0 122.04171191152264 32.0 0.4500786114173631 71.6481366398524 
289.08 14.17 8.0 -1.0 6.280644351360491 146.5687787099043 0.213960218781229 0.016589015394405805 4.401827711176526 32.0 -1.0 -1.0 -1.0 -1.0 
289.08 14.17 8.0 -1.0 0.869118853459 138.44862476475726 0.12083930556546363 0.005529671798135269 1.124510668282042 32.0 -1.0 -1.0 -1.0 -1.0 
289.08 14.17 8.0 -1.0 3.57769 30.552079218615788 0.68625203982797 0.031795612839277794 6.276432557207854 16.0 -1.0 -1.0 -1.0 -1.0 
289.08 14.17 8.0 -1.0 17.341059575008597 63.641706545090024 0.05566401871967786 0.03041319488974398 1.5885362508718903 1.0 -1.0 -1.0 -1.0 -1.0 
289.08 14.17 8.0 -1.0 0.89398205209 68.20929313923524 0.023390359871954317 0.1354769590543141 2.5745305229150626 2.0 -1.0 -1.0 -1.0 -1.0 
289.08 14.17 8.0 -1.0 4.29203 0.0 0.5187659910761383 0.022118687192541075 2.7137565556654577 32.0 -1.0 -1.0 -1.0 -1.0 
289.08 14.17 8.0 -1.0 282.535701428469 338.30591373968906 0.029379662646940502 0.06082638977948796 0.17724293154809947 1.0 -1.0 -1.0 -1.0 -1.0 
289.08 14.17 8.0 -1.0 0.18086 676.6118274793781 0.010752343999733061 0.022118687192541075 3.737085547348239 2.0 -1.0 -1.0 -1.0 -1.0 
289.08 14.17 8.0 -1.0 502.368668 1014.9177412190672 0.08806320341568248 0.03732528463741307 0.35230137991212074 1.0 -1.0 -1.0 -1.0 -1.0 
289.08 14.17 8.0 -1.0 0.4500881198 71.66035856592273 3.8544160923830693 0.017971433343939622 121.98402460158121 32.0 122.04171191152264 32.0 0.4500786114173631 71.6481366398524 
292.61 22.32 8.0 -1.0 0.38597095267029763 84.92391168160871 0.07287629054436684 0.03456044873834543 2.245198749793986 8.0 -1.0 -1.0 -1.0 -1.0 
292.61 22.32 8.0 -1.0 0.04023665309706167 41.91595640862784 0.1428286994089434 0.026265941041142528 2.6510772793377795 1.0 -1.0 -1.0 -1.0 -1.0 
292.61 22.32 8.0 -1.0 0.946213113 120.28787490411838 0.03632085100703891 0.10091651031596865 1.159029806946766 1.0 -1.0 -1.0 -1.0 -1.0 
292.61 22.32 8.0 -1.0 0.628824 90.97190539187164 0.13674567248957512 0.02903077694021016 0.6525753669960734 4.0 -1.0 -1.0 -1.0 -1.0 
292.61 22.32 8.0 -1.0 2.52937356474 50.14794784759684 0.035896781004421355 0.02350110514207489 2.198719826675951 1.0 -1.0 -1.0 -1.0 -1.0 
292.61 22.32 8.0 -1.0 9.90001 76.27192067942701 0.11246181818083695 0.022118687192541075 1.1320830651000466 2.0 -1.0 -1.0 -1.0 -1.0 
292.61 22.32 8.0 -1.0 4.6802937243777585 279.9717088375884 0.7863023234283906 0.011059343596270537 38.46450862738739 32.0 39.46436735886439 32.0 4.680290051813548 280.0146809074457 
292.61 22.32 8.0 -1.0 1.93009288569 839.9151265127651 0.02305346836147395 0.03456044873834543 1.8216866160959324 8.0 -1.0 -1.0 -1.0 -1.0 
292.61 22.32 8.0 -1.0 0.742167900236 0.0 3.7132738203638316 0.03732528463741307 47.595406170415366 16.0 -1.0 -1.0 -1.0 -1.0 
292.61 22.32 8.0 -1.0 0.61523110201 559.9434176751768 2.065529981203609 0.022118687192541075 91.16360580746314 32.0 91.34613466026487 32.0 0.6152428492593269 559.8269659486773 
292.95 22.32 8.0 -1.0 0.02203800457605804 56.04894521939037 0.06334030758662766 0.009676925646736721 0.8299119915406701 2.0 -1.0 -1.0 -1.0 -1.0 
292.95 22.32 8.0 -1.0 0.837963 63.171655353170685 0.4048188493154514 0.03317803078881161 2.81367837011484 16.0 -1.0 -1.0 -1.0 -1.0 
292.95 22.32 8.0 -1.0 8.703739461767679 96.66535181559004 0.29726742058157246 0.035942866687879244 3.9999223717738674 16.0 -1.0 -1.0 -1.0 -1.0 
292.95 22.32 8.0 -1.0 6.129329 22.38566042045243 0.16084984326885898 0.011059343596270537 6.042844371298198 32.0 -1.0 -1.0 -1.0 -1.0 
292.95 22.32 8.0 -1.0 1.86626740089 18.48512868052511 0.06848312320992868 0.05529671798135269 0.6630652705340832 2.0 -1.0 -1.0 -1.0 -1.0 
292.95 22.32 8.0 -1.0 24.477130550848678 0.0 0.042664141032509824 0.07879782312342758 3.61819205602277 2.0 -1.0 -1.0 -1.0 -1.0 
292.95 22.32 8.0 -1.0 1.3093429439 282.61896280821196 0.10879367828068814 0.05114946413275123 1.9158097868982567 16.0 -1.0 -1.0 -1.0 -1.0 
292.95 22.32 8.0 -1.0 0.828074420138 154.49497456842548 5.931674589932816 0.10921101801317155 25.470973185349255 8.0 25.55682915643083 8.0 0.8281252424543103 154.32684798838264 
292.95 22.32 8.0 -1.0 9.943798 565.2379256164239 1.44117218517521 0.02350110514207489 40.956689432518466 8.0 41.084682857611625 8.0 9.943808739384016 565.2916543364626 
292.95 22.32 8.0 -1.0 2.44290034442 847.8568884246358 4.5275743052258735 0.06497364362808941 62.642386949489776 8.0 62.69944918200367 8.0 2.4429027689620852 847.8362835715867 
292.95 22.32 8.0 -1.0 0.02203800457605804 56.04894521939037 0.06334030758662766 0.009676925646736721 0.8299119915406701 2.0 -1.0 -1.0 -1.0 -1.0 
292.95 22.32 8.0 -1.0 0.837963 63.171655353170685 0.4048188493154514 0.03317803078881161 2.81367837011484 16.0 -1.0 -1.0 -1.0 -1.0 
292.95 22.32 8.0 -1.0 8.703739461767679 96.66535181559004 0.29726742058157246 0.035942866687879244 3.9999223717738674 16.0 -1.0 -1.0 -1.0 -1.0 
292.95 22.32 8.0 -1.0 6.129329 22.38566042045243 0.16084984326885898 0.011059343596270537 6.042844371298198 32.0 -1.0 -1.0 -1.0 -1.0 
292.95 22.32 8.0 -1.0 1.86626740089 18.48512868052511 0.06848312320992868 0.05529671798135269 0.6630652705340832 2.0 -1.0 -1.0 -1.0 -1.0 
292.95 22.32 8.0 -1.0 24.477130550848678 0.0 0.042664141032509824 0.07879782312342758 3.61819205602277 2.0 -1.0 -1.0 -1.0 -1.0 
292.95 22.32 8.0 -1.0 1.3093429439 282.61896280821196 0.10879367828068814 0.05114946413275123 1.9158097868982567 16.0 -1.0 -1.0 -1.0 -1.0 
292.95 22.32 8.0 -1.0 0.828074420138 154.49497456842548 5.931674589932816 0.10921101801317155 25.470973185349255 8.0 25.55682915643083 8.0 0.8281252424543103 154.32684798838264 
292.95 22.32 8.0 -1.0 9.943798 565.2379256164239 1.44117218517521 0.02350110514207489 40.956689432518466 8.0 41.084682857611625 8.0 9.943808739384016 565.2916543364626 
292.95 22.32 8.0 -1.0 2.44290034442 847.8568884246358 4.5275743052258735 0.06497364362808941 62.642386949489776 8.0 62.69944918200367 8.0 2.4429027689620852 847.8362835715867 
297.69 38.74 8.0 -1.0 24.0890080713045 72.10900836126478 0.12708971653659945 0.024883523091608708 3.4310078714186005 2.0 -1.0 -1.0 -1.0 -1.0 
297.69 38.74 8.0 -1.0 3.370181 52.668280534072174 0.618271343828885 0.024883523091608708 18.39828660502375 32.0 18.536265630339198 16.0 3.3702235668897633 52.72412314881794 
297.69 38.74 8.0 -1.0 19.18594491719735 106.38035853537616 0.10730082479810867 0.02211868719254108 1.7912066350074096 16.0 -1.0 -1.0 -1.0 -1.0 
297.69 38.74 8.0 -1.0 112.410451 434.87211978545633 0.09560884017047858 0.029030776940210157 1.3514695638269978 1.0 -1.0 -1.0 -1.0 -1.0 
297.69 38.74 8.0 -1.0 21.521778197384467 109.77270030387957 2.28947535848214 0.02211868719254107 70.74627196305129 16.0 70.74627162297865 16.0 21.52173692593351 109.79975742124273 
297.69 38.74 8.0 -1.0 230.414747 131.95339648255572 9.63381672181643 0.04147253848601452 112.48542800507836 1.0 112.48542633409012 1.0 230.41502572596076 131.96210477170553 
297.69 38.74 8.0 -1.0 0.200979268178206 16.87472572024773 3.0601912910025972 0.07188573337575849 1.5167573699774395 16.0 -1.0 -1.0 -1.0 -1.0 
297.69 38.74 8.0 -1.0 1.2580475 0.0 1.4693210878159408 0.12580003340757737 1.5572513964618306 8.0 -1.0 -1.0 -1.0 -1.0 
297.69 38.74 8.0 -1.0 92.79872660216681 144.9573732618188 5.894908218805171 0.012441761545804354 165.57657824781157 4.0 165.5765787013948 4.0 92.79877607089779 144.91544020941896 
297.69 38.74 8.0 -1.0 0.01612345029807225 289.9147465236376 1.7989765511541298 0.01520659744487199 4.718543956783745 32.0 -1.0 -1.0 -1.0 -1.0 
297.69 38.74 8.0 -1.0 24.0890080713045 72.10900836126478 0.12708971653659945 0.024883523091608708 3.4310078714186005 2.0 -1.0 -1.0 -1.0 -1.0 
297.69 38.74 8.0 -1.0 3.370181 52.668280534072174 0.618271343828885 0.024883523091608708 18.39828660502375 32.0 18.536265630339198 16.0 3.3702235668897633 52.72412314881794 
297.69 38.74 8.0 -1.0 19.18594491719735 106.38035853537616 0.10730082479810865 0.02211868719254108 1.7912066350074096 16.0 -1.0 -1.0 -1.0 -1.0 
297.69 38.74 8.0 -1.0 112.410451 434.87211978545633 0.09560884017047858 0.029030776940210157 1.3514695638269978 1.0 -1.0 -1.0 -1.0 -1.0 
297.69 38.74 8.0 -1.0 21.521778197384464 109.77270030387957 2.28947535848214 0.022118687192541075 70.74627196314422 16.0 70.74627162297865 16.0 21.52173692593351 109.79975742124273 
297.69 38.74 8.0 -1.0 230.414747 131.95339648255572 9.633816721816428 0.04147253848601452 112.48542800507836 1.0 112.48542633409012 1.0 230.41502572596076 131.96210477170553 
297.69 38.74 8.0 -1.0 0.200979268178206 16.87472572024773 3.0601912910025972 0.07188573337575849 1.5167573699774395 16.0 -1.0 -1.0 -1.0 -1.0 
297.69 38.74 8.0 -1.0 1.2580475 0.0 1.4693210878159408 0.12580003340757737 1.5572513964618306 8.0 -1.0 -1.0 -1.0 -1.0 
297.69 38.74 8.0 -1.0 92.79872660216681 144.9573732618188 5.894908218805172 0.012441761545804354 165.57657824781157 4.0 165.5765787013948 4.0 92.79877607089779 144.91544020941896 
297.69 38.74 8.0 -1.0 0.016123450298072245 289.9147465236376 1.7989765511541298 0.01520659744487199 4.718543956783745 32.0 -1.0 -1.0 -1.0 -1.0 
298.24 79.31 8.0 -1.0 0.9946930319708154 145.44213938999107 1.0597477916820932 0.029030776940210157 56.922861436555394 16.0 60.08334924261849 32.0 0.9946991970840221 145.21903400874038 
298.24 79.31 8.0 -1.0 2.44468374341 113.56651062125809 8.625684705825071 0.011059343596270537 1216.881220368617 32.0 1216.887800935276 32.0 2.4446914418755723 113.54408094620675 
298.24 79.31 8.0 -1.0 0.9946930319708154 145.44213938999107 1.0597477916820932 0.029030776940210157 56.922861436555394 16.0 60.08334924261849 32.0 0.9946991970840221 145.21903400874038 
298.24 79.31 8.0 -1.0 2.44468374341 113.56651062125809 8.625684705825073 0.011059343596270537 1216.8812203686175 32.0 1216.887800935276 32.0 2.4446914418755723 113.54408094620675 
298.51 38.74 8.0 -1.0 2.1507181757 93.04835749136107 0.28697613656589205 0.0884747487701643 2.6105758934606995 8.0 -1.0 -1.0 -1.0 -1.0 
298.51 38.74 8.0 -1.0 0.22752955379214254 37.942048685797715 0.11754577418803308 0.012441761545804354 1.4677897719136266 4.0 -1.0 -1.0 -1.0 -1.0 
298.51 38.74 8.0 -1.0 193.7156834116254 0.0 0.04254640661191802 0.012441761545804352 1.9094436669305772 2.0 -1.0 -1.0 -1.0 -1.0 
298.51 38.74 8.0 -1.0 0.004683690999171267 316.94448187910723 0.051306337904839586 0.012441761545804354 3.6410575600339508 1.0 -1.0 -1.0 -1.0 -1.0 
298.51 38.74 8.0 -1.0 172.70704460237 475.41672281866084 0.16592888398725764 0.04700221028414978 0.1971256415081153 1.0 -1.0 -1.0 -1.0 -1.0 
298.51 38.74 8.0 -1.0 276.35575461663 76.73993305623749 6.462209569809847 0.023501105142074888 95.19064071915342 1.0 95.19063908095082 1.0 276.3554221019149 76.7080332952092 
298.51 38.74 8.0 -1.0 2.65684439046 58.29191940950877 3.3018084541305774 0.02211868719254108 177.45272377693018 32.0 178.0508385222043 32.0 2.656846239309137 58.29000946971043 
298.51 38.74 8.0 -1.0 233.2571878284 43.88535205136753 3.7597374276556876 0.1769494975403286 33.00858263140969 1.0 33.00858292494175 1.0 233.25749983390173 43.91990296849709 
298.51 38.74 8.0 -1.0 0.083991 120.91056366915238 6.972432819051365 0.17556707959079476 2.4664119450576933 1.0 -1.0 -1.0 -1.0 -1.0 
298.51 38.74 8.0 -1.0 0.8158057495 158.47224093955361 9.7678499584738 0.06635606157762322 100.47530846898059 8.0 105.1015523445675 16.0 0.8158167474903167 158.57716117888236 
298.51 38.74 8.0 -1.0 2.1507181757 93.04835749136107 0.28697613656589205 0.0884747487701643 2.6105758934606995 8.0 -1.0 -1.0 -1.0 -1.0 
298.51 38.74 8.0 -1.0 0.22752955379214254 37.942048685797715 0.11754577418803308 0.012441761545804354 1.4677897719136266 4.0 -1.0 -1.0 -1.0 -1.0 
298.51 38.74 8.0 -1.0 193.7156834116254 0.0 0.04254640661191802 0.012441761545804352 1.9094436669305772 2.0 -1.0 -1.0 -1.0 -1.0 
298.51 38.74 8.0 -1.0 0.004683690999171267 316.94448187910723 0.051306337904839586 0.012441761545804354 3.6410575600339508 1.0 -1.0 -1.0 -1.0 -1.0 
298.51 38.74 8.0 -1.0 172.70704460237 475.41672281866084 0.16592888398725764 0.04700221028414978 0.1971256415081153 1.0 -1.0 -1.0 -1.0 -1.0 
298.51 38.74 8.0 -1.0 276.35575461663 76.73993305623749 6.462209569809847 0.023501105142074888 95.19064071915342 1.0 95.19063908095082 1.0 276.3554221019149 76.7080332952092 
298.51 38.74 8.0 -1.0 2.65684439046 58.29191940950877 3.3018084541305774 0.02211868719254108 177.45272377693018 32.0 178.0508385222043 32.0 2.656846239309137 58.29000946971043 
298.51 38.74 8.0 -1.0 233.2571878284 43.88535205136753 3.7597374276556876 0.1769494975403286 33.00858263140969 1.0 33.00858292494175 1.0 233.25749983390173 43.91990296849709 
298.51 38.74 8.0 -1.0 0.083991 120.91056366915238 6.972432819051365 0.17556707959079476 2.4664119450576933 1.0 -1.0 -1.0 -1.0 -1.0 
298.51 38.74 8.0 -1.0 0.8158057495 158.47224093955361 9.7678499584738 0.06635606157762322 100.47530846898059 8.0 105.1015523445675 16.0 0.8158167474903167 158.57716117888236 
299.52 22.31 8.0 -1.0 1.95270271662 214.04775641013683 0.013665123510300801 0.022118687192541075 0.5725017223059802 1.0 -1.0 -1.0 -1.0 -1.0 
299.52 22.31 8.0 -1.0 13.46811210517598 53.80937787470595 0.09191710546085191 0.031795612839277794 1.3528146593436576 4.0 -1.0 -1.0 -1.0 -1.0 
299.52 22.31 8.0 -1.0 0.257347 55.269531847185405 0.018725233532412358 0.09123958466923193 1.4433678180108322 16.0 -1.0 -1.0 -1.0 -1.0 
299.52 22.31 8.0 -1.0 4.0906257652 186.7915489238536 0.24413990085839093 0.02350110514207489 4.770641592902937 16.0 -1.0 -1.0 -1.0 -1.0 
299.52 22.31 8.0 -1.0 1.09911524378 45.697411360931184 0.02132224274407285 0.02073626924300726 0.9189698370051658 4.0 -1.0 -1.0 -1.0 -1.0 
299.52 22.31 8.0 -1.0 0.24828928805603276 0.0 0.7627605773872714 0.027648358990676344 2.0013664273039127 32.0 -1.0 -1.0 -1.0 -1.0 
299.52 22.31 8.0 -1.0 0.887461 180.2478959360753 0.19926450422479558 0.016589015394405805 6.705966420425387 32.0 6.940421511121378 32.0 0.8874546134999644 180.23351886380948 
299.52 22.31 8.0 -1.0 6.85475255154 360.4957918721506 0.019789264031317387 0.04009012053648069 2.2992737905153207 8.0 -1.0 -1.0 -1.0 -1.0 
299.52 22.31 8.0 -1.0 0.6214963159 48.29324064533911 1.396093456155592 0.10644618211410392 3.1131783550366627 4.0 -1.0 -1.0 -1.0 -1.0 
299.52 22.31 8.0 -1.0 0.266269 540.7436878082259 1.3246837573199617 0.027648358990676344 29.331327053461578 32.0 29.427518043321484 32.0 0.2662697321890543 540.7005565914285 
301.04 39.13 8.0 -1.0 2.0360728738 32.999470578029644 0.07307795382278148 0.016589015394405805 2.312301526802746 1.0 -1.0 -1.0 -1.0 -1.0 
301.04 39.13 8.0 -1.0 0.0022043335512826594 175.73285533327802 0.3005714973044299 0.035942866687879244 4.724587698027201 2.0 -1.0 -1.0 -1.0 -1.0 
301.04 39.13 8.0 -1.0 1.001001 34.03642251855923 0.05789969388540935 0.04700221028414978 -0.04292457078898106 16.0 -1.0 -1.0 -1.0 -1.0 
301.04 39.13 8.0 -1.0 96.27386412606894 95.64356722061088 0.010237667493371768 0.027648358990676344 1.266451662920411 4.0 -1.0 -1.0 -1.0 -1.0 
301.04 39.13 8.0 -1.0 1.05155 99.79137498272921 0.07197567037875806 0.03041319488974398 0.6064729846760074 32.0 -1.0 -1.0 -1.0 -1.0 
301.04 39.13 8.0 -1.0 1.830721 79.47931638294386 0.6216978392254384 0.11474068981130683 2.399867348640848 4.0 -1.0 -1.0 -1.0 -1.0 
301.04 39.13 8.0 -1.0 2.31107 0.0 0.04428581346777544 0.04285495643554833 0.2804804440647093 1.0 -1.0 -1.0 -1.0 -1.0 
301.04 39.13 8.0 -1.0 375.2016208875134 203.30357751677045 0.10055420575945401 0.03041319488974398 0.7231070649505278 1.0 -1.0 -1.0 -1.0 -1.0 
301.04 39.13 8.0 -1.0 1.4352133702 406.6071550335409 2.3913209231960004 0.011059343596270537 130.57962343131044 32.0 130.60749362786558 32.0 1.43521295588774 406.61329522447306 
301.04 39.13 8.0 -1.0 0.453167 609.9107325503113 7.7070590924057285 0.06497364362808941 67.10067980110995 8.0 70.77870923672967 16.0 0.45317089340339106 609.7175469704953 
301.19 39.52 8.0 -1.0 0.904028 52.87310773028676 0.022025931965714878 0.024883523091608708 1.7891686585857929 32.0 -1.0 -1.0 -1.0 -1.0 
301.19 39.52 8.0 -1.0 0.0027993604566431823 33.399887893476475 0.03313233357761438 0.02350110514207489 2.0914571329934994 1.0 -1.0 -1.0 -1.0 -1.0 
301.19 39.52 8.0 -1.0 10.725011 0.0 0.014836010489410991 0.027648358990676344 1.9775235828337534 8.0 -1.0 -1.0 -1.0 -1.0 
301.19 39.52 8.0 -1.0 253.4366 401.8838496352241 0.18126995735709858 0.01520659744487199 1.8827386002081012 1.0 -1.0 -1.0 -1.0 -1.0 
301.19 39.52 8.0 -1.0 0.537915 602.8257744528362 0.04225349001833228 0.14930113854965227 2.239527624293924 2.0 -1.0 -1.0 -1.0 -1.0 
301.19 39.52 8.0 -1.0 0.842 50.039543233908795 1.5262242925517453 0.013824179495338174 77.37802573604638 32.0 77.83726766488348 32.0 0.8420101949013771 50.092976888032396 
301.19 39.52 8.0 -1.0 4.4146421450799 112.31767354791818 6.144391049998397 0.016589015394405805 330.5470329663549 32.0 330.5960513194812 32.0 4.414626649425676 112.32970574892111 
301.19 39.52 8.0 -1.0 13.815971 42.021158595222204 5.604990198616275 0.026265941041142528 225.4003835099678 32.0 225.56608603742552 32.0 13.815982432182258 41.997142239461496 
301.19 39.52 8.0 -1.0 0.472774981134 56.8521557464771 2.120472493719455 0.07603298722435994 7.3630311727430335 8.0 7.808111659086537 16.0 0.47275534598156815 59.20079086767465 
301.19 39.52 8.0 -1.0 0.4192557152705343 200.94192481761206 1.12461818180837 0.10921101801317157 2.373343104590067 8.0 -1.0 -1.0 -1.0 -1.0 
301.19 39.52 8.0 -1.0 0.904028 52.87310773028676 0.022025931965714878 0.024883523091608708 1.7891686585857929 32.0 -1.0 -1.0 -1.0 -1.0 
301.19 39.52 8.0 -1.0 0.0027993604566431823 33.399887893476475 0.03313233357761438 0.02350110514207489 2.0914571329934994 1.0 -1.0 -1.0 -1.0 -1.0 
301.19 39.52 8.0 -1.0 10.725011 0.0 0.014836010489410991 0.027648358990676344 1.9775235828337534 8.0 -1.0 -1.0 -1.0 -1.0 
301.19 39.52 8.0 -1.0 253.4366 401.8838496352241 0.18126995735709858 0.01520659744487199 1.8827386002081012 1.0 -1.0 -1.0 -1.0 -1.0 
301.19 39.52 8.0 -1.0 0.537915 602.8257744528362 0.04225349001833228 0.14930113854965227 2.239527624293924 2.0 -1.0 -1.0 -1.0 -1.0 
301.19 39.52 8.0 -1.0 0.842 50.039543233908795 1.5262242925517453 0.013824179495338174 77.37802573604638 32.0 77.83726766488348 32.0 0.8420101949013771 50.092976888032396 
301.19 39.52 8.0 -1.0 4.4146421450799 112.31767354791818 6.144391049998397 0.016589015394405805 330.5470329663549 32.0 330.5960513194812 32.0 4.414626649425676 112.32970574892111 
301.19 39.52 8.0 -1.0 13.815971 42.021158595222204 5.604990198616275 0.026265941041142528 225.4003835099678 32.0 225.56608603742552 32.0 13.815982432182258 41.997142239461496 
301.19 39.52 8.0 -1.0 0.472774981134 56.8521557464771 2.120472493719455 0.07603298722435994 7.3630311727430335 8.0 7.808111659086537 16.0 0.47275534598156815 59.20079086767465 
301.19 39.52 8.0 -1.0 0.4192557152705343 200.94192481761206 1.12461818180837 0.10921101801317157 2.373343104590067 8.0 -1.0 -1.0 -1.0 -1.0 
302.28 39.13 8.0 -1.0 0.069887 43.76961118981376 0.6967617614873729 0.013824179495338172 8.234412906871682 32.0 8.400003876904478 32.0 0.06987950958622 40.27677737664019 
302.28 39.13 8.0 -1.0 43.28844052279 33.51848499435661 0.6914869341461481 0.019353851293473442 16.83888940830854 8.0 16.838889628990735 8.0 43.28843109154453 33.49651585846206 
302.28 39.13 8.0 -1.0 196.463654 92.32757737882132 0.01356167184131214 0.03456044873834543 1.0021736399243124 2.0 -1.0 -1.0 -1.0 -1.0 
302.28 39.13 8.0 -1.0 0.011163339112402308 125.50885427464316 0.05008065115563314 0.019353851293473442 1.1932901908856626 2.0 -1.0 -1.0 -1.0 -1.0 
302.28 39.13 8.0 -1.0 50.36175319075963 449.5658369665617 0.02923792815936474 0.011059343596270537 1.5735866226150583 4.0 -1.0 -1.0 -1.0 -1.0 
302.28 39.13 8.0 -1.0 2.190521178604 674.3487554498425 0.6325285139869439 0.012441761545804354 22.819960913187735 16.0 23.3566695508703 16.0 2.190548305710157 674.2818282928481 
302.28 39.13 8.0 -1.0 0.506347 102.71358681369239 1.6615830459582561 0.045619792334615966 14.60567308772614 16.0 14.752345571152246 16.0 0.5063460169670483 103.22189176927888 
302.28 39.13 8.0 -1.0 2.935047 147.35993905969656 4.502620522961262 0.06497364362808941 60.04995818089381 8.0 60.04995941251061 8.0 2.935000035601358 147.34419060399023 
302.28 39.13 8.0 -1.0 0.00859080009850802 0.0 2.9217736269751473 0.031795612839277794 1.059214665514826 1.0 -1.0 -1.0 -1.0 -1.0 
302.28 39.13 8.0 -1.0 0.006795914387731952 224.78291848328084 4.912121799615967 0.012441761545804354 13.912315936992055 32.0 -1.0 -1.0 -1.0 -1.0 
303.02 38.73 8.0 -1.0 13.844635067377832 155.99046101415544 0.24481548481623458 0.06497364362808941 1.636304278243761 1.0 -1.0 -1.0 -1.0 -1.0 
303.02 38.73 8.0 -1.0 0.916583201958 1.2745475707012246 0.029685697301048555 0.012441761545804354 1.0906017900182532 1.0 -1.0 -1.0 -1.0 -1.0 
303.02 38.73 8.0 -1.0 5.99703102436 50.41543724107066 0.36826175257976695 0.005529671798135269 29.745765081458803 32.0 -1.0 -1.0 -1.0 -1.0 
303.02 38.73 8.0 -1.0 1.4967703791 126.03859310267666 0.03854416092383065 0.023501105142074888 0.37998395423717324 1.0 -1.0 -1.0 -1.0 -1.0 
303.02 38.73 8.0 -1.0 0.7084996307 63.30252934482749 0.7559409094159965 0.013824179495338174 32.84392675500261 32.0 32.93757399200201 32.0 0.7084963726811111 63.349906125067236 
303.02 38.73 8.0 -1.0 34.56285133892 158.53955615555788 0.0995175761911259 0.07188573337575849 1.3609430525764914 1.0 -1.0 -1.0 -1.0 -1.0 
303.02 38.73 8.0 -1.0 214.35478534113 0.0 0.16627313382536477 0.013824179495338172 3.952486254628806 1.0 -1.0 -1.0 -1.0 -1.0 
303.02 38.73 8.0 -1.0 1.372129046511402 236.00372517484342 0.26214516631602275 0.011059343596270537 9.561378131694699 32.0 6.860452284794603 32.0 1.3721243400747578 235.28519447409153 
303.02 38.73 8.0 -1.0 91.94972192255072 472.00745034968685 8.128136701511847 0.023501105142074888 74.90062509673452 1.0 74.90062526387297 1.0 91.94967181732258 471.987160011683 
303.02 38.73 8.0 -1.0 0.597218 708.0111755245302 1.6096100390942392 0.12441761545804356 3.7284449039157375 4.0 -1.0 -1.0 -1.0 -1.0 
303.02 38.73 8.0 -1.0 13.844635067377832 155.99046101415544 0.24481548481623458 0.06497364362808941 1.636304278243761 1.0 -1.0 -1.0 -1.0 -1.0 
303.02 38.73 8.0 -1.0 0.916583201958 1.2745475707012246 0.029685697301048555 0.012441761545804354 1.0906017900182532 1.0 -1.0 -1.0 -1.0 -1.0 
303.02 38.73 8.0 -1.0 5.99703102436 50.41543724107066 0.36826175257976695 0.005529671798135269 29.745765081458803 32.0 -1.0 -1.0 -1.0 -1.0 
303.02 38.73 8.0 -1.0 1.4967703791 126.03859310267666 0.03854416092383065 0.023501105142074888 0.37998395423717324 1.0 -1.0 -1.0 -1.0 -1.0 
303.02 38.73 8.0 -1.0 0.7084996307 63.30252934482749 0.7559409094159965 0.013824179495338174 32.84392675500261 32.0 32.93757399200201 32.0 0.7084963726811111 63.349906125067236 
303.02 38.73 8.0 -1.0 34.56285133892 158.53955615555788 0.0995175761911259 0.07188573337575849 1.3609430525764914 1.0 -1.0 -1.0 -1.0 -1.0 
303.02 38.73 8.0 -1.0 214.35478534113 0.0 0.16627313382536477 0.013824179495338172 3.952486254628806 1.0 -1.0 -1.0 -1.0 -1.0 
303.02 38.73 8.0 -1.0 1.372129046511402 236.00372517484342 0.26214516631602275 0.011059343596270537 9.561378131694699 32.0 6.860452284794603 32.0 1.3721243400747578 235.28519447409153 
303.02 38.73 8.0 -1.0 91.94972192255072 472.00745034968685 8.128136701511847 0.023501105142074888 74.90062509673452 1.0 74.90062526387297 1.0 91.94967181732258 471.987160011683 
303.02 38.73 8.0 -1.0 0.597218 708.0111755245302 1.6096100390942392 0.12441761545804356 3.7284449039157375 4.0 -1.0 -1.0 -1.0 -1.0 
304.92 39.51 8.0 -1.0 0.06140946221409365 50.159218510088145 0.07632877084845537 0.2018330206319373 1.7994299877889681 8.0 -1.0 -1.0 -1.0 -1.0 
304.92 39.51 8.0 -1.0 1.776199 92.25585993391745 0.06221274842200597 0.02073626924300726 1.2113121438057437 1.0 -1.0 -1.0 -1.0 -1.0 
304.92 39.51 8.0 -1.0 1.184484581238005 77.6290607951293 0.013836113036819241 0.038707702586946884 1.439959454667086 1.0 -1.0 -1.0 -1.0 -1.0 
304.92 39.51 8.0 -1.0 1.29618884641 45.52145292949678 0.02706096218036255 0.022118687192541075 1.6937197319736537 4.0 -1.0 -1.0 -1.0 -1.0 
304.92 39.51 8.0 -1.0 0.11739317729588838 0.0 0.020259590509116916 0.04285495643554833 0.902613036510869 1.0 -1.0 -1.0 -1.0 -1.0 
304.92 39.51 8.0 -1.0 224.164985 237.8103489247849 0.09931153623322994 0.04423737438508215 0.2676439096844954 2.0 -1.0 -1.0 -1.0 -1.0 
304.92 39.51 8.0 -1.0 34.39137817982709 34.390815536077504 1.980294006121785 0.024883523091608708 27.168474180812062 8.0 27.827043253073523 8.0 34.39139012092104 34.40729725642629 
304.92 39.51 8.0 -1.0 0.006858663496666889 58.435846315451194 7.338149555276163 0.027648358990676344 1.9901359916911903 8.0 -1.0 -1.0 -1.0 -1.0 
304.92 39.51 8.0 -1.0 0.932741 475.6206978495698 2.7154598407104378 0.026265941041142528 57.67682016889069 32.0 57.90531515466694 32.0 0.9327474496482562 475.5290876704327 
304.92 39.51 8.0 -1.0 2.243046129 713.4310467743547 2.0385948985942077 0.01797143334393962 54.93082249629015 16.0 55.03098439927175 16.0 2.243056466492514 713.3442304722028 
304.92 39.51 8.0 -1.0 0.06140946221409365 50.159218510088145 0.07632877084845537 0.2018330206319373 1.7994299877889681 8.0 -1.0 -1.0 -1.0 -1.0 
304.92 39.51 8.0 -1.0 1.776199 92.25585993391745 0.06221274842200597 0.02073626924300726 1.2113121438057437 1.0 -1.0 -1.0 -1.0 -1.0 
304.92 39.51 8.0 -1.0 1.184484581238005 77.6290607951293 0.013836113036819241 0.038707702586946884 1.439959454667086 1.0 -1.0 -1.0 -1.0 -1.0 
304.92 39.51 8.0 -1.0 1.29618884641 45.52145292949678 0.02706096218036255 0.022118687192541075 1.6937197319736537 4.0 -1.0 -1.0 -1.0 -1.0 
304.92 39.51 8.0 -1.0 0.11739317729588838 0.0 0.020259590509116916 0.04285495643554833 0.902613036510869 1.0 -1.0 -1.0 -1.0 -1.0 
304.92 39.51 8.0 -1.0 224.164985 237.8103489247849 0.09931153623322994 0.04423737438508215 0.2676439096844954 2.0 -1.0 -1.0 -1.0 -1.0 
304.92 39.51 8.0 -1.0 34.39137817982709 34.390815536077504 1.980294006121785 0.024883523091608708 27.168474180812062 8.0 27.827043253073523 8.0 34.39139012092104 34.40729725642629 
304.92 39.51 8.0 -1.0 0.006858663496666889 58.435846315451194 7.338149555276163 0.027648358990676344 1.9901359916911903 8.0 -1.0 -1.0 -1.0 -1.0 
304.92 39.51 8.0 -1.0 0.932741 475.6206978495698 2.7154598407104378 0.026265941041142528 57.67682016889069 32.0 57.90531515466694 32.0 0.9327474496482562 475.5290876704327 
304.92 39.51 8.0 -1.0 2.243046129 713.4310467743547 2.0385948985942077 0.01797143334393962 54.93082249629015 16.0 55.03098439927175 16.0 2.243056466492514 713.3442304722028 
305.07 38.73 8.0 -1.0 3.2854634388411066 83.23999798884775 0.8252616410692566 0.06220880772902178 4.1595178856062685 8.0 -1.0 -1.0 -1.0 -1.0 
305.07 38.73 8.0 -1.0 0.723 0.0 0.21117011831285426 0.016589015394405805 1.8239787257644848 4.0 -1.0 -1.0 -1.0 -1.0 
305.07 38.73 8.0 -1.0 0.623924 233.73118222142338 0.039514789793405995 0.022118687192541075 1.3984248882933565 1.0 -1.0 -1.0 -1.0 -1.0 
305.07 38.73 8.0 -1.0 0.007018082794154355 467.46236444284676 0.62471159670474 0.016589015394405805 -0.38389325839507715 32.0 -1.0 -1.0 -1.0 -1.0 
305.07 38.73 8.0 -1.0 2.546854 41.234303974256505 3.8784559734588844 0.016589015394405805 199.3277398109384 32.0 199.52805231473445 32.0 2.546858013374731 41.18755877460441 
305.07 38.73 8.0 -1.0 1.59307834609 91.8655411671361 4.885048579038806 0.02350110514207489 165.96390507676946 32.0 166.03769480822967 32.0 1.5930709196254613 91.88772326127962 
305.07 38.73 8.0 -1.0 0.5218245 77.62988860459517 2.3471295096132447 0.10091651031596865 1.8375248805290096 1.0 -1.0 -1.0 -1.0 -1.0 
305.07 38.73 8.0 -1.0 0.0016426544649465386 36.53583736494497 1.1300699081019756 0.026265941041142528 5.648057026503126 2.0 -1.0 -1.0 -1.0 -1.0 
305.07 38.73 8.0 -1.0 16.18596718059686 34.36191997854709 7.680483117247862 0.02073626924300726 258.232685154961 16.0 258.23269401567245 16.0 16.185974042552214 34.40729725642629 
305.07 38.73 8.0 -1.0 16.792101165075774 701.1935466642701 3.135087200477946 0.01520659744487199 61.81525772070766 4.0 61.88320883639073 4.0 16.79218257777393 701.0992805662393 
305.07 38.73 8.0 -1.0 3.2854634388411066 83.23999798884775 0.8252616410692566 0.06220880772902178 4.1595178856062685 8.0 -1.0 -1.0 -1.0 -1.0 
305.07 38.73 8.0 -1.0 0.723 0.0 0.21117011831285426 0.016589015394405805 1.8239787257644848 4.0 -1.0 -1.0 -1.0 -1.0 
305.07 38.73 8.0 -1.0 0.623924 233.73118222142338 0.039514789793405995 0.022118687192541075 1.3984248882933565 1.0 -1.0 -1.0 -1.0 -1.0 
305.07 38.73 8.0 -1.0 0.007018082794154355 467.46236444284676 0.62471159670474 0.016589015394405805 -0.38389325839507715 32.0 -1.0 -1.0 -1.0 -1.0 
305.07 38.73 8.0 -1.0 2.546854 41.234303974256505 3.8784559734588844 0.016589015394405805 199.3277398109384 32.0 199.52805231473445 32.0 2.546858013374731 41.18755877460441 
305.07 38.73 8.0 -1.0 1.59307834609 91.8655411671361 4.885048579038806 0.02350110514207489 165.96390507676946 32.0 166.03769480822967 32.0 1.5930709196254613 91.88772326127962 
305.07 38.73 8.0 -1.0 0.5218245 77.62988860459517 2.3471295096132447 0.10091651031596865 1.8375248805290096 1.0 -1.0 -1.0 -1.0 -1.0 
305.07 38.73 8.0 -1.0 0.0016426544649465386 36.53583736494497 1.1300699081019756 0.026265941041142528 5.648057026503126 2.0 -1.0 -1.0 -1.0 -1.0 
305.07 38.73 8.0 -1.0 16.18596718059686 34.36191997854709 7.680483117247862 0.02073626924300726 258.232685154961 16.0 258.23269401567245 16.0 16.185974042552214 34.40729725642629 
305.07 38.73 8.0 -1.0 16.792101165075774 701.1935466642701 3.135087200477946 0.01520659744487199 61.81525772070766 4.0 61.88320883639073 4.0 16.79218257777393 701.0992805662393 
305.48 38.73 8.0 -1.0 0.2133519608398628 54.40503442211206 0.03759737427655688 0.016589015394405805 0.9616142481309924 2.0 -1.0 -1.0 -1.0 -1.0 
305.48 38.73 8.0 -1.0 32.99798303772435 11.898951902686962 0.04048188493154514 0.008294507697202903 0.6474585812909227 2.0 -1.0 -1.0 -1.0 -1.0 
305.48 38.73 8.0 -1.0 57.54121018881093 95.46673549670233 0.010160163342901271 0.019353851293473442 1.3790301714314959 8.0 -1.0 -1.0 -1.0 -1.0 
305.48 38.73 8.0 -1.0 1.582028 61.970841990294524 0.12413932823944701 0.024883523091608708 1.0960065944917732 4.0 -1.0 -1.0 -1.0 -1.0 
305.48 38.73 8.0 -1.0 1.9931026297 124.0104640493907 0.011122556497987162 0.026265941041142528 0.4110341706204645 1.0 -1.0 -1.0 -1.0 -1.0 
305.48 38.73 8.0 -1.0 2.215954 71.60005162252675 0.18353815962816797 0.008294507697202903 6.4330687178021995 32.0 -1.0 -1.0 -1.0 -1.0 
305.48 38.73 8.0 -1.0 1.751252 229.24396931592858 0.4132964035851477 0.06082638977948797 2.0224569448886576 16.0 -1.0 -1.0 -1.0 -1.0 
305.48 38.73 8.0 -1.0 0.515295 687.7319079477858 0.8501448911019829 0.02350110514207489 15.91435605484184 32.0 16.051526454621875 32.0 0.5152893815344821 687.2351637305616 
305.48 38.73 8.0 -1.0 0.24488973893281102 0.0 1.0230597298425086 0.013824179495338172 5.12135604535883 32.0 -1.0 -1.0 -1.0 -1.0 
305.48 38.73 8.0 -1.0 0.86850896567 458.48793863185716 9.700601850717248 0.027648358990676344 229.05781098098316 32.0 229.89792139409548 32.0 0.8685068072130283 458.42663697532686 
305.75 39.51 8.0 -1.0 0.378019 122.13629366157168 0.4970151613045875 0.10782860006363774 0.7048036195300081 1.0 -1.0 -1.0 -1.0 -1.0 
305.75 39.51 8.0 -1.0 1.750087931346 84.8090892340386 0.9390684932040841 0.04009012053648069 5.601511413207789 8.0 -1.0 -1.0 -1.0 -1.0 
305.75 39.51 8.0 -1.0 0.9284176174 23.600877846301408 0.7569861067277132 0.12441761545804356 1.1074317586243758 2.0 -1.0 -1.0 -1.0 -1.0 
305.75 39.51 8.0 -1.0 0.25996564951440604 81.23744303177934 0.0580599139240655 0.03732528463741307 1.5992059132189698 4.0 -1.0 -1.0 -1.0 -1.0 
305.75 39.51 8.0 -1.0 0.91374580877 84.94915379098994 0.14057716848492932 0.012441761545804354 0.48667040202417167 32.0 -1.0 -1.0 -1.0 -1.0 
305.75 39.51 8.0 -1.0 3.127346 0.0 0.03846435957016196 0.15483081034778753 -4.928438971562464 8.0 -1.0 -1.0 -1.0 -1.0 
305.75 39.51 8.0 -1.0 0.011475428399886807 233.41758415941422 0.47159300720092434 0.05667913593088651 1.1728452055854959 4.0 -1.0 -1.0 -1.0 -1.0 
305.75 39.51 8.0 -1.0 2.6781496751 466.83516831882844 0.9306724964577999 0.01520659744487199 25.294396569147025 32.0 26.860974711042417 32.0 2.678158731820683 466.82606542321906 
305.75 39.51 8.0 -1.0 40.023118465474234 700.2527524782427 0.4155869160574328 0.13962421290291552 2.3288851389363594 4.0 -1.0 -1.0 -1.0 -1.0 
305.75 39.51 8.0 -1.0 0.0017843111453824578 17.92826328977199 2.822572230737664 0.02350110514207489 5.022191417894294 2.0 -1.0 -1.0 -1.0 -1.0 
305.99 39.12 8.0 -1.0 40.20746778843091 32.977899049752665 0.23913209231960003 0.022118687192541075 1.699711458108867 1.0 -1.0 -1.0 -1.0 -1.0 
305.99 39.12 8.0 -1.0 266.8691669720664 118.69318211708499 0.015431880154818058 0.011059343596270536 0.13798608786665945 1.0 -1.0 -1.0 -1.0 -1.0 
305.99 39.12 8.0 -1.0 6.606295308102913 24.120198891761245 0.2603403918295978 0.13962421290291552 2.674718915465551 8.0 -1.0 -1.0 -1.0 -1.0 
305.99 39.12 8.0 -1.0 3.502872 0.0 0.023568787118632552 0.04700221028414978 1.488104985241853 2.0 -1.0 -1.0 -1.0 -1.0 
305.99 39.12 8.0 -1.0 27.205948119641164 227.09780481988764 0.012948254326498463 0.08985716671969811 1.7951563562453596 8.0 -1.0 -1.0 -1.0 -1.0 
305.99 39.12 8.0 -1.0 0.776096931576026 681.2934144596629 0.2169370016563095 0.02350110514207489 2.110298687819106 16.0 -1.0 -1.0 -1.0 -1.0 
305.99 39.12 8.0 -1.0 0.6823915077117058 28.617185125818427 2.612412205509469 0.012441761545804352 110.93613502118035 32.0 111.0267845457688 32.0 0.6823938747402281 28.63901506931953 
305.99 39.12 8.0 -1.0 0.52826709593 39.859650710961375 3.396668043368903 0.029030776940210157 53.98445702188708 32.0 54.15617850432441 32.0 0.5282648392797759 39.973183577318785 
305.99 39.12 8.0 -1.0 2.749622437569 104.92967879466757 1.7940121605257802 0.04561979233461597 26.341582611737536 16.0 26.385599611039634 16.0 2.749645015380035 104.84105869899307 
305.99 39.12 8.0 -1.0 0.77556728669 454.1956096397753 3.8331724300061705 0.017971433343939622 148.18689613403552 32.0 148.81273265748555 32.0 0.775556448691835 454.2775217179342 
306.08 46.54 8.0 -1.0 0.266907 13.172693492855782 0.01718792786505633 0.052531882082285056 2.576052898757162 8.0 -1.0 -1.0 -1.0 -1.0 
306.08 46.54 8.0 -1.0 31.162356 112.28426942381871 0.9774600356461515 0.029030776940210157 18.74255308966333 4.0 18.954398535158166 8.0 31.16244139770667 112.22850781581398 
306.08 46.54 8.0 -1.0 0.08355140964184635 118.49671875669394 0.017235490300747426 0.027648358990676348 1.8630031621342877 4.0 -1.0 -1.0 -1.0 -1.0 
306.08 46.54 8.0 -1.0 257.4004155493247 384.8842452432229 0.09274632919026742 0.016589015394405805 0.9294136196563035 1.0 -1.0 -1.0 -1.0 -1.0 
306.08 46.54 8.0 -1.0 134.6485499129762 21.686049986055153 0.04781541800948389 0.14377146675151697 0.3057267469734552 1.0 -1.0 -1.0 -1.0 -1.0 
306.08 46.54 8.0 -1.0 0.31656 0.0 0.1418453755649639 0.017971433343939622 0.9028580848005086 1.0 -1.0 -1.0 -1.0 -1.0 
306.08 46.54 8.0 -1.0 1.885156 191.72308913401014 0.06238490354560311 0.07326815132529231 1.8353429190528754 16.0 -1.0 -1.0 -1.0 -1.0 
306.08 46.54 8.0 -1.0 0.0018174136330096186 383.4461782680203 0.6848312320992872 0.009676925646736721 2.4374553645993373 1.0 -1.0 -1.0 -1.0 -1.0 
306.08 46.54 8.0 -1.0 205.22225531037 15.473600653179936 7.890230833981745 0.05529671798135269 55.47941318623361 2.0 55.4794134846792 2.0 205.2222650187711 15.483283765391834 
306.08 46.54 8.0 -1.0 1.96958052943 575.1692674020304 6.5250141550055 0.013824179495338172 410.52529454255995 32.0 410.66749622693396 32.0 1.9695714096693944 575.1078538478547 
306.19 46.92 8.0 -1.0 39.475126410105304 42.9087328055541 0.15453216954363694 0.016589015394405805 1.6482323494274447 8.0 -1.0 -1.0 -1.0 -1.0 
306.19 46.92 8.0 -1.0 0.6921479136245 27.81435644312598 0.010394453964744334 0.013824179495338172 1.102332732003402 32.0 -1.0 -1.0 -1.0 -1.0 
306.19 46.92 8.0 -1.0 191.81305008725303 167.2253381275745 0.024908044558226906 0.017971433343939622 0.9607145906725535 2.0 -1.0 -1.0 -1.0 -1.0 
306.19 46.92 8.0 -1.0 100.33918940462799 0.0 0.18290527158198627 0.024883523091608708 2.5979937412778624 4.0 -1.0 -1.0 -1.0 -1.0 
306.19 46.92 8.0 -1.0 1.454249 565.2759147862128 0.019210043700749243 0.008294507697202903 1.4970262887022254 4.0 -1.0 -1.0 -1.0 -1.0 
306.19 46.92 8.0 -1.0 2.7177324827378 35.785543960363306 4.248766129358422 0.019353851293473442 169.83806934295004 32.0 170.10612681851245 32.0 2.7177217513478054 35.8240683199262 
306.19 46.92 8.0 -1.0 0.37550509899 79.14654272434223 3.1394219106029326 0.017971433343939622 126.35522823732362 32.0 126.643106906751 32.0 0.375500045871983 78.93438782356621 
306.19 46.92 8.0 -1.0 1.077041 52.29325144286897 3.297249531200038 0.0884747487701643 12.90035963291156 16.0 13.073729205686975 16.0 1.0770236258395016 51.91453968396085 
306.19 46.92 8.0 -1.0 1.830721 188.42530492873757 2.656087782946687 0.07188573337575849 26.56323057325896 8.0 26.707466758125562 8.0 1.8307522016887865 188.53174937859467 
306.19 46.92 8.0 -1.0 1.70219494788 376.85060985747515 1.7878259328039732 0.011059343596270537 137.84234493858528 32.0 137.95093510027877 32.0 1.7021799673481535 376.861102890975 
306.57 39.51 8.0 -1.0 0.6019826734548 61.099058384904055 0.11918116346569504 0.03732528463741307 2.723925281739332 2.0 -1.0 -1.0 -1.0 -1.0 
306.57 39.51 8.0 -1.0 0.00439184555143146 36.672892973317964 0.3159002393760121 0.04976704618321741 3.1882564884982 1.0 -1.0 -1.0 -1.0 -1.0 
306.57 39.51 8.0 -1.0 0.37550509899 54.23550777338399 0.014481584463104328 0.031795612839277794 1.8369300630198269 4.0 -1.0 -1.0 -1.0 -1.0 
306.57 39.51 8.0 -1.0 0.6933132465193 448.5532193763991 0.19898937272332506 0.06635606157762322 -0.2377811783178028 8.0 -1.0 -1.0 -1.0 -1.0 
306.57 39.51 8.0 -1.0 194.47579083371392 672.8298290645987 0.3191908292528214 0.02350110514207489 1.8565930699280657 2.0 -1.0 -1.0 -1.0 -1.0 
306.57 39.51 8.0 -1.0 1.4252832 25.233641954117864 7.627605773872714 0.011059343596270537 274.57644287663595 32.0 274.7604500350915 32.0 1.4252691471483558 25.1982853436769 
306.57 39.51 8.0 -1.0 0.6055400287748217 119.03550031155866 5.597251191736589 0.019353851293473442 149.81507984281942 32.0 150.45581167474705 32.0 0.6055415724404156 119.10996726709925 
306.57 39.51 8.0 -1.0 473.933649 116.14204270081983 3.222929644301044 0.09400442056829957 6.479819649678603 1.0 -1.0 -1.0 -1.0 -1.0 
306.57 39.51 8.0 -1.0 4.91263619475 0.0 2.9912146883874393 0.03870770258694688 19.825057655727573 16.0 -1.0 -1.0 -1.0 -1.0 
306.57 39.51 8.0 -1.0 217.8248734478 224.27660968819956 6.4044324311723795 0.21427478217774168 10.397180058150584 1.0 10.397179743353139 1.0 217.82470867037776 224.2546197654137 
306.57 39.51 8.0 -1.0 0.6019826734548 61.099058384904055 0.11918116346569504 0.03732528463741307 2.723925281739332 2.0 -1.0 -1.0 -1.0 -1.0 
306.57 39.51 8.0 -1.0 0.00439184555143146 36.672892973317964 0.3159002393760121 0.04976704618321741 3.1882564884982 1.0 -1.0 -1.0 -1.0 -1.0 
306.57 39.51 8.0 -1.0 0.37550509899 54.23550777338399 0.014481584463104328 0.031795612839277794 1.8369300630198269 4.0 -1.0 -1.0 -1.0 -1.0 
306.57 39.51 8.0 -1.0 0.6933132465193 448.5532193763991 0.19898937272332506 0.06635606157762322 -0.2377811783178028 8.0 -1.0 -1.0 -1.0 -1.0 
306.57 39.51 8.0 -1.0 194.47579083371392 672.8298290645987 0.3191908292528214 0.02350110514207489 1.8565930699280657 2.0 -1.0 -1.0 -1.0 -1.0 
306.57 39.51 8.0 -1.0 1.4252832 25.233641954117864 7.627605773872714 0.011059343596270537 274.57644287663595 32.0 274.7604500350915 32.0 1.4252691471483558 25.1982853436769 
306.57 39.51 8.0 -1.0 0.6055400287748217 119.03550031155866 5.597251191736589 0.019353851293473442 149.81507984281942 32.0 150.45581167474705 32.0 0.6055415724404156 119.10996726709925 
306.57 39.51 8.0 -1.0 473.933649 116.14204270081983 3.222929644301044 0.09400442056829957 6.479819649678603 1.0 -1.0 -1.0 -1.0 -1.0 
306.57 39.51 8.0 -1.0 4.91263619475 0.0 2.9912146883874393 0.03870770258694688 19.825057655727573 16.0 -1.0 -1.0 -1.0 -1.0 
306.57 39.51 8.0 -1.0 217.8248734478 224.27660968819956 6.4044324311723795 0.21427478217774168 10.397180058150584 1.0 10.397179743353139 1.0 217.82470867037776 224.2546197654137 
307.64 39.12 8.0 -1.0 0.523887 141.8032835627425 0.016592888398725764 0.027648358990676344 1.0972419991185867 1.0 -1.0 -1.0 -1.0 -1.0 
307.64 39.12 8.0 -1.0 9.071269448988105 96.5534216237906 0.8022143549387194 0.017971433343939622 22.79098938961439 32.0 22.943124081641287 32.0 9.071269838993128 96.54282818420789 
307.64 39.12 8.0 -1.0 0.004213906295137867 53.19916200930831 0.011222897862455212 0.016589015394405805 3.6410529908391758 1.0 -1.0 -1.0 -1.0 -1.0 
307.64 39.12 8.0 -1.0 0.03139415075990475 22.319188659077625 0.788478179295685 0.07050331542622468 -0.01570437479067944 2.0 -1.0 -1.0 -1.0 -1.0 
307.64 39.12 8.0 -1.0 37.39097199147 45.983643483907876 0.5915305755260792 0.016589015394405805 6.050654844935073 8.0 -1.0 -1.0 -1.0 -1.0 
307.64 39.12 8.0 -1.0 1.664475 0.0 0.01627500580387476 0.016589015394405805 0.25097848879870027 1.0 -1.0 -1.0 -1.0 -1.0 
307.64 39.12 8.0 -1.0 3.35439493491 203.80782411152254 0.014391823081084063 0.026265941041142528 1.9154813232988284 4.0 -1.0 -1.0 -1.0 -1.0 
307.64 39.12 8.0 -1.0 317.594454701573 407.61564822304507 0.02027359157379194 0.011059343596270537 1.2415177832621942 1.0 -1.0 -1.0 -1.0 -1.0 
307.64 39.12 8.0 -1.0 3.37519461045 611.4234723345676 0.07222472028860831 0.21427478217774165 0.5040733977111784 4.0 -1.0 -1.0 -1.0 -1.0 
307.64 39.12 8.0 -1.0 3.85557384197 121.13510337981582 1.0452060627280741 0.019353851293473442 11.381434104379691 16.0 11.839937295737997 16.0 3.855590572735916 121.13392592924198 
307.82 39.51 8.0 -1.0 2.79091017854 41.22549264955629 0.03674993080056496 0.012441761545804354 -0.39779542357293757 4.0 -1.0 -1.0 -1.0 -1.0 
307.82 39.51 8.0 -1.0 0.9632044656095726 71.40403442445603 0.2163383501523341 0.019353851293473442 0.8031398392754195 1.0 -1.0 -1.0 -1.0 -1.0 
307.82 39.51 8.0 -1.0 1.47839 167.24713335373883 0.34202149842813184 0.11612310776084063 0.8023236296610307 1.0 -1.0 -1.0 -1.0 -1.0 
307.82 39.51 8.0 -1.0 0.74364701461 20.859605562200638 0.019504239128438527 0.04976704618321742 1.3345250840930256 8.0 -1.0 -1.0 -1.0 -1.0 
307.82 39.51 8.0 -1.0 0.23601548 77.82237459744084 0.14461589230674415 0.038707702586946884 0.3782979916206363 2.0 -1.0 -1.0 -1.0 -1.0 
307.82 39.51 8.0 -1.0 384.49193525267 205.69545958229207 0.04699668299660376 0.012441761545804356 -0.08907694165767929 1.0 -1.0 -1.0 -1.0 -1.0 
307.82 39.51 8.0 -1.0 0.12291385513739217 411.39091916458415 0.013712407512803643 0.013824179495338172 0.8374898686689947 1.0 -1.0 -1.0 -1.0 -1.0 
307.82 39.51 8.0 -1.0 0.89130992945 617.0863787468762 0.05948088720445762 0.02903077694021016 1.0367643498788175 1.0 -1.0 -1.0 -1.0 -1.0 
307.82 39.51 8.0 -1.0 2.242431224778 77.39037093195148 1.087185447099887 0.03732528463741307 8.880165135925274 16.0 8.927845410825396 16.0 2.242450136691332 77.31522089385203 
307.82 39.51 8.0 -1.0 0.55018664142 0.0 2.135172381927103 0.05529671798135269 1.5672785197184544 4.0 -1.0 -1.0 -1.0 -1.0 
307.82 39.51 8.0 -1.0 2.79091017854 41.22549264955629 0.03674993080056496 0.012441761545804354 -0.39779542357293757 4.0 -1.0 -1.0 -1.0 -1.0 
307.82 39.51 8.0 -1.0 0.9632044656095726 71.40403442445603 0.21633835015233413 0.019353851293473442 0.8031398392754195 1.0 -1.0 -1.0 -1.0 -1.0 
307.82 39.51 8.0 -1.0 1.47839 167.24713335373883 0.3420214984281319 0.11612310776084063 0.8023236296610307 1.0 -1.0 -1.0 -1.0 -1.0 
307.82 39.51 8.0 -1.0 0.74364701461 20.859605562200638 0.019504239128438527 0.04976704618321742 1.3345250840930256 8.0 -1.0 -1.0 -1.0 -1.0 
307.82 39.51 8.0 -1.0 0.23601548 77.82237459744084 0.14461589230674415 0.038707702586946884 0.3782979916206363 2.0 -1.0 -1.0 -1.0 -1.0 
307.82 39.51 8.0 -1.0 384.49193525267 205.69545958229207 0.046996682996603756 0.012441761545804356 -0.08907694165767929 1.0 -1.0 -1.0 -1.0 -1.0 
307.82 39.51 8.0 -1.0 0.12291385513739217 411.39091916458415 0.013712407512803643 0.013824179495338172 0.8374898686689947 1.0 -1.0 -1.0 -1.0 -1.0 
307.82 39.51 8.0 -1.0 0.89130992945 617.0863787468762 0.05948088720445762 0.02903077694021016 1.0367643498788175 1.0 -1.0 -1.0 -1.0 -1.0 
307.82 39.51 8.0 -1.0 2.242431224778 77.39037093195148 1.0871854470998872 0.03732528463741307 8.88016513592527 16.0 8.927845410825396 16.0 2.242450136691332 77.31522089385203 
307.82 39.51 8.0 -1.0 0.55018664142 0.0 2.1351723819271036 0.05529671798135269 1.5672785197184544 4.0 -1.0 -1.0 -1.0 -1.0 
307.94 38.72 8.0 -1.0 2.344843177122 15.166262290624905 0.06212684909462429 0.016589015394405805 2.1966341247524355 1.0 -1.0 -1.0 -1.0 -1.0 
307.94 38.72 8.0 -1.0 0.005475772270464147 2.891621993154165 0.0381468029356862 0.027648358990676344 1.1996156569066954 32.0 -1.0 -1.0 -1.0 -1.0 
307.94 38.72 8.0 -1.0 3.524849 44.02346952842871 0.12294446201673309 0.026265941041142528 1.5328380108822377 8.0 -1.0 -1.0 -1.0 -1.0 
307.94 38.72 8.0 -1.0 288.758695112907 0.0 0.1539993018116469 0.05529671798135269 2.5214964821859382 1.0 -1.0 -1.0 -1.0 -1.0 
307.94 38.72 8.0 -1.0 0.531513 196.68930822822105 0.0123029426881317 0.0566791359308865 1.5268644803967006 4.0 -1.0 -1.0 -1.0 -1.0 
307.94 38.72 8.0 -1.0 0.484707 393.3786164564421 0.16387830076108614 0.03041319488974398 1.8515298716094533 2.0 -1.0 -1.0 -1.0 -1.0 
307.94 38.72 8.0 -1.0 8.98827746737108 23.42803941392252 1.2957202648833634 0.026265941041142528 23.616488738324694 16.0 24.35081047456182 16.0 8.988293605701378 23.477920480855587 
307.94 38.72 8.0 -1.0 2.887587336907 77.18860340909485 7.297705252459054 0.08709233082063048 60.12570776195557 8.0 60.12570522249653 8.0 2.887585045148929 77.21402296074488 
307.94 38.72 8.0 -1.0 12.513360302752433 50.809929308280324 2.8500040984635917 0.05391430003181887 15.622029838711963 16.0 18.4201544597485 16.0 12.513373803813012 50.80136241978235 
307.94 38.72 8.0 -1.0 2.185697 590.0679246846631 1.317382746266101 0.031795612839277794 20.91695030876877 16.0 21.603488328626785 16.0 2.185697667300701 589.9839500146038 
308.06 39.12 8.0 -1.0 0.447673708967 60.13201213137595 0.10917012570556796 0.006912089747669086 0.47288270557345896 4.0 -1.0 -1.0 -1.0 -1.0 
308.06 39.12 8.0 -1.0 1.77912424934 49.31303181748028 0.06493535933189347 0.009676925646736721 0.6755709354564382 1.0 -1.0 -1.0 -1.0 -1.0 
308.06 39.12 8.0 -1.0 0.13351350897202321 106.57592209765737 0.010901939067768148 0.031795612839277794 6.0581256651048 1.0 -1.0 -1.0 -1.0 -1.0 
308.06 39.12 8.0 -1.0 1.733284770854 33.05467466068678 0.01582048968817107 0.015206597444871992 1.2669223064617876 8.0 -1.0 -1.0 -1.0 -1.0 
308.06 39.12 8.0 -1.0 192.8565208431179 0.0 0.48180165428117294 0.03732528463741307 0.9788409997349131 2.0 -1.0 -1.0 -1.0 -1.0 
308.06 39.12 8.0 -1.0 137.14654583092138 199.22464854262032 0.3978872071881638 0.016589015394405805 1.7894470170967414 2.0 -1.0 -1.0 -1.0 -1.0 
308.06 39.12 8.0 -1.0 12.922440399828183 597.6739456278609 0.021336978189961654 0.02350110514207489 1.9320257429914625 2.0 -1.0 -1.0 -1.0 -1.0 
308.06 39.12 8.0 -1.0 2.051164249099 48.117564379480754 2.275284475377997 0.04147253848601452 15.839977707982882 16.0 17.2380107572628 16.0 2.0511530844184263 48.06901822588967 
308.06 39.12 8.0 -1.0 1.4847663170749 40.58611952008377 3.0729023168311738 0.012441761545804354 108.63404181695827 32.0 108.90944176556162 32.0 1.4847501006443053 40.5803711759616 
308.06 39.12 8.0 -1.0 9.718629858858845 398.44929708524063 4.728979994171741 0.02073626924300726 81.98022212521187 16.0 82.02206030907837 16.0 9.718617851225039 398.41626264279506 
308.06 39.12 8.0 -1.0 0.447673708967 60.13201213137595 0.10917012570556796 0.006912089747669086 0.47288270557345896 4.0 -1.0 -1.0 -1.0 -1.0 
308.06 39.12 8.0 -1.0 1.77912424934 49.31303181748028 0.06493535933189347 0.009676925646736721 0.6755709354564382 1.0 -1.0 -1.0 -1.0 -1.0 
308.06 39.12 8.0 -1.0 0.13351350897202321 106.57592209765737 0.010901939067768148 0.031795612839277794 6.0581256651048 1.0 -1.0 -1.0 -1.0 -1.0 
308.06 39.12 8.0 -1.0 1.733284770854 33.05467466068678 0.01582048968817107 0.015206597444871992 1.2669223064617876 8.0 -1.0 -1.0 -1.0 -1.0 
308.06 39.12 8.0 -1.0 192.8565208431179 0.0 0.48180165428117294 0.03732528463741307 0.9788409997349131 2.0 -1.0 -1.0 -1.0 -1.0 
308.06 39.12 8.0 -1.0 137.14654583092138 199.22464854262032 0.3978872071881638 0.016589015394405805 1.7894470170967414 2.0 -1.0 -1.0 -1.0 -1.0 
308.06 39.12 8.0 -1.0 12.922440399828183 597.6739456278609 0.021336978189961654 0.02350110514207489 1.9320257429914625 2.0 -1.0 -1.0 -1.0 -1.0 
308.06 39.12 8.0 -1.0 2.051164249099 48.117564379480754 2.275284475377997 0.04147253848601452 15.839977707982882 16.0 17.2380107572628 16.0 2.0511530844184263 48.06901822588967 
308.06 39.12 8.0 -1.0 1.4847663170749 40.58611952008377 3.0729023168311738 0.012441761545804354 108.63404181695827 32.0 108.90944176556162 32.0 1.4847501006443053 40.5803711759616 
308.06 39.12 8.0 -1.0 9.718629858858845 398.44929708524063 4.728979994171741 0.02073626924300726 81.98022212521187 16.0 82.02206030907837 16.0 9.718617851225039 398.41626264279506 
308.23 39.51 8.0 -1.0 1.3093429439 18.27865191440478 0.05418429004299571 0.02626594104114253 2.2110262462010866 32.0 -1.0 -1.0 -1.0 -1.0 
308.23 39.51 8.0 -1.0 0.003671224342763383 91.1519572365202 0.05993462160580798 0.06497364362808941 2.9428870766310924 1.0 -1.0 -1.0 -1.0 -1.0 
308.23 39.51 8.0 -1.0 1.313284 127.22665639432238 0.2867779491143187 0.02764835899067634 1.373233744235348 1.0 -1.0 -1.0 -1.0 -1.0 
308.23 39.51 8.0 -1.0 0.10227486326885736 123.84842369727066 0.5001150304116753 0.031795612839277794 0.40900649774475495 1.0 -1.0 -1.0 -1.0 -1.0 
308.23 39.51 8.0 -1.0 0.762068243394 0.0 0.4596912599290711 0.029030776940210157 1.8553159272540611 4.0 -1.0 -1.0 -1.0 -1.0 
308.23 39.51 8.0 -1.0 311.49341784423 201.0651710584526 0.09436207443402565 0.01520659744487199 0.49740303201855873 1.0 -1.0 -1.0 -1.0 -1.0 
308.23 39.51 8.0 -1.0 76.8624610039773 603.1955131753577 0.32296162017081687 0.009676925646736721 1.1983109352167316 2.0 -1.0 -1.0 -1.0 -1.0 
308.23 39.51 8.0 -1.0 1.0090512530345 91.3932595720239 2.07697726732269 0.04700221028414978 7.3678589779904 16.0 7.527986728127521 16.0 1.0090540551270049 91.38173359574395 
308.23 39.51 8.0 -1.0 0.636937235603391 22.561768369595338 2.4078984314370704 0.04285495643554833 7.703722003268815 16.0 7.759536447752462 16.0 0.6369494561416408 22.162347350462817 
308.23 39.51 8.0 -1.0 0.3635877509649204 402.1303421169052 4.651218659150892 0.06773847952715704 7.7320103110289065 16.0 7.781945356902859 16.0 0.3636159817688167 402.7677737664019 
50.54 62.94 8.0 -1.0 307.2974449774 39.897869455332156 0.6373535924301142 0.02073626924300726 8.662174724087556 1.0 -1.0 -1.0 -1.0 -1.0 
50.54 62.94 8.0 -1.0 0.13290135589851756 36.11126610424739 0.011909885623504696 0.019353851293473442 1.060271511159473 16.0 -1.0 -1.0 -1.0 -1.0 
50.54 62.94 8.0 -1.0 0.008630369933207007 42.71473292382204 0.06565710478532774 0.017971433343939622 0.5821952374395813 8.0 -1.0 -1.0 -1.0 -1.0 
50.54 62.94 8.0 -1.0 0.0010232434930748456 76.4709164560533 0.2198032974881484 0.06635606157762322 10.850450018159822 2.0 -1.0 -1.0 -1.0 -1.0 
50.54 62.94 8.0 -1.0 161.0785884299511 45.90102110949093 0.04546380356371674 0.01520659744487199 0.9013985137100644 2.0 -1.0 -1.0 -1.0 -1.0 
50.54 62.94 8.0 -1.0 0.06370913090866241 57.76879014886635 0.010834365445564254 0.013824179495338172 0.17016668336088223 1.0 -1.0 -1.0 -1.0 -1.0 
50.54 62.94 8.0 -1.0 217.00905523505 0.0 0.1714049668094262 0.15621322829732134 0.8507597668332839 1.0 -1.0 -1.0 -1.0 -1.0 
50.54 62.94 8.0 -1.0 3.8306868647 153.91157279470147 0.15052816303829475 0.006912089747669086 5.080873431305692 8.0 -1.0 -1.0 -1.0 -1.0 
50.54 62.94 8.0 -1.0 0.8701738 307.82314558940294 0.0712828899471862 0.022118687192541075 0.24838246869752562 1.0 -1.0 -1.0 -1.0 -1.0 
50.54 62.94 8.0 -1.0 9.283479079243 461.73471838410444 0.04555812654498708 0.07465056927482613 1.4135775968785214 1.0 -1.0 -1.0 -1.0 -1.0 
50.54 62.94 8.0 -1.0 307.2974449774 39.897869455332156 0.6373535924301142 0.02073626924300726 8.662174724087556 1.0 -1.0 -1.0 -1.0 -1.0 
50.54 62.94 8.0 -1.0 0.13290135589851754 36.11126610424739 0.011909885623504696 0.019353851293473442 1.060271511159473 16.0 -1.0 -1.0 -1.0 -1.0 
50.54 62.94 8.0 -1.0 0.008630369933207007 42.71473292382204 0.06565710478532773 0.017971433343939622 0.5821952374395813 8.0 -1.0 -1.0 -1.0 -1.0 
50.54 62.94 8.0 -1.0 0.0010232434930748456 76.4709164560533 0.21980329748814836 0.06635606157762322 10.850450018159822 2.0 -1.0 -1.0 -1.0 -1.0 
50.54 62.94 8.0 -1.0 161.0785884299511 45.90102110949093 0.04546380356371674 0.01520659744487199 0.9013985137100644 2.0 -1.0 -1.0 -1.0 -1.0 
50.54 62.94 8.0 -1.0 0.0637091309086624 57.76879014886635 0.010834365445564254 0.013824179495338172 0.17016668336088223 1.0 -1.0 -1.0 -1.0 -1.0 
50.54 62.94 8.0 -1.0 217.00905523505 0.0 0.1714049668094262 0.15621322829732134 0.8507597668332839 1.0 -1.0 -1.0 -1.0 -1.0 
50.54 62.94 8.0 -1.0 3.8306868647 153.91157279470147 0.15052816303829472 0.006912089747669086 5.080873431305692 8.0 -1.0 -1.0 -1.0 -1.0 
50.54 62.94 8.0 -1.0 0.8701738 307.82314558940294 0.0712828899471862 0.022118687192541075 0.24838246869752562 1.0 -1.0 -1.0 -1.0 -1.0 
50.54 62.94 8.0 -1.0 9.283479079243 461.73471838410444 0.04555812654498708 0.07465056927482613 1.4135775968785214 1.0 -1.0 -1.0 -1.0 -1.0 
51.93 54.68 8.0 -1.0 0.25247957713 151.46185185010629 0.15378666956538867 0.016589015394405805 2.6213324565631364 32.0 -1.0 -1.0 -1.0 -1.0 
51.93 54.68 8.0 -1.0 8.8799529 21.660117884625535 0.0434373964253692 0.019353851293473442 0.12828028788384105 8.0 -1.0 -1.0 -1.0 -1.0 
51.93 54.68 8.0 -1.0 1.94298740055 116.36848654345609 0.013533593923801211 0.15483081034778753 2.0339338635715705 4.0 -1.0 -1.0 -1.0 -1.0 
51.93 54.68 8.0 -1.0 0.7889291664574 34.41772860199214 0.2116082293716127 0.03456044873834543 1.7506024045563073 16.0 -1.0 -1.0 -1.0 -1.0 
51.93 54.68 8.0 -1.0 0.02636382397893268 132.4645374485448 0.028737292245580668 0.012441761545804354 1.1955352616389316 2.0 -1.0 -1.0 -1.0 -1.0 
51.93 54.68 8.0 -1.0 0.53093220067 397.3936123456344 0.20884879949607416 0.016589015394405805 4.390799767358648 32.0 -1.0 -1.0 -1.0 -1.0 
51.93 54.68 8.0 -1.0 2.151927137 46.34072927242821 1.5157167912978846 0.026265941041142528 57.70088389663338 32.0 -1.0 -1.0 -1.0 -1.0 
51.93 54.68 8.0 -1.0 1.634254 47.93046269515302 4.453124799663493 0.031795612839277794 136.01821476779634 32.0 -1.0 -1.0 -1.0 -1.0 
51.93 54.68 8.0 -1.0 0.981939436993 0.0 3.45107021422409 0.013824179495338172 230.34168234370964 32.0 -1.0 -1.0 -1.0 -1.0 
51.93 54.68 8.0 -1.0 8.012748519563567 264.9290748970896 8.584072349125751 0.18247916933846386 41.10597389083657 8.0 41.17523190463559 8.0 8.012648322619498 264.9361888744824 
51.93 54.68 8.0 -1.0 0.25247957713 151.46185185010629 0.15378666956538867 0.016589015394405805 2.6213324565631364 32.0 -1.0 -1.0 -1.0 -1.0 
51.93 54.68 8.0 -1.0 8.8799529 21.660117884625535 0.0434373964253692 0.019353851293473442 0.12828028788384105 8.0 -1.0 -1.0 -1.0 -1.0 
51.93 54.68 8.0 -1.0 1.94298740055 116.36848654345609 0.013533593923801211 0.15483081034778753 2.0339338635715705 4.0 -1.0 -1.0 -1.0 -1.0 
51.93 54.68 8.0 -1.0 0.7889291664574 34.41772860199214 0.2116082293716127 0.03456044873834543 1.7506024045563073 16.0 -1.0 -1.0 -1.0 -1.0 
51.93 54.68 8.0 -1.0 0.02636382397893268 132.4645374485448 0.028737292245580668 0.012441761545804354 1.1955352616389316 2.0 -1.0 -1.0 -1.0 -1.0 
51.93 54.68 8.0 -1.0 0.53093220067 397.3936123456344 0.20884879949607416 0.016589015394405805 4.390799767358648 32.0 -1.0 -1.0 -1.0 -1.0 
51.93 54.68 8.0 -1.0 2.151927137 46.34072927242821 1.5157167912978846 0.026265941041142528 57.70088389663338 32.0 -1.0 -1.0 -1.0 -1.0 
51.93 54.68 8.0 -1.0 1.634254 47.93046269515302 4.453124799663493 0.031795612839277794 136.01821476779634 32.0 -1.0 -1.0 -1.0 -1.0 
51.93 54.68 8.0 -1.0 0.981939436993 0.0 3.45107021422409 0.013824179495338172 230.34168234370964 32.0 -1.0 -1.0 -1.0 -1.0 
51.93 54.68 8.0 -1.0 8.012748519563567 264.9290748970896 8.584072349125751 0.18247916933846386 41.10597389083657 8.0 41.17523190463559 8.0 8.012648322619498 264.9361888744824 
53.19 13.19 8.0 -1.0 440.6742226209541 16.497460392166168 0.031721238483364014 0.024883523091608708 1.0171668101480429 1.0 -1.0 -1.0 -1.0 -1.0 
53.19 13.19 8.0 -1.0 3.442 32.56878712106605 0.01636520282339131 0.019353851293473442 0.9514418082335478 2.0 -1.0 -1.0 -1.0 -1.0 
53.19 13.19 8.0 -1.0 0.44506595012065714 51.48607795820862 0.057700040449786494 0.03041319488974398 0.31470430882861344 1.0 -1.0 -1.0 -1.0 -1.0 
53.19 13.19 8.0 -1.0 1.3595755985905091 95.17999750240517 0.8016603408645061 0.030413194889743977 36.05040323905409 16.0 36.050405855087476 16.0 1.3595733131902914 95.22725505381513 
53.19 13.19 8.0 -1.0 0.704722 50.72512498809025 0.093260334688322 0.02073626924300726 1.1383043198718594 16.0 -1.0 -1.0 -1.0 -1.0 
53.19 13.19 8.0 -1.0 3.696818455398 101.4502499761805 0.08978324947588143 0.017971433343939622 1.5803824741642787 16.0 -1.0 -1.0 -1.0 -1.0 
53.19 13.19 8.0 -1.0 0.917 61.2719331539308 1.5941172158710846 0.02073626924300726 83.69101876663943 32.0 84.0787242554398 32.0 0.9169828748175254 61.32594746292451 
53.19 13.19 8.0 -1.0 0.055504440741373465 96.5649319080206 3.910742543527955 0.011059343596270537 275.05465410776736 32.0 278.1228479249856 32.0 0.05550949329820772 101.19793310713615 
53.19 13.19 8.0 -1.0 456.999686853575 0.0 2.7494379596855727 0.0884747487701643 18.65469051764356 1.0 -1.0 -1.0 -1.0 -1.0 
53.19 13.19 8.0 -1.0 11.25824222016926 152.17537496427076 8.619727755918438 0.02350110514207489 367.3052594026549 32.0 367.3052597925419 32.0 11.258240798876312 152.10049346002566 
53.84 39.51 8.0 -1.0 2.040226 94.17206665508525 0.9351840469571139 0.019353851293473442 57.0077650969394 32.0 57.06589468680677 32.0 2.040239147997151 94.11407778963662 
53.84 39.51 8.0 -1.0 2.448305150593299 98.28903563450352 0.45589611005442604 0.024883523091608704 20.517714778092024 16.0 -1.0 -1.0 -1.0 -1.0 
53.84 39.51 8.0 -1.0 0.005400798609833176 10.450767409292554 0.012921446421017188 0.029030776940210157 0.49382837761810644 4.0 -1.0 -1.0 -1.0 -1.0 
53.84 39.51 8.0 -1.0 0.4389721569797828 54.557036475507964 0.3003639208146939 0.062208807729021785 0.908596816885416 8.0 -1.0 -1.0 -1.0 -1.0 
53.84 39.51 8.0 -1.0 0.012294358768361494 0.0 0.7627605773872714 0.022118687192541075 3.0085787853710686 2.0 -1.0 -1.0 -1.0 -1.0 
53.84 39.51 8.0 -1.0 216.171230573016 191.91409242519055 0.12708971653659945 0.013824179495338172 1.3213747587055165 2.0 -1.0 -1.0 -1.0 -1.0 
53.84 39.51 8.0 -1.0 205.338809 115.87972127383617 1.947730894025813 0.0483846282336836 20.745507676745643 1.0 20.745507778597247 1.0 205.339165404439 115.8716334076709 
53.84 39.51 8.0 -1.0 1.864837 60.77567493392998 2.985021714522505 0.05391430003181887 68.94941508371463 32.0 69.35910233433759 32.0 1.8648279365152123 60.819957797388824 
53.84 39.51 8.0 -1.0 9.0712294903 95.95704621259527 5.63216108464274 0.031795612839277794 216.28879678198746 16.0 216.28880277197447 16.0 9.071239522503069 95.93564058556508 
53.84 39.51 8.0 -1.0 4.06545762605 287.8711386377858 9.345382032112324 0.05529671798135269 239.9287309720909 8.0 -1.0 -1.0 -1.0 -1.0 
54.06 62.95 8.0 -1.0 0.98911728333 48.8566120618266 0.018622029174201728 0.02350110514207489 0.7477333697694686 1.0 -1.0 -1.0 -1.0 -1.0 
54.06 62.95 8.0 -1.0 3.5037879534700034 69.93551598612473 0.3290422946584711 0.0967692564673672 1.34297628548295 4.0 -1.0 -1.0 -1.0 -1.0 
54.06 62.95 8.0 -1.0 0.44506595012065714 126.65205832480827 0.0171286593505062 0.0027648358990676344 1.6680082753701746 2.0 -1.0 -1.0 -1.0 -1.0 
54.06 62.95 8.0 -1.0 0.804014 78.64396146332417 0.047782396393280496 0.038707702586946884 2.1364389247629987 2.0 -1.0 -1.0 -1.0 -1.0 
54.06 62.95 8.0 -1.0 213.59893407472 200.87480900740042 0.03066540217911458 0.017971433343939622 1.8526821151138781 2.0 -1.0 -1.0 -1.0 -1.0 
54.06 62.95 8.0 -1.0 0.0012816608228960339 0.0 0.34415467656731447 0.10782860006363773 4.055196993469254 1.0 -1.0 -1.0 -1.0 -1.0 
54.06 62.95 8.0 -1.0 0.007588344846141157 148.84742961797812 0.14096617363948857 0.027648358990676344 2.550687411388268 1.0 -1.0 -1.0 -1.0 -1.0 
54.06 62.95 8.0 -1.0 17.173278 446.5422888539344 0.011481694855213496 0.01520659744487199 -0.22556355699638672 8.0 -1.0 -1.0 -1.0 -1.0 
54.06 62.95 8.0 -1.0 2.157619537033 109.5031195389386 1.0619464324307952 0.013824179495338172 88.48252652682848 32.0 89.15786249023022 32.0 2.157624597505977 109.49616362192133 
54.06 62.95 8.0 -1.0 1.496132 297.69485923595624 1.3655686293546998 0.012441761545804352 83.23707862005132 32.0 83.27141586476208 32.0 1.4961187844164672 297.7243192011946 
54.06 62.95 8.0 -1.0 0.98911728333 48.8566120618266 0.018622029174201728 0.02350110514207489 0.7477333697694686 1.0 -1.0 -1.0 -1.0 -1.0 
54.06 62.95 8.0 -1.0 3.5037879534700034 69.93551598612473 0.3290422946584711 0.0967692564673672 1.34297628548295 4.0 -1.0 -1.0 -1.0 -1.0 
54.06 62.95 8.0 -1.0 0.44506595012065714 126.65205832480827 0.0171286593505062 0.0027648358990676344 1.6680082753701746 2.0 -1.0 -1.0 -1.0 -1.0 
54.06 62.95 8.0 -1.0 0.804014 78.64396146332417 0.047782396393280496 0.038707702586946884 2.1364389247629987 2.0 -1.0 -1.0 -1.0 -1.0 
54.06 62.95 8.0 -1.0 213.59893407472 200.87480900740042 0.03066540217911458 0.017971433343939622 1.8526821151138781 2.0 -1.0 -1.0 -1.0 -1.0 
54.06 62.95 8.0 -1.0 0.0012816608228960339 0.0 0.34415467656731447 0.10782860006363773 4.055196993469254 1.0 -1.0 -1.0 -1.0 -1.0 
54.06 62.95 8.0 -1.0 0.007588344846141157 148.84742961797812 0.14096617363948857 0.027648358990676344 2.550687411388268 1.0 -1.0 -1.0 -1.0 -1.0 
54.06 62.95 8.0 -1.0 17.173278 446.5422888539344 0.011481694855213496 0.01520659744487199 -0.22556355699638672 8.0 -1.0 -1.0 -1.0 -1.0 
54.06 62.95 8.0 -1.0 2.157619537033 109.5031195389386 1.0619464324307952 0.013824179495338172 88.48252652682848 32.0 89.15786249023022 32.0 2.157624597505977 109.49616362192133 
54.06 62.95 8.0 -1.0 1.496132 297.69485923595624 1.3655686293546998 0.012441761545804352 83.23707862005132 32.0 83.27141586476208 32.0 1.4961187844164672 297.7243192011946 
54.11 38.73 8.0 -1.0 0.0021345519190796537 41.828038531792664 0.020470625497787016 0.016589015394405805 4.439646878740699 2.0 -1.0 -1.0 -1.0 -1.0 
54.11 38.73 8.0 -1.0 0.0018174136330096186 56.35837686608638 0.8965928258909794 0.026265941041142528 5.764481193872871 2.0 -1.0 -1.0 -1.0 -1.0 
54.11 38.73 8.0 -1.0 28.7483845404833 25.36411310017611 0.11084202985753976 0.030413194889743977 0.5396478788242214 4.0 -1.0 -1.0 -1.0 -1.0 
54.11 38.73 8.0 -1.0 0.52289775784 132.87724273220064 0.4858124572854596 0.022118687192541075 19.896050500013434 32.0 20.832417496993987 32.0 0.5228988205393156 133.2776779020983 
54.11 38.73 8.0 -1.0 0.007764724487021979 0.0 0.0396789212041291 0.10644618211410392 -0.35954476050984174 4.0 -1.0 -1.0 -1.0 -1.0 
54.11 38.73 8.0 -1.0 346.71337922051 94.77420287319167 0.04440836117519113 0.024883523091608708 0.9414067117376946 1.0 -1.0 -1.0 -1.0 -1.0 
54.11 38.73 8.0 -1.0 0.5851 189.54840574638334 0.0360458843993142 0.02073626924300726 1.3073933661122477 4.0 -1.0 -1.0 -1.0 -1.0 
54.11 38.73 8.0 -1.0 0.0020107651267710276 284.322608619575 0.12252051704249856 0.009676925646736721 2.821990524159502 1.0 -1.0 -1.0 -1.0 -1.0 
54.11 38.73 8.0 -1.0 3.52042385334 93.06809661084799 1.3011022597285766 0.06497364362808941 20.66674652434478 8.0 20.85918318722183 8.0 3.520472091622651 93.00090052545812 
54.11 38.73 8.0 -1.0 1.268433632689 119.71178940778186 1.6847002963747477 0.026265941041142528 68.34130133169215 32.0 68.37847851861395 32.0 1.268411627582585 119.71715486574207 
54.11 38.73 8.0 -1.0 0.0021345519190796537 41.828038531792664 0.020470625497787016 0.016589015394405805 4.439646878740699 2.0 -1.0 -1.0 -1.0 -1.0 
54.11 38.73 8.0 -1.0 0.0018174136330096186 56.35837686608638 0.8965928258909794 0.026265941041142528 5.764481193872871 2.0 -1.0 -1.0 -1.0 -1.0 
54.11 38.73 8.0 -1.0 28.7483845404833 25.36411310017611 0.11084202985753976 0.030413194889743977 0.5396478788242214 4.0 -1.0 -1.0 -1.0 -1.0 
54.11 38.73 8.0 -1.0 0.52289775784 132.87724273220064 0.4858124572854596 0.022118687192541075 19.896050500013434 32.0 20.832417496993987 32.0 0.5228988205393156 133.2776779020983 
54.11 38.73 8.0 -1.0 0.007764724487021979 0.0 0.0396789212041291 0.10644618211410392 -0.35954476050984174 4.0 -1.0 -1.0 -1.0 -1.0 
54.11 38.73 8.0 -1.0 346.71337922051 94.77420287319167 0.04440836117519113 0.024883523091608708 0.9414067117376946 1.0 -1.0 -1.0 -1.0 -1.0 
54.11 38.73 8.0 -1.0 0.5851 189.54840574638334 0.0360458843993142 0.02073626924300726 1.3073933661122477 4.0 -1.0 -1.0 -1.0 -1.0 
54.11 38.73 8.0 -1.0 0.0020107651267710276 284.322608619575 0.12252051704249856 0.009676925646736721 2.821990524159502 1.0 -1.0 -1.0 -1.0 -1.0 
54.11 38.73 8.0 -1.0 3.52042385334 93.06809661084799 1.3011022597285766 0.06497364362808941 20.66674652434478 8.0 20.85918318722183 8.0 3.520472091622651 93.00090052545812 
54.11 38.73 8.0 -1.0 1.268433632689 119.71178940778186 1.6847002963747477 0.026265941041142528 68.34130133169215 32.0 68.37847851861395 32.0 1.268411627582585 119.71715486574207 
54.25 39.51 8.0 -1.0 1.2432514573471 69.15426529972825 0.04654433038693023 0.08156265902249522 -0.13410750084063777 8.0 -1.0 -1.0 -1.0 -1.0 
54.25 39.51 8.0 -1.0 0.719945540243 117.65206174369352 0.09700601850717244 0.027648358990676344 0.4824405497520817 8.0 -1.0 -1.0 -1.0 -1.0 
54.25 39.51 8.0 -1.0 3.18107864855 97.0825065016294 0.21874291404837506 0.01520659744487199 9.355776162524373 16.0 9.355775895952071 16.0 3.1810486689209942 97.04881784974357 
54.25 39.51 8.0 -1.0 20.116677 101.9496688687657 0.024839309219294295 0.027648358990676344 -0.10378478014680996 2.0 -1.0 -1.0 -1.0 -1.0 
54.25 39.51 8.0 -1.0 0.90193703186 48.49779644396527 0.3654738309850336 0.026265941041142528 9.843289832791704 16.0 10.036615254584852 32.0 0.901945895748213 48.47380995831822 
54.25 39.51 8.0 -1.0 0.045972698853087204 40.53071518823621 0.02724855863352144 0.09400442056829955 1.2865130466109629 1.0 -1.0 -1.0 -1.0 -1.0 
54.25 39.51 8.0 -1.0 1.4414462816 0.0 0.2427943207491718 0.029030776940210157 0.9917820434623469 8.0 -1.0 -1.0 -1.0 -1.0 
54.25 39.51 8.0 -1.0 0.0018341944633042777 193.12204963887245 0.03231848135532067 0.011059343596270537 5.332980811187182 1.0 -1.0 -1.0 -1.0 -1.0 
54.25 39.51 8.0 -1.0 0.29430830737650915 96.56102481943623 7.895683640747891 0.016589015394405805 569.2812073754859 32.0 569.4643493368119 32.0 0.2943124854937196 96.34043231799362 
54.25 39.51 8.0 -1.0 1.3595755985905091 289.6830744583087 9.808422387222585 0.015206597444871989 576.9865115585462 32.0 577.0090338999695 32.0 1.3595733131902914 289.62848455262366 
55.08 39.51 8.0 -1.0 0.046825583003315005 175.90315237476824 0.01263892599784675 0.031795612839277794 2.2056107813862345 1.0 -1.0 -1.0 -1.0 -1.0 
55.08 39.51 8.0 -1.0 30.378269121627664 168.18114785556207 0.03657264038463828 0.030413194889743977 0.7660742197098581 8.0 -1.0 -1.0 -1.0 -1.0 
55.08 39.51 8.0 -1.0 346.71337922051 33.11947185423779 0.055357225786097385 0.0483846282336836 0.6343419268422441 1.0 -1.0 -1.0 -1.0 -1.0 
55.08 39.51 8.0 -1.0 189.48987107047 116.2411250628789 0.2757046204680018 0.017971433343939622 14.033398395821052 1.0 14.03339851430893 1.0 189.4901894653837 116.27642514009945 
55.08 39.51 8.0 -1.0 64.84399265188851 78.36513331468143 0.22658727867683454 0.056679135930886505 1.0337715862252326 1.0 -1.0 -1.0 -1.0 -1.0 
55.08 39.51 8.0 -1.0 2.071395365584 227.4321178926648 0.027399571714836618 0.03732528463741307 2.0848080415093273 8.0 -1.0 -1.0 -1.0 -1.0 
55.08 39.51 8.0 -1.0 0.012522443348826483 0.0 0.05008065115563314 0.10644618211410392 0.7712606287215226 8.0 -1.0 -1.0 -1.0 -1.0 
55.08 39.51 8.0 -1.0 2.262144835535 97.86099263313345 0.7701736550890854 0.06635606157762322 8.59572660885711 8.0 8.60674019086651 8.0 2.262095222249627 97.9595992477078 
55.08 39.51 8.0 -1.0 4.128977499143 293.58297789940036 0.3552671528398794 0.017971433343939622 15.908470665167114 16.0 16.63533362042819 16.0 4.128984680088858 293.575203943802 
55.08 39.51 8.0 -1.0 2.6472448838535136 195.7219852662669 1.7451155261522686 0.02073626924300726 114.9999491892626 32.0 115.02962358260325 32.0 2.6472359119604034 195.71680262920134 
55.08 39.51 8.0 -1.0 0.046825583003315005 175.90315237476824 0.01263892599784675 0.031795612839277794 2.2056107813862345 1.0 -1.0 -1.0 -1.0 -1.0 
55.08 39.51 8.0 -1.0 30.378269121627664 168.18114785556207 0.03657264038463828 0.030413194889743977 0.7660742197098581 8.0 -1.0 -1.0 -1.0 -1.0 
55.08 39.51 8.0 -1.0 346.71337922051 33.11947185423779 0.055357225786097385 0.0483846282336836 0.6343419268422441 1.0 -1.0 -1.0 -1.0 -1.0 
55.08 39.51 8.0 -1.0 189.48987107047 116.2411250628789 0.2757046204680018 0.017971433343939622 14.033398395821052 1.0 14.03339851430893 1.0 189.4901894653837 116.27642514009945 
55.08 39.51 8.0 -1.0 64.84399265188851 78.36513331468143 0.22658727867683454 0.056679135930886505 1.0337715862252326 1.0 -1.0 -1.0 -1.0 -1.0 
55.08 39.51 8.0 -1.0 2.071395365584 227.4321178926648 0.027399571714836618 0.03732528463741307 2.0848080415093273 8.0 -1.0 -1.0 -1.0 -1.0 
55.08 39.51 8.0 -1.0 0.012522443348826483 0.0 0.05008065115563314 0.10644618211410392 0.7712606287215226 8.0 -1.0 -1.0 -1.0 -1.0 
55.08 39.51 8.0 -1.0 2.262144835535 97.86099263313345 0.7701736550890854 0.06635606157762322 8.59572660885711 8.0 8.60674019086651 8.0 2.262095222249627 97.9595992477078 
55.08 39.51 8.0 -1.0 4.128977499143 293.58297789940036 0.3552671528398794 0.017971433343939622 15.908470665167114 16.0 16.63533362042819 16.0 4.128984680088858 293.575203943802 
55.08 39.51 8.0 -1.0 2.6472448838535136 195.7219852662669 1.7451155261522686 0.02073626924300726 114.9999491892626 32.0 115.02962358260325 32.0 2.6472359119604034 195.71680262920134 
62.54 39.53 8.0 -1.0 0.852686908781 7.114180294581415 0.293796626469405 0.011059343596270537 13.65439680483308 32.0 14.791547873357832 32.0 0.8526815994021794 7.38744911682094 
62.54 39.53 8.0 -1.0 0.003012947724726992 74.66533563888514 0.05088275960600901 0.04009012053648069 5.852016416729398 1.0 -1.0 -1.0 -1.0 -1.0 
62.54 39.53 8.0 -1.0 4.708586 169.96850562290032 0.07020768264702734 0.03732528463741307 1.2717603112804734 2.0 -1.0 -1.0 -1.0 -1.0 
62.54 39.53 8.0 -1.0 1.4914562027 0.0 0.03148109319224993 0.02073626924300726 1.3525147511168276 1.0 -1.0 -1.0 -1.0 -1.0 
62.54 39.53 8.0 -1.0 2.822386 223.6939898286779 0.16627313382536477 0.022118687192541075 3.3811061022863043 16.0 -1.0 -1.0 -1.0 -1.0 
62.54 39.53 8.0 -1.0 9.83930672914 335.54098474301685 0.11762700810961424 0.06773847952715704 1.7380719233511028 8.0 -1.0 -1.0 -1.0 -1.0 
62.54 39.53 8.0 -1.0 91.743119 142.4178357085072 4.135820258278061 0.026265941041142528 88.90520599856225 2.0 88.90520825028814 2.0 91.74303462107977 142.38549188174056 
62.54 39.53 8.0 -1.0 1.127887471217 169.46514380960446 2.83821508860516 0.015206597444871992 230.95202835154043 32.0 231.15635260487647 32.0 1.1278946961586676 169.50653795445305 
62.54 39.53 8.0 -1.0 1.816095387735561 29.16142771693986 2.511539390843636 0.03041319488974398 122.88143994555978 16.0 122.97348101735554 16.0 1.8160790205001833 29.24620266796235 
62.54 39.53 8.0 -1.0 0.24601771844320985 111.84699491433895 4.352751525415837 0.022118687192541075 228.74604925191178 32.0 229.50084355085744 32.0 0.24601831682957712 112.12730988270685 
83.27 39.57 8.0 -1.0 1.0273309412799 127.93367897389186 0.09647136862602292 0.05114946413275124 1.2116013005522013 2.0 -1.0 -1.0 -1.0 -1.0 
83.27 39.57 8.0 -1.0 0.2104307696878421 113.72349708326568 0.06891025045779399 0.04147253848601452 1.2302266072892236 16.0 -1.0 -1.0 -1.0 -1.0 
83.27 39.57 8.0 -1.0 0.22648634163526296 287.3988266400016 0.029096877432702457 0.026265941041142528 1.857194429555382 1.0 -1.0 -1.0 -1.0 -1.0 
83.27 39.57 8.0 -1.0 0.011112155734773638 0.0 0.031178081282623893 0.016589015394405805 0.9448114627572847 8.0 -1.0 -1.0 -1.0 -1.0 
83.27 39.57 8.0 -1.0 0.001158418664325096 140.1258468682161 0.07781962056190478 0.011059343596270537 5.131740831746603 2.0 -1.0 -1.0 -1.0 -1.0 
83.27 39.57 8.0 -1.0 256.2202469153542 420.3775406046483 0.024464641376516383 0.006912089747669086 0.41120124450942924 1.0 -1.0 -1.0 -1.0 -1.0 
83.27 39.57 8.0 -1.0 0.001911646398833734 9.753734315459386 5.939875985383376 0.08156265902249521 19.630617244295124 4.0 -1.0 -1.0 -1.0 -1.0 
83.27 39.57 8.0 -1.0 0.844274 64.61848983991844 6.174176748635792 0.04700221028414978 180.68828190403968 32.0 180.74037513467437 32.0 0.8442839316558094 64.76667718856713 
83.27 39.57 8.0 -1.0 502.512563 89.4652871693861 4.533834329565707 0.012441761545804354 85.75498070019698 1.0 85.75498168363565 1.0 502.51255743205553 89.45897286670836 
83.27 39.57 8.0 -1.0 1.26048 280.2516937364322 1.3514907615213376 0.04423737438508215 33.12724575904839 16.0 33.12982111010764 16.0 1.2604990236771605 280.31827470676717 
83.64 22.35 8.0 -1.0 1.50177520425 171.45130959864863 0.2607003499616187 0.022118687192541075 0.5932088950089534 4.0 -1.0 -1.0 -1.0 -1.0 
83.64 22.35 8.0 -1.0 31.932334792 52.00025184532657 0.26745007515631924 0.01520659744487199 1.4439840982790983 8.0 -1.0 -1.0 -1.0 -1.0 
83.64 22.35 8.0 -1.0 1.97978323338 52.58172431005067 0.16893621992017888 0.012441761545804354 1.1296489587246619 4.0 -1.0 -1.0 -1.0 -1.0 
83.64 22.35 8.0 -1.0 4.42268268368 53.16319677477477 0.012577952809647151 0.04423737438508215 1.0347422038352374 1.0 -1.0 -1.0 -1.0 -1.0 
83.64 22.35 8.0 -1.0 0.9031862366998201 14.661412860543354 0.13750352488231646 0.017971433343939622 0.6239723263392737 8.0 -1.0 -1.0 -1.0 -1.0 
83.64 22.35 8.0 -1.0 8.98827746737108 0.0 0.028070155886764463 0.016589015394405805 1.7506560659499186 2.0 -1.0 -1.0 -1.0 -1.0 
83.64 22.35 8.0 -1.0 430.461054545748 138.43198035181587 0.1324683757319961 0.031795612839277794 1.7599563613115483 1.0 -1.0 -1.0 -1.0 -1.0 
83.64 22.35 8.0 -1.0 3.7043334323208 276.86396070363173 0.012396792470772947 0.029030776940210157 1.2156555400907545 16.0 -1.0 -1.0 -1.0 -1.0 
83.64 22.35 8.0 -1.0 1.393673621923 63.96197111965089 7.664581540072594 0.012441761545804354 300.1437901938841 32.0 300.1611488794539 32.0 1.3936793645067762 63.957093723710045 
83.64 22.35 8.0 -1.0 0.1121204607911729 415.2959410554476 8.548564430521743 0.012441761545804354 179.79472157144716 32.0 180.2659092682425 32.0 0.11211038023854296 415.11392160547246 
23.86 62.91 8.0 -1.0 1.09911524378 24.893729885462523 0.1533622854339414 0.01520659744487199 1.6072147968610588 2.0 -1.0 -1.0 -1.0 -1.0 
23.86 62.91 8.0 -1.0 12.608085313 221.73431758832206 0.7744420018433865 0.024883523091608704 20.50642391095049 16.0 20.64306131023207 16.0 12.608082518757632 221.72467143773534 
23.86 62.91 8.0 -1.0 0.047475613789974204 64.33574347022133 0.027286233694994055 0.06773847952715704 4.67728149675059 2.0 -1.0 -1.0 -1.0 -1.0 
23.86 62.91 8.0 -1.0 1.3899355261798 131.99680892885323 0.09944884875250298 0.016589015394405805 1.683486448431957 32.0 -1.0 -1.0 -1.0 -1.0 
23.86 62.91 8.0 -1.0 4.918355 0.0 0.3637106982091573 0.012441761545804354 18.553094919925332 32.0 -1.0 -1.0 -1.0 -1.0 
23.86 62.91 8.0 -1.0 461.3979177468945 153.9346970468397 0.014223789010228069 0.026265941041142528 2.3211638061355955 1.0 -1.0 -1.0 -1.0 -1.0 
23.86 62.91 8.0 -1.0 6.096446 461.80409114051906 0.01161733493855982 0.016589015394405805 1.3859842907373099 16.0 -1.0 -1.0 -1.0 -1.0 
23.86 62.91 8.0 -1.0 6.98 121.0047723560516 1.3403330336259605 0.04147253848601452 29.98353788723991 16.0 30.482247711339312 16.0 6.980008038226516 121.03272799613484 
23.86 62.91 8.0 -1.0 0.0019381837942647764 64.28955844260452 3.739015587920551 0.03732528463741307 12.376204453161115 4.0 -1.0 -1.0 -1.0 -1.0 
23.86 62.91 8.0 -1.0 0.011581385135898587 307.8693940936794 4.719189172528151 0.027648358990676348 7.520385764554622 16.0 -1.0 -1.0 -1.0 -1.0 
288.26 79.78 8.0 -1.0 2.233596324088 44.16795949111475 1.0160163342901278 0.05391430003181887 45.80565826359855 16.0 46.391799324523994 16.0 2.2335977215940757 44.223496767818496 
289.08 14.17 8.0 -1.0 6.280644351360491 146.5687787099043 0.213960218781229 0.016589015394405805 4.401827711176526 32.0 -1.0 -1.0 -1.0 -1.0 
289.08 14.17 8.0 -1.0 0.869118853459 138.44862476475726 0.12083930556546363 0.005529671798135269 1.124510668282042 32.0 -1.0 -1.0 -1.0 -1.0 
289.08 14.17 8.0 -1.0 3.57769 30.552079218615788 0.68625203982797 0.031795612839277794 6.276432557207854 16.0 -1.0 -1.0 -1.0 -1.0 
289.08 14.17 8.0 -1.0 17.341059575008597 63.641706545090024 0.05566401871967786 0.03041319488974398 1.5885362508718903 1.0 -1.0 -1.0 -1.0 -1.0 
289.08 14.17 8.0 -1.0 0.89398205209 68.20929313923524 0.023390359871954317 0.1354769590543141 2.5745305229150626 2.0 -1.0 -1.0 -1.0 -1.0 
289.08 14.17 8.0 -1.0 4.29203 0.0 0.5187659910761383 0.022118687192541075 2.7137565556654577 32.0 -1.0 -1.0 -1.0 -1.0 
289.08 14.17 8.0 -1.0 282.535701428469 338.30591373968906 0.029379662646940502 0.06082638977948796 0.17724293154809947 1.0 -1.0 -1.0 -1.0 -1.0 
289.08 14.17 8.0 -1.0 0.18086 676.6118274793781 0.010752343999733061 0.022118687192541075 3.737085547348239 2.0 -1.0 -1.0 -1.0 -1.0 
289.08 14.17 8.0 -1.0 502.368668 1014.9177412190672 0.08806320341568248 0.03732528463741307 0.35230137991212074 1.0 -1.0 -1.0 -1.0 -1.0 
289.08 14.17 8.0 -1.0 0.4500881198 71.66035856592273 3.8544160923830693 0.017971433343939622 121.98402460158121 32.0 122.04171191152264 32.0 0.4500786114173631 71.6481366398524 
292.95 22.32 8.0 -1.0 0.02203800457605804 56.04894521939037 0.06334030758662766 0.009676925646736721 0.8299119915406701 2.0 -1.0 -1.0 -1.0 -1.0 
292.95 22.32 8.0 -1.0 0.837963 63.171655353170685 0.4048188493154514 0.03317803078881161 2.81367837011484 16.0 -1.0 -1.0 -1.0 -1.0 
292.95 22.32 8.0 -1.0 8.703739461767679 96.66535181559004 0.29726742058157246 0.035942866687879244 3.9999223717738674 16.0 -1.0 -1.0 -1.0 -1.0 
292.95 22.32 8.0 -1.0 6.129329 22.38566042045243 0.16084984326885898 0.011059343596270537 6.042844371298198 32.0 -1.0 -1.0 -1.0 -1.0 
292.95 22.32 8.0 -1.0 1.86626740089 18.48512868052511 0.06848312320992868 0.05529671798135269 0.6630652705340832 2.0 -1.0 -1.0 -1.0 -1.0 
292.95 22.32 8.0 -1.0 24.477130550848678 0.0 0.042664141032509824 0.07879782312342758 3.61819205602277 2.0 -1.0 -1.0 -1.0 -1.0 
292.95 22.32 8.0 -1.0 1.3093429439 282.61896280821196 0.10879367828068814 0.05114946413275123 1.9158097868982567 16.0 -1.0 -1.0 -1.0 -1.0 
292.95 22.32 8.0 -1.0 0.828074420138 154.49497456842548 5.931674589932816 0.10921101801317155 25.470973185349255 8.0 25.55682915643083 8.0 0.8281252424543103 154.32684798838264 
292.95 22.32 8.0 -1.0 9.943798 565.2379256164239 1.44117218517521 0.02350110514207489 40.956689432518466 8.0 41.084682857611625 8.0 9.943808739384016 565.2916543364626 
292.95 22.32 8.0 -1.0 2.44290034442 847.8568884246358 4.5275743052258735 0.06497364362808941 62.642386949489776 8.0 62.69944918200367 8.0 2.4429027689620852 847.8362835715867 
297.69 38.74 8.0 -1.0 24.0890080713045 72.10900836126478 0.12708971653659945 0.024883523091608708 3.4310078714186005 2.0 -1.0 -1.0 -1.0 -1.0 
297.69 38.74 8.0 -1.0 3.370181 52.668280534072174 0.618271343828885 0.024883523091608708 18.39828660502375 32.0 18.536265630339198 16.0 3.3702235668897633 52.72412314881794 
297.69 38.74 8.0 -1.0 19.18594491719735 106.38035853537616 0.10730082479810867 0.02211868719254108 1.7912066350074096 16.0 -1.0 -1.0 -1.0 -1.0 
297.69 38.74 8.0 -1.0 112.410451 434.87211978545633 0.09560884017047858 0.029030776940210157 1.3514695638269978 1.0 -1.0 -1.0 -1.0 -1.0 
297.69 38.74 8.0 -1.0 21.521778197384467 109.77270030387957 2.28947535848214 0.02211868719254107 70.74627196305129 16.0 70.74627162297865 16.0 21.52173692593351 109.79975742124273 
297.69 38.74 8.0 -1.0 230.414747 131.95339648255572 9.63381672181643 0.04147253848601452 112.48542800507836 1.0 112.48542633409012 1.0 230.41502572596076 131.96210477170553 
297.69 38.74 8.0 -1.0 0.200979268178206 16.87472572024773 3.0601912910025972 0.07188573337575849 1.5167573699774395 16.0 -1.0 -1.0 -1.0 -1.0 
297.69 38.74 8.0 -1.0 1.2580475 0.0 1.4693210878159408 0.12580003340757737 1.5572513964618306 8.0 -1.0 -1.0 -1.0 -1.0 
297.69 38.74 8.0 -1.0 92.79872660216681 144.9573732618188 5.894908218805171 0.012441761545804354 165.57657824781157 4.0 165.5765787013948 4.0 92.79877607089779 144.91544020941896 
297.69 38.74 8.0 -1.0 0.01612345029807225 289.9147465236376 1.7989765511541298 0.01520659744487199 4.718543956783745 32.0 -1.0 -1.0 -1.0 -1.0 
298.24 79.31 8.0 -1.0 0.9946930319708154 145.44213938999107 1.0597477916820932 0.029030776940210157 56.922861436555394 16.0 60.08334924261849 32.0 0.9946991970840221 145.21903400874038 
298.24 79.31 8.0 -1.0 2.44468374341 113.56651062125809 8.625684705825071 0.011059343596270537 1216.881220368617 32.0 1216.887800935276 32.0 2.4446914418755723 113.54408094620675 
298.51 38.74 8.0 -1.0 2.1507181757 93.04835749136107 0.28697613656589205 0.0884747487701643 2.6105758934606995 8.0 -1.0 -1.0 -1.0 -1.0 
298.51 38.74 8.0 -1.0 0.22752955379214254 37.942048685797715 0.11754577418803308 0.012441761545804354 1.4677897719136266 4.0 -1.0 -1.0 -1.0 -1.0 
298.51 38.74 8.0 -1.0 193.7156834116254 0.0 0.04254640661191802 0.012441761545804352 1.9094436669305772 2.0 -1.0 -1.0 -1.0 -1.0 
298.51 38.74 8.0 -1.0 0.004683690999171267 316.94448187910723 0.051306337904839586 0.012441761545804354 3.6410575600339508 1.0 -1.0 -1.0 -1.0 -1.0 
298.51 38.74 8.0 -1.0 172.70704460237 475.41672281866084 0.16592888398725764 0.04700221028414978 0.1971256415081153 1.0 -1.0 -1.0 -1.0 -1.0 
298.51 38.74 8.0 -1.0 276.35575461663 76.73993305623749 6.462209569809847 0.023501105142074888 95.19064071915342 1.0 95.19063908095082 1.0 276.3554221019149 76.7080332952092 
298.51 38.74 8.0 -1.0 2.65684439046 58.29191940950877 3.3018084541305774 0.02211868719254108 177.45272377693018 32.0 178.0508385222043 32.0 2.656846239309137 58.29000946971043 
298.51 38.74 8.0 -1.0 233.2571878284 43.88535205136753 3.7597374276556876 0.1769494975403286 33.00858263140969 1.0 33.00858292494175 1.0 233.25749983390173 43.91990296849709 
298.51 38.74 8.0 -1.0 0.083991 120.91056366915238 6.972432819051365 0.17556707959079476 2.4664119450576933 1.0 -1.0 -1.0 -1.0 -1.0 
298.51 38.74 8.0 -1.0 0.8158057495 158.47224093955361 9.7678499584738 0.06635606157762322 100.47530846898059 8.0 105.1015523445675 16.0 0.8158167474903167 158.57716117888236 
301.19 39.52 8.0 -1.0 0.904028 52.87310773028676 0.022025931965714878 0.024883523091608708 1.7891686585857929 32.0 -1.0 -1.0 -1.0 -1.0 
301.19 39.52 8.0 -1.0 0.0027993604566431823 33.399887893476475 0.03313233357761438 0.02350110514207489 2.0914571329934994 1.0 -1.0 -1.0 -1.0 -1.0 
301.19 39.52 8.0 -1.0 10.725011 0.0 0.014836010489410991 0.027648358990676344 1.9775235828337534 8.0 -1.0 -1.0 -1.0 -1.0 
301.19 39.52 8.0 -1.0 253.4366 401.8838496352241 0.18126995735709858 0.01520659744487199 1.8827386002081012 1.0 -1.0 -1.0 -1.0 -1.0 
301.19 39.52 8.0 -1.0 0.537915 602.8257744528362 0.04225349001833228 0.14930113854965227 2.239527624293924 2.0 -1.0 -1.0 -1.0 -1.0 
301.19 39.52 8.0 -1.0 0.842 50.039543233908795 1.5262242925517453 0.013824179495338174 77.37802573604638 32.0 77.83726766488348 32.0 0.8420101949013771 50.092976888032396 
301.19 39.52 8.0 -1.0 4.4146421450799 112.31767354791818 6.144391049998397 0.016589015394405805 330.5470329663549 32.0 330.5960513194812 32.0 4.414626649425676 112.32970574892111 
301.19 39.52 8.0 -1.0 13.815971 42.021158595222204 5.604990198616275 0.026265941041142528 225.4003835099678 32.0 225.56608603742552 32.0 13.815982432182258 41.997142239461496 
301.19 39.52 8.0 -1.0 0.472774981134 56.8521557464771 2.120472493719455 0.07603298722435994 7.3630311727430335 8.0 7.808111659086537 16.0 0.47275534598156815 59.20079086767465 
301.19 39.52 8.0 -1.0 0.4192557152705343 200.94192481761206 1.12461818180837 0.10921101801317157 2.373343104590067 8.0 -1.0 -1.0 -1.0 -1.0 
303.02 38.73 8.0 -1.0 13.84463506737783 155.99046101415544 0.24481548481623458 0.06497364362808941 1.6363042782438386 1.0 -1.0 -1.0 -1.0 -1.0 
303.02 38.73 8.0 -1.0 0.916583201958 1.2745475707012246 0.029685697301048555 0.012441761545804354 1.0906017900182532 1.0 -1.0 -1.0 -1.0 -1.0 
303.02 38.73 8.0 -1.0 5.99703102436 50.41543724107066 0.36826175257976695 0.005529671798135269 29.745765081458813 32.0 -1.0 -1.0 -1.0 -1.0 
303.02 38.73 8.0 -1.0 1.4967703791 126.03859310267666 0.03854416092383065 0.023501105142074888 0.37998395423717324 1.0 -1.0 -1.0 -1.0 -1.0 
303.02 38.73 8.0 -1.0 0.7084996307 63.30252934482749 0.7559409094159965 0.013824179495338174 32.84392675500261 32.0 32.93757399200201 32.0 0.7084963726811111 63.349906125067236 
303.02 38.73 8.0 -1.0 34.56285133892 158.53955615555788 0.09951757619112589 0.07188573337575849 1.3609430525764914 1.0 -1.0 -1.0 -1.0 -1.0 
303.02 38.73 8.0 -1.0 214.35478534113 0.0 0.16627313382536477 0.013824179495338172 3.952486254628806 1.0 -1.0 -1.0 -1.0 -1.0 
303.02 38.73 8.0 -1.0 1.3721290465114018 236.00372517484342 0.2621451663160227 0.01105934359627054 9.561378131685027 32.0 6.860452284794603 32.0 1.3721243400747578 235.28519447409153 
303.02 38.73 8.0 -1.0 91.94972192255072 472.00745034968685 8.128136701511847 0.023501105142074888 74.90062509673452 1.0 74.90062526387297 1.0 91.94967181732258 471.987160011683 
303.02 38.73 8.0 -1.0 0.597218 708.0111755245302 1.6096100390942392 0.12441761545804356 3.7284449039157375 4.0 -1.0 -1.0 -1.0 -1.0 
304.92 39.51 8.0 -1.0 0.06140946221409365 50.159218510088145 0.07632877084845537 0.2018330206319373 1.7994299877889681 8.0 -1.0 -1.0 -1.0 -1.0 
304.92 39.51 8.0 -1.0 1.776199 92.25585993391745 0.06221274842200597 0.02073626924300726 1.2113121438057437 1.0 -1.0 -1.0 -1.0 -1.0 
304.92 39.51 8.0 -1.0 1.184484581238005 77.6290607951293 0.013836113036819241 0.038707702586946884 1.439959454667086 1.0 -1.0 -1.0 -1.0 -1.0 
304.92 39.51 8.0 -1.0 1.29618884641 45.52145292949678 0.02706096218036255 0.022118687192541075 1.6937197319736537 4.0 -1.0 -1.0 -1.0 -1.0 
304.92 39.51 8.0 -1.0 0.11739317729588838 0.0 0.020259590509116916 0.04285495643554833 0.902613036510869 1.0 -1.0 -1.0 -1.0 -1.0 
304.92 39.51 8.0 -1.0 224.164985 237.8103489247849 0.09931153623322994 0.04423737438508215 0.2676439096844954 2.0 -1.0 -1.0 -1.0 -1.0 
304.92 39.51 8.0 -1.0 34.39137817982709 34.390815536077504 1.980294006121785 0.024883523091608708 27.168474180812062 8.0 27.827043253073523 8.0 34.39139012092104 34.40729725642629 
304.92 39.51 8.0 -1.0 0.006858663496666889 58.435846315451194 7.338149555276163 0.027648358990676344 1.9901359916911903 8.0 -1.0 -1.0 -1.0 -1.0 
304.92 39.51 8.0 -1.0 0.932741 475.6206978495698 2.7154598407104378 0.026265941041142528 57.67682016889069 32.0 57.90531515466694 32.0 0.9327474496482562 475.5290876704327 
304.92 39.51 8.0 -1.0 2.243046129 713.4310467743547 2.0385948985942077 0.01797143334393962 54.93082249629015 16.0 55.03098439927175 16.0 2.243056466492514 713.3442304722028 
305.07 38.73 8.0 -1.0 3.2854634388411066 83.23999798884775 0.8252616410692566 0.06220880772902178 4.1595178856062685 8.0 -1.0 -1.0 -1.0 -1.0 
305.07 38.73 8.0 -1.0 0.723 0.0 0.21117011831285426 0.016589015394405805 1.8239787257644848 4.0 -1.0 -1.0 -1.0 -1.0 
305.07 38.73 8.0 -1.0 0.623924 233.73118222142338 0.039514789793405995 0.022118687192541075 1.3984248882933565 1.0 -1.0 -1.0 -1.0 -1.0 
305.07 38.73 8.0 -1.0 0.007018082794154355 467.46236444284676 0.62471159670474 0.016589015394405805 -0.38389325839507715 32.0 -1.0 -1.0 -1.0 -1.0 
305.07 38.73 8.0 -1.0 2.546854 41.234303974256505 3.8784559734588844 0.016589015394405805 199.3277398109384 32.0 199.52805231473445 32.0 2.546858013374731 41.18755877460441 
305.07 38.73 8.0 -1.0 1.59307834609 91.8655411671361 4.885048579038806 0.02350110514207489 165.96390507676946 32.0 166.03769480822967 32.0 1.5930709196254613 91.88772326127962 
305.07 38.73 8.0 -1.0 0.5218245 77.62988860459517 2.3471295096132447 0.10091651031596865 1.8375248805290096 1.0 -1.0 -1.0 -1.0 -1.0 
305.07 38.73 8.0 -1.0 0.0016426544649465386 36.53583736494497 1.1300699081019756 0.026265941041142528 5.648057026503126 2.0 -1.0 -1.0 -1.0 -1.0 
305.07 38.73 8.0 -1.0 16.18596718059686 34.36191997854709 7.680483117247862 0.02073626924300726 258.232685154961 16.0 258.23269401567245 16.0 16.185974042552214 34.40729725642629 
305.07 38.73 8.0 -1.0 16.792101165075774 701.1935466642701 3.135087200477946 0.01520659744487199 61.81525772070766 4.0 61.88320883639073 4.0 16.79218257777393 701.0992805662393 
306.57 39.51 8.0 -1.0 0.6019826734548 61.099058384904055 0.11918116346569504 0.03732528463741307 2.723925281739332 2.0 -1.0 -1.0 -1.0 -1.0 
306.57 39.51 8.0 -1.0 0.00439184555143146 36.672892973317964 0.3159002393760121 0.04976704618321741 3.1882564884982 1.0 -1.0 -1.0 -1.0 -1.0 
306.57 39.51 8.0 -1.0 0.37550509899 54.23550777338399 0.014481584463104328 0.031795612839277794 1.8369300630198269 4.0 -1.0 -1.0 -1.0 -1.0 
306.57 39.51 8.0 -1.0 0.6933132465193 448.5532193763991 0.19898937272332506 0.06635606157762322 -0.2377811783178028 8.0 -1.0 -1.0 -1.0 -1.0 
306.57 39.51 8.0 -1.0 194.47579083371392 672.8298290645987 0.3191908292528214 0.02350110514207489 1.8565930699280657 2.0 -1.0 -1.0 -1.0 -1.0 
306.57 39.51 8.0 -1.0 1.4252832 25.233641954117864 7.627605773872714 0.011059343596270537 274.57644287663595 32.0 274.7604500350915 32.0 1.4252691471483558 25.1982853436769 
306.57 39.51 8.0 -1.0 0.6055400287748217 119.03550031155866 5.597251191736589 0.019353851293473442 149.81507984281942 32.0 150.45581167474705 32.0 0.6055415724404156 119.10996726709925 
306.57 39.51 8.0 -1.0 473.933649 116.14204270081983 3.222929644301044 0.09400442056829957 6.479819649678603 1.0 -1.0 -1.0 -1.0 -1.0 
306.57 39.51 8.0 -1.0 4.91263619475 0.0 2.9912146883874393 0.03870770258694688 19.825057655727573 16.0 -1.0 -1.0 -1.0 -1.0 
306.57 39.51 8.0 -1.0 217.8248734478 224.27660968819956 6.4044324311723795 0.21427478217774168 10.397180058150584 1.0 10.397179743353139 1.0 217.82470867037776 224.2546197654137 
307.82 39.51 8.0 -1.0 2.79091017854 41.22549264955629 0.03674993080056496 0.012441761545804354 -0.39779542357293757 4.0 -1.0 -1.0 -1.0 -1.0 
307.82 39.51 8.0 -1.0 0.9632044656095726 71.40403442445603 0.21633835015233413 0.019353851293473442 0.8031398392754195 1.0 -1.0 -1.0 -1.0 -1.0 
307.82 39.51 8.0 -1.0 1.47839 167.24713335373883 0.3420214984281319 0.11612310776084063 0.8023236296610307 1.0 -1.0 -1.0 -1.0 -1.0 
307.82 39.51 8.0 -1.0 0.74364701461 20.859605562200638 0.019504239128438527 0.04976704618321742 1.3345250840930256 8.0 -1.0 -1.0 -1.0 -1.0 
307.82 39.51 8.0 -1.0 0.23601548 77.82237459744084 0.14461589230674415 0.038707702586946884 0.3782979916206363 2.0 -1.0 -1.0 -1.0 -1.0 
307.82 39.51 8.0 -1.0 384.49193525267 205.69545958229207 0.046996682996603756 0.012441761545804356 -0.08907694165767929 1.0 -1.0 -1.0 -1.0 -1.0 
307.82 39.51 8.0 -1.0 0.12291385513739217 411.39091916458415 0.013712407512803643 0.013824179495338172 0.8374898686689947 1.0 -1.0 -1.0 -1.0 -1.0 
307.82 39.51 8.0 -1.0 0.89130992945 617.0863787468762 0.05948088720445762 0.02903077694021016 1.0367643498788175 1.0 -1.0 -1.0 -1.0 -1.0 
307.82 39.51 8.0 -1.0 2.242431224778 77.39037093195148 1.0871854470998872 0.03732528463741307 8.88016513592527 16.0 8.927845410825396 16.0 2.242450136691332 77.31522089385203 
307.82 39.51 8.0 -1.0 0.55018664142 0.0 2.1351723819271036 0.05529671798135269 1.5672785197184544 4.0 -1.0 -1.0 -1.0 -1.0 
308.06 39.12 8.0 -1.0 0.447673708967 60.13201213137595 0.10917012570556796 0.006912089747669086 0.47288270557345896 4.0 -1.0 -1.0 -1.0 -1.0 
308.06 39.12 8.0 -1.0 1.77912424934 49.31303181748028 0.06493535933189347 0.009676925646736721 0.6755709354564382 1.0 -1.0 -1.0 -1.0 -1.0 
308.06 39.12 8.0 -1.0 0.13351350897202321 106.57592209765737 0.010901939067768148 0.031795612839277794 6.0581256651048 1.0 -1.0 -1.0 -1.0 -1.0 
308.06 39.12 8.0 -1.0 1.733284770854 33.05467466068678 0.01582048968817107 0.015206597444871992 1.2669223064617876 8.0 -1.0 -1.0 -1.0 -1.0 
308.06 39.12 8.0 -1.0 192.8565208431179 0.0 0.48180165428117294 0.03732528463741307 0.9788409997349131 2.0 -1.0 -1.0 -1.0 -1.0 
308.06 39.12 8.0 -1.0 137.14654583092138 199.22464854262032 0.3978872071881638 0.016589015394405805 1.7894470170967414 2.0 -1.0 -1.0 -1.0 -1.0 
308.06 39.12 8.0 -1.0 12.922440399828183 597.6739456278609 0.021336978189961654 0.02350110514207489 1.9320257429914625 2.0 -1.0 -1.0 -1.0 -1.0 
308.06 39.12 8.0 -1.0 2.051164249099 48.117564379480754 2.275284475377997 0.04147253848601452 15.839977707982882 16.0 17.2380107572628 16.0 2.0511530844184263 48.06901822588967 
308.06 39.12 8.0 -1.0 1.4847663170749 40.58611952008377 3.0729023168311738 0.012441761545804354 108.63404181695827 32.0 108.90944176556162 32.0 1.4847501006443053 40.5803711759616 
308.06 39.12 8.0 -1.0 9.718629858858845 398.44929708524063 4.728979994171741 0.02073626924300726 81.98022212521187 16.0 82.02206030907837 16.0 9.718617851225039 398.41626264279506 
50.54 62.94 8.0 -1.0 307.2974449774 39.897869455332156 0.6373535924301142 0.02073626924300726 8.662174724087556 1.0 -1.0 -1.0 -1.0 -1.0 
50.54 62.94 8.0 -1.0 0.13290135589851756 36.11126610424739 0.011909885623504696 0.019353851293473442 1.060271511159473 16.0 -1.0 -1.0 -1.0 -1.0 
50.54 62.94 8.0 -1.0 0.008630369933207007 42.71473292382204 0.06565710478532774 0.017971433343939622 0.5821952374395813 8.0 -1.0 -1.0 -1.0 -1.0 
50.54 62.94 8.0 -1.0 0.0010232434930748456 76.4709164560533 0.2198032974881484 0.06635606157762322 10.850450018159822 2.0 -1.0 -1.0 -1.0 -1.0 
50.54 62.94 8.0 -1.0 161.0785884299511 45.90102110949093 0.04546380356371674 0.01520659744487199 0.9013985137100644 2.0 -1.0 -1.0 -1.0 -1.0 
50.54 62.94 8.0 -1.0 0.06370913090866241 57.76879014886635 0.010834365445564254 0.013824179495338172 0.17016668336088223 1.0 -1.0 -1.0 -1.0 -1.0 
50.54 62.94 8.0 -1.0 217.00905523505 0.0 0.1714049668094262 0.15621322829732134 0.8507597668332839 1.0 -1.0 -1.0 -1.0 -1.0 
50.54 62.94 8.0 -1.0 3.8306868647 153.91157279470147 0.15052816303829475 0.006912089747669086 5.080873431305692 8.0 -1.0 -1.0 -1.0 -1.0 
50.54 62.94 8.0 -1.0 0.8701738 307.82314558940294 0.0712828899471862 0.022118687192541075 0.24838246869752562 1.0 -1.0 -1.0 -1.0 -1.0 
50.54 62.94 8.0 -1.0 9.283479079243 461.73471838410444 0.04555812654498708 0.07465056927482613 1.4135775968785214 1.0 -1.0 -1.0 -1.0 -1.0 
54.06 62.95 8.0 -1.0 0.98911728333 48.8566120618266 0.018622029174201728 0.02350110514207489 0.7477333697694686 1.0 -1.0 -1.0 -1.0 -1.0 
54.06 62.95 8.0 -1.0 3.5037879534700034 69.93551598612473 0.3290422946584711 0.0967692564673672 1.34297628548295 4.0 -1.0 -1.0 -1.0 -1.0 
54.06 62.95 8.0 -1.0 0.44506595012065714 126.65205832480827 0.0171286593505062 0.0027648358990676344 1.6680082753701746 2.0 -1.0 -1.0 -1.0 -1.0 
54.06 62.95 8.0 -1.0 0.804014 78.64396146332417 0.047782396393280496 0.038707702586946884 2.1364389247629987 2.0 -1.0 -1.0 -1.0 -1.0 
54.06 62.95 8.0 -1.0 213.59893407472 200.87480900740042 0.03066540217911458 0.017971433343939622 1.8526821151138781 2.0 -1.0 -1.0 -1.0 -1.0 
54.06 62.95 8.0 -1.0 0.0012816608228960339 0.0 0.34415467656731447 0.10782860006363773 4.055196993469254 1.0 -1.0 -1.0 -1.0 -1.0 
54.06 62.95 8.0 -1.0 0.007588344846141157 148.84742961797812 0.14096617363948857 0.027648358990676344 2.550687411388268 1.0 -1.0 -1.0 -1.0 -1.0 
54.06 62.95 8.0 -1.0 17.173278 446.5422888539344 0.011481694855213496 0.01520659744487199 -0.22556355699638672 8.0 -1.0 -1.0 -1.0 -1.0 
54.06 62.95 8.0 -1.0 2.157619537033 109.5031195389386 1.0619464324307952 0.013824179495338172 88.48252652682848 32.0 89.15786249023022 32.0 2.157624597505977 109.49616362192133 
54.06 62.95 8.0 -1.0 1.496132 297.69485923595624 1.3655686293546998 0.012441761545804352 83.23707862005132 32.0 83.27141586476208 32.0 1.4961187844164672 297.7243192011946 
55.08 39.51 8.0 -1.0 0.046825583003315005 175.90315237476824 0.01263892599784675 0.031795612839277794 2.2056107813862345 1.0 -1.0 -1.0 -1.0 -1.0 
55.08 39.51 8.0 -1.0 30.378269121627664 168.18114785556207 0.03657264038463828 0.030413194889743977 0.7660742197098581 8.0 -1.0 -1.0 -1.0 -1.0 
55.08 39.51 8.0 -1.0 346.71337922051 33.11947185423779 0.055357225786097385 0.0483846282336836 0.6343419268422441 1.0 -1.0 -1.0 -1.0 -1.0 
55.08 39.51 8.0 -1.0 189.48987107047 116.2411250628789 0.2757046204680018 0.017971433343939622 14.033398395821052 1.0 14.03339851430893 1.0 189.4901894653837 116.27642514009945 
55.08 39.51 8.0 -1.0 64.84399265188851 78.36513331468143 0.22658727867683454 0.056679135930886505 1.0337715862252326 1.0 -1.0 -1.0 -1.0 -1.0 
55.08 39.51 8.0 -1.0 2.071395365584 227.4321178926648 0.027399571714836618 0.03732528463741307 2.0848080415093273 8.0 -1.0 -1.0 -1.0 -1.0 
55.08 39.51 8.0 -1.0 0.012522443348826483 0.0 0.05008065115563314 0.10644618211410392 0.7712606287215226 8.0 -1.0 -1.0 -1.0 -1.0 
55.08 39.51 8.0 -1.0 2.262144835535 97.86099263313345 0.7701736550890854 0.06635606157762322 8.59572660885711 8.0 8.60674019086651 8.0 2.262095222249627 97.9595992477078 
55.08 39.51 8.0 -1.0 4.128977499143 293.58297789940036 0.3552671528398794 0.017971433343939622 15.908470665167114 16.0 16.63533362042819 16.0 4.128984680088858 293.575203943802 
55.08 39.51 8.0 -1.0 2.6472448838535136 195.7219852662669 1.7451155261522686 0.02073626924300726 114.9999491892626 32.0 115.02962358260325 32.0 2.6472359119604034 195.71680262920134 
51.93 54.68 8.0 -1.0 0.25247957713 151.46185185010629 0.15378666956538867 0.016589015394405805 2.6213324565631364 32.0 -1.0 -1.0 -1.0 -1.0 
51.93 54.68 8.0 -1.0 8.8799529 21.660117884625535 0.0434373964253692 0.019353851293473442 0.12828028788384105 8.0 -1.0 -1.0 -1.0 -1.0 
51.93 54.68 8.0 -1.0 1.94298740055 116.36848654345609 0.013533593923801211 0.15483081034778753 2.0339338635715705 4.0 -1.0 -1.0 -1.0 -1.0 
51.93 54.68 8.0 -1.0 0.7889291664574 34.41772860199214 0.21160822937161267 0.03456044873834543 1.7506024045563073 16.0 -1.0 -1.0 -1.0 -1.0 
51.93 54.68 8.0 -1.0 0.02636382397893268 132.4645374485448 0.028737292245580668 0.012441761545804354 1.1955352616389316 2.0 -1.0 -1.0 -1.0 -1.0 
51.93 54.68 8.0 -1.0 0.53093220067 397.3936123456344 0.20884879949607416 0.016589015394405805 4.390799767358648 32.0 -1.0 -1.0 -1.0 -1.0 
51.93 54.68 8.0 -1.0 2.151927137 46.34072927242821 1.5157167912978846 0.026265941041142528 57.700883896633364 32.0 -1.0 -1.0 -1.0 -1.0 
51.93 54.68 8.0 -1.0 1.634254 47.93046269515302 4.453124799663493 0.031795612839277794 136.01821476779634 32.0 -1.0 -1.0 -1.0 -1.0 
51.93 54.68 8.0 -1.0 0.981939436993 0.0 3.45107021422409 0.013824179495338172 230.34168234370964 32.0 -1.0 -1.0 -1.0 -1.0 
51.93 54.68 8.0 -1.0 8.012748519563567 264.9290748970896 8.584072349125751 0.18247916933846386 41.10597389083658 8.0 41.17523190463559 8.0 8.012648322619498 264.9361888744824 
209.49 39.68 8.0 -1.0 440.6742226209541 68.48039244974045 0.2480501271240973 0.016589015394405805 2.643711462050796 1.0 -1.0 -1.0 -1.0 -1.0 
209.49 39.68 8.0 -1.0 0.005278116739940156 65.42407028861723 0.017487360877020103 0.04147253848601452 1.3769332354157489 8.0 -1.0 -1.0 -1.0 -1.0 
209.49 39.68 8.0 -1.0 2.309020280644 52.9692967036987 0.032140357642158716 0.00967692564673672 0.9955225059434092 8.0 -1.0 -1.0 -1.0 -1.0 
209.49 39.68 8.0 -1.0 26.46604676972006 61.72101784083994 0.3214035764215871 0.022118687192541075 11.478119729740591 8.0 11.478120658078664 8.0 26.46605328967174 61.73073919535305 
209.49 39.68 8.0 -1.0 0.002245228282168751 0.0 0.3783186800653004 0.008294507697202903 5.243576304325652 1.0 -1.0 -1.0 -1.0 -1.0 
209.49 39.68 8.0 -1.0 1.903892 34.76696847448361 0.037364334011937 0.0483846282336836 0.9416287557674948 2.0 -1.0 -1.0 -1.0 -1.0 
209.49 39.68 8.0 -1.0 73.41018229354404 69.53393694896722 0.7760487235144514 0.03456044873834543 11.58355254557582 1.0 11.583552397727924 1.0 73.41053181638321 69.52298004460253 
209.49 39.68 8.0 -1.0 0.560796 26.24473227776801 1.9531206551487357 0.017971433343939622 199.60100860755844 32.0 200.33813251750627 32.0 0.5607944331131876 26.109066741641126 
209.49 39.68 8.0 -1.0 1.9546609131310237 25.61886425842537 1.8265272784775233 0.013824179495338172 204.8316750597403 32.0 205.24965396961733 32.0 1.9546556965603183 25.603077076105446 
209.49 39.68 8.0 -1.0 0.66930344771 104.30090542345083 6.268732211262005 0.05944397182995413 104.57572032423586 8.0 6.527353324719206 2.0 2.005738982309898 103.32308970238601 
209.77 39.29 8.0 -1.0 42.87932095398089 94.85989206518006 0.16998987021089468 0.02073626924300726 2.5290358117296012 2.0 -1.0 -1.0 -1.0 -1.0 
209.77 39.29 8.0 -1.0 2.771798 55.76174643831497 0.01233698739235722 0.10091651031596864 0.6097457545451096 8.0 -1.0 -1.0 -1.0 -1.0 
209.77 39.29 8.0 -1.0 9.551586249996 50.08354974869909 0.012560585988318855 0.012441761545804354 0.5858772980879788 32.0 -1.0 -1.0 -1.0 -1.0 
209.77 39.29 8.0 -1.0 118.39117415362412 0.0 0.3846435957016198 0.026265941041142528 5.11697958982873 4.0 -1.0 -1.0 -1.0 -1.0 
209.77 39.29 8.0 -1.0 2.4037115646957266 34.347422080743634 0.07585566129495852 0.017971433343939622 1.9775671148880039 1.0 -1.0 -1.0 -1.0 -1.0 
209.77 39.29 8.0 -1.0 1.989733 82.92640428555177 2.7079663559419815 0.022118687192541075 174.95218217488613 32.0 175.36473826606021 32.0 1.9897318755586944 82.98230514785165 
209.77 39.29 8.0 -1.0 2.505196756058 64.50060450146248 3.375614434310193 0.019353851293473442 372.8438986736221 32.0 373.04104601408085 32.0 2.505203156033531 64.46308338924572 
209.77 39.29 8.0 -1.0 1.12963680167 90.00611594755922 1.37788801110556 0.012441761545804354 162.9685091750891 32.0 163.0430338673664 32.0 1.1296227360920361 89.96496253224404 
209.77 39.29 8.0 -1.0 0.361768994995 68.69484416148727 1.6207684425645388 0.13962421290291552 3.5140887679261597 8.0 -1.0 -1.0 -1.0 -1.0 
209.77 39.29 8.0 -1.0 2.93399568493 103.04226624223091 5.347771190483215 0.017971433343939622 517.5029317563287 32.0 517.5636697189186 32.0 2.9339995914294077 103.0194959030646 
210.33 39.68 8.0 -1.0 6.02064 35.19543096258148 0.045873952083467215 0.008294507697202903 2.012233607883855 2.0 -1.0 -1.0 -1.0 -1.0 
210.33 39.68 8.0 -1.0 223.221059721 38.61850559201028 0.10531791439891101 0.07326815132529231 1.7382530870519608 2.0 -1.0 -1.0 -1.0 -1.0 
210.33 39.68 8.0 -1.0 2.683993826716843 54.05346028470738 0.06312189347811605 0.06635606157762322 1.3700377289764591 4.0 -1.0 -1.0 -1.0 -1.0 
210.33 39.68 8.0 -1.0 1.29679780121 29.645900881537838 0.14194340253526444 0.024883523091608708 2.980472256122916 16.0 -1.0 -1.0 -1.0 -1.0 
210.33 39.68 8.0 -1.0 0.014047014593541574 0.0 0.06010047269665363 0.02073626924300726 2.089211037966974 4.0 -1.0 -1.0 -1.0 -1.0 
210.33 39.68 8.0 -1.0 0.08992626475834413 69.14610751446159 0.18647776814776743 0.09123958466923193 1.578121967453583 2.0 -1.0 -1.0 -1.0 -1.0 
210.33 39.68 8.0 -1.0 1.4973217254693347 79.13526166034016 2.0755428942890566 0.019353851293473442 178.66212571635336 32.0 178.85146097218094 32.0 1.497331444018831 79.13678368978046 
210.33 39.68 8.0 -1.0 2.2826081287 88.80285425012087 3.32010726674951 0.012441761545804354 438.9963660240995 32.0 439.3953746894331 32.0 2.2826194860196365 88.7505873349584 
210.33 39.68 8.0 -1.0 0.440423 34.573053757230795 7.543758187143425 0.017971433343939622 642.1203157157767 32.0 643.9993213664266 32.0 0.44043796757857007 34.7108910557477 
210.33 39.68 8.0 -1.0 91.10848468729928 103.71916127169239 2.449846727094853 0.016589015394405805 69.8955711161722 2.0 69.89557180944523 2.0 91.10857111712298 103.62668350170742 
26.64 62.12 8.0 -1.0 1.5105891872725 135.46741303501804 0.640885842747449 0.0884747487701643 2.958934449732915 4.0 -1.0 -1.0 -1.0 -1.0 
26.64 62.12 8.0 -1.0 5.471800466365043 26.082134533264767 0.05166201213960514 0.015206597444871989 0.6597764815688497 1.0 -1.0 -1.0 -1.0 -1.0 
26.64 62.12 8.0 -1.0 0.06763119463005682 36.06254315568751 5.509016934897305 0.03456044873834543 12.346687686453098 32.0 -1.0 -1.0 -1.0 -1.0 
26.64 62.12 8.0 -1.0 0.2321160610787 13.795142584770991 1.2975117849886044 0.027648358990676344 7.8660630504523095 16.0 10.104816747862865 32.0 0.23210304789245131 14.77489823364188 
26.64 62.12 8.0 -1.0 3.08777735214 158.13402995083146 1.337558024704075 0.013824179495338174 82.12998661036413 32.0 82.12998910679596 32.0 3.0877648290091506 158.1723694464538 
26.64 62.12 8.0 -1.0 5.14255433375 7.762540039662134 1.5820489688171067 0.006912089747669086 206.0147852484186 32.0 206.05834761167512 32.0 5.142555892234668 7.792240849249484 
26.64 62.12 8.0 -1.0 12.173043099347511 0.0 1.2167700767580156 0.056679135930886505 14.875318676117411 8.0 -1.0 -1.0 -1.0 -1.0 
26.64 62.12 8.0 -1.0 9.095043 147.8431197268222 2.251828199773005 0.03041319488974398 78.05448804825956 32.0 78.44440787678909 32.0 9.09503796719946 147.8501802695259 
26.64 62.12 8.0 -1.0 0.21237375227076602 295.6862394536444 4.9770235643321135 0.03041319488974398 102.78302838141859 32.0 103.18754147275449 32.0 0.21236701286397877 295.29556880662335 
26.64 62.12 8.0 -1.0 3.31882067385 443.52935918046666 1.5084046126215596 0.017971433343939622 87.47863117822227 32.0 87.8502587021195 32.0 3.3188067997495336 443.4493428754707 
292.61 22.32 8.0 -1.0 0.38597095267029763 84.92391168160871 0.07287629054436684 0.03456044873834543 2.245198749793986 8.0 -1.0 -1.0 -1.0 -1.0 
292.61 22.32 8.0 -1.0 0.04023665309706167 41.91595640862784 0.1428286994089434 0.026265941041142528 2.6510772793377795 1.0 -1.0 -1.0 -1.0 -1.0 
292.61 22.32 8.0 -1.0 0.946213113 120.28787490411838 0.03632085100703891 0.10091651031596865 1.159029806946766 1.0 -1.0 -1.0 -1.0 -1.0 
292.61 22.32 8.0 -1.0 0.628824 90.97190539187164 0.13674567248957512 0.02903077694021016 0.6525753669960734 4.0 -1.0 -1.0 -1.0 -1.0 
292.61 22.32 8.0 -1.0 2.52937356474 50.14794784759684 0.035896781004421355 0.02350110514207489 2.198719826675951 1.0 -1.0 -1.0 -1.0 -1.0 
292.61 22.32 8.0 -1.0 9.90001 76.27192067942701 0.11246181818083695 0.022118687192541075 1.1320830651000466 2.0 -1.0 -1.0 -1.0 -1.0 
292.61 22.32 8.0 -1.0 4.6802937243777585 279.9717088375884 0.7863023234283906 0.011059343596270537 38.46450862738739 32.0 39.46436735886439 32.0 4.680290051813548 280.0146809074457 
292.61 22.32 8.0 -1.0 1.93009288569 839.9151265127651 0.02305346836147395 0.03456044873834543 1.8216866160959324 8.0 -1.0 -1.0 -1.0 -1.0 
292.61 22.32 8.0 -1.0 0.742167900236 0.0 3.7132738203638316 0.03732528463741307 47.595406170415366 16.0 -1.0 -1.0 -1.0 -1.0 
292.61 22.32 8.0 -1.0 0.61523110201 559.9434176751768 2.065529981203609 0.022118687192541075 91.16360580746314 32.0 91.34613466026487 32.0 0.6152428492593269 559.8269659486773 
299.52 22.31 8.0 -1.0 1.95270271662 214.04775641013683 0.013665123510300801 0.022118687192541075 0.5725017223059802 1.0 -1.0 -1.0 -1.0 -1.0 
299.52 22.31 8.0 -1.0 13.46811210517598 53.80937787470595 0.09191710546085191 0.031795612839277794 1.3528146593436576 4.0 -1.0 -1.0 -1.0 -1.0 
299.52 22.31 8.0 -1.0 0.257347 55.269531847185405 0.018725233532412358 0.09123958466923193 1.4433678180108322 16.0 -1.0 -1.0 -1.0 -1.0 
299.52 22.31 8.0 -1.0 4.0906257652 186.7915489238536 0.24413990085839093 0.02350110514207489 4.770641592902937 16.0 -1.0 -1.0 -1.0 -1.0 
299.52 22.31 8.0 -1.0 1.09911524378 45.697411360931184 0.02132224274407285 0.02073626924300726 0.9189698370051658 4.0 -1.0 -1.0 -1.0 -1.0 
299.52 22.31 8.0 -1.0 0.24828928805603276 0.0 0.7627605773872714 0.027648358990676344 2.0013664273039127 32.0 -1.0 -1.0 -1.0 -1.0 
299.52 22.31 8.0 -1.0 0.887461 180.2478959360753 0.19926450422479558 0.016589015394405805 6.705966420425387 32.0 6.940421511121378 32.0 0.8874546134999644 180.23351886380948 
299.52 22.31 8.0 -1.0 6.85475255154 360.4957918721506 0.019789264031317387 0.04009012053648069 2.2992737905153207 8.0 -1.0 -1.0 -1.0 -1.0 
299.52 22.31 8.0 -1.0 0.6214963159 48.29324064533911 1.396093456155592 0.10644618211410392 3.1131783550366627 4.0 -1.0 -1.0 -1.0 -1.0 
299.52 22.31 8.0 -1.0 0.266269 540.7436878082259 1.3246837573199617 0.027648358990676344 29.331327053461578 32.0 29.427518043321484 32.0 0.2662697321890543 540.7005565914285 
301.04 39.13 8.0 -1.0 2.0360728738 32.999470578029644 0.07307795382278148 0.016589015394405805 2.312301526802746 1.0 -1.0 -1.0 -1.0 -1.0 
301.04 39.13 8.0 -1.0 0.0022043335512826594 175.73285533327802 0.3005714973044299 0.035942866687879244 4.724587698027201 2.0 -1.0 -1.0 -1.0 -1.0 
301.04 39.13 8.0 -1.0 1.001001 34.03642251855923 0.05789969388540935 0.04700221028414978 -0.04292457078898106 16.0 -1.0 -1.0 -1.0 -1.0 
301.04 39.13 8.0 -1.0 96.27386412606894 95.64356722061088 0.010237667493371768 0.027648358990676344 1.266451662920411 4.0 -1.0 -1.0 -1.0 -1.0 
301.04 39.13 8.0 -1.0 1.05155 99.79137498272921 0.07197567037875806 0.03041319488974398 0.6064729846760074 32.0 -1.0 -1.0 -1.0 -1.0 
301.04 39.13 8.0 -1.0 1.830721 79.47931638294386 0.6216978392254384 0.11474068981130683 2.399867348640848 4.0 -1.0 -1.0 -1.0 -1.0 
301.04 39.13 8.0 -1.0 2.31107 0.0 0.04428581346777544 0.04285495643554833 0.2804804440647093 1.0 -1.0 -1.0 -1.0 -1.0 
301.04 39.13 8.0 -1.0 375.2016208875134 203.30357751677045 0.10055420575945401 0.03041319488974398 0.7231070649505278 1.0 -1.0 -1.0 -1.0 -1.0 
301.04 39.13 8.0 -1.0 1.4352133702 406.6071550335409 2.3913209231960004 0.011059343596270537 130.57962343131044 32.0 130.60749362786558 32.0 1.43521295588774 406.61329522447306 
301.04 39.13 8.0 -1.0 0.453167 609.9107325503113 7.7070590924057285 0.06497364362808941 67.10067980110995 8.0 70.77870923672967 16.0 0.45317089340339106 609.7175469704953 
302.28 39.13 8.0 -1.0 0.069887 43.76961118981376 0.6967617614873729 0.013824179495338172 8.234412906871682 32.0 8.400003876904478 32.0 0.06987950958622 40.27677737664019 
302.28 39.13 8.0 -1.0 43.28844052279 33.51848499435661 0.6914869341461481 0.019353851293473442 16.83888940830854 8.0 16.838889628990735 8.0 43.28843109154453 33.49651585846206 
302.28 39.13 8.0 -1.0 196.463654 92.32757737882132 0.01356167184131214 0.03456044873834543 1.0021736399243124 2.0 -1.0 -1.0 -1.0 -1.0 
302.28 39.13 8.0 -1.0 0.011163339112402308 125.50885427464316 0.05008065115563314 0.019353851293473442 1.1932901908856626 2.0 -1.0 -1.0 -1.0 -1.0 
302.28 39.13 8.0 -1.0 50.36175319075963 449.5658369665617 0.02923792815936474 0.011059343596270537 1.5735866226150583 4.0 -1.0 -1.0 -1.0 -1.0 
302.28 39.13 8.0 -1.0 2.190521178604 674.3487554498425 0.6325285139869439 0.012441761545804354 22.819960913187735 16.0 23.3566695508703 16.0 2.190548305710157 674.2818282928481 
302.28 39.13 8.0 -1.0 0.506347 102.71358681369239 1.6615830459582561 0.045619792334615966 14.60567308772614 16.0 14.752345571152246 16.0 0.5063460169670483 103.22189176927888 
302.28 39.13 8.0 -1.0 2.935047 147.35993905969656 4.502620522961262 0.06497364362808941 60.04995818089381 8.0 60.04995941251061 8.0 2.935000035601358 147.34419060399023 
302.28 39.13 8.0 -1.0 0.00859080009850802 0.0 2.9217736269751473 0.031795612839277794 1.059214665514826 1.0 -1.0 -1.0 -1.0 -1.0 
302.28 39.13 8.0 -1.0 0.006795914387731952 224.78291848328084 4.912121799615967 0.012441761545804354 13.912315936992055 32.0 -1.0 -1.0 -1.0 -1.0 
305.48 38.73 8.0 -1.0 0.2133519608398628 54.40503442211206 0.03759737427655688 0.016589015394405805 0.9616142481309924 2.0 -1.0 -1.0 -1.0 -1.0 
305.48 38.73 8.0 -1.0 32.99798303772435 11.898951902686962 0.04048188493154514 0.008294507697202903 0.6474585812909227 2.0 -1.0 -1.0 -1.0 -1.0 
305.48 38.73 8.0 -1.0 57.54121018881093 95.46673549670233 0.010160163342901271 0.019353851293473442 1.3790301714314959 8.0 -1.0 -1.0 -1.0 -1.0 
305.48 38.73 8.0 -1.0 1.582028 61.970841990294524 0.12413932823944701 0.024883523091608708 1.0960065944917732 4.0 -1.0 -1.0 -1.0 -1.0 
305.48 38.73 8.0 -1.0 1.9931026297 124.0104640493907 0.011122556497987162 0.026265941041142528 0.4110341706204645 1.0 -1.0 -1.0 -1.0 -1.0 
305.48 38.73 8.0 -1.0 2.215954 71.60005162252675 0.18353815962816797 0.008294507697202903 6.4330687178021995 32.0 -1.0 -1.0 -1.0 -1.0 
305.48 38.73 8.0 -1.0 1.751252 229.24396931592858 0.4132964035851477 0.06082638977948797 2.0224569448886576 16.0 -1.0 -1.0 -1.0 -1.0 
305.48 38.73 8.0 -1.0 0.515295 687.7319079477858 0.8501448911019829 0.02350110514207489 15.91435605484184 32.0 16.051526454621875 32.0 0.5152893815344821 687.2351637305616 
305.48 38.73 8.0 -1.0 0.24488973893281102 0.0 1.0230597298425086 0.013824179495338172 5.12135604535883 32.0 -1.0 -1.0 -1.0 -1.0 
305.48 38.73 8.0 -1.0 0.86850896567 458.48793863185716 9.700601850717248 0.027648358990676344 229.05781098098316 32.0 229.89792139409548 32.0 0.8685068072130283 458.42663697532686 
305.75 39.51 8.0 -1.0 0.378019 122.13629366157168 0.4970151613045875 0.10782860006363774 0.7048036195300081 1.0 -1.0 -1.0 -1.0 -1.0 
305.75 39.51 8.0 -1.0 1.750087931346 84.8090892340386 0.9390684932040841 0.04009012053648069 5.601511413207789 8.0 -1.0 -1.0 -1.0 -1.0 
305.75 39.51 8.0 -1.0 0.9284176174 23.600877846301408 0.7569861067277132 0.12441761545804356 1.1074317586243758 2.0 -1.0 -1.0 -1.0 -1.0 
305.75 39.51 8.0 -1.0 0.25996564951440604 81.23744303177934 0.0580599139240655 0.03732528463741307 1.5992059132189698 4.0 -1.0 -1.0 -1.0 -1.0 
305.75 39.51 8.0 -1.0 0.91374580877 84.94915379098994 0.14057716848492932 0.012441761545804354 0.48667040202417167 32.0 -1.0 -1.0 -1.0 -1.0 
305.75 39.51 8.0 -1.0 3.127346 0.0 0.03846435957016196 0.15483081034778753 -4.928438971562464 8.0 -1.0 -1.0 -1.0 -1.0 
305.75 39.51 8.0 -1.0 0.011475428399886807 233.41758415941422 0.47159300720092434 0.05667913593088651 1.1728452055854959 4.0 -1.0 -1.0 -1.0 -1.0 
305.75 39.51 8.0 -1.0 2.6781496751 466.83516831882844 0.9306724964577999 0.01520659744487199 25.294396569147025 32.0 26.860974711042417 32.0 2.678158731820683 466.82606542321906 
305.75 39.51 8.0 -1.0 40.023118465474234 700.2527524782427 0.4155869160574328 0.13962421290291552 2.3288851389363594 4.0 -1.0 -1.0 -1.0 -1.0 
305.75 39.51 8.0 -1.0 0.0017843111453824578 17.92826328977199 2.822572230737664 0.02350110514207489 5.022191417894294 2.0 -1.0 -1.0 -1.0 -1.0 
305.99 39.12 8.0 -1.0 40.20746778843091 32.977899049752665 0.23913209231960003 0.022118687192541075 1.699711458108867 1.0 -1.0 -1.0 -1.0 -1.0 
305.99 39.12 8.0 -1.0 266.8691669720664 118.69318211708499 0.015431880154818058 0.011059343596270536 0.13798608786665945 1.0 -1.0 -1.0 -1.0 -1.0 
305.99 39.12 8.0 -1.0 6.606295308102913 24.120198891761245 0.2603403918295978 0.13962421290291552 2.674718915465551 8.0 -1.0 -1.0 -1.0 -1.0 
305.99 39.12 8.0 -1.0 3.502872 0.0 0.023568787118632552 0.04700221028414978 1.488104985241853 2.0 -1.0 -1.0 -1.0 -1.0 
305.99 39.12 8.0 -1.0 27.205948119641164 227.09780481988764 0.012948254326498463 0.08985716671969811 1.7951563562453596 8.0 -1.0 -1.0 -1.0 -1.0 
305.99 39.12 8.0 -1.0 0.776096931576026 681.2934144596629 0.2169370016563095 0.02350110514207489 2.110298687819106 16.0 -1.0 -1.0 -1.0 -1.0 
305.99 39.12 8.0 -1.0 0.6823915077117058 28.617185125818427 2.612412205509469 0.012441761545804352 110.93613502118035 32.0 111.0267845457688 32.0 0.6823938747402281 28.63901506931953 
305.99 39.12 8.0 -1.0 0.52826709593 39.859650710961375 3.396668043368903 0.029030776940210157 53.98445702188708 32.0 54.15617850432441 32.0 0.5282648392797759 39.973183577318785 
305.99 39.12 8.0 -1.0 2.749622437569 104.92967879466757 1.7940121605257802 0.04561979233461597 26.341582611737536 16.0 26.385599611039634 16.0 2.749645015380035 104.84105869899307 
305.99 39.12 8.0 -1.0 0.77556728669 454.1956096397753 3.8331724300061705 0.017971433343939622 148.18689613403552 32.0 148.81273265748555 32.0 0.775556448691835 454.2775217179342 
306.08 46.54 8.0 -1.0 0.266907 13.172693492855782 0.01718792786505633 0.052531882082285056 2.576052898757162 8.0 -1.0 -1.0 -1.0 -1.0 
306.08 46.54 8.0 -1.0 31.162356 112.28426942381871 0.9774600356461515 0.029030776940210157 18.74255308966333 4.0 18.954398535158166 8.0 31.16244139770667 112.22850781581398 
306.08 46.54 8.0 -1.0 0.08355140964184635 118.49671875669394 0.017235490300747426 0.027648358990676348 1.8630031621342877 4.0 -1.0 -1.0 -1.0 -1.0 
306.08 46.54 8.0 -1.0 257.4004155493247 384.8842452432229 0.09274632919026742 0.016589015394405805 0.9294136196563035 1.0 -1.0 -1.0 -1.0 -1.0 
306.08 46.54 8.0 -1.0 134.6485499129762 21.686049986055153 0.04781541800948389 0.14377146675151697 0.3057267469734552 1.0 -1.0 -1.0 -1.0 -1.0 
306.08 46.54 8.0 -1.0 0.31656 0.0 0.1418453755649639 0.017971433343939622 0.9028580848005086 1.0 -1.0 -1.0 -1.0 -1.0 
306.08 46.54 8.0 -1.0 1.885156 191.72308913401014 0.06238490354560311 0.07326815132529231 1.8353429190528754 16.0 -1.0 -1.0 -1.0 -1.0 
306.08 46.54 8.0 -1.0 0.0018174136330096186 383.4461782680203 0.6848312320992872 0.009676925646736721 2.4374553645993373 1.0 -1.0 -1.0 -1.0 -1.0 
306.08 46.54 8.0 -1.0 205.22225531037 15.473600653179936 7.890230833981745 0.05529671798135269 55.47941318623361 2.0 55.4794134846792 2.0 205.2222650187711 15.483283765391834 
306.08 46.54 8.0 -1.0 1.96958052943 575.1692674020304 6.5250141550055 0.013824179495338172 410.52529454255995 32.0 410.66749622693396 32.0 1.9695714096693944 575.1078538478547 
306.19 46.92 8.0 -1.0 39.475126410105304 42.9087328055541 0.15453216954363694 0.016589015394405805 1.6482323494274447 8.0 -1.0 -1.0 -1.0 -1.0 
306.19 46.92 8.0 -1.0 0.6921479136245 27.81435644312598 0.010394453964744334 0.013824179495338172 1.102332732003402 32.0 -1.0 -1.0 -1.0 -1.0 
306.19 46.92 8.0 -1.0 191.81305008725303 167.2253381275745 0.024908044558226906 0.017971433343939622 0.9607145906725535 2.0 -1.0 -1.0 -1.0 -1.0 
306.19 46.92 8.0 -1.0 100.33918940462799 0.0 0.18290527158198627 0.024883523091608708 2.5979937412778624 4.0 -1.0 -1.0 -1.0 -1.0 
306.19 46.92 8.0 -1.0 1.454249 565.2759147862128 0.019210043700749243 0.008294507697202903 1.4970262887022254 4.0 -1.0 -1.0 -1.0 -1.0 
306.19 46.92 8.0 -1.0 2.7177324827378 35.785543960363306 4.248766129358422 0.019353851293473442 169.83806934295004 32.0 170.10612681851245 32.0 2.7177217513478054 35.8240683199262 
306.19 46.92 8.0 -1.0 0.37550509899 79.14654272434223 3.1394219106029326 0.017971433343939622 126.35522823732362 32.0 126.643106906751 32.0 0.375500045871983 78.93438782356621 
306.19 46.92 8.0 -1.0 1.077041 52.29325144286897 3.297249531200038 0.0884747487701643 12.90035963291156 16.0 13.073729205686975 16.0 1.0770236258395016 51.91453968396085 
306.19 46.92 8.0 -1.0 1.830721 188.42530492873757 2.656087782946687 0.07188573337575849 26.56323057325896 8.0 26.707466758125562 8.0 1.8307522016887865 188.53174937859467 
306.19 46.92 8.0 -1.0 1.70219494788 376.85060985747515 1.7878259328039732 0.011059343596270537 137.84234493858528 32.0 137.95093510027877 32.0 1.7021799673481535 376.861102890975 
307.64 39.12 8.0 -1.0 0.523887 141.8032835627425 0.016592888398725764 0.027648358990676344 1.0972419991185867 1.0 -1.0 -1.0 -1.0 -1.0 
307.64 39.12 8.0 -1.0 9.071269448988105 96.5534216237906 0.8022143549387194 0.017971433343939622 22.79098938961439 32.0 22.943124081641287 32.0 9.071269838993128 96.54282818420789 
307.64 39.12 8.0 -1.0 0.004213906295137867 53.19916200930831 0.011222897862455212 0.016589015394405805 3.6410529908391758 1.0 -1.0 -1.0 -1.0 -1.0 
307.64 39.12 8.0 -1.0 0.03139415075990475 22.319188659077625 0.788478179295685 0.07050331542622468 -0.01570437479067944 2.0 -1.0 -1.0 -1.0 -1.0 
307.64 39.12 8.0 -1.0 37.39097199147 45.983643483907876 0.5915305755260792 0.016589015394405805 6.050654844935073 8.0 -1.0 -1.0 -1.0 -1.0 
307.64 39.12 8.0 -1.0 1.664475 0.0 0.01627500580387476 0.016589015394405805 0.25097848879870027 1.0 -1.0 -1.0 -1.0 -1.0 
307.64 39.12 8.0 -1.0 3.35439493491 203.80782411152254 0.014391823081084063 0.026265941041142528 1.9154813232988284 4.0 -1.0 -1.0 -1.0 -1.0 
307.64 39.12 8.0 -1.0 317.594454701573 407.61564822304507 0.02027359157379194 0.011059343596270537 1.2415177832621942 1.0 -1.0 -1.0 -1.0 -1.0 
307.64 39.12 8.0 -1.0 3.37519461045 611.4234723345676 0.07222472028860831 0.21427478217774165 0.5040733977111784 4.0 -1.0 -1.0 -1.0 -1.0 
307.64 39.12 8.0 -1.0 3.85557384197 121.13510337981582 1.0452060627280741 0.019353851293473442 11.381434104379691 16.0 11.839937295737997 16.0 3.855590572735916 121.13392592924198 
307.94 38.72 8.0 -1.0 2.344843177122 15.166262290624905 0.06212684909462429 0.016589015394405805 2.1966341247524355 1.0 -1.0 -1.0 -1.0 -1.0 
307.94 38.72 8.0 -1.0 0.005475772270464147 2.891621993154165 0.0381468029356862 0.027648358990676344 1.1996156569066954 32.0 -1.0 -1.0 -1.0 -1.0 
307.94 38.72 8.0 -1.0 3.524849 44.02346952842871 0.12294446201673309 0.026265941041142528 1.5328380108822377 8.0 -1.0 -1.0 -1.0 -1.0 
307.94 38.72 8.0 -1.0 288.758695112907 0.0 0.1539993018116469 0.05529671798135269 2.5214964821859382 1.0 -1.0 -1.0 -1.0 -1.0 
307.94 38.72 8.0 -1.0 0.531513 196.68930822822105 0.0123029426881317 0.0566791359308865 1.5268644803967006 4.0 -1.0 -1.0 -1.0 -1.0 
307.94 38.72 8.0 -1.0 0.484707 393.3786164564421 0.16387830076108614 0.03041319488974398 1.8515298716094533 2.0 -1.0 -1.0 -1.0 -1.0 
307.94 38.72 8.0 -1.0 8.98827746737108 23.42803941392252 1.2957202648833634 0.026265941041142528 23.616488738324694 16.0 24.35081047456182 16.0 8.988293605701378 23.477920480855587 
307.94 38.72 8.0 -1.0 2.887587336907 77.18860340909485 7.297705252459054 0.08709233082063048 60.12570776195557 8.0 60.12570522249653 8.0 2.887585045148929 77.21402296074488 
307.94 38.72 8.0 -1.0 12.513360302752433 50.809929308280324 2.8500040984635917 0.05391430003181887 15.622029838711963 16.0 18.4201544597485 16.0 12.513373803813012 50.80136241978235 
307.94 38.72 8.0 -1.0 2.185697 590.0679246846631 1.317382746266101 0.031795612839277794 20.91695030876877 16.0 21.603488328626785 16.0 2.185697667300701 589.9839500146038 
308.23 39.51 8.0 -1.0 1.3093429439 18.27865191440478 0.05418429004299571 0.02626594104114253 2.2110262462010866 32.0 -1.0 -1.0 -1.0 -1.0 
308.23 39.51 8.0 -1.0 0.003671224342763383 91.1519572365202 0.05993462160580798 0.06497364362808941 2.9428870766310924 1.0 -1.0 -1.0 -1.0 -1.0 
308.23 39.51 8.0 -1.0 1.313284 127.22665639432238 0.2867779491143187 0.02764835899067634 1.373233744235348 1.0 -1.0 -1.0 -1.0 -1.0 
308.23 39.51 8.0 -1.0 0.10227486326885736 123.84842369727066 0.5001150304116753 0.031795612839277794 0.40900649774475495 1.0 -1.0 -1.0 -1.0 -1.0 
308.23 39.51 8.0 -1.0 0.762068243394 0.0 0.4596912599290711 0.029030776940210157 1.8553159272540611 4.0 -1.0 -1.0 -1.0 -1.0 
308.23 39.51 8.0 -1.0 311.49341784423 201.0651710584526 0.09436207443402565 0.01520659744487199 0.49740303201855873 1.0 -1.0 -1.0 -1.0 -1.0 
308.23 39.51 8.0 -1.0 76.8624610039773 603.1955131753577 0.32296162017081687 0.009676925646736721 1.1983109352167316 2.0 -1.0 -1.0 -1.0 -1.0 
308.23 39.51 8.0 -1.0 1.0090512530345 91.3932595720239 2.07697726732269 0.04700221028414978 7.3678589779904 16.0 7.527986728127521 16.0 1.0090540551270049 91.38173359574395 
308.23 39.51 8.0 -1.0 0.636937235603391 22.561768369595338 2.4078984314370704 0.04285495643554833 7.703722003268815 16.0 7.759536447752462 16.0 0.6369494561416408 22.162347350462817 
308.23 39.51 8.0 -1.0 0.3635877509649204 402.1303421169052 4.651218659150892 0.06773847952715704 7.7320103110289065 16.0 7.781945356902859 16.0 0.3636159817688167 402.7677737664019 
53.19 13.19 8.0 -1.0 440.6742226209541 16.497460392166168 0.031721238483364014 0.024883523091608708 1.0171668101480429 1.0 -1.0 -1.0 -1.0 -1.0 
53.19 13.19 8.0 -1.0 3.442 32.56878712106605 0.01636520282339131 0.019353851293473442 0.9514418082335478 2.0 -1.0 -1.0 -1.0 -1.0 
53.19 13.19 8.0 -1.0 0.44506595012065714 51.48607795820862 0.057700040449786494 0.03041319488974398 0.31470430882861344 1.0 -1.0 -1.0 -1.0 -1.0 
53.19 13.19 8.0 -1.0 1.3595755985905091 95.17999750240517 0.8016603408645061 0.030413194889743977 36.05040323905409 16.0 36.050405855087476 16.0 1.3595733131902914 95.22725505381513 
53.19 13.19 8.0 -1.0 0.704722 50.72512498809025 0.093260334688322 0.02073626924300726 1.1383043198718594 16.0 -1.0 -1.0 -1.0 -1.0 
53.19 13.19 8.0 -1.0 3.696818455398 101.4502499761805 0.08978324947588143 0.017971433343939622 1.5803824741642787 16.0 -1.0 -1.0 -1.0 -1.0 
53.19 13.19 8.0 -1.0 0.917 61.2719331539308 1.5941172158710846 0.02073626924300726 83.69101876663943 32.0 84.0787242554398 32.0 0.9169828748175254 61.32594746292451 
53.19 13.19 8.0 -1.0 0.055504440741373465 96.5649319080206 3.910742543527955 0.011059343596270537 275.05465410776736 32.0 278.1228479249856 32.0 0.05550949329820772 101.19793310713615 
53.19 13.19 8.0 -1.0 456.999686853575 0.0 2.7494379596855727 0.0884747487701643 18.65469051764356 1.0 -1.0 -1.0 -1.0 -1.0 
53.19 13.19 8.0 -1.0 11.25824222016926 152.17537496427076 8.619727755918438 0.02350110514207489 367.3052594026549 32.0 367.3052597925419 32.0 11.258240798876312 152.10049346002566 
53.84 39.51 8.0 -1.0 2.040226 94.17206665508525 0.9351840469571139 0.019353851293473442 57.0077650969394 32.0 57.06589468680677 32.0 2.040239147997151 94.11407778963662 
53.84 39.51 8.0 -1.0 2.448305150593299 98.28903563450352 0.45589611005442604 0.024883523091608704 20.517714778092024 16.0 -1.0 -1.0 -1.0 -1.0 
53.84 39.51 8.0 -1.0 0.005400798609833176 10.450767409292554 0.012921446421017188 0.029030776940210157 0.49382837761810644 4.0 -1.0 -1.0 -1.0 -1.0 
53.84 39.51 8.0 -1.0 0.4389721569797828 54.557036475507964 0.3003639208146939 0.062208807729021785 0.908596816885416 8.0 -1.0 -1.0 -1.0 -1.0 
53.84 39.51 8.0 -1.0 0.012294358768361494 0.0 0.7627605773872714 0.022118687192541075 3.0085787853710686 2.0 -1.0 -1.0 -1.0 -1.0 
53.84 39.51 8.0 -1.0 216.171230573016 191.91409242519055 0.12708971653659945 0.013824179495338172 1.3213747587055165 2.0 -1.0 -1.0 -1.0 -1.0 
53.84 39.51 8.0 -1.0 205.338809 115.87972127383617 1.947730894025813 0.0483846282336836 20.745507676745643 1.0 20.745507778597247 1.0 205.339165404439 115.8716334076709 
53.84 39.51 8.0 -1.0 1.864837 60.77567493392998 2.985021714522505 0.05391430003181887 68.94941508371463 32.0 69.35910233433759 32.0 1.8648279365152123 60.819957797388824 
53.84 39.51 8.0 -1.0 9.0712294903 95.95704621259527 5.63216108464274 0.031795612839277794 216.28879678198746 16.0 216.28880277197447 16.0 9.071239522503069 95.93564058556508 
53.84 39.51 8.0 -1.0 4.06545762605 287.8711386377858 9.345382032112324 0.05529671798135269 239.9287309720909 8.0 -1.0 -1.0 -1.0 -1.0 
54.11 38.73 8.0 -1.0 0.0021345519190796537 41.828038531792664 0.020470625497787016 0.016589015394405805 4.439646878740699 2.0 -1.0 -1.0 -1.0 -1.0 
54.11 38.73 8.0 -1.0 0.0018174136330096186 56.35837686608638 0.8965928258909794 0.026265941041142528 5.764481193872871 2.0 -1.0 -1.0 -1.0 -1.0 
54.11 38.73 8.0 -1.0 28.7483845404833 25.36411310017611 0.11084202985753976 0.030413194889743977 0.5396478788242214 4.0 -1.0 -1.0 -1.0 -1.0 
54.11 38.73 8.0 -1.0 0.52289775784 132.87724273220064 0.4858124572854596 0.022118687192541075 19.896050500013434 32.0 20.832417496993987 32.0 0.5228988205393156 133.2776779020983 
54.11 38.73 8.0 -1.0 0.007764724487021979 0.0 0.0396789212041291 0.10644618211410392 -0.35954476050984174 4.0 -1.0 -1.0 -1.0 -1.0 
54.11 38.73 8.0 -1.0 346.71337922051 94.77420287319167 0.04440836117519113 0.024883523091608708 0.9414067117376946 1.0 -1.0 -1.0 -1.0 -1.0 
54.11 38.73 8.0 -1.0 0.5851 189.54840574638334 0.0360458843993142 0.02073626924300726 1.3073933661122477 4.0 -1.0 -1.0 -1.0 -1.0 
54.11 38.73 8.0 -1.0 0.0020107651267710276 284.322608619575 0.12252051704249856 0.009676925646736721 2.821990524159502 1.0 -1.0 -1.0 -1.0 -1.0 
54.11 38.73 8.0 -1.0 3.52042385334 93.06809661084799 1.3011022597285766 0.06497364362808941 20.66674652434478 8.0 20.85918318722183 8.0 3.520472091622651 93.00090052545812 
54.11 38.73 8.0 -1.0 1.268433632689 119.71178940778186 1.6847002963747477 0.026265941041142528 68.34130133169215 32.0 68.37847851861395 32.0 1.268411627582585 119.71715486574207 
54.25 39.51 8.0 -1.0 1.2432514573471 69.15426529972825 0.04654433038693023 0.08156265902249522 -0.13410750084063777 8.0 -1.0 -1.0 -1.0 -1.0 
54.25 39.51 8.0 -1.0 0.719945540243 117.65206174369352 0.09700601850717244 0.027648358990676344 0.4824405497520817 8.0 -1.0 -1.0 -1.0 -1.0 
54.25 39.51 8.0 -1.0 3.18107864855 97.0825065016294 0.21874291404837506 0.01520659744487199 9.355776162524373 16.0 9.355775895952071 16.0 3.1810486689209942 97.04881784974357 
54.25 39.51 8.0 -1.0 20.116677 101.9496688687657 0.024839309219294295 0.027648358990676344 -0.10378478014680996 2.0 -1.0 -1.0 -1.0 -1.0 
54.25 39.51 8.0 -1.0 0.90193703186 48.49779644396527 0.3654738309850336 0.026265941041142528 9.843289832791704 16.0 10.036615254584852 32.0 0.901945895748213 48.47380995831822 
54.25 39.51 8.0 -1.0 0.045972698853087204 40.53071518823621 0.02724855863352144 0.09400442056829955 1.2865130466109629 1.0 -1.0 -1.0 -1.0 -1.0 
54.25 39.51 8.0 -1.0 1.4414462816 0.0 0.2427943207491718 0.029030776940210157 0.9917820434623469 8.0 -1.0 -1.0 -1.0 -1.0 
54.25 39.51 8.0 -1.0 0.0018341944633042777 193.12204963887245 0.03231848135532067 0.011059343596270537 5.332980811187182 1.0 -1.0 -1.0 -1.0 -1.0 
54.25 39.51 8.0 -1.0 0.29430830737650915 96.56102481943623 7.895683640747891 0.016589015394405805 569.2812073754859 32.0 569.4643493368119 32.0 0.2943124854937196 96.34043231799362 
54.25 39.51 8.0 -1.0 1.3595755985905091 289.6830744583087 9.808422387222585 0.015206597444871989 576.9865115585462 32.0 577.0090338999695 32.0 1.3595733131902914 289.62848455262366 
62.54 39.53 8.0 -1.0 0.852686908781 7.114180294581415 0.293796626469405 0.011059343596270537 13.65439680483308 32.0 14.791547873357832 32.0 0.8526815994021794 7.38744911682094 
62.54 39.53 8.0 -1.0 0.003012947724726992 74.66533563888514 0.05088275960600901 0.04009012053648069 5.852016416729398 1.0 -1.0 -1.0 -1.0 -1.0 
62.54 39.53 8.0 -1.0 4.708586 169.96850562290032 0.07020768264702734 0.03732528463741307 1.2717603112804734 2.0 -1.0 -1.0 -1.0 -1.0 
62.54 39.53 8.0 -1.0 1.4914562027 0.0 0.03148109319224993 0.02073626924300726 1.3525147511168276 1.0 -1.0 -1.0 -1.0 -1.0 
62.54 39.53 8.0 -1.0 2.822386 223.6939898286779 0.16627313382536477 0.022118687192541075 3.3811061022863043 16.0 -1.0 -1.0 -1.0 -1.0 
62.54 39.53 8.0 -1.0 9.83930672914 335.54098474301685 0.11762700810961424 0.06773847952715704 1.7380719233511028 8.0 -1.0 -1.0 -1.0 -1.0 
62.54 39.53 8.0 -1.0 91.743119 142.4178357085072 4.135820258278061 0.026265941041142528 88.90520599856225 2.0 88.90520825028814 2.0 91.74303462107977 142.38549188174056 
62.54 39.53 8.0 -1.0 1.127887471217 169.46514380960446 2.83821508860516 0.015206597444871992 230.95202835154043 32.0 231.15635260487647 32.0 1.1278946961586676 169.50653795445305 
62.54 39.53 8.0 -1.0 1.816095387735561 29.16142771693986 2.511539390843636 0.03041319488974398 122.88143994555978 16.0 122.97348101735554 16.0 1.8160790205001833 29.24620266796235 
62.54 39.53 8.0 -1.0 0.24601771844320985 111.84699491433895 4.352751525415837 0.022118687192541075 228.74604925191178 32.0 229.50084355085744 32.0 0.24601831682957712 112.12730988270685 
83.27 39.57 8.0 -1.0 1.0273309412799 127.93367897389186 0.09647136862602292 0.05114946413275124 1.2116013005522013 2.0 -1.0 -1.0 -1.0 -1.0 
83.27 39.57 8.0 -1.0 0.2104307696878421 113.72349708326568 0.06891025045779399 0.04147253848601452 1.2302266072892236 16.0 -1.0 -1.0 -1.0 -1.0 
83.27 39.57 8.0 -1.0 0.22648634163526296 287.3988266400016 0.029096877432702457 0.026265941041142528 1.857194429555382 1.0 -1.0 -1.0 -1.0 -1.0 
83.27 39.57 8.0 -1.0 0.011112155734773638 0.0 0.031178081282623893 0.016589015394405805 0.9448114627572847 8.0 -1.0 -1.0 -1.0 -1.0 
83.27 39.57 8.0 -1.0 0.001158418664325096 140.1258468682161 0.07781962056190478 0.011059343596270537 5.131740831746603 2.0 -1.0 -1.0 -1.0 -1.0 
83.27 39.57 8.0 -1.0 256.2202469153542 420.3775406046483 0.024464641376516383 0.006912089747669086 0.41120124450942924 1.0 -1.0 -1.0 -1.0 -1.0 
83.27 39.57 8.0 -1.0 0.001911646398833734 9.753734315459386 5.939875985383376 0.08156265902249521 19.630617244295124 4.0 -1.0 -1.0 -1.0 -1.0 
83.27 39.57 8.0 -1.0 0.844274 64.61848983991844 6.174176748635792 0.04700221028414978 180.68828190403968 32.0 180.74037513467437 32.0 0.8442839316558094 64.76667718856713 
83.27 39.57 8.0 -1.0 502.512563 89.4652871693861 4.533834329565707 0.012441761545804354 85.75498070019698 1.0 85.75498168363565 1.0 502.51255743205553 89.45897286670836 
83.27 39.57 8.0 -1.0 1.26048 280.2516937364322 1.3514907615213376 0.04423737438508215 33.12724575904839 16.0 33.12982111010764 16.0 1.2604990236771605 280.31827470676717 
83.64 22.35 8.0 -1.0 1.50177520425 171.45130959864863 0.2607003499616187 0.022118687192541075 0.5932088950089534 4.0 -1.0 -1.0 -1.0 -1.0 
83.64 22.35 8.0 -1.0 31.932334792 52.00025184532657 0.26745007515631924 0.01520659744487199 1.4439840982790983 8.0 -1.0 -1.0 -1.0 -1.0 
83.64 22.35 8.0 -1.0 1.97978323338 52.58172431005067 0.16893621992017888 0.012441761545804354 1.1296489587246619 4.0 -1.0 -1.0 -1.0 -1.0 
83.64 22.35 8.0 -1.0 4.42268268368 53.16319677477477 0.012577952809647151 0.04423737438508215 1.0347422038352374 1.0 -1.0 -1.0 -1.0 -1.0 
83.64 22.35 8.0 -1.0 0.9031862366998201 14.661412860543354 0.13750352488231646 0.017971433343939622 0.6239723263392737 8.0 -1.0 -1.0 -1.0 -1.0 
83.64 22.35 8.0 -1.0 8.98827746737108 0.0 0.028070155886764463 0.016589015394405805 1.7506560659499186 2.0 -1.0 -1.0 -1.0 -1.0 
83.64 22.35 8.0 -1.0 430.461054545748 138.43198035181587 0.1324683757319961 0.031795612839277794 1.7599563613115483 1.0 -1.0 -1.0 -1.0 -1.0 
83.64 22.35 8.0 -1.0 3.7043334323208 276.86396070363173 0.012396792470772947 0.029030776940210157 1.2156555400907545 16.0 -1.0 -1.0 -1.0 -1.0 
83.64 22.35 8.0 -1.0 1.393673621923 63.96197111965089 7.664581540072594 0.012441761545804354 300.1437901938841 32.0 300.1611488794539 32.0 1.3936793645067762 63.957093723710045 
83.64 22.35 8.0 -1.0 0.1121204607911729 415.2959410554476 8.548564430521743 0.012441761545804354 179.79472157144716 32.0 180.2659092682425 32.0 0.11211038023854296 415.11392160547246 
23.86 62.91 8.0 -1.0 1.09911524378 24.893729885462523 0.1533622854339414 0.01520659744487199 1.6072147968610588 2.0 -1.0 -1.0 -1.0 -1.0 
23.86 62.91 8.0 -1.0 12.608085313 221.73431758832206 0.7744420018433865 0.024883523091608704 20.50642391095049 16.0 20.64306131023207 16.0 12.608082518757632 221.72467143773534 
23.86 62.91 8.0 -1.0 0.047475613789974204 64.33574347022133 0.027286233694994055 0.06773847952715704 4.67728149675059 2.0 -1.0 -1.0 -1.0 -1.0 
23.86 62.91 8.0 -1.0 1.3899355261798 131.99680892885323 0.09944884875250298 0.016589015394405805 1.683486448431957 32.0 -1.0 -1.0 -1.0 -1.0 
23.86 62.91 8.0 -1.0 4.918355 0.0 0.3637106982091573 0.012441761545804354 18.553094919925332 32.0 -1.0 -1.0 -1.0 -1.0 
23.86 62.91 8.0 -1.0 461.3979177468945 153.9346970468397 0.014223789010228069 0.026265941041142528 2.3211638061355955 1.0 -1.0 -1.0 -1.0 -1.0 
23.86 62.91 8.0 -1.0 6.096446 461.80409114051906 0.01161733493855982 0.016589015394405805 1.3859842907373099 16.0 -1.0 -1.0 -1.0 -1.0 
23.86 62.91 8.0 -1.0 6.98 121.0047723560516 1.3403330336259605 0.04147253848601452 29.98353788723991 16.0 30.482247711339312 16.0 6.980008038226516 121.03272799613484 
23.86 62.91 8.0 -1.0 0.0019381837942647764 64.28955844260452 3.739015587920551 0.03732528463741307 12.376204453161115 4.0 -1.0 -1.0 -1.0 -1.0 
23.86 62.91 8.0 -1.0 0.011581385135898587 307.8693940936794 4.719189172528151 0.027648358990676348 7.520385764554622 16.0 -1.0 -1.0 -1.0 -1.0 
26.64 62.12 8.0 -1.0 1.5105891872725 135.46741303501804 0.640885842747449 0.0884747487701643 2.958934449732915 4.0 -1.0 -1.0 -1.0 -1.0 
26.64 62.12 8.0 -1.0 5.471800466365043 26.082134533264767 0.05166201213960514 0.015206597444871989 0.6597764815688497 1.0 -1.0 -1.0 -1.0 -1.0 
26.64 62.12 8.0 -1.0 0.06763119463005682 36.06254315568751 5.509016934897305 0.03456044873834543 12.346687686453098 32.0 -1.0 -1.0 -1.0 -1.0 
26.64 62.12 8.0 -1.0 0.2321160610787 13.795142584770991 1.2975117849886044 0.027648358990676344 7.8660630504523095 16.0 10.104816747862865 32.0 0.23210304789245131 14.77489823364188 
26.64 62.12 8.0 -1.0 3.08777735214 158.13402995083146 1.337558024704075 0.013824179495338174 82.12998661036413 32.0 82.12998910679596 32.0 3.0877648290091506 158.1723694464538 
26.64 62.12 8.0 -1.0 5.14255433375 7.762540039662134 1.5820489688171067 0.006912089747669086 206.0147852484186 32.0 206.05834761167512 32.0 5.142555892234668 7.792240849249484 
26.64 62.12 8.0 -1.0 12.173043099347511 0.0 1.2167700767580156 0.056679135930886505 14.875318676117411 8.0 -1.0 -1.0 -1.0 -1.0 
26.64 62.12 8.0 -1.0 9.095043 147.8431197268222 2.251828199773005 0.03041319488974398 78.05448804825956 32.0 78.44440787678909 32.0 9.09503796719946 147.8501802695259 
26.64 62.12 8.0 -1.0 0.21237375227076602 295.6862394536444 4.9770235643321135 0.03041319488974398 102.78302838141859 32.0 103.18754147275449 32.0 0.21236701286397877 295.29556880662335 
26.64 62.12 8.0 -1.0 3.31882067385 443.52935918046666 1.5084046126215596 0.017971433343939622 87.47863117822227 32.0 87.8502587021195 32.0 3.3188067997495336 443.4493428754707 
288.26 79.78 8.0 -1.0 2.233596324088 44.16795949111475 1.0160163342901278 0.05391430003181887 45.80565826359855 16.0 46.391799324523994 16.0 2.2335977215940757 44.223496767818496 
289.08 14.17 8.0 -1.0 6.280644351360491 146.5687787099043 0.213960218781229 0.016589015394405805 4.401827711176526 32.0 -1.0 -1.0 -1.0 -1.0 
289.08 14.17 8.0 -1.0 0.869118853459 138.44862476475726 0.12083930556546363 0.005529671798135269 1.124510668282042 32.0 -1.0 -1.0 -1.0 -1.0 
289.08 14.17 8.0 -1.0 3.57769 30.552079218615788 0.68625203982797 0.031795612839277794 6.276432557207854 16.0 -1.0 -1.0 -1.0 -1.0 
289.08 14.17 8.0 -1.0 17.341059575008597 63.641706545090024 0.05566401871967786 0.03041319488974398 1.5885362508718903 1.0 -1.0 -1.0 -1.0 -1.0 
289.08 14.17 8.0 -1.0 0.89398205209 68.20929313923524 0.023390359871954317 0.1354769590543141 2.5745305229150626 2.0 -1.0 -1.0 -1.0 -1.0 
289.08 14.17 8.0 -1.0 4.29203 0.0 0.5187659910761383 0.022118687192541075 2.7137565556654577 32.0 -1.0 -1.0 -1.0 -1.0 
289.08 14.17 8.0 -1.0 282.535701428469 338.30591373968906 0.029379662646940502 0.06082638977948796 0.17724293154809947 1.0 -1.0 -1.0 -1.0 -1.0 
289.08 14.17 8.0 -1.0 0.18086 676.6118274793781 0.010752343999733061 0.022118687192541075 3.737085547348239 2.0 -1.0 -1.0 -1.0 -1.0 
289.08 14.17 8.0 -1.0 502.368668 1014.9177412190672 0.08806320341568248 0.03732528463741307 0.35230137991212074 1.0 -1.0 -1.0 -1.0 -1.0 
289.08 14.17 8.0 -1.0 0.4500881198 71.66035856592273 3.8544160923830693 0.017971433343939622 121.98402460158121 32.0 122.04171191152264 32.0 0.4500786114173631 71.6481366398524 
292.95 22.32 8.0 -1.0 0.02203800457605804 56.04894521939037 0.06334030758662766 0.009676925646736721 0.8299119915406701 2.0 -1.0 -1.0 -1.0 -1.0 
292.95 22.32 8.0 -1.0 0.837963 63.171655353170685 0.4048188493154514 0.03317803078881161 2.81367837011484 16.0 -1.0 -1.0 -1.0 -1.0 
292.95 22.32 8.0 -1.0 8.703739461767679 96.66535181559004 0.29726742058157246 0.035942866687879244 3.9999223717738674 16.0 -1.0 -1.0 -1.0 -1.0 
292.95 22.32 8.0 -1.0 6.129329 22.38566042045243 0.16084984326885898 0.011059343596270537 6.042844371298198 32.0 -1.0 -1.0 -1.0 -1.0 
292.95 22.32 8.0 -1.0 1.86626740089 18.48512868052511 0.06848312320992868 0.05529671798135269 0.6630652705340832 2.0 -1.0 -1.0 -1.0 -1.0 
292.95 22.32 8.0 -1.0 24.477130550848678 0.0 0.042664141032509824 0.07879782312342758 3.61819205602277 2.0 -1.0 -1.0 -1.0 -1.0 
292.95 22.32 8.0 -1.0 1.3093429439 282.61896280821196 0.10879367828068814 0.05114946413275123 1.9158097868982567 16.0 -1.0 -1.0 -1.0 -1.0 
292.95 22.32 8.0 -1.0 0.828074420138 154.49497456842548 5.931674589932816 0.10921101801317155 25.470973185349255 8.0 25.55682915643083 8.0 0.8281252424543103 154.32684798838264 
292.95 22.32 8.0 -1.0 9.943798 565.2379256164239 1.44117218517521 0.02350110514207489 40.956689432518466 8.0 41.084682857611625 8.0 9.943808739384016 565.2916543364626 
292.95 22.32 8.0 -1.0 2.44290034442 847.8568884246358 4.5275743052258735 0.06497364362808941 62.642386949489776 8.0 62.69944918200367 8.0 2.4429027689620852 847.8362835715867 
297.69 38.74 8.0 -1.0 24.0890080713045 72.10900836126478 0.12708971653659945 0.024883523091608708 3.4310078714186005 2.0 -1.0 -1.0 -1.0 -1.0 
297.69 38.74 8.0 -1.0 3.370181 52.668280534072174 0.618271343828885 0.024883523091608708 18.39828660502375 32.0 18.536265630339198 16.0 3.3702235668897633 52.72412314881794 
297.69 38.74 8.0 -1.0 19.18594491719735 106.38035853537616 0.10730082479810867 0.02211868719254108 1.7912066350074096 16.0 -1.0 -1.0 -1.0 -1.0 
297.69 38.74 8.0 -1.0 112.410451 434.87211978545633 0.09560884017047858 0.029030776940210157 1.3514695638269978 1.0 -1.0 -1.0 -1.0 -1.0 
297.69 38.74 8.0 -1.0 21.521778197384467 109.77270030387957 2.28947535848214 0.02211868719254107 70.74627196305129 16.0 70.74627162297865 16.0 21.52173692593351 109.79975742124273 
297.69 38.74 8.0 -1.0 230.414747 131.95339648255572 9.63381672181643 0.04147253848601452 112.48542800507836 1.0 112.48542633409012 1.0 230.41502572596076 131.96210477170553 
297.69 38.74 8.0 -1.0 0.200979268178206 16.87472572024773 3.0601912910025972 0.07188573337575849 1.5167573699774395 16.0 -1.0 -1.0 -1.0 -1.0 
297.69 38.74 8.0 -1.0 1.2580475 0.0 1.4693210878159408 0.12580003340757737 1.5572513964618306 8.0 -1.0 -1.0 -1.0 -1.0 
297.69 38.74 8.0 -1.0 92.79872660216681 144.9573732618188 5.894908218805171 0.012441761545804354 165.57657824781157 4.0 165.5765787013948 4.0 92.79877607089779 144.91544020941896 
297.69 38.74 8.0 -1.0 0.01612345029807225 289.9147465236376 1.7989765511541298 0.01520659744487199 4.718543956783745 32.0 -1.0 -1.0 -1.0 -1.0 
298.24 79.31 8.0 -1.0 0.9946930319708154 145.44213938999107 1.0597477916820932 0.029030776940210157 56.922861436555394 16.0 60.08334924261849 32.0 0.9946991970840221 145.21903400874038 
298.24 79.31 8.0 -1.0 2.44468374341 113.56651062125809 8.625684705825073 0.011059343596270537 1216.8812203686175 32.0 1216.887800935276 32.0 2.4446914418755723 113.54408094620675 
298.51 38.74 8.0 -1.0 2.1507181757 93.04835749136107 0.28697613656589205 0.0884747487701643 2.6105758934606995 8.0 -1.0 -1.0 -1.0 -1.0 
298.51 38.74 8.0 -1.0 0.22752955379214254 37.942048685797715 0.11754577418803308 0.012441761545804354 1.4677897719136266 4.0 -1.0 -1.0 -1.0 -1.0 
298.51 38.74 8.0 -1.0 193.7156834116254 0.0 0.04254640661191802 0.012441761545804352 1.9094436669305772 2.0 -1.0 -1.0 -1.0 -1.0 
298.51 38.74 8.0 -1.0 0.004683690999171267 316.94448187910723 0.051306337904839586 0.012441761545804354 3.6410575600339508 1.0 -1.0 -1.0 -1.0 -1.0 
298.51 38.74 8.0 -1.0 172.70704460237 475.41672281866084 0.16592888398725764 0.04700221028414978 0.1971256415081153 1.0 -1.0 -1.0 -1.0 -1.0 
298.51 38.74 8.0 -1.0 276.35575461663 76.73993305623749 6.462209569809847 0.023501105142074888 95.19064071915342 1.0 95.19063908095082 1.0 276.3554221019149 76.7080332952092 
298.51 38.74 8.0 -1.0 2.65684439046 58.29191940950877 3.3018084541305774 0.02211868719254108 177.45272377693018 32.0 178.0508385222043 32.0 2.656846239309137 58.29000946971043 
298.51 38.74 8.0 -1.0 233.2571878284 43.88535205136753 3.7597374276556876 0.1769494975403286 33.00858263140969 1.0 33.00858292494175 1.0 233.25749983390173 43.91990296849709 
298.51 38.74 8.0 -1.0 0.083991 120.91056366915238 6.972432819051365 0.17556707959079476 2.4664119450576933 1.0 -1.0 -1.0 -1.0 -1.0 
298.51 38.74 8.0 -1.0 0.8158057495 158.47224093955361 9.7678499584738 0.06635606157762322 100.47530846898059 8.0 105.1015523445675 16.0 0.8158167474903167 158.57716117888236 
301.19 39.52 8.0 -1.0 0.904028 52.87310773028676 0.022025931965714878 0.024883523091608708 1.7891686585857929 32.0 -1.0 -1.0 -1.0 -1.0 
301.19 39.52 8.0 -1.0 0.0027993604566431823 33.399887893476475 0.03313233357761438 0.02350110514207489 2.0914571329934994 1.0 -1.0 -1.0 -1.0 -1.0 
301.19 39.52 8.0 -1.0 10.725011 0.0 0.014836010489410991 0.027648358990676344 1.9775235828337534 8.0 -1.0 -1.0 -1.0 -1.0 
301.19 39.52 8.0 -1.0 253.4366 401.8838496352241 0.18126995735709858 0.01520659744487199 1.8827386002081012 1.0 -1.0 -1.0 -1.0 -1.0 
301.19 39.52 8.0 -1.0 0.537915 602.8257744528362 0.04225349001833228 0.14930113854965227 2.239527624293924 2.0 -1.0 -1.0 -1.0 -1.0 
301.19 39.52 8.0 -1.0 0.842 50.039543233908795 1.5262242925517453 0.013824179495338174 77.37802573604638 32.0 77.83726766488348 32.0 0.8420101949013771 50.092976888032396 
301.19 39.52 8.0 -1.0 4.4146421450799 112.31767354791818 6.144391049998397 0.016589015394405805 330.5470329663549 32.0 330.5960513194812 32.0 4.414626649425676 112.32970574892111 
301.19 39.52 8.0 -1.0 13.815971 42.021158595222204 5.604990198616275 0.026265941041142528 225.4003835099678 32.0 225.56608603742552 32.0 13.815982432182258 41.997142239461496 
301.19 39.52 8.0 -1.0 0.472774981134 56.8521557464771 2.120472493719455 0.07603298722435994 7.3630311727430335 8.0 7.808111659086537 16.0 0.47275534598156815 59.20079086767465 
301.19 39.52 8.0 -1.0 0.4192557152705343 200.94192481761206 1.12461818180837 0.10921101801317157 2.373343104590067 8.0 -1.0 -1.0 -1.0 -1.0 
303.02 38.73 8.0 -1.0 13.844635067377832 155.99046101415544 0.24481548481623458 0.06497364362808941 1.636304278243761 1.0 -1.0 -1.0 -1.0 -1.0 
303.02 38.73 8.0 -1.0 0.916583201958 1.2745475707012246 0.029685697301048555 0.012441761545804354 1.0906017900182532 1.0 -1.0 -1.0 -1.0 -1.0 
303.02 38.73 8.0 -1.0 5.99703102436 50.41543724107066 0.36826175257976695 0.005529671798135269 29.745765081458803 32.0 -1.0 -1.0 -1.0 -1.0 
303.02 38.73 8.0 -1.0 1.4967703791 126.03859310267666 0.03854416092383065 0.023501105142074888 0.37998395423717324 1.0 -1.0 -1.0 -1.0 -1.0 
303.02 38.73 8.0 -1.0 0.7084996307 63.30252934482749 0.7559409094159965 0.013824179495338174 32.84392675500261 32.0 32.93757399200201 32.0 0.7084963726811111 63.349906125067236 
303.02 38.73 8.0 -1.0 34.56285133892 158.53955615555788 0.0995175761911259 0.07188573337575849 1.3609430525764914 1.0 -1.0 -1.0 -1.0 -1.0 
303.02 38.73 8.0 -1.0 214.35478534113 0.0 0.16627313382536477 0.013824179495338172 3.952486254628806 1.0 -1.0 -1.0 -1.0 -1.0 
303.02 38.73 8.0 -1.0 1.372129046511402 236.00372517484342 0.26214516631602275 0.011059343596270537 9.561378131694699 32.0 6.860452284794603 32.0 1.3721243400747578 235.28519447409153 
303.02 38.73 8.0 -1.0 91.94972192255072 472.00745034968685 8.128136701511847 0.023501105142074888 74.90062509673452 1.0 74.90062526387297 1.0 91.94967181732258 471.987160011683 
303.02 38.73 8.0 -1.0 0.597218 708.0111755245302 1.6096100390942392 0.12441761545804356 3.7284449039157375 4.0 -1.0 -1.0 -1.0 -1.0 
304.92 39.51 8.0 -1.0 0.06140946221409365 50.159218510088145 0.07632877084845537 0.2018330206319373 1.7994299877889681 8.0 -1.0 -1.0 -1.0 -1.0 
304.92 39.51 8.0 -1.0 1.776199 92.25585993391745 0.06221274842200597 0.02073626924300726 1.2113121438057437 1.0 -1.0 -1.0 -1.0 -1.0 
304.92 39.51 8.0 -1.0 1.184484581238005 77.6290607951293 0.013836113036819241 0.038707702586946884 1.439959454667086 1.0 -1.0 -1.0 -1.0 -1.0 
304.92 39.51 8.0 -1.0 1.29618884641 45.52145292949678 0.02706096218036255 0.022118687192541075 1.6937197319736537 4.0 -1.0 -1.0 -1.0 -1.0 
304.92 39.51 8.0 -1.0 0.11739317729588838 0.0 0.020259590509116916 0.04285495643554833 0.902613036510869 1.0 -1.0 -1.0 -1.0 -1.0 
304.92 39.51 8.0 -1.0 224.164985 237.8103489247849 0.09931153623322994 0.04423737438508215 0.2676439096844954 2.0 -1.0 -1.0 -1.0 -1.0 
304.92 39.51 8.0 -1.0 34.39137817982709 34.390815536077504 1.980294006121785 0.024883523091608708 27.168474180812062 8.0 27.827043253073523 8.0 34.39139012092104 34.40729725642629 
304.92 39.51 8.0 -1.0 0.006858663496666889 58.435846315451194 7.338149555276163 0.027648358990676344 1.9901359916911903 8.0 -1.0 -1.0 -1.0 -1.0 
304.92 39.51 8.0 -1.0 0.932741 475.6206978495698 2.7154598407104378 0.026265941041142528 57.67682016889069 32.0 57.90531515466694 32.0 0.9327474496482562 475.5290876704327 
304.92 39.51 8.0 -1.0 2.243046129 713.4310467743547 2.0385948985942077 0.01797143334393962 54.93082249629015 16.0 55.03098439927175 16.0 2.243056466492514 713.3442304722028 
305.07 38.73 8.0 -1.0 3.2854634388411066 83.23999798884775 0.8252616410692566 0.06220880772902178 4.1595178856062685 8.0 -1.0 -1.0 -1.0 -1.0 
305.07 38.73 8.0 -1.0 0.723 0.0 0.21117011831285426 0.016589015394405805 1.8239787257644848 4.0 -1.0 -1.0 -1.0 -1.0 
305.07 38.73 8.0 -1.0 0.623924 233.73118222142338 0.039514789793405995 0.022118687192541075 1.3984248882933565 1.0 -1.0 -1.0 -1.0 -1.0 
305.07 38.73 8.0 -1.0 0.007018082794154355 467.46236444284676 0.62471159670474 0.016589015394405805 -0.38389325839507715 32.0 -1.0 -1.0 -1.0 -1.0 
305.07 38.73 8.0 -1.0 2.546854 41.234303974256505 3.8784559734588844 0.016589015394405805 199.3277398109384 32.0 199.52805231473445 32.0 2.546858013374731 41.18755877460441 
305.07 38.73 8.0 -1.0 1.59307834609 91.8655411671361 4.885048579038806 0.02350110514207489 165.96390507676946 32.0 166.03769480822967 32.0 1.5930709196254613 91.88772326127962 
305.07 38.73 8.0 -1.0 0.5218245 77.62988860459517 2.3471295096132447 0.10091651031596865 1.8375248805290096 1.0 -1.0 -1.0 -1.0 -1.0 
305.07 38.73 8.0 -1.0 0.0016426544649465386 36.53583736494497 1.1300699081019756 0.026265941041142528 5.648057026503126 2.0 -1.0 -1.0 -1.0 -1.0 
305.07 38.73 8.0 -1.0 16.18596718059686 34.36191997854709 7.680483117247862 0.02073626924300726 258.232685154961 16.0 258.23269401567245 16.0 16.185974042552214 34.40729725642629 
305.07 38.73 8.0 -1.0 16.792101165075774 701.1935466642701 3.135087200477946 0.01520659744487199 61.81525772070766 4.0 61.88320883639073 4.0 16.79218257777393 701.0992805662393 
306.19 46.92 8.0 -1.0 39.475126410105304 42.9087328055541 0.15453216954363694 0.016589015394405805 1.6482323494274447 8.0 -1.0 -1.0 -1.0 -1.0 
306.19 46.92 8.0 -1.0 0.6921479136245 27.81435644312598 0.010394453964744334 0.013824179495338172 1.102332732003402 32.0 -1.0 -1.0 -1.0 -1.0 
306.19 46.92 8.0 -1.0 191.81305008725303 167.2253381275745 0.024908044558226906 0.017971433343939622 0.9607145906725535 2.0 -1.0 -1.0 -1.0 -1.0 
306.19 46.92 8.0 -1.0 100.33918940462799 0.0 0.18290527158198627 0.024883523091608708 2.5979937412778624 4.0 -1.0 -1.0 -1.0 -1.0 
306.19 46.92 8.0 -1.0 1.454249 565.2759147862128 0.019210043700749243 0.008294507697202903 1.4970262887022254 4.0 -1.0 -1.0 -1.0 -1.0 
306.19 46.92 8.0 -1.0 2.7177324827378 35.785543960363306 4.248766129358422 0.019353851293473442 169.83806934295004 32.0 170.10612681851245 32.0 2.7177217513478054 35.8240683199262 
306.19 46.92 8.0 -1.0 0.37550509899 79.14654272434223 3.1394219106029326 0.017971433343939622 126.35522823732362 32.0 126.643106906751 32.0 0.375500045871983 78.93438782356621 
306.19 46.92 8.0 -1.0 1.077041 52.29325144286897 3.297249531200038 0.0884747487701643 12.90035963291156 16.0 13.073729205686975 16.0 1.0770236258395016 51.91453968396085 
306.19 46.92 8.0 -1.0 1.830721 188.42530492873757 2.656087782946687 0.07188573337575849 26.56323057325896 8.0 26.707466758125562 8.0 1.8307522016887865 188.53174937859467 
306.19 46.92 8.0 -1.0 1.70219494788 376.85060985747515 1.7878259328039732 0.011059343596270537 137.84234493858528 32.0 137.95093510027877 32.0 1.7021799673481535 376.861102890975 
306.57 39.51 8.0 -1.0 0.6019826734548 61.099058384904055 0.11918116346569504 0.03732528463741307 2.723925281739332 2.0 -1.0 -1.0 -1.0 -1.0 
306.57 39.51 8.0 -1.0 0.00439184555143146 36.672892973317964 0.3159002393760121 0.04976704618321741 3.1882564884982 1.0 -1.0 -1.0 -1.0 -1.0 
306.57 39.51 8.0 -1.0 0.37550509899 54.23550777338399 0.014481584463104328 0.031795612839277794 1.8369300630198269 4.0 -1.0 -1.0 -1.0 -1.0 
306.57 39.51 8.0 -1.0 0.6933132465193 448.5532193763991 0.19898937272332506 0.06635606157762322 -0.2377811783178028 8.0 -1.0 -1.0 -1.0 -1.0 
306.57 39.51 8.0 -1.0 194.47579083371392 672.8298290645987 0.3191908292528214 0.02350110514207489 1.8565930699280657 2.0 -1.0 -1.0 -1.0 -1.0 
306.57 39.51 8.0 -1.0 1.4252832 25.233641954117864 7.627605773872714 0.011059343596270537 274.57644287663595 32.0 274.7604500350915 32.0 1.4252691471483558 25.1982853436769 
306.57 39.51 8.0 -1.0 0.6055400287748217 119.03550031155866 5.597251191736589 0.019353851293473442 149.81507984281942 32.0 150.45581167474705 32.0 0.6055415724404156 119.10996726709925 
306.57 39.51 8.0 -1.0 473.933649 116.14204270081983 3.222929644301044 0.09400442056829957 6.479819649678603 1.0 -1.0 -1.0 -1.0 -1.0 
306.57 39.51 8.0 -1.0 4.91263619475 0.0 2.9912146883874393 0.03870770258694688 19.825057655727573 16.0 -1.0 -1.0 -1.0 -1.0 
306.57 39.51 8.0 -1.0 217.8248734478 224.27660968819956 6.4044324311723795 0.21427478217774168 10.397180058150584 1.0 10.397179743353139 1.0 217.82470867037776 224.2546197654137 
307.64 39.12 8.0 -1.0 0.523887 141.8032835627425 0.016592888398725764 0.027648358990676344 1.0972419991185867 1.0 -1.0 -1.0 -1.0 -1.0 
307.64 39.12 8.0 -1.0 9.071269448988105 96.5534216237906 0.8022143549387194 0.017971433343939622 22.79098938961439 32.0 22.943124081641287 32.0 9.071269838993128 96.54282818420789 
307.64 39.12 8.0 -1.0 0.004213906295137867 53.19916200930831 0.011222897862455212 0.016589015394405805 3.6410529908391758 1.0 -1.0 -1.0 -1.0 -1.0 
307.64 39.12 8.0 -1.0 0.03139415075990475 22.319188659077625 0.788478179295685 0.07050331542622468 -0.01570437479067944 2.0 -1.0 -1.0 -1.0 -1.0 
307.64 39.12 8.0 -1.0 37.39097199147 45.983643483907876 0.5915305755260792 0.016589015394405805 6.050654844935073 8.0 -1.0 -1.0 -1.0 -1.0 
307.64 39.12 8.0 -1.0 1.664475 0.0 0.01627500580387476 0.016589015394405805 0.25097848879870027 1.0 -1.0 -1.0 -1.0 -1.0 
307.64 39.12 8.0 -1.0 3.35439493491 203.80782411152254 0.014391823081084063 0.026265941041142528 1.9154813232988284 4.0 -1.0 -1.0 -1.0 -1.0 
307.64 39.12 8.0 -1.0 317.594454701573 407.61564822304507 0.02027359157379194 0.011059343596270537 1.2415177832621942 1.0 -1.0 -1.0 -1.0 -1.0 
307.64 39.12 8.0 -1.0 3.37519461045 611.4234723345676 0.07222472028860831 0.21427478217774165 0.5040733977111784 4.0 -1.0 -1.0 -1.0 -1.0 
307.64 39.12 8.0 -1.0 3.85557384197 121.13510337981582 1.0452060627280741 0.019353851293473442 11.381434104379691 16.0 11.839937295737997 16.0 3.855590572735916 121.13392592924198 
307.82 39.51 8.0 -1.0 2.79091017854 41.22549264955629 0.03674993080056496 0.012441761545804354 -0.39779542357293757 4.0 -1.0 -1.0 -1.0 -1.0 
307.82 39.51 8.0 -1.0 0.9632044656095726 71.40403442445603 0.21633835015233413 0.019353851293473442 0.8031398392754195 1.0 -1.0 -1.0 -1.0 -1.0 
307.82 39.51 8.0 -1.0 1.47839 167.24713335373883 0.3420214984281319 0.11612310776084063 0.8023236296610307 1.0 -1.0 -1.0 -1.0 -1.0 
307.82 39.51 8.0 -1.0 0.74364701461 20.859605562200638 0.019504239128438527 0.04976704618321742 1.3345250840930256 8.0 -1.0 -1.0 -1.0 -1.0 
307.82 39.51 8.0 -1.0 0.23601548 77.82237459744084 0.14461589230674415 0.038707702586946884 0.3782979916206363 2.0 -1.0 -1.0 -1.0 -1.0 
307.82 39.51 8.0 -1.0 384.49193525267 205.69545958229207 0.046996682996603756 0.012441761545804356 -0.08907694165767929 1.0 -1.0 -1.0 -1.0 -1.0 
307.82 39.51 8.0 -1.0 0.12291385513739217 411.39091916458415 0.013712407512803643 0.013824179495338172 0.8374898686689947 1.0 -1.0 -1.0 -1.0 -1.0 
307.82 39.51 8.0 -1.0 0.89130992945 617.0863787468762 0.05948088720445762 0.02903077694021016 1.0367643498788175 1.0 -1.0 -1.0 -1.0 -1.0 
307.82 39.51 8.0 -1.0 2.242431224778 77.39037093195148 1.0871854470998872 0.03732528463741307 8.88016513592527 16.0 8.927845410825396 16.0 2.242450136691332 77.31522089385203 
307.82 39.51 8.0 -1.0 0.55018664142 0.0 2.1351723819271036 0.05529671798135269 1.5672785197184544 4.0 -1.0 -1.0 -1.0 -1.0 
308.06 39.12 8.0 -1.0 0.447673708967 60.13201213137595 0.10917012570556796 0.006912089747669086 0.47288270557345896 4.0 -1.0 -1.0 -1.0 -1.0 
308.06 39.12 8.0 -1.0 1.77912424934 49.31303181748028 0.06493535933189347 0.009676925646736721 0.6755709354564382 1.0 -1.0 -1.0 -1.0 -1.0 
308.06 39.12 8.0 -1.0 0.13351350897202321 106.57592209765737 0.010901939067768148 0.031795612839277794 6.0581256651048 1.0 -1.0 -1.0 -1.0 -1.0 
308.06 39.12 8.0 -1.0 1.733284770854 33.05467466068678 0.01582048968817107 0.015206597444871992 1.2669223064617876 8.0 -1.0 -1.0 -1.0 -1.0 
308.06 39.12 8.0 -1.0 192.8565208431179 0.0 0.48180165428117294 0.03732528463741307 0.9788409997349131 2.0 -1.0 -1.0 -1.0 -1.0 
308.06 39.12 8.0 -1.0 137.14654583092138 199.22464854262032 0.3978872071881638 0.016589015394405805 1.7894470170967414 2.0 -1.0 -1.0 -1.0 -1.0 
308.06 39.12 8.0 -1.0 12.922440399828183 597.6739456278609 0.021336978189961654 0.02350110514207489 1.9320257429914625 2.0 -1.0 -1.0 -1.0 -1.0 
308.06 39.12 8.0 -1.0 2.051164249099 48.117564379480754 2.275284475377997 0.04147253848601452 15.839977707982882 16.0 17.2380107572628 16.0 2.0511530844184263 48.06901822588967 
308.06 39.12 8.0 -1.0 1.4847663170749 40.58611952008377 3.0729023168311738 0.012441761545804354 108.63404181695827 32.0 108.90944176556162 32.0 1.4847501006443053 40.5803711759616 
308.06 39.12 8.0 -1.0 9.718629858858845 398.44929708524063 4.728979994171741 0.02073626924300726 81.98022212521187 16.0 82.02206030907837 16.0 9.718617851225039 398.41626264279506 
50.54 62.94 8.0 -1.0 307.2974449774 39.897869455332156 0.6373535924301142 0.02073626924300726 8.662174724087556 1.0 -1.0 -1.0 -1.0 -1.0 
50.54 62.94 8.0 -1.0 0.13290135589851756 36.11126610424739 0.011909885623504696 0.019353851293473442 1.060271511159473 16.0 -1.0 -1.0 -1.0 -1.0 
50.54 62.94 8.0 -1.0 0.008630369933207007 42.71473292382204 0.06565710478532774 0.017971433343939622 0.5821952374395813 8.0 -1.0 -1.0 -1.0 -1.0 
50.54 62.94 8.0 -1.0 0.0010232434930748456 76.4709164560533 0.2198032974881484 0.06635606157762322 10.850450018159822 2.0 -1.0 -1.0 -1.0 -1.0 
50.54 62.94 8.0 -1.0 161.0785884299511 45.90102110949093 0.04546380356371674 0.01520659744487199 0.9013985137100644 2.0 -1.0 -1.0 -1.0 -1.0 
50.54 62.94 8.0 -1.0 0.06370913090866241 57.76879014886635 0.010834365445564254 0.013824179495338172 0.17016668336088223 1.0 -1.0 -1.0 -1.0 -1.0 
50.54 62.94 8.0 -1.0 217.00905523505 0.0 0.1714049668094262 0.15621322829732134 0.8507597668332839 1.0 -1.0 -1.0 -1.0 -1.0 
50.54 62.94 8.0 -1.0 3.8306868647 153.91157279470147 0.15052816303829475 0.006912089747669086 5.080873431305692 8.0 -1.0 -1.0 -1.0 -1.0 
50.54 62.94 8.0 -1.0 0.8701738 307.82314558940294 0.0712828899471862 0.022118687192541075 0.24838246869752562 1.0 -1.0 -1.0 -1.0 -1.0 
50.54 62.94 8.0 -1.0 9.283479079243 461.73471838410444 0.04555812654498708 0.07465056927482613 1.4135775968785214 1.0 -1.0 -1.0 -1.0 -1.0 
54.06 62.95 8.0 -1.0 0.98911728333 48.8566120618266 0.018622029174201728 0.02350110514207489 0.7477333697694686 1.0 -1.0 -1.0 -1.0 -1.0 
54.06 62.95 8.0 -1.0 3.5037879534700034 69.93551598612473 0.3290422946584711 0.0967692564673672 1.34297628548295 4.0 -1.0 -1.0 -1.0 -1.0 
54.06 62.95 8.0 -1.0 0.44506595012065714 126.65205832480827 0.0171286593505062 0.0027648358990676344 1.6680082753701746 2.0 -1.0 -1.0 -1.0 -1.0 
54.06 62.95 8.0 -1.0 0.804014 78.64396146332417 0.047782396393280496 0.038707702586946884 2.1364389247629987 2.0 -1.0 -1.0 -1.0 -1.0 
54.06 62.95 8.0 -1.0 213.59893407472 200.87480900740042 0.03066540217911458 0.017971433343939622 1.8526821151138781 2.0 -1.0 -1.0 -1.0 -1.0 
54.06 62.95 8.0 -1.0 0.0012816608228960339 0.0 0.34415467656731447 0.10782860006363773 4.055196993469254 1.0 -1.0 -1.0 -1.0 -1.0 
54.06 62.95 8.0 -1.0 0.007588344846141157 148.84742961797812 0.14096617363948857 0.027648358990676344 2.550687411388268 1.0 -1.0 -1.0 -1.0 -1.0 
54.06 62.95 8.0 -1.0 17.173278 446.5422888539344 0.011481694855213496 0.01520659744487199 -0.22556355699638672 8.0 -1.0 -1.0 -1.0 -1.0 
54.06 62.95 8.0 -1.0 2.157619537033 109.5031195389386 1.0619464324307952 0.013824179495338172 88.48252652682848 32.0 89.15786249023022 32.0 2.157624597505977 109.49616362192133 
54.06 62.95 8.0 -1.0 1.496132 297.69485923595624 1.3655686293546998 0.012441761545804352 83.23707862005132 32.0 83.27141586476208 32.0 1.4961187844164672 297.7243192011946 
54.11 38.73 8.0 -1.0 0.0021345519190796537 41.828038531792664 0.020470625497787016 0.016589015394405805 4.439646878740699 2.0 -1.0 -1.0 -1.0 -1.0 
54.11 38.73 8.0 -1.0 0.0018174136330096186 56.35837686608638 0.8965928258909794 0.026265941041142528 5.764481193872871 2.0 -1.0 -1.0 -1.0 -1.0 
54.11 38.73 8.0 -1.0 28.7483845404833 25.36411310017611 0.11084202985753976 0.030413194889743977 0.5396478788242214 4.0 -1.0 -1.0 -1.0 -1.0 
54.11 38.73 8.0 -1.0 0.52289775784 132.87724273220064 0.4858124572854596 0.022118687192541075 19.896050500013434 32.0 20.832417496993987 32.0 0.5228988205393156 133.2776779020983 
54.11 38.73 8.0 -1.0 0.007764724487021979 0.0 0.0396789212041291 0.10644618211410392 -0.35954476050984174 4.0 -1.0 -1.0 -1.0 -1.0 
54.11 38.73 8.0 -1.0 346.71337922051 94.77420287319167 0.04440836117519113 0.024883523091608708 0.9414067117376946 1.0 -1.0 -1.0 -1.0 -1.0 
54.11 38.73 8.0 -1.0 0.5851 189.54840574638334 0.0360458843993142 0.02073626924300726 1.3073933661122477 4.0 -1.0 -1.0 -1.0 -1.0 
54.11 38.73 8.0 -1.0 0.0020107651267710276 284.322608619575 0.12252051704249856 0.009676925646736721 2.821990524159502 1.0 -1.0 -1.0 -1.0 -1.0 
54.11 38.73 8.0 -1.0 3.52042385334 93.06809661084799 1.3011022597285766 0.06497364362808941 20.66674652434478 8.0 20.85918318722183 8.0 3.520472091622651 93.00090052545812 
54.11 38.73 8.0 -1.0 1.268433632689 119.71178940778186 1.6847002963747477 0.026265941041142528 68.34130133169215 32.0 68.37847851861395 32.0 1.268411627582585 119.71715486574207 
55.08 39.51 8.0 -1.0 0.046825583003315005 175.90315237476824 0.01263892599784675 0.031795612839277794 2.2056107813862345 1.0 -1.0 -1.0 -1.0 -1.0 
55.08 39.51 8.0 -1.0 30.378269121627664 168.18114785556207 0.03657264038463828 0.030413194889743977 0.7660742197098581 8.0 -1.0 -1.0 -1.0 -1.0 
55.08 39.51 8.0 -1.0 346.71337922051 33.11947185423779 0.055357225786097385 0.0483846282336836 0.6343419268422441 1.0 -1.0 -1.0 -1.0 -1.0 
55.08 39.51 8.0 -1.0 189.48987107047 116.2411250628789 0.2757046204680018 0.017971433343939622 14.033398395821052 1.0 14.03339851430893 1.0 189.4901894653837 116.27642514009945 
55.08 39.51 8.0 -1.0 64.84399265188851 78.36513331468143 0.22658727867683454 0.056679135930886505 1.0337715862252326 1.0 -1.0 -1.0 -1.0 -1.0 
55.08 39.51 8.0 -1.0 2.071395365584 227.4321178926648 0.027399571714836618 0.03732528463741307 2.0848080415093273 8.0 -1.0 -1.0 -1.0 -1.0 
55.08 39.51 8.0 -1.0 0.012522443348826483 0.0 0.05008065115563314 0.10644618211410392 0.7712606287215226 8.0 -1.0 -1.0 -1.0 -1.0 
55.08 39.51 8.0 -1.0 2.262144835535 97.86099263313345 0.7701736550890854 0.06635606157762322 8.59572660885711 8.0 8.60674019086651 8.0 2.262095222249627 97.9595992477078 
55.08 39.51 8.0 -1.0 4.128977499143 293.58297789940036 0.3552671528398794 0.017971433343939622 15.908470665167114 16.0 16.63533362042819 16.0 4.128984680088858 293.575203943802 
55.08 39.51 8.0 -1.0 2.6472448838535136 195.7219852662669 1.7451155261522686 0.02073626924300726 114.9999491892626 32.0 115.02962358260325 32.0 2.6472359119604034 195.71680262920134 
83.27 39.57 8.0 -1.0 1.0273309412799 127.93367897389186 0.09647136862602292 0.05114946413275124 1.2116013005522013 2.0 -1.0 -1.0 -1.0 -1.0 
83.27 39.57 8.0 -1.0 0.2104307696878421 113.72349708326568 0.06891025045779399 0.04147253848601452 1.2302266072892236 16.0 -1.0 -1.0 -1.0 -1.0 
83.27 39.57 8.0 -1.0 0.22648634163526296 287.3988266400016 0.029096877432702457 0.026265941041142528 1.857194429555382 1.0 -1.0 -1.0 -1.0 -1.0 
83.27 39.57 8.0 -1.0 0.011112155734773638 0.0 0.031178081282623893 0.016589015394405805 0.9448114627572847 8.0 -1.0 -1.0 -1.0 -1.0 
83.27 39.57 8.0 -1.0 0.001158418664325096 140.1258468682161 0.07781962056190478 0.011059343596270537 5.131740831746603 2.0 -1.0 -1.0 -1.0 -1.0 
83.27 39.57 8.0 -1.0 256.2202469153542 420.3775406046483 0.024464641376516383 0.006912089747669086 0.41120124450942924 1.0 -1.0 -1.0 -1.0 -1.0 
83.27 39.57 8.0 -1.0 0.001911646398833734 9.753734315459386 5.939875985383376 0.08156265902249521 19.630617244295124 4.0 -1.0 -1.0 -1.0 -1.0 
83.27 39.57 8.0 -1.0 0.844274 64.61848983991844 6.174176748635792 0.04700221028414978 180.68828190403968 32.0 180.74037513467437 32.0 0.8442839316558094 64.76667718856713 
83.27 39.57 8.0 -1.0 502.512563 89.4652871693861 4.533834329565707 0.012441761545804354 85.75498070019698 1.0 85.75498168363565 1.0 502.51255743205553 89.45897286670836 
83.27 39.57 8.0 -1.0 1.26048 280.2516937364322 1.3514907615213376 0.04423737438508215 33.12724575904839 16.0 33.12982111010764 16.0 1.2604990236771605 280.31827470676717 
23.86 62.91 8.0 -1.0 1.09911524378 24.893729885462523 0.1533622854339414 0.01520659744487199 1.6072147968610588 2.0 -1.0 -1.0 -1.0 -1.0 
23.86 62.91 8.0 -1.0 12.608085313 221.73431758832206 0.7744420018433865 0.024883523091608704 20.50642391095049 16.0 20.64306131023207 16.0 12.608082518757632 221.72467143773534 
23.86 62.91 8.0 -1.0 0.047475613789974204 64.33574347022133 0.027286233694994055 0.06773847952715704 4.67728149675059 2.0 -1.0 -1.0 -1.0 -1.0 
23.86 62.91 8.0 -1.0 1.3899355261798 131.99680892885323 0.09944884875250298 0.016589015394405805 1.683486448431957 32.0 -1.0 -1.0 -1.0 -1.0 
23.86 62.91 8.0 -1.0 4.918355 0.0 0.3637106982091573 0.012441761545804354 18.553094919925332 32.0 -1.0 -1.0 -1.0 -1.0 
23.86 62.91 8.0 -1.0 461.3979177468945 153.9346970468397 0.014223789010228069 0.026265941041142528 2.3211638061355955 1.0 -1.0 -1.0 -1.0 -1.0 
23.86 62.91 8.0 -1.0 6.096446 461.80409114051906 0.01161733493855982 0.016589015394405805 1.3859842907373099 16.0 -1.0 -1.0 -1.0 -1.0 
23.86 62.91 8.0 -1.0 6.98 121.0047723560516 1.3403330336259605 0.04147253848601452 29.98353788723991 16.0 30.482247711339312 16.0 6.980008038226516 121.03272799613484 
23.86 62.91 8.0 -1.0 0.0019381837942647764 64.28955844260452 3.739015587920551 0.03732528463741307 12.376204453161115 4.0 -1.0 -1.0 -1.0 -1.0 
23.86 62.91 8.0 -1.0 0.011581385135898587 307.8693940936794 4.719189172528151 0.027648358990676348 7.520385764554622 16.0 -1.0 -1.0 -1.0 -1.0 
26.64 62.12 8.0 -1.0 1.5105891872725 135.46741303501804 0.640885842747449 0.0884747487701643 2.958934449732915 4.0 -1.0 -1.0 -1.0 -1.0 
26.64 62.12 8.0 -1.0 5.471800466365043 26.082134533264767 0.05166201213960514 0.015206597444871989 0.6597764815688497 1.0 -1.0 -1.0 -1.0 -1.0 
26.64 62.12 8.0 -1.0 0.06763119463005682 36.06254315568751 5.509016934897305 0.03456044873834543 12.346687686453098 32.0 -1.0 -1.0 -1.0 -1.0 
26.64 62.12 8.0 -1.0 0.2321160610787 13.795142584770991 1.2975117849886044 0.027648358990676344 7.8660630504523095 16.0 10.104816747862865 32.0 0.23210304789245131 14.77489823364188 
26.64 62.12 8.0 -1.0 3.08777735214 158.13402995083146 1.337558024704075 0.013824179495338174 82.12998661036413 32.0 82.12998910679596 32.0 3.0877648290091506 158.1723694464538 
26.64 62.12 8.0 -1.0 5.14255433375 7.762540039662134 1.5820489688171067 0.006912089747669086 206.0147852484186 32.0 206.05834761167512 32.0 5.142555892234668 7.792240849249484 
26.64 62.12 8.0 -1.0 12.173043099347511 0.0 1.2167700767580156 0.056679135930886505 14.875318676117411 8.0 -1.0 -1.0 -1.0 -1.0 
26.64 62.12 8.0 -1.0 9.095043 147.8431197268222 2.251828199773005 0.03041319488974398 78.05448804825956 32.0 78.44440787678909 32.0 9.09503796719946 147.8501802695259 
26.64 62.12 8.0 -1.0 0.21237375227076602 295.6862394536444 4.9770235643321135 0.03041319488974398 102.78302838141859 32.0 103.18754147275449 32.0 0.21236701286397877 295.29556880662335 
26.64 62.12 8.0 -1.0 3.31882067385 443.52935918046666 1.5084046126215596 0.017971433343939622 87.47863117822227 32.0 87.8502587021195 32.0 3.3188067997495336 443.4493428754707 
288.26 79.78 8.0 -1.0 2.233596324088 44.16795949111475 1.0160163342901278 0.05391430003181887 45.80565826359855 16.0 46.391799324523994 16.0 2.2335977215940757 44.223496767818496 
289.08 14.17 8.0 -1.0 6.280644351360491 146.5687787099043 0.213960218781229 0.016589015394405805 4.401827711176526 32.0 -1.0 -1.0 -1.0 -1.0 
289.08 14.17 8.0 -1.0 0.869118853459 138.44862476475726 0.12083930556546363 0.005529671798135269 1.124510668282042 32.0 -1.0 -1.0 -1.0 -1.0 
289.08 14.17 8.0 -1.0 3.57769 30.552079218615788 0.68625203982797 0.031795612839277794 6.276432557207854 16.0 -1.0 -1.0 -1.0 -1.0 
289.08 14.17 8.0 -1.0 17.341059575008597 63.641706545090024 0.05566401871967786 0.03041319488974398 1.5885362508718903 1.0 -1.0 -1.0 -1.0 -1.0 
289.08 14.17 8.0 -1.0 0.89398205209 68.20929313923524 0.023390359871954317 0.1354769590543141 2.5745305229150626 2.0 -1.0 -1.0 -1.0 -1.0 
289.08 14.17 8.0 -1.0 4.29203 0.0 0.5187659910761383 0.022118687192541075 2.7137565556654577 32.0 -1.0 -1.0 -1.0 -1.0 
289.08 14.17 8.0 -1.0 282.535701428469 338.30591373968906 0.029379662646940502 0.06082638977948796 0.17724293154809947 1.0 -1.0 -1.0 -1.0 -1.0 
289.08 14.17 8.0 -1.0 0.18086 676.6118274793781 0.010752343999733061 0.022118687192541075 3.737085547348239 2.0 -1.0 -1.0 -1.0 -1.0 
289.08 14.17 8.0 -1.0 502.368668 1014.9177412190672 0.08806320341568248 0.03732528463741307 0.35230137991212074 1.0 -1.0 -1.0 -1.0 -1.0 
289.08 14.17 8.0 -1.0 0.4500881198 71.66035856592273 3.8544160923830693 0.017971433343939622 121.98402460158121 32.0 122.04171191152264 32.0 0.4500786114173631 71.6481366398524 
292.61 22.32 8.0 -1.0 0.38597095267029763 84.92391168160871 0.07287629054436684 0.03456044873834543 2.245198749793986 8.0 -1.0 -1.0 -1.0 -1.0 
292.61 22.32 8.0 -1.0 0.04023665309706167 41.91595640862784 0.1428286994089434 0.026265941041142528 2.6510772793377795 1.0 -1.0 -1.0 -1.0 -1.0 
292.61 22.32 8.0 -1.0 0.946213113 120.28787490411838 0.03632085100703891 0.10091651031596865 1.159029806946766 1.0 -1.0 -1.0 -1.0 -1.0 
292.61 22.32 8.0 -1.0 0.628824 90.97190539187164 0.13674567248957512 0.02903077694021016 0.6525753669960734 4.0 -1.0 -1.0 -1.0 -1.0 
292.61 22.32 8.0 -1.0 2.52937356474 50.14794784759684 0.035896781004421355 0.02350110514207489 2.198719826675951 1.0 -1.0 -1.0 -1.0 -1.0 
292.61 22.32 8.0 -1.0 9.90001 76.27192067942701 0.11246181818083695 0.022118687192541075 1.1320830651000466 2.0 -1.0 -1.0 -1.0 -1.0 
292.61 22.32 8.0 -1.0 4.6802937243777585 279.9717088375884 0.7863023234283906 0.011059343596270537 38.46450862738739 32.0 39.46436735886439 32.0 4.680290051813548 280.0146809074457 
292.61 22.32 8.0 -1.0 1.93009288569 839.9151265127651 0.02305346836147395 0.03456044873834543 1.8216866160959324 8.0 -1.0 -1.0 -1.0 -1.0 
292.61 22.32 8.0 -1.0 0.742167900236 0.0 3.7132738203638316 0.03732528463741307 47.595406170415366 16.0 -1.0 -1.0 -1.0 -1.0 
292.61 22.32 8.0 -1.0 0.61523110201 559.9434176751768 2.065529981203609 0.022118687192541075 91.16360580746314 32.0 91.34613466026487 32.0 0.6152428492593269 559.8269659486773 
292.95 22.32 8.0 -1.0 0.02203800457605804 56.04894521939037 0.06334030758662766 0.009676925646736721 0.8299119915406701 2.0 -1.0 -1.0 -1.0 -1.0 
292.95 22.32 8.0 -1.0 0.837963 63.171655353170685 0.4048188493154514 0.03317803078881161 2.81367837011484 16.0 -1.0 -1.0 -1.0 -1.0 
292.95 22.32 8.0 -1.0 8.703739461767679 96.66535181559004 0.29726742058157246 0.035942866687879244 3.9999223717738674 16.0 -1.0 -1.0 -1.0 -1.0 
292.95 22.32 8.0 -1.0 6.129329 22.38566042045243 0.16084984326885898 0.011059343596270537 6.042844371298198 32.0 -1.0 -1.0 -1.0 -1.0 
292.95 22.32 8.0 -1.0 1.86626740089 18.48512868052511 0.06848312320992868 0.05529671798135269 0.6630652705340832 2.0 -1.0 -1.0 -1.0 -1.0 
292.95 22.32 8.0 -1.0 24.477130550848678 0.0 0.042664141032509824 0.07879782312342758 3.61819205602277 2.0 -1.0 -1.0 -1.0 -1.0 
292.95 22.32 8.0 -1.0 1.3093429439 282.61896280821196 0.10879367828068814 0.05114946413275123 1.9158097868982567 16.0 -1.0 -1.0 -1.0 -1.0 
292.95 22.32 8.0 -1.0 0.828074420138 154.49497456842548 5.931674589932816 0.10921101801317155 25.470973185349255 8.0 25.55682915643083 8.0 0.8281252424543103 154.32684798838264 
292.95 22.32 8.0 -1.0 9.943798 565.2379256164239 1.44117218517521 0.02350110514207489 40.956689432518466 8.0 41.084682857611625 8.0 9.943808739384016 565.2916543364626 
292.95 22.32 8.0 -1.0 2.44290034442 847.8568884246358 4.5275743052258735 0.06497364362808941 62.642386949489776 8.0 62.69944918200367 8.0 2.4429027689620852 847.8362835715867 
297.69 38.74 8.0 -1.0 24.0890080713045 72.10900836126478 0.12708971653659945 0.024883523091608708 3.4310078714186005 2.0 -1.0 -1.0 -1.0 -1.0 
297.69 38.74 8.0 -1.0 3.370181 52.668280534072174 0.618271343828885 0.024883523091608708 18.39828660502375 32.0 18.536265630339198 16.0 3.3702235668897633 52.72412314881794 
297.69 38.74 8.0 -1.0 19.18594491719735 106.38035853537616 0.10730082479810867 0.02211868719254108 1.7912066350074096 16.0 -1.0 -1.0 -1.0 -1.0 
297.69 38.74 8.0 -1.0 112.410451 434.87211978545633 0.09560884017047858 0.029030776940210157 1.3514695638269978 1.0 -1.0 -1.0 -1.0 -1.0 
297.69 38.74 8.0 -1.0 21.521778197384467 109.77270030387957 2.28947535848214 0.02211868719254107 70.74627196305129 16.0 70.74627162297865 16.0 21.52173692593351 109.79975742124273 
297.69 38.74 8.0 -1.0 230.414747 131.95339648255572 9.63381672181643 0.04147253848601452 112.48542800507836 1.0 112.48542633409012 1.0 230.41502572596076 131.96210477170553 
297.69 38.74 8.0 -1.0 0.200979268178206 16.87472572024773 3.0601912910025972 0.07188573337575849 1.5167573699774395 16.0 -1.0 -1.0 -1.0 -1.0 
297.69 38.74 8.0 -1.0 1.2580475 0.0 1.4693210878159408 0.12580003340757737 1.5572513964618306 8.0 -1.0 -1.0 -1.0 -1.0 
297.69 38.74 8.0 -1.0 92.79872660216681 144.9573732618188 5.894908218805171 0.012441761545804354 165.57657824781157 4.0 165.5765787013948 4.0 92.79877607089779 144.91544020941896 
297.69 38.74 8.0 -1.0 0.01612345029807225 289.9147465236376 1.7989765511541298 0.01520659744487199 4.718543956783745 32.0 -1.0 -1.0 -1.0 -1.0 
298.24 79.31 8.0 -1.0 0.9946930319708154 145.44213938999107 1.0597477916820932 0.029030776940210157 56.922861436555394 16.0 60.08334924261849 32.0 0.9946991970840221 145.21903400874038 
298.24 79.31 8.0 -1.0 2.44468374341 113.56651062125809 8.625684705825073 0.011059343596270537 1216.8812203686175 32.0 1216.887800935276 32.0 2.4446914418755723 113.54408094620675 
298.51 38.74 8.0 -1.0 2.1507181757 93.04835749136107 0.28697613656589205 0.0884747487701643 2.6105758934606995 8.0 -1.0 -1.0 -1.0 -1.0 
298.51 38.74 8.0 -1.0 0.22752955379214254 37.942048685797715 0.11754577418803308 0.012441761545804354 1.4677897719136266 4.0 -1.0 -1.0 -1.0 -1.0 
298.51 38.74 8.0 -1.0 193.7156834116254 0.0 0.04254640661191802 0.012441761545804352 1.9094436669305772 2.0 -1.0 -1.0 -1.0 -1.0 
298.51 38.74 8.0 -1.0 0.004683690999171267 316.94448187910723 0.051306337904839586 0.012441761545804354 3.6410575600339508 1.0 -1.0 -1.0 -1.0 -1.0 
298.51 38.74 8.0 -1.0 172.70704460237 475.41672281866084 0.16592888398725764 0.04700221028414978 0.1971256415081153 1.0 -1.0 -1.0 -1.0 -1.0 
298.51 38.74 8.0 -1.0 276.35575461663 76.73993305623749 6.462209569809847 0.023501105142074888 95.19064071915342 1.0 95.19063908095082 1.0 276.3554221019149 76.7080332952092 
298.51 38.74 8.0 -1.0 2.65684439046 58.29191940950877 3.3018084541305774 0.02211868719254108 177.45272377693018 32.0 178.0508385222043 32.0 2.656846239309137 58.29000946971043 
298.51 38.74 8.0 -1.0 233.2571878284 43.88535205136753 3.7597374276556876 0.1769494975403286 33.00858263140969 1.0 33.00858292494175 1.0 233.25749983390173 43.91990296849709 
298.51 38.74 8.0 -1.0 0.083991 120.91056366915238 6.972432819051365 0.17556707959079476 2.4664119450576933 1.0 -1.0 -1.0 -1.0 -1.0 
298.51 38.74 8.0 -1.0 0.8158057495 158.47224093955361 9.7678499584738 0.06635606157762322 100.47530846898059 8.0 105.1015523445675 16.0 0.8158167474903167 158.57716117888236 
301.04 39.13 8.0 -1.0 2.0360728738 32.999470578029644 0.07307795382278148 0.016589015394405805 2.312301526802746 1.0 -1.0 -1.0 -1.0 -1.0 
301.04 39.13 8.0 -1.0 0.0022043335512826594 175.73285533327802 0.3005714973044299 0.035942866687879244 4.724587698027201 2.0 -1.0 -1.0 -1.0 -1.0 
301.04 39.13 8.0 -1.0 1.001001 34.03642251855923 0.05789969388540935 0.04700221028414978 -0.04292457078898106 16.0 -1.0 -1.0 -1.0 -1.0 
301.04 39.13 8.0 -1.0 96.27386412606894 95.64356722061088 0.010237667493371768 0.027648358990676344 1.266451662920411 4.0 -1.0 -1.0 -1.0 -1.0 
301.04 39.13 8.0 -1.0 1.05155 99.79137498272921 0.07197567037875806 0.03041319488974398 0.6064729846760074 32.0 -1.0 -1.0 -1.0 -1.0 
301.04 39.13 8.0 -1.0 1.830721 79.47931638294386 0.6216978392254384 0.11474068981130683 2.399867348640848 4.0 -1.0 -1.0 -1.0 -1.0 
301.04 39.13 8.0 -1.0 2.31107 0.0 0.04428581346777544 0.04285495643554833 0.2804804440647093 1.0 -1.0 -1.0 -1.0 -1.0 
301.04 39.13 8.0 -1.0 375.2016208875134 203.30357751677045 0.10055420575945401 0.03041319488974398 0.7231070649505278 1.0 -1.0 -1.0 -1.0 -1.0 
301.04 39.13 8.0 -1.0 1.4352133702 406.6071550335409 2.3913209231960004 0.011059343596270537 130.57962343131044 32.0 130.60749362786558 32.0 1.43521295588774 406.61329522447306 
301.04 39.13 8.0 -1.0 0.453167 609.9107325503113 7.7070590924057285 0.06497364362808941 67.10067980110995 8.0 70.77870923672967 16.0 0.45317089340339106 609.7175469704953 
301.19 39.52 8.0 -1.0 0.904028 52.87310773028676 0.022025931965714878 0.024883523091608708 1.7891686585857929 32.0 -1.0 -1.0 -1.0 -1.0 
301.19 39.52 8.0 -1.0 0.0027993604566431823 33.399887893476475 0.03313233357761438 0.02350110514207489 2.0914571329934994 1.0 -1.0 -1.0 -1.0 -1.0 
301.19 39.52 8.0 -1.0 10.725011 0.0 0.014836010489410991 0.027648358990676344 1.9775235828337534 8.0 -1.0 -1.0 -1.0 -1.0 
301.19 39.52 8.0 -1.0 253.4366 401.8838496352241 0.18126995735709858 0.01520659744487199 1.8827386002081012 1.0 -1.0 -1.0 -1.0 -1.0 
301.19 39.52 8.0 -1.0 0.537915 602.8257744528362 0.04225349001833228 0.14930113854965227 2.239527624293924 2.0 -1.0 -1.0 -1.0 -1.0 
301.19 39.52 8.0 -1.0 0.842 50.039543233908795 1.5262242925517453 0.013824179495338174 77.37802573604638 32.0 77.83726766488348 32.0 0.8420101949013771 50.092976888032396 
301.19 39.52 8.0 -1.0 4.4146421450799 112.31767354791818 6.144391049998397 0.016589015394405805 330.5470329663549 32.0 330.5960513194812 32.0 4.414626649425676 112.32970574892111 
301.19 39.52 8.0 -1.0 13.815971 42.021158595222204 5.604990198616275 0.026265941041142528 225.4003835099678 32.0 225.56608603742552 32.0 13.815982432182258 41.997142239461496 
301.19 39.52 8.0 -1.0 0.472774981134 56.8521557464771 2.120472493719455 0.07603298722435994 7.3630311727430335 8.0 7.808111659086537 16.0 0.47275534598156815 59.20079086767465 
301.19 39.52 8.0 -1.0 0.4192557152705343 200.94192481761206 1.12461818180837 0.10921101801317157 2.373343104590067 8.0 -1.0 -1.0 -1.0 -1.0 
303.02 38.73 8.0 -1.0 13.844635067377832 155.99046101415544 0.24481548481623458 0.06497364362808941 1.636304278243761 1.0 -1.0 -1.0 -1.0 -1.0 
303.02 38.73 8.0 -1.0 0.916583201958 1.2745475707012246 0.029685697301048555 0.012441761545804354 1.0906017900182532 1.0 -1.0 -1.0 -1.0 -1.0 
303.02 38.73 8.0 -1.0 5.99703102436 50.41543724107066 0.36826175257976695 0.005529671798135269 29.745765081458803 32.0 -1.0 -1.0 -1.0 -1.0 
303.02 38.73 8.0 -1.0 1.4967703791 126.03859310267666 0.03854416092383065 0.023501105142074888 0.37998395423717324 1.0 -1.0 -1.0 -1.0 -1.0 
303.02 38.73 8.0 -1.0 0.7084996307 63.30252934482749 0.7559409094159965 0.013824179495338174 32.84392675500261 32.0 32.93757399200201 32.0 0.7084963726811111 63.349906125067236 
303.02 38.73 8.0 -1.0 34.56285133892 158.53955615555788 0.0995175761911259 0.07188573337575849 1.3609430525764914 1.0 -1.0 -1.0 -1.0 -1.0 
303.02 38.73 8.0 -1.0 214.35478534113 0.0 0.16627313382536477 0.013824179495338172 3.952486254628806 1.0 -1.0 -1.0 -1.0 -1.0 
303.02 38.73 8.0 -1.0 1.372129046511402 236.00372517484342 0.26214516631602275 0.011059343596270537 9.561378131694699 32.0 6.860452284794603 32.0 1.3721243400747578 235.28519447409153 
303.02 38.73 8.0 -1.0 91.94972192255072 472.00745034968685 8.128136701511847 0.023501105142074888 74.90062509673452 1.0 74.90062526387297 1.0 91.94967181732258 471.987160011683 
303.02 38.73 8.0 -1.0 0.597218 708.0111755245302 1.6096100390942392 0.12441761545804356 3.7284449039157375 4.0 -1.0 -1.0 -1.0 -1.0 
304.92 39.51 8.0 -1.0 0.06140946221409365 50.159218510088145 0.07632877084845537 0.2018330206319373 1.7994299877889681 8.0 -1.0 -1.0 -1.0 -1.0 
304.92 39.51 8.0 -1.0 1.776199 92.25585993391745 0.06221274842200597 0.02073626924300726 1.2113121438057437 1.0 -1.0 -1.0 -1.0 -1.0 
304.92 39.51 8.0 -1.0 1.184484581238005 77.6290607951293 0.013836113036819241 0.038707702586946884 1.439959454667086 1.0 -1.0 -1.0 -1.0 -1.0 
304.92 39.51 8.0 -1.0 1.29618884641 45.52145292949678 0.02706096218036255 0.022118687192541075 1.6937197319736537 4.0 -1.0 -1.0 -1.0 -1.0 
304.92 39.51 8.0 -1.0 0.11739317729588838 0.0 0.020259590509116916 0.04285495643554833 0.902613036510869 1.0 -1.0 -1.0 -1.0 -1.0 
304.92 39.51 8.0 -1.0 224.164985 237.8103489247849 0.09931153623322994 0.04423737438508215 0.2676439096844954 2.0 -1.0 -1.0 -1.0 -1.0 
304.92 39.51 8.0 -1.0 34.39137817982709 34.390815536077504 1.980294006121785 0.024883523091608708 27.168474180812062 8.0 27.827043253073523 8.0 34.39139012092104 34.40729725642629 
304.92 39.51 8.0 -1.0 0.006858663496666889 58.435846315451194 7.338149555276163 0.027648358990676344 1.9901359916911903 8.0 -1.0 -1.0 -1.0 -1.0 
304.92 39.51 8.0 -1.0 0.932741 475.6206978495698 2.7154598407104378 0.026265941041142528 57.67682016889069 32.0 57.90531515466694 32.0 0.9327474496482562 475.5290876704327 
304.92 39.51 8.0 -1.0 2.243046129 713.4310467743547 2.0385948985942077 0.01797143334393962 54.93082249629015 16.0 55.03098439927175 16.0 2.243056466492514 713.3442304722028 
305.07 38.73 8.0 -1.0 3.2854634388411066 83.23999798884775 0.8252616410692566 0.06220880772902178 4.1595178856062685 8.0 -1.0 -1.0 -1.0 -1.0 
305.07 38.73 8.0 -1.0 0.723 0.0 0.21117011831285426 0.016589015394405805 1.8239787257644848 4.0 -1.0 -1.0 -1.0 -1.0 
305.07 38.73 8.0 -1.0 0.623924 233.73118222142338 0.039514789793405995 0.022118687192541075 1.3984248882933565 1.0 -1.0 -1.0 -1.0 -1.0 
305.07 38.73 8.0 -1.0 0.007018082794154355 467.46236444284676 0.62471159670474 0.016589015394405805 -0.38389325839507715 32.0 -1.0 -1.0 -1.0 -1.0 
305.07 38.73 8.0 -1.0 2.546854 41.234303974256505 3.8784559734588844 0.016589015394405805 199.3277398109384 32.0 199.52805231473445 32.0 2.546858013374731 41.18755877460441 
305.07 38.73 8.0 -1.0 1.59307834609 91.8655411671361 4.885048579038806 0.02350110514207489 165.96390507676946 32.0 166.03769480822967 32.0 1.5930709196254613 91.88772326127962 
305.07 38.73 8.0 -1.0 0.5218245 77.62988860459517 2.3471295096132447 0.10091651031596865 1.8375248805290096 1.0 -1.0 -1.0 -1.0 -1.0 
305.07 38.73 8.0 -1.0 0.0016426544649465386 36.53583736494497 1.1300699081019756 0.026265941041142528 5.648057026503126 2.0 -1.0 -1.0 -1.0 -1.0 
305.07 38.73 8.0 -1.0 16.18596718059686 34.36191997854709 7.680483117247862 0.02073626924300726 258.232685154961 16.0 258.23269401567245 16.0 16.185974042552214 34.40729725642629 
305.07 38.73 8.0 -1.0 16.792101165075774 701.1935466642701 3.135087200477946 0.01520659744487199 61.81525772070766 4.0 61.88320883639073 4.0 16.79218257777393 701.0992805662393 
305.75 39.51 8.0 -1.0 0.378019 122.13629366157168 0.4970151613045875 0.10782860006363774 0.7048036195300081 1.0 -1.0 -1.0 -1.0 -1.0 
305.75 39.51 8.0 -1.0 1.750087931346 84.8090892340386 0.9390684932040841 0.04009012053648069 5.601511413207789 8.0 -1.0 -1.0 -1.0 -1.0 
305.75 39.51 8.0 -1.0 0.9284176174 23.600877846301408 0.7569861067277132 0.12441761545804356 1.1074317586243758 2.0 -1.0 -1.0 -1.0 -1.0 
305.75 39.51 8.0 -1.0 0.25996564951440604 81.23744303177934 0.0580599139240655 0.03732528463741307 1.5992059132189698 4.0 -1.0 -1.0 -1.0 -1.0 
305.75 39.51 8.0 -1.0 0.91374580877 84.94915379098994 0.14057716848492932 0.012441761545804354 0.48667040202417167 32.0 -1.0 -1.0 -1.0 -1.0 
305.75 39.51 8.0 -1.0 3.127346 0.0 0.03846435957016196 0.15483081034778753 -4.928438971562464 8.0 -1.0 -1.0 -1.0 -1.0 
305.75 39.51 8.0 -1.0 0.011475428399886807 233.41758415941422 0.47159300720092434 0.05667913593088651 1.1728452055854959 4.0 -1.0 -1.0 -1.0 -1.0 
305.75 39.51 8.0 -1.0 2.6781496751 466.83516831882844 0.9306724964577999 0.01520659744487199 25.294396569147025 32.0 26.860974711042417 32.0 2.678158731820683 466.82606542321906 
305.75 39.51 8.0 -1.0 40.023118465474234 700.2527524782427 0.4155869160574328 0.13962421290291552 2.3288851389363594 4.0 -1.0 -1.0 -1.0 -1.0 
305.99 39.12 8.0 -1.0 40.20746778843091 32.977899049752665 0.23913209231960003 0.022118687192541075 1.699711458108867 1.0 -1.0 -1.0 -1.0 -1.0 
305.99 39.12 8.0 -1.0 266.8691669720664 118.69318211708499 0.015431880154818058 0.011059343596270536 0.13798608786665945 1.0 -1.0 -1.0 -1.0 -1.0 
305.99 39.12 8.0 -1.0 6.606295308102913 24.120198891761245 0.2603403918295978 0.13962421290291552 2.674718915465551 8.0 -1.0 -1.0 -1.0 -1.0 
305.99 39.12 8.0 -1.0 3.502872 0.0 0.023568787118632552 0.04700221028414978 1.488104985241853 2.0 -1.0 -1.0 -1.0 -1.0 
305.99 39.12 8.0 -1.0 27.205948119641164 227.09780481988764 0.012948254326498463 0.08985716671969811 1.7951563562453596 8.0 -1.0 -1.0 -1.0 -1.0 
305.99 39.12 8.0 -1.0 0.776096931576026 681.2934144596629 0.2169370016563095 0.02350110514207489 2.110298687819106 16.0 -1.0 -1.0 -1.0 -1.0 
305.99 39.12 8.0 -1.0 0.6823915077117058 28.617185125818427 2.612412205509469 0.012441761545804352 110.93613502118035 32.0 111.0267845457688 32.0 0.6823938747402281 28.63901506931953 
305.99 39.12 8.0 -1.0 0.52826709593 39.859650710961375 3.396668043368903 0.029030776940210157 53.98445702188708 32.0 54.15617850432441 32.0 0.5282648392797759 39.973183577318785 
305.99 39.12 8.0 -1.0 2.749622437569 104.92967879466757 1.7940121605257802 0.04561979233461597 26.341582611737536 16.0 26.385599611039634 16.0 2.749645015380035 104.84105869899307 
305.99 39.12 8.0 -1.0 0.77556728669 454.1956096397753 3.8331724300061705 0.017971433343939622 148.18689613403552 32.0 148.81273265748555 32.0 0.775556448691835 454.2775217179342 
306.08 46.54 8.0 -1.0 0.266907 13.172693492855782 0.01718792786505633 0.052531882082285056 2.576052898757162 8.0 -1.0 -1.0 -1.0 -1.0 
306.08 46.54 8.0 -1.0 31.162356 112.28426942381871 0.9774600356461515 0.029030776940210157 18.74255308966333 4.0 18.954398535158166 8.0 31.16244139770667 112.22850781581398 
306.08 46.54 8.0 -1.0 0.08355140964184635 118.49671875669394 0.017235490300747426 0.027648358990676348 1.8630031621342877 4.0 -1.0 -1.0 -1.0 -1.0 
306.08 46.54 8.0 -1.0 257.4004155493247 384.8842452432229 0.09274632919026742 0.016589015394405805 0.9294136196563035 1.0 -1.0 -1.0 -1.0 -1.0 
306.08 46.54 8.0 -1.0 134.6485499129762 21.686049986055153 0.04781541800948389 0.14377146675151697 0.3057267469734552 1.0 -1.0 -1.0 -1.0 -1.0 
306.08 46.54 8.0 -1.0 0.31656 0.0 0.1418453755649639 0.017971433343939622 0.9028580848005086 1.0 -1.0 -1.0 -1.0 -1.0 
306.08 46.54 8.0 -1.0 1.885156 191.72308913401014 0.06238490354560311 0.07326815132529231 1.8353429190528754 16.0 -1.0 -1.0 -1.0 -1.0 
306.08 46.54 8.0 -1.0 0.0018174136330096186 383.4461782680203 0.6848312320992872 0.009676925646736721 2.4374553645993373 1.0 -1.0 -1.0 -1.0 -1.0 
306.08 46.54 8.0 -1.0 205.22225531037 15.473600653179936 7.890230833981745 0.05529671798135269 55.47941318623361 2.0 55.4794134846792 2.0 205.2222650187711 15.483283765391834 
306.08 46.54 8.0 -1.0 1.96958052943 575.1692674020304 6.5250141550055 0.013824179495338172 410.52529454255995 32.0 410.66749622693396 32.0 1.9695714096693944 575.1078538478547 
306.19 46.92 8.0 -1.0 39.475126410105304 42.9087328055541 0.15453216954363694 0.016589015394405805 1.6482323494274447 8.0 -1.0 -1.0 -1.0 -1.0 
306.19 46.92 8.0 -1.0 0.6921479136245 27.81435644312598 0.010394453964744334 0.013824179495338172 1.102332732003402 32.0 -1.0 -1.0 -1.0 -1.0 
306.19 46.92 8.0 -1.0 191.81305008725303 167.2253381275745 0.024908044558226906 0.017971433343939622 0.9607145906725535 2.0 -1.0 -1.0 -1.0 -1.0 
306.19 46.92 8.0 -1.0 100.33918940462799 0.0 0.18290527158198627 0.024883523091608708 2.5979937412778624 4.0 -1.0 -1.0 -1.0 -1.0 
306.19 46.92 8.0 -1.0 1.454249 565.2759147862128 0.019210043700749243 0.008294507697202903 1.4970262887022254 4.0 -1.0 -1.0 -1.0 -1.0 
306.19 46.92 8.0 -1.0 2.7177324827378 35.785543960363306 4.248766129358422 0.019353851293473442 169.83806934295004 32.0 170.10612681851245 32.0 2.7177217513478054 35.8240683199262 
306.19 46.92 8.0 -1.0 0.37550509899 79.14654272434223 3.1394219106029326 0.017971433343939622 126.35522823732362 32.0 126.643106906751 32.0 0.375500045871983 78.93438782356621 
306.19 46.92 8.0 -1.0 1.077041 52.29325144286897 3.297249531200038 0.0884747487701643 12.90035963291156 16.0 13.073729205686975 16.0 1.0770236258395016 51.91453968396085 
306.19 46.92 8.0 -1.0 1.830721 188.42530492873757 2.656087782946687 0.07188573337575849 26.56323057325896 8.0 26.707466758125562 8.0 1.8307522016887865 188.53174937859467 
306.19 46.92 8.0 -1.0 1.70219494788 376.85060985747515 1.7878259328039732 0.011059343596270537 137.84234493858528 32.0 137.95093510027877 32.0 1.7021799673481535 376.861102890975 
306.57 39.51 8.0 -1.0 0.6019826734548 61.099058384904055 0.11918116346569504 0.03732528463741307 2.723925281739332 2.0 -1.0 -1.0 -1.0 -1.0 
306.57 39.51 8.0 -1.0 0.00439184555143146 36.672892973317964 0.3159002393760121 0.04976704618321741 3.1882564884982 1.0 -1.0 -1.0 -1.0 -1.0 
306.57 39.51 8.0 -1.0 0.37550509899 54.23550777338399 0.014481584463104328 0.031795612839277794 1.8369300630198269 4.0 -1.0 -1.0 -1.0 -1.0 
306.57 39.51 8.0 -1.0 0.6933132465193 448.5532193763991 0.19898937272332506 0.06635606157762322 -0.2377811783178028 8.0 -1.0 -1.0 -1.0 -1.0 
306.57 39.51 8.0 -1.0 194.47579083371392 672.8298290645987 0.3191908292528214 0.02350110514207489 1.8565930699280657 2.0 -1.0 -1.0 -1.0 -1.0 
306.57 39.51 8.0 -1.0 1.4252832 25.233641954117864 7.627605773872714 0.011059343596270537 274.57644287663595 32.0 274.7604500350915 32.0 1.4252691471483558 25.1982853436769 
306.57 39.51 8.0 -1.0 0.6055400287748217 119.03550031155866 5.597251191736589 0.019353851293473442 149.81507984281942 32.0 150.45581167474705 32.0 0.6055415724404156 119.10996726709925 
306.57 39.51 8.0 -1.0 473.933649 116.14204270081983 3.222929644301044 0.09400442056829957 6.479819649678603 1.0 -1.0 -1.0 -1.0 -1.0 
306.57 39.51 8.0 -1.0 4.91263619475 0.0 2.9912146883874393 0.03870770258694688 19.825057655727573 16.0 -1.0 -1.0 -1.0 -1.0 
306.57 39.51 8.0 -1.0 217.8248734478 224.27660968819956 6.4044324311723795 0.21427478217774168 10.397180058150584 1.0 10.397179743353139 1.0 217.82470867037776 224.2546197654137 
307.64 39.12 8.0 -1.0 0.523887 141.8032835627425 0.016592888398725764 0.027648358990676344 1.0972419991185867 1.0 -1.0 -1.0 -1.0 -1.0 
307.64 39.12 8.0 -1.0 9.071269448988105 96.5534216237906 0.8022143549387194 0.017971433343939622 22.79098938961439 32.0 22.943124081641287 32.0 9.071269838993128 96.54282818420789 
307.64 39.12 8.0 -1.0 0.004213906295137867 53.19916200930831 0.011222897862455212 0.016589015394405805 3.6410529908391758 1.0 -1.0 -1.0 -1.0 -1.0 
307.64 39.12 8.0 -1.0 0.03139415075990475 22.319188659077625 0.788478179295685 0.07050331542622468 -0.01570437479067944 2.0 -1.0 -1.0 -1.0 -1.0 
307.64 39.12 8.0 -1.0 37.39097199147 45.983643483907876 0.5915305755260792 0.016589015394405805 6.050654844935073 8.0 -1.0 -1.0 -1.0 -1.0 
307.64 39.12 8.0 -1.0 1.664475 0.0 0.01627500580387476 0.016589015394405805 0.25097848879870027 1.0 -1.0 -1.0 -1.0 -1.0 
307.64 39.12 8.0 -1.0 3.35439493491 203.80782411152254 0.014391823081084063 0.026265941041142528 1.9154813232988284 4.0 -1.0 -1.0 -1.0 -1.0 
307.64 39.12 8.0 -1.0 317.594454701573 407.61564822304507 0.02027359157379194 0.011059343596270537 1.2415177832621942 1.0 -1.0 -1.0 -1.0 -1.0 
307.64 39.12 8.0 -1.0 3.37519461045 611.4234723345676 0.07222472028860831 0.21427478217774165 0.5040733977111784 4.0 -1.0 -1.0 -1.0 -1.0 
307.64 39.12 8.0 -1.0 3.85557384197 121.13510337981582 1.0452060627280741 0.019353851293473442 11.381434104379691 16.0 11.839937295737997 16.0 3.855590572735916 121.13392592924198 
307.82 39.51 8.0 -1.0 2.79091017854 41.22549264955629 0.03674993080056496 0.012441761545804354 -0.39779542357293757 4.0 -1.0 -1.0 -1.0 -1.0 
307.82 39.51 8.0 -1.0 0.9632044656095726 71.40403442445603 0.21633835015233413 0.019353851293473442 0.8031398392754195 1.0 -1.0 -1.0 -1.0 -1.0 
307.82 39.51 8.0 -1.0 1.47839 167.24713335373883 0.3420214984281319 0.11612310776084063 0.8023236296610307 1.0 -1.0 -1.0 -1.0 -1.0 
307.82 39.51 8.0 -1.0 0.74364701461 20.859605562200638 0.019504239128438527 0.04976704618321742 1.3345250840930256 8.0 -1.0 -1.0 -1.0 -1.0 
307.82 39.51 8.0 -1.0 0.23601548 77.82237459744084 0.14461589230674415 0.038707702586946884 0.3782979916206363 2.0 -1.0 -1.0 -1.0 -1.0 
307.82 39.51 8.0 -1.0 384.49193525267 205.69545958229207 0.046996682996603756 0.012441761545804356 -0.08907694165767929 1.0 -1.0 -1.0 -1.0 -1.0 
307.82 39.51 8.0 -1.0 0.12291385513739217 411.39091916458415 0.013712407512803643 0.013824179495338172 0.8374898686689947 1.0 -1.0 -1.0 -1.0 -1.0 
307.82 39.51 8.0 -1.0 0.89130992945 617.0863787468762 0.05948088720445762 0.02903077694021016 1.0367643498788175 1.0 -1.0 -1.0 -1.0 -1.0 
307.82 39.51 8.0 -1.0 2.242431224778 77.39037093195148 1.0871854470998872 0.03732528463741307 8.88016513592527 16.0 8.927845410825396 16.0 2.242450136691332 77.31522089385203 
307.82 39.51 8.0 -1.0 0.55018664142 0.0 2.1351723819271036 0.05529671798135269 1.5672785197184544 4.0 -1.0 -1.0 -1.0 -1.0 
308.06 39.12 8.0 -1.0 0.447673708967 60.13201213137595 0.10917012570556796 0.006912089747669086 0.47288270557345896 4.0 -1.0 -1.0 -1.0 -1.0 
308.06 39.12 8.0 -1.0 1.77912424934 49.31303181748028 0.06493535933189347 0.009676925646736721 0.6755709354564382 1.0 -1.0 -1.0 -1.0 -1.0 
308.06 39.12 8.0 -1.0 0.13351350897202321 106.57592209765737 0.010901939067768148 0.031795612839277794 6.0581256651048 1.0 -1.0 -1.0 -1.0 -1.0 
308.06 39.12 8.0 -1.0 1.733284770854 33.05467466068678 0.01582048968817107 0.015206597444871992 1.2669223064617876 8.0 -1.0 -1.0 -1.0 -1.0 
308.06 39.12 8.0 -1.0 192.8565208431179 0.0 0.48180165428117294 0.03732528463741307 0.9788409997349131 2.0 -1.0 -1.0 -1.0 -1.0 
308.06 39.12 8.0 -1.0 137.14654583092138 199.22464854262032 0.3978872071881638 0.016589015394405805 1.7894470170967414 2.0 -1.0 -1.0 -1.0 -1.0 
308.06 39.12 8.0 -1.0 12.922440399828183 597.6739456278609 0.021336978189961654 0.02350110514207489 1.9320257429914625 2.0 -1.0 -1.0 -1.0 -1.0 
308.06 39.12 8.0 -1.0 2.051164249099 48.117564379480754 2.275284475377997 0.04147253848601452 15.839977707982882 16.0 17.2380107572628 16.0 2.0511530844184263 48.06901822588967 
308.06 39.12 8.0 -1.0 1.4847663170749 40.58611952008377 3.0729023168311738 0.012441761545804354 108.63404181695827 32.0 108.90944176556162 32.0 1.4847501006443053 40.5803711759616 
308.06 39.12 8.0 -1.0 9.718629858858845 398.44929708524063 4.728979994171741 0.02073626924300726 81.98022212521187 16.0 82.02206030907837 16.0 9.718617851225039 398.41626264279506 
50.54 62.94 8.0 -1.0 307.2974449774 39.897869455332156 0.6373535924301142 0.02073626924300726 8.662174724087556 1.0 -1.0 -1.0 -1.0 -1.0 
50.54 62.94 8.0 -1.0 0.13290135589851756 36.11126610424739 0.011909885623504696 0.019353851293473442 1.060271511159473 16.0 -1.0 -1.0 -1.0 -1.0 
50.54 62.94 8.0 -1.0 0.008630369933207007 42.71473292382204 0.06565710478532774 0.017971433343939622 0.5821952374395813 8.0 -1.0 -1.0 -1.0 -1.0 
50.54 62.94 8.0 -1.0 0.0010232434930748456 76.4709164560533 0.2198032974881484 0.06635606157762322 10.850450018159822 2.0 -1.0 -1.0 -1.0 -1.0 
50.54 62.94 8.0 -1.0 161.0785884299511 45.90102110949093 0.04546380356371674 0.01520659744487199 0.9013985137100644 2.0 -1.0 -1.0 -1.0 -1.0 
50.54 62.94 8.0 -1.0 0.06370913090866241 57.76879014886635 0.010834365445564254 0.013824179495338172 0.17016668336088223 1.0 -1.0 -1.0 -1.0 -1.0 
50.54 62.94 8.0 -1.0 217.00905523505 0.0 0.1714049668094262 0.15621322829732134 0.8507597668332839 1.0 -1.0 -1.0 -1.0 -1.0 
50.54 62.94 8.0 -1.0 3.8306868647 153.91157279470147 0.15052816303829475 0.006912089747669086 5.080873431305692 8.0 -1.0 -1.0 -1.0 -1.0 
50.54 62.94 8.0 -1.0 0.8701738 307.82314558940294 0.0712828899471862 0.022118687192541075 0.24838246869752562 1.0 -1.0 -1.0 -1.0 -1.0 
50.54 62.94 8.0 -1.0 9.283479079243 461.73471838410444 0.04555812654498708 0.07465056927482613 1.4135775968785214 1.0 -1.0 -1.0 -1.0 -1.0 
51.93 54.68 8.0 -1.0 0.25247957713 151.46185185010629 0.15378666956538867 0.016589015394405805 2.6213324565631364 32.0 -1.0 -1.0 -1.0 -1.0 
51.93 54.68 8.0 -1.0 8.8799529 21.660117884625535 0.0434373964253692 0.019353851293473442 0.12828028788384105 8.0 -1.0 -1.0 -1.0 -1.0 
51.93 54.68 8.0 -1.0 1.94298740055 116.36848654345609 0.013533593923801211 0.15483081034778753 2.0339338635715705 4.0 -1.0 -1.0 -1.0 -1.0 
51.93 54.68 8.0 -1.0 0.7889291664574 34.41772860199214 0.2116082293716127 0.03456044873834543 1.7506024045563073 16.0 -1.0 -1.0 -1.0 -1.0 
51.93 54.68 8.0 -1.0 0.02636382397893268 132.4645374485448 0.028737292245580668 0.012441761545804354 1.1955352616389316 2.0 -1.0 -1.0 -1.0 -1.0 
51.93 54.68 8.0 -1.0 0.53093220067 397.3936123456344 0.20884879949607416 0.016589015394405805 4.390799767358648 32.0 -1.0 -1.0 -1.0 -1.0 
51.93 54.68 8.0 -1.0 2.151927137 46.34072927242821 1.5157167912978846 0.026265941041142528 57.70088389663338 32.0 -1.0 -1.0 -1.0 -1.0 
51.93 54.68 8.0 -1.0 1.634254 47.93046269515302 4.453124799663493 0.031795612839277794 136.01821476779634 32.0 -1.0 -1.0 -1.0 -1.0 
53.84 39.51 8.0 -1.0 2.040226 94.17206665508525 0.9351840469571139 0.019353851293473442 57.0077650969394 32.0 57.06589468680677 32.0 2.040239147997151 94.11407778963662 
53.84 39.51 8.0 -1.0 2.448305150593299 98.28903563450352 0.45589611005442604 0.024883523091608704 20.517714778092024 16.0 -1.0 -1.0 -1.0 -1.0 
53.84 39.51 8.0 -1.0 0.005400798609833176 10.450767409292554 0.012921446421017188 0.029030776940210157 0.49382837761810644 4.0 -1.0 -1.0 -1.0 -1.0 
53.84 39.51 8.0 -1.0 0.4389721569797828 54.557036475507964 0.3003639208146939 0.062208807729021785 0.908596816885416 8.0 -1.0 -1.0 -1.0 -1.0 
53.84 39.51 8.0 -1.0 0.012294358768361494 0.0 0.7627605773872714 0.022118687192541075 3.0085787853710686 2.0 -1.0 -1.0 -1.0 -1.0 
53.84 39.51 8.0 -1.0 216.171230573016 191.91409242519055 0.12708971653659945 0.013824179495338172 1.3213747587055165 2.0 -1.0 -1.0 -1.0 -1.0 
53.84 39.51 8.0 -1.0 205.338809 115.87972127383617 1.947730894025813 0.0483846282336836 20.745507676745643 1.0 20.745507778597247 1.0 205.339165404439 115.8716334076709 
53.84 39.51 8.0 -1.0 1.864837 60.77567493392998 2.985021714522505 0.05391430003181887 68.94941508371463 32.0 69.35910233433759 32.0 1.8648279365152123 60.819957797388824 
53.84 39.51 8.0 -1.0 9.0712294903 95.95704621259527 5.63216108464274 0.031795612839277794 216.28879678198746 16.0 216.28880277197447 16.0 9.071239522503069 95.93564058556508 
53.84 39.51 8.0 -1.0 4.06545762605 287.8711386377858 9.345382032112324 0.05529671798135269 239.9287309720909 8.0 -1.0 -1.0 -1.0 -1.0 
54.06 62.95 8.0 -1.0 0.98911728333 48.8566120618266 0.018622029174201728 0.02350110514207489 0.7477333697694686 1.0 -1.0 -1.0 -1.0 -1.0 
54.06 62.95 8.0 -1.0 3.5037879534700034 69.93551598612473 0.3290422946584711 0.0967692564673672 1.34297628548295 4.0 -1.0 -1.0 -1.0 -1.0 
54.06 62.95 8.0 -1.0 0.44506595012065714 126.65205832480827 0.0171286593505062 0.0027648358990676344 1.6680082753701746 2.0 -1.0 -1.0 -1.0 -1.0 
54.06 62.95 8.0 -1.0 0.804014 78.64396146332417 0.047782396393280496 0.038707702586946884 2.1364389247629987 2.0 -1.0 -1.0 -1.0 -1.0 
54.06 62.95 8.0 -1.0 213.59893407472 200.87480900740042 0.03066540217911458 0.017971433343939622 1.8526821151138781 2.0 -1.0 -1.0 -1.0 -1.0 
54.06 62.95 8.0 -1.0 0.0012816608228960339 0.0 0.34415467656731447 0.10782860006363773 4.055196993469254 1.0 -1.0 -1.0 -1.0 -1.0 
54.06 62.95 8.0 -1.0 0.007588344846141157 148.84742961797812 0.14096617363948857 0.027648358990676344 2.550687411388268 1.0 -1.0 -1.0 -1.0 -1.0 
54.06 62.95 8.0 -1.0 17.173278 446.5422888539344 0.011481694855213496 0.01520659744487199 -0.22556355699638672 8.0 -1.0 -1.0 -1.0 -1.0 
54.06 62.95 8.0 -1.0 2.157619537033 109.5031195389386 1.0619464324307952 0.013824179495338172 88.48252652682848 32.0 89.15786249023022 32.0 2.157624597505977 109.49616362192133 
54.06 62.95 8.0 -1.0 1.496132 297.69485923595624 1.3655686293546998 0.012441761545804352 83.23707862005132 32.0 83.27141586476208 32.0 1.4961187844164672 297.7243192011946 
54.11 38.73 8.0 -1.0 0.0021345519190796537 41.828038531792664 0.020470625497787016 0.016589015394405805 4.439646878740699 2.0 -1.0 -1.0 -1.0 -1.0 
54.11 38.73 8.0 -1.0 0.0018174136330096186 56.35837686608638 0.8965928258909794 0.026265941041142528 5.764481193872871 2.0 -1.0 -1.0 -1.0 -1.0 
54.11 38.73 8.0 -1.0 28.7483845404833 25.36411310017611 0.11084202985753976 0.030413194889743977 0.5396478788242214 4.0 -1.0 -1.0 -1.0 -1.0 
54.11 38.73 8.0 -1.0 0.52289775784 132.87724273220064 0.4858124572854596 0.022118687192541075 19.896050500013434 32.0 20.832417496993987 32.0 0.5228988205393156 133.2776779020983 
54.11 38.73 8.0 -1.0 0.007764724487021979 0.0 0.0396789212041291 0.10644618211410392 -0.35954476050984174 4.0 -1.0 -1.0 -1.0 -1.0 
54.11 38.73 8.0 -1.0 346.71337922051 94.77420287319167 0.04440836117519113 0.024883523091608708 0.9414067117376946 1.0 -1.0 -1.0 -1.0 -1.0 
54.11 38.73 8.0 -1.0 0.5851 189.54840574638334 0.0360458843993142 0.02073626924300726 1.3073933661122477 4.0 -1.0 -1.0 -1.0 -1.0 
54.11 38.73 8.0 -1.0 0.0020107651267710276 284.322608619575 0.12252051704249856 0.009676925646736721 2.821990524159502 1.0 -1.0 -1.0 -1.0 -1.0 
54.11 38.73 8.0 -1.0 3.52042385334 93.06809661084799 1.3011022597285766 0.06497364362808941 20.66674652434478 8.0 20.85918318722183 8.0 3.520472091622651 93.00090052545812 
54.11 38.73 8.0 -1.0 1.268433632689 119.71178940778186 1.6847002963747477 0.026265941041142528 68.34130133169215 32.0 68.37847851861395 32.0 1.268411627582585 119.71715486574207 
54.25 39.51 8.0 -1.0 1.2432514573471 69.15426529972825 0.04654433038693023 0.08156265902249522 -0.13410750084063777 8.0 -1.0 -1.0 -1.0 -1.0 
54.25 39.51 8.0 -1.0 0.719945540243 117.65206174369352 0.09700601850717244 0.027648358990676344 0.4824405497520817 8.0 -1.0 -1.0 -1.0 -1.0 
54.25 39.51 8.0 -1.0 3.18107864855 97.0825065016294 0.21874291404837506 0.01520659744487199 9.355776162524373 16.0 9.355775895952071 16.0 3.1810486689209942 97.04881784974357 
54.25 39.51 8.0 -1.0 20.116677 101.9496688687657 0.024839309219294295 0.027648358990676344 -0.10378478014680996 2.0 -1.0 -1.0 -1.0 -1.0 
54.25 39.51 8.0 -1.0 0.90193703186 48.49779644396527 0.3654738309850336 0.026265941041142528 9.843289832791704 16.0 10.036615254584852 32.0 0.901945895748213 48.47380995831822 
54.25 39.51 8.0 -1.0 0.045972698853087204 40.53071518823621 0.02724855863352144 0.09400442056829955 1.2865130466109629 1.0 -1.0 -1.0 -1.0 -1.0 
54.25 39.51 8.0 -1.0 1.4414462816 0.0 0.2427943207491718 0.029030776940210157 0.9917820434623469 8.0 -1.0 -1.0 -1.0 -1.0 
54.25 39.51 8.0 -1.0 0.0018341944633042777 193.12204963887245 0.03231848135532067 0.011059343596270537 5.332980811187182 1.0 -1.0 -1.0 -1.0 -1.0 
54.25 39.51 8.0 -1.0 0.29430830737650915 96.56102481943623 7.895683640747891 0.016589015394405805 569.2812073754859 32.0 569.4643493368119 32.0 0.2943124854937196 96.34043231799362 
54.25 39.51 8.0 -1.0 1.3595755985905091 289.6830744583087 9.808422387222585 0.015206597444871989 576.9865115585462 32.0 577.0090338999695 32.0 1.3595733131902914 289.62848455262366 
55.08 39.51 8.0 -1.0 0.046825583003315005 175.90315237476824 0.01263892599784675 0.031795612839277794 2.2056107813862345 1.0 -1.0 -1.0 -1.0 -1.0 
55.08 39.51 8.0 -1.0 30.378269121627664 168.18114785556207 0.03657264038463828 0.030413194889743977 0.7660742197098581 8.0 -1.0 -1.0 -1.0 -1.0 
55.08 39.51 8.0 -1.0 346.71337922051 33.11947185423779 0.055357225786097385 0.0483846282336836 0.6343419268422441 1.0 -1.0 -1.0 -1.0 -1.0 
55.08 39.51 8.0 -1.0 189.48987107047 116.2411250628789 0.2757046204680018 0.017971433343939622 14.033398395821052 1.0 14.03339851430893 1.0 189.4901894653837 116.27642514009945 
55.08 39.51 8.0 -1.0 64.84399265188851 78.36513331468143 0.22658727867683454 0.056679135930886505 1.0337715862252326 1.0 -1.0 -1.0 -1.0 -1.0 
55.08 39.51 8.0 -1.0 2.071395365584 227.4321178926648 0.027399571714836618 0.03732528463741307 2.0848080415093273 8.0 -1.0 -1.0 -1.0 -1.0 
55.08 39.51 8.0 -1.0 0.012522443348826483 0.0 0.05008065115563314 0.10644618211410392 0.7712606287215226 8.0 -1.0 -1.0 -1.0 -1.0 
55.08 39.51 8.0 -1.0 2.262144835535 97.86099263313345 0.7701736550890854 0.06635606157762322 8.59572660885711 8.0 8.60674019086651 8.0 2.262095222249627 97.9595992477078 
55.08 39.51 8.0 -1.0 4.128977499143 293.58297789940036 0.3552671528398794 0.017971433343939622 15.908470665167114 16.0 16.63533362042819 16.0 4.128984680088858 293.575203943802 
55.08 39.51 8.0 -1.0 2.6472448838535136 195.7219852662669 1.7451155261522686 0.02073626924300726 114.9999491892626 32.0 115.02962358260325 32.0 2.6472359119604034 195.71680262920134 
83.27 39.57 8.0 -1.0 1.0273309412799 127.93367897389186 0.09647136862602292 0.05114946413275124 1.2116013005522013 2.0 -1.0 -1.0 -1.0 -1.0 
83.27 39.57 8.0 -1.0 0.2104307696878421 113.72349708326568 0.06891025045779399 0.04147253848601452 1.2302266072892236 16.0 -1.0 -1.0 -1.0 -1.0 
83.27 39.57 8.0 -1.0 0.22648634163526296 287.3988266400016 0.029096877432702457 0.026265941041142528 1.857194429555382 1.0 -1.0 -1.0 -1.0 -1.0 
83.27 39.57 8.0 -1.0 0.011112155734773638 0.0 0.031178081282623893 0.016589015394405805 0.9448114627572847 8.0 -1.0 -1.0 -1.0 -1.0 
83.27 39.57 8.0 -1.0 0.001158418664325096 140.1258468682161 0.07781962056190478 0.011059343596270537 5.131740831746603 2.0 -1.0 -1.0 -1.0 -1.0 
83.27 39.57 8.0 -1.0 256.2202469153542 420.3775406046483 0.024464641376516383 0.006912089747669086 0.41120124450942924 1.0 -1.0 -1.0 -1.0 -1.0 
83.27 39.57 8.0 -1.0 0.001911646398833734 9.753734315459386 5.939875985383376 0.08156265902249521 19.630617244295124 4.0 -1.0 -1.0 -1.0 -1.0 
83.27 39.57 8.0 -1.0 0.844274 64.61848983991844 6.174176748635792 0.04700221028414978 180.68828190403968 32.0 180.74037513467437 32.0 0.8442839316558094 64.76667718856713 
83.27 39.57 8.0 -1.0 502.512563 89.4652871693861 4.533834329565707 0.012441761545804354 85.75498070019698 1.0 85.75498168363565 1.0 502.51255743205553 89.45897286670836 
83.27 39.57 8.0 -1.0 1.26048 280.2516937364322 1.3514907615213376 0.04423737438508215 33.12724575904839 16.0 33.12982111010764 16.0 1.2604990236771605 280.31827470676717 
83.64 22.35 8.0 -1.0 1.50177520425 171.45130959864863 0.2607003499616187 0.022118687192541075 0.5932088950089534 4.0 -1.0 -1.0 -1.0 -1.0 
83.64 22.35 8.0 -1.0 31.932334792 52.00025184532657 0.26745007515631924 0.01520659744487199 1.4439840982790983 8.0 -1.0 -1.0 -1.0 -1.0 
83.64 22.35 8.0 -1.0 1.97978323338 52.58172431005067 0.16893621992017888 0.012441761545804354 1.1296489587246619 4.0 -1.0 -1.0 -1.0 -1.0 
83.64 22.35 8.0 -1.0 4.42268268368 53.16319677477477 0.012577952809647151 0.04423737438508215 1.0347422038352374 1.0 -1.0 -1.0 -1.0 -1.0 
83.64 22.35 8.0 -1.0 0.9031862366998201 14.661412860543354 0.13750352488231646 0.017971433343939622 0.6239723263392737 8.0 -1.0 -1.0 -1.0 -1.0 
83.64 22.35 8.0 -1.0 8.98827746737108 0.0 0.028070155886764463 0.016589015394405805 1.7506560659499186 2.0 -1.0 -1.0 -1.0 -1.0 
83.64 22.35 8.0 -1.0 430.461054545748 138.43198035181587 0.1324683757319961 0.031795612839277794 1.7599563613115483 1.0 -1.0 -1.0 -1.0 -1.0 
83.64 22.35 8.0 -1.0 3.7043334323208 276.86396070363173 0.012396792470772947 0.029030776940210157 1.2156555400907545 16.0 -1.0 -1.0 -1.0 -1.0 
83.64 22.35 8.0 -1.0 1.393673621923 63.96197111965089 7.664581540072594 0.012441761545804354 300.1437901938841 32.0 300.1611488794539 32.0 1.3936793645067762 63.957093723710045 
83.64 22.35 8.0 -1.0 0.1121204607911729 415.2959410554476 8.548564430521743 0.012441761545804354 179.79472157144716 32.0 180.2659092682425 32.0 0.11211038023854296 415.11392160547246 
210.33 39.68 8.0 -1.0 6.02064 35.19543096258148 0.045873952083467215 0.008294507697202903 2.012233607883855 2.0 -1.0 -1.0 -1.0 -1.0 
210.33 39.68 8.0 -1.0 223.221059721 38.61850559201028 0.10531791439891101 0.07326815132529231 1.7382530870519608 2.0 -1.0 -1.0 -1.0 -1.0 
210.33 39.68 8.0 -1.0 2.683993826716843 54.05346028470738 0.06312189347811605 0.06635606157762322 1.3700377289764591 4.0 -1.0 -1.0 -1.0 -1.0 
210.33 39.68 8.0 -1.0 1.29679780121 29.645900881537838 0.14194340253526444 0.024883523091608708 2.980472256122916 16.0 -1.0 -1.0 -1.0 -1.0 
210.33 39.68 8.0 -1.0 0.014047014593541574 0.0 0.06010047269665363 0.02073626924300726 2.089211037966974 4.0 -1.0 -1.0 -1.0 -1.0 
210.33 39.68 8.0 -1.0 0.08992626475834413 69.14610751446159 0.18647776814776743 0.09123958466923193 1.578121967453583 2.0 -1.0 -1.0 -1.0 -1.0 
210.33 39.68 8.0 -1.0 1.4973217254693347 79.13526166034016 2.0755428942890566 0.019353851293473442 178.66212571635336 32.0 178.85146097218094 32.0 1.497331444018831 79.13678368978046 
210.33 39.68 8.0 -1.0 2.2826081287 88.80285425012087 3.32010726674951 0.012441761545804354 438.9963660240995 32.0 439.3953746894331 32.0 2.2826194860196365 88.7505873349584 
210.33 39.68 8.0 -1.0 0.440423 34.573053757230795 7.543758187143425 0.017971433343939622 642.1203157157767 32.0 643.9993213664266 32.0 0.44043796757857007 34.7108910557477 
210.33 39.68 8.0 -1.0 91.10848468729928 103.71916127169239 2.449846727094853 0.016589015394405805 69.8955711161722 2.0 69.89557180944523 2.0 91.10857111712298 103.62668350170742 
307.94 38.72 8.0 -1.0 2.344843177122 15.166262290624905 0.06212684909462429 0.016589015394405805 2.1966341247524355 1.0 -1.0 -1.0 -1.0 -1.0 
307.94 38.72 8.0 -1.0 0.005475772270464147 2.891621993154165 0.0381468029356862 0.027648358990676344 1.1996156569066954 32.0 -1.0 -1.0 -1.0 -1.0 
307.94 38.72 8.0 -1.0 3.524849 44.02346952842871 0.12294446201673309 0.026265941041142528 1.5328380108822377 8.0 -1.0 -1.0 -1.0 -1.0 
307.94 38.72 8.0 -1.0 288.758695112907 0.0 0.1539993018116469 0.05529671798135269 2.5214964821859382 1.0 -1.0 -1.0 -1.0 -1.0 
307.94 38.72 8.0 -1.0 0.531513 196.68930822822105 0.0123029426881317 0.0566791359308865 1.5268644803967006 4.0 -1.0 -1.0 -1.0 -1.0 
307.94 38.72 8.0 -1.0 0.484707 393.3786164564421 0.16387830076108614 0.03041319488974398 1.8515298716094533 2.0 -1.0 -1.0 -1.0 -1.0 
307.94 38.72 8.0 -1.0 8.98827746737108 23.42803941392252 1.2957202648833634 0.026265941041142528 23.616488738324694 16.0 24.35081047456182 16.0 8.988293605701378 23.477920480855587 
307.94 38.72 8.0 -1.0 2.887587336907 77.18860340909485 7.297705252459054 0.08709233082063048 60.12570776195557 8.0 60.12570522249653 8.0 2.887585045148929 77.21402296074488 
307.94 38.72 8.0 -1.0 12.513360302752433 50.809929308280324 2.8500040984635917 0.05391430003181887 15.622029838711963 16.0 18.4201544597485 16.0 12.513373803813012 50.80136241978235 
307.94 38.72 8.0 -1.0 2.185697 590.0679246846631 1.317382746266101 0.031795612839277794 20.91695030876877 16.0 21.603488328626785 16.0 2.185697667300701 589.9839500146038 
308.06 39.12 8.0 -1.0 0.447673708967 60.13201213137595 0.10917012570556796 0.006912089747669086 0.47288270557345896 4.0 -1.0 -1.0 -1.0 -1.0 
308.06 39.12 8.0 -1.0 1.77912424934 49.31303181748028 0.06493535933189347 0.009676925646736721 0.6755709354564382 1.0 -1.0 -1.0 -1.0 -1.0 
308.06 39.12 8.0 -1.0 0.13351350897202321 106.57592209765737 0.010901939067768148 0.031795612839277794 6.0581256651048 1.0 -1.0 -1.0 -1.0 -1.0 
308.06 39.12 8.0 -1.0 1.733284770854 33.05467466068678 0.01582048968817107 0.015206597444871992 1.2669223064617876 8.0 -1.0 -1.0 -1.0 -1.0 
308.06 39.12 8.0 -1.0 192.8565208431179 0.0 0.48180165428117294 0.03732528463741307 0.9788409997349131 2.0 -1.0 -1.0 -1.0 -1.0 
308.06 39.12 8.0 -1.0 137.14654583092138 199.22464854262032 0.3978872071881638 0.016589015394405805 1.7894470170967414 2.0 -1.0 -1.0 -1.0 -1.0 
308.06 39.12 8.0 -1.0 12.922440399828183 597.6739456278609 0.021336978189961654 0.02350110514207489 1.9320257429914625 2.0 -1.0 -1.0 -1.0 -1.0 
308.06 39.12 8.0 -1.0 2.051164249099 48.117564379480754 2.275284475377997 0.04147253848601452 15.839977707982882 16.0 17.2380107572628 16.0 2.0511530844184263 48.06901822588967 
109.74 -9.87 8.0 -1.0 0.015328660363520583 13.66509494080487 0.6620367350460427 0.0483846282336836 1.3173250002923056 4.0 -1.0 -1.0 -1.0 -1.0 
109.74 -9.87 8.0 -1.0 0.18502349945466165 115.17125888947469 0.9667151613641075 0.015206597444871989 36.03046365420546 32.0 36.5807208583843 32.0 0.1850215388306727 114.75845614349238 
109.74 -9.87 8.0 -1.0 7.309127642388547 140.11945974470558 0.023117261921407867 0.031795612839277794 2.014840640509826 2.0 -1.0 -1.0 -1.0 -1.0 
109.74 -9.87 8.0 -1.0 0.16193798815580446 30.71512165593755 0.6991726935839042 0.013824179495338172 34.31072193442229 32.0 34.84784154190092 32.0 0.16195068989569944 30.966567530783667 
109.74 -9.87 8.0 -1.0 0.22441424462533485 34.60152480423985 0.40398071738076446 0.013824179495338172 10.716050811734842 32.0 11.267849892154004 32.0 0.2244026594174405 34.81208898885484 
109.74 -9.87 8.0 -1.0 3.38180924275 0.0 0.09449254360866345 0.024883523091608708 1.4067618004967448 1.0 -1.0 -1.0 -1.0 -1.0 
109.74 -9.87 8.0 -1.0 0.1808205971568568 139.28367412141478 0.13980237566712858 0.017971433343939622 -0.07971102089809962 1.0 -1.0 -1.0 -1.0 -1.0 
109.74 -9.87 8.0 -1.0 101.40600778116 278.56734824282955 0.03324697793795463 0.024883523091608704 0.7844919809412046 4.0 -1.0 -1.0 -1.0 -1.0 
109.74 -9.87 8.0 -1.0 1.1829305875744 417.85102236424433 0.45621117224282975 0.008294507697202903 34.33111026045482 32.0 34.423726201109666 32.0 1.1829191256159297 417.84626579936514 
109.74 -9.87 8.0 -1.0 0.3011490604808843 55.24542969952305 5.862418358618417 0.011059343596270537 467.74612479789283 32.0 468.18886075574244 32.0 0.3011640122470757 55.45646734271061 
110.06 -9.87 8.0 -1.0 2.932827817 27.92998048539283 0.9761104222351675 0.006912089747669087 98.90259761982796 32.0 99.48039071861612 32.0 2.932817248317103 27.930629537569583 
110.06 -9.87 8.0 -1.0 1.98059 49.64408994287924 0.04115868076659886 0.017971433343939622 1.4428030444219904 2.0 -1.0 -1.0 -1.0 -1.0 
110.06 -9.87 8.0 -1.0 0.12468219 211.54681064974835 0.02480501271240973 0.03041319488974398 1.1545804010837368 1.0 -1.0 -1.0 -1.0 -1.0 
110.06 -9.87 8.0 -1.0 36.676742509182695 29.670424373206625 0.013817009029464065 0.06635606157762322 1.1786324043255036 1.0 -1.0 -1.0 -1.0 -1.0 
110.06 -9.87 8.0 -1.0 4.230245247406318 138.11665424008055 0.3130758475439513 0.08709233082063048 2.0360166626089513 8.0 -1.0 -1.0 -1.0 -1.0 
110.06 -9.87 8.0 -1.0 275.667196397883 276.2333084801611 0.5886768911929715 0.10782860006363774 1.5078236914273604 1.0 -1.0 -1.0 -1.0 -1.0 
110.06 -9.87 8.0 -1.0 455.000455 414.34996272024165 0.041789012268176016 0.009676925646736721 2.6943993120328504 1.0 -1.0 -1.0 -1.0 -1.0 
110.06 -9.87 8.0 -1.0 130.78951613875947 20.719570093021385 5.270747206075629 0.05529671798135269 54.31336573735188 2.0 54.313366492104954 2.0 130.7897036895156 20.745576286962912 
110.06 -9.87 8.0 -1.0 0.957074 51.17733812976282 4.234115261660174 0.04009012053648069 102.76054294242077 16.0 102.7995914964751 16.0 0.9570915911657115 51.104956219103755 
110.06 -9.87 8.0 -1.0 0.513208827209361 0.0 8.111308307896872 0.06635606157762322 57.005951228921184 16.0 -1.0 -1.0 -1.0 -1.0 
110.71 -9.87 8.0 -1.0 10.75257808417991 67.09271901835262 0.01428286994089434 0.012441761545804354 1.0027035308250887 2.0 -1.0 -1.0 -1.0 -1.0 
110.71 -9.87 8.0 -1.0 0.014775351287334886 141.06987611448398 0.012050584178812827 0.08985716671969811 0.43488466186041996 4.0 -1.0 -1.0 -1.0 -1.0 
110.71 -9.87 8.0 -1.0 2.0310993539 122.33116892053 0.3710709411056987 0.04700221028414978 2.3337146737666217 2.0 -1.0 -1.0 -1.0 -1.0 
110.71 -9.87 8.0 -1.0 1.142678 159.8493196284248 0.10437629099974702 0.05114946413275124 3.8305021302476177 2.0 -1.0 -1.0 -1.0 -1.0 
110.71 -9.87 8.0 -1.0 0.0015053103594207813 13.972557755491772 0.03708146772746684 0.012441761545804354 9.955959340568116 2.0 -1.0 -1.0 -1.0 -1.0 
110.71 -9.87 8.0 -1.0 0.391716 0.0 0.17596429038250608 0.01382417949533817 -0.7277155832030948 1.0 -1.0 -1.0 -1.0 -1.0 
110.71 -9.87 8.0 -1.0 3.5907423095 271.5483090323853 0.04135820258278059 0.09400442056829957 2.3408672484202486 4.0 -1.0 -1.0 -1.0 -1.0 
110.71 -9.87 8.0 -1.0 4.514517006178 46.15425054510839 1.7779723078722471 0.03456044873834543 42.39430116328219 16.0 43.27968264746683 32.0 4.514519484170402 46.14625749685408 
110.71 -9.87 8.0 -1.0 0.827339092144 135.77415451619265 3.2251569571567806 0.017971433343939622 160.3582770065707 32.0 160.66010661190623 32.0 0.8273370137127738 135.8076262297767 
110.71 -9.87 8.0 -1.0 1.748833 407.32246354857796 1.3874400330185561 0.011059343596270537 70.05093798920689 16.0 70.11427540841979 16.0 1.7488370455491047 407.2204828231159 
111.04 -9.87 8.0 -1.0 0.08053550660879588 66.47702380761166 0.013384823887183447 0.031795612839277794 0.6034629631680871 8.0 -1.0 -1.0 -1.0 -1.0 
111.04 -9.87 8.0 -1.0 1.09539127017 126.94003635393967 0.23979381866915897 0.011059343596270537 9.050463020432991 16.0 9.571789364313192 32.0 1.0953954188153148 126.39621845081304 
111.04 -9.87 8.0 -1.0 0.002825207953274267 160.96561684563162 0.0477164215599067 0.011059343596270537 12.624996110443325 1.0 -1.0 -1.0 -1.0 -1.0 
111.04 -9.87 8.0 -1.0 3.451961373883 41.21010401188312 0.9147367545968079 0.006912089747669086 99.06207782723561 32.0 99.73665287275014 32.0 3.4519568240890903 41.18755877460441 
111.04 -9.87 8.0 -1.0 2.384728392905 134.52818479099554 0.2863819847249989 0.008294507697202903 20.055670742208857 32.0 20.73564154214651 32.0 2.384725424538677 134.59325103249108 
111.04 -9.87 8.0 -1.0 9.98 403.5845543729866 0.025908444779529558 0.0483846282336836 -0.9985174437115164 16.0 -1.0 -1.0 -1.0 -1.0 
111.04 -9.87 8.0 -1.0 0.99597877881 86.73899463421824 5.754081350495469 0.012441761545804354 473.2554156527559 32.0 473.54092692774714 32.0 0.9959876479115338 86.72662867281569 
111.04 -9.87 8.0 -1.0 0.22032674928517554 26.719969496441358 2.5926349673057603 0.04147253848601452 19.28277255748787 16.0 19.462319739919025 16.0 0.22034024974952143 27.829431604462442 
111.04 -9.87 8.0 -1.0 0.7775961516 0.0 5.878640843281208 0.06497364362808941 20.490022520835357 8.0 -1.0 -1.0 -1.0 -1.0 
111.04 -9.87 8.0 -1.0 0.87011802908 269.0563695819911 3.2587519580827187 0.016589015394405805 245.05843602573927 32.0 245.1568622485275 32.0 0.8701135811861606 269.0853041318751 
111.36 -9.87 8.0 -1.0 39.475126410105304 70.82264618988322 0.10104165475889132 0.06220880772902178 1.5741266292931233 8.0 -1.0 -1.0 -1.0 -1.0 
111.36 -9.87 8.0 -1.0 2.56344219948714 0.0 0.06060078471158525 0.04423737438508214 0.8682667698638887 1.0 -1.0 -1.0 -1.0 -1.0 
111.36 -9.87 8.0 -1.0 12.78221930378 399.4109640454835 0.38252362772549275 0.11612310776084064 1.28541781639313 1.0 -1.0 -1.0 -1.0 -1.0 
111.36 -9.87 8.0 -1.0 17.74412637315076 62.194506552537035 1.0737497860625238 0.03732528463741307 19.974158182222506 8.0 19.974158788030653 8.0 17.744120365629595 62.23672886088873 
111.36 -9.87 8.0 -1.0 77.9294624759598 62.83362800715527 9.600596777502428 0.03041319488974398 167.32182373102663 4.0 167.32182333034862 4.0 77.92938655863206 62.84391645953155 
111.36 -9.87 8.0 -1.0 20.9369242 35.23157018583023 3.9624135123637276 0.029030776940210157 110.2967951248153 16.0 110.87977632383478 16.0 20.936931832693517 35.21688072128338 
111.36 -9.87 8.0 -1.0 0.015902689822446133 69.06506218968306 4.648006499478669 0.02350110514207489 6.978608902045073 32.0 -1.0 -1.0 -1.0 -1.0 
111.36 -9.87 8.0 -1.0 0.701967086843 29.040081094216074 5.227232618477182 0.017971433343939622 299.908729508152 32.0 300.2453265752443 32.0 0.7019783273184051 29.145004734855213 
111.36 -9.87 8.0 -1.0 1.115794030523409 133.13698801516117 7.202541156259633 0.01520659744487199 461.50479277481 32.0 462.3367944408679 32.0 1.1157984166250876 133.07528203588404 
111.36 -9.87 8.0 -1.0 215.1657339348127 266.27397603032233 3.028643284103887 0.053914300031818865 26.104084053509393 1.0 26.104083671304725 1.0 215.16558869431418 266.25176200487516 
111.69 -9.87 8.0 -1.0 275.85470899694 140.19373086387006 0.23519990593521706 0.02350110514207489 1.3243896010367848 1.0 -1.0 -1.0 -1.0 -1.0 
111.69 -9.87 8.0 -1.0 0.03054034576017715 130.15731382908342 0.17451155261522677 0.038707702586946884 0.22598133077868132 4.0 -1.0 -1.0 -1.0 -1.0 
111.69 -9.87 8.0 -1.0 0.008434326718533782 0.0 0.2495972085532893 0.019353851293473442 0.4028973794671633 8.0 -1.0 -1.0 -1.0 -1.0 
111.69 -9.87 8.0 -1.0 6.8655515420342 131.698338491905 0.01040163739829678 0.024883523091608708 1.7942047991060974 2.0 -1.0 -1.0 -1.0 -1.0 
111.69 -9.87 8.0 -1.0 1.821695294426 263.39667698381 0.7939441974233183 0.012441761545804354 51.790398845516336 32.0 52.28591927203109 32.0 1.8216875711611162 263.4182198778754 
111.69 -9.87 8.0 -1.0 1.490456576741464 395.095015475715 0.421951491402299 0.03732528463741307 6.074459367873686 16.0 -1.0 -1.0 -1.0 -1.0 
111.69 -9.87 8.0 -1.0 1.6204639826 34.13962329943172 3.429679403524682 0.01382417949533817 257.1960066411199 32.0 257.34911192303264 32.0 1.6204770266388855 34.103703457104885 
111.69 -9.87 8.0 -1.0 0.020759978086765968 63.182011175684394 2.291057576669204 0.08294507697202903 0.9664315070088279 8.0 -1.0 -1.0 -1.0 -1.0 
111.69 -9.87 8.0 -1.0 140.8174521908 116.64371293972503 4.794773283893712 0.026265941041142528 44.52847214147136 2.0 44.528471546393 2.0 140.8174284733832 116.68121687252798 
111.69 -9.87 8.0 -1.0 0.0037738593857189304 193.26029809898208 7.10370877170873 0.017971433343939622 15.377807506525862 8.0 -1.0 -1.0 -1.0 -1.0 
112.01 -9.87 8.0 -1.0 458.12007798349 34.61711403366503 0.19450415935534654 0.07050331542622468 2.0226290703181595 1.0 -1.0 -1.0 -1.0 -1.0 
112.01 -9.87 8.0 -1.0 0.02600285345380828 76.81404761871948 0.4699668299660376 0.031795612839277794 1.174831094918106 8.0 -1.0 -1.0 -1.0 -1.0 
112.01 -9.87 8.0 -1.0 1.11188112412 44.42399396871009 0.15635774988006867 0.015206597444871989 3.753268136584982 32.0 -1.0 -1.0 -1.0 -1.0 
112.01 -9.87 8.0 -1.0 3.05756410294 130.22442559165412 0.017081391721641716 0.05114946413275123 0.6828515750621905 1.0 -1.0 -1.0 -1.0 -1.0 
112.01 -9.87 8.0 -1.0 0.004252814799581741 260.44885118330825 0.14096617363948857 0.06220880772902178 2.6585019358552344 1.0 -1.0 -1.0 -1.0 -1.0 
112.01 -9.87 8.0 -1.0 1.26157618868 22.700387419367253 5.520446398788071 0.09815167441690101 40.913468134871295 8.0 41.0143936085832 8.0 1.2615297843391697 22.971930815319904 
112.01 -9.87 8.0 -1.0 16.410660100672157 85.17529186612842 9.115825006881918 0.0483846282336836 189.32600408154363 16.0 189.59137455195258 16.0 16.410679866870247 85.20865967620864 
112.01 -9.87 8.0 -1.0 2.3236006177 119.87054836939541 4.275265560146548 0.022118687192541075 161.35887349355406 32.0 161.43379390058962 32.0 2.3236073805795363 119.91955073195633 
112.01 -9.87 8.0 -1.0 2.228545107 0.0 3.513618260187367 0.017971433343939622 157.82914807588213 32.0 -1.0 -1.0 -1.0 -1.0 
112.01 -9.87 8.0 -1.0 1.1846817214 390.6732767749624 8.218479555845246 0.01520659744487199 536.6845185738573 32.0 536.7556107679492 32.0 1.1846774820393573 390.6240217935455 
112.66 -9.87 8.0 -1.0 0.12348000507386263 64.75430232892516 0.012850229707873086 0.027648358990676344 1.2500944427184044 1.0 -1.0 -1.0 -1.0 -1.0 
112.66 -9.87 8.0 -1.0 0.7446527222569242 86.54257965940029 0.06178443619080862 0.02073626924300726 1.0726443497852605 16.0 -1.0 -1.0 -1.0 -1.0 
112.66 -9.87 8.0 -1.0 0.4000847453262 78.37674542346039 0.11269514080539549 0.045619792334615966 0.958959909012332 1.0 -1.0 -1.0 -1.0 -1.0 
112.66 -9.87 8.0 -1.0 0.001158418664325096 0.0 0.7765850378276162 0.056679135930886505 2.51609154585002 2.0 -1.0 -1.0 -1.0 -1.0 
112.66 -9.87 8.0 -1.0 0.05109793639081646 127.1809603195684 0.08703500716290852 0.03456044873834543 0.490723863183998 2.0 -1.0 -1.0 -1.0 -1.0 
112.66 -9.87 8.0 -1.0 428.7490184657 381.5428809587052 0.01706959520944684 0.06773847952715704 0.9410127318862055 1.0 -1.0 -1.0 -1.0 -1.0 
112.66 -9.87 8.0 -1.0 94.87666 71.92802586330227 3.1611855275605647 0.038707702586946884 44.878390157238734 4.0 44.878389611265426 4.0 94.8765470335881 71.95173043917382 
112.66 -9.87 8.0 -1.0 262.17570045016595 112.22298358831404 5.854323911634344 0.027648358990676344 64.45070632728262 1.0 64.45070519960971 1.0 262.1760359033942 112.22850781581398 
112.66 -9.87 8.0 -1.0 2.89349383178 86.4281053476815 1.3274320562179127 0.024883523091608708 52.574148572040535 32.0 52.902146509612095 32.0 2.893496760710453 86.42303487349427 
112.66 -9.87 8.0 -1.0 0.351635938793 254.3619206391368 6.502514182965707 0.053914300031818865 93.85937031665279 16.0 94.31339278018153 16.0 0.35161065170541406 255.0187914299831 
113.31 -9.87 8.0 -1.0 0.03457486588770644 26.2423413891515 0.129393121839287 0.027648358990676344 1.2177769683378856 1.0 -1.0 -1.0 -1.0 -1.0 
113.31 -9.87 8.0 -1.0 5.14255433375 15.819851192041684 0.8637610958729159 0.05391430003181887 12.320669487765704 8.0 12.358448028756463 8.0 5.142525575744609 15.685679631606105 
113.31 -9.87 8.0 -1.0 0.44099409387622635 277.79658693225196 0.05639948359483268 0.045619792334615966 2.250812158452775 8.0 -1.0 -1.0 -1.0 -1.0 
113.31 -9.87 8.0 -1.0 0.469903 180.01129497579666 0.06615795284819816 0.017971433343939622 2.2724460114093903 2.0 -1.0 -1.0 -1.0 -1.0 
113.31 -9.87 8.0 -1.0 1.154277886 0.0 0.7944928789996554 0.02350110514207489 16.105318107745433 16.0 -1.0 -1.0 -1.0 -1.0 
113.31 -9.87 8.0 -1.0 0.15515816927 124.0648565248822 0.11657533191718465 0.04147253848601452 0.774370072175427 8.0 -1.0 -1.0 -1.0 -1.0 
113.31 -9.87 8.0 -1.0 0.2285775710582236 248.1297130497644 0.1276176053238766 0.015206597444871989 1.9585330712919968 32.0 -1.0 -1.0 -1.0 -1.0 
113.31 -9.87 8.0 -1.0 2.15829087809 372.1945695746466 0.017390979069392094 0.006912089747669086 0.3653633152061918 1.0 -1.0 -1.0 -1.0 -1.0 
113.31 -9.87 8.0 -1.0 2.2333129274570607 32.011934176837286 3.6421358069544136 0.03732528463741307 93.18648530818231 32.0 93.68034641156687 32.0 2.233324873183544 31.978546861855023 
113.31 -9.87 8.0 -1.0 0.24943292613086243 71.76628964295615 3.154640648174145 0.10644618211410392 4.9844788797313795 8.0 -1.0 -1.0 -1.0 -1.0 
113.63 -9.87 8.0 -1.0 9.043798163 63.334114183381274 0.1152142376713014 0.024883523091608708 2.9728472398486723 16.0 -1.0 -1.0 -1.0 -1.0 
113.63 -9.87 8.0 -1.0 5.519419001073 157.34339387901508 0.10111148295914613 0.031795612839277794 1.5204927606557825 8.0 -1.0 -1.0 -1.0 -1.0 
113.63 -9.87 8.0 -1.0 12.922440399828183 101.0259942020293 0.0144117218517521 0.022118687192541075 1.8607106477753241 8.0 -1.0 -1.0 -1.0 -1.0 
113.63 -9.87 8.0 -1.0 0.005351387335979491 122.4435049728595 0.0841380609938173 0.01520659744487199 2.096976162239278 1.0 -1.0 -1.0 -1.0 -1.0 
113.63 -9.87 8.0 -1.0 0.658215 367.3305149185785 0.051555051749154895 0.06359122567855559 0.9485756063119997 8.0 -1.0 -1.0 -1.0 -1.0 
113.63 -9.87 8.0 -1.0 1.07162470101 85.15572893101961 2.124871801996183 0.019353851293473442 110.5535386020015 32.0 110.64432916843305 32.0 1.0716272906089823 85.10746174310151 
113.63 -9.87 8.0 -1.0 5.4192289772 30.41800843610191 1.3219411484660302 0.016589015394405805 104.37304040432446 32.0 104.40410411701204 32.0 5.419224180513993 30.46057786524798 
113.63 -9.87 8.0 -1.0 0.009951743175597574 1.3592588310818488 5.333013674514726 0.017971433343939622 8.04752683409903 32.0 -1.0 -1.0 -1.0 -1.0 
113.63 -9.87 8.0 -1.0 1.7036176706 0.0 9.61387098692506 0.022118687192541075 335.91905721635703 32.0 -1.0 -1.0 -1.0 -1.0 
113.63 -9.87 8.0 -1.0 1.75919355395 244.887009945719 1.5996331735108558 0.026265941041142528 50.98419247289232 16.0 51.3995494548647 16.0 1.759205285149316 244.89899811926946 
113.96 -9.87 8.0 -1.0 426.72398967803736 5.367328411581219 0.014461589230674416 0.02764835899067634 -0.03582694742555934 1.0 -1.0 -1.0 -1.0 -1.0 
113.96 -9.87 8.0 -1.0 1.788648879548 87.98066707091917 0.5581805219779392 0.022118687192541075 13.200312786863575 32.0 13.921226943891025 32.0 1.7886425969967 87.94100387010133 
113.96 -9.87 8.0 -1.0 0.478126 70.50058400076952 0.02617832132753024 0.031795612839277794 0.8258356293151711 16.0 -1.0 -1.0 -1.0 -1.0 
113.96 -9.87 8.0 -1.0 3.60099929741 48.52355009929508 0.024464641376516383 0.0027648358990676344 1.516495727152349 8.0 -1.0 -1.0 -1.0 -1.0 
113.96 -9.87 8.0 -1.0 156.599195693311 0.0 0.3102767079536638 0.05253188208228506 2.7426366439016037 2.0 -1.0 -1.0 -1.0 -1.0 
113.96 -9.87 8.0 -1.0 0.5015510293323924 40.25496308685914 1.6952077231295481 0.024883523091608708 59.30096134691654 32.0 59.937449291635794 32.0 0.5015560115377109 40.37797530974732 
113.96 -9.87 8.0 -1.0 5.830224 3.1551187284295006 5.29264015246408 0.11612310776084064 33.75327503438973 8.0 33.826732200837874 8.0 5.830224836245179 3.238333859428357 
113.96 -9.87 8.0 -1.0 0.0027993604566431823 120.87368645810949 4.202060938098521 0.016589015394405805 14.820721656693072 1.0 -1.0 -1.0 -1.0 -1.0 
113.96 -9.87 8.0 -1.0 0.2916745530517 241.74737291621898 1.1355480623157956 0.026265941041142528 31.052755165613107 32.0 31.263556161808275 32.0 0.2916749508585781 240.9522787280912 
113.96 -9.87 8.0 -1.0 0.51769836154 362.62105937432847 3.326995436919836 0.012441761545804354 159.6638853997641 32.0 159.9157930054382 32.0 0.5176843842491508 362.59219432286886 
114.28 -9.86 8.0 -1.0 1.547485 93.84635047787307 0.6277399637476767 0.056679135930886505 5.826941967084408 8.0 -1.0 -1.0 -1.0 -1.0 
114.28 -9.86 8.0 -1.0 13.162177132154847 33.34532925862665 0.030036392081469375 0.045619792334615966 1.91143154699591 16.0 -1.0 -1.0 -1.0 -1.0 
114.28 -9.86 8.0 -1.0 1.322763989 78.99837661271206 0.14693210878159402 0.022118687192541075 0.044441402738344384 4.0 -1.0 -1.0 -1.0 -1.0 
114.28 -9.86 8.0 -1.0 5.178320905596 48.837311628782594 0.11909885623504701 0.011059343596270537 2.559121992580363 16.0 -1.0 -1.0 -1.0 -1.0 
114.28 -9.86 8.0 -1.0 3.04261430719 238.49781634979104 0.10879367828068814 0.011059343596270537 3.3376167198185036 16.0 -1.0 -1.0 -1.0 -1.0 
114.28 -9.86 8.0 -1.0 0.1251941493447234 37.13782378804127 2.5747856149512507 0.02073626924300726 35.833465806222705 32.0 38.058331315175835 32.0 0.12520710394407314 40.479173242854465 
114.28 -9.86 8.0 -1.0 0.623924 4.686950786352029 3.513618260187367 0.013824179495338172 215.70447079087694 32.0 216.58764050944768 32.0 0.6239133654162288 5.059896655356808 
114.28 -9.86 8.0 -1.0 0.7112066328898301 0.0 1.9170271464057311 0.04700221028414978 8.881234842881172 16.0 -1.0 -1.0 -1.0 -1.0 
114.28 -9.86 8.0 -1.0 22.43057135469243 119.24890817489552 8.27545305164187 0.02073626924300726 240.33208152154887 16.0 240.3320678390676 16.0 22.43056466492514 119.21116520020638 
114.28 -9.86 8.0 -1.0 0.002105325873277225 357.74672452468656 3.567428154787054 0.05529671798135269 11.720270208058107 1.0 -1.0 -1.0 -1.0 -1.0 
114.61 -9.86 8.0 -1.0 1.15226 33.0326692939907 0.27004935499230803 0.052531882082285056 0.909178728659113 8.0 -1.0 -1.0 -1.0 -1.0 
114.61 -9.86 8.0 -1.0 33.30266522089091 6.317145089342239 0.06684709031242649 0.017971433343939622 0.21341126616712755 8.0 -1.0 -1.0 -1.0 -1.0 
114.61 -9.86 8.0 -1.0 180.063624055099 20.11604860851998 0.518407728152382 0.011059343596270537 4.0362646081340054 2.0 -1.0 -1.0 -1.0 -1.0 
114.61 -9.86 8.0 -1.0 5.37204477631 63.877277160388005 0.02913710806143706 0.017971433343939622 0.10894381101393882 2.0 -1.0 -1.0 -1.0 -1.0 
114.61 -9.86 8.0 -1.0 196.463654 91.61624945213661 0.9242651535323936 0.022118687192541075 12.257308407828598 1.0 12.257308463939484 1.0 196.4634672428171 91.58412946195823 
114.61 -9.86 8.0 -1.0 0.26205 117.62594738981947 0.026837550477380817 0.013824179495338172 1.4224993229790788 2.0 -1.0 -1.0 -1.0 -1.0 
114.61 -9.86 8.0 -1.0 206.493931730035 352.8778421694584 0.011934594860975856 0.027648358990676344 1.4026510488857804 1.0 -1.0 -1.0 -1.0 -1.0 
114.61 -9.86 8.0 -1.0 1.625926649473 126.872271487069 5.159068058447316 0.027648358990676344 303.60734055381573 32.0 303.6073517863164 32.0 1.625933994849523 126.90220811634873 
114.61 -9.86 8.0 -1.0 2.93399568493 0.0 3.403715052882466 0.031795612839277794 90.30825552829705 16.0 -1.0 -1.0 -1.0 -1.0 
114.61 -9.86 8.0 -1.0 0.08951395712157723 235.25189477963895 8.879629380191977 0.019353851293473442 369.3947772659453 32.0 371.263079758692 32.0 0.08952459514451525 235.48759034030581 
114.93 -9.86 8.0 -1.0 2.32600103163 117.8637931417752 0.025080716201722194 0.03456044873834543 0.40893539640483023 8.0 -1.0 -1.0 -1.0 -1.0 
114.93 -9.86 8.0 -1.0 37.529238119702775 14.967935927632409 0.04428581346777544 0.06220880772902178 1.7438409197851348 2.0 -1.0 -1.0 -1.0 -1.0 
114.93 -9.86 8.0 -1.0 2.85754146359 2.8543505722461804 0.08061031886448358 0.04700221028414978 1.7910580603829505 1.0 -1.0 -1.0 -1.0 -1.0 
114.93 -9.86 8.0 -1.0 6.5054918751 116.01890801581122 0.8264026842883293 0.017971433343939622 38.757420040720575 16.0 38.871650566559026 16.0 6.50549433582152 116.07402927388516 
114.93 -9.86 8.0 -1.0 38.95598 232.03781603162244 0.13826557733666653 0.022118687192541075 1.7128221395962335 4.0 -1.0 -1.0 -1.0 -1.0 
114.93 -9.86 8.0 -1.0 6.940918295 348.05672404743365 0.021559235838680992 0.019353851293473442 0.8302197393260271 16.0 -1.0 -1.0 -1.0 -1.0 
114.93 -9.86 8.0 -1.0 44.485070760068666 92.10501968491943 2.4447745947558115 0.04700221028414979 34.432900440502 4.0 34.43290059807221 4.0 44.485204853117466 92.0901191274939 
114.93 -9.86 8.0 -1.0 6.964967814769 37.66350389232155 1.4928542255379336 0.016589015394405805 72.90708374732034 32.0 72.97963469010836 32.0 6.964971059157203 37.64563111585465 
114.93 -9.86 8.0 -1.0 22.43057135469243 21.825339131687258 5.903058779446044 0.016589015394405805 287.21333219173414 16.0 287.23354918085334 16.0 22.43056466492514 21.858753551141408 
114.93 -9.86 8.0 -1.0 0.002174152063187772 0.0 7.167794382877881 0.011059343596270537 43.16038127086928 16.0 -1.0 -1.0 -1.0 -1.0 
115.26 -9.86 8.0 -1.0 1.45909041905 127.89837006868157 0.026124122055094675 0.031795612839277794 1.6551552716195603 2.0 -1.0 -1.0 -1.0 -1.0 
115.26 -9.86 8.0 -1.0 483.0961911840376 30.19060237672741 0.24430862186685035 0.009676925646736721 1.3398407926915898 1.0 -1.0 -1.0 -1.0 -1.0 
115.26 -9.86 8.0 -1.0 219.60994148422 228.69381300371015 0.02458323676365615 0.016589015394405805 2.3863616633991533 1.0 -1.0 -1.0 -1.0 -1.0 
115.26 -9.86 8.0 -1.0 0.9632044656095726 118.25796180974929 1.0139127866480846 0.005529671798135269 124.89581905544033 32.0 125.21067004170351 32.0 0.9632155221576493 118.30038380224217 
115.26 -9.86 8.0 -1.0 0.42900068258501395 78.52987368219209 2.244063301440265 0.052531882082285056 28.87222217582708 16.0 29.099857475258904 16.0 0.42897833433623117 78.63079402424479 
115.26 -9.86 8.0 -1.0 0.3488566924050239 43.94791095975888 6.914869341461478 0.009676925646736721 695.5310893971536 32.0 696.3712897146395 32.0 0.3488518511100362 43.717507102282816 
115.26 -9.86 8.0 -1.0 0.07517101600419747 164.813242974771 3.3431234604531177 0.017971433343939622 127.25821910161388 32.0 127.43491753144791 32.0 0.07515457885650298 165.762214429489 
115.26 -9.86 8.0 -1.0 1.51972574585 0.0 1.47950695714271 0.027648358990676344 44.87856264283598 32.0 -1.0 -1.0 -1.0 -1.0 
115.26 -9.86 8.0 -1.0 0.0013357810993506606 114.34690650185507 5.209207739914888 0.03456044873834543 13.882101210604462 2.0 -1.0 -1.0 -1.0 -1.0 
115.26 -9.86 8.0 -1.0 1.59307834609 343.0407195055652 7.383917380647688 0.02073626924300726 392.8779595546444 32.0 392.87796293538787 32.0 1.5930709196254613 342.9597953000844 
115.58 -9.86 8.0 -1.0 84.44174596102 4.161916019208666 0.21440411841405266 0.031795612839277794 4.120395047581399 2.0 -1.0 -1.0 -1.0 -1.0 
115.58 -9.86 8.0 -1.0 1.355473 73.62869315282974 0.023261443611725986 0.048384628233683606 2.330308142864744 16.0 -1.0 -1.0 -1.0 -1.0 
115.58 -9.86 8.0 -1.0 0.434993 135.04233197286007 0.018455533867962306 0.0027648358990676344 2.2096683435721594 8.0 -1.0 -1.0 -1.0 -1.0 
115.58 -9.86 8.0 -1.0 0.863111 104.28475748943993 0.04006455063324554 0.011059343596270537 1.5947976743372039 16.0 -1.0 -1.0 -1.0 -1.0 
115.58 -9.86 8.0 -1.0 44.078082058485805 0.0 0.013119334073716647 0.04423737438508216 0.8663404780408246 4.0 -1.0 -1.0 -1.0 -1.0 
115.58 -9.86 8.0 -1.0 0.12462014013849113 112.77777310587386 0.07098802907566044 0.11197585391223919 1.978871027649008 2.0 -1.0 -1.0 -1.0 -1.0 
115.58 -9.86 8.0 -1.0 5.38416 338.3333193176216 0.06777711961798845 0.022118687192541075 2.0215524985802364 4.0 -1.0 -1.0 -1.0 -1.0 
115.58 -9.86 8.0 -1.0 109.99844724197537 101.34096323195087 6.588429122126874 0.01520659744487199 100.75601912566437 2.0 100.7560160231244 2.0 109.99841227506599 101.2991310402433 
115.58 -9.86 8.0 -1.0 130.38603910501416 96.84068005670898 1.4067431901849532 0.022118687192541075 22.938225286460643 1.0 22.938225178867203 1.0 130.3861305738489 96.84642198352931 
115.58 -9.86 8.0 -1.0 0.03489410799439263 225.55554621174772 7.86845723833226 0.016589015394405805 232.31072651358235 32.0 233.56531880289086 32.0 0.03489428005802135 227.79654742416346 
115.91 -9.86 8.0 -1.0 1.20796568461 96.28533497823196 0.7227463358668023 0.011059343596270537 44.478992336410066 32.0 44.95537986758161 32.0 1.2079605464047443 96.23923438488649 
115.91 -9.86 8.0 -1.0 0.593998234019 41.65583075435113 0.3552671528398794 0.07603298722435994 1.559645181045106 1.0 -1.0 -1.0 -1.0 -1.0 
115.91 -9.86 8.0 -1.0 0.0628368326237969 163.5549992148422 0.05259834716302619 0.013824179495338172 1.303589566540198 1.0 -1.0 -1.0 -1.0 -1.0 
115.91 -9.86 8.0 -1.0 240.25490831930935 23.345941976017446 0.15985284571887812 0.04700221028414978 1.7029882623175048 2.0 -1.0 -1.0 -1.0 -1.0 
115.91 -9.86 8.0 -1.0 8.78410420217902 43.056587272912175 0.06178443619080862 0.02073626924300726 1.21906868443221 1.0 -1.0 -1.0 -1.0 -1.0 
115.91 -9.86 8.0 -1.0 0.589071575525134 0.0 0.014531693580338607 0.022118687192541075 0.9389993363295146 2.0 -1.0 -1.0 -1.0 -1.0 
115.91 -9.86 8.0 -1.0 99.87913900478422 111.16003515152306 0.1876408245646434 0.03456044873834543 0.6993382201600097 4.0 -1.0 -1.0 -1.0 -1.0 
115.91 -9.86 8.0 -1.0 205.530695938456 222.32007030304612 0.03174316050154982 0.08709233082063048 -0.33622500335238303 1.0 -1.0 -1.0 -1.0 -1.0 
115.91 -9.86 8.0 -1.0 0.8008861232865 333.4801054545692 0.026708079744159313 0.006912089747669086 1.1851094055308047 1.0 -1.0 -1.0 -1.0 -1.0 
115.91 -9.86 8.0 -1.0 1.15214158684 73.27290645901475 2.2163307062836926 0.05391430003181887 35.46082498729804 8.0 35.540843902006245 8.0 1.1521478882059455 73.46969943578085 
116.23 -9.86 8.0 -1.0 0.029984081957984066 57.13767701620988 0.02114620914515299 0.022118687192541075 -0.43261172701725514 4.0 -1.0 -1.0 -1.0 -1.0 
116.23 -9.86 8.0 -1.0 1.63393695021807 38.563000655934516 0.016040596785870796 0.02073626924300726 1.2829400359871646 2.0 -1.0 -1.0 -1.0 -1.0 
116.23 -9.86 8.0 -1.0 0.749644859312 212.9348297088558 0.015125786700150521 0.031795612839277794 1.6571037149847685 2.0 -1.0 -1.0 -1.0 -1.0 
116.23 -9.86 8.0 -1.0 4.05954117419 0.0 0.5810003816100462 0.009676925646736721 38.69125654602355 32.0 -1.0 -1.0 -1.0 -1.0 
116.23 -9.86 8.0 -1.0 2.1134890398366455 109.57415275893413 0.018751123867894355 0.211509946278674 0.2127365645747852 2.0 -1.0 -1.0 -1.0 -1.0 
116.23 -9.86 8.0 -1.0 0.56775 219.14830551786827 0.891651243346112 0.009676925646736723 75.82190196193298 32.0 76.56300751066328 32.0 0.5677369093367209 219.29592104316404 
116.23 -9.86 8.0 -1.0 1.216177006 328.7224582768024 0.02465126349886415 0.038707702586946884 0.5185642356755261 8.0 -1.0 -1.0 -1.0 -1.0 
116.23 -9.86 8.0 -1.0 1.4235126948841859 63.58128155888947 3.178704999821333 0.035942866687879244 90.56622059543287 32.0 91.01076395607208 32.0 1.4235107907249283 63.75469785749578 
116.23 -9.86 8.0 -1.0 2.820474141608 37.41235698759887 3.245272167306021 0.029030776940210157 126.03399745308275 32.0 126.0907634051314 32.0 2.820464336158087 37.443235249640374 
116.23 -9.86 8.0 -1.0 4.2711051512 55.46102481377794 4.680228174663392 0.020736269243007262 262.49057853974284 32.0 262.7939117221722 32.0 4.271108385485908 55.45646734271061 
116.55 -9.86 8.0 -1.0 0.0013921866951902594 145.01039725371447 0.01339407391545149 0.06773847952715704 9.134254159219822 1.0 -1.0 -1.0 -1.0 -1.0 
116.55 -9.86 8.0 -1.0 0.0985831114281693 83.71968174035415 0.6169912824917189 0.20321543858147115 2.6510347889323067 1.0 -1.0 -1.0 -1.0 -1.0 
116.55 -9.86 8.0 -1.0 0.4309766901630031 53.803589504060355 0.8679482850487058 0.009676925646736721 79.05650935226988 32.0 79.44045352935234 32.0 0.4309792226801316 53.63490454678217 
116.55 -9.86 8.0 -1.0 1.16364520997 40.06098591989072 0.016987247418078028 0.11612310776084063 1.3644196177558174 8.0 -1.0 -1.0 -1.0 -1.0 
116.55 -9.86 8.0 -1.0 0.005526332034919469 9.075304253696928 0.012294446201673309 0.08709233082063048 2.818087353836207 1.0 -1.0 -1.0 -1.0 -1.0 
116.55 -9.86 8.0 -1.0 3.2854634388411066 18.215432109205974 0.7988960042935234 0.08709233082063048 4.82505701051297 4.0 -1.0 -1.0 -1.0 -1.0 
116.55 -9.86 8.0 -1.0 0.006170724176712507 0.0 0.014332291466980361 0.03041319488974398 0.7428605308083859 1.0 -1.0 -1.0 -1.0 -1.0 
116.55 -9.86 8.0 -1.0 4.167535 108.02853241989949 0.432577181242189 0.03456044873834543 5.213659867252256 2.0 6.7619382359854665 16.0 4.16754725544403 107.87699669220714 
116.55 -9.86 8.0 -1.0 11.1946499395 216.05706483979898 0.7317899463156683 0.05529671798135269 7.589960495111475 8.0 7.698522700681565 8.0 11.194667119222384 216.05758718373568 
116.55 -9.86 8.0 -1.0 384.138167 324.0855972596985 0.026949024815046144 0.023501105142074888 1.846176335205986 1.0 -1.0 -1.0 -1.0 -1.0 
118.18 -9.86 8.0 -1.0 1.79128805247 96.01704035644627 0.05915305755260793 0.031795612839277794 0.9199544293828013 2.0 -1.0 -1.0 -1.0 -1.0 
118.18 -9.86 8.0 -1.0 0.772538564144441 49.09413998124828 0.0533669923120631 0.017971433343939622 1.148873067736492 16.0 -1.0 -1.0 -1.0 -1.0 
118.18 -9.86 8.0 -1.0 0.3211609168549823 86.54802318561583 0.0951476003621078 0.02073626924300726 2.095051257464799 1.0 -1.0 -1.0 -1.0 -1.0 
118.18 -9.86 8.0 -1.0 0.17429362903338624 99.81670966703429 0.03102767079536638 0.026265941041142528 1.4296303556028105 1.0 -1.0 -1.0 -1.0 -1.0 
118.18 -9.86 8.0 -1.0 0.006985905219123659 0.0 0.04970151613045875 0.013824179495338172 0.49476037609638696 16.0 -1.0 -1.0 -1.0 -1.0 
118.18 -9.86 8.0 -1.0 445.93689247847 100.5103000967448 0.09481950630791196 0.017971433343939622 1.2215022026206013 1.0 -1.0 -1.0 -1.0 -1.0 
118.18 -9.86 8.0 -1.0 8.7 201.0206001934896 0.05846240640937591 0.1755670795907948 -0.1468731042535923 1.0 -1.0 -1.0 -1.0 -1.0 
118.18 -9.86 8.0 -1.0 1.189192897888 301.5309002902344 0.22580594589905179 0.01105934359627054 10.991345823085739 32.0 11.43870777367057 32.0 1.189194639058163 301.36744479305145 
118.18 -9.86 8.0 -1.0 1.239311 77.47103538810003 5.801981739716653 0.016589015394405805 322.9028552045047 32.0 323.5202769820985 32.0 1.2393077971258513 77.41641882695916 
118.18 -9.86 8.0 -1.0 0.03125021007535721 90.10644365108715 1.3721883928644865 0.019353851293473442 9.10450614300635 32.0 -1.0 -1.0 -1.0 -1.0 
118.83 -9.86 8.0 -1.0 1.445087 29.836114679909272 0.1498019793407372 0.027648358990676344 1.629249383474559 16.0 -1.0 -1.0 -1.0 -1.0 
118.83 -9.86 8.0 -1.0 0.002048068781967217 16.194233336587924 0.01445160196988812 0.026265941041142528 9.844428038715987 1.0 -1.0 -1.0 -1.0 -1.0 
118.83 -9.86 8.0 -1.0 1.32626 68.23874409583969 0.017259320851395067 0.06359122567855559 0.8626264214249898 8.0 -1.0 -1.0 -1.0 -1.0 
118.83 -9.86 8.0 -1.0 0.5390034 122.42488353909674 0.3846435957016198 0.052531882082285056 2.5890142591861824 8.0 -1.0 -1.0 -1.0 -1.0 
118.83 -9.86 8.0 -1.0 0.655738 0.0 0.2793473877157862 0.011059343596270537 5.538677471830358 32.0 -1.0 -1.0 -1.0 -1.0 
118.83 -9.86 8.0 -1.0 181.616752 97.78148498341947 0.3165556322386046 0.035942866687879244 2.026004135555736 1.0 -1.0 -1.0 -1.0 -1.0 
118.83 -9.86 8.0 -1.0 7.759092411211903 293.3444549502584 0.5004606515575023 0.12580003340757737 3.0267635233932317 4.0 -1.0 -1.0 -1.0 -1.0 
118.83 -9.86 8.0 -1.0 0.731764 64.48355955402221 1.4312502368635112 0.10644618211410393 5.902767037761501 4.0 6.0286640479883005 4.0 0.7317188040663799 62.74271852642442 
118.83 -9.86 8.0 -1.0 1.9546609131310237 66.47850134186274 1.957172761407644 0.024883523091608708 76.42135980871774 32.0 77.24876251451111 32.0 1.9546556965603183 66.48704205138844 
118.83 -9.86 8.0 -1.0 0.06549022320294298 195.56296996683895 1.0480983570484097 0.02350110514207489 12.205603237859682 32.0 12.920045064645103 32.0 0.06548361852765083 196.22279229473702 
119.15 -9.86 8.0 -1.0 79.06642422995 72.18914310493955 0.03258751958082719 0.019353851293473442 1.0139602173761713 4.0 -1.0 -1.0 -1.0 -1.0 
119.15 -9.86 8.0 -1.0 4.128977499143 66.83214692587264 0.8055464889185993 0.008294507697202903 82.9606063595644 32.0 83.65489024549858 32.0 4.128984680088858 66.79063585070986 
119.15 -9.86 8.0 -1.0 202.020202 105.19982226243296 0.21753730974878602 0.01520659744487199 3.1301801347189144 2.0 -1.0 -1.0 -1.0 -1.0 
119.15 -9.86 8.0 -1.0 3.63602406451 34.16894860161599 0.08407995474119216 0.012441761545804354 2.591319757667812 16.0 -1.0 -1.0 -1.0 -1.0 
119.15 -9.86 8.0 -1.0 320.5922923290326 0.0 0.04841372476313745 0.019353851293473442 1.4439422248855207 1.0 -1.0 -1.0 -1.0 -1.0 
119.15 -9.86 8.0 -1.0 0.0026491664338343024 193.02560286302727 0.37649358067924693 0.009676925646736721 10.46071219605336 1.0 -1.0 -1.0 -1.0 -1.0 
119.15 -9.86 8.0 -1.0 6.06185918633 289.5384042945409 0.016399155431805004 0.045619792334615966 0.8260681656150245 1.0 -1.0 -1.0 -1.0 -1.0 
119.15 -9.86 8.0 -1.0 500.15992794812 55.82858720670816 2.6967648836059555 0.012441761545804354 34.11003503381935 1.0 34.110035230733686 1.0 500.15999780346954 55.861259075139166 
119.15 -9.86 8.0 -1.0 90.011841919354 70.596522619271 1.716419588921308 0.023501105142074888 16.787056372525473 1.0 16.78705650838438 2.0 90.01135670890412 70.63615730878104 
119.15 -9.86 8.0 -1.0 0.881912 96.51280143151364 1.0841852894594775 0.009676925646736721 87.99189306445906 32.0 88.26214329220672 32.0 0.8819066958191495 96.44163025110075 
119.48 -9.86 8.0 -1.0 0.735327 218.59962583621623 0.7933958947697883 0.04285495643554833 17.187264637997718 16.0 17.268769116756488 16.0 0.7353567828734716 218.28394171209268 
119.48 -9.86 8.0 -1.0 461.7 51.66536753824342 0.12456887461733013 0.017971433343939622 0.6483477950354815 1.0 -1.0 -1.0 -1.0 -1.0 
119.48 -9.86 8.0 -1.0 3.436155481471 49.409113234472706 0.26781986345073483 0.06635606157762322 1.5876829339599472 4.0 -1.0 -1.0 -1.0 -1.0 
119.48 -9.86 8.0 -1.0 414.937759 51.06560373597526 0.5482440125568449 0.06497364362808941 1.280028130266246 1.0 -1.0 -1.0 -1.0 -1.0 
119.48 -9.86 8.0 -1.0 1.958267 0.0 0.017816610368291103 0.011059343596270537 1.6487644581581817 2.0 -1.0 -1.0 -1.0 -1.0 
119.48 -9.86 8.0 -1.0 0.1808205971568568 95.19108347427603 0.12336987392357227 0.013824179495338172 2.142681610304915 1.0 -1.0 -1.0 -1.0 -1.0 
119.48 -9.86 8.0 -1.0 1.15350009753 51.608247176122646 5.898982091432938 0.01520659744487199 329.04262634159176 32.0 329.0753809171623 32.0 1.1535121302586049 51.61094588463944 
119.48 -9.86 8.0 -1.0 0.90079341918 102.87377217952063 1.7620758638749157 0.045619792334615966 25.727988392408612 16.0 25.727986705610306 16.0 0.9008241856160264 102.91829796995746 
119.48 -9.86 8.0 -1.0 25.628222593575096 190.38216694855205 8.947365312024758 0.017971433343939622 226.3402437587672 8.0 226.5280224062795 8.0 25.62822677039852 190.3533121745231 
119.48 -9.86 8.0 -1.0 0.03441634177593553 285.5732504228281 1.5765936461590462 0.031795612839277794 5.394668828836792 16.0 6.281545823456448 32.0 0.03440921621707579 285.37817136212396 
120.13 -9.85 8.0 -1.0 2.683993826716843 56.937907195291984 0.012894694018291582 0.01520659744487199 1.5716412477151367 1.0 -1.0 -1.0 -1.0 -1.0 
120.13 -9.85 8.0 -1.0 0.4586745305 63.47130963225176 0.049325251342871065 0.009676925646736721 0.9587417691682314 16.0 -1.0 -1.0 -1.0 -1.0 
120.13 -9.85 8.0 -1.0 1.267086536181 59.857087007550604 0.023117261921407867 0.06082638977948796 2.5164584852297827 1.0 -1.0 -1.0 -1.0 -1.0 
120.13 -9.85 8.0 -1.0 0.6387302863529 72.50686619400463 0.018052013621983335 0.06082638977948796 1.1511987042560679 16.0 -1.0 -1.0 -1.0 -1.0 
120.13 -9.85 8.0 -1.0 0.910265474731 82.51548269317705 0.3156820767645053 0.016589015394405805 9.404349972096256 32.0 10.055272099243469 16.0 0.9102829305144648 82.98230514785165 
120.13 -9.85 8.0 -1.0 463.11553585637 0.0 0.26986285727822834 0.04147253848601452 1.1991492529841834 1.0 -1.0 -1.0 -1.0 -1.0 
120.13 -9.85 8.0 -1.0 2.4500513636 92.66310775483798 0.0200230463654082 0.058061553880420315 0.9554144174286795 1.0 -1.0 -1.0 -1.0 -1.0 
120.13 -9.85 8.0 -1.0 0.09458893510179119 277.9893232645139 0.37338529977405854 0.005529671798135269 24.034987254479688 32.0 24.204464127539655 32.0 0.09458744898438455 277.2823367135531 
120.13 -9.85 8.0 -1.0 0.654860719376 16.7088292111184 3.460620016062808 0.017971433343939622 194.98438497336943 32.0 195.1872348419984 32.0 0.6548665017665675 16.697658962677465 
120.13 -9.85 8.0 -1.0 0.161472523874 185.32621550967596 1.229444620167331 0.019353851293473442 32.83160339994419 32.0 33.33200066194611 32.0 0.16146562605475387 185.49581138538056 
120.45 -9.85 8.0 -1.0 0.560796 42.1214421302972 0.03436794901146621 0.03456044873834543 1.0824082723445925 32.0 -1.0 -1.0 -1.0 -1.0 
120.45 -9.85 8.0 -1.0 0.644521 62.97662590463432 0.4053785697483141 0.027648358990676344 7.3892634389248775 16.0 7.517091569844981 16.0 0.6445285786564152 62.64152059331728 
120.45 -9.85 8.0 -1.0 0.489273 108.19482988315765 0.5095311235830815 0.008294507697202903 41.531042383303465 32.0 41.57499532920428 32.0 0.4892778330637763 108.18059049152855 
120.45 -9.85 8.0 -1.0 186.219739 91.34077203661714 0.047848462446374807 0.056679135930886505 1.5870727883611249 2.0 -1.0 -1.0 -1.0 -1.0 
120.45 -9.85 8.0 -1.0 0.001341933801856741 182.68154407323428 0.013571044086248003 0.016589015394405805 15.872948051369393 2.0 -1.0 -1.0 -1.0 -1.0 
120.45 -9.85 8.0 -1.0 0.2672334117413241 274.02231610985143 0.01302901221217759 0.03732528463741307 0.8234501699564771 1.0 -1.0 -1.0 -1.0 -1.0 
120.45 -9.85 8.0 -1.0 3.581580930862 32.17343725502206 2.032969265840357 0.017971433343939622 121.37423275994743 32.0 121.75199162625252 32.0 3.581590135581792 32.1809427280693 
120.45 -9.85 8.0 -1.0 455.644016228211 108.49628457634782 2.012011056916566 0.01520659744487199 24.593571767650378 1.0 24.59357172550951 1.0 455.6437488645316 108.48418429084995 
120.45 -9.85 8.0 -1.0 0.64188261702 147.1372952489041 1.6162958285875357 0.03456044873834543 43.57808208509322 16.0 43.97310819848424 32.0 0.6418910440212737 147.2429926708831 
120.45 -9.85 8.0 -1.0 36.50858139330728 0.0 1.1084202985753975 0.02350110514207489 30.7517123476016 8.0 -1.0 -1.0 -1.0 -1.0 
120.77 -9.85 8.0 -1.0 0.72282 14.579700391164438 0.6118974845614148 0.022118687192541075 16.961234179533378 32.0 17.30772289479603 32.0 0.7228360724790643 14.876096166749013 
120.77 -9.85 8.0 -1.0 2.90682203725 53.16190753741256 0.13903185312960864 0.027648358990676344 2.30104086018692 16.0 -1.0 -1.0 -1.0 -1.0 
120.77 -9.85 8.0 -1.0 2.8623496843889664 179.97830149537435 0.49189135163174064 0.024883523091608708 12.349605167387011 16.0 13.03167461801033 16.0 2.8623617254197598 179.9299250644881 
120.77 -9.85 8.0 -1.0 16.486248765294633 269.96745224306153 0.7098802907566044 0.15483081034778753 16.95701737348868 2.0 16.95701795259746 2.0 16.486349826057754 269.8948875967321 
120.77 -9.85 8.0 -1.0 1.1359305256125 200.7948737205369 1.542122280526466 0.038707702586946884 34.778056807617816 16.0 35.35862083720222 16.0 1.1358982495342693 200.57430341834385 
120.77 -9.85 8.0 -1.0 10.85186048461061 127.38338230650709 2.6160242420857194 0.0483846282336836 61.89929137036149 16.0 61.89929144173991 16.0 10.851848249634108 127.40819778188441 
120.77 -9.85 8.0 -1.0 1.18134309395 171.87846794472745 6.431034332265737 0.027648358990676344 286.6073911986824 32.0 286.6624378420142 32.0 1.1813426681328565 171.93528834902435 
120.77 -9.85 8.0 -1.0 1.15109885937 33.209317557652334 4.858124572854598 0.01520659744487199 250.99655580048426 32.0 251.32786489237105 32.0 1.1510868110538772 33.192922059140656 
120.77 -9.85 8.0 -1.0 4.2497300571163095 0.0 4.266414103250982 0.013824179495338174 319.5177517231431 32.0 -1.0 -1.0 -1.0 -1.0 
120.77 -9.85 8.0 -1.0 0.471125 89.98915074768718 1.0139127866480846 0.016589015394405805 57.80567128981757 32.0 57.84543631746286 32.0 0.4711182555183769 89.86376459913691 
121.42 -9.85 8.0 -1.0 1.53743384519 43.87548819435183 0.24925258091868235 0.04700221028414978 1.9810341583056919 8.0 -1.0 -1.0 -1.0 -1.0 
121.42 -9.85 8.0 -1.0 0.604193 62.882065764463505 0.42664141032509845 0.009676925646736721 31.56012133145026 32.0 31.739045867763323 32.0 0.6042076468778154 62.74271852642442 
121.42 -9.85 8.0 -1.0 0.003915183311611422 127.70947971729252 0.3227385809271237 0.013824179495338172 2.4330896910627087 1.0 -1.0 -1.0 -1.0 -1.0 
121.42 -9.85 8.0 -1.0 0.009681092501071858 175.23906788708769 0.909066930587803 0.017971433343939622 0.32025238802679284 4.0 -1.0 -1.0 -1.0 -1.0 
121.42 -9.85 8.0 -1.0 45.102610653564696 57.91354133742186 4.77493975820045 0.017971433343939622 109.08773131492457 8.0 109.08773261937651 8.0 45.10256985668093 57.88521773728188 
121.42 -9.85 8.0 -1.0 121.14299859018674 29.259088292578546 1.8725233532412369 0.015206597444871992 42.03451856132713 4.0 42.034518426643054 4.0 121.14299655271074 29.24620266796235 
121.42 -9.85 8.0 -1.0 0.6111311965062236 76.39434912689421 1.0048476241819606 0.017971433343939622 60.167360731740764 32.0 60.48036861626475 32.0 0.6111198066112896 76.4044394958878 
121.42 -9.85 8.0 -1.0 0.385055647243 0.0 2.3422700417298183 0.006912089747669086 147.71738553367797 32.0 -1.0 -1.0 -1.0 -1.0 
121.42 -9.85 8.0 -1.0 0.68228844696 87.61953394354384 1.8468288179219563 0.04285495643554833 44.13120137680048 16.0 44.1457411295035 16.0 0.6823029252700508 87.53621213767278 
121.42 -9.85 8.0 -1.0 0.2753933549 262.8586018306315 2.2878942329845033 0.08985716671969811 11.012878163604148 4.0 11.012878096067489 4.0 0.2755162616570791 262.81103227923256 
121.75 -9.85 8.0 -1.0 0.436472 12.125456358855562 0.6462209569809844 0.016589015394405805 19.628568540664872 32.0 19.833959328054533 32.0 0.4364665073808283 12.042554039749202 
121.75 -9.85 8.0 -1.0 5.4671245678 16.87697351874971 0.015421222805264652 0.008294507697202903 -0.11042046043931762 1.0 -1.0 -1.0 -1.0 -1.0 
121.75 -9.85 8.0 -1.0 0.529400632219 144.7784682162283 0.6135907273413176 0.029030776940210157 6.399427533770809 16.0 6.459087837398907 16.0 0.5293865494119625 144.91544020941896 
121.75 -9.85 8.0 -1.0 311.52648 173.07985457843935 0.8122523361259274 0.15621322829732134 3.913687780498952 1.0 -1.0 -1.0 -1.0 -1.0 
121.75 -9.85 8.0 -1.0 0.7710990598 28.405244660787975 2.184408880221528 0.02073626924300726 111.48220526891309 32.0 111.57263428528691 32.0 0.7710999246531477 28.436619203105263 
121.75 -9.85 8.0 -1.0 0.0809064588655551 119.33318506488258 9.647136862602292 0.011059343596270537 627.2833627029487 32.0 629.6752502270701 32.0 0.08091471196773152 119.61595693263494 
121.75 -9.85 8.0 -1.0 0.01859206936814379 72.38923410811415 4.135820258278061 0.031795612839277794 2.545772459213655 16.0 -1.0 -1.0 -1.0 -1.0 
121.75 -9.85 8.0 -1.0 2.8307527983 0.0 4.798086871639708 0.012441761545804354 244.65164327649828 32.0 -1.0 -1.0 -1.0 -1.0 
121.75 -9.85 8.0 -1.0 1.7994801437632277 86.53992728921968 2.805077046772915 0.03317803078881161 97.36638232023402 16.0 97.64045412407955 16.0 1.7994655839477978 86.62543073970855 
121.75 -9.85 8.0 -1.0 24.0890080713045 259.619781867659 1.229444620167331 0.035942866687879244 16.387486543611054 4.0 16.387486466611715 4.0 24.088997937118016 259.5726984198042 
122.07 -9.85 8.0 -1.0 1.230618 201.56216424989472 0.015941172158710836 0.019353851293473442 0.5336547682302524 2.0 -1.0 -1.0 -1.0 -1.0 
122.07 -9.85 8.0 -1.0 1.3235647032 63.52168930576614 0.14431648135339925 0.05114946413275124 -0.9052604373081777 2.0 -1.0 -1.0 -1.0 -1.0 
122.07 -9.85 8.0 -1.0 224.25146769220584 32.35043256815047 0.1466279023623302 0.022118687192541075 1.4173162742682093 1.0 -1.0 -1.0 -1.0 -1.0 
122.07 -9.85 8.0 -1.0 1.399188 109.0737643244693 0.17128659350506203 0.02488352309160871 2.3585084994249086 16.0 -1.0 -1.0 -1.0 -1.0 
122.07 -9.85 8.0 -1.0 0.8665928990309687 85.43897919940214 0.155388595727457 0.012441761545804354 4.2902034173029175 8.0 -1.0 -1.0 -1.0 -1.0 
122.07 -9.85 8.0 -1.0 2.293362580627 21.891655636450476 2.694902481504617 0.013824179495338172 235.76739757158344 32.0 235.84794047787477 32.0 2.293381839990616 21.858753551141408 
122.07 -9.85 8.0 -1.0 0.5335414804559 25.65989144272474 8.667498783590988 0.1769494975403286 13.47526051519455 4.0 15.108718623472942 4.0 0.533570225040118 34.81208898885484 
122.07 -9.85 8.0 -1.0 1.373796 0.0 4.77493975820045 0.016589015394405805 307.2707112658441 32.0 9.013897334518559 2.0 35.71767592802644 2.023958662142723 
122.07 -9.85 8.0 -1.0 0.4349560521349956 170.87795839880428 7.383917380647688 0.06082638977948796 93.73540421704158 16.0 97.39908887763166 32.0 0.4349506828778734 170.41731935241728 
122.07 -9.85 8.0 -1.0 10.556729942333291 256.31693759820644 5.773991598417732 0.019353851293473442 180.19581317060553 16.0 180.22298425689712 16.0 10.556747535398852 256.2331666272687 
122.72 -9.85 8.0 -1.0 0.43695949056761507 79.94098208350752 0.30729023168311737 0.038707702586946884 1.6145140364975277 16.0 -1.0 -1.0 -1.0 -1.0 
122.72 -9.85 8.0 -1.0 3.0807429420126384 18.361444322305637 0.16916979860432305 0.017971433343939622 4.69476383899729 16.0 -1.0 -1.0 -1.0 -1.0 
122.72 -9.85 8.0 -1.0 102.880658 0.0 0.7606556908840942 0.05529671798135269 5.389484887575766 4.0 -1.0 -1.0 -1.0 -1.0 
122.72 -9.85 8.0 -1.0 7.513466184385536 83.26352915135331 0.019130581571311905 0.0884747487701643 1.6504617979742684 8.0 -1.0 -1.0 -1.0 -1.0 
122.72 -9.85 8.0 -1.0 0.001859656674202608 249.79058745405993 0.04121558857771902 0.027648358990676344 16.193997061921653 2.0 -1.0 -1.0 -1.0 -1.0 
122.72 -9.85 8.0 -1.0 15.8222513304 58.80658494518023 1.2508629265827196 0.031795612839277794 37.39854347416931 16.0 37.68835662085685 16.0 15.82223679482316 58.79599913524611 
122.72 -9.85 8.0 -1.0 245.8392716170269 71.7969945337502 2.79926944997713 0.049767046183217416 28.90563194968091 1.0 28.905632050209967 1.0 245.8390857403477 71.74933457295953 
122.72 -9.85 8.0 -1.0 432.900433 100.77560053902168 1.899887444882103 0.008294507697202903 31.39108545297889 1.0 31.39108583279597 1.0 432.90007549027604 100.7931413747076 
122.72 -9.85 8.0 -1.0 0.0025070307675096643 74.345113337662 8.28117207904961 0.0027648358990676344 99.39239369206163 32.0 -1.0 -1.0 -1.0 -1.0 
122.72 -9.85 8.0 -1.0 17.341059575008597 166.52705830270662 3.148109319224993 0.017971433343939622 120.78008108353853 8.0 120.78008037706968 8.0 17.341032313803833 166.5717978943461 
123.05 -9.85 8.0 -1.0 105.0578651602419 66.65090724640149 0.05252572277723239 0.011059343596270537 1.580945660501229 1.0 -1.0 -1.0 -1.0 -1.0 
123.05 -9.85 8.0 -1.0 0.8189874162 146.8939535308159 0.40960121491162294 0.026265941041142528 9.73202669510675 16.0 9.757401047201391 16.0 0.8189696624564629 146.6358050722403 
123.05 -9.85 8.0 -1.0 1.14381850931 55.85133495619851 0.2116082293716127 0.016589015394405805 3.9411242753322107 32.0 -1.0 -1.0 -1.0 -1.0 
123.05 -9.85 8.0 -1.0 352.90623328676 64.37731308004297 0.011168755931121101 0.016589015394405805 1.0122154456114405 1.0 -1.0 -1.0 -1.0 -1.0 
123.05 -9.85 8.0 -1.0 214.987399714593 77.87060019777942 0.08501448911019828 0.009676925646736721 0.13967076549808846 1.0 -1.0 -1.0 -1.0 -1.0 
123.05 -9.85 8.0 -1.0 0.1110946838287312 54.813389793295705 0.05636053377113836 0.013824179495338172 0.2935126840697066 1.0 -1.0 -1.0 -1.0 -1.0 
123.05 -9.85 8.0 -1.0 101.26565703902918 0.0 0.035896781004421355 0.019353851293473442 0.2729668589444212 2.0 -1.0 -1.0 -1.0 -1.0 
123.05 -9.85 8.0 -1.0 1.087394 82.36836257035824 0.22989850843940862 0.02350110514207489 4.851527780425646 16.0 -1.0 -1.0 -1.0 -1.0 
123.05 -9.85 8.0 -1.0 0.005947983401416908 164.7367251407165 0.013893583689289633 0.026265941041142528 2.368369585714283 1.0 -1.0 -1.0 -1.0 -1.0 
123.05 -9.85 8.0 -1.0 1.27683673064 247.10508771107473 0.9134737454235405 0.11612310776084063 3.786635415846643 2.0 -1.0 -1.0 -1.0 -1.0 
123.37 -9.85 8.0 -1.0 109.4941096054434 33.455783470208694 0.6364735759337738 0.015206597444871989 12.347662208442081 2.0 12.34766239714771 2.0 109.4939458804826 33.49651585846206 
123.37 -9.85 8.0 -1.0 1.040808 106.0614318924074 0.497358640182641 0.022118687192541075 13.088942508807703 32.0 16.020782137458543 32.0 1.04079542021888 106.25782976249296 
123.37 -9.85 8.0 -1.0 13.10182917749833 94.74658328268744 0.417601525241419 0.008294507697202903 24.89979014153985 16.0 25.4248131270089 16.0 13.101816875860097 94.72126538827945 
123.37 -9.85 8.0 -1.0 2.3427772328 69.59975991464891 0.20371870326560237 0.023501105142074888 3.0610780309974284 1.0 -1.0 -1.0 -1.0 -1.0 
123.37 -9.85 8.0 -1.0 27.081210144530587 0.0 0.3897257270424491 0.1382417949533817 2.5490219646534733 1.0 -1.0 -1.0 -1.0 -1.0 
123.37 -9.85 8.0 -1.0 2.159594 162.90449423843035 0.04781541800948389 0.07326815132529231 1.5549969751708126 4.0 -1.0 -1.0 -1.0 -1.0 
123.37 -9.85 8.0 -1.0 215.982721 244.35674135764552 0.20231617380748487 0.04147253848601452 1.9158266943014202 1.0 -1.0 -1.0 -1.0 -1.0 
123.37 -9.85 8.0 -1.0 1.32074 77.63990071939592 1.899887444882103 0.027648358990676344 100.74835701130498 32.0 100.9700047953256 32.0 1.3207378894245874 77.61881469317343 
123.37 -9.85 8.0 -1.0 5.486065 52.370886761619595 1.385524345821934 0.04147253848601452 51.1557957809539 16.0 51.441268614460725 16.0 5.486072041094303 52.31933141638939 
123.37 -9.85 8.0 -1.0 1.81408773956 81.45224711921517 9.50162267275973 0.022118687192541075 538.1819222679404 32.0 538.3122224766977 32.0 1.8140781321562829 81.46433615124461 
124.02 -9.85 8.0 -1.0 1.95270271662 35.594264164412905 0.02152946824434736 0.022118687192541075 0.3593332864900943 1.0 -1.0 -1.0 -1.0 -1.0 
124.02 -9.85 8.0 -1.0 0.14436229628723732 127.49435425870581 0.07312845677630025 0.026265941041142528 0.30143466196280516 1.0 -1.0 -1.0 -1.0 -1.0 
124.02 -9.85 8.0 -1.0 2.09141367214 73.62518265417488 0.02237870665512937 0.09400442056829957 0.7407518147486186 4.0 -1.0 -1.0 -1.0 -1.0 
124.02 -9.85 8.0 -1.0 0.006314153361380707 58.02581721836171 0.2332581268079301 0.02764835899067634 1.2923195342203684 16.0 -1.0 -1.0 -1.0 -1.0 
124.02 -9.85 8.0 -1.0 2.2643156841977157 238.86379018789572 0.33477458107057345 0.026265941041142528 7.229203883619926 8.0 7.361075505410068 8.0 2.264278009533882 238.62472626662702 
124.02 -9.85 8.0 -1.0 1.436656496890109 147.27425407624534 1.1269514080539553 0.02073626924300726 53.28674514525275 32.0 53.65428034707505 32.0 1.4366681474105767 147.2429926708831 
124.02 -9.85 8.0 -1.0 6.728855103385128 57.09415527043412 1.0111148295914612 0.031795612839277794 34.125658890022414 16.0 34.24471608387283 16.0 6.728866234576951 57.075634272424786 
124.02 -9.85 8.0 -1.0 40.95339554236013 0.0 2.4346618121760404 0.03732528463741307 54.72490027722748 8.0 -1.0 -1.0 -1.0 -1.0 
124.02 -9.85 8.0 -1.0 145.6057701815 79.62126339596524 3.6953601033657075 0.016589015394405805 70.4709892206328 2.0 70.47098898834636 2.0 145.60549364735684 79.64277335531615 
124.02 -9.85 8.0 -1.0 17.420933725613875 159.2425267919305 4.5150801749185 0.027648358990676344 151.73963433951675 8.0 151.7396358274261 8.0 17.420946581599615 159.2855467106323 
124.34 -9.85 8.0 -1.0 8.099122 41.51943406264118 0.016007386532839323 0.07879782312342758 2.8600712822409546 1.0 -1.0 -1.0 -1.0 -1.0 
124.34 -9.85 8.0 -1.0 2.424823923104 57.67375311773024 0.3484610295359497 0.04147253848601452 4.152917427645761 8.0 -1.0 -1.0 -1.0 -1.0 
124.34 -9.85 8.0 -1.0 2.883 3.093882743006823 0.017878259328039724 0.035942866687879244 1.487045194769552 8.0 -1.0 -1.0 -1.0 -1.0 
124.34 -9.85 8.0 -1.0 280.145788 116.22135097966853 0.2846068997679546 0.029030776940210157 2.472691719375357 1.0 -1.0 -1.0 -1.0 -1.0 
124.34 -9.85 8.0 -1.0 2.559409722714 21.01950871203109 0.10365769805511528 0.017971433343939622 2.9368448164305114 16.0 -1.0 -1.0 -1.0 -1.0 
124.34 -9.85 8.0 -1.0 0.733774022731 0.0 0.02052727181469264 0.045619792334615966 1.825017916694186 8.0 -1.0 -1.0 -1.0 -1.0 
124.34 -9.85 8.0 -1.0 2.53578996532 78.71687925528046 0.573820259570412 0.013824179495338172 45.61794371242451 32.0 45.66068489134833 32.0 2.5357924945031605 78.73199195735194 
124.34 -9.85 8.0 -1.0 1.841838025378 157.43375851056092 0.7182665284173637 0.012441761545804354 63.27078984485866 32.0 63.616707907011545 32.0 1.8418480370504162 157.46398391470387 
124.34 -9.85 8.0 -1.0 4.89941319293 236.1506377658414 0.023471295096132425 0.04423737438508215 0.9508777448312042 32.0 -1.0 -1.0 -1.0 -1.0 
124.34 -9.85 8.0 -1.0 198.864879 192.9071316403033 9.801648631536343 0.012441761545804354 131.130567074246 2.0 131.13057006927403 2.0 198.8650183193386 192.8832605022015 
124.67 -9.85 8.0 -1.0 101.010101 27.734695247811917 0.010917012570556791 0.009676925646736721 0.8731153661108692 4.0 -1.0 -1.0 -1.0 -1.0 
124.67 -9.85 8.0 -1.0 1.088837931564 73.18682872566065 0.13002037106569442 0.009676925646736721 5.3084472523111295 32.0 6.733320676514026 32.0 1.0888470569625497 73.87449116820939 
124.67 -9.85 8.0 -1.0 53.46212518325279 124.39654450811842 0.03077151047387642 0.038707702586946884 1.9859810320251494 4.0 -1.0 -1.0 -1.0 -1.0 
124.67 -9.85 8.0 -1.0 0.002825207953274267 88.9148584358122 0.5956312810798627 0.022118687192541075 6.294793172436757 1.0 -1.0 -1.0 -1.0 -1.0 
124.67 -9.85 8.0 -1.0 0.0427137033272487 47.933042926176206 0.05321972269016208 0.01520659744487199 1.8439981239563104 2.0 -1.0 -1.0 -1.0 -1.0 
124.67 -9.85 8.0 -1.0 3.09910744206 0.0 0.5448458249913325 0.052531882082285056 4.369159258686259 8.0 -1.0 -1.0 -1.0 -1.0 
124.67 -9.85 8.0 -1.0 2.57162 156.01643757123563 0.3018199722206234 0.019353851293473442 11.562819027228024 16.0 11.57256317890889 16.0 2.571626585753014 155.94601491809684 
124.67 -9.85 8.0 -1.0 3.91604531247 234.02465635685346 0.10322891915443475 0.05529671798135269 2.113244702007788 2.0 -1.0 -1.0 -1.0 -1.0 
124.67 -9.85 8.0 -1.0 1.055928358822309 60.712067065674354 1.8240053280952442 0.03317803078881161 57.80814049152554 16.0 57.808136326691226 16.0 1.0559233487583697 60.718759864281694 
124.67 -9.85 8.0 -1.0 0.482071879107 78.00821878561781 9.403668908068452 0.07741540517389377 72.38952532106762 8.0 76.1313800259636 16.0 0.4820928249197702 79.2379816228876 
124.99 -9.85 8.0 -1.0 0.32533198207 132.44415250133267 0.0126739004351202 0.08709233082063048 0.31071831742961165 16.0 -1.0 -1.0 -1.0 -1.0 
124.99 -9.85 8.0 -1.0 1.634254 58.129812731239674 0.07819686083637166 0.03317803078881161 1.7446959302104879 2.0 -1.0 -1.0 -1.0 -1.0 
124.99 -9.85 8.0 -1.0 0.7796716891004365 41.85253768643303 0.05212807736392572 0.06220880772902178 0.9012158099292903 1.0 -1.0 -1.0 -1.0 -1.0 
124.99 -9.85 8.0 -1.0 4.25081644951 180.69630259854438 0.01670791634897068 0.009676925646736721 1.011402116729855 32.0 -1.0 -1.0 -1.0 -1.0 
124.99 -9.85 8.0 -1.0 0.0014984085831870923 0.0 0.9554281212853752 0.024883523091608708 8.21599906604021 1.0 -1.0 -1.0 -1.0 -1.0 
124.99 -9.85 8.0 -1.0 1.6143260283 64.83085616136663 2.1798863071150056 0.02350110514207489 99.4274733587439 32.0 99.90711090465284 32.0 1.6143227791568886 64.86787512167427 
124.99 -9.85 8.0 -1.0 1.72539706537 136.64099977072016 1.7816610368291121 0.01520659744487199 120.90208516624568 32.0 121.72295759152745 32.0 1.7254023987334224 136.6172096946338 
124.99 -9.85 8.0 -1.0 196.27145538862112 77.28227596059905 2.2926408883008342 0.017971433343939622 37.96031028970452 1.0 37.96031062194888 1.0 196.27138196180266 77.31522089385203 
124.99 -9.85 8.0 -1.0 0.505344668829 154.5645519211981 2.2565000295026394 0.009676925646736721 227.96556963157377 32.0 228.07628058398552 32.0 0.5053455727950981 154.73163972081116 
124.99 -9.85 8.0 -1.0 5.060596149049596 231.84682788179717 6.068457403490339 0.03732528463741307 178.59383223249426 16.0 178.62114824358287 16.0 5.060610419604927 231.84446474844893 
125.32 -9.85 8.0 -1.0 7.30131601293 129.64217215411298 0.015442544869487774 0.06082638977948797 2.4682394840221833 8.0 -1.0 -1.0 -1.0 -1.0 
125.32 -9.85 8.0 -1.0 0.5448030067875277 7.850822359181766 0.016604355466804537 0.09400442056829957 1.2208426496868485 2.0 -1.0 -1.0 -1.0 -1.0 
125.32 -9.85 8.0 -1.0 0.490158044225849 40.01386879841029 0.018202289300418884 0.0884747487701643 0.12427898378056967 2.0 -1.0 -1.0 -1.0 -1.0 
125.32 -9.85 8.0 -1.0 2.4037115646957266 79.61332468636523 0.7394126711165537 0.1534483923982537 4.0942060606650745 2.0 -1.0 -1.0 -1.0 -1.0 
125.32 -9.85 8.0 -1.0 43.87598615362882 73.85758981892992 0.38650820329757885 0.07326815132529231 2.031323056034195 1.0 -1.0 -1.0 -1.0 -1.0 
125.32 -9.85 8.0 -1.0 4.079967 0.0 0.2504608637573597 0.02350110514207489 2.4729044054021836 16.0 -1.0 -1.0 -1.0 -1.0 
125.32 -9.85 8.0 -1.0 6.853688624366707 76.73545725264758 0.018920285818616246 0.0884747487701643 0.6727269168190216 2.0 -1.0 -1.0 -1.0 -1.0 
125.32 -9.85 8.0 -1.0 219.86646769721 153.47091450529516 0.18725233532412358 0.013824179495338174 2.2893815543053937 2.0 -1.0 -1.0 -1.0 -1.0 
125.32 -9.85 8.0 -1.0 0.09696948954 230.20637175794275 0.0353797594262941 0.017971433343939622 1.0499260773572747 32.0 -1.0 -1.0 -1.0 -1.0 
125.32 -9.85 8.0 -1.0 5.968724 69.75950659331599 1.3029012212177589 0.12856486930664499 5.937823576353258 2.0 -1.0 -1.0 -1.0 -1.0 
125.64 -9.84 8.0 -1.0 2.44468374341 32.13411942282431 0.02465126349886415 0.1769494975403286 0.06326560806073608 2.0 -1.0 -1.0 -1.0 -1.0 
125.64 -9.84 8.0 -1.0 70.76034080810471 104.8970617020048 0.2603403918295978 0.04423737438508215 2.062563201448452 2.0 -1.0 -1.0 -1.0 -1.0 
125.64 -9.84 8.0 -1.0 20.180734777721685 0.0 0.09179019228414415 0.0884747487701643 2.1427249595499527 1.0 -1.0 -1.0 -1.0 -1.0 
125.64 -9.84 8.0 -1.0 7.04529462843791 75.90575480954885 0.02485647525109073 0.012441761545804354 2.2921861814210485 16.0 -1.0 -1.0 -1.0 -1.0 
125.64 -9.84 8.0 -1.0 25.74626800494868 151.8115096190977 0.011061254389094947 0.031795612839277794 1.297832001402452 2.0 -1.0 -1.0 -1.0 -1.0 
125.64 -9.84 8.0 -1.0 1.94298740055 227.71726442864656 0.6338408101544682 0.011059343596270537 46.01977633344227 32.0 46.19056565003924 32.0 1.9429838478875658 227.69534949105636 
125.64 -9.84 8.0 -1.0 0.0026859420515741735 73.08177833298598 7.890230833981745 0.06635606157762322 8.480157255697726 8.0 -1.0 -1.0 -1.0 -1.0 
125.64 -9.84 8.0 -1.0 3.0949330625564375 24.527602139179155 1.087185447099887 0.022118687192541075 31.730757721744077 32.0 31.872491143895264 32.0 3.094919520663098 24.48989981192695 
125.64 -9.84 8.0 -1.0 5.421739604842817 41.266494963967155 1.5052816303829482 0.009676925646736721 160.25049232695676 32.0 160.27553760863407 32.0 5.421740449188898 41.28875670771155 
125.64 -9.84 8.0 -1.0 2.383113777136 43.81718339441104 2.1058738089158697 0.026265941041142528 87.55129591062226 32.0 87.68592521021749 32.0 2.383118650565545 43.818705035389954 
125.97 -9.84 8.0 -1.0 276.59755044807 132.6964317910772 0.014652664024818195 0.03732528463741307 1.0359770164634166 1.0 -1.0 -1.0 -1.0 -1.0 
125.97 -9.84 8.0 -1.0 2.367893331 27.257778036272033 0.21044194797562457 0.0483846282336836 2.6238020621834606 16.0 -1.0 -1.0 -1.0 -1.0 
125.97 -9.84 8.0 -1.0 0.2956639123189926 125.12981630654369 0.020315652849980975 0.03870770258694688 1.4867422884640686 32.0 -1.0 -1.0 -1.0 -1.0 
125.97 -9.84 8.0 -1.0 0.7081702 0.0 0.01627500580387476 0.017971433343939622 0.9914807495859178 2.0 -1.0 -1.0 -1.0 -1.0 
125.97 -9.84 8.0 -1.0 0.8199450771 74.83539884258211 0.6247115967047399 0.049767046183217416 6.440196121034703 16.0 6.67366442463329 8.0 0.8198791571582358 76.4044394958878 
125.97 -9.84 8.0 -1.0 117.84835626431783 224.50619652774634 0.4144400774340963 0.02350110514207489 6.142542306199196 1.0 -1.0 -1.0 -1.0 -1.0 
125.97 -9.84 8.0 -1.0 8.12398115970187 35.1387336299553 4.322784408305819 0.026265941041142528 145.2702017707959 32.0 145.85597967836898 32.0 8.124000790606564 35.11568278817624 
125.97 -9.84 8.0 -1.0 0.24042930163565163 47.173469237403246 2.3863699619569054 0.0483846282336836 19.91547095931681 16.0 20.565228279760486 16.0 0.24040976616864404 48.17021615899681 
125.97 -9.84 8.0 -1.0 245.700246 31.636086699429402 2.6837550477380816 0.013824179495338172 52.0145938976173 2.0 52.01459486837063 2.0 245.7003574818373 31.674953062533618 
125.97 -9.84 8.0 -1.0 1.864197737742 149.67079768516422 1.7989765511541298 0.024883523091608708 79.07677845756169 32.0 79.21220835796434 32.0 1.8641912902239712 149.57054513234723 
126.29 -9.84 8.0 -1.0 0.702688882099 57.797215946694415 0.06005896694755324 0.038707702586946884 1.2015962420065631 16.0 -1.0 -1.0 -1.0 -1.0 
126.29 -9.84 8.0 -1.0 0.27470435607282284 14.588293059265693 0.7983442818922892 0.035942866687879244 4.081839814678059 16.0 -1.0 -1.0 -1.0 -1.0 
126.29 -9.84 8.0 -1.0 189.186767288861 66.20327505706398 0.07222472028860831 0.030413194889743977 0.7211947041660631 2.0 -1.0 -1.0 -1.0 -1.0 
126.29 -9.84 8.0 -1.0 1.824518 0.0 0.10939661911164157 0.03317803078881161 0.5218321193713226 8.0 -1.0 -1.0 -1.0 -1.0 
126.29 -9.84 8.0 -1.0 0.004024638624021889 74.12009263190939 0.47716421559906697 0.013824179495338172 1.8430125975129086 1.0 -1.0 -1.0 -1.0 -1.0 
126.29 -9.84 8.0 -1.0 420.189443214863 49.92487487507848 2.6268903444130802 0.011059343596270537 38.73506108443092 1.0 38.735060933210306 1.0 420.1894626021386 49.89058102181812 
126.29 -9.84 8.0 -1.0 0.732773180015 75.40991122556397 3.6623207333636896 0.017971433343939622 248.79261713625885 32.0 249.02629205755008 32.0 0.7327798812184483 75.49365809792357 
126.29 -9.84 8.0 -1.0 0.5227298622019471 38.8502255709408 2.993281866906677 0.01935385129347344 158.5972570959695 32.0 159.20766107392132 32.0 0.522716921598961 38.86000631314029 
126.29 -9.84 8.0 -1.0 2.169197 148.24018526381877 2.45662594320079 0.09400442056829957 25.121915797197087 8.0 25.151955054556666 8.0 2.1692054967085523 148.35616993506162 
126.29 -9.84 8.0 -1.0 1.18471987824 222.36027789572816 3.0750259483062834 0.013824179495338172 212.26570286567474 32.0 212.3728601530478 32.0 1.1847077985294163 222.33185903637812 
126.62 -9.84 8.0 -1.0 2.114763922705 62.81286241674519 0.8264026842883293 0.011059343596270537 74.20905476927905 32.0 74.49807492625423 32.0 2.1147570805624127 62.84391645953155 
126.62 -9.84 8.0 -1.0 142.28242565537008 79.60114763651364 0.21753730974878602 0.008294507697202903 3.1115716572250647 2.0 -1.0 -1.0 -1.0 -1.0 
126.62 -9.84 8.0 -1.0 1.348363959193 46.443182733952604 0.2952208421004564 0.019353851293473442 9.626847452809859 16.0 9.652830805018564 16.0 1.3483562118684254 46.55104922928263 
126.62 -9.84 8.0 -1.0 0.621574989896 82.50935452497747 0.01747528400007684 0.07326815132529231 1.0728279722353542 1.0 -1.0 -1.0 -1.0 -1.0 
126.62 -9.84 8.0 -1.0 3.0968470790462 66.13967484218487 0.017535751903771574 0.04700221028414978 0.7093986899288619 1.0 -1.0 -1.0 -1.0 -1.0 
126.62 -9.84 8.0 -1.0 2.169197 22.648762737430395 0.07496999618546879 0.03732528463741307 -0.20267645267761736 2.0 -1.0 -1.0 -1.0 -1.0 
126.62 -9.84 8.0 -1.0 0.37033302017362885 0.0 0.02082724679022603 0.006912089747669085 1.1838584194443804 4.0 -1.0 -1.0 -1.0 -1.0 
126.62 -9.84 8.0 -1.0 2.16939642526 146.86444786742317 0.02846068997679546 0.06082638977948796 2.1160057068960882 2.0 -1.0 -1.0 -1.0 -1.0 
126.62 -9.84 8.0 -1.0 9.98 73.43222393371158 3.700469471568636 0.022118687192541075 144.59848755599026 16.0 145.09961132864905 16.0 9.980006628514579 73.46969943578085 
126.62 -9.84 8.0 -1.0 4.655277 220.29667180113475 1.727124847981277 0.022118687192541075 81.01009421705115 16.0 81.05217374642599 16.0 4.655278947514793 220.20670244112827 
126.94 -9.84 8.0 -1.0 3.430655769877 67.74632225470411 0.10322891915443475 0.04700221028414978 0.13516763195838322 1.0 -1.0 -1.0 -1.0 -1.0 
126.94 -9.84 8.0 -1.0 1.1865458 35.641025851137826 0.04673766019198573 0.02073626924300726 0.8691146338688738 16.0 -1.0 -1.0 -1.0 -1.0 
126.94 -9.84 8.0 -1.0 0.0034424667000716165 56.309765276139366 0.020569859396969946 0.01520659744487199 4.247108752369036 1.0 -1.0 -1.0 -1.0 -1.0 
126.94 -9.84 8.0 -1.0 356.7064187939189 44.2839200563127 0.033546913220938994 0.03456044873834543 2.214160048142555 1.0 -1.0 -1.0 -1.0 -1.0 
126.94 -9.84 8.0 -1.0 283.76747691122 0.0 0.5212807736392572 0.019353851293473442 6.208073284562958 1.0 -1.0 -1.0 -1.0 -1.0 
126.94 -9.84 8.0 -1.0 53.708375524536514 145.4887191204438 0.07389020282641437 0.01520659744487199 0.5882367806818203 1.0 -1.0 -1.0 -1.0 -1.0 
126.94 -9.84 8.0 -1.0 0.0012816608228960339 218.2330786806657 0.02251828199773004 0.031795612839277794 11.226905341609799 2.0 -1.0 -1.0 -1.0 -1.0 
126.94 -9.84 8.0 -1.0 146.26016210118092 194.46511961643478 9.647136862602292 0.013824179495338172 205.2515568052159 2.0 205.25155558225995 2.0 146.26032983263335 194.50242743191566 
126.94 -9.84 8.0 -1.0 0.1110946838287312 102.05599319039833 6.7636794708491355 0.045619792334615966 52.48165672638928 16.0 54.282390154441835 32.0 0.11110993606659274 105.34704836452875 
126.94 -9.84 8.0 -1.0 5.92847091341 72.7443595602219 8.972124462202657 0.016589015394405805 867.1815005145104 32.0 867.181511220228 32.0 5.928480580526715 72.76131390403089 
127.27 -9.84 8.0 -1.0 0.3504635510786993 120.0942649441533 0.013731366893478807 0.017971433343939622 0.7149572999637417 32.0 -1.0 -1.0 -1.0 -1.0 
127.27 -9.84 8.0 -1.0 0.1698 48.4355695849664 0.3368625603969487 0.027648358990676344 0.24719802005362462 32.0 -1.0 -1.0 -1.0 -1.0 
127.27 -9.84 8.0 -1.0 0.75729440297 35.15903399337293 0.05793970739695535 0.022118687192541075 1.0254078896707628 16.0 -1.0 -1.0 -1.0 -1.0 
127.27 -9.84 8.0 -1.0 21.820542623039554 43.267667294427575 0.017828923130187448 0.03317803078881161 0.6000995899764379 1.0 -1.0 -1.0 -1.0 -1.0 
127.27 -9.84 8.0 -1.0 7.58284070577946 41.47295645712748 0.2985021714522505 0.03317803078881161 8.81080206900864 1.0 8.870642672032035 2.0 7.583003025501967 41.794746373247236 
127.27 -9.84 8.0 -1.0 0.61082541181 0.0 0.5440935372194436 0.012441761545804354 22.028838856230408 32.0 -1.0 -1.0 -1.0 -1.0 
127.27 -9.84 8.0 -1.0 282.17933788250303 72.06953277977367 0.01519911082952934 0.022118687192541075 1.3460555476634533 1.0 -1.0 -1.0 -1.0 -1.0 
127.27 -9.84 8.0 -1.0 3.3166335305 74.36157312620512 1.2939312183928706 0.006912089747669086 126.3551223849967 32.0 126.55398439993695 32.0 3.3166240124652786 74.38048083374507 
127.27 -9.84 8.0 -1.0 137.14654583092138 144.13906555954733 8.95354868677502 0.006912089747669086 229.21693663544397 2.0 229.2169395932396 2.0 137.1464653251072 144.1058567445619 
127.27 -9.84 8.0 -1.0 0.4834468551828811 216.20859833932101 5.531899575193495 0.022118687192541075 278.4187289547002 32.0 279.1032210314202 32.0 0.48345706697242957 216.05758718373568 
138.62 -9.82 8.0 -1.0 0.265102 104.8445281638689 0.09293874842458964 0.07188573337575849 2.7305454037254493 1.0 -1.0 -1.0 -1.0 -1.0 
138.62 -9.82 8.0 -1.0 0.75719801568 169.4613902228641 0.07252471796775647 0.04700221028414978 1.9860527541035005 1.0 -1.0 -1.0 -1.0 -1.0 
138.62 -9.82 8.0 -1.0 1.6490236746575566 12.066593099764823 0.9828771754600636 0.10782860006363774 3.5564677862173597 4.0 -1.0 -1.0 -1.0 -1.0 
138.62 -9.82 8.0 -1.0 1.25786689679 0.0 0.01002074683019826 0.027648358990676344 0.9325568357745195 1.0 -1.0 -1.0 -1.0 -1.0 
138.62 -9.82 8.0 -1.0 2.18701119405 56.885367470319885 0.2576565006292009 0.008294507697202903 44.23976291148212 32.0 46.41291972052293 32.0 2.1870012763732425 56.873238406210525 
138.62 -9.82 8.0 -1.0 51.29606294732505 113.77073494063977 0.011191927559403984 0.09400442056829957 0.32772192902724084 1.0 -1.0 -1.0 -1.0 -1.0 
138.62 -9.82 8.0 -1.0 0.028769252068870422 31.659872984531468 1.3477612364941793 0.022118687192541075 2.8513952107175626 32.0 -1.0 -1.0 -1.0 -1.0 
138.62 -9.82 8.0 -1.0 1.980198 57.55099283225882 5.2416974170969235 0.02350110514207489 267.66465138118144 32.0 267.66464167016494 32.0 1.9802124976801376 57.58162393796047 
138.62 -9.82 8.0 -1.0 2.11347 88.56230777182414 2.3913209231960004 0.07879782312342758 27.842614306043895 8.0 27.842614075619746 8.0 2.113544420960049 88.54819146874414 
138.62 -9.82 8.0 -1.0 1.195569 170.65610241095965 1.4836010489410998 0.008294507697202903 328.29514362452323 32.0 328.44312691700594 32.0 1.1955611019705734 170.61971521863157 
174.14 25.06 8.0 -1.0 0.70324 91.25477300736745 0.04841372476313745 0.02488352309160871 1.8995505251574512 2.0 -1.0 -1.0 -1.0 -1.0 
174.14 25.06 8.0 -1.0 1.57640600257 61.80621408410451 0.010118135941650402 0.03317803078881161 -0.21905551681624122 32.0 -1.0 -1.0 -1.0 -1.0 
174.14 25.06 8.0 -1.0 0.55871244649 45.666045589897394 0.023814292511266752 0.012441761545804354 0.6584579205744405 1.0 -1.0 -1.0 -1.0 -1.0 
174.14 25.06 8.0 -1.0 0.57110576181 0.0 0.11770829817060198 0.016589015394405805 1.1920476191765121 32.0 -1.0 -1.0 -1.0 -1.0 
174.14 25.06 8.0 -1.0 1.4414462816 32.21268358754032 0.27342843980716075 0.0884747487701643 0.8485725188485036 2.0 -1.0 -1.0 -1.0 -1.0 
174.14 25.06 8.0 -1.0 5.5373591568 64.42536717508064 0.015744167879234848 0.013824179495338172 1.7801218272740746 1.0 -1.0 -1.0 -1.0 -1.0 
174.14 25.06 8.0 -1.0 1.946 96.63805076262096 0.011481694855213496 0.009676925646736721 1.7938262304441903 4.0 -1.0 -1.0 -1.0 -1.0 
174.14 25.06 8.0 -1.0 3.4501993 70.92009365897715 9.91059228579125 0.012441761545804354 763.444077323313 32.0 763.9503940219173 32.0 3.4501984676656625 70.93975110810246 
174.14 25.06 8.0 -1.0 1.056982 66.41631011508463 2.1618894558229784 0.04700221028414978 47.4050462340174 16.0 47.45507969445957 16.0 1.0570147424004972 66.48704205138844 
174.14 25.06 8.0 -1.0 0.1553769365794956 21.61042919344139 5.797974856117098 0.022118687192541075 171.1062919517013 32.0 174.03124990653433 32.0 0.15537201155287525 23.17432668153418 
217.83 30.87 8.0 -1.0 2.42139427868 90.97911303052022 0.04239969536556347 0.022118687192541075 1.6110256672474255 1.0 -1.0 -1.0 -1.0 -1.0 
217.83 30.87 8.0 -1.0 22.63768084505762 39.036343495875116 0.8145000008709294 0.012441761545804354 35.82557828854252 8.0 35.82557857867893 8.0 22.637686925008893 39.06240217935455 
217.83 30.87 8.0 -1.0 0.013111339374215644 52.4649948656936 0.13599199700975056 0.03317803078881161 -0.18834896439192422 4.0 -1.0 -1.0 -1.0 -1.0 
217.83 30.87 8.0 -1.0 38.05021743513261 28.358700566401392 0.30814056524267586 0.016589015394405805 6.218938579183764 8.0 -1.0 -1.0 -1.0 -1.0 
217.83 30.87 8.0 -1.0 22.91337153767 0.0 0.02208688212683265 0.02350110514207489 1.4751128039525296 1.0 -1.0 -1.0 -1.0 -1.0 
217.83 30.87 8.0 -1.0 2.631925 93.24519794917708 0.6707839433124914 0.047002210284149776 11.636960681235843 8.0 11.636960479135322 8.0 2.6319564009706182 93.2032963916724 
217.83 30.87 8.0 -1.0 4.922966616506894 56.87593382258537 1.4672923445703447 0.009676925646736721 115.02770750471923 32.0 115.08707335022972 32.0 4.9229735547366245 56.873238406210525 
217.83 30.87 8.0 -1.0 0.04769428983508766 69.61450171923262 3.692808065379916 0.04285495643554833 14.096657319642489 32.0 14.858032523568973 32.0 0.04768783886296054 74.98766843238788 
217.83 30.87 8.0 -1.0 5.3890932493 31.081732649725694 1.397058273029024 0.05114946413275123 24.027677719008086 8.0 24.04964338673901 8.0 5.389059272905191 31.168963396997935 
217.83 30.87 8.0 -1.0 0.0010912397265229778 62.16346529945139 5.789969388540935 0.18247916933846386 2.151057682955877 2.0 -1.0 -1.0 -1.0 -1.0 
109.74 -9.87 8.0 -1.0 0.015328660363520583 0.0 0.6620367350460427 0.0483846282336836 1.264973393971315 4.0 -1.0 -1.0 -1.0 -1.0 
109.74 -9.87 8.0 -1.0 0.18502349945466165 46.427891373804925 0.9667151613641075 0.015206597444871989 31.43198500152308 32.0 32.16662587956933 32.0 0.1850215388306727 47.765424426568266 
109.74 -9.87 8.0 -1.0 7.309127642388547 92.85578274760985 0.023117261921407867 0.031795612839277794 0.43655968769367515 1.0 -1.0 -1.0 -1.0 -1.0 
109.74 -9.87 8.0 -1.0 0.16193798815580446 139.28367412141478 0.6991726935839042 0.013824179495338172 46.31398917352327 32.0 46.836886611638356 32.0 0.16195068989569944 139.754345620955 
109.74 -9.87 8.0 -1.0 0.22441424462533485 185.7115654952197 0.40398071738076446 0.013824179495338172 14.228767609183004 32.0 14.74669049375539 32.0 0.2244026594174405 186.7101865826662 
109.74 -9.87 8.0 -1.0 3.38180924275 278.56734824282955 0.09449254360866345 0.024883523091608708 1.9418504494169053 8.0 -1.0 -1.0 -1.0 -1.0 
109.74 -9.87 8.0 -1.0 0.1808205971568568 324.9952396166345 0.13980237566712858 0.017971433343939622 1.2561517766267505 32.0 -1.0 -1.0 -1.0 -1.0 
109.74 -9.87 8.0 -1.0 101.40600778116 371.4231309904394 0.03324697793795463 0.024883523091608704 0.7637481258433761 1.0 -1.0 -1.0 -1.0 -1.0 
109.74 -9.87 8.0 -1.0 1.1829305875744 417.85102236424433 0.45621117224282975 0.008294507697202903 34.33111026045482 32.0 34.423726201109666 32.0 1.1829191256159297 417.84626579936514 
109.74 -9.87 8.0 -1.0 0.3011490604808843 232.13945686902463 5.862418358618417 0.011059343596270537 487.98925357534256 32.0 488.1316031784832 32.0 0.3011640122470757 231.94566268155606 
110.06 -9.87 8.0 -1.0 2.932827817 0.0 0.9761104222351675 0.006912089747669087 84.13894316547129 32.0 -1.0 -1.0 -1.0 -1.0 
110.06 -9.87 8.0 -1.0 1.98059 46.03888474669352 0.04115868076659886 0.017971433343939622 1.9751562379503118 2.0 -1.0 -1.0 -1.0 -1.0 
110.06 -9.87 8.0 -1.0 0.12468219 92.07776949338704 0.02480501271240973 0.03041319488974398 1.3226954115010887 1.0 -1.0 -1.0 -1.0 -1.0 
110.06 -9.87 8.0 -1.0 36.676742509182695 230.1944237334676 0.013817009029464065 0.06635606157762322 0.5213449327041595 8.0 -1.0 -1.0 -1.0 -1.0 
110.06 -9.87 8.0 -1.0 4.230245247406318 322.27219322685465 0.3130758475439513 0.08709233082063048 0.9006260057939361 4.0 -1.0 -1.0 -1.0 -1.0 
110.06 -9.87 8.0 -1.0 275.667196397883 368.31107797354815 0.5886768911929715 0.10782860006363774 0.9964870856653794 1.0 -1.0 -1.0 -1.0 -1.0 
110.06 -9.87 8.0 -1.0 455.000455 414.34996272024165 0.041789012268176016 0.009676925646736721 2.6943993120328504 1.0 -1.0 -1.0 -1.0 -1.0 
110.06 -9.87 8.0 -1.0 130.78951613875947 138.11665424008055 5.270747206075629 0.05529671798135269 47.18852203680008 1.0 47.18852125703569 1.0 130.7897036895156 138.13517869124087 
110.06 -9.87 8.0 -1.0 0.957074 184.15553898677408 4.234115261660174 0.04009012053648069 105.81020942028937 16.0 105.87550769618004 16.0 0.9570915911657115 184.07904032188065 
110.06 -9.87 8.0 -1.0 0.513208827209361 276.2333084801611 8.111308307896872 0.06635606157762322 149.7202580404386 16.0 150.38457516124794 32.0 0.5131975437204044 276.27035738248173 
110.71 -9.87 8.0 -1.0 10.75257808417991 0.0 0.01428286994089434 0.012441761545804354 1.6686430321315429 4.0 -1.0 -1.0 -1.0 -1.0 
110.71 -9.87 8.0 -1.0 0.014775351287334886 90.5161030107951 0.012050584178812827 0.08985716671969811 0.30782133988610033 4.0 -1.0 -1.0 -1.0 -1.0 
110.71 -9.87 8.0 -1.0 2.0310993539 135.77415451619265 0.3710709411056987 0.04700221028414978 1.4587223897781485 2.0 -1.0 -1.0 -1.0 -1.0 
110.71 -9.87 8.0 -1.0 1.142678 181.0322060215902 0.10437629099974702 0.05114946413275124 1.834088534055239 4.0 -1.0 -1.0 -1.0 -1.0 
110.71 -9.87 8.0 -1.0 0.0015053103594207813 226.29025752698777 0.03708146772746684 0.012441761545804354 11.306709903529146 2.0 -1.0 -1.0 -1.0 -1.0 
110.71 -9.87 8.0 -1.0 0.391716 271.5483090323853 0.17596429038250608 0.01382417949533817 2.2704486530558343 32.0 -1.0 -1.0 -1.0 -1.0 
110.71 -9.87 8.0 -1.0 3.5907423095 362.0644120431804 0.04135820258278059 0.09400442056829957 1.0752926777890797 1.0 -1.0 -1.0 -1.0 -1.0 
110.71 -9.87 8.0 -1.0 4.514517006178 45.25805150539755 1.7779723078722471 0.03456044873834543 42.38647001712162 16.0 43.30824524672303 32.0 4.514519484170402 45.23547609888986 
110.71 -9.87 8.0 -1.0 0.827339092144 316.8063605377829 3.2251569571567806 0.017971433343939622 162.39924077818668 32.0 162.86959586764968 32.0 0.8273370137127738 316.74953062533615 
110.71 -9.87 8.0 -1.0 1.748833 407.32246354857796 1.3874400330185561 0.011059343596270537 70.05093798920689 16.0 70.11427540841979 16.0 1.7488370455491047 407.2204828231159 
111.04 -9.87 8.0 -1.0 0.08053550660879588 44.84272826366518 0.013384823887183447 0.031795612839277794 1.4053816712895388 8.0 -1.0 -1.0 -1.0 -1.0 
111.04 -9.87 8.0 -1.0 1.09539127017 89.68545652733036 0.23979381866915897 0.011059343596270537 6.429100407204374 32.0 6.8456818773103905 32.0 1.0953954188153148 89.86376459913691 
111.04 -9.87 8.0 -1.0 0.002825207953274267 179.37091305466072 0.0477164215599067 0.011059343596270537 12.133283971478326 1.0 -1.0 -1.0 -1.0 -1.0 
111.04 -9.87 8.0 -1.0 3.451961373883 224.2136413183259 0.9147367545968079 0.006912089747669086 72.0191344760884 32.0 72.79201837502187 32.0 3.4519568240890903 224.2546197654137 
111.04 -9.87 8.0 -1.0 2.384728392905 313.89909784565623 0.2863819847249989 0.008294507697202903 15.727528448056468 32.0 16.444707226194925 32.0 2.384725424538677 313.8147905652292 
111.04 -9.87 8.0 -1.0 9.98 403.5845543729866 0.025908444779529558 0.0483846282336836 -0.9985174437115164 16.0 -1.0 -1.0 -1.0 -1.0 
111.04 -9.87 8.0 -1.0 0.99597877881 0.0 5.754081350495469 0.012441761545804354 356.4275323737258 32.0 -1.0 -1.0 -1.0 -1.0 
111.04 -9.87 8.0 -1.0 0.22032674928517554 134.52818479099554 2.5926349673057603 0.04147253848601452 31.362257810516553 16.0 31.445731813496305 16.0 0.22034024974952143 134.18845930006256 
111.04 -9.87 8.0 -1.0 0.7775961516 269.0563695819911 5.878640843281208 0.06497364362808941 52.720314151046146 8.0 59.91095983251905 16.0 0.7776179700158538 269.0853041318751 
111.04 -9.87 8.0 -1.0 0.87011802908 358.74182610932144 3.2587519580827187 0.016589015394405805 241.34306379735833 32.0 242.28247239905892 32.0 0.8701135811861606 358.6454749316905 
111.36 -9.87 8.0 -1.0 39.475126410105304 221.8949800252686 0.10104165475889132 0.06220880772902178 1.3799559339501206 2.0 -1.0 -1.0 -1.0 -1.0 
111.36 -9.87 8.0 -1.0 2.56344219948714 266.27397603032233 0.06060078471158525 0.04423737438508214 1.064056189635422 1.0 -1.0 -1.0 -1.0 -1.0 
111.36 -9.87 8.0 -1.0 12.78221930378 399.4109640454835 0.38252362772549275 0.11612310776084064 1.28541781639313 1.0 -1.0 -1.0 -1.0 -1.0 
111.36 -9.87 8.0 -1.0 17.74412637315076 0.0 1.0737497860625238 0.03732528463741307 20.299467059399973 8.0 -1.0 -1.0 -1.0 -1.0 
111.36 -9.87 8.0 -1.0 77.9294624759598 44.37899600505372 9.600596777502428 0.03041319488974398 174.64139248686857 4.0 174.6413960019244 4.0 77.92938655863206 44.42589263403278 
111.36 -9.87 8.0 -1.0 20.9369242 88.75799201010744 3.9624135123637276 0.029030776940210157 93.7504353321393 8.0 94.12316299117502 8.0 20.936931832693517 88.7505873349584 
111.36 -9.87 8.0 -1.0 0.015902689822446133 133.13698801516117 4.648006499478669 0.02350110514207489 12.437012013415915 32.0 -1.0 -1.0 -1.0 -1.0 
111.36 -9.87 8.0 -1.0 0.701967086843 177.5159840202149 5.227232618477182 0.017971433343939622 310.084292024676 32.0 310.13534147625455 32.0 0.7019783273184051 177.5011746699168 
111.36 -9.87 8.0 -1.0 1.115794030523409 310.652972035376 7.202541156259633 0.01520659744487199 444.9646313313587 32.0 445.39899441735065 32.0 1.1157984166250876 310.677654638908 
111.36 -9.87 8.0 -1.0 215.1657339348127 355.0319680404298 3.028643284103887 0.053914300031818865 25.94081199921326 1.0 25.94081160284812 1.0 215.16558869431418 355.0023493398336 
111.69 -9.87 8.0 -1.0 275.85470899694 175.59778465587334 0.23519990593521706 0.02350110514207489 1.8440352153207098 1.0 -1.0 -1.0 -1.0 -1.0 
111.69 -9.87 8.0 -1.0 0.03054034576017715 219.49723081984166 0.17451155261522677 0.038707702586946884 0.36367994776391366 16.0 -1.0 -1.0 -1.0 -1.0 
111.69 -9.87 8.0 -1.0 0.008434326718533782 263.39667698381004 0.2495972085532893 0.019353851293473442 0.23688112751375873 8.0 -1.0 -1.0 -1.0 -1.0 
111.69 -9.87 8.0 -1.0 6.8655515420342 307.29612314777836 0.01040163739829678 0.024883523091608708 0.8140964247568909 32.0 -1.0 -1.0 -1.0 -1.0 
111.69 -9.87 8.0 -1.0 1.821695294426 351.1955693117467 0.7939441974233183 0.012441761545804354 47.8853059839969 32.0 48.39360590678074 32.0 1.8216875711611162 351.1568278817624 
111.69 -9.87 8.0 -1.0 1.490456576741464 395.095015475715 0.421951491402299 0.03732528463741307 6.0745211638440075 16.0 -1.0 -1.0 -1.0 -1.0 
111.69 -9.87 8.0 -1.0 1.6204639826 0.0 3.429679403524682 0.01382417949533817 197.7690120004431 32.0 -1.0 -1.0 -1.0 -1.0 
111.69 -9.87 8.0 -1.0 0.020759978086765968 43.899446163968335 2.291057576669204 0.08294507697202903 0.8941272219668184 8.0 -1.0 -1.0 -1.0 -1.0 
111.69 -9.87 8.0 -1.0 140.8174521908 87.79889232793667 4.794773283893712 0.026265941041142528 46.966857370989345 2.0 46.966858646574494 2.0 140.8174284733832 87.83980593699418 
111.69 -9.87 8.0 -1.0 0.0037738593857189304 131.69833849190502 7.10370877170873 0.017971433343939622 12.559547862799128 16.0 -1.0 -1.0 -1.0 -1.0 
112.01 -9.87 8.0 -1.0 458.12007798349 43.40814186388471 0.19450415935534654 0.07050331542622468 1.0141840636832895 1.0 -1.0 -1.0 -1.0 -1.0 
112.01 -9.87 8.0 -1.0 0.02600285345380828 86.81628372776942 0.4699668299660376 0.031795612839277794 1.1660231958441534 8.0 -1.0 -1.0 -1.0 -1.0 
112.01 -9.87 8.0 -1.0 1.11188112412 217.04070931942354 0.15635774988006867 0.015206597444871989 2.589931900403725 32.0 -1.0 -1.0 -1.0 -1.0 
112.01 -9.87 8.0 -1.0 3.05756410294 303.856993047193 0.017081391721641716 0.05114946413275123 0.5733589528468289 1.0 -1.0 -1.0 -1.0 -1.0 
112.01 -9.87 8.0 -1.0 0.004252814799581741 347.26513491107767 0.14096617363948857 0.06220880772902178 3.188753138213206 1.0 -1.0 -1.0 -1.0 -1.0 
112.01 -9.87 8.0 -1.0 1.26157618868 0.0 5.520446398788071 0.09815167441690101 21.068336798539836 8.0 -1.0 -1.0 -1.0 -1.0 
112.01 -9.87 8.0 -1.0 16.410660100672157 130.22442559165412 9.115825006881918 0.0483846282336836 169.1251454194855 16.0 169.40933762400635 16.0 16.410679866870247 130.2417399088842 
112.01 -9.87 8.0 -1.0 2.3236006177 173.63256745553883 4.275265560146548 0.022118687192541075 156.58120324596084 32.0 156.83813055119637 32.0 2.3236073805795363 173.5544552787385 
112.01 -9.87 8.0 -1.0 2.228545107 260.44885118330825 3.513618260187367 0.017971433343939622 185.04951092378863 32.0 185.04949938988662 32.0 2.228534867754206 260.4834798177684 
112.01 -9.87 8.0 -1.0 1.1846817214 390.6732767749624 8.218479555845246 0.01520659744487199 536.6845185738573 32.0 536.7556107679492 32.0 1.1846774820393573 390.6240217935455 
112.66 -9.87 8.0 -1.0 0.12348000507386263 42.39365343985614 0.012850229707873086 0.027648358990676344 1.178627449837816 1.0 -1.0 -1.0 -1.0 -1.0 
112.66 -9.87 8.0 -1.0 0.7446527222569242 84.78730687971228 0.06178443619080862 0.02073626924300726 1.2381245384457156 8.0 -1.0 -1.0 -1.0 -1.0 
112.66 -9.87 8.0 -1.0 0.4000847453262 127.18096031956841 0.11269514080539549 0.045619792334615966 1.044563834270757 16.0 -1.0 -1.0 -1.0 -1.0 
112.66 -9.87 8.0 -1.0 0.001158418664325096 254.36192063913683 0.7765850378276162 0.056679135930886505 5.168775638032943 1.0 -1.0 -1.0 -1.0 -1.0 
112.66 -9.87 8.0 -1.0 0.05109793639081646 296.75557407899294 0.08703500716290852 0.03456044873834543 -0.22863996903991657 2.0 -1.0 -1.0 -1.0 -1.0 
112.66 -9.87 8.0 -1.0 428.7490184657 381.5428809587052 0.01706959520944684 0.06773847952715704 0.9410127318862055 1.0 -1.0 -1.0 -1.0 -1.0 
112.66 -9.87 8.0 -1.0 94.87666 0.0 3.1611855275605647 0.038707702586946884 54.809165827539054 4.0 -1.0 -1.0 -1.0 -1.0 
112.66 -9.87 8.0 -1.0 262.17570045016595 169.57461375942455 5.854323911634344 0.027648358990676344 62.087494452859524 1.0 62.0874953396165 1.0 262.1760359033942 169.60773588756018 
112.66 -9.87 8.0 -1.0 2.89349383178 211.9682671992807 1.3274320562179127 0.024883523091608708 48.11692148208231 32.0 48.454504154308225 32.0 2.893496760710453 212.0096698594502 
112.66 -9.87 8.0 -1.0 0.351635938793 339.1492275188491 6.502514182965707 0.053914300031818865 95.75808932406652 16.0 96.05000522610192 16.0 0.35161065170541406 338.911877975799 
113.31 -9.87 8.0 -1.0 0.03457486588770644 0.0 0.129393121839287 0.027648358990676344 1.2587351057679754 1.0 -1.0 -1.0 -1.0 -1.0 
113.31 -9.87 8.0 -1.0 5.14255433375 82.70990434992147 0.8637610958729159 0.05391430003181887 12.036045868989524 8.0 12.149500940265215 8.0 5.142525575744609 82.5775134154231 
113.31 -9.87 8.0 -1.0 0.44099409387622635 124.0648565248822 0.05639948359483268 0.045619792334615966 0.941979707487133 1.0 -1.0 -1.0 -1.0 -1.0 
113.31 -9.87 8.0 -1.0 0.469903 206.7747608748037 0.06615795284819816 0.017971433343939622 1.154856193191558 2.0 -1.0 -1.0 -1.0 -1.0 
113.31 -9.87 8.0 -1.0 1.154277886 248.1297130497644 0.7944928789996554 0.02350110514207489 26.47438783634279 16.0 26.538446896053564 16.0 1.1542700425100825 248.13733197869786 
113.31 -9.87 8.0 -1.0 0.15515816927 289.4846652247252 0.11657533191718465 0.04147253848601452 1.1173119164971879 8.0 -1.0 -1.0 -1.0 -1.0 
113.31 -9.87 8.0 -1.0 0.2285775710582236 330.8396173996859 0.1276176053238766 0.015206597444871989 2.8213154005374177 32.0 -1.0 -1.0 -1.0 -1.0 
113.31 -9.87 8.0 -1.0 2.15829087809 372.1945695746466 0.017390979069392094 0.006912089747669086 0.3653633152061918 1.0 -1.0 -1.0 -1.0 -1.0 
113.31 -9.87 8.0 -1.0 2.2333129274570607 41.35495217496074 3.6421358069544136 0.03732528463741307 94.73005279908533 32.0 95.22031200438738 32.0 2.233324873183544 41.38995464081869 
113.31 -9.87 8.0 -1.0 0.24943292613086243 165.41980869984295 3.154640648174145 0.10644618211410392 9.314668243181327 8.0 10.00833400921971 8.0 0.24944408020625514 165.6610164963819 
113.63 -9.87 8.0 -1.0 9.043798163 0.0 0.1152142376713014 0.024883523091608708 0.9222881227006474 1.0 -1.0 -1.0 -1.0 -1.0 
113.63 -9.87 8.0 -1.0 5.519419001073 81.62900331523967 0.10111148295914613 0.031795612839277794 2.964735568062293 16.0 -1.0 -1.0 -1.0 -1.0 
113.63 -9.87 8.0 -1.0 12.922440399828183 204.0725082880992 0.0144117218517521 0.022118687192541075 1.6770285563646674 4.0 -1.0 -1.0 -1.0 -1.0 
113.63 -9.87 8.0 -1.0 0.005351387335979491 285.7015116033389 0.0841380609938173 0.01520659744487199 2.687491513304141 1.0 -1.0 -1.0 -1.0 -1.0 
113.63 -9.87 8.0 -1.0 0.658215 367.3305149185785 0.051555051749154895 0.06359122567855559 0.9485756063119997 8.0 -1.0 -1.0 -1.0 -1.0 
113.63 -9.87 8.0 -1.0 1.07162470101 40.814501657619836 2.124871801996183 0.019353851293473442 110.57479307217345 32.0 110.66558209308204 32.0 1.0716272906089823 40.78276704217587 
113.63 -9.87 8.0 -1.0 5.4192289772 122.4435049728595 1.3219411484660302 0.016589015394405805 95.39782792020516 32.0 95.43019068467679 32.0 5.419224180513993 122.44949905963473 
113.63 -9.87 8.0 -1.0 0.009951743175597574 163.25800663047934 5.333013674514726 0.017971433343939622 19.93151324199291 32.0 7.142715970842333 1.0 0.30850060284137726 165.1550268308462 
113.63 -9.87 8.0 -1.0 1.7036176706 244.887009945719 9.61387098692506 0.022118687192541075 437.28753494892385 32.0 437.47865452578014 32.0 1.7036048423809311 244.89899811926946 
113.63 -9.87 8.0 -1.0 1.75919355395 326.5160132609587 1.5996331735108558 0.026265941041142528 50.62353526938261 16.0 51.04005798929458 16.0 1.759205285149316 326.5657301367284 
113.96 -9.87 8.0 -1.0 426.72398967803736 0.0 0.014461589230674416 0.02764835899067634 -0.3197676717820755 1.0 -1.0 -1.0 -1.0 -1.0 
113.96 -9.87 8.0 -1.0 1.788648879548 80.58245763873965 0.5581805219779392 0.022118687192541075 12.729838501113383 32.0 13.453864497596024 32.0 1.7886425969967 80.55355475328038 
113.96 -9.87 8.0 -1.0 0.478126 120.87368645810949 0.02617832132753024 0.031795612839277794 0.7134410389822585 4.0 -1.0 -1.0 -1.0 -1.0 
113.96 -9.87 8.0 -1.0 3.60099929741 161.1649152774793 0.024464641376516383 0.0027648358990676344 1.563561098503413 8.0 -1.0 -1.0 -1.0 -1.0 
113.96 -9.87 8.0 -1.0 156.599195693311 241.74737291621898 0.3102767079536638 0.05253188208228506 1.7572747230424572 1.0 -1.0 -1.0 -1.0 -1.0 
113.96 -9.87 8.0 -1.0 0.5015510293323924 40.29122881936983 1.6952077231295481 0.024883523091608708 59.30096134691654 32.0 59.937449291635794 32.0 0.5015560115377109 40.37797530974732 
113.96 -9.87 8.0 -1.0 5.830224 201.45614409684913 5.29264015246408 0.11612310776084064 41.572485024055126 8.0 41.572484758740885 8.0 5.830224836245179 201.4850848163081 
113.96 -9.87 8.0 -1.0 0.0027993604566431823 282.03860173558877 4.202060938098521 0.016589015394405805 12.88268429311028 1.0 -1.0 -1.0 -1.0 -1.0 
113.96 -9.87 8.0 -1.0 0.2916745530517 322.3298305549586 1.1355480623157956 0.026265941041142528 30.97859528112319 32.0 31.120448743954288 32.0 0.2916749508585781 322.1130210800144 
113.96 -9.87 8.0 -1.0 0.51769836154 362.62105937432847 3.326995436919836 0.012441761545804354 159.6638853997641 32.0 159.9157930054382 32.0 0.5176843842491508 362.59219432286886 
114.28 -9.86 8.0 -1.0 1.547485 0.0 0.6277399637476767 0.056679135930886505 1.11699173040572 8.0 -1.0 -1.0 -1.0 -1.0 
114.28 -9.86 8.0 -1.0 13.162177132154847 39.749636058298506 0.030036392081469375 0.045619792334615966 3.045187989777692 1.0 -1.0 -1.0 -1.0 -1.0 
114.28 -9.86 8.0 -1.0 1.322763989 79.49927211659701 0.14693210878159402 0.022118687192541075 0.019307201378838387 4.0 -1.0 -1.0 -1.0 -1.0 
114.28 -9.86 8.0 -1.0 5.178320905596 158.99854423319402 0.11909885623504701 0.011059343596270537 1.9646916408317223 4.0 -1.0 -1.0 -1.0 -1.0 
114.28 -9.86 8.0 -1.0 3.04261430719 317.99708846638805 0.10879367828068814 0.011059343596270537 5.019284451319785 16.0 -1.0 -1.0 -1.0 -1.0 
114.28 -9.86 8.0 -1.0 0.1251941493447234 119.24890817489552 2.5747856149512507 0.02073626924300726 53.59324498683065 32.0 54.365857577622826 32.0 0.12520710394407314 118.90757140088498 
114.28 -9.86 8.0 -1.0 0.623924 198.74818029149253 3.513618260187367 0.013824179495338172 255.00886535631378 32.0 255.9987602957148 32.0 0.6239133654162288 198.65154268930826 
114.28 -9.86 8.0 -1.0 0.7112066328898301 238.49781634979104 1.9170271464057311 0.04700221028414978 27.987567631546394 16.0 29.17721020430295 16.0 0.7112248567864299 238.2199345341985 
114.28 -9.86 8.0 -1.0 22.43057135469243 278.24745240808954 8.27545305164187 0.02073626924300726 159.89020492375434 4.0 159.89020228403606 4.0 22.43056466492514 278.2943160446244 
114.28 -9.86 8.0 -1.0 0.002105325873277225 357.74672452468656 3.567428154787054 0.05529671798135269 11.720270208058107 1.0 -1.0 -1.0 -1.0 -1.0 
114.61 -9.86 8.0 -1.0 1.15226 0.0 0.27004935499230803 0.052531882082285056 1.7539300262154909 8.0 -1.0 -1.0 -1.0 -1.0 
114.61 -9.86 8.0 -1.0 33.30266522089091 39.20864912993982 0.06684709031242649 0.017971433343939622 1.364004657371547 2.0 -1.0 -1.0 -1.0 -1.0 
114.61 -9.86 8.0 -1.0 180.063624055099 78.41729825987964 0.518407728152382 0.011059343596270537 0.9415406294957969 2.0 -1.0 -1.0 -1.0 -1.0 
114.61 -9.86 8.0 -1.0 5.37204477631 117.62594738981946 0.02913710806143706 0.017971433343939622 1.9238178878991616 8.0 -1.0 -1.0 -1.0 -1.0 
114.61 -9.86 8.0 -1.0 196.463654 196.04324564969912 0.9242651535323936 0.022118687192541075 12.52568931668671 1.0 12.525689483913887 1.0 196.4634672428171 196.0203964285227 
114.61 -9.86 8.0 -1.0 0.26205 274.46054390957875 0.026837550477380817 0.013824179495338172 3.646738208746293 1.0 -1.0 -1.0 -1.0 -1.0 
114.61 -9.86 8.0 -1.0 206.493931730035 352.8778421694584 0.011934594860975856 0.027648358990676344 1.4026510488857804 1.0 -1.0 -1.0 -1.0 -1.0 
114.61 -9.86 8.0 -1.0 1.625926649473 156.8345965197593 5.159068058447316 0.027648358990676344 303.9731302810834 32.0 304.1540855984228 32.0 1.625933994849523 156.9579942491682 
114.61 -9.86 8.0 -1.0 2.93399568493 235.25189477963892 3.403715052882466 0.031795612839277794 114.88215499817552 16.0 120.90396070578741 32.0 2.9339995914294077 235.18399654098445 
114.61 -9.86 8.0 -1.0 0.08951395712157723 313.6691930395186 8.879629380191977 0.019353851293473442 366.4508860895732 32.0 367.772315709573 32.0 0.08952459514451525 313.9159884983364 
114.93 -9.86 8.0 -1.0 2.32600103163 77.34593867720747 0.025080716201722194 0.03456044873834543 1.1791904587635993 1.0 -1.0 -1.0 -1.0 -1.0 
114.93 -9.86 8.0 -1.0 37.529238119702775 154.69187735441494 0.04428581346777544 0.06220880772902178 -1.2279140472708132 1.0 -1.0 -1.0 -1.0 -1.0 
114.93 -9.86 8.0 -1.0 2.85754146359 193.36484669301868 0.08061031886448358 0.04700221028414978 2.274868973763563 2.0 -1.0 -1.0 -1.0 -1.0 
114.93 -9.86 8.0 -1.0 6.5054918751 270.7107853702262 0.8264026842883293 0.017971433343939622 28.90854162772604 16.0 28.908542667646994 16.0 6.50549433582152 270.7044710615892 
114.93 -9.86 8.0 -1.0 38.95598 309.3837547088299 0.13826557733666653 0.022118687192541075 1.4626282407846127 8.0 -1.0 -1.0 -1.0 -1.0 
114.93 -9.86 8.0 -1.0 6.940918295 348.05672404743365 0.021559235838680992 0.019353851293473442 0.8302197393260271 16.0 -1.0 -1.0 -1.0 -1.0 
114.93 -9.86 8.0 -1.0 44.485070760068666 0.0 2.4447745947558115 0.04700221028414979 41.425060146766214 8.0 -1.0 -1.0 -1.0 -1.0 
114.93 -9.86 8.0 -1.0 6.964967814769 38.672969338603735 1.4928542255379336 0.016589015394405805 73.21971903323674 32.0 73.29214255157981 32.0 6.964971059157203 38.657610446926014 
114.93 -9.86 8.0 -1.0 22.43057135469243 116.0189080158112 5.903058779446044 0.016589015394405805 197.43267880611447 16.0 197.45835846412191 16.0 22.43056466492514 115.97283134077803 
114.93 -9.86 8.0 -1.0 0.002174152063187772 232.0378160316224 7.167794382877881 0.011059343596270537 36.45700599038664 16.0 -1.0 -1.0 -1.0 -1.0 
115.26 -9.86 8.0 -1.0 1.45909041905 76.23127100123672 0.026124122055094675 0.031795612839277794 1.8000874103772604 8.0 -1.0 -1.0 -1.0 -1.0 
115.26 -9.86 8.0 -1.0 483.0961911840376 114.34690650185507 0.24430862186685035 0.009676925646736721 1.9325388612726615 1.0 -1.0 -1.0 -1.0 -1.0 
115.26 -9.86 8.0 -1.0 219.60994148422 304.9250840049469 0.02458323676365615 0.016589015394405805 0.6232767753014327 2.0 -1.0 -1.0 -1.0 -1.0 
115.26 -9.86 8.0 -1.0 0.9632044656095726 0.0 1.0139127866480846 0.005529671798135269 80.67245219046066 32.0 -1.0 -1.0 -1.0 -1.0 
115.26 -9.86 8.0 -1.0 0.42900068258501395 38.11563550061836 2.244063301440265 0.052531882082285056 21.995956199943457 16.0 22.424985237838076 16.0 0.42897833433623117 39.87198564421164 
115.26 -9.86 8.0 -1.0 0.3488566924050239 152.46254200247344 6.914869341461478 0.009676925646736721 729.689219422574 32.0 730.5836188757313 32.0 0.3488518511100362 152.70768105866847 
115.26 -9.86 8.0 -1.0 0.07517101600419747 190.5781775030918 3.3431234604531177 0.017971433343939622 128.8175314268988 32.0 128.9745755010784 32.0 0.07515457885650298 191.06169770627307 
115.26 -9.86 8.0 -1.0 1.51972574585 228.69381300371015 1.47950695714271 0.027648358990676344 69.13705488428532 32.0 69.17406741451325 32.0 1.519735330172504 228.70732882212772 
115.26 -9.86 8.0 -1.0 0.0013357810993506606 266.80944850432854 5.209207739914888 0.03456044873834543 11.067023446228223 1.0 -1.0 -1.0 -1.0 -1.0 
115.26 -9.86 8.0 -1.0 1.59307834609 343.0407195055652 7.383917380647688 0.02073626924300726 392.8779595546444 32.0 392.87796293538787 32.0 1.5930709196254613 342.9597953000844 
115.58 -9.86 8.0 -1.0 84.44174596102 0.0 0.21440411841405266 0.031795612839277794 1.1856383089651068 4.0 -1.0 -1.0 -1.0 -1.0 
115.58 -9.86 8.0 -1.0 1.355473 112.77777310587388 0.023261443611725986 0.048384628233683606 1.0225549848146729 4.0 -1.0 -1.0 -1.0 -1.0 
115.58 -9.86 8.0 -1.0 0.434993 150.37036414116517 0.018455533867962306 0.0027648358990676344 2.285041300190801 8.0 -1.0 -1.0 -1.0 -1.0 
115.58 -9.86 8.0 -1.0 0.863111 187.96295517645646 0.04006455063324554 0.011059343596270537 2.6687139319571216 4.0 -1.0 -1.0 -1.0 -1.0 
115.58 -9.86 8.0 -1.0 44.078082058485805 225.55554621174775 0.013119334073716647 0.04423737438508216 0.9162972520289951 4.0 -1.0 -1.0 -1.0 -1.0 
115.58 -9.86 8.0 -1.0 0.12462014013849113 263.148137247039 0.07098802907566044 0.11197585391223919 3.516450247855044 2.0 -1.0 -1.0 -1.0 -1.0 
115.58 -9.86 8.0 -1.0 5.38416 338.3333193176216 0.06777711961798845 0.022118687192541075 2.0215524985802364 4.0 -1.0 -1.0 -1.0 -1.0 
115.58 -9.86 8.0 -1.0 109.99844724197537 37.59259103529129 6.588429122126874 0.01520659744487199 130.7412195327308 4.0 130.74122331467308 4.0 109.99841227506599 37.54443318274752 
115.58 -9.86 8.0 -1.0 130.38603910501416 75.18518207058258 1.4067431901849532 0.022118687192541075 24.02977674892853 2.0 24.0297773140737 2.0 130.3861305738489 75.19006429860217 
115.58 -9.86 8.0 -1.0 0.03489410799439263 300.74072828233034 7.86845723833226 0.016589015394405805 249.19340658333775 32.0 251.09325285409795 32.0 0.03489428005802135 301.36744479305145 
115.91 -9.86 8.0 -1.0 1.20796568461 0.0 0.7227463358668023 0.011059343596270537 28.412549673947055 32.0 -1.0 -1.0 -1.0 -1.0 
115.91 -9.86 8.0 -1.0 0.593998234019 37.05334505050769 0.3552671528398794 0.07603298722435994 1.5412454674671376 1.0 -1.0 -1.0 -1.0 -1.0 
115.91 -9.86 8.0 -1.0 0.0628368326237969 74.10669010101537 0.05259834716302619 0.013824179495338172 2.467463712732731 4.0 -1.0 -1.0 -1.0 -1.0 
115.91 -9.86 8.0 -1.0 240.25490831930935 111.16003515152306 0.15985284571887812 0.04700221028414978 1.545967815675255 2.0 -1.0 -1.0 -1.0 -1.0 
115.91 -9.86 8.0 -1.0 8.78410420217902 185.26672525253844 0.06178443619080862 0.02073626924300726 2.0765646883033764 2.0 -1.0 -1.0 -1.0 -1.0 
115.91 -9.86 8.0 -1.0 0.589071575525134 222.32007030304612 0.014531693580338607 0.022118687192541075 1.1349607087194604 1.0 -1.0 -1.0 -1.0 -1.0 
115.91 -9.86 8.0 -1.0 99.87913900478422 259.3734153535538 0.1876408245646434 0.03456044873834543 0.12282927205204448 4.0 -1.0 -1.0 -1.0 -1.0 
115.91 -9.86 8.0 -1.0 205.530695938456 296.4267604040615 0.03174316050154982 0.08709233082063048 1.7085085424971276 1.0 -1.0 -1.0 -1.0 -1.0 
115.91 -9.86 8.0 -1.0 0.8008861232865 333.4801054545692 0.026708079744159313 0.006912089747669086 1.1851094055308047 1.0 -1.0 -1.0 -1.0 -1.0 
115.91 -9.86 8.0 -1.0 1.15214158684 148.21338020203075 2.2163307062836926 0.05391430003181887 36.360207409800715 8.0 36.41119696342682 8.0 1.1521478882059455 148.15377406884733 
116.23 -9.86 8.0 -1.0 0.029984081957984066 73.04943517262275 0.02114620914515299 0.022118687192541075 -0.43334360508437963 4.0 -1.0 -1.0 -1.0 -1.0 
116.23 -9.86 8.0 -1.0 1.63393695021807 109.57415275893413 0.016040596785870796 0.02073626924300726 1.6219536333183449 8.0 -1.0 -1.0 -1.0 -1.0 
116.23 -9.86 8.0 -1.0 0.749644859312 182.62358793155687 0.01512578670015052 0.031795612839277794 1.8867482369987807 2.0 -1.0 -1.0 -1.0 -1.0 
116.23 -9.86 8.0 -1.0 4.05954117419 219.14830551786827 0.5810003816100462 0.009676925646736721 33.79772295677861 16.0 34.27854811313546 16.0 4.059559917853525 219.1947231100569 
116.23 -9.86 8.0 -1.0 2.1134890398366455 255.67302310417963 0.018751123867894355 0.211509946278674 0.23529863493875902 2.0 -1.0 -1.0 -1.0 -1.0 
116.23 -9.86 8.0 -1.0 0.56775 292.197740690491 0.8916512433461121 0.009676925646736723 75.91281131835224 32.0 76.52094186805634 32.0 0.5677369093367209 292.2596308134092 
116.23 -9.86 8.0 -1.0 1.216177006 328.7224582768024 0.02465126349886415 0.038707702586946884 0.5185642356755261 8.0 -1.0 -1.0 -1.0 -1.0 
116.23 -9.86 8.0 -1.0 1.4235126948841859 0.0 3.178704999821333 0.035942866687879244 55.53954735453887 32.0 -1.0 -1.0 -1.0 -1.0 
116.23 -9.86 8.0 -1.0 2.820474141608 36.524717586311375 3.245272167306021 0.029030776940210157 126.19054053960595 32.0 126.24726693593196 32.0 2.820464336158087 36.53245385167615 
116.23 -9.86 8.0 -1.0 4.2711051512 146.0988703452455 4.680228174663393 0.020736269243007262 239.00626446809173 32.0 239.3273095043435 32.0 4.271108385485908 146.1298154067046 
116.55 -9.86 8.0 -1.0 0.0013921866951902594 0.0 0.01339407391545149 0.06773847952715704 0.6462467717304806 1.0 -1.0 -1.0 -1.0 -1.0 
116.55 -9.86 8.0 -1.0 0.0985831114281693 36.009510806633166 0.6169912824917189 0.20321543858147115 2.7597198156875953 1.0 -1.0 -1.0 -1.0 -1.0 
116.55 -9.86 8.0 -1.0 0.4309766901630031 72.01902161326633 0.8679482850487058 0.009676925646736721 79.8999366966654 32.0 80.36039340815795 32.0 0.4309792226801316 72.15412630538808 
116.55 -9.86 8.0 -1.0 1.16364520997 108.0285324198995 0.016987247418078028 0.11612310776084063 2.756735057334456 1.0 -1.0 -1.0 -1.0 -1.0 
116.55 -9.86 8.0 -1.0 0.005526332034919469 144.03804322653266 0.012294446201673309 0.08709233082063048 2.898375441531232 1.0 -1.0 -1.0 -1.0 -1.0 
116.55 -9.86 8.0 -1.0 3.2854634388411066 180.04755403316582 0.7988960042935234 0.08709233082063048 3.969627692599725 8.0 -1.0 -1.0 -1.0 -1.0 
116.55 -9.86 8.0 -1.0 0.006170724176712507 216.057064839799 0.014332291466980361 0.03041319488974398 0.6389267971476759 1.0 -1.0 -1.0 -1.0 -1.0 
116.55 -9.86 8.0 -1.0 4.167535 252.06657564643217 0.432577181242189 0.03456044873834543 6.377666803742972 2.0 7.284412575210539 8.0 4.16754725544403 251.98285343676903 
116.55 -9.86 8.0 -1.0 11.1946499395 288.07608645306533 0.7317899463156683 0.05529671798135269 6.518805852389334 8.0 6.8430170528055765 16.0 11.194727752202501 287.60452589048094 
116.55 -9.86 8.0 -1.0 384.138167 324.0855972596985 0.026949024815046144 0.023501105142074888 1.846176335205986 1.0 -1.0 -1.0 -1.0 -1.0 
118.18 -9.86 8.0 -1.0 1.79128805247 0.0 0.05915305755260793 0.031795612839277794 0.9352967212217864 1.0 -1.0 -1.0 -1.0 -1.0 
118.18 -9.86 8.0 -1.0 0.772538564144441 33.5034333655816 0.0533669923120631 0.017971433343939622 2.823780381988473 16.0 -1.0 -1.0 -1.0 -1.0 
118.18 -9.86 8.0 -1.0 0.3211609168549823 100.5103000967448 0.0951476003621078 0.02073626924300726 2.1479509821409093 16.0 -1.0 -1.0 -1.0 -1.0 
118.18 -9.86 8.0 -1.0 0.17429362903338624 167.517166827908 0.03102767079536638 0.026265941041142528 1.2111601412368977 2.0 -1.0 -1.0 -1.0 -1.0 
118.18 -9.86 8.0 -1.0 0.006985905219123659 201.0206001934896 0.04970151613045875 0.013824179495338172 0.655085986411531 16.0 -1.0 -1.0 -1.0 -1.0 
118.18 -9.86 8.0 -1.0 445.93689247847 234.5240335590712 0.09481950630791196 0.017971433343939622 0.7669585606908441 1.0 -1.0 -1.0 -1.0 -1.0 
118.18 -9.86 8.0 -1.0 8.7 268.0274669246528 0.05846240640937591 0.1755670795907948 0.898541453234496 1.0 -1.0 -1.0 -1.0 -1.0 
118.18 -9.86 8.0 -1.0 1.189192897888 301.5309002902344 0.22580594589905179 0.01105934359627054 10.991345823085739 32.0 11.43870777367057 32.0 1.189194639058163 301.36744479305145 
118.18 -9.86 8.0 -1.0 1.239311 67.0068667311632 5.801981739716653 0.016589015394405805 322.9906094424095 32.0 323.12347594994503 32.0 1.2393077971258513 66.99303171692412 
118.18 -9.86 8.0 -1.0 0.03125021007535721 134.0137334623264 1.3721883928644865 0.019353851293473442 11.309712053284853 32.0 11.715204803853993 32.0 0.03125630125092964 131.45611510616985 
118.83 -9.86 8.0 -1.0 1.445087 0.0 0.1498019793407372 0.027648358990676344 0.5900913936811325 1.0 -1.0 -1.0 -1.0 -1.0 
118.83 -9.86 8.0 -1.0 0.002048068781967217 32.59382832780649 0.01445160196988812 0.026265941041142528 8.796150017895094 1.0 -1.0 -1.0 -1.0 -1.0 
118.83 -9.86 8.0 -1.0 1.32626 65.18765665561298 0.017259320851395067 0.06359122567855559 0.09814330437462783 8.0 -1.0 -1.0 -1.0 -1.0 
118.83 -9.86 8.0 -1.0 0.5390034 162.96914163903244 0.3846435957016198 0.052531882082285056 2.334052648839655 16.0 -1.0 -1.0 -1.0 -1.0 
118.83 -9.86 8.0 -1.0 0.655738 195.56296996683895 0.2793473877157862 0.011059343596270537 13.330342018561955 32.0 13.487096067056097 32.0 0.6557456799782813 195.9191984954156 
118.83 -9.86 8.0 -1.0 181.616752 228.15679829464545 0.3165556322386046 0.035942866687879244 1.4277020218074017 1.0 -1.0 -1.0 -1.0 -1.0 
118.83 -9.86 8.0 -1.0 7.759092411211903 293.3444549502584 0.5004606515575023 0.12580003340757737 3.0267635233932317 4.0 -1.0 -1.0 -1.0 -1.0 
118.83 -9.86 8.0 -1.0 0.731764 97.78148498341947 1.4312502368635112 0.10644618211410393 7.267764429225889 8.0 7.358319968361568 8.0 0.7317188040663799 96.54282818420789 
118.83 -9.86 8.0 -1.0 1.9546609131310237 130.37531331122597 1.957172761407644 0.024883523091608708 76.33262733253594 32.0 77.16042187973254 32.0 1.9546556965603183 130.3429378419914 
118.83 -9.86 8.0 -1.0 0.06549022320294298 260.75062662245193 1.0480983570484097 0.02350110514207489 13.614508739222975 32.0 14.644632953231307 32.0 0.06548361852765083 264.6325950751611 
119.15 -9.86 8.0 -1.0 79.06642422995 32.17093381050454 0.03258751958082719 0.019353851293473442 0.9531959482011629 1.0 -1.0 -1.0 -1.0 -1.0 
119.15 -9.86 8.0 -1.0 4.128977499143 64.34186762100909 0.8055464889185993 0.008294507697202903 83.6398394618673 32.0 84.3317260501727 32.0 4.128984680088858 64.3618854561386 
119.15 -9.86 8.0 -1.0 202.020202 96.51280143151362 0.21753730974878602 0.01520659744487199 2.0375268117721097 1.0 -1.0 -1.0 -1.0 -1.0 
119.15 -9.86 8.0 -1.0 3.63602406451 160.85466905252272 0.08407995474119216 0.012441761545804354 2.6662010769260065 32.0 -1.0 -1.0 -1.0 -1.0 
119.15 -9.86 8.0 -1.0 320.5922923290326 193.02560286302725 0.04841372476313745 0.019353851293473442 0.5024462685172112 1.0 -1.0 -1.0 -1.0 -1.0 
119.15 -9.86 8.0 -1.0 0.0026491664338343024 257.36747048403635 0.37649358067924693 0.009676925646736721 5.5343108163187855 1.0 -1.0 -1.0 -1.0 -1.0 
119.15 -9.86 8.0 -1.0 6.06185918633 289.5384042945409 0.016399155431805004 0.045619792334615966 0.8260681656150245 1.0 -1.0 -1.0 -1.0 -1.0 
119.15 -9.86 8.0 -1.0 500.15992794812 0.0 2.6967648836059555 0.012441761545804354 40.03225227503913 1.0 -1.0 -1.0 -1.0 -1.0 
119.15 -9.86 8.0 -1.0 90.011841919354 128.68373524201817 1.716419588921308 0.023501105142074888 16.782521596736125 1.0 16.782521176948304 2.0 90.01135670890412 128.7237709122772 
119.15 -9.86 8.0 -1.0 0.881912 225.1965366735318 1.0841852894594775 0.009676925646736721 88.86624450695356 32.0 89.18856158984362 32.0 0.8819066958191495 225.26659909648507 
119.48 -9.86 8.0 -1.0 0.735327 0.0 0.7933958947697883 0.04285495643554833 5.17750342138139 8.0 -1.0 -1.0 -1.0 -1.0 
119.48 -9.86 8.0 -1.0 461.7 63.46072231618402 0.12456887461733013 0.017971433343939622 0.3962031089388455 1.0 -1.0 -1.0 -1.0 -1.0 
119.48 -9.86 8.0 -1.0 3.436155481471 95.19108347427603 0.26781986345073483 0.06635606157762322 2.1463112416915804 1.0 -1.0 -1.0 -1.0 -1.0 
119.48 -9.86 8.0 -1.0 414.937759 158.65180579046006 0.5482440125568449 0.06497364362808941 1.3661352329119227 1.0 -1.0 -1.0 -1.0 -1.0 
119.48 -9.86 8.0 -1.0 1.958267 190.38216694855205 0.017816610368291103 0.011059343596270537 2.0234493477215594 8.0 -1.0 -1.0 -1.0 -1.0 
119.48 -9.86 8.0 -1.0 0.1808205971568568 222.11252810664405 0.12336987392357227 0.013824179495338172 1.5528580425016072 4.0 -1.0 -1.0 -1.0 -1.0 
119.48 -9.86 8.0 -1.0 1.15350009753 31.73036115809201 5.898982091432938 0.01520659744487199 321.07005529581227 32.0 321.49581134621525 32.0 1.1535121302586049 31.87734892874789 
119.48 -9.86 8.0 -1.0 0.90079341918 126.92144463236804 1.7620758638749157 0.045619792334615966 27.281382015972003 16.0 27.361395266558187 16.0 0.9008241856160264 127.00340604945586 
119.48 -9.86 8.0 -1.0 25.628222593575096 253.84288926473607 8.947365312024758 0.017971433343939622 198.9378502452163 8.0 199.14254276852043 8.0 25.62822677039852 253.80441623269746 
119.48 -9.86 8.0 -1.0 0.03441634177593553 285.5732504228281 1.5765936461590462 0.031795612839277794 5.394668828836792 16.0 6.281545823456448 32.0 0.03440921621707579 285.37817136212396 
120.13 -9.85 8.0 -1.0 2.683993826716843 30.88770258494599 0.012894694018291582 0.01520659744487199 1.2117692086631007 4.0 -1.0 -1.0 -1.0 -1.0 
120.13 -9.85 8.0 -1.0 0.4586745305 61.77540516989198 0.049325251342871065 0.009676925646736721 0.602236126885602 8.0 -1.0 -1.0 -1.0 -1.0 
120.13 -9.85 8.0 -1.0 1.267086536181 92.66310775483797 0.023117261921407867 0.06082638977948796 0.8592142314591215 8.0 -1.0 -1.0 -1.0 -1.0 
120.13 -9.85 8.0 -1.0 0.6387302863529 123.55081033978396 0.018052013621983335 0.06082638977948796 0.19619089635074063 4.0 -1.0 -1.0 -1.0 -1.0 
120.13 -9.85 8.0 -1.0 0.910265474731 154.43851292472996 0.3156820767645053 0.016589015394405805 6.985326196375172 32.0 7.769074057467111 32.0 0.9102526140244057 154.22565005527548 
120.13 -9.85 8.0 -1.0 463.11553585637 185.32621550967593 0.26986285727822834 0.04147253848601452 1.46101978878534 1.0 -1.0 -1.0 -1.0 -1.0 
120.13 -9.85 8.0 -1.0 2.4500513636 216.21391809462193 0.0200230463654082 0.058061553880420315 2.181153277138465 8.0 -1.0 -1.0 -1.0 -1.0 
120.13 -9.85 8.0 -1.0 0.09458893510179119 277.9893232645139 0.37338529977405854 0.005529671798135269 24.034987296149385 32.0 24.204464127539655 32.0 0.09458744898438455 277.2823367135531 
120.13 -9.85 8.0 -1.0 0.654860719376 0.0 3.460620016062808 0.017971433343939622 126.25971277635118 32.0 -1.0 -1.0 -1.0 -1.0 
120.13 -9.85 8.0 -1.0 0.161472523874 247.10162067956793 1.229444620167331 0.019353851293473442 34.71321786527964 32.0 35.11177470461652 32.0 0.16146562605475387 246.82175884830505 
120.45 -9.85 8.0 -1.0 0.560796 0.0 0.03436794901146621 0.03456044873834543 0.9478694654416714 2.0 -1.0 -1.0 -1.0 -1.0 
120.45 -9.85 8.0 -1.0 0.644521 60.893848024411426 0.4053785697483141 0.027648358990676344 7.839211085334749 16.0 7.8951079407493125 16.0 0.6445285786564152 60.819957797388824 
120.45 -9.85 8.0 -1.0 0.489273 121.78769604882285 0.5095311235830815 0.008294507697202903 42.10224366222749 32.0 42.14602208414783 32.0 0.4892778330637763 121.74111352788479 
120.45 -9.85 8.0 -1.0 186.219739 213.12846808543998 0.047848462446374807 0.056679135930886505 0.4036803958319236 1.0 -1.0 -1.0 -1.0 -1.0 
120.45 -9.85 8.0 -1.0 0.001341933801856741 243.5753920976457 0.013571044086248003 0.016589015394405805 5.543376604531489 2.0 -1.0 -1.0 -1.0 -1.0 
120.45 -9.85 8.0 -1.0 0.2672334117413241 274.02231610985143 0.01302901221217759 0.03732528463741307 0.8234501699564771 1.0 -1.0 -1.0 -1.0 -1.0 
120.45 -9.85 8.0 -1.0 3.581580930862 30.446924012205713 2.032969265840357 0.017971433343939622 120.51784864548691 32.0 120.896928894707 32.0 3.581590135581792 30.46057786524798 
120.45 -9.85 8.0 -1.0 455.644016228211 91.34077203661714 2.012011056916566 0.01520659744487199 20.39183815785354 1.0 20.3918382926826 1.0 455.6437488645316 91.38173359574395 
120.45 -9.85 8.0 -1.0 0.64188261702 152.23462006102858 1.6162958285875357 0.03456044873834543 43.36492719300552 16.0 43.67769678659619 32.0 0.6418910440212737 151.99929552691847 
120.45 -9.85 8.0 -1.0 36.50858139330728 182.68154407323428 1.1084202985753975 0.02350110514207489 17.535035579157714 4.0 17.535035438855957 4.0 36.508572520688176 182.66226925838075 
120.77 -9.85 8.0 -1.0 0.72282 29.99638358256239 0.6118974845614148 0.022118687192541075 18.691997833247925 16.0 18.917239817751835 16.0 0.7228057559890052 29.448598534176618 
120.77 -9.85 8.0 -1.0 2.90682203725 59.99276716512478 0.13903185312960864 0.027648358990676344 1.5404427517909336 32.0 -1.0 -1.0 -1.0 -1.0 
120.77 -9.85 8.0 -1.0 2.8623496843889664 239.97106866049913 0.49189135163174064 0.024883523091608708 11.373826941690384 16.0 12.21375257736217 16.0 2.8623617254197598 239.73790353080557 
120.77 -9.85 8.0 -1.0 16.486248765294633 269.96745224306153 0.7098802907566044 0.15483081034778753 16.95701737348868 2.0 16.95701795259746 2.0 16.486349826057754 269.8948875967321 
120.77 -9.85 8.0 -1.0 1.1359305256125 0.0 1.542122280526466 0.038707702586946884 15.01753895980795 16.0 -1.0 -1.0 -1.0 -1.0 
120.77 -9.85 8.0 -1.0 10.85186048461061 89.98915074768718 2.6160242420857194 0.0483846282336836 64.57473652248731 16.0 64.57473381464597 16.0 10.851848249634108 89.96496253224404 
120.77 -9.85 8.0 -1.0 1.18134309395 119.98553433024956 6.431034332265737 0.027648358990676344 287.01834695867 32.0 287.2590389051241 32.0 1.1813426681328565 119.91955073195633 
120.77 -9.85 8.0 -1.0 1.15109885937 149.98191791281195 4.858124572854598 0.01520659744487199 258.08721531050514 32.0 258.67768084274553 32.0 1.1510868110538772 150.17773273099007 
120.77 -9.85 8.0 -1.0 4.2497300571163095 179.97830149537435 4.266414103250982 0.013824179495338174 293.21370128744394 32.0 293.51619564901245 32.0 4.249735259994244 180.0311229975952 
120.77 -9.85 8.0 -1.0 0.471125 209.97468507793673 1.0139127866480846 0.016589015394405805 58.718335129580495 32.0 58.87831961534997 32.0 0.4711182555183769 210.08690913041465 
121.42 -9.85 8.0 -1.0 1.53743384519 29.206511314514614 0.24925258091868235 0.04700221028414978 2.2210085605407337 32.0 -1.0 -1.0 -1.0 -1.0 
121.42 -9.85 8.0 -1.0 0.604193 58.41302262902923 0.42664141032509845 0.009676925646736721 31.905963008891266 32.0 32.01028978792965 32.0 0.6042076468778154 58.4924053359247 
121.42 -9.85 8.0 -1.0 0.003915183311611422 146.03255657257307 0.3227385809271237 0.013824179495338172 1.5504002834605646 1.0 -1.0 -1.0 -1.0 -1.0 
121.42 -9.85 8.0 -1.0 0.009681092501071858 233.6520905161169 0.909066930587803 0.017971433343939622 0.9463822780955562 32.0 -1.0 -1.0 -1.0 -1.0 
121.42 -9.85 8.0 -1.0 45.102610653564696 0.0 4.77493975820045 0.017971433343939622 125.63652345713217 8.0 -1.0 -1.0 -1.0 -1.0 
121.42 -9.85 8.0 -1.0 121.14299859018674 87.61953394354384 1.8725233532412369 0.015206597444871992 35.98924567701748 2.0 35.989244648454985 2.0 121.14275402079026 87.63741007077991 
121.42 -9.85 8.0 -1.0 0.6111311965062236 116.82604525805846 1.0048476241819606 0.017971433343939622 60.84466023560798 32.0 61.253180135560164 32.0 0.6111198066112896 116.88361273874226 
121.42 -9.85 8.0 -1.0 0.385055647243 175.23906788708769 2.3422700417298183 0.006912089747669086 257.5580476758974 32.0 257.6316170378373 32.0 0.38504974024059874 175.37601807466694 
121.42 -9.85 8.0 -1.0 0.68228844696 204.4455792016023 1.8468288179219563 0.04285495643554833 45.10980985717136 16.0 45.163591032341095 16.0 0.6823029252700508 204.11623107709363 
121.42 -9.85 8.0 -1.0 0.2753933549 262.8586018306315 2.2878942329845033 0.08985716671969811 11.012878163604148 4.0 11.012878096067489 4.0 0.2755162616570791 262.81103227923256 
121.75 -9.85 8.0 -1.0 0.436472 28.84664242973989 0.6462209569809844 0.016589015394405805 21.75064971133548 32.0 21.94963686685093 32.0 0.4364665073808283 28.94260886864094 
121.75 -9.85 8.0 -1.0 5.4671245678 86.53992728921968 0.015421222805264652 0.008294507697202903 2.904385561854331 1.0 -1.0 -1.0 -1.0 -1.0 
121.75 -9.85 8.0 -1.0 0.529400632219 144.23321214869947 0.6135907273413176 0.029030776940210157 6.383972210803992 16.0 6.4009908270015945 16.0 0.5293865494119625 143.80226294524047 
121.75 -9.85 8.0 -1.0 311.52648 230.77313943791913 0.8122523361259274 0.15621322829732134 3.1669594282054563 1.0 -1.0 -1.0 -1.0 -1.0 
121.75 -9.85 8.0 -1.0 0.7710990598 0.0 2.184408880221528 0.02073626924300726 71.38253644147017 32.0 -1.0 -1.0 -1.0 -1.0 
121.75 -9.85 8.0 -1.0 0.0809064588655551 57.69328485947978 9.647136862602292 0.011059343596270537 526.6542339541331 32.0 528.2878526184617 32.0 0.08091471196773152 58.69480120213896 
121.75 -9.85 8.0 -1.0 0.01859206936814379 115.38656971895956 4.135820258278061 0.031795612839277794 3.108745711252284 16.0 -1.0 -1.0 -1.0 -1.0 
121.75 -9.85 8.0 -1.0 2.8307527983 173.07985457843935 4.798086871639708 0.012441761545804354 295.8835392686135 32.0 295.9010451002734 32.0 2.830741626288121 173.0484656132028 
121.75 -9.85 8.0 -1.0 1.7994801437632277 201.92649700817924 2.805077046772915 0.03317803078881161 96.8702480969986 16.0 96.98593990772902 16.0 1.7994655839477978 201.88987654873662 
121.75 -9.85 8.0 -1.0 24.0890080713045 259.619781867659 1.229444620167331 0.035942866687879244 16.387486543611054 4.0 16.387486466611715 4.0 24.088997937118016 259.5726984198042 
122.07 -9.85 8.0 -1.0 1.230618 0.0 0.015941172158710836 0.019353851293473442 0.7546759966604892 4.0 -1.0 -1.0 -1.0 -1.0 
122.07 -9.85 8.0 -1.0 1.3235647032 28.47965973313405 0.14431648135339925 0.05114946413275124 1.9120938155927658 4.0 -1.0 -1.0 -1.0 -1.0 
122.07 -9.85 8.0 -1.0 224.25146769220584 56.9593194662681 0.1466279023623302 0.022118687192541075 1.4522800230934505 1.0 -1.0 -1.0 -1.0 -1.0 
122.07 -9.85 8.0 -1.0 1.399188 85.43897919940216 0.17128659350506203 0.02488352309160871 1.1378726481609616 16.0 -1.0 -1.0 -1.0 -1.0 
122.07 -9.85 8.0 -1.0 0.8665928990309687 199.35761813193835 0.155388595727457 0.012441761545804354 2.1000076781504644 8.0 -1.0 -1.0 -1.0 -1.0 
122.07 -9.85 8.0 -1.0 2.293362580627 113.9186389325362 2.694902481504617 0.013824179495338172 231.8493981744399 32.0 231.93074788819158 32.0 2.293381839990616 113.94887267863531 
122.07 -9.85 8.0 -1.0 0.5335414804559 142.39829866567024 8.667498783590988 0.1769494975403286 27.257627355440576 4.0 27.505704029383292 4.0 0.533570225040118 142.68908568106198 
122.07 -9.85 8.0 -1.0 1.373796 170.8779583988043 4.77493975820045 0.016589015394405805 398.2557430163572 32.0 398.42395965627094 32.0 1.373791747028008 170.82211108484583 
122.07 -9.85 8.0 -1.0 0.4349560521349956 227.8372778650724 7.383917380647688 0.06082638977948796 97.31404859025622 16.0 100.49018139375423 32.0 0.4349506828778734 227.5941515579492 
122.07 -9.85 8.0 -1.0 10.556729942333291 256.31693759820644 5.773991598417732 0.019353851293473442 180.19581317060553 16.0 180.22298425689712 16.0 10.556747535398852 256.2331666272687 
122.72 -9.85 8.0 -1.0 0.43695949056761507 27.75450971711777 0.30729023168311737 0.038707702586946884 0.9989442768377936 32.0 -1.0 -1.0 -1.0 -1.0 
122.72 -9.85 8.0 -1.0 3.0807429420126384 83.26352915135331 0.16916979860432305 0.017971433343939622 5.518077319131954 16.0 -1.0 -1.0 -1.0 -1.0 
122.72 -9.85 8.0 -1.0 102.880658 166.52705830270662 0.7606556908840942 0.05529671798135269 4.470327711560396 1.0 -1.0 -1.0 -1.0 -1.0 
122.72 -9.85 8.0 -1.0 7.513466184385536 194.2815680198244 0.019130581571311905 0.0884747487701643 0.49489403953014627 1.0 -1.0 -1.0 -1.0 -1.0 
122.72 -9.85 8.0 -1.0 0.001859656674202608 249.79058745405993 0.04121558857771902 0.027648358990676344 16.193997061921653 2.0 -1.0 -1.0 -1.0 -1.0 
122.72 -9.85 8.0 -1.0 15.8222513304 0.0 1.2508629265827196 0.031795612839277794 36.97960514760588 16.0 -1.0 -1.0 -1.0 -1.0 
122.72 -9.85 8.0 -1.0 245.8392716170269 55.50901943423554 2.79926944997713 0.049767046183217416 28.97582816236426 1.0 28.975828179525347 1.0 245.8390857403477 55.557665275817754 
122.72 -9.85 8.0 -1.0 432.900433 111.01803886847108 1.899887444882103 0.008294507697202903 32.58650332798747 1.0 32.58650240437626 1.0 432.90007549027604 111.01413261852835 
122.72 -9.85 8.0 -1.0 0.0025070307675096643 138.77254858558885 8.28117207904961 0.0027648358990676344 103.00603102701574 32.0 -1.0 -1.0 -1.0 -1.0 
122.72 -9.85 8.0 -1.0 17.341059575008597 222.03607773694216 3.148109319224993 0.017971433343939622 107.84053850299972 8.0 107.84053777594342 8.0 17.341032313803833 222.0282652370567 
123.05 -9.85 8.0 -1.0 105.0578651602419 0.0 0.05252572277723239 0.011059343596270537 1.1877974606727262 2.0 -1.0 -1.0 -1.0 -1.0 
123.05 -9.85 8.0 -1.0 0.8189874162 27.456120856786082 0.40960121491162294 0.026265941041142528 8.802573749836684 16.0 8.841580722823903 16.0 0.8189696624564629 27.829431604462442 
123.05 -9.85 8.0 -1.0 1.14381850931 54.912241713572165 0.2116082293716127 0.016589015394405805 3.6938129597586107 32.0 -1.0 -1.0 -1.0 -1.0 
123.05 -9.85 8.0 -1.0 352.90623328676 82.36836257035824 0.011168755931121101 0.016589015394405805 0.5250427113738145 1.0 -1.0 -1.0 -1.0 -1.0 
123.05 -9.85 8.0 -1.0 214.987399714593 109.82448342714433 0.08501448911019828 0.009676925646736721 0.46981264504717113 1.0 -1.0 -1.0 -1.0 -1.0 
123.05 -9.85 8.0 -1.0 0.1110946838287312 137.28060428393042 0.05636053377113836 0.013824179495338172 0.332983454554608 1.0 -1.0 -1.0 -1.0 -1.0 
123.05 -9.85 8.0 -1.0 101.26565703902918 164.7367251407165 0.035896781004421355 0.019353851293473442 1.59631474688074 2.0 -1.0 -1.0 -1.0 -1.0 
123.05 -9.85 8.0 -1.0 1.087394 192.1928459975026 0.22989850843940862 0.02350110514207489 3.205202387805812 2.0 -1.0 -1.0 -1.0 -1.0 
123.05 -9.85 8.0 -1.0 0.005947983401416908 219.64896685428866 0.013893583689289633 0.026265941041142528 1.0054387819647679 1.0 -1.0 -1.0 -1.0 -1.0 
123.05 -9.85 8.0 -1.0 1.27683673064 247.10508771107473 0.9134737454235405 0.11612310776084063 3.786635415846643 2.0 -1.0 -1.0 -1.0 -1.0 
123.37 -9.85 8.0 -1.0 109.4941096054434 0.0 0.6364735759337738 0.015206597444871989 12.18484915224139 2.0 -1.0 -1.0 -1.0 -1.0 
123.37 -9.85 8.0 -1.0 1.040808 27.15074903973839 0.497358640182641 0.022118687192541075 10.426762405890058 16.0 13.753687554103662 16.0 1.040825736708939 27.323441938926763 
123.37 -9.85 8.0 -1.0 13.10182917749833 54.30149807947678 0.417601525241419 0.008294507697202903 28.9632716440564 16.0 29.467023775407213 16.0 13.101816875860097 54.343290078532114 
123.37 -9.85 8.0 -1.0 2.3427772328 135.75374519869195 0.20371870326560237 0.023501105142074888 1.3284830699683994 1.0 -1.0 -1.0 -1.0 -1.0 
123.37 -9.85 8.0 -1.0 27.081210144530587 162.90449423843035 0.3897257270424491 0.1382417949533817 2.811783109821671 1.0 -1.0 -1.0 -1.0 -1.0 
123.37 -9.85 8.0 -1.0 2.159594 217.20599231790712 0.04781541800948389 0.07326815132529231 0.542240863155775 4.0 -1.0 -1.0 -1.0 -1.0 
123.37 -9.85 8.0 -1.0 215.982721 244.35674135764552 0.20231617380748487 0.04147253848601452 1.9158266943014202 1.0 -1.0 -1.0 -1.0 -1.0 
123.37 -9.85 8.0 -1.0 1.32074 81.45224711921517 1.899887444882103 0.027648358990676344 100.30633157213782 32.0 100.52842255948423 32.0 1.3207378894245874 81.46433615124461 
123.37 -9.85 8.0 -1.0 5.486065 108.60299615895356 1.385524345821934 0.04147253848601452 49.52704170008325 16.0 49.6314312982886 16.0 5.486072041094303 108.5853822239571 
123.37 -9.85 8.0 -1.0 1.81408773956 190.05524327816872 9.50162267275973 0.022118687192541075 526.5064544909698 32.0 526.6387146177623 32.0 1.8140781321562829 190.04971837520168 
124.02 -9.85 8.0 -1.0 1.95270271662 0.0 0.02152946824434736 0.022118687192541075 0.6429820190726356 2.0 -1.0 -1.0 -1.0 -1.0 
124.02 -9.85 8.0 -1.0 0.14436229628723732 79.62126339596524 0.07312845677630025 0.026265941041142528 0.9175274669548342 2.0 -1.0 -1.0 -1.0 -1.0 
124.02 -9.85 8.0 -1.0 2.09141367214 106.16168452795365 0.02237870665512937 0.09400442056829957 0.8844711819558918 8.0 -1.0 -1.0 -1.0 -1.0 
124.02 -9.85 8.0 -1.0 0.006314153361380707 132.70210565994208 0.2332581268079301 0.02764835899067634 1.230622638461889 16.0 -1.0 -1.0 -1.0 -1.0 
124.02 -9.85 8.0 -1.0 2.2643156841977157 238.86379018789572 0.33477458107057345 0.026265941041142528 7.229203883619926 8.0 7.361075505410068 8.0 2.264278009533882 238.62472626662702 
124.02 -9.85 8.0 -1.0 1.436656496890109 26.540421131988413 1.1269514080539553 0.02073626924300726 51.91918378984407 32.0 52.2899153355062 32.0 1.4366681474105767 26.513858474069675 
124.02 -9.85 8.0 -1.0 6.728855103385128 53.08084226397683 1.0111148295914612 0.031795612839277794 33.66419738991603 16.0 33.868457381450966 16.0 6.728866234576951 53.02771694813935 
124.02 -9.85 8.0 -1.0 40.95339554236013 159.2425267919305 2.4346618121760404 0.03732528463741307 33.06721176842345 2.0 33.067211013373225 2.0 40.95345502719283 159.2855467106323 
124.02 -9.85 8.0 -1.0 145.6057701815 185.7829479239189 3.6953601033657075 0.016589015394405805 70.32055274824748 1.0 70.32055369505632 1.0 145.60549364735684 185.79940518470195 
124.02 -9.85 8.0 -1.0 17.420933725613875 212.3233690559073 4.5150801749185 0.027648358990676344 134.50055015976437 8.0 134.50055216087432 8.0 17.420946581599615 212.31326365877166 
124.34 -9.85 8.0 -1.0 8.099122 0.0 0.016007386532839323 0.07879782312342758 1.9072548088954993 8.0 -1.0 -1.0 -1.0 -1.0 
124.34 -9.85 8.0 -1.0 2.424823923104 26.238959751760156 0.3484610295359497 0.04147253848601452 3.607888092977586 4.0 -1.0 -1.0 -1.0 -1.0 
124.34 -9.85 8.0 -1.0 2.883 52.47791950352031 0.017878259328039724 0.035942866687879244 1.1913105015814698 8.0 -1.0 -1.0 -1.0 -1.0 
124.34 -9.85 8.0 -1.0 280.145788 104.95583900704062 0.2846068997679546 0.029030776940210157 2.007688707511339 1.0 -1.0 -1.0 -1.0 -1.0 
124.34 -9.85 8.0 -1.0 2.559409722714 131.19479875880077 0.10365769805511528 0.017971433343939622 2.4568886621123385 2.0 -1.0 -1.0 -1.0 -1.0 
124.34 -9.85 8.0 -1.0 0.733774022731 157.43375851056095 0.02052727181469264 0.045619792334615966 -0.005967692283273318 4.0 -1.0 -1.0 -1.0 -1.0 
124.34 -9.85 8.0 -1.0 2.53578996532 183.6727182623211 0.573820259570412 0.013824179495338172 40.60550665800758 32.0 40.65594497751111 32.0 2.5357924945031605 183.57305065634498 
124.34 -9.85 8.0 -1.0 1.841838025378 209.91167801408125 0.7182665284173637 0.012441761545804354 62.012720876069096 32.0 62.361199028180536 32.0 1.8418480370504162 209.8845132642004 
124.34 -9.85 8.0 -1.0 4.89941319293 236.1506377658414 0.023471295096132425 0.04423737438508215 0.9508777448312042 32.0 -1.0 -1.0 -1.0 -1.0 
124.34 -9.85 8.0 -1.0 198.864879 78.71687925528047 9.801648631536343 0.012441761545804354 130.7639035621011 2.0 130.76390651641074 2.0 198.8650183193386 78.73199195735194 
124.67 -9.85 8.0 -1.0 101.010101 0.0 0.010917012570556791 0.009676925646736721 0.1377594646667196 1.0 -1.0 -1.0 -1.0 -1.0 
124.67 -9.85 8.0 -1.0 1.088837931564 26.002739595205938 0.13002037106569442 0.009676925646736721 6.557356514923263 32.0 6.8510362981422075 32.0 1.0888470569625497 26.007868808533992 
124.67 -9.85 8.0 -1.0 53.46212518325279 52.005479190411876 0.03077151047387642 0.038707702586946884 1.4941411815219976 1.0 -1.0 -1.0 -1.0 -1.0 
124.67 -9.85 8.0 -1.0 0.002825207953274267 104.01095838082375 0.5956312810798627 0.022118687192541075 5.440568372744115 1.0 -1.0 -1.0 -1.0 -1.0 
124.67 -9.85 8.0 -1.0 0.0427137033272487 130.01369797602968 0.05321972269016208 0.01520659744487199 1.9243739833840998 2.0 -1.0 -1.0 -1.0 -1.0 
124.67 -9.85 8.0 -1.0 3.09910744206 156.01643757123563 0.5448458249913325 0.052531882082285056 5.664834537176917 8.0 6.146442306815303 8.0 3.099072879801194 156.1484107843111 
124.67 -9.85 8.0 -1.0 2.57162 208.0219167616475 0.3018199722206234 0.019353851293473442 11.512295191817348 16.0 11.620791786873637 16.0 2.571626585753014 207.9617525351648 
124.67 -9.85 8.0 -1.0 3.91604531247 234.02465635685346 0.10322891915443475 0.05529671798135269 2.113244702007788 2.0 -1.0 -1.0 -1.0 -1.0 
124.67 -9.85 8.0 -1.0 1.055928358822309 78.00821878561781 1.8240053280952442 0.03317803078881161 58.162169598203995 16.0 58.16216649119227 16.0 1.0559233487583697 78.02360642560197 
124.67 -9.85 8.0 -1.0 0.482071879107 182.01917716644158 9.403668908068452 0.07741540517389377 81.32078124784287 8.0 84.83877945264953 16.0 0.4820928249197702 182.1562795928451 
124.99 -9.85 8.0 -1.0 0.32533198207 0.0 0.0126739004351202 0.08709233082063048 1.3438130350283854 1.0 -1.0 -1.0 -1.0 -1.0 
124.99 -9.85 8.0 -1.0 1.634254 25.760758653533017 0.07819686083637166 0.03317803078881161 1.2426122514560363 16.0 -1.0 -1.0 -1.0 -1.0 
124.99 -9.85 8.0 -1.0 0.7796716891004365 51.521517307066034 0.05212807736392572 0.06220880772902178 -0.17943050212414977 1.0 -1.0 -1.0 -1.0 -1.0 
124.99 -9.85 8.0 -1.0 4.25081644951 103.04303461413207 0.01670791634897068 0.009676925646736721 1.6462805506264577 8.0 -1.0 -1.0 -1.0 -1.0 
124.99 -9.85 8.0 -1.0 0.0014984085831870923 154.5645519211981 0.9554281212853752 0.024883523091608708 16.134206668660642 2.0 -1.0 -1.0 -1.0 -1.0 
124.99 -9.85 8.0 -1.0 1.6143260283 77.28227596059905 2.1798863071150056 0.02350110514207489 99.93569794168579 32.0 100.41422314540577 32.0 1.6143227791568886 77.31522089385203 
124.99 -9.85 8.0 -1.0 1.72539706537 128.80379326766507 1.7816610368291121 0.01520659744487199 121.62585699786186 32.0 122.44431335817814 32.0 1.7254023987334224 128.82496884538432 
124.99 -9.85 8.0 -1.0 196.27145538862112 180.32531057473113 2.2926408883008342 0.017971433343939622 38.82232539286412 1.0 38.82232524093879 1.0 196.27138196180266 180.33471679691664 
124.99 -9.85 8.0 -1.0 0.505344668829 206.08606922826414 2.2565000295026394 0.009676925646736721 229.1882385891909 32.0 229.72956800911186 32.0 0.5053455727950981 205.9377938730221 
124.99 -9.85 8.0 -1.0 5.060596149049596 231.84682788179717 6.068457403490339 0.03732528463741307 178.59383223249426 16.0 178.62114824358287 16.0 5.060610419604927 231.84446474844893 
125.32 -9.85 8.0 -1.0 7.30131601293 0.0 0.015442544869487774 0.06082638977948797 0.6803147123341134 1.0 -1.0 -1.0 -1.0 -1.0 
125.32 -9.85 8.0 -1.0 0.5448030067875277 25.57848575088253 0.016604355466804537 0.09400442056829957 1.1840753851227555 2.0 -1.0 -1.0 -1.0 -1.0 
125.32 -9.85 8.0 -1.0 0.490158044225849 76.73545725264759 0.018202289300418884 0.0884747487701643 0.13552239685376768 8.0 -1.0 -1.0 -1.0 -1.0 
125.32 -9.85 8.0 -1.0 2.4037115646957266 102.31394300353011 0.7394126711165537 0.1534483923982537 2.646429922303998 1.0 -1.0 -1.0 -1.0 -1.0 
125.32 -9.85 8.0 -1.0 43.87598615362882 127.89242875441263 0.38650820329757885 0.07326815132529231 2.4900070378343178 1.0 -1.0 -1.0 -1.0 -1.0 
125.32 -9.85 8.0 -1.0 4.079967 153.47091450529518 0.2504608637573597 0.02350110514207489 1.8200892246304556 8.0 -1.0 -1.0 -1.0 -1.0 
125.32 -9.85 8.0 -1.0 6.853688624366707 179.0494002561777 0.018920285818616246 0.0884747487701643 0.7567830805688189 8.0 -1.0 -1.0 -1.0 -1.0 
125.32 -9.85 8.0 -1.0 219.86646769721 204.62788600706023 0.18725233532412358 0.013824179495338174 3.0495410324139565 1.0 -1.0 -1.0 -1.0 -1.0 
125.32 -9.85 8.0 -1.0 0.09696948954 230.20637175794275 0.0353797594262941 0.017971433343939622 1.0499260773572747 32.0 -1.0 -1.0 -1.0 -1.0 
125.32 -9.85 8.0 -1.0 5.968724 51.15697150176506 1.3029012212177589 0.12856486930664499 6.340225773537399 2.0 6.36771324887935 2.0 5.968710562835137 51.71214381774657 
125.64 -9.84 8.0 -1.0 2.44468374341 50.60383653969924 0.02465126349886415 0.1769494975403286 0.43201088771881285 2.0 -1.0 -1.0 -1.0 -1.0 
125.64 -9.84 8.0 -1.0 70.76034080810471 126.5095913492481 0.2603403918295978 0.04423737438508215 2.0122636513519274 1.0 -1.0 -1.0 -1.0 -1.0 
125.64 -9.84 8.0 -1.0 20.180734777721685 151.8115096190977 0.09179019228414413 0.0884747487701643 1.0361750147099567 1.0 -1.0 -1.0 -1.0 -1.0 
125.64 -9.84 8.0 -1.0 7.04529462843791 177.11342788894734 0.024856475251090734 0.012441761545804354 2.272793365748727 1.0 -1.0 -1.0 -1.0 -1.0 
125.64 -9.84 8.0 -1.0 25.746268004948682 202.41534615879695 0.011061254389094945 0.031795612839277794 0.9940708936951951 8.0 -1.0 -1.0 -1.0 -1.0 
125.64 -9.84 8.0 -1.0 1.94298740055 227.71726442864656 0.6338408101544684 0.011059343596270537 46.01977633344229 32.0 46.19056565003924 32.0 1.9429838478875658 227.69534949105636 
125.64 -9.84 8.0 -1.0 0.0026859420515741735 0.0 7.890230833981745 0.06635606157762322 16.499122458628833 4.0 -1.0 -1.0 -1.0 -1.0 
125.64 -9.84 8.0 -1.0 3.0949330625564375 25.30191826984962 1.0871854470998872 0.022118687192541075 32.11908611430899 32.0 32.26040510327519 32.0 3.094919520663098 25.299483276784038 
125.64 -9.84 8.0 -1.0 5.421739604842817 75.90575480954885 1.5052816303829482 0.009676925646736721 150.55566921607158 32.0 150.58156580278245 32.0 5.421740449188898 75.8984498303521 
125.64 -9.84 8.0 -1.0 2.383113777136 101.20767307939848 2.10587380891587 0.026265941041142528 86.63592834534724 32.0 86.77117302755886 32.0 2.383118650565545 101.19793310713615 
125.97 -9.84 8.0 -1.0 276.59755044807 49.89026589505474 0.014652664024818195 0.03732528463741307 0.02235337319392437 1.0 -1.0 -1.0 -1.0 -1.0 
125.97 -9.84 8.0 -1.0 2.367893331 74.83539884258211 0.21044194797562457 0.0483846282336836 0.5955343633548908 16.0 -1.0 -1.0 -1.0 -1.0 
125.97 -9.84 8.0 -1.0 0.2956639123189926 124.72566473763685 0.020315652849980975 0.03870770258694688 1.5714469614822073 32.0 -1.0 -1.0 -1.0 -1.0 
125.97 -9.84 8.0 -1.0 0.7081702 149.67079768516422 0.01627500580387476 0.017971433343939622 0.7877901068471591 8.0 -1.0 -1.0 -1.0 -1.0 
125.97 -9.84 8.0 -1.0 0.8199450771 174.61593063269157 0.62471159670474 0.049767046183217416 7.123229857603546 16.0 7.515737067726453 16.0 0.8199397901383539 175.88200774020265 
125.97 -9.84 8.0 -1.0 117.84835626431784 224.50619652774634 0.4144400774340963 0.02350110514207489 6.142542306199196 1.0 -1.0 -1.0 -1.0 -1.0 
125.97 -9.84 8.0 -1.0 8.123981159701872 0.0 4.32278440830582 0.026265941041142528 131.96929057822575 32.0 -1.0 -1.0 -1.0 -1.0 
125.97 -9.84 8.0 -1.0 0.24042930163565163 24.94513294752737 2.3863699619569054 0.0483846282336836 15.370383680392125 16.0 16.693018197362665 16.0 0.24040976616864404 28.13302540378385 
125.97 -9.84 8.0 -1.0 245.700246 99.78053179010948 2.6837550477380816 0.013824179495338172 54.436655337725234 1.0 54.436656171394844 1.0 245.7003574818373 99.78116204363624 
125.97 -9.84 8.0 -1.0 1.864197737742 199.56106358021896 1.7989765511541298 0.024883523091608708 78.0973092572024 32.0 78.20320973968671 32.0 1.8641912902239712 199.5623240872725 
126.29 -9.84 8.0 -1.0 0.702688882099 0.0 0.06005896694755324 0.038707702586946884 0.3694778222125295 16.0 -1.0 -1.0 -1.0 -1.0 
126.29 -9.84 8.0 -1.0 0.27470435607282284 24.706697543969796 0.7983442818922892 0.035942866687879244 6.118771474160262 32.0 6.300256191976895 32.0 0.27469771642548346 24.894691544355492 
126.29 -9.84 8.0 -1.0 189.186767288861 49.41339508793959 0.07222472028860831 0.030413194889743977 -0.6737713198889416 2.0 -1.0 -1.0 -1.0 -1.0 
126.29 -9.84 8.0 -1.0 1.824518 148.24018526381877 0.10939661911164157 0.03317803078881161 2.130088821056329 2.0 -1.0 -1.0 -1.0 -1.0 
126.29 -9.84 8.0 -1.0 0.004024638624021889 172.94688280778857 0.47716421559906697 0.013824179495338172 2.805264448811276 1.0 -1.0 -1.0 -1.0 -1.0 
126.29 -9.84 8.0 -1.0 420.189443214863 74.12009263190939 2.6268903444130802 0.011059343596270537 36.09251040257459 1.0 36.092511130698504 1.0 420.1894626021386 74.07688703442366 
126.29 -9.84 8.0 -1.0 0.732773180015 98.82679017587918 3.6623207333636896 0.017971433343939622 248.68927262210045 32.0 249.31364320247826 32.0 0.7327798812184483 98.76918271256488 
126.29 -9.84 8.0 -1.0 0.5227298622019471 123.53348771984898 2.993281866906677 0.01935385129347344 162.8013111356671 32.0 163.69368949455273 32.0 0.522716921598961 123.4614783907061 
126.29 -9.84 8.0 -1.0 2.169197 197.65358035175836 2.45662594320079 0.09400442056829957 25.528569298831474 8.0 25.52856986238753 8.0 2.1692054967085523 197.63956335823693 
126.29 -9.84 8.0 -1.0 1.18471987824 222.36027789572816 3.0750259483062834 0.013824179495338172 212.26570286567474 32.0 212.3728601530478 32.0 1.1847077985294163 222.33185903637812 
126.62 -9.84 8.0 -1.0 2.114763922705 0.0 0.8264026842883293 0.011059343596270537 60.060605482633996 32.0 -1.0 -1.0 -1.0 -1.0 
126.62 -9.84 8.0 -1.0 142.28242565537008 24.477407977903862 0.21753730974878602 0.008294507697202903 4.221623855276537 2.0 -1.0 -1.0 -1.0 -1.0 
126.62 -9.84 8.0 -1.0 1.348363959193 48.954815955807724 0.2952208421004564 0.019353851293473442 9.243378044442242 16.0 9.28536121584258 16.0 1.3483562118684254 48.777403757639625 
126.62 -9.84 8.0 -1.0 0.621574989896 73.43222393371158 0.01747528400007684 0.07326815132529231 1.1094035403724436 4.0 -1.0 -1.0 -1.0 -1.0 
126.62 -9.84 8.0 -1.0 3.0968470790462 97.90963191161545 0.017535751903771574 0.04700221028414978 0.020808136395999533 8.0 -1.0 -1.0 -1.0 -1.0 
126.62 -9.84 8.0 -1.0 2.169197 122.38703988951931 0.07496999618546879 0.03732528463741307 0.40265724562271604 8.0 -1.0 -1.0 -1.0 -1.0 
126.62 -9.84 8.0 -1.0 0.37033302017362885 146.86444786742317 0.02082724679022603 0.006912089747669085 1.36585659401315 1.0 -1.0 -1.0 -1.0 -1.0 
126.62 -9.84 8.0 -1.0 2.16939642526 195.8192638232309 0.02846068997679546 0.06082638977948796 2.3336946486923518 1.0 -1.0 -1.0 -1.0 -1.0 
126.62 -9.84 8.0 -1.0 9.98 171.34185584532705 3.700469471568636 0.022118687192541075 118.3490964374568 16.0 118.91018774156801 16.0 9.980006628514579 171.3281007503815 
126.62 -9.84 8.0 -1.0 4.655277 220.29667180113475 1.727124847981277 0.022118687192541075 81.01009421705115 16.0 81.05217374642599 16.0 4.655278947514793 220.20670244112827 
126.94 -9.84 8.0 -1.0 3.430655769877 0.0 0.10322891915443475 0.04700221028414978 0.9121423226319149 1.0 -1.0 -1.0 -1.0 -1.0 
126.94 -9.84 8.0 -1.0 1.1865458 48.4962397068146 0.04673766019198573 0.02073626924300726 2.053258717170094 4.0 -1.0 -1.0 -1.0 -1.0 
126.94 -9.84 8.0 -1.0 0.0034424667000716165 72.7443595602219 0.020569859396969946 0.01520659744487199 5.2649693641105735 1.0 -1.0 -1.0 -1.0 -1.0 
126.94 -9.84 8.0 -1.0 356.7064187939189 121.2405992670365 0.033546913220938994 0.03456044873834543 0.7929949375604272 1.0 -1.0 -1.0 -1.0 -1.0 
126.94 -9.84 8.0 -1.0 283.76747691122 145.4887191204438 0.5212807736392572 0.019353851293473442 6.261494161396507 1.0 -1.0 -1.0 -1.0 -1.0 
126.94 -9.84 8.0 -1.0 53.708375524536514 193.9849588272584 0.07389020282641437 0.01520659744487199 2.368708877194218 8.0 -1.0 -1.0 -1.0 -1.0 
126.94 -9.84 8.0 -1.0 0.0012816608228960339 218.2330786806657 0.02251828199773004 0.031795612839277794 11.226905341609799 2.0 -1.0 -1.0 -1.0 -1.0 
126.94 -9.84 8.0 -1.0 146.26016210118092 24.2481198534073 9.647136862602292 0.013824179495338172 230.22107144230426 2.0 230.22107078378204 2.0 146.26032983263335 24.287503945712675 
126.94 -9.84 8.0 -1.0 0.1110946838287312 96.9924794136292 6.7636794708491355 0.045619792334615966 51.73912567963793 16.0 53.69198440605335 32.0 0.11110993606659274 98.97157857877916 
126.94 -9.84 8.0 -1.0 5.92847091341 169.7368389738511 8.972124462202657 0.016589015394405805 794.4605010697966 32.0 794.4604882729312 32.0 5.928450264036655 169.70893382066734 
127.27 -9.84 8.0 -1.0 0.3504635510786993 0.0 0.013731366893478807 0.017971433343939622 0.9256600644923859 1.0 -1.0 -1.0 -1.0 -1.0 
127.27 -9.84 8.0 -1.0 0.1698 24.02317759325789 0.3368625603969487 0.027648358990676344 -0.07492409733437107 32.0 -1.0 -1.0 -1.0 -1.0 
127.27 -9.84 8.0 -1.0 0.75729440297 48.04635518651578 0.05793970739695535 0.022118687192541075 2.4412400421921774 8.0 -1.0 -1.0 -1.0 -1.0 
127.27 -9.84 8.0 -1.0 21.820542623039554 72.06953277977368 0.017828923130187448 0.03317803078881161 -0.16755665259864333 2.0 -1.0 -1.0 -1.0 -1.0 
127.27 -9.84 8.0 -1.0 7.58284070577946 120.11588796628945 0.2985021714522505 0.03317803078881161 9.308514366008149 2.0 9.363310067486298 2.0 7.583003025501967 120.42554039749201 
127.27 -9.84 8.0 -1.0 0.61082541181 144.13906555954736 0.5440935372194436 0.012441761545804354 38.62527086623695 32.0 39.06974333978056 32.0 0.6108166417106986 144.00465881145473 
127.27 -9.84 8.0 -1.0 282.17933788250303 168.16224315280525 0.01519911082952934 0.022118687192541075 -0.06593913155643921 1.0 -1.0 -1.0 -1.0 -1.0 
127.27 -9.84 8.0 -1.0 3.3166335305 96.09271037303157 1.2939312183928706 0.006912089747669086 123.18233961093861 32.0 123.45941975311882 32.0 3.3166240124652786 96.03683851867221 
127.27 -9.84 8.0 -1.0 137.14654583092138 192.18542074606313 8.95354868677502 0.006912089747669086 233.16721628568462 2.0 233.16721438029603 2.0 137.1464653251072 192.17487497045155 
127.27 -9.84 8.0 -1.0 0.4834468551828811 216.20859833932101 5.531899575193495 0.022118687192541075 278.4187289547002 32.0 279.1032210314202 32.0 0.48345706697242957 216.05758718373568 
138.62 -9.82 8.0 -1.0 0.265102 37.923578313546585 0.09293874842458964 0.07188573337575849 3.0217123105825077 1.0 -1.0 -1.0 -1.0 -1.0 
138.62 -9.82 8.0 -1.0 0.75719801568 56.88536747031988 0.07252471796775647 0.04700221028414978 0.6126141624056063 16.0 -1.0 -1.0 -1.0 -1.0 
138.62 -9.82 8.0 -1.0 1.6490236746575566 94.80894578386646 0.9828771754600636 0.10782860006363774 5.864572042692753 4.0 6.040815014402039 4.0 1.6489745272944372 96.44163025110075 
138.62 -9.82 8.0 -1.0 1.25786689679 113.77073494063976 0.01002074683019826 0.027648358990676344 2.5963609214346017 32.0 -1.0 -1.0 -1.0 -1.0 
138.62 -9.82 8.0 -1.0 2.18701119405 132.73252409741303 0.2576565006292009 0.008294507697202903 41.81325196005195 32.0 44.17934272530601 32.0 2.1870012763732425 132.6704903034555 
138.62 -9.82 8.0 -1.0 51.29606294732505 151.69431325418634 0.011191927559403984 0.09400442056829957 1.0839701704484015 1.0 -1.0 -1.0 -1.0 -1.0 
138.62 -9.82 8.0 -1.0 0.028769252068870422 0.0 1.3477612364941793 0.022118687192541075 2.3664644985163075 32.0 -1.0 -1.0 -1.0 -1.0 
138.62 -9.82 8.0 -1.0 1.980198 18.961789156773293 5.2416974170969235 0.02350110514207489 264.8033528179598 32.0 264.80334992354244 32.0 1.9802124976801376 18.92401349103446 
138.62 -9.82 8.0 -1.0 2.11347 75.84715662709317 2.3913209231960004 0.07879782312342758 27.849774237957178 8.0 27.849773113342337 8.0 2.113544420960049 75.79725189724498 
138.62 -9.82 8.0 -1.0 1.195569 170.65610241095965 1.4836010489410998 0.008294507697202903 328.29514362452323 32.0 328.44312691700594 32.0 1.1955611019705734 170.61971521863157 
174.14 25.06 8.0 -1.0 0.70324 0.0 0.04841372476313745 0.02488352309160871 1.108771852195198 2.0 -1.0 -1.0 -1.0 -1.0 
174.14 25.06 8.0 -1.0 1.57640600257 42.95024478338709 0.010118135941650402 0.03317803078881161 -0.21003285962315496 32.0 -1.0 -1.0 -1.0 -1.0 
174.14 25.06 8.0 -1.0 0.55871244649 53.687805979233865 0.023814292511266752 0.012441761545804354 0.780060432415603 1.0 -1.0 -1.0 -1.0 -1.0 
174.14 25.06 8.0 -1.0 0.57110576181 64.42536717508064 0.11770829817060198 0.016589015394405805 1.2346191979354506 32.0 -1.0 -1.0 -1.0 -1.0 
174.14 25.06 8.0 -1.0 1.4414462816 75.1629283709274 0.27342843980716075 0.0884747487701643 2.368522706374533 2.0 -1.0 -1.0 -1.0 -1.0 
174.14 25.06 8.0 -1.0 5.5373591568 85.90048956677418 0.015744167879234848 0.013824179495338172 2.068822545719461 4.0 -1.0 -1.0 -1.0 -1.0 
174.14 25.06 8.0 -1.0 1.946 96.63805076262096 0.011481694855213496 0.009676925646736721 1.7938262304441903 4.0 -1.0 -1.0 -1.0 -1.0 
174.14 25.06 8.0 -1.0 3.4501993 10.737561195846773 9.91059228579125 0.012441761545804354 821.9971912487339 32.0 822.4770886785908 32.0 3.4501984676656625 10.726980909356433 
174.14 25.06 8.0 -1.0 1.056982 21.475122391693546 2.1618894558229784 0.04700221028414978 43.60971157258392 16.0 43.6097128819846 16.0 1.0570147424004972 21.453961818712866 
174.14 25.06 8.0 -1.0 0.1553769365794956 32.21268358754032 5.797974856117098 0.022118687192541075 188.29393396674647 32.0 189.9030584056307 32.0 0.15537201155287525 33.49651585846206 
