 
3.25 -10.03 20251119.0 579.0 13.972467536188166 60.87730401909443 0.06260076752467116 0.1 0.45965714086844484 1.0 -1.0 -1.0 -1.0 -1.0 
3.25 -10.03 20251119.0 1061.0 450.9170308627072 98.61456711268272 0.011053615420068413 0.1 0.3385401596983625 1.0 -1.0 -1.0 -1.0 -1.0 
3.25 -10.03 20251119.0 253.0 0.0012699350581559167 50.42373776326088 0.4202060938098521 0.1 0.3606455873255517 1.0 -1.0 -1.0 -1.0 -1.0 
3.25 -10.03 20251119.0 400.0 1.6490236746575566 0.0 0.37261224747125077 0.1 3.0471304882475883 32.0 -1.0 -1.0 -1.0 -1.0 
3.25 -10.03 20251119.0 360.0 5.675652 37.0262872802266 0.3345433837248016 0.1 2.1937467436756655 16.0 -1.0 -1.0 -1.0 -1.0 
3.25 -10.03 20251119.0 1112.0 0.223377703467 111.07886184067979 0.03043325008526438 0.1 0.45746854955481814 8.0 -1.0 -1.0 -1.0 -1.0 
212.35 3.04 20251119.0 555.0 17.581787439437928 36.79068500337748 0.6051711107912943 0.1 10.594782733900857 16.0 10.56523563543169 16.0 17.581805877853185 36.83604765099756 
212.35 3.04 20251119.0 715.0 1.001001 72.40588287379951 0.041272575072094 0.1 0.3476223070742764 1.0 -1.0 -1.0 -1.0 -1.0 
212.35 3.04 20251119.0 329.0 0.23605010702742069 14.487363349143878 0.10826883167411215 0.1 3.298565548086062 32.0 -1.0 -1.0 -1.0 -1.0 
212.35 3.04 20251119.0 869.0 2.071395365584 62.785448706716785 0.3329294667906999 0.1 10.220527033004448 32.0 9.819199693936788 32.0 2.0714044997779033 62.64152059331728 
212.35 3.04 20251119.0 517.0 150.34910263393007 23.36538459014949 0.028677794911431857 0.1 0.34143036723838943 1.0 -1.0 -1.0 -1.0 -1.0 
212.35 3.04 20251119.0 447.0 1.695124811466809 0.0 0.38252362772549275 0.1 5.702066786501525 32.0 -1.0 -1.0 -1.0 -1.0 
212.35 3.04 20251119.0 1010.0 0.62315481163 34.36753170298687 0.20913756307675835 0.1 8.297437059745581 32.0 7.567771518263654 32.0 0.6231554531647514 34.30609932331915 
212.35 3.04 20251119.0 644.0 78.2101189443 68.73506340597373 0.6867262971526024 0.1 3.433728947969768 2.0 -1.0 -1.0 -1.0 -1.0 
212.35 3.04 20251119.0 34.0 1.59661787292 103.1025951089606 0.024095624898322412 0.1 0.5082153804484993 32.0 -1.0 -1.0 -1.0 -1.0 
340.13 3.39 20251119.0 1030.0 1.17555097079 29.022834606054186 0.04124407198270375 0.1 0.46121104652146483 8.0 -1.0 -1.0 -1.0 -1.0 
340.13 3.39 20251119.0 707.0 0.17590294446776322 78.92434104605552 0.06707839433124914 0.1 0.3377527271098404 1.0 -1.0 -1.0 -1.0 -1.0 
340.13 3.39 20251119.0 770.0 29.962333263234488 11.118016147982493 0.09680517844721673 0.1 0.5795805510413494 1.0 -1.0 -1.0 -1.0 -1.0 
340.13 3.39 20251119.0 870.0 0.003987817676680583 41.128021999140564 0.055779503914130876 0.1 0.3376867715258948 1.0 -1.0 -1.0 -1.0 -1.0 
340.13 3.39 20251119.0 302.0 7.1551197652 82.25604399828113 0.06693951605393664 0.1 2.66494938544711 16.0 -1.0 -1.0 -1.0 -1.0 
144.59 -8.33 20251119.0 441.0 27.457150372176773 130.16232636087153 0.18076973133862836 0.1 0.7858917189468264 1.0 -1.0 -1.0 -1.0 -1.0 
144.59 -8.33 20251119.0 171.0 3.35830177748 15.899809790286728 0.33018084541305776 0.1 6.970096159961681 16.0 7.621268060522698 16.0 3.3582788698064787 15.685679631606105 
144.59 -8.33 20251119.0 291.0 0.9456605981453088 4.924310022428608 0.31721238483364034 0.1 3.0470478439261184 32.0 -1.0 -1.0 -1.0 -1.0 
144.59 -8.33 20251119.0 616.0 3.845941 0.0 0.013989899075431682 0.1 2.783809130384288 32.0 -1.0 -1.0 -1.0 -1.0 
144.59 -8.33 20251119.0 432.0 0.0012875642435693842 51.45054954468511 0.20784126316275736 0.1 0.4910664863529947 1.0 -1.0 -1.0 -1.0 -1.0 
144.59 -8.33 20251119.0 957.0 0.1804812154 154.35164863405532 0.25306980126384854 0.1 3.3632632890174725 32.0 -1.0 -1.0 -1.0 -1.0 
74.22 -9.2 20251119.0 554.0 5.083905613918997 56.72190243689566 0.8027687518828079 0.1 8.77787526231991 16.0 9.189989060545493 16.0 5.083893483970314 56.873238406210525 
74.22 -9.2 20251119.0 379.0 0.87915973565 38.87235271899143 0.34273108462333635 0.1 6.022093931887809 32.0 -1.0 -1.0 -1.0 -1.0 
74.22 -9.2 20251119.0 61.0 2.4370797881984734 57.02840985629402 0.861377491991735 0.1 29.530764214261083 32.0 29.234835619810614 32.0 2.4370820028707385 57.075634272424786 
74.22 -9.2 20251119.0 417.0 67.27227804237954 35.176233838011264 0.044654474870503176 0.1 0.43045984304889795 1.0 -1.0 -1.0 -1.0 -1.0 
74.22 -9.2 20251119.0 125.0 0.911737585544 0.0 0.08855125476097189 0.1 1.2998336123522873 16.0 -1.0 -1.0 -1.0 -1.0 
212.35 3.04 20251119.0 853.0 0.0025653029197927 46.297694973420654 1.6684847141891286 0.1 0.5777498514172027 8.0 -1.0 -1.0 -1.0 -1.0 
144.59 -8.33 20251119.0 88.0 1.987795 16.90319584501356 1.2517273770624464 0.1 35.96866044830558 32.0 35.15721914505209 32.0 1.9877916201949122 16.90005482889174 
3.25 -10.03 20251119.0 1068.0 1.48354649394 27.00597191066032 6.123203566945896 0.1 118.89117144403019 32.0 118.92412547272096 32.0 1.4835374410419415 27.019848139605354 
74.22 -9.2 20251119.0 887.0 1.32498 24.736951730267275 5.396015733742053 0.1 61.863371382299164 16.0 65.51135234797626 32.0 1.324982198032861 24.79349361124836 
212.67 3.04 20251119.0 841.0 0.020759978086765968 27.376250785720337 0.010394453964744334 0.1 0.3374778272535436 1.0 -1.0 -1.0 -1.0 -1.0 
212.67 3.04 20251119.0 270.0 267.379679 53.03955108880608 0.05060231864167956 0.1 0.46436998246799804 1.0 -1.0 -1.0 -1.0 -1.0 
212.67 3.04 20251119.0 122.0 0.3913289853075874 15.849951453775514 0.08775953823312233 0.1 0.49261420106889514 32.0 -1.0 -1.0 -1.0 -1.0 
212.67 3.04 20251119.0 972.0 5.702856412410954 14.229871780440387 0.030370241460997222 0.1 0.34773292187517285 1.0 -1.0 -1.0 -1.0 -1.0 
212.67 3.04 20251119.0 466.0 31.661042452687738 63.98798760733201 0.06047531759704804 0.1 0.47140864007086675 1.0 -1.0 -1.0 -1.0 -1.0 
212.67 3.04 20251119.0 192.0 30.238986205960398 0.0 0.10111148295914613 0.1 0.593510842564866 8.0 -1.0 -1.0 -1.0 -1.0 
212.67 3.04 20251119.0 1137.0 0.18845604994748455 34.393156377235535 0.09122124801314098 0.1 0.4582742530145664 8.0 -1.0 -1.0 -1.0 -1.0 
212.67 3.04 20251119.0 1102.0 1.47911075457 68.78631275447107 0.12448284660085038 0.1 3.5509292944856146 32.0 -1.0 -1.0 -1.0 -1.0 
212.67 3.04 20251119.0 1096.0 0.002553541128203854 103.17946913170661 0.2853944640091902 0.1 0.3963337621363099 1.0 -1.0 -1.0 -1.0 -1.0 
340.13 3.39 20251119.0 309.0 0.600780731556 4.997554428338412 2.264307961349155 0.1 110.48270237879738 32.0 107.20907369273151 32.0 0.6007818835011374 5.059896655356808 
144.59 -8.33 20251119.0 264.0 0.85116 54.59963808567394 1.398023756671285 0.1 45.23108942218419 32.0 43.65341986575536 32.0 0.8511657748992245 54.646883877853526 
3.25 -10.03 20251119.0 677.0 57.54121018881093 33.94909508802054 1.3403330336259605 0.1 16.399133792074327 4.0 16.47306953332494 4.0 57.54118319600821 33.90130759089061 
212.67 3.04 20251119.0 608.0 0.03807783686506427 65.83508481451027 1.627500580387477 0.1 4.800306138359352 32.0 -1.0 -1.0 -1.0 -1.0 
74.22 -9.2 20251119.0 589.0 3.1947207772 28.306861673848122 1.8481051304768321 0.1 19.491835510863204 8.0 19.863259687806337 16.0 3.194751722427706 28.234223336890985 
144.59 -8.33 20251119.0 384.0 16.260520893689392 49.67532806324533 4.155869160574328 0.1 72.22556410856858 16.0 72.25985679951526 16.0 16.260491975117475 49.688185155603854 
3.25 -10.03 20251119.0 1021.0 0.15395541118695494 15.863647835632637 1.718792786505633 0.1 3.063086294637615 32.0 -1.0 -1.0 -1.0 -1.0 
212.99 3.04 20251119.0 415.0 0.73554 40.79033565098125 0.15668214264876304 0.1 4.6466515089768485 32.0 -1.0 -1.0 -1.0 -1.0 
212.99 3.04 20251119.0 1147.0 2.10352486446 39.127742223181755 0.06848312320992868 0.1 0.9904715369962453 32.0 -1.0 -1.0 -1.0 -1.0 
212.99 3.04 20251119.0 41.0 0.655623504347 50.569689539963335 0.5399744830104666 0.1 8.948369417540512 32.0 8.911590169756632 32.0 0.6556244140180449 50.497768620460945 
212.99 3.04 20251119.0 663.0 345.2781364654948 67.90816385844371 0.23358063980337582 0.1 1.573742012698234 1.0 -1.0 -1.0 -1.0 -1.0 
212.99 3.04 20251119.0 263.0 3.174603 103.25634586687633 0.020712457159722395 0.1 0.34658186974417976 1.0 -1.0 -1.0 -1.0 -1.0 
340.13 3.39 20251119.0 464.0 2.0040961006 117.55975565130878 6.312189347811611 0.1 322.2141248648584 32.0 318.4928416227413 32.0 2.0041018918467066 117.59199827049223 
74.22 -9.2 20251119.0 465.0 0.0276036420178546 60.09348405027757 4.202060938098521 0.1 15.289889177266085 32.0 7.526751185575068 2.0 0.30364996443192166 68.10620898110263 
212.99 3.04 20251119.0 266.0 1.5321247126260973 33.91277526020821 1.4155170065518716 0.1 18.73301945462678 16.0 18.754680585240248 16.0 1.5321347746066751 34.00250552399774 
340.13 3.39 20251119.0 501.0 90.74962674671 85.56306766937914 1.4815525888515 0.1 10.472524963862693 2.0 10.564792212790811 4.0 90.74938134290278 85.51225347553004 
3.25 -10.03 20251119.0 643.0 1.00399242379 74.0525745604532 4.228269069967018 0.1 64.6296163321202 16.0 68.39464299030435 32.0 1.0039912012871355 73.67209530199511 
74.22 -9.2 20251119.0 599.0 1.0964840949 120.18696810055513 1.1184198346697538 0.1 25.8686915051833 32.0 25.814142718450636 32.0 1.0964868124574423 120.12194659817062 
340.13 3.39 20251119.0 382.0 4.6802937243777585 0.0 4.413310428721067 0.1 46.97294214932577 16.0 -1.0 -1.0 -1.0 -1.0 
340.13 3.39 20251119.0 545.0 4.658834800780091 123.38406599742169 1.6185305906356484 0.1 15.95791803034286 16.0 15.483665114486739 16.0 4.658856293341766 123.36028045759898 
74.22 -9.2 20251119.0 1102.0 0.00542567507137146 180.2804521508327 1.9170271464057311 0.1 1.421343856576215 32.0 -1.0 -1.0 -1.0 -1.0 
3.57 -10.03 20251119.0 87.0 1.157564675162 52.285379130089126 0.4260523315412531 0.1 210.41430057060057 8.0 -1.0 -1.0 -1.0 -1.0 
3.57 -10.03 20251119.0 212.0 0.6019826734548 39.18068908026449 0.08258319656079105 0.1 0.5003786297791604 32.0 -1.0 -1.0 -1.0 -1.0 
3.57 -10.03 20251119.0 54.0 2.3063232018406516 76.41623756789174 0.01897264203540806 0.1 0.34630730385291125 1.0 -1.0 -1.0 -1.0 -1.0 
3.57 -10.03 20251119.0 693.0 1.4924787334 88.6539506678552 0.15084046126215594 0.1 0.9261626728183209 16.0 -1.0 -1.0 -1.0 -1.0 
3.57 -10.03 20251119.0 456.0 0.678887 0.0 0.549002038959374 0.1 3.7913377649923357 32.0 -1.0 -1.0 -1.0 -1.0 
3.57 -10.03 20251119.0 832.0 370.397553 74.09318394582783 0.1284135526169644 0.1 0.5008937526844074 1.0 -1.0 -1.0 -1.0 -1.0 
3.57 -10.03 20251119.0 1135.0 0.890994259795 111.13977591874175 0.529264015246408 0.1 13.919020299186153 32.0 13.394999913962925 32.0 0.8910016428368788 111.11533055163551 
212.99 3.04 20251119.0 160.0 1.777078137137 75.9319843143456 8.60188157826944 0.1 338.6447397740108 32.0 330.57597592111813 32.0 1.7770920142841837 75.99964776345924 
144.59 -8.33 20251119.0 1055.0 0.3346504409 102.90109908937022 4.167369282127215 0.1 248.3373003061884 32.0 62.84554205360914 2.0 3.6811494889358682 102.81710003685033 
340.45 3.39 20251119.0 1091.0 35.190753940384226 55.311738997859734 0.02082724679022603 0.1 0.3533966200263311 1.0 -1.0 -1.0 -1.0 -1.0 
340.45 3.39 20251119.0 1030.0 25.2964792556 60.90326193373778 0.024128940574262372 0.1 0.3463726161209348 1.0 -1.0 -1.0 -1.0 -1.0 
340.45 3.39 20251119.0 308.0 0.515295 106.52220676742125 0.2753239454125681 0.1 3.754336079337367 32.0 -1.0 -1.0 -1.0 -1.0 
340.45 3.39 20251119.0 489.0 18.83649089489798 0.0 0.19038291091035806 0.1 0.5459492797120005 4.0 -1.0 -1.0 -1.0 -1.0 
340.45 3.39 20251119.0 632.0 168.6536708527105 82.09932134485258 0.014825764651044083 0.1 0.35601057858454216 1.0 -1.0 -1.0 -1.0 -1.0 
340.45 3.39 20251119.0 136.0 0.98844095625 123.14898201727888 0.8292621993569479 0.1 35.58001211986459 32.0 35.70318106595371 32.0 0.9884388418868185 122.95548872517043 
74.54 -9.2 20251119.0 722.0 0.71730671014 6.062843541774984 0.14174741629268056 0.1 2.886894526519252 16.0 -1.0 -1.0 -1.0 -1.0 
74.54 -9.2 20251119.0 889.0 3.2435317536 127.90058561480998 0.8631645772480305 0.1 13.58584748257543 16.0 13.494722879006279 16.0 3.243500638442735 128.01538538052722 
74.54 -9.2 20251119.0 1076.0 2.178106798635 60.501369834538984 0.03196321566006394 0.1 0.3583722832476368 1.0 -1.0 -1.0 -1.0 -1.0 
74.54 -9.2 20251119.0 333.0 0.531513 121.00273966907797 0.9801648631536339 0.1 13.69518433638569 16.0 14.062708905779408 16.0 0.5315087037160993 119.91955073195633 
3.57 -10.03 20251119.0 544.0 39.89141833615 42.982049552732704 4.281176731264131 0.1 22.794808906935327 4.0 22.727880305372327 4.0 39.89140774744253 43.00912157053286 
212.99 3.04 20251119.0 159.0 1.0259264306627 0.0 1.3836113036819255 0.1 2.6332304666542563 32.0 -1.0 -1.0 -1.0 -1.0 
144.91 -8.33 20251119.0 769.0 1.55000023848 78.44900432442017 0.04686699264989956 0.1 0.5043720271256869 8.0 -1.0 -1.0 -1.0 -1.0 
144.91 -8.33 20251119.0 439.0 200.83348960273642 101.72220894066483 0.07045061497321514 0.1 0.47062807175249216 1.0 -1.0 -1.0 -1.0 -1.0 
144.91 -8.33 20251119.0 132.0 0.2660081592885916 72.26537692473057 0.010517249825451018 0.1 0.33760931483815687 1.0 -1.0 -1.0 -1.0 -1.0 
144.91 -8.33 20251119.0 633.0 0.73182352685 66.83547525286386 0.1279707487739726 0.1 0.36917287379158314 1.0 -1.0 -1.0 -1.0 -1.0 
144.91 -8.33 20251119.0 570.0 1.7265727168634017 0.0 0.4574735998438597 0.1 2.577894065141855 16.0 -1.0 -1.0 -1.0 -1.0 
144.91 -8.33 20251119.0 214.0 0.02307439124125024 51.26873164966518 0.04577897522091133 0.1 1.8197607159290792 16.0 -1.0 -1.0 -1.0 -1.0 
144.91 -8.33 20251119.0 123.0 0.5218245 153.80619494899554 0.19012004253680165 0.1 2.566439592260577 16.0 -1.0 -1.0 -1.0 -1.0 
3.57 -10.03 20251119.0 764.0 161.357217177548 2.600930849583515 2.10732914313809 0.1 17.32981315325144 2.0 17.31199930070031 2.0 161.357456818223 2.63114626078554 
74.54 -9.2 20251119.0 1116.0 311.52648 81.57610442136759 3.4942529093140577 0.1 36.93351392978536 1.0 -1.0 -1.0 -1.0 -1.0 
212.99 3.04 20251119.0 802.0 0.3425025943977001 34.41878195562544 5.838168531096674 0.1 8.955492054761137 8.0 8.855001880154648 8.0 0.3424550717075666 34.913286921961976 
3.57 -10.03 20251119.0 124.0 0.002461367549486494 37.046591972913916 1.0090214299640743 0.1 0.3900232328341136 1.0 -1.0 -1.0 -1.0 -1.0 
340.45 3.39 20251119.0 22.0 1.0272110057391965 21.393117488150157 9.25543083383461 0.1 105.49934149967032 16.0 25.678880909358014 1.0 11.299077110985916 21.858753551141408 
144.91 -8.33 20251119.0 1153.0 37.0153919947092 72.8345167600254 6.707839433124917 0.1 195.9838426505465 8.0 21.347245518244925 1.0 74.03238366047542 72.86251183713803 
3.9 -10.03 20251119.0 82.0 2.185717553667 37.4450171790674 0.17742912160141563 0.1 2.51713765849227 32.0 -1.0 -1.0 -1.0 -1.0 
3.9 -10.03 20251119.0 899.0 17.581787439437928 61.54461689009771 0.10034601957653146 0.1 0.528192055124225 1.0 -1.0 -1.0 -1.0 -1.0 
3.9 -10.03 20251119.0 827.0 0.0741417828723554 21.29706204274252 0.029501696080549082 0.1 0.33749859680151806 1.0 -1.0 -1.0 -1.0 -1.0 
3.9 -10.03 20251119.0 124.0 34.39137817982709 84.25406894820749 0.10444842371142099 0.1 0.7320101403176589 2.0 -1.0 -1.0 -1.0 -1.0 
3.9 -10.03 20251119.0 83.0 1.261341099297 71.15331746708442 0.17152342191960426 0.1 2.568658003315266 32.0 -1.0 -1.0 -1.0 -1.0 
3.9 -10.03 20251119.0 214.0 0.01876373659635573 0.0 0.3501502376491989 0.1 1.8205412970234993 16.0 -1.0 -1.0 -1.0 -1.0 
3.9 -10.03 20251119.0 1133.0 1.2649434 74.13379403494604 0.034966677291472716 0.1 0.3442473139544175 1.0 -1.0 -1.0 -1.0 -1.0 
3.9 -10.03 20251119.0 781.0 225.01840471114 111.20069105241905 0.01645589971998487 0.1 0.34846678207008785 1.0 -1.0 -1.0 -1.0 -1.0 
340.45 3.39 20251119.0 147.0 48.32130509133046 109.69976825961626 4.664089511885317 0.1 62.319475294573955 4.0 62.3117073769681 4.0 48.321332239235446 109.69855948813559 
212.99 3.04 20251119.0 413.0 2.28263881746 68.83756391125088 3.501502376491989 0.1 110.47693995304955 32.0 105.43118376669541 32.0 2.2826498025096953 68.81459451285258 
3.9 -10.03 20251119.0 819.0 64.54668603695595 93.8294059815241 3.4486868843098253 0.1 13.387499871239523 2.0 13.375162399932524 2.0 64.54647518694401 93.81048399031522 
340.45 3.39 20251119.0 4.0 0.005400798609833176 69.3521269866284 1.3210282079320903 0.1 0.8470451464008801 2.0 -1.0 -1.0 -1.0 -1.0 
213.31 3.04 20251119.0 108.0 103.26352668931 73.14549204989927 0.04090356641242349 0.1 0.3805950747042544 1.0 -1.0 -1.0 -1.0 -1.0 
213.31 3.04 20251119.0 175.0 1.47839 99.429084855169 0.09242651535323931 0.1 0.5813618151902973 16.0 -1.0 -1.0 -1.0 -1.0 
213.31 3.04 20251119.0 233.0 0.20659797025052828 31.244711384321818 0.27305090755433153 0.1 3.001636943552382 32.0 -1.0 -1.0 -1.0 -1.0 
213.31 3.04 20251119.0 209.0 13.655075874659037 31.637466605163443 0.5742168171692673 0.1 22.63643059572483 16.0 22.64421428922746 16.0 13.655092819438627 31.674953062533618 
213.31 3.04 20251119.0 700.0 0.80262320764 20.640320421597973 0.08384793073894407 0.1 1.0906913257894166 32.0 -1.0 -1.0 -1.0 -1.0 
213.31 3.04 20251119.0 876.0 375.34494 34.44876713329296 0.2814783162491538 0.1 0.5704192069841799 1.0 -1.0 -1.0 -1.0 -1.0 
213.31 3.04 20251119.0 104.0 0.3895347605661933 68.89753426658592 0.02645100905743632 0.1 0.3377924891825854 1.0 -1.0 -1.0 -1.0 -1.0 
213.31 3.04 20251119.0 841.0 89.03890941296717 103.34630139987888 0.38945658010368484 0.1 2.3310043604237793 1.0 -1.0 -1.0 -1.0 -1.0 
74.54 -9.2 20251119.0 1123.0 0.11685493517459601 43.728712850706394 1.410635930080207 0.1 44.91878492727247 32.0 27.60783673636598 16.0 0.35057989104340476 45.23547609888986 
144.91 -8.33 20251119.0 909.0 0.028375346691750812 90.72396617753533 4.804720918609722 0.1 60.80378955422857 32.0 9.996119861431144 2.0 0.3118960497279962 90.9769418633154 
3.9 -10.03 20251119.0 372.0 7.478313 37.06689701747302 1.4273006104727985 0.1 37.39826695038426 32.0 36.65813410376336 32.0 7.478320185327903 37.03844351721183 
340.45 3.39 20251119.0 691.0 17.26155164357588 41.04966067242629 1.0076282386271527 0.1 35.79511824296771 16.0 28.080730116732834 16.0 17.26154247686888 41.08636084149728 
74.54 -9.2 20251119.0 581.0 173.3686583164155 49.30144628581095 1.2939312183928706 0.1 11.18413101092535 1.0 11.199237868977429 1.0 173.368607647717 49.283393423175305 
144.91 -8.33 20251119.0 618.0 5.107322443837194 102.53746329933035 3.7701413734379985 0.1 27.019345726528233 8.0 27.014766719753187 8.0 5.107358447276056 102.51350623752892 
4.22 -10.03 20251119.0 889.0 0.555864 84.06655092349216 0.03406067303515039 0.1 0.3394968088482852 1.0 -1.0 -1.0 -1.0 -1.0 
4.22 -10.03 20251119.0 1131.0 1.131171 105.93164325501593 0.5299957990657957 0.1 18.708020482823724 32.0 18.667875649035036 32.0 1.13116887708505 105.75184009695727 
4.22 -10.03 20251119.0 135.0 0.9992746586412061 2.381236518547627 0.07317899463156684 0.1 0.341498579487374 1.0 -1.0 -1.0 -1.0 -1.0 
4.22 -10.03 20251119.0 501.0 1.752273 0.0 0.7089001340999033 0.1 3.556095145889774 32.0 -1.0 -1.0 -1.0 -1.0 
4.22 -10.03 20251119.0 3.0 3.57439188715 37.08720241270674 0.07723048797037538 0.1 3.0443490038685974 32.0 -1.0 -1.0 -1.0 -1.0 
4.22 -10.03 20251119.0 650.0 174.16720665567405 74.17440482541348 0.09046813752760459 0.1 0.4066021426612712 1.0 -1.0 -1.0 -1.0 -1.0 
4.22 -10.03 20251119.0 248.0 1.1510060470512 111.2616072381202 0.3652214325520265 0.1 17.369762343859485 32.0 17.034877117764758 32.0 1.1509958615837 111.21652848474264 
340.77 3.39 20251119.0 1009.0 1.3012367996509 95.2746685957087 0.01246549620863353 0.1 3.044272533942833 32.0 -1.0 -1.0 -1.0 -1.0 
340.77 3.39 20251119.0 714.0 7.939440821938994 76.91572690580253 0.05169771489346303 0.1 3.0442761743149505 32.0 -1.0 -1.0 -1.0 -1.0 
340.77 3.39 20251119.0 571.0 0.11160639382368284 104.46028778014268 0.0629477045837553 0.1 0.33777064819189256 1.0 -1.0 -1.0 -1.0 -1.0 
340.77 3.39 20251119.0 743.0 0.414138298084 42.22679555468039 0.10641496346621236 0.1 0.6139067998628653 16.0 -1.0 -1.0 -1.0 -1.0 
340.77 3.39 20251119.0 52.0 6.16789 0.0 0.021336978189961654 0.1 0.3422584753920062 1.0 -1.0 -1.0 -1.0 -1.0 
340.77 3.39 20251119.0 1002.0 0.003671224342763383 40.98483097954274 0.4178901226817604 0.1 0.37394120326416735 1.0 -1.0 -1.0 -1.0 -1.0 
340.77 3.39 20251119.0 912.0 5.455692 81.96966195908549 0.6717113988391871 0.1 17.187183363091975 16.0 17.12590941501975 16.0 5.455694918055087 81.97032581678029 
340.77 3.39 20251119.0 1146.0 332.78628361061 122.95449293862822 0.07554188520624827 0.1 0.38388320245008245 1.0 -1.0 -1.0 -1.0 -1.0 
145.24 -8.33 20251119.0 442.0 126.84002020060367 15.726125248472648 0.08542660740342586 0.1 0.7630337148464714 2.0 -1.0 -1.0 -1.0 -1.0 
145.24 -8.33 20251119.0 692.0 0.0030547733391465414 15.894728930473816 0.23229325719318789 0.1 0.3893864601633539 1.0 -1.0 -1.0 -1.0 -1.0 
145.24 -8.33 20251119.0 204.0 0.8547276061173813 44.35809597376203 0.038597453784262166 0.1 0.3790046250175694 1.0 -1.0 -1.0 -1.0 -1.0 
145.24 -8.33 20251119.0 639.0 2.79091017854 41.56847141701542 0.010076282386271522 0.1 0.33846670437414045 1.0 -1.0 -1.0 -1.0 -1.0 
145.24 -8.33 20251119.0 420.0 2.673417841032 0.0 0.4076252011294515 0.1 3.582229048678905 32.0 -1.0 -1.0 -1.0 -1.0 
145.24 -8.33 20251119.0 293.0 0.272486 51.08691564635413 0.06891025045779399 0.1 3.2987078605183826 32.0 -1.0 -1.0 -1.0 -1.0 
145.24 -8.33 20251119.0 474.0 1.469313 153.2607469390624 0.014703365110827447 0.1 0.34031824509625896 1.0 -1.0 -1.0 -1.0 -1.0 
74.54 -9.2 20251119.0 389.0 1.750024494157 88.14721029598599 1.4887345990080612 0.1 31.879153199751254 32.0 31.686121302684537 32.0 1.7500193886614095 88.14339973631559 
4.22 -10.03 20251119.0 1047.0 0.3275 41.89418454360662 1.5996331735108558 0.1 17.98207875351623 32.0 17.95128086730861 32.0 0.32750904210843146 42.60432983810432 
340.77 3.39 20251119.0 577.0 258.58602012374683 107.2147438675767 4.042599017082547 0.1 23.14045937522312 1.0 -1.0 -1.0 -1.0 -1.0 
213.31 3.04 20251119.0 629.0 0.80149644258 92.16311326959895 9.371242574197483 0.1 292.0322902173479 32.0 283.7777431374136 32.0 0.8015073641824226 92.0901191274939 
4.22 -10.03 20251119.0 1073.0 10.46014765666347 56.237240022148164 5.028866967141122 0.1 165.47117442610744 32.0 165.48458875910464 32.0 10.460128881580507 56.2660508075677 
340.77 3.39 20251119.0 594.0 2.11404065516 10.870264202194953 5.72236765935022 0.1 23.950788109643288 8.0 24.50343077121042 16.0 2.1140294848009944 11.131772641784977 
74.54 -9.2 20251119.0 350.0 1.0755179105232775 0.0 8.190140067865089 0.1 273.8357634762209 32.0 -1.0 -1.0 -1.0 -1.0 
213.31 3.04 20251119.0 618.0 1.717841 0.0 6.63410251418744 0.1 16.45745908493985 8.0 -1.0 -1.0 -1.0 -1.0 
4.22 -10.03 20251119.0 830.0 57.27738648331841 107.05549787358281 1.9356582498136592 0.1 33.0503024883641 2.0 33.05156776416555 2.0 57.277308466533825 107.06741322735004 
341.09 3.39 20251119.0 17.0 1.748833 64.32039895185508 0.7292665413176159 0.1 23.731961589303303 32.0 23.46551145580611 32.0 1.7488370455491047 64.3618854561386 
341.09 3.39 20251119.0 1048.0 0.07834523815006106 50.7295072473879 0.6796467247011048 0.1 11.11864782483388 32.0 10.89197818813524 32.0 0.07833781031270823 53.93849834610357 
341.09 3.39 20251119.0 979.0 0.007945203806864158 69.61188433995387 0.010553641568759792 0.1 2.5165606656496324 32.0 -1.0 -1.0 -1.0 -1.0 
341.09 3.39 20251119.0 629.0 0.731699075953 0.0 0.021131605445517662 0.1 0.33783070030481566 1.0 -1.0 -1.0 -1.0 -1.0 
341.09 3.39 20251119.0 617.0 0.0018682223847710368 40.92000185274537 0.8916512433461121 0.1 1.4623021256186013 4.0 -1.0 -1.0 -1.0 -1.0 
341.09 3.39 20251119.0 1096.0 0.008473175825744132 81.84000370549074 0.22910575766692037 0.1 0.3576025483769079 1.0 -1.0 -1.0 -1.0 -1.0 
341.09 3.39 20251119.0 288.0 0.6253360202400374 122.76000555823612 0.0712828899471862 0.1 0.6319848198449811 32.0 -1.0 -1.0 -1.0 -1.0 
213.63 3.04 20251119.0 383.0 0.1808205971568568 33.901918926141676 0.1222668520805993 0.1 2.1927245304667404 16.0 -1.0 -1.0 -1.0 -1.0 
213.63 3.04 20251119.0 919.0 0.04411007692161668 75.74911515935592 0.5004606515575023 0.1 1.821194726265935 16.0 -1.0 -1.0 -1.0 -1.0 
213.63 3.04 20251119.0 271.0 89.1292592477 78.22166890465586 0.5377408846423294 0.1 4.117219508959712 1.0 -1.0 -1.0 -1.0 -1.0 
213.63 3.04 20251119.0 338.0 0.017037566463405606 0.0 0.0977460035646151 0.1 0.409066546592795 32.0 -1.0 -1.0 -1.0 -1.0 
213.63 3.04 20251119.0 256.0 230.414747 34.481262063115715 0.3368625603969487 0.1 1.8860626957661941 1.0 -1.0 -1.0 -1.0 -1.0 
213.63 3.04 20251119.0 647.0 0.0025185783290776332 68.96252412623143 0.2399595361727951 0.1 0.34767443529829517 1.0 -1.0 -1.0 -1.0 -1.0 
213.63 3.04 20251119.0 97.0 0.63683091551 103.44378618934715 0.06773031233020205 0.1 0.5838035259062025 32.0 -1.0 -1.0 -1.0 -1.0 
145.24 -8.33 20251119.0 112.0 0.14569524501775374 107.26259696765263 5.474870327880004 0.1 118.80150062562551 32.0 27.283608260001085 2.0 1.8941742988924186 107.57340289288572 
4.55 -10.03 20251119.0 1112.0 2.93399568493 63.51585179967448 0.30412232699116293 0.1 3.4670268187208464 32.0 -1.0 -1.0 -1.0 -1.0 
4.55 -10.03 20251119.0 20.0 13.87699831012 15.13024410092158 0.0362957676081675 0.1 0.3972616757164971 1.0 -1.0 -1.0 -1.0 -1.0 
4.55 -10.03 20251119.0 951.0 16.562185596668744 48.87547579326397 0.01512578670015052 0.1 0.3393128835238396 1.0 -1.0 -1.0 -1.0 -1.0 
4.55 -10.03 20251119.0 1155.0 0.290249 83.24417596952955 0.05850280880215019 0.1 0.3390120053198778 1.0 -1.0 -1.0 -1.0 -1.0 
4.55 -10.03 20251119.0 969.0 132.978723 67.3902630926257 0.04612818816800296 0.1 0.3635871721847175 1.0 -1.0 -1.0 -1.0 -1.0 
4.55 -10.03 20251119.0 888.0 0.0427137033272487 74.21501631842771 0.20245599113661636 0.1 0.7341869754588519 32.0 -1.0 -1.0 -1.0 -1.0 
4.55 -10.03 20251119.0 1055.0 10.316928486503567 111.32252447764156 0.3692808065379914 0.1 9.74246559309862 8.0 9.65702199404761 8.0 10.316944099031389 111.31772641784977 
74.54 -9.2 20251119.0 329.0 2.03451016058 181.50410950361695 2.1117011831285426 0.1 35.207836880787994 16.0 36.77376846021743 32.0 2.0345093313759817 181.44789406109513 
213.63 3.04 20251119.0 846.0 0.0017041687807023307 42.012722843778256 1.889416191528596 0.1 0.8990370155583662 1.0 -1.0 -1.0 -1.0 -1.0 
145.24 -8.33 20251119.0 987.0 1.5547654688133 106.71080309928516 3.614563057419527 0.1 29.303771635111907 16.0 23.160001257457658 16.0 1.5547508761907618 106.46022562870724 
74.87 -9.19 20251119.0 463.0 3.5354509962 27.740441360048084 0.0147950695714271 0.1 2.5169902922439586 32.0 -1.0 -1.0 -1.0 -1.0 
74.87 -9.19 20251119.0 1129.0 13.39141661 149.61198512168224 0.14561842238259057 0.1 1.4411932479714222 4.0 -1.0 -1.0 -1.0 -1.0 
74.87 -9.19 20251119.0 449.0 2.116357 75.27198811728462 0.08066602730969566 0.1 3.044374416758582 32.0 -1.0 -1.0 -1.0 -1.0 
74.87 -9.19 20251119.0 741.0 9.239582 31.04809609401956 0.3550218032003881 0.1 2.4594407820425808 4.0 -1.0 -1.0 -1.0 -1.0 
74.87 -9.19 20251119.0 631.0 2.3926906617662866 0.0 0.06726401367068843 0.1 0.3703199577275255 16.0 -1.0 -1.0 -1.0 -1.0 
74.87 -9.19 20251119.0 713.0 0.005893565998000033 60.90836037749688 0.17645121878428632 0.1 1.0089413306902213 16.0 -1.0 -1.0 -1.0 -1.0 
74.87 -9.19 20251119.0 683.0 0.8176959072274 121.81672075499375 0.013836113036819241 0.1 0.5666403126598769 16.0 -1.0 -1.0 -1.0 -1.0 
4.55 -10.03 20251119.0 408.0 1.965177 9.708294963946738 2.3634006668682335 0.1 87.93286651733168 32.0 87.98531848708001 32.0 1.9651755186108253 9.715001578285072 
341.09 3.39 20251119.0 756.0 0.80517592894 77.91129065632227 2.485647525109076 0.1 57.724367473263314 32.0 57.584428758023556 32.0 0.8051756594795735 78.22600229181624 
213.63 3.04 20251119.0 135.0 10.129015294167026 60.355140376902824 2.222463736833705 0.1 52.5133893190292 32.0 52.59950588962181 32.0 10.129012177155044 60.313968131853144 
145.24 -8.33 20251119.0 219.0 475.3568747441 102.17383129270826 2.5605946519140703 0.1 14.83469681735493 1.0 -1.0 -1.0 -1.0 -1.0 
4.55 -10.03 20251119.0 732.0 33.764971427945504 0.0 1.0315762863996651 0.1 11.506615394077556 8.0 -1.0 -1.0 -1.0 -1.0 
74.87 -9.19 20251119.0 487.0 198.99608753118247 128.12136651864105 1.7415024605683422 0.1 10.872777714060541 2.0 10.844865667477595 2.0 198.9959855563939 128.11658331363435 
213.63 3.04 20251119.0 846.0 5.455692 101.86093797582879 1.0090214299640743 0.1 4.558902404161758 8.0 -1.0 -1.0 -1.0 -1.0 
145.56 -8.33 20251119.0 104.0 0.65001470845 7.8808978088695785 0.374936219222589 0.1 6.527000370084896 32.0 6.185080709941398 32.0 0.6500158633571118 8.500626380999435 
145.56 -8.33 20251119.0 834.0 148.2905395600328 52.18803839710726 0.018519393628098846 0.1 0.3441978496264745 1.0 -1.0 -1.0 -1.0 -1.0 
145.56 -8.33 20251119.0 297.0 2.33111047141 75.2656286862583 0.05781974974395097 0.1 0.3922348689472128 1.0 -1.0 -1.0 -1.0 -1.0 
145.56 -8.33 20251119.0 310.0 0.757713811313 87.98808580794116 0.5448458249913325 0.1 17.622331971801493 32.0 17.329409069940553 32.0 0.7577000360470266 87.73860800388705 
145.56 -8.33 20251119.0 597.0 14.166432746690193 60.78676992112582 0.12201371230349732 0.1 0.8184447760632153 8.0 -1.0 -1.0 -1.0 -1.0 
145.56 -8.33 20251119.0 842.0 0.011266414216365699 50.90510154450059 0.2253384400637375 0.1 0.5733072088519467 32.0 -1.0 -1.0 -1.0 -1.0 
4.55 -10.03 20251119.0 799.0 0.03636757019090958 37.10750815921386 8.554472200642591 0.1 7.652208984818025 16.0 -1.0 -1.0 -1.0 -1.0 
74.87 -9.19 20251119.0 958.0 0.0010326914663350486 142.24742789632035 1.0856843319584755 0.1 0.7340873421829047 4.0 -1.0 -1.0 -1.0 -1.0 
341.09 3.39 20251119.0 964.0 1.9278979148339312 36.08277391095669 8.477988620070407 0.1 245.66785160688306 32.0 241.65251178151334 32.0 1.9278862358381352 36.1276621192476 
213.95 3.04 20251119.0 119.0 2.972433564 39.60849811985327 0.052236226600888856 0.1 0.3966568543291124 1.0 -1.0 -1.0 -1.0 -1.0 
213.95 3.04 20251119.0 367.0 0.480458905198 50.3571572174762 0.021015138338488535 0.1 2.5474496587860536 16.0 -1.0 -1.0 -1.0 -1.0 
213.95 3.04 20251119.0 955.0 3.361829085529465 59.179756014369005 0.05698697149968836 0.1 0.3986685321859976 1.0 -1.0 -1.0 -1.0 -1.0 
213.95 3.04 20251119.0 907.0 49.4444610115882 62.89725949803628 0.23946272691937415 0.1 1.1287586553374536 2.0 -1.0 -1.0 -1.0 -1.0 
213.95 3.04 20251119.0 747.0 1.29716868462 46.86746731776625 0.3001564876785341 0.1 9.832351825869615 32.0 10.256980456183642 32.0 1.2971819766486685 46.854643028604045 
213.95 3.04 20251119.0 692.0 3.1947207772 0.0 0.030814056524267587 0.1 0.33914066000958704 1.0 -1.0 -1.0 -1.0 -1.0 
213.95 3.04 20251119.0 1094.0 0.03489410799439263 34.513757969534886 0.06277399637476767 0.1 0.900468085212769 32.0 -1.0 -1.0 -1.0 -1.0 
213.95 3.04 20251119.0 23.0 0.1687760911319839 69.02751593906977 0.29076782953572117 0.1 5.043403436832384 32.0 -1.0 -1.0 -1.0 -1.0 
213.95 3.04 20251119.0 129.0 25.628222593575096 103.54127390860467 0.1324683757319961 0.1 0.7716601259543292 1.0 -1.0 -1.0 -1.0 -1.0 
4.87 -10.03 20251119.0 294.0 3.386501 45.42671063157786 0.4042599017082545 0.1 2.5711640683883945 32.0 -1.0 -1.0 -1.0 -1.0 
4.87 -10.03 20251119.0 264.0 0.571574196782 3.7094395881106985 0.5702635424403566 0.1 8.394206371337447 32.0 9.272801893334934 32.0 0.5715871035742264 4.45270905671399 
4.87 -10.03 20251119.0 826.0 1.9411179295 72.28394440615712 0.029726742058157247 0.1 0.3501921963437005 1.0 -1.0 -1.0 -1.0 -1.0 
4.87 -10.03 20251119.0 510.0 0.002971694781935529 94.42918735259576 0.25254584867986474 0.1 0.3576606935716586 1.0 -1.0 -1.0 -1.0 -1.0 
4.87 -10.03 20251119.0 120.0 0.005920712181085924 0.0 0.09028083341550167 0.1 0.3482092967750074 1.0 -1.0 -1.0 -1.0 -1.0 
4.87 -10.03 20251119.0 1052.0 0.378019 74.25562851154929 0.5976922819163438 0.1 10.798381177873198 32.0 11.501012774521334 32.0 0.3780163145468881 74.27928290063794 
341.09 3.39 20251119.0 871.0 246.97162474233062 113.74852000170593 9.835564254624282 0.1 313.55962005223 2.0 313.555880179045 2.0 246.9717098089556 113.74647681242105 
145.56 -8.33 20251119.0 1.0 0.4695549800553 93.89875916459334 9.217145848418992 0.1 58.63018053356262 8.0 19.447702708039895 4.0 2.347708990176519 95.02485918760084 
74.87 -9.19 20251119.0 909.0 0.4116193649784009 182.72508113249063 1.4431648135339923 0.1 41.60459884325703 32.0 41.75655966717685 32.0 0.41160698553236824 182.56107132527362 
341.41 3.39 20251119.0 223.0 2.9288806894558483 67.08681771569532 0.013255992241430366 0.1 1.8197493608035986 16.0 -1.0 -1.0 -1.0 -1.0 
341.41 3.39 20251119.0 464.0 368.36767467541637 0.0 0.07707059092405724 0.1 0.48410181965427135 1.0 -1.0 -1.0 -1.0 -1.0 
341.41 3.39 20251119.0 348.0 0.4041221036566987 40.855173295525766 0.024668299575403476 0.1 0.41198421607115876 32.0 -1.0 -1.0 -1.0 -1.0 
341.41 3.39 20251119.0 507.0 0.01902421400374928 122.56551988657729 0.8769893096646313 0.1 2.7244387580649736 32.0 -1.0 -1.0 -1.0 -1.0 
145.56 -8.33 20251119.0 407.0 7.478313 0.0 4.801402749350858 0.1 18.53327243616515 8.0 -1.0 -1.0 -1.0 -1.0 
75.19 -9.19 20251119.0 662.0 0.15466454073272803 80.22689681681278 0.06022516212684089 0.1 0.35410537753065935 32.0 -1.0 -1.0 -1.0 -1.0 
75.19 -9.19 20251119.0 882.0 0.008871645950719527 54.58225243189258 0.14877064699107176 0.1 0.34021906984217504 1.0 -1.0 -1.0 -1.0 -1.0 
75.19 -9.19 20251119.0 321.0 0.09813111256212828 56.51387916102932 0.013951293055905149 0.1 2.5474462442911223 16.0 -1.0 -1.0 -1.0 -1.0 
75.19 -9.19 20251119.0 337.0 156.599195693311 94.5025381673853 0.5296297807688797 0.1 2.7759335454370757 1.0 -1.0 -1.0 -1.0 -1.0 
75.19 -9.19 20251119.0 741.0 2.185662663152 0.0 0.010181242461267448 0.1 0.33780456742616155 1.0 -1.0 -1.0 -1.0 -1.0 
75.19 -9.19 20251119.0 47.0 219.86646769721 61.31535131631208 0.27229740614506887 0.1 1.9501954255212872 1.0 -1.0 -1.0 -1.0 -1.0 
75.19 -9.19 20251119.0 1137.0 79.01127601779217 122.63070263262416 0.050184552632207564 0.1 0.42773428788109136 1.0 -1.0 -1.0 -1.0 -1.0 
75.19 -9.19 20251119.0 370.0 2.90208470310524 183.94605394893625 0.05230845071647436 0.1 0.3671296183284896 1.0 -1.0 -1.0 -1.0 -1.0 
213.95 3.04 20251119.0 603.0 0.1833307411310544 51.848300676105964 7.1529542701120805 0.1 60.65625608880605 32.0 58.08976381916095 32.0 0.18335413187742233 51.81334175085371 
4.87 -10.03 20251119.0 788.0 0.945001 8.220920168245332 9.25543083383461 0.1 99.95977037702114 16.0 7.208540478255665 1.0 3.7815577040115995 11.334168507999248 
145.56 -8.33 20251119.0 981.0 35.02940601125372 101.81020308900118 6.448830291107141 0.1 49.31827472031779 4.0 49.31767192732112 4.0 35.029370337724686 101.80512070577898 
75.19 -9.19 20251119.0 627.0 0.01275475934768637 64.1851967424581 7.895683640747891 0.1 4.042140439300641 8.0 -1.0 -1.0 -1.0 -1.0 
214.27 3.04 20251119.0 259.0 0.08432286969948746 26.12994553827275 0.13011022597285765 0.1 0.33838357624310417 1.0 -1.0 -1.0 -1.0 -1.0 
214.27 3.04 20251119.0 673.0 3.6279007508719 28.21329304053091 0.1299305782128723 0.1 0.8301430242794678 8.0 -1.0 -1.0 -1.0 -1.0 
214.27 3.04 20251119.0 283.0 1.10256396094 20.626176763650445 0.8327066811661998 0.1 9.848081303900782 32.0 9.61761102692351 32.0 1.102580426959321 20.745576286962912 
214.27 3.04 20251119.0 673.0 0.2997683063955779 50.52895061447031 0.11585276161218677 0.1 0.4430214072253053 16.0 -1.0 -1.0 -1.0 -1.0 
214.27 3.04 20251119.0 840.0 279.6976986512927 0.0 0.2502878939735271 0.1 1.8856640042474255 1.0 -1.0 -1.0 -1.0 -1.0 
214.27 3.04 20251119.0 1041.0 1.125121 34.54625485087786 0.07172747925877018 0.1 0.4324468107676971 16.0 -1.0 -1.0 -1.0 -1.0 
214.27 3.04 20251119.0 942.0 189.186767288861 69.09250970175572 0.17271248479812762 0.1 0.5754828268791569 1.0 -1.0 -1.0 -1.0 -1.0 
214.27 3.04 20251119.0 634.0 0.490158044225849 103.63876455263357 0.051840772815238204 0.1 0.4146636159107255 16.0 -1.0 -1.0 -1.0 -1.0 
4.87 -10.03 20251119.0 85.0 0.482589475307 18.88138168723013 1.4421681552054733 0.1 15.258687848313173 32.0 15.507917422569673 32.0 0.4825778887607158 18.92401349103446 
341.41 3.39 20251119.0 1092.0 0.14043617478502363 39.911324407510314 1.634260681291676 0.1 37.44193248799631 32.0 10.783721874187062 1.0 2.387484225134055 43.91990296849709 
145.56 -8.33 20251119.0 1027.0 494.3250341583081 152.71530463350177 2.5412096979365755 0.1 10.270868441842532 1.0 -1.0 -1.0 -1.0 -1.0 
214.27 3.04 20251119.0 796.0 1.2009275467014218 19.486036339529065 2.3863699619569054 0.1 25.75102265056701 32.0 25.773021544743454 32.0 1.2009271207110337 19.328805223463007 
4.87 -10.03 20251119.0 221.0 1.528397635626 37.127814255774645 2.4012536820103056 0.1 23.5606778916458 16.0 23.408161456708516 16.0 1.5283755298393469 37.54443318274752 
75.19 -9.19 20251119.0 217.0 224.818628 27.153152878150806 7.36862980950253 0.1 46.90058922150746 2.0 46.88827485722607 2.0 224.81835912913087 27.12104607271249 
341.41 3.39 20251119.0 580.0 1.82404901739 69.31773326918638 1.348692651777729 0.1 3.2346590605630214 4.0 -1.0 -1.0 -1.0 -1.0 
145.88 -8.33 20251119.0 941.0 0.60036073356 7.944061518262187 0.13788402464999405 0.1 0.34171115810436936 1.0 -1.0 -1.0 -1.0 -1.0 
145.88 -8.33 20251119.0 297.0 129.5671 48.41007603370119 0.0860188157826944 0.1 0.4502589804727353 1.0 -1.0 -1.0 -1.0 -1.0 
145.88 -8.33 20251119.0 508.0 0.03182996304895867 10.942107723430102 0.026268903444130805 0.1 0.4058387336229504 32.0 -1.0 -1.0 -1.0 -1.0 
145.88 -8.33 20251119.0 434.0 1.823453 0.0 0.019830320481378012 0.1 0.33829717517410207 1.0 -1.0 -1.0 -1.0 -1.0 
145.88 -8.33 20251119.0 679.0 0.406854393535 50.72328934936374 0.04521322924321567 0.1 0.3689012156340294 16.0 -1.0 -1.0 -1.0 -1.0 
145.88 -8.33 20251119.0 829.0 0.28108944487083143 101.44657869872748 0.013817009029464065 0.1 0.45772471640398615 8.0 -1.0 -1.0 -1.0 -1.0 
145.88 -8.33 20251119.0 839.0 1.76044 152.16986804809122 0.5486228948385006 0.1 6.533241105099309 16.0 6.4251192801476895 16.0 1.7604179447516801 151.89809759381137 
214.27 3.04 20251119.0 282.0 22.63768084505762 27.47738422132529 2.883672890251542 0.1 53.19652108082341 16.0 53.2243318390333 16.0 22.637686925008893 27.525837805141034 
4.87 -10.03 20251119.0 8.0 276.59755044807 111.38344276732394 2.3358063980337582 0.1 10.802755220989196 1.0 -1.0 -1.0 -1.0 -1.0 
75.52 -9.19 20251119.0 1103.0 373.48133934312847 100.05575076381756 0.2785765107675899 0.1 0.8315378065775471 1.0 -1.0 -1.0 -1.0 -1.0 
75.52 -9.19 20251119.0 767.0 183.72305 83.9446082199491 0.014683063658065707 0.1 0.35233122254411364 1.0 -1.0 -1.0 -1.0 -1.0 
75.52 -9.19 20251119.0 484.0 0.9946930319708154 109.37058375182427 0.42136888815427487 0.1 7.623295136180918 16.0 7.0197214146434215 16.0 0.9946840388389926 108.99017395638563 
75.52 -9.19 20251119.0 920.0 2.721252916869455 105.38909450247746 0.03726122474712506 0.1 0.45373738575344325 1.0 -1.0 -1.0 -1.0 -1.0 
75.52 -9.19 20251119.0 578.0 62.29588783082522 76.66681624323611 0.6647866174025409 0.1 5.5349619086131785 2.0 -1.0 -1.0 -1.0 -1.0 
75.52 -9.19 20251119.0 641.0 0.1240487627371042 0.0 0.03788417601929283 0.1 0.5644349284723802 16.0 -1.0 -1.0 -1.0 -1.0 
75.52 -9.19 20251119.0 149.0 2.064623 61.7223426421995 0.04181789195669733 0.1 0.3739639289726873 1.0 -1.0 -1.0 -1.0 -1.0 
75.52 -9.19 20251119.0 641.0 74.074074 123.444685284399 0.010879367828068814 0.1 0.3436088518936456 1.0 -1.0 -1.0 -1.0 -1.0 
75.52 -9.19 20251119.0 283.0 40.392666237447244 185.1670279265985 0.010841852894594774 0.1 0.33946979882586864 1.0 -1.0 -1.0 -1.0 -1.0 
341.41 3.39 20251119.0 75.0 1.09911524378 38.685546630866874 1.439182308108407 0.1 55.038831582648 32.0 52.24601855320371 32.0 1.0991243470925838 38.657610446926014 
214.59 3.04 20251119.0 131.0 0.86242599125 43.88659395113665 0.20784126316275736 0.1 2.634880530369373 16.0 -1.0 -1.0 -1.0 -1.0 
214.59 3.04 20251119.0 26.0 216.15680256952177 51.71607845801476 0.016696377761121782 0.1 0.3378683914627426 1.0 -1.0 -1.0 -1.0 -1.0 
214.59 3.04 20251119.0 696.0 16.4413566796379 48.96798124699132 0.013999567261057845 0.1 0.3424998890808036 1.0 -1.0 -1.0 -1.0 -1.0 
214.59 3.04 20251119.0 379.0 277.0397054558288 54.70268976659873 0.06221274842200597 0.1 0.47705232629953787 1.0 -1.0 -1.0 -1.0 -1.0 
214.59 3.04 20251119.0 1022.0 0.48604 0.0 0.27954044003046397 0.1 2.784531305097811 32.0 -1.0 -1.0 -1.0 -1.0 
214.59 3.04 20251119.0 430.0 62.421973 69.12760757993311 0.2504608637573597 0.1 1.5266658756595175 2.0 -1.0 -1.0 -1.0 -1.0 
5.19 -10.03 20251119.0 741.0 1.4499216603224474 92.77556457426148 0.05358866120566024 0.1 0.35479509041661983 16.0 -1.0 -1.0 -1.0 -1.0 
5.19 -10.03 20251119.0 493.0 296.81031620473095 107.04186955444585 0.02689322988764996 0.1 0.3707721329142181 1.0 -1.0 -1.0 -1.0 -1.0 
5.19 -10.03 20251119.0 599.0 0.039142364678518046 55.33765955204328 0.019898937272332506 0.1 0.33749375247984786 1.0 -1.0 -1.0 -1.0 -1.0 
5.19 -10.03 20251119.0 982.0 0.765609 37.148120702308205 0.03639620525988885 0.1 0.3407106290409556 1.0 -1.0 -1.0 -1.0 -1.0 
5.19 -10.03 20251119.0 877.0 12.359917476 111.44436210692461 0.08922674486302233 0.1 2.523195389676099 32.0 -1.0 -1.0 -1.0 -1.0 
75.52 -9.19 20251119.0 643.0 218.15265566266055 62.426047718828244 7.569861067277132 0.1 55.615225745149594 1.0 55.61947683039539 1.0 218.15261182685694 62.43912472710301 
341.41 3.39 20251119.0 704.0 1.29806938188 75.20146659707487 1.3533593923801217 0.1 31.960475032725224 32.0 31.84892909449189 32.0 1.2980611548603824 75.19006429860217 
214.59 3.04 20251119.0 274.0 1.132077460855 91.24719758413313 1.7718413897984584 0.1 9.204217262168633 8.0 9.404969356336922 8.0 1.132139004766941 91.28053566263681 
5.19 -10.03 20251119.0 1048.0 0.0011114843736737697 29.323944064738342 2.223999644408111 0.1 3.614051377607826 1.0 -1.0 -1.0 -1.0 -1.0 
341.41 3.39 20251119.0 139.0 0.08549343625325015 59.597315500403916 1.7535751903771573 0.1 11.834756652242941 32.0 12.360806906406316 32.0 0.08549250196665525 64.46308338924572 
214.59 3.04 20251119.0 55.0 0.013727929557929869 27.802447633033402 4.77164215599067 0.1 4.729765334755493 1.0 -1.0 -1.0 -1.0 -1.0 
5.19 -10.03 20251119.0 640.0 5.446712522089698 73.37116069105758 5.7819749743951 0.1 138.5331835867468 32.0 138.56885811211296 32.0 5.446721236997595 73.36850150267371 
145.88 -8.33 20251119.0 889.0 0.437622173394 31.319690813378507 9.455784582756957 0.1 167.25670600913804 32.0 49.55217857519328 2.0 4.813773557543755 31.776150995640755 
75.84 -9.19 20251119.0 295.0 2.848095175 37.467735370468844 0.8275453051641871 0.1 18.007343931071023 32.0 18.33301355505189 32.0 2.8480826586019248 37.443235249640374 
75.84 -9.19 20251119.0 806.0 0.0950246184471621 42.72440272095253 0.015032032351528765 0.1 0.3374891451414632 1.0 -1.0 -1.0 -1.0 -1.0 
75.84 -9.19 20251119.0 1079.0 6.690724023 117.67851412625365 0.1152142376713014 0.1 3.044276583775187 32.0 -1.0 -1.0 -1.0 -1.0 
75.84 -9.19 20251119.0 361.0 0.41541999384144046 23.431315104815592 0.7192596354648153 0.1 25.74129794697186 32.0 25.115401887768243 32.0 0.41542686327981454 23.579118413962725 
75.84 -9.19 20251119.0 620.0 5.093688844679 78.36535298380647 0.011705954741682708 0.1 0.3423641733974691 1.0 -1.0 -1.0 -1.0 -1.0 
75.84 -9.19 20251119.0 85.0 0.021636602957540295 0.0 0.17235490300747427 0.1 0.33982744246523044 1.0 -1.0 -1.0 -1.0 -1.0 
75.84 -9.19 20251119.0 1121.0 1.29679780121 62.12933432326998 0.6085250039418514 0.1 27.434454784135855 32.0 26.86772049537591 32.0 1.2967878622779003 62.135530927781595 
75.84 -9.19 20251119.0 601.0 0.020664794576950578 186.38800296980995 0.3111353056906542 0.1 0.3413791466682794 1.0 -1.0 -1.0 -1.0 -1.0 
341.41 3.39 20251119.0 371.0 1.683615 81.71034659105153 1.317382746266101 0.1 11.36056739883532 16.0 11.337109526184676 16.0 1.6835959589419267 81.56553408435174 
214.59 3.04 20251119.0 598.0 4.334473906369 34.563803789966556 1.2218241385477433 0.1 54.835001659223785 32.0 54.93305850025239 32.0 4.334469849709421 34.50849518953343 
145.88 -8.33 20251119.0 807.0 28.61657456791737 136.47958562409062 9.580719820772561 0.1 135.42210372018744 16.0 135.44333784204952 16.0 28.616523195523772 136.51601176152667 
75.84 -9.19 20251119.0 721.0 1.57818245286 22.201031256830046 1.3083130433883792 0.1 19.805102150979614 32.0 20.260325803605134 32.0 1.5781855230064443 22.162347350462817 
341.73 3.39 20251119.0 610.0 3.000716562 64.92432698896198 0.7001394006514241 0.1 7.708970433774447 16.0 7.857519246501819 16.0 3.0007261860494814 64.96907305478142 
341.73 3.39 20251119.0 428.0 0.1372460961007561 58.4012984715036 0.01113024311104136 0.1 0.33748462707149784 1.0 -1.0 -1.0 -1.0 -1.0 
341.73 3.39 20251119.0 518.0 1.487031729 80.14880630550651 0.04219514914022988 0.1 0.3504433473311764 1.0 -1.0 -1.0 -1.0 -1.0 
341.73 3.39 20251119.0 230.0 117.8372326493 81.58069061421689 0.9191710546085191 0.1 6.878084735689661 1.0 7.027833135777113 1.0 117.83752900858721 81.56553408435174 
5.19 -10.03 20251119.0 36.0 0.727899551124 6.486710545677581 9.67383242068429 0.1 161.7254944102269 32.0 42.113268342789 2.0 9.46262540916602 5.970678053321033 
145.88 -8.33 20251119.0 518.0 4.4039248637 0.7609254327837345 5.1270905438291665 0.1 167.6095032968679 32.0 -1.0 -1.0 -1.0 -1.0 
341.73 3.39 20251119.0 527.0 0.0011853443605271085 10.916588062988518 4.373852028968508 0.1 2.9322075518989004 1.0 -1.0 -1.0 -1.0 -1.0 
75.84 -9.19 20251119.0 72.0 1.8744076182 124.25866864653996 1.6858645646158539 0.1 84.30699982897777 32.0 76.21132256699906 32.0 1.874407947373887 124.27106185556319 
5.19 -10.03 20251119.0 316.0 196.27145538862112 0.0 2.7135845277589143 0.1 16.84660299432348 2.0 -1.0 -1.0 -1.0 -1.0 
214.59 3.04 20251119.0 1100.0 0.99506614549 103.69141136989967 6.759008432993412 0.1 343.1953129237178 32.0 327.0478657026489 32.0 0.9950781532097609 103.62668350170742 
341.73 3.39 20251119.0 1086.0 0.03457486588770644 41.7449348462487 8.26973797382897 0.1 8.316317693819796 32.0 -1.0 -1.0 -1.0 -1.0 
146.21 -8.33 20251119.0 642.0 8.161400793251826 43.45990968949941 0.5407210755959562 0.1 4.9990244372819035 8.0 6.511842331090008 16.0 8.161381022849431 43.41391330296141 
146.21 -8.33 20251119.0 274.0 1.3235647032 69.67839672827976 0.9534500147295625 0.1 3.5880691035909216 8.0 -1.0 -1.0 -1.0 -1.0 
146.21 -8.33 20251119.0 1019.0 0.03896289880254247 67.29765499022972 0.16558534687975424 0.1 1.008210149426919 32.0 -1.0 -1.0 -1.0 -1.0 
146.21 -8.33 20251119.0 812.0 1.44327383863352 139.59941681839902 0.013219411484660288 0.1 0.4586312634092728 8.0 -1.0 -1.0 -1.0 -1.0 
146.21 -8.33 20251119.0 458.0 76.15925535160942 96.59442593234866 0.06255753505687536 0.1 0.4642055933438659 1.0 -1.0 -1.0 -1.0 -1.0 
146.21 -8.33 20251119.0 1092.0 0.603344173844 107.67928077639054 0.820146411750295 0.1 33.26569931897764 32.0 33.596777890100604 32.0 0.6033587851561606 107.77579875909998 
76.17 -9.19 20251119.0 1086.0 0.004118185284008098 2.1421491548837457 0.058180369841616314 0.1 0.33806229629379103 1.0 -1.0 -1.0 -1.0 -1.0 
76.17 -9.19 20251119.0 990.0 10.87 102.1279004981856 0.016719462910944952 0.1 2.5475332809205695 16.0 -1.0 -1.0 -1.0 -1.0 
76.17 -9.19 20251119.0 1027.0 3.266185930826 76.3657382933995 0.35160464630911753 0.1 4.461574128896035 16.0 -1.0 -1.0 -1.0 -1.0 
76.17 -9.19 20251119.0 308.0 1.511147032661511 23.845502434626958 0.8775953823312233 0.1 15.940676190679596 16.0 16.211850347953973 16.0 1.5111557634857795 23.882712213284133 
76.17 -9.19 20251119.0 1109.0 78.64901308403884 56.01532132200391 0.0126739004351202 0.1 0.34069268287757487 1.0 -1.0 -1.0 -1.0 -1.0 
76.17 -9.19 20251119.0 848.0 70.11296273863123 0.0 0.5585662712153208 0.1 8.318403454099194 4.0 -1.0 -1.0 -1.0 -1.0 
76.17 -9.19 20251119.0 81.0 9.239582 62.62967660725899 0.6439926164566273 0.1 14.683667530465275 32.0 15.278444413428277 32.0 9.239586991801238 62.64152059331728 
76.17 -9.19 20251119.0 671.0 0.8163375015165671 125.25935321451799 0.4791461984531407 0.1 4.459275859671973 16.0 -1.0 -1.0 -1.0 -1.0 
76.17 -9.19 20251119.0 980.0 14.562478397332466 187.88902982177697 0.5241697417096923 0.1 7.764182408450883 4.0 8.188584493188326 4.0 14.562586632867655 187.72216591373757 
341.73 3.39 20251119.0 929.0 298.121588082968 90.69824454574878 1.4421681552054733 0.1 6.943708235438787 1.0 -1.0 -1.0 -1.0 -1.0 
214.91 3.04 20251119.0 145.0 0.04060817251068505 36.74320050666821 0.7302748574690714 0.1 0.8889482671052511 32.0 -1.0 -1.0 -1.0 -1.0 
214.91 3.04 20251119.0 20.0 3.900868462421 29.128996900825616 0.2316522291218108 0.1 7.9278983719795955 32.0 6.890958020157391 32.0 3.9008834088842077 29.145004734855213 
214.91 3.04 20251119.0 126.0 24.364904074197256 94.93895286195016 0.19090973852029158 0.1 2.627428974525491 2.0 -1.0 -1.0 -1.0 -1.0 
214.91 3.04 20251119.0 975.0 1.32793661839 15.041682872577331 0.4732248113273929 0.1 4.494217500256656 16.0 -1.0 -1.0 -1.0 -1.0 
214.91 3.04 20251119.0 477.0 0.02685292486210864 36.94029842017095 0.038384723436228105 0.1 0.33792410737366724 1.0 -1.0 -1.0 -1.0 -1.0 
214.91 3.04 20251119.0 942.0 1.55583240504 16.17240248161935 0.026305223991040697 0.1 3.2983974550603143 32.0 -1.0 -1.0 -1.0 -1.0 
214.91 3.04 20251119.0 298.0 0.0107110471918072 0.0 0.123029426881317 0.1 0.35289213166577826 1.0 -1.0 -1.0 -1.0 -1.0 
214.91 3.04 20251119.0 761.0 0.2935531038 34.5751234581381 0.2598013863049036 0.1 0.3389468687378215 1.0 -1.0 -1.0 -1.0 -1.0 
214.91 3.04 20251119.0 798.0 343.850032475 69.1502469162762 0.1356167184131214 0.1 0.5370616555111923 1.0 -1.0 -1.0 -1.0 -1.0 
214.91 3.04 20251119.0 1062.0 1.2690139217352538 103.7253703744143 0.023519990593521705 0.1 0.3436775588341578 1.0 -1.0 -1.0 -1.0 -1.0 
5.19 -10.03 20251119.0 1141.0 2.4784478211 74.29624140461641 4.127257507209404 0.1 171.81765819436694 32.0 171.7487912177601 32.0 2.4784640118014067 74.27928290063794 
146.21 -8.33 20251119.0 790.0 1.0332220002 0.0 1.2260518892579046 0.1 18.003992412364404 32.0 -1.0 -1.0 -1.0 -1.0 
341.73 3.39 20251119.0 445.0 3.587701 0.0 2.4045737614793823 0.1 53.027903270811265 32.0 -1.0 -1.0 -1.0 -1.0 
215.23 3.04 20251119.0 352.0 0.009161673065653934 52.22729461950416 0.014774641499094882 0.1 2.101871097681758 32.0 -1.0 -1.0 -1.0 -1.0 
215.23 3.04 20251119.0 930.0 0.377295945018 76.57166838810275 0.011076548168288122 0.1 1.8575065375657192 8.0 -1.0 -1.0 -1.0 -1.0 
215.23 3.04 20251119.0 17.0 6.247267 70.04455368202922 0.07217484146096123 0.1 0.6336446512709937 16.0 -1.0 -1.0 -1.0 -1.0 
215.23 3.04 20251119.0 1108.0 2.348959950399 1.546168666462571 0.027305090755433154 0.1 0.3408485645837763 1.0 -1.0 -1.0 -1.0 -1.0 
215.23 3.04 20251119.0 989.0 23.37773982630737 0.0 0.0611052616207523 0.1 0.37702959304254624 1.0 -1.0 -1.0 -1.0 -1.0 
215.23 3.04 20251119.0 428.0 3.581580930862 34.586444062548644 0.021484893899790705 0.1 0.466787715442868 8.0 -1.0 -1.0 -1.0 -1.0 
215.23 3.04 20251119.0 143.0 0.80130712057 103.75933218764594 0.019585253308191688 0.1 0.3402373983088981 1.0 -1.0 -1.0 -1.0 -1.0 
5.52 -10.03 20251119.0 400.0 7.16816991526 46.55811125348095 0.8049901736525529 0.1 6.186073094667859 4.0 6.4353276986917445 8.0 7.168152175533275 46.65224716238977 
5.52 -10.03 20251119.0 108.0 0.28238416279484624 42.20897032201806 0.03329294667906999 0.1 0.33771466289511287 1.0 -1.0 -1.0 -1.0 -1.0 
5.52 -10.03 20251119.0 1047.0 0.07943282347242814 78.49641799119819 0.14949183117699152 0.1 0.33864777618997133 1.0 -1.0 -1.0 -1.0 -1.0 
5.52 -10.03 20251119.0 222.0 0.513208827209361 0.0 0.2094267259147316 0.1 1.8163544204931195 32.0 -1.0 -1.0 -1.0 -1.0 
5.52 -10.03 20251119.0 1038.0 0.01919987137799134 111.50528249666013 0.42870960754281573 0.1 0.35149359739974195 1.0 -1.0 -1.0 -1.0 -1.0 
76.17 -9.19 20251119.0 1072.0 3.71948826869585 48.53659006197119 1.8959539414334392 0.1 247.01235057246492 32.0 245.57288854207744 32.0 3.7194695323705678 48.47380995831822 
341.73 3.39 20251119.0 865.0 0.001360562470821819 40.790345307108446 1.346830464451645 0.1 0.44739978929188745 1.0 -1.0 -1.0 -1.0 -1.0 
215.23 3.04 20251119.0 848.0 27.966534614282857 92.38617206386758 7.696417685155276 0.1 113.87459428985086 16.0 113.90163785489325 16.0 27.96653764865672 92.39371292681531 
5.52 -10.03 20251119.0 703.0 7.146916389768 46.825750695417135 2.7305090755433166 0.1 53.33543688371642 32.0 50.830410107400105 32.0 7.146930632491907 46.854643028604045 
146.21 -8.33 20251119.0 751.0 0.61215781184 50.54147906318965 5.706576420513992 0.1 103.88606464805345 16.0 25.842875900785263 2.0 6.7336562400062885 50.497768620460945 
76.49 -9.19 20251119.0 201.0 3.535085 121.90707828144802 0.08524974121288688 0.1 0.46164137852439513 1.0 -1.0 -1.0 -1.0 -1.0 
76.49 -9.19 20251119.0 232.0 0.20659797025052828 10.703574083763503 0.07852166481863483 0.1 0.5347907087796033 32.0 -1.0 -1.0 -1.0 -1.0 
76.49 -9.19 20251119.0 1131.0 1.78733106975 36.6194844317077 0.3777963221727812 0.1 11.066439230859382 32.0 10.555445435583048 32.0 1.7873389879241588 36.83604765099756 
76.49 -9.19 20251119.0 315.0 13.28856 14.871337443813008 0.012612758521908175 0.1 0.46029377723549136 8.0 -1.0 -1.0 -1.0 -1.0 
76.49 -9.19 20251119.0 767.0 0.520833 0.0 0.27742418216794434 0.1 1.3125992976585033 16.0 -1.0 -1.0 -1.0 -1.0 
76.49 -9.19 20251119.0 449.0 0.002361643206703525 63.14161490475001 0.6229876651759418 0.1 0.44002615208040585 1.0 -1.0 -1.0 -1.0 -1.0 
76.49 -9.19 20251119.0 7.0 180.6894404992171 126.28322980950001 0.0966715161364107 0.1 0.5477259321158475 1.0 -1.0 -1.0 -1.0 -1.0 
76.49 -9.19 20251119.0 650.0 0.63683091551 189.42484471425 0.01673101745255539 0.1 0.33795365981635617 1.0 -1.0 -1.0 -1.0 -1.0 
5.52 -10.03 20251119.0 1.0 122.285985983522 65.24826561535738 2.3568787118632564 0.1 6.350795094362277 1.0 -1.0 -1.0 -1.0 -1.0 
146.21 -8.33 20251119.0 550.0 21.4197 101.0829581263793 1.8076973133862846 0.1 16.91260524054524 8.0 16.666841939558896 8.0 21.419691620394588 101.09673517402902 
215.23 3.04 20251119.0 559.0 1.59661787292 75.6377410056757 7.857592982991545 0.1 131.5479101926345 32.0 132.04798734661256 32.0 1.5966179489623757 75.79725189724498 
5.52 -10.03 20251119.0 874.0 65.44272043545732 52.646908557529 1.000691083300461 0.1 12.92687212698065 4.0 12.9130397961842 4.0 65.4428731650114 52.6229252157108 
76.49 -9.19 20251119.0 326.0 0.10513412328808318 134.7324228030549 3.718407956863619 0.1 5.596079274864205 8.0 -1.0 -1.0 -1.0 -1.0 
341.73 3.39 20251119.0 890.0 1.5075398485581 122.37103592132533 9.495060794807578 0.1 309.06210590047425 32.0 309.6613799743594 32.0 1.5075481011687468 122.24710319342049 
146.21 -8.33 20251119.0 1018.0 0.961936 151.62443718956894 1.1641437226092493 0.1 6.387608049784563 8.0 6.650645168391749 16.0 0.9619422295751672 150.48132653031143 
5.52 -10.03 20251119.0 438.0 1.3559 37.16842749888671 7.575092471847536 0.1 13.92966702628162 8.0 13.848690438166937 8.0 1.3558747014030814 37.443235249640374 
342.05 3.39 20251119.0 849.0 0.039142364678518046 46.040729493876626 0.8390587664365596 0.1 7.60384724528548 32.0 7.0932417419856915 32.0 0.039138588666295014 52.11693555017512 
342.05 3.39 20251119.0 825.0 2.467080757786 68.32796160556212 0.06229876651759419 0.1 0.4248949856052386 8.0 -1.0 -1.0 -1.0 -1.0 
342.05 3.39 20251119.0 384.0 1.441314243856 38.68496538684008 0.7202541156259633 0.1 11.205677862580833 16.0 10.649046921057815 16.0 1.4413065703896186 38.758808380033145 
342.05 3.39 20251119.0 874.0 2.5269713831 87.09615706803413 0.7491822145372189 0.1 18.941384742704024 32.0 18.683998567429466 32.0 2.526970395895963 87.03022247213708 
342.05 3.39 20251119.0 319.0 0.4946838488133798 64.79670607909442 0.24413990085839093 0.1 2.5840616151888933 32.0 -1.0 -1.0 -1.0 -1.0 
342.05 3.39 20251119.0 502.0 2.9732066401153 110.89852995924211 0.04067812589587062 0.1 0.38252193596546685 1.0 -1.0 -1.0 -1.0 -1.0 
342.05 3.39 20251119.0 43.0 0.46869334353 0.0 0.18455533867962315 0.1 0.5837232599924479 16.0 -1.0 -1.0 -1.0 -1.0 
342.05 3.39 20251119.0 416.0 0.2782498950301 40.72551788829374 0.022255366134225914 0.1 1.8197478854538447 16.0 -1.0 -1.0 -1.0 -1.0 
76.49 -9.19 20251119.0 996.0 4.84 64.52455456513007 1.9734654293999798 0.1 75.62510920710956 32.0 75.68393498231775 32.0 4.839997321444875 64.56428132235287 
146.53 -8.33 20251119.0 305.0 202.687857064989 25.170216643512553 0.7863023234283906 0.1 6.666252991424252 1.0 -1.0 -1.0 -1.0 -1.0 
146.53 -8.33 20251119.0 1060.0 1.4103082645658 51.79081791954444 0.7128288994718621 0.1 8.237431334803432 8.0 8.429834279048666 8.0 1.4103231175492208 51.91453968396085 
146.53 -8.33 20251119.0 198.0 24.141992420828597 79.28769324439008 0.12422511885612372 0.1 0.5676019042830341 4.0 -1.0 -1.0 -1.0 -1.0 
146.53 -8.33 20251119.0 395.0 0.03271982139587308 46.125252948765805 0.012201371230349731 0.1 0.45683572134859973 8.0 -1.0 -1.0 -1.0 -1.0 
146.53 -8.33 20251119.0 317.0 6.9218635401 119.68694852935562 0.32949724307776485 0.1 2.9352652142692857 8.0 -1.0 -1.0 -1.0 -1.0 
146.53 -8.33 20251119.0 1009.0 276.35575461663 0.0 0.5535722578609739 0.1 1.0791348236786695 1.0 -1.0 -1.0 -1.0 -1.0 
146.53 -8.33 20251119.0 644.0 24.623136935 50.35554146028051 0.9862781229004143 0.1 9.63937589142721 8.0 10.074139324674782 8.0 24.623174491959315 50.3965706873538 
146.53 -8.33 20251119.0 436.0 14.900961263113452 100.71108292056103 0.07819686083637166 0.1 0.467016714390008 1.0 -1.0 -1.0 -1.0 -1.0 
146.53 -8.33 20251119.0 177.0 10.339123 151.06662438084155 0.015592627068837125 0.1 0.34214110628122485 1.0 -1.0 -1.0 -1.0 -1.0 
215.23 3.04 20251119.0 799.0 0.2415 69.17288812509729 4.808041380999948 0.1 47.809296950737114 16.0 47.275525616178534 32.0 0.24150115981077155 69.4217821114954 
76.81 -9.19 20251119.0 1087.0 286.0965396602095 167.09816361577055 0.8252616410692566 0.1 6.7962335310286175 1.0 -1.0 -1.0 -1.0 -1.0 
76.81 -9.19 20251119.0 85.0 0.304647 46.97845514226235 0.011959355362282424 0.1 0.337637086534289 1.0 -1.0 -1.0 -1.0 -1.0 
76.81 -9.19 20251119.0 89.0 0.217373867646 51.25616813082607 0.013137473444842831 0.1 0.4125985864298001 32.0 -1.0 -1.0 -1.0 -1.0 
76.81 -9.19 20251119.0 85.0 1.36600561328 181.19170015844924 0.04854769522709862 0.1 0.4626128889641089 32.0 -1.0 -1.0 -1.0 -1.0 
76.81 -9.19 20251119.0 782.0 0.5557801858 86.98652974512397 0.44347044990778317 0.1 11.937271526184361 32.0 10.99498677274915 32.0 0.5557922122534364 87.13142040524421 
76.81 -9.19 20251119.0 960.0 0.881912 0.0 0.08613774919917346 0.1 0.45917869011918194 32.0 -1.0 -1.0 -1.0 -1.0 
76.81 -9.19 20251119.0 480.0 0.538627704166 127.30015527574017 0.06801164172027586 0.1 3.5469618541646915 32.0 -1.0 -1.0 -1.0 -1.0 
76.81 -9.19 20251119.0 578.0 5.4671245678 190.95023291361025 0.36572640384638283 0.1 3.54919537488129 8.0 -1.0 -1.0 -1.0 -1.0 
146.53 -8.33 20251119.0 1113.0 0.0017598805570259 85.8446404372379 3.680074287912839 0.1 40.384498293199655 8.0 -1.0 -1.0 -1.0 -1.0 
5.52 -10.03 20251119.0 965.0 0.2656936554 74.33685499777341 1.4907929892623273 0.1 69.4207410152159 32.0 69.4868520287302 32.0 0.2656937188779315 74.4816787668522 
215.55 3.03 20251119.0 218.0 0.80262320764 81.54763704034887 0.027267389657354698 0.1 0.34001206541308593 1.0 -1.0 -1.0 -1.0 -1.0 
215.55 3.03 20251119.0 991.0 35.2051272362 33.428821294706985 0.33779472650745396 0.1 2.744321939858213 4.0 -1.0 -1.0 -1.0 -1.0 
215.55 3.03 20251119.0 227.0 7.759092411211903 53.57954866521204 0.15646580610990843 0.1 2.547646835819287 16.0 -1.0 -1.0 -1.0 -1.0 
215.55 3.03 20251119.0 988.0 1.2985102380369886 17.92906036520465 0.6347171864724822 0.1 2.876458078168667 8.0 -1.0 -1.0 -1.0 -1.0 
215.55 3.03 20251119.0 686.0 0.7112066328898301 38.61963205475465 0.1885504367633259 0.1 2.2058671846551596 32.0 -1.0 -1.0 -1.0 -1.0 
215.55 3.03 20251119.0 412.0 69.15298390559036 40.79977257397468 0.11246181818083695 0.1 0.6433412779594169 1.0 -1.0 -1.0 -1.0 -1.0 
215.55 3.03 20251119.0 734.0 1.660503 0.0 0.09828771754600636 0.1 0.3459310560690069 1.0 -1.0 -1.0 -1.0 -1.0 
215.55 3.03 20251119.0 924.0 7.92393 34.60194452647776 0.024925258091868234 0.1 2.520713386482659 32.0 -1.0 -1.0 -1.0 -1.0 
215.55 3.03 20251119.0 865.0 0.006170724176712507 69.20388905295552 0.12000737073062885 0.1 0.3376234355182581 1.0 -1.0 -1.0 -1.0 -1.0 
215.55 3.03 20251119.0 141.0 365.953363096 103.80583357943328 0.07440243664430446 0.1 0.3877333690296183 1.0 -1.0 -1.0 -1.0 -1.0 
76.81 -9.19 20251119.0 95.0 2.3708002151718817 79.44324121618348 2.0812863367917687 0.1 29.193372518019046 32.0 29.34410148547809 32.0 2.3708101556015513 79.54157542220902 
342.05 3.39 20251119.0 561.0 0.890226 81.45103577658747 7.476311169537813 0.1 306.2262287641457 32.0 98.18477914964713 2.0 9.792468821009 81.46433615124461 
146.85 -8.33 20251119.0 1089.0 283.47907593104804 60.76622776514177 0.5746136488224568 0.1 4.128698486568777 1.0 -1.0 -1.0 -1.0 -1.0 
146.85 -8.33 20251119.0 993.0 2.52544914331 63.295018021407266 0.025926349673057604 0.1 0.849869959329045 16.0 -1.0 -1.0 -1.0 -1.0 
146.85 -8.33 20251119.0 912.0 0.4768275549886239 38.4285805014632 0.06579332246575682 0.1 0.37954618241748167 32.0 -1.0 -1.0 -1.0 -1.0 
146.85 -8.33 20251119.0 240.0 0.6249554554 76.9775795865581 0.052236226600888856 0.1 0.45567870376919967 32.0 -1.0 -1.0 -1.0 -1.0 
146.85 -8.33 20251119.0 14.0 0.51855097775 0.0 0.02487365314604508 0.1 0.3377051414321007 1.0 -1.0 -1.0 -1.0 -1.0 
146.85 -8.33 20251119.0 119.0 1.863238 50.16939240555302 0.014431648135339923 0.1 0.3393904257985352 1.0 -1.0 -1.0 -1.0 -1.0 
146.85 -8.33 20251119.0 467.0 0.956358508607 100.33878481110604 0.013740856411831391 0.1 0.4141482525406672 32.0 -1.0 -1.0 -1.0 -1.0 
146.85 -8.33 20251119.0 21.0 8.9666688432 150.50817721665905 0.2964470921587799 0.1 2.8865616367263502 16.0 -1.0 -1.0 -1.0 -1.0 
215.87 3.03 20251119.0 128.0 0.0051582216507230555 64.35604288565847 0.4042599017082545 0.1 0.6382690941037322 1.0 -1.0 -1.0 -1.0 -1.0 
215.87 3.03 20251119.0 322.0 2.88353187692 56.075163618646876 0.3234081611808159 0.1 13.13484860432889 32.0 12.395675294300005 32.0 2.88352263548101 56.06365494135343 
215.87 3.03 20251119.0 580.0 0.0023186280869697674 93.93654887459448 0.5801981739716653 0.1 0.43209778688339284 1.0 -1.0 -1.0 -1.0 -1.0 
215.87 3.03 20251119.0 818.0 1.29716868462 69.26015206260887 0.034966677291472716 0.1 1.8197322880206677 16.0 -1.0 -1.0 -1.0 -1.0 
5.84 -10.03 20251119.0 110.0 0.3378130872361059 33.227738304862605 0.5112942010191996 0.1 3.552003986849527 32.0 -1.0 -1.0 -1.0 -1.0 
5.84 -10.03 20251119.0 826.0 1.48817452033 59.638099811783285 0.1125395386653212 0.1 0.8870025392071217 16.0 -1.0 -1.0 -1.0 -1.0 
5.84 -10.03 20251119.0 329.0 2.3707006046372 8.20093608263063 0.05911220609412288 0.1 3.298521975283036 32.0 -1.0 -1.0 -1.0 -1.0 
5.84 -10.03 20251119.0 1149.0 0.8189874162 62.91847424483554 0.3370953604869895 0.1 7.210641760104795 16.0 7.156327487086418 16.0 0.8189696624564629 63.147510258852954 
5.84 -10.03 20251119.0 780.0 0.0035063312405363956 40.245954353807726 0.5366275525710392 0.1 0.3472679843206562 1.0 -1.0 -1.0 -1.0 -1.0 
5.84 -10.03 20251119.0 938.0 171.22104938954 76.70943614705521 0.3718407956863617 0.1 3.3606725420999446 1.0 -1.0 -1.0 -1.0 -1.0 
5.84 -10.03 20251119.0 669.0 0.020102788454756687 0.0 0.019477308940258127 0.1 3.546596456820439 32.0 -1.0 -1.0 -1.0 -1.0 
5.84 -10.03 20251119.0 897.0 3.894405558948306 37.188734644092364 0.44377692492996235 0.1 6.054088033018303 16.0 -1.0 -1.0 -1.0 -1.0 
5.84 -10.03 20251119.0 744.0 0.91744 74.37746928818473 0.10509986549258755 0.1 2.192632300321557 16.0 -1.0 -1.0 -1.0 -1.0 
76.81 -9.19 20251119.0 1064.0 0.0018341944633042777 63.65007763787008 9.560884017047867 0.1 9.253774932617588 16.0 -1.0 -1.0 -1.0 -1.0 
342.05 3.39 20251119.0 868.0 5.53612 122.17655366488121 3.780574109020105 0.1 60.53628751365562 32.0 60.72695862263299 32.0 5.536124566181874 122.14590526031334 
5.84 -10.03 20251119.0 1121.0 3.89441988715 111.56620393227709 1.5052816303829482 0.1 57.019314965511214 32.0 56.95700159424492 32.0 3.89442599650162 111.52012228406403 
215.87 3.03 20251119.0 350.0 0.34069385843 55.50371021879037 1.7535751903771573 0.1 59.75927230153689 32.0 60.04100569673378 32.0 0.3406967152841389 55.35526940960348 
342.37 3.39 20251119.0 100.0 3.08977631356 83.24889158923087 0.3806782426707758 0.1 21.149751432809055 32.0 21.080663517290493 32.0 3.089765717353051 83.28589894717305 
342.37 3.39 20251119.0 477.0 0.8391595430786775 36.9154668741226 0.3113503261046008 0.1 18.07308140931104 32.0 17.3982651788516 32.0 0.8391604448358219 36.937245584104694 
342.37 3.39 20251119.0 1082.0 350.877193 68.0606046565532 0.1349624710746827 0.1 0.8318805404680534 1.0 -1.0 -1.0 -1.0 -1.0 
342.37 3.39 20251119.0 248.0 2.65684439046 65.54752264198966 0.17511539675058443 0.1 6.653893971799388 32.0 7.370897984303466 32.0 2.656846239309137 65.57626065342423 
342.37 3.39 20251119.0 351.0 0.71730671014 0.0 0.46351800288436174 0.1 1.3443439748739634 8.0 -1.0 -1.0 -1.0 -1.0 
342.37 3.39 20251119.0 138.0 1.847124 81.32138208291515 0.2598013863049036 0.1 11.217247058206189 32.0 10.7501888973905 32.0 1.8471231063206992 81.36313821813746 
342.37 3.39 20251119.0 486.0 0.6681174 121.98207312437273 0.0947540233846993 0.1 1.9774527000111735 32.0 -1.0 -1.0 -1.0 -1.0 
6.17 -10.03 20251119.0 566.0 2.28263881746 1.0940552443809008 0.02665278366645541 0.1 2.516565241714176 32.0 -1.0 -1.0 -1.0 -1.0 
6.17 -10.03 20251119.0 347.0 0.005733282760724394 56.25453445342203 0.10394453964744334 0.1 1.368934554110807 32.0 -1.0 -1.0 -1.0 -1.0 
6.17 -10.03 20251119.0 401.0 0.403403 79.70973923346563 0.24498467270948532 0.1 3.04548680952604 32.0 -1.0 -1.0 -1.0 -1.0 
6.17 -10.03 20251119.0 786.0 1.6336314252829 66.73736990723495 0.16040596785870806 0.1 4.027183691065932 32.0 -1.0 -1.0 -1.0 -1.0 
6.17 -10.03 20251119.0 165.0 0.971157 57.28160672365716 0.09993093939658365 0.1 3.789460975252218 32.0 -1.0 -1.0 -1.0 -1.0 
6.17 -10.03 20251119.0 957.0 41.71316172593156 34.775327410678635 0.10265997167873735 0.1 0.6614475893784016 2.0 -1.0 -1.0 -1.0 -1.0 
6.17 -10.03 20251119.0 200.0 1.15226 0.0 0.6229876651759418 0.1 1.3666272938377377 8.0 -1.0 -1.0 -1.0 -1.0 
6.17 -10.03 20251119.0 1131.0 1.07069638835 37.209042137974926 0.026597602073066332 0.1 0.3424337162643471 1.0 -1.0 -1.0 -1.0 -1.0 
6.17 -10.03 20251119.0 625.0 217.15243613666988 74.41808427594985 0.10626803258762317 0.1 0.5974668372606656 1.0 -1.0 -1.0 -1.0 -1.0 
77.14 -9.19 20251119.0 905.0 0.87459446131105 62.24891642369494 0.03148109319224993 0.1 0.35632387287156725 1.0 -1.0 -1.0 -1.0 -1.0 
77.14 -9.19 20251119.0 751.0 3.79922415527 0.0 0.6212684909462429 0.1 7.645791339354066 16.0 -1.0 -1.0 -1.0 -1.0 
77.14 -9.19 20251119.0 1126.0 0.75729440297 64.13466412370177 0.024329804200374016 0.1 0.34668717483235123 1.0 -1.0 -1.0 -1.0 -1.0 
77.14 -9.19 20251119.0 1030.0 0.004493927383091948 128.26932824740354 0.07333081784913688 0.1 0.33839139050461603 1.0 -1.0 -1.0 -1.0 -1.0 
146.85 -8.33 20251119.0 1053.0 0.469903 87.92061837408795 7.6698784043799595 0.1 308.7253320860731 32.0 70.02648810295206 2.0 6.108894012868405 88.14339973631559 
77.14 -9.19 20251119.0 1001.0 230.08774629142 75.795512146193 1.291252279214872 0.1 8.24839220438051 1.0 -1.0 -1.0 -1.0 -1.0 
6.17 -10.03 20251119.0 641.0 1.864837 111.62712641392477 9.403668908068452 0.1 297.2545737603721 32.0 296.0481703869671 32.0 1.8648279365152123 111.62132021717117 
146.85 -8.33 20251119.0 815.0 2.015344 13.020259355176526 6.426593021149961 0.1 48.90750916377675 16.0 49.02764850778233 32.0 2.0153493096586317 13.054533370820563 
215.87 3.03 20251119.0 428.0 1.137799550785 33.975502136923346 2.8559169535731113 0.1 94.50814997637288 32.0 91.68098407371605 32.0 1.1378081884079925 34.00250552399774 
6.49 -10.03 20251119.0 281.0 0.6761483877402292 53.86136381756549 0.08984529718025532 0.1 1.0244421482438468 32.0 -1.0 -1.0 -1.0 -1.0 
6.49 -10.03 20251119.0 384.0 0.911737585544 38.26815272479871 0.015063219053801955 0.1 3.546593297582255 32.0 -1.0 -1.0 -1.0 -1.0 
6.49 -10.03 20251119.0 558.0 97.6103338850929 58.35167245602699 0.08495577759102746 0.1 0.5351039114789383 1.0 -1.0 -1.0 -1.0 -1.0 
6.49 -10.03 20251119.0 216.0 478.4689 77.73148710212324 0.047551882736628685 0.1 0.3721374937200023 1.0 -1.0 -1.0 -1.0 -1.0 
6.49 -10.03 20251119.0 979.0 1.09539127017 16.21872672399525 0.11099528494691152 0.1 4.031329864455057 32.0 -1.0 -1.0 -1.0 -1.0 
6.49 -10.03 20251119.0 880.0 1.2866303199714193 0.0 0.05710520140181009 0.1 0.3410877342529808 1.0 -1.0 -1.0 -1.0 -1.0 
6.49 -10.03 20251119.0 876.0 2.242431224778 37.22934998008001 0.024012536820103035 0.1 3.044278393598448 32.0 -1.0 -1.0 -1.0 -1.0 
6.49 -10.03 20251119.0 789.0 11.626290666701758 111.68804994024002 0.3841125047758769 0.1 8.013497382818567 8.0 8.09532850153969 8.0 11.626252671703696 111.62132021717117 
342.37 3.39 20251119.0 231.0 0.3109940648534266 74.14811885687944 7.923004251845866 0.1 56.59924190732227 16.0 8.024560347221213 1.0 7.152751398583254 74.88647049928075 
147.18 -8.33 20251119.0 253.0 91.94972192255072 71.38321258979234 0.1885504367633259 0.1 0.7682631590607659 1.0 -1.0 -1.0 -1.0 -1.0 
147.18 -8.33 20251119.0 661.0 0.65432390165 24.609212575598576 0.9015617949709186 0.1 19.359269193315065 32.0 19.54557392149475 32.0 0.6543208049455037 24.99588947746263 
147.18 -8.33 20251119.0 113.0 1.28840192872 37.28123245761003 0.7328017514384015 0.1 15.97583072762273 32.0 15.841574262436051 32.0 1.2883901945315301 37.342037316533236 
147.18 -8.33 20251119.0 149.0 0.4856736456943551 0.0 0.7653998783070953 0.1 1.498771051412747 32.0 -1.0 -1.0 -1.0 -1.0 
147.18 -8.33 20251119.0 848.0 2.1933 99.96649057217557 0.19734654293999807 0.1 4.416807957536409 32.0 -1.0 -1.0 -1.0 -1.0 
147.18 -8.33 20251119.0 729.0 0.941974122159 149.94973585826335 0.06934004168588265 0.1 0.4331354038848388 1.0 -1.0 -1.0 -1.0 -1.0 
77.14 -9.19 20251119.0 630.0 0.36792650225 45.238702476694534 3.3109452188119763 0.1 41.28051398301907 16.0 28.775198946707395 16.0 0.7359024796945354 44.72948643335418 
215.87 3.03 20251119.0 439.0 2.351895 79.23461140555884 3.018199722206234 0.1 96.77342409776705 32.0 96.99064630705215 32.0 2.3518926658046744 79.33917955599475 
6.49 -10.03 20251119.0 867.0 0.4471159554606115 79.25059649224951 3.6471715848927673 0.1 17.264164660416593 16.0 14.92087015225211 16.0 0.4471075953915716 79.54157542220902 
342.37 3.39 20251119.0 851.0 83.49080634884763 101.77982158982314 9.05932227729751 0.1 91.51776029219138 2.0 91.51275278031845 2.0 83.49064349507293 101.80512070577898 
147.18 -8.33 20251119.0 1075.0 169.233373 3.5091747365570183 1.2752947183557435 0.1 5.8561840525957365 2.0 -1.0 -1.0 -1.0 -1.0 
77.14 -9.19 20251119.0 410.0 13.162177132154847 70.94644663188973 6.417719598388955 0.1 106.3533307966425 32.0 106.31708694098599 32.0 13.16217700756776 70.93975110810246 
215.87 3.03 20251119.0 266.0 110.67719198432 0.0 1.7307080845765033 0.1 12.834081011938377 4.0 -1.0 -1.0 -1.0 -1.0 
6.49 -10.03 20251119.0 1137.0 1.1954213511528866 74.45869996016002 1.8290527158198637 0.1 28.739668504636313 32.0 27.936425470892623 32.0 1.1954095195202779 74.4816787668522 
342.37 3.39 20251119.0 370.0 2.220010446257 40.660691041457575 1.5689877830407786 0.1 24.347526064151975 16.0 24.27420523408698 16.0 2.2200159340476 40.68156910906873 
215.87 3.03 20251119.0 431.0 162.56588466645525 34.630076031304434 2.454929382500733 0.1 25.9854249231059 2.0 25.988835991562507 2.0 162.5657508460184 34.609693122640564 
77.14 -9.19 20251119.0 714.0 480.01267196822 62.768459157370295 2.7305090755433166 0.1 9.346705922861535 1.0 -1.0 -1.0 -1.0 -1.0 
6.82 -10.03 20251119.0 996.0 14.18475048 29.30351146788174 0.6972432819051365 0.1 19.686528648554475 32.0 19.725255919920237 32.0 14.184752217261122 29.24620266796235 
6.82 -10.03 20251119.0 46.0 1.4633093057546704 90.11220936900476 0.2220928889966337 0.1 2.456789988226873 16.0 -1.0 -1.0 -1.0 -1.0 
6.82 -10.03 20251119.0 1042.0 0.81742601326 27.28065274336359 0.08235530295828544 0.1 0.5201860745052596 8.0 -1.0 -1.0 -1.0 -1.0 
6.82 -10.03 20251119.0 647.0 0.149096940909 0.0 0.2035780138998552 0.1 0.4962773092552004 32.0 -1.0 -1.0 -1.0 -1.0 
6.82 -10.03 20251119.0 649.0 0.00542567507137146 37.24965817027073 0.18998874448821032 0.1 1.5204506724151772 32.0 -1.0 -1.0 -1.0 -1.0 
6.82 -10.03 20251119.0 1047.0 2.13723569512 74.49931634054145 0.30750259483062836 0.1 3.2203519172058224 8.0 -1.0 -1.0 -1.0 -1.0 
147.18 -8.33 20251119.0 88.0 1.373796 43.39979353673509 6.583879113219474 0.1 162.38790091621684 32.0 44.53088956557667 2.0 15.111678900818031 43.312715369854274 
342.69 3.39 20251119.0 608.0 0.028375346691750812 59.45046982427916 0.2865798985321952 0.1 0.34685567338966466 1.0 -1.0 -1.0 -1.0 -1.0 
342.69 3.39 20251119.0 1138.0 280.88555907094616 80.3634910675259 0.44778042737789026 0.1 2.353794992875773 1.0 -1.0 -1.0 -1.0 -1.0 
342.69 3.39 20251119.0 854.0 0.09634374622987066 75.99087917100547 0.07307795382278148 0.1 0.42339734246871263 32.0 -1.0 -1.0 -1.0 -1.0 
342.69 3.39 20251119.0 789.0 314.465409 40.59586476630249 0.27589515532706715 0.1 1.7983344210123802 1.0 -1.0 -1.0 -1.0 -1.0 
342.69 3.39 20251119.0 489.0 1.499691 81.19172953260498 0.11697870538702462 0.1 2.5241269112032474 32.0 -1.0 -1.0 -1.0 -1.0 
342.69 3.39 20251119.0 1041.0 2.051164249099 121.78759429890746 0.0671247510893932 0.1 0.4464302707079035 16.0 -1.0 -1.0 -1.0 -1.0 
6.82 -10.03 20251119.0 637.0 1.777566936351 22.720838601908305 5.310953723506972 0.1 17.312759218889347 8.0 -1.0 -1.0 -1.0 -1.0 
342.69 3.39 20251119.0 640.0 0.028769252068870422 74.99212102193952 2.9298587592451892 0.1 9.201072386962963 32.0 10.140430907333998 32.0 0.028770349066083632 83.58949274649447 
147.18 -8.33 20251119.0 450.0 0.821824599075 52.71260341452102 1.7487360877020113 0.1 27.421334847772613 32.0 27.4274269701905 32.0 0.8218194125220181 52.72412314881794 
215.87 3.03 20251119.0 442.0 0.6921479136245 103.89022809391331 5.862418358618417 0.1 264.1116643130794 32.0 53.802568938919045 1.0 11.766678653657436 103.8290793679217 
6.82 -10.03 20251119.0 929.0 1.035 92.02330794299705 2.4787882220953037 0.1 38.49552835374962 32.0 36.66110996072407 32.0 1.0350049706175923 91.88772326127962 
77.14 -9.19 20251119.0 172.0 0.05524995552669629 52.64699701243566 5.8180369841616315 0.1 42.7471795601354 32.0 8.189027464117261 1.0 0.9390835960706075 49.182195490068175 
147.18 -8.33 20251119.0 749.0 0.91374580877 49.98324528608779 1.0502728289128866 0.1 2.0495928133237804 4.0 -1.0 -1.0 -1.0 -1.0 
342.69 3.39 20251119.0 341.0 1.0259264306627 76.38063844868974 2.9016582742063783 0.1 40.43425198921425 16.0 43.59485600868078 32.0 1.0259403400899223 76.4044394958878 
216.19 3.03 20251119.0 103.0 2.269537144722 97.25719245595096 0.025712305179962626 0.1 1.8205239158215005 16.0 -1.0 -1.0 -1.0 -1.0 
216.19 3.03 20251119.0 84.0 3.07008076 0.0 0.1097751528298314 0.1 1.85753771223813 8.0 -1.0 -1.0 -1.0 -1.0 
216.19 3.03 20251119.0 609.0 424.76748052902826 34.65820832414033 0.5773991598417729 0.1 1.0390100496742576 1.0 -1.0 -1.0 -1.0 -1.0 
6.82 -10.03 20251119.0 806.0 2.60531718877 45.67637351992093 4.7061662687629635 0.1 73.3834264689758 32.0 61.85217419366472 32.0 2.6053082062086714 45.640267831318404 
147.5 -8.33 20251119.0 975.0 17.025208411796516 48.347859569669254 0.07272540837450232 0.1 0.40030533790475 1.0 -1.0 -1.0 -1.0 -1.0 
147.5 -8.33 20251119.0 266.0 0.0012468043801493424 53.890831108713535 0.2865798985321952 0.1 0.3924365512304133 1.0 -1.0 -1.0 -1.0 -1.0 
147.5 -8.33 20251119.0 684.0 1.95904132159 103.6879312155453 0.015251702728458215 0.1 0.3434625117300654 1.0 -1.0 -1.0 -1.0 -1.0 
147.5 -8.33 20251119.0 332.0 29.416597417463024 0.0 0.015325637251420755 0.1 0.3472181970345506 1.0 -1.0 -1.0 -1.0 -1.0 
147.5 -8.33 20251119.0 19.0 0.04060817251068505 99.59420021366356 0.026378015809474926 0.1 0.4568944246899106 8.0 -1.0 -1.0 -1.0 -1.0 
77.14 -9.19 20251119.0 457.0 0.6214963159 192.40399237110532 2.251828199773005 0.1 39.42702831627788 32.0 39.26741890036014 32.0 0.621488046211501 192.37727083666584 
342.69 3.39 20251119.0 373.0 0.009246266070866134 41.4362832088092 9.109529563125788 0.1 30.602118901828213 32.0 -1.0 -1.0 -1.0 -1.0 
6.82 -10.03 20251119.0 554.0 4.56621 111.74897451081218 1.4204149725036725 0.1 16.375220684709838 16.0 15.976854537339248 16.0 4.5662090997211635 111.72251815027833 
216.19 3.03 20251119.0 497.0 1.9121296646 65.69773783135872 3.0098708074097646 0.1 200.43309504848327 32.0 196.30040084787046 32.0 1.9121216610074045 65.67745858653136 
147.5 -8.33 20251119.0 592.0 114.64331604655011 142.72778197436662 4.60008944882176 0.1 23.556140620871215 1.0 23.533686156256852 1.0 114.64289855211975 142.68908568106198 
342.69 3.39 20251119.0 56.0 6.35790456429 0.0 4.963289150104205 0.1 200.82039253095232 32.0 -1.0 -1.0 -1.0 -1.0 
77.46 -9.19 20251119.0 639.0 38.90787282632 14.69636999227243 0.08000005932179062 0.1 0.41448035444548437 1.0 -1.0 -1.0 -1.0 -1.0 
77.46 -9.19 20251119.0 347.0 8.161400793251826 46.08611012088597 0.020329692658403557 0.1 2.517901026825322 32.0 -1.0 -1.0 -1.0 -1.0 
77.46 -9.19 20251119.0 293.0 120.5875637170292 166.81737125793137 0.5482440125568449 0.1 4.361586108719977 1.0 -1.0 -1.0 -1.0 -1.0 
77.46 -9.19 20251119.0 896.0 1.273039063907 71.05830609720113 0.44439051052000167 0.1 6.976706295171805 16.0 7.0712503459811735 32.0 1.2730197340715677 70.63615730878104 
77.46 -9.19 20251119.0 540.0 42.33082901464 112.2391634370252 0.25359484088336137 0.1 2.2350572460350393 1.0 -1.0 -1.0 -1.0 -1.0 
77.46 -9.19 20251119.0 981.0 1.06477508236 0.0 0.08691483487083679 0.1 2.551784000772211 16.0 -1.0 -1.0 -1.0 -1.0 
77.46 -9.19 20251119.0 708.0 236.966825 64.62137359398946 0.02034374216950329 0.1 0.36241570473697376 1.0 -1.0 -1.0 -1.0 -1.0 
77.46 -9.19 20251119.0 156.0 1.6266597983 129.24274718797892 0.571052014018101 0.1 1.8366307846513958 16.0 -1.0 -1.0 -1.0 -1.0 
7.14 -10.03 20251119.0 850.0 1.70195680429 99.23002837131229 0.07262499384819729 0.1 0.4223588513318498 1.0 -1.0 -1.0 -1.0 -1.0 
7.14 -10.03 20251119.0 336.0 2.5752495961127124 59.47763363838292 0.10132125723595094 0.1 1.3230595325941037 16.0 -1.0 -1.0 -1.0 -1.0 
7.14 -10.03 20251119.0 433.0 107.031649219533 80.64536450460943 0.10083245936759408 0.1 0.5127185598236376 1.0 -1.0 -1.0 -1.0 -1.0 
7.14 -10.03 20251119.0 1018.0 1.582779 42.82747449426708 0.2227074644610693 0.1 1.8744550643524107 16.0 -1.0 -1.0 -1.0 -1.0 
7.14 -10.03 20251119.0 650.0 6.52754385205 27.67571785203943 0.2952208421004564 0.1 0.7264553194266694 4.0 -1.0 -1.0 -1.0 -1.0 
7.14 -10.03 20251119.0 77.0 337.5806768113 74.5399334148262 0.05256202242708838 0.1 0.3465133483200883 1.0 -1.0 -1.0 -1.0 -1.0 
216.19 3.03 20251119.0 886.0 0.03505483273125927 40.585354662202136 2.9583333176866105 0.1 17.81908309156275 32.0 14.41231812958148 16.0 0.07009172501663367 47.866622359675404 
147.5 -8.33 20251119.0 1101.0 2.2333129274570607 9.681524413209418 2.5747856149512507 0.1 39.616610318429416 16.0 39.06270614369263 32.0 2.233324873183544 9.613803645177933 
343.01 3.39 20251119.0 697.0 150.34910263393007 28.57724026309806 0.0533669923120631 0.1 0.35249923151880697 1.0 -1.0 -1.0 -1.0 -1.0 
343.01 3.39 20251119.0 949.0 14.363090574139662 113.73741624713027 0.01579864578225898 0.1 0.3436069810590981 1.0 -1.0 -1.0 -1.0 -1.0 
343.01 3.39 20251119.0 1095.0 1.073871520286 39.752765285135126 0.10055420575945401 0.1 0.3810275897634926 1.0 -1.0 -1.0 -1.0 -1.0 
343.01 3.39 20251119.0 910.0 20.699648 94.54810342365421 0.01424345544956313 0.1 0.3404997225971291 1.0 -1.0 -1.0 -1.0 -1.0 
343.01 3.39 20251119.0 401.0 2.272742104024 0.0 0.06001748986257364 0.1 3.0443385859753125 32.0 -1.0 -1.0 -1.0 -1.0 
343.01 3.39 20251119.0 357.0 8.010414879211 40.531039062513116 0.020259590509116916 0.1 0.3509983424167669 1.0 -1.0 -1.0 -1.0 -1.0 
343.01 3.39 20251119.0 675.0 11.1946499395 81.06207812502623 0.1181155919254742 0.1 0.6783952655957819 8.0 -1.0 -1.0 -1.0 -1.0 
343.01 3.39 20251119.0 851.0 0.002917568143968244 121.59311718753935 0.634278846953517 0.1 0.7871194846170464 2.0 -1.0 -1.0 -1.0 -1.0 
7.14 -10.03 20251119.0 705.0 0.80004893907 97.02715305137217 2.15741350665398 0.1 18.358648559160855 16.0 18.310560409415174 16.0 0.800052172659586 97.25121371595783 
77.46 -9.19 20251119.0 49.0 3.25010007022 58.20382944169108 5.679046537189831 0.1 72.72287033237093 16.0 73.54178279714077 32.0 3.2501096332756183 58.08761360349616 
216.19 3.03 20251119.0 984.0 7.050694 67.68385177972681 4.3049032592811995 0.1 33.80903637731393 16.0 34.07836752104828 16.0 7.050706093044331 67.60021931556696 
147.5 -8.33 20251119.0 687.0 0.010661937551071867 83.93642616267054 3.3593296665832897 0.1 3.022807168606641 2.0 -1.0 -1.0 -1.0 -1.0 
343.01 3.39 20251119.0 2.0 2.5744 6.615327107712912 4.3678128978115485 0.1 70.12552031983185 16.0 73.92563490695659 32.0 2.574385386348392 6.57786565196385 
7.14 -10.03 20251119.0 695.0 1.305483 0.0 2.9116985798791757 0.1 22.822404681307965 16.0 -1.0 -1.0 -1.0 -1.0 
216.19 3.03 20251119.0 787.0 343.850032475 57.93005657779352 4.401131616874807 0.1 65.88312310058998 1.0 -1.0 -1.0 -1.0 -1.0 
147.5 -8.33 20251119.0 811.0 52.48836263120805 49.79710010683178 8.29835288614627 0.1 141.9517479644116 8.0 141.99703398325607 8.0 52.48839443083853 49.789383088710984 
343.01 3.39 20251119.0 494.0 0.7177734581816578 33.149598705193746 3.087798592411044 0.1 4.670953427189626 8.0 -1.0 -1.0 -1.0 -1.0 
216.19 3.03 20251119.0 877.0 2.513260850307 41.03249026314364 3.7701413734379985 0.1 61.617391754795825 16.0 63.30094119517601 32.0 2.513267342389251 40.985162908390144 
147.5 -8.33 20251119.0 130.0 7.866803807853013 149.39130032049533 1.634260681291676 0.1 15.296006540587802 8.0 15.093125518789158 8.0 7.866765372455121 149.36814926613295 
7.14 -10.03 20251119.0 1111.0 1.45234525892 37.2699667074131 3.0328308201655876 0.1 145.20571965423096 32.0 102.92335601893788 16.0 2.90468354554226 37.13964145031897 
216.19 3.03 20251119.0 158.0 29.7442 69.31641664828066 2.6837550477380816 0.1 28.212333621973016 8.0 28.148883039348192 8.0 29.74411472678185 69.32058417838827 
343.33 3.38 20251119.0 739.0 0.04902766121992489 47.9208360015981 0.4590565480567824 0.1 3.5472374095216392 32.0 -1.0 -1.0 -1.0 -1.0 
343.33 3.38 20251119.0 692.0 59.69602013092503 40.80616412499904 0.8542660740342586 0.1 4.365965487274984 1.0 -1.0 -1.0 -1.0 -1.0 
343.33 3.38 20251119.0 294.0 2.518067 73.82989706757488 0.9332478534822053 0.1 7.205525515355789 8.0 7.123753121129783 8.0 2.5180876643086476 73.67209530199511 
343.33 3.38 20251119.0 1028.0 0.8200976099608557 28.48296966297166 0.04328761281083059 0.1 0.43907082494837385 32.0 -1.0 -1.0 -1.0 -1.0 
343.33 3.38 20251119.0 908.0 0.52816361159 0.0 0.14856523413221548 0.1 0.34258790222725255 1.0 -1.0 -1.0 -1.0 -1.0 
343.33 3.38 20251119.0 1003.0 3.63362703526 40.46621393294311 0.8477988620070408 0.1 46.905777578684905 32.0 47.040960958032784 32.0 3.633643549013262 40.479173242854465 
343.33 3.38 20251119.0 1045.0 181.616752 121.39864179882933 0.024668299575403476 0.1 0.36842684769077666 1.0 -1.0 -1.0 -1.0 -1.0 
77.46 -9.19 20251119.0 89.0 0.308148816582668 193.86412078196838 4.167369282127215 0.1 199.28343818399787 32.0 62.08704878656525 2.0 3.3896261205275855 193.59164603395143 
147.82 -8.33 20251119.0 380.0 5.0114923575 17.34131885757556 0.2513275073775099 0.1 2.5132818269463812 16.0 -1.0 -1.0 -1.0 -1.0 
147.82 -8.33 20251119.0 602.0 0.010043631180800433 29.830045485477616 0.061869862082975874 0.1 2.101978315705614 32.0 -1.0 -1.0 -1.0 -1.0 
147.82 -8.33 20251119.0 963.0 0.4192557152705343 128.07271025800867 0.020655299812036093 0.1 0.34354409898556426 1.0 -1.0 -1.0 -1.0 -1.0 
147.82 -8.33 20251119.0 806.0 1.713017608242 49.61254571012819 0.3092067919216502 0.1 2.36629297188499 8.0 -1.0 -1.0 -1.0 -1.0 
147.82 -8.33 20251119.0 130.0 337.974855 148.83763713038456 0.03959677045682238 0.1 0.3446722549679675 1.0 -1.0 -1.0 -1.0 -1.0 
343.33 3.38 20251119.0 746.0 5.67670908763837 23.128754138090798 3.218479632114377 0.1 129.43038405903548 32.0 129.4284344662008 32.0 5.676702130585909 23.17432668153418 
77.79 -9.19 20251119.0 609.0 1.06888190894 54.342517517234214 0.10167184862117506 0.1 2.5228800780314105 32.0 -1.0 -1.0 -1.0 -1.0 
77.79 -9.19 20251119.0 204.0 0.0025653029197927 60.65048097813884 0.7928479707773798 0.1 0.93502891774933 16.0 -1.0 -1.0 -1.0 -1.0 
77.79 -9.19 20251119.0 807.0 0.57061078387 97.10737539038573 0.28264748438532467 0.1 9.235910978331109 32.0 9.598717785393529 32.0 0.5706169758923352 97.25121371595783 
77.79 -9.19 20251119.0 339.0 462.962963 50.48329763587331 0.04039807173807644 0.1 0.35869634475523593 1.0 -1.0 -1.0 -1.0 -1.0 
77.79 -9.19 20251119.0 153.0 5.029204318571 27.85690696088935 0.057421681716926735 0.1 2.911561669006871 32.0 -1.0 -1.0 -1.0 -1.0 
77.79 -9.19 20251119.0 983.0 219.86646769721 0.0 0.03744185316125869 0.1 0.43350596587476076 1.0 -1.0 -1.0 -1.0 -1.0 
77.79 -9.19 20251119.0 35.0 1.239311 130.58659760990744 0.42870960754281573 0.1 3.7047061105096715 32.0 -1.0 -1.0 -1.0 -1.0 
147.82 -8.33 20251119.0 975.0 445.49383 14.92990799497707 7.852166481863491 0.1 22.370161410402137 1.0 -1.0 -1.0 -1.0 -1.0 
7.14 -10.03 20251119.0 173.0 0.81852640077 111.80990012223928 4.885048579038806 0.1 151.1947279303706 32.0 149.75334176954456 32.0 0.8185149151055764 111.52012228406403 
343.33 3.38 20251119.0 57.0 123.39043991919849 3.8487218172046105 4.101675476545251 0.1 43.19696274894171 4.0 43.22612215870134 4.0 123.390539859732 3.8455214580711736 
77.79 -9.19 20251119.0 866.0 43.6748168488608 120.92875293218702 1.2336987392357233 0.1 8.795488989531368 2.0 8.881005905622327 2.0 43.67466317489743 120.93153006302771 
7.47 -10.03 20251119.0 652.0 0.45787517546 27.075447624080976 0.013283494223444606 0.1 0.33756777840770213 1.0 -1.0 -1.0 -1.0 -1.0 
7.47 -10.03 20251119.0 380.0 0.022758459260747876 23.864433794282945 0.0147950695714271 0.1 0.3374823241627266 1.0 -1.0 -1.0 -1.0 -1.0 
7.47 -10.03 20251119.0 73.0 0.71602537668 17.207453903238243 0.017271248479812762 0.1 0.33783913741290444 1.0 -1.0 -1.0 -1.0 -1.0 
7.47 -10.03 20251119.0 31.0 0.04534324580941472 37.29027559134789 0.013375580247040744 0.1 0.3374807743445311 1.0 -1.0 -1.0 -1.0 -1.0 
7.47 -10.03 20251119.0 1147.0 0.0026009143477348545 111.87082677404368 0.01775517399043698 0.1 0.33753451573999627 1.0 -1.0 -1.0 -1.0 -1.0 
216.19 3.03 20251119.0 345.0 0.6933132465193 103.974624972421 8.27545305164187 0.1 369.31267463614637 32.0 349.1849501898054 32.0 0.6933078111615032 103.93027730102884 
7.47 -10.03 20251119.0 54.0 86.481636914861 45.1891458486211 3.8757774883603764 0.1 42.68933088236431 4.0 -1.0 -1.0 -1.0 -1.0 
343.33 3.38 20251119.0 838.0 0.9078078525 80.93242786588623 4.248766129358422 0.1 42.42052062116781 16.0 42.73073408193793 32.0 0.9078272948196779 81.05954441881606 
147.82 -8.33 20251119.0 527.0 0.2028349816662017 125.9738896924137 7.118446715675183 0.1 58.686944005150124 16.0 20.96632380432607 2.0 1.4197818624476592 127.20580191567015 
77.79 -9.19 20251119.0 100.0 216.02938 65.29329880495372 4.076252011294517 0.1 53.22581527710903 1.0 53.21851982992256 1.0 216.0290023311973 65.27266685410282 
216.52 3.03 20251119.0 976.0 0.854781 54.38790585953571 0.1542122280526466 0.1 0.4752095962992801 4.0 -1.0 -1.0 -1.0 -1.0 
216.52 3.03 20251119.0 588.0 15.9235474 54.99152211285624 0.516263340422845 0.1 7.851869161536546 8.0 8.138839542544538 16.0 15.923554504600665 55.05167561028207 
216.52 3.03 20251119.0 556.0 0.890226 74.40090681014557 0.460008944882176 0.1 5.038547971723117 16.0 -1.0 -1.0 -1.0 -1.0 
216.52 3.03 20251119.0 763.0 0.3553286714507605 44.55312380112368 0.1984402488470549 0.1 3.7897693510430894 32.0 -1.0 -1.0 -1.0 -1.0 
216.52 3.03 20251119.0 961.0 0.13168545696092868 104.06136063710248 0.01213412322060191 0.1 0.4568817399660284 8.0 -1.0 -1.0 -1.0 -1.0 
7.47 -10.03 20251119.0 84.0 28.61657456791737 17.017254477779822 6.8246975314948415 0.1 14.157258333601243 2.0 14.539986207747653 2.0 28.616341296583418 17.10245069510601 
77.79 -9.19 20251119.0 797.0 83.49080634884763 195.87989641486118 2.262744216607843 0.1 6.705147158189555 1.0 6.582740453930781 1.0 83.49112855891387 195.81800056230844 
147.82 -8.33 20251119.0 328.0 1.095876377422 93.01794123690101 1.876408245646434 0.1 24.73979865295888 32.0 25.058187124592045 32.0 1.0958804826562605 92.89970259235098 
343.65 3.38 20251119.0 54.0 1.7586040428713519 111.36140540169158 0.7414587739333255 0.1 30.636119853880423 32.0 28.28422655745295 32.0 1.7585989553481343 111.21652848474264 
343.65 3.38 20251119.0 128.0 0.0028382210615318718 45.03185164550825 0.036270701532042704 0.1 0.3380486468956131 1.0 -1.0 -1.0 -1.0 -1.0 
343.65 3.38 20251119.0 677.0 0.007115507526254343 38.60738828827557 0.031092043377110277 0.1 0.3377346340513431 1.0 -1.0 -1.0 -1.0 -1.0 
343.65 3.38 20251119.0 198.0 0.67719 35.90426502664749 0.01327432056217912 0.1 2.517113202381745 32.0 -1.0 -1.0 -1.0 -1.0 
343.65 3.38 20251119.0 1159.0 1.52812 0.0 0.3087798592411044 0.1 3.8513724091971255 32.0 -1.0 -1.0 -1.0 -1.0 
343.65 3.38 20251119.0 853.0 0.173497343752 40.40138937671036 0.8619727755918434 0.1 25.444375944783744 32.0 23.940392080821315 32.0 0.17350127260821563 41.794746373247236 
343.65 3.38 20251119.0 613.0 2.573743095743 80.80277875342072 0.014135625524915008 0.1 4.026565061407953 32.0 -1.0 -1.0 -1.0 -1.0 
343.65 3.38 20251119.0 255.0 34.922434246953 121.20416813013108 0.0607684792090432 0.1 0.48621989323258125 1.0 -1.0 -1.0 -1.0 -1.0 
216.52 3.03 20251119.0 1164.0 2.88353187692 72.2362140396168 4.3678128978115485 0.1 128.10331091313748 32.0 126.30239791663122 32.0 2.88352263548101 72.2553242384952 
343.65 3.38 20251119.0 230.0 1.2649434 33.92843950357405 1.0656209749792827 0.1 26.66684121520328 32.0 25.994784762350246 32.0 1.2649555477158478 33.90130759089061 
147.82 -8.33 20251119.0 605.0 1.82404901739 0.0 1.4683063658065716 0.1 76.52296297583524 32.0 -1.0 -1.0 -1.0 -1.0 
7.47 -10.03 20251119.0 404.0 0.85782319432 58.36884721273986 4.612818816800296 0.1 58.47802518779889 32.0 58.31431323189051 32.0 0.857835402712226 58.39120740281755 
78.11 -9.19 20251119.0 874.0 0.01759454949387518 76.14430055606461 0.23830750171133577 0.1 0.4916011035799289 8.0 -1.0 -1.0 -1.0 -1.0 
78.11 -9.19 20251119.0 1085.0 0.17111903377682028 103.70901226983747 0.015581858706494924 0.1 0.33775188704781123 1.0 -1.0 -1.0 -1.0 -1.0 
78.11 -9.19 20251119.0 214.0 0.002530179079533384 122.84402750832876 0.09313156686783002 0.1 0.3381041504195922 1.0 -1.0 -1.0 -1.0 -1.0 
78.11 -9.19 20251119.0 1080.0 2.6716878429782267 23.567531694977376 0.360458843993142 0.1 14.93376875963474 32.0 15.140452115629122 32.0 2.671701319438095 23.680316347069862 
78.11 -9.19 20251119.0 605.0 0.0035224816509751146 65.95347031012561 0.046032684938204664 0.1 0.33868698264208336 1.0 -1.0 -1.0 -1.0 -1.0 
78.11 -9.19 20251119.0 1094.0 1.2195270126 197.86041093037682 0.057421681716926735 0.1 0.44157691349861206 1.0 -1.0 -1.0 -1.0 -1.0 
216.52 3.03 20251119.0 804.0 273.95 74.2031704512992 1.8052013621983343 0.1 4.128997939461866 1.0 -1.0 -1.0 -1.0 -1.0 
147.82 -8.33 20251119.0 868.0 2.0360728738 99.22509142025638 1.6444535176340669 0.1 30.264643322586327 32.0 30.082577047782575 32.0 2.0360857888590544 99.0727765118863 
7.47 -10.03 20251119.0 116.0 1.342493 0.0 8.083338374683194 0.1 103.35154540333403 32.0 -1.0 -1.0 -1.0 -1.0 
216.52 3.03 20251119.0 380.0 1.74644341015 0.0 1.2586645222787884 0.1 12.287499228436388 32.0 -1.0 -1.0 -1.0 -1.0 
7.47 -10.03 20251119.0 61.0 127.582438285 74.58055118269579 2.28947535848214 0.1 23.278845124404214 2.0 23.253934891787125 2.0 127.58246157318355 74.58287669995934 
216.52 3.03 20251119.0 901.0 0.80004893907 34.687120212367496 1.0648850507038308 0.1 8.588256728994901 16.0 8.800836985278345 16.0 0.800052172659586 34.30609932331915 
148.15 -8.33 20251119.0 1127.0 248.32119058101 40.06765714960069 0.33018084541305776 0.1 0.9861814680388299 1.0 -1.0 -1.0 -1.0 -1.0 
148.15 -8.33 20251119.0 243.0 265.19198063569 52.25119289768298 0.090093917095514 0.1 0.5466959127298774 1.0 -1.0 -1.0 -1.0 -1.0 
148.15 -8.33 20251119.0 946.0 2.99930377007 80.31339277542183 0.03066540217911458 0.1 0.35228612514606295 1.0 -1.0 -1.0 -1.0 -1.0 
148.15 -8.33 20251119.0 583.0 293.42723 32.03928584666218 0.16569978014778386 0.1 0.613516418934514 1.0 -1.0 -1.0 -1.0 -1.0 
148.15 -8.33 20251119.0 1070.0 0.971062 0.0 0.011394772809123318 0.1 0.33813648431111604 1.0 -1.0 -1.0 -1.0 -1.0 
148.15 -8.33 20251119.0 95.0 1.07854185366 98.92259354045859 0.06131669778825089 0.1 0.383944953543704 1.0 -1.0 -1.0 -1.0 -1.0 
148.15 -8.33 20251119.0 752.0 0.615866 148.3838903106879 0.35698935448104213 0.1 4.505514213545817 16.0 -1.0 -1.0 -1.0 -1.0 
78.11 -9.19 20251119.0 558.0 1.899823440035 47.86722012607076 4.568419499727606 0.1 109.2098148754084 16.0 114.07136361572886 32.0 1.8998131660434108 47.765424426568266 
343.65 3.38 20251119.0 471.0 0.686758970941 68.76600118034139 7.776587786236849 0.1 262.4900255408316 32.0 80.05292336565262 2.0 7.554384258886179 68.71339657974546 
7.79 -10.03 20251119.0 915.0 313.63792463001255 107.55478516870157 0.030370241460997222 0.1 0.3405530346149127 1.0 -1.0 -1.0 -1.0 -1.0 
7.79 -10.03 20251119.0 819.0 2.3236006177 46.37796367130835 0.2875715210835206 0.1 0.7496409043439862 1.0 -1.0 -1.0 -1.0 -1.0 
7.79 -10.03 20251119.0 598.0 1.30177050713 19.455684494504926 0.1714049668094262 0.1 4.666034041074748 16.0 -1.0 -1.0 -1.0 -1.0 
7.79 -10.03 20251119.0 895.0 301.376187797791 36.459818411163724 0.5209207739914885 0.1 3.2135162243590685 1.0 -1.0 -1.0 -1.0 -1.0 
7.79 -10.03 20251119.0 244.0 0.3153112714669291 0.0 0.47061662687629635 0.1 1.5085136046771357 16.0 -1.0 -1.0 -1.0 -1.0 
7.79 -10.03 20251119.0 398.0 0.038784255769052374 111.93175446522139 0.029460962052327924 0.1 0.3375558515795934 1.0 -1.0 -1.0 -1.0 -1.0 
78.11 -9.19 20251119.0 74.0 213.675214 36.884869084330674 2.069815301182556 0.1 15.957971268621801 1.0 15.936391517691314 1.0 213.67547257492942 36.83604765099756 
343.97 3.38 20251119.0 482.0 0.8200976099608557 97.43464986490793 0.2617832132753026 0.1 6.476839119651881 32.0 6.64305904806769 32.0 0.8200913725886495 97.65600544838638 
343.97 3.38 20251119.0 56.0 2.343863635131 99.28628337991611 0.019343214725462587 0.1 0.35542342803520593 1.0 -1.0 -1.0 -1.0 -1.0 
343.97 3.38 20251119.0 246.0 0.648211054637 120.51350681340865 0.03647171584892765 0.1 0.3405681711175494 1.0 -1.0 -1.0 -1.0 -1.0 
343.97 3.38 20251119.0 547.0 0.1955133740591237 62.737700273218564 0.12109000882084792 0.1 0.4581889579733874 32.0 -1.0 -1.0 -1.0 -1.0 
343.97 3.38 20251119.0 416.0 0.12123093239942118 2.831910081777227 0.052056102296164884 0.1 1.8197348361153867 16.0 -1.0 -1.0 -1.0 -1.0 
343.97 3.38 20251119.0 685.0 5.15448017922196 0.0 0.01324683757319961 0.1 0.33896371437056555 1.0 -1.0 -1.0 -1.0 -1.0 
343.97 3.38 20251119.0 870.0 0.013854684443017405 121.00969618671151 0.7496999618546882 0.1 0.4817908669827353 8.0 -1.0 -1.0 -1.0 -1.0 
216.52 3.03 20251119.0 2.0 1.2866303199714193 69.37424042473499 7.569861067277132 0.1 121.5465722430706 16.0 126.85121197556835 32.0 1.2866318381081026 69.52298004460253 
7.79 -10.03 20251119.0 649.0 1.3628723398 46.80334687659672 2.3650339736014043 0.1 23.71959175705915 16.0 24.067184722515606 32.0 1.362877810606733 46.65224716238977 
216.84 3.03 20251119.0 551.0 61.48547652886 27.7916876859959 0.43950548198324485 0.1 2.6158986208249786 4.0 -1.0 -1.0 -1.0 -1.0 
216.84 3.03 20251119.0 450.0 0.013539968283975204 49.13545382865167 0.02836255000138714 0.1 0.337657914379332 1.0 -1.0 -1.0 -1.0 -1.0 
216.84 3.03 20251119.0 554.0 17.953961540991 54.38545779931957 0.13721883928644857 0.1 0.5918048061248633 1.0 -1.0 -1.0 -1.0 -1.0 
216.84 3.03 20251119.0 48.0 4.945642149985738 90.90631875400533 0.04096012149116227 0.1 0.35419913433870603 1.0 -1.0 -1.0 -1.0 -1.0 
216.84 3.03 20251119.0 273.0 0.0019028815912310248 12.34375933579653 0.0667547921863847 0.1 0.33808145576614684 1.0 -1.0 -1.0 -1.0 -1.0 
216.84 3.03 20251119.0 395.0 0.85116 34.71877625840492 0.47584745048693466 0.1 3.17052040267426 16.0 -1.0 -1.0 -1.0 -1.0 
78.11 -9.19 20251119.0 978.0 1.265823 0.0 8.309826555609373 0.1 249.28693604523477 32.0 -1.0 -1.0 -1.0 -1.0 
7.79 -10.03 20251119.0 1055.0 87.412587 83.1064451594963 2.7838412414827753 0.1 38.49522029164494 2.0 38.52514548043558 2.0 87.4123846491178 83.08350308095879 
148.15 -8.33 20251119.0 142.0 0.1991405323955412 19.45507352708389 3.178704999821333 0.1 91.71159615879732 32.0 33.97546452838261 2.0 2.190548305710157 19.0252114241416 
216.84 3.03 20251119.0 523.0 9.93255637407 53.48962378845163 4.028659068035433 0.1 62.83837627004938 16.0 63.807567818839736 32.0 9.932561321572091 53.43250868056789 
7.79 -10.03 20251119.0 128.0 409.836066 37.31058482174046 1.291252279214872 0.1 6.773635079033452 1.0 -1.0 -1.0 -1.0 -1.0 
343.97 3.38 20251119.0 102.0 0.09634374622987066 115.41848910217698 2.665278366645544 0.1 61.136747539773715 32.0 61.736603398684124 32.0 0.09634580540781221 114.85965407659953 
216.84 3.03 20251119.0 1010.0 0.0645935384018697 0.0 1.7584276838177055 0.1 19.065447339953213 32.0 -1.0 -1.0 -1.0 -1.0 
148.15 -8.33 20251119.0 308.0 0.9776359779173 9.423319366665348 2.8816814083529803 0.1 51.83649070188547 16.0 51.578860923690385 32.0 0.9776461714257797 9.5126057120708 
78.11 -9.19 20251119.0 2.0 1.15477313105 131.90694062025122 4.225349001833232 0.1 77.63161579815878 16.0 17.878603923200444 2.0 12.702366802841427 131.75970890549127 
7.79 -10.03 20251119.0 1037.0 1.678134 74.62116964348093 2.3085343105725826 0.1 86.69968323835415 32.0 84.46038754559086 32.0 1.6781389907312891 74.58287669995934 
343.97 3.38 20251119.0 993.0 4.316040583 40.3365653955705 7.302748574690714 0.1 808.8752350900382 32.0 761.4161013007614 32.0 4.316037423753491 40.27677737664019 
78.43 -9.19 20251119.0 84.0 139.0504084495192 59.91122091536736 0.1969379591002934 0.1 0.42547828861597525 1.0 -1.0 -1.0 -1.0 -1.0 
78.43 -9.19 20251119.0 593.0 16.52 111.0525098594622 0.01949076938320466 0.1 1.8201986834964687 16.0 -1.0 -1.0 -1.0 -1.0 
78.43 -9.19 20251119.0 155.0 188.2052895367 46.74633442546169 0.0887349705456088 0.1 0.48140487759356027 1.0 -1.0 -1.0 -1.0 -1.0 
78.43 -9.19 20251119.0 1.0 3.344579548284 0.0 0.21484893899790705 0.1 2.8871793516947464 16.0 -1.0 -1.0 -1.0 -1.0 
78.43 -9.19 20251119.0 925.0 1.70219494788 66.58356095729222 0.19612332745026012 0.1 2.0837683672881036 16.0 -1.0 -1.0 -1.0 -1.0 
78.43 -9.19 20251119.0 905.0 121.70099183577346 199.75068287187668 0.2356878711863255 0.1 1.7980846277962605 1.0 -1.0 -1.0 -1.0 -1.0 
148.15 -8.33 20251119.0 666.0 0.7886 49.461296770229296 4.5715766581533686 0.1 109.65220587103174 32.0 13.467896155604748 1.0 13.406194436053436 49.283393423175305 
8.12 -10.03 20251119.0 703.0 2.93069668519 65.94058014659396 0.26986285727822834 0.1 2.4825668121430176 16.0 -1.0 -1.0 -1.0 -1.0 
8.12 -10.03 20251119.0 313.0 0.685994 22.38688852371209 0.014048008504410793 0.1 0.33783817490517487 1.0 -1.0 -1.0 -1.0 -1.0 
8.12 -10.03 20251119.0 410.0 2.095742100981 62.75044853196499 0.18177156760105656 0.1 1.46712947488942 8.0 -1.0 -1.0 -1.0 -1.0 
8.12 -10.03 20251119.0 1133.0 2.6255980205 62.17958287461033 0.09554281212853748 0.1 1.0087564427316231 16.0 -1.0 -1.0 -1.0 -1.0 
8.12 -10.03 20251119.0 749.0 2.1985729853089 0.0 0.919806278374626 0.1 1.8653498843912 8.0 -1.0 -1.0 -1.0 -1.0 
8.12 -10.03 20251119.0 150.0 0.9810738063844591 37.307749724766204 0.02523714389928635 0.1 0.4201720599391851 32.0 -1.0 -1.0 -1.0 -1.0 
8.12 -10.03 20251119.0 1075.0 1.259573 111.9232491742986 0.04732248113273927 0.1 0.35004453610138325 1.0 -1.0 -1.0 -1.0 -1.0 
343.97 3.38 20251119.0 84.0 0.0012699350581559167 80.673130791141 2.5765650062920105 0.1 0.4339123154919853 1.0 -1.0 -1.0 -1.0 -1.0 
78.43 -9.19 20251119.0 101.0 17.18240825221832 87.35970959083076 7.378818002748848 0.1 95.69589965100667 16.0 50.31100765876851 8.0 34.36483287562927 87.3338162714585 
216.84 3.03 20251119.0 322.0 2.10084 69.43755251680984 8.625684705825073 0.1 448.25266338238407 32.0 447.6937961915163 32.0 2.100841811625287 69.32058417838827 
8.12 -10.03 20251119.0 289.0 478.67640071882687 37.50923172147961 6.364735759337738 0.1 4.044709674733809 1.0 -1.0 -1.0 -1.0 -1.0 
344.29 3.38 20251119.0 604.0 0.3949422658357813 100.14167344913446 0.013636831407734943 0.1 0.337623771572427 1.0 -1.0 -1.0 -1.0 -1.0 
344.29 3.38 20251119.0 576.0 1.1522709735091132 3.0448481791966557 0.09065583023636843 0.1 2.7839804601179283 32.0 -1.0 -1.0 -1.0 -1.0 
344.29 3.38 20251119.0 282.0 1.81104 30.93179102675968 0.018379192759951507 0.1 0.3411852762130929 1.0 -1.0 -1.0 -1.0 -1.0 
344.29 3.38 20251119.0 517.0 0.054744480155338594 68.6540768023627 0.01984402488470548 0.1 1.3438129967732095 8.0 -1.0 -1.0 -1.0 -1.0 
344.29 3.38 20251119.0 373.0 4.6802937243777585 73.06427356984992 0.17093196386209183 0.1 4.503020337754963 32.0 -1.0 -1.0 -1.0 -1.0 
344.29 3.38 20251119.0 760.0 0.002530179079533384 118.99073360606614 0.035871990470852655 0.1 0.3414003009889673 1.0 -1.0 -1.0 -1.0 -1.0 
344.29 3.38 20251119.0 684.0 2.153777595863 40.27174198913672 0.08733616532612773 0.1 0.9705463096647223 32.0 -1.0 -1.0 -1.0 -1.0 
344.29 3.38 20251119.0 766.0 271.99368662141666 80.54348397827344 0.2689322988764996 0.1 0.7178410122447744 1.0 -1.0 -1.0 -1.0 -1.0 
148.47 -8.33 20251119.0 1073.0 0.0035713805940681227 26.260227362134334 0.18842022269395287 0.1 0.6497642759504098 1.0 -1.0 -1.0 -1.0 -1.0 
148.47 -8.33 20251119.0 741.0 0.9249294629 34.9889789923649 0.5455991529095436 0.1 3.9148695239766926 8.0 -1.0 -1.0 -1.0 -1.0 
148.47 -8.33 20251119.0 338.0 0.63683091551 36.21692201831259 0.8836791933922146 0.1 43.45182956644828 32.0 43.139013721871834 32.0 0.6368281901814044 36.33005798546188 
148.47 -8.33 20251119.0 722.0 0.056534157485366554 48.37799632348128 0.010886886377494364 0.1 2.8865467918180827 16.0 -1.0 -1.0 -1.0 -1.0 
148.47 -8.33 20251119.0 1119.0 290.068119869315 0.0 0.9268227801568205 0.1 6.98469142507764 1.0 -1.0 -1.0 -1.0 -1.0 
148.47 -8.33 20251119.0 764.0 31.932334792 49.31004946365844 0.024464641376516383 0.1 0.3503827547978182 1.0 -1.0 -1.0 -1.0 -1.0 
148.47 -8.33 20251119.0 201.0 0.4504 98.62009892731687 0.013893583689289633 0.1 0.45748491768932603 8.0 -1.0 -1.0 -1.0 -1.0 
8.12 -10.03 20251119.0 456.0 6.00117895858 88.23792111621121 1.5624976827451327 0.1 15.92756460490459 8.0 15.835314719506357 8.0 6.001209840178491 88.14339973631559 
216.84 3.03 20251119.0 1106.0 2.20532573802 104.15632877521477 1.6661809787276558 0.1 50.33563296283709 32.0 49.590260725846576 32.0 2.2053124363689376 104.1326731672431 
78.43 -9.19 20251119.0 239.0 1.540049 55.656105858690715 1.811447712307352 0.1 26.368334286596486 32.0 26.155862469098082 32.0 1.5400473785120996 55.658863208924885 
344.29 3.38 20251119.0 534.0 13.972467536188166 0.0 2.960377772439661 0.1 17.711806620039372 8.0 -1.0 -1.0 -1.0 -1.0 
148.47 -8.33 20251119.0 397.0 102.20067908056348 8.71395713594204 1.333866947953543 0.1 11.767055711665773 4.0 11.571121278473232 4.0 102.20076849994561 8.70302224721371 
217.16 3.03 20251119.0 251.0 1.1359305256125 18.725405885862024 0.09740894952994789 0.1 4.027018574771813 32.0 -1.0 -1.0 -1.0 -1.0 
217.16 3.03 20251119.0 242.0 0.8508087207916684 77.1223982949451 0.5091792383145409 0.1 1.8214933876489088 16.0 -1.0 -1.0 -1.0 -1.0 
217.16 3.03 20251119.0 602.0 0.001137319153016054 16.2335506482668 0.012595343643110178 0.1 0.6279793286485769 4.0 -1.0 -1.0 -1.0 -1.0 
217.16 3.03 20251119.0 61.0 5.4199894818 51.83892988001447 0.7972419798951421 0.1 22.26827642521988 32.0 22.243118696755445 32.0 5.419982092765471 51.81334175085371 
217.16 3.03 20251119.0 201.0 3.277614 39.88010997406584 0.012921446421017188 0.1 0.33877959541827984 1.0 -1.0 -1.0 -1.0 -1.0 
217.16 3.03 20251119.0 601.0 1.023541 0.0 0.028796913017838353 0.1 0.33814926969624876 1.0 -1.0 -1.0 -1.0 -1.0 
217.16 3.03 20251119.0 85.0 3.037785303185 34.75043308328404 0.43019302671138504 0.1 4.825011615520193 16.0 -1.0 -1.0 -1.0 -1.0 
217.16 3.03 20251119.0 286.0 2.996958107478261 69.50086616656807 0.18052013621983334 0.1 2.2289168211668127 16.0 -1.0 -1.0 -1.0 -1.0 
217.16 3.03 20251119.0 73.0 116.74869454326 104.25129924985211 0.01246549620863353 0.1 0.34157447883479863 1.0 -1.0 -1.0 -1.0 -1.0 
8.12 -10.03 20251119.0 611.0 0.961936 74.61549944953241 1.37788801110556 0.1 47.21627660332156 32.0 46.21469158478403 32.0 0.9619422295751672 74.68407463306647 
344.29 3.38 20251119.0 43.0 2.32600103163 120.81522596741017 1.1215147261470602 0.1 18.26593682218751 16.0 18.260233816766323 16.0 2.326002383294205 120.52673833059914 
217.16 3.03 20251119.0 865.0 0.5611895882533 47.57462531023854 2.7513380503451645 0.1 1.7797993763687776 2.0 -1.0 -1.0 -1.0 -1.0 
148.47 -8.33 20251119.0 291.0 1.959593 108.13295875483935 3.034926758898527 0.1 44.888372087084626 16.0 45.04677660170681 16.0 1.9595972844399514 107.97819462531429 
8.44 -10.03 20251119.0 882.0 455.23717843241 33.52212315769532 0.020986121998688465 0.1 0.3430224240643316 1.0 -1.0 -1.0 -1.0 -1.0 
8.44 -10.03 20251119.0 809.0 0.6577596477986581 68.66664546688123 0.13542946764557168 0.1 1.8577206465551959 8.0 -1.0 -1.0 -1.0 -1.0 
8.44 -10.03 20251119.0 1162.0 11.206623716315912 36.47600850937474 0.04158741212350101 0.1 0.39750830578425633 1.0 -1.0 -1.0 -1.0 -1.0 
8.44 -10.03 20251119.0 583.0 1.9764535636 0.0 0.061998222435278395 0.1 0.35147564518189267 16.0 -1.0 -1.0 -1.0 -1.0 
8.44 -10.03 20251119.0 165.0 4.89941319293 37.29280256495277 0.03822594545999752 0.1 3.7892160203285123 32.0 -1.0 -1.0 -1.0 -1.0 
8.44 -10.03 20251119.0 827.0 3.966654455764226 74.58560512990555 0.5547207448246047 0.1 8.492626802249232 16.0 8.058301340465738 16.0 3.9666701923124497 74.68407463306647 
8.44 -10.03 20251119.0 507.0 2.09803725694 111.87840769485831 0.026034039182959767 0.1 0.3661520819414348 1.0 -1.0 -1.0 -1.0 -1.0 
78.43 -9.19 20251119.0 161.0 0.990219925 28.846883295028498 2.2425135377832452 0.1 80.46035032424791 32.0 80.58255103559068 32.0 0.9902275148003052 28.841410935533805 
344.61 3.38 20251119.0 931.0 13.162177132154847 110.40315755906029 0.011697870538702457 0.1 2.5474497098009437 16.0 -1.0 -1.0 -1.0 -1.0 
344.61 3.38 20251119.0 777.0 29.824957393648607 18.32412547336239 0.13440420033294045 0.1 1.9827061236349022 8.0 -1.0 -1.0 -1.0 -1.0 
344.61 3.38 20251119.0 25.0 34.52014365532 45.26143434895042 0.4814689191514564 0.1 3.7539012463840398 4.0 -1.0 -1.0 -1.0 -1.0 
344.61 3.38 20251119.0 305.0 116.74869454326 27.0338151321956 0.036020990894041274 0.1 0.36950738555278884 1.0 -1.0 -1.0 -1.0 -1.0 
344.61 3.38 20251119.0 668.0 0.223377703467 34.63368284004175 0.013855243458219334 0.1 2.7838056201872936 32.0 -1.0 -1.0 -1.0 -1.0 
344.61 3.38 20251119.0 818.0 2.688716547019 90.19716008185028 0.3443925161170656 0.1 1.819862354126345 16.0 -1.0 -1.0 -1.0 -1.0 
344.61 3.38 20251119.0 981.0 0.0018090808781457564 40.20691915912893 0.021410808311539156 0.1 0.3378948659230674 1.0 -1.0 -1.0 -1.0 -1.0 
344.61 3.38 20251119.0 648.0 347.0053210916637 80.41383831825786 0.21829003142677667 0.1 0.9379118321100575 1.0 -1.0 -1.0 -1.0 -1.0 
217.48 3.03 20251119.0 200.0 0.529835 59.15981760908439 0.017828923130187448 0.1 1.3438404819694192 8.0 -1.0 -1.0 -1.0 -1.0 
217.48 3.03 20251119.0 837.0 1.49282164771 8.964241193544451 0.3843779585134257 0.1 5.63866550420237 16.0 -1.0 -1.0 -1.0 -1.0 
217.48 3.03 20251119.0 37.0 0.0027865255224063493 26.433554066645048 0.012752947183557435 0.1 0.3374895277183789 1.0 -1.0 -1.0 -1.0 -1.0 
217.48 3.03 20251119.0 496.0 269.92298522974 95.22549579871142 0.091347374542354 0.1 0.48060353717569193 1.0 -1.0 -1.0 -1.0 -1.0 
217.48 3.03 20251119.0 76.0 4.25081644951 0.0 0.15146700281357306 0.1 0.8967602564987266 16.0 -1.0 -1.0 -1.0 -1.0 
217.48 3.03 20251119.0 872.0 310.536979440897 34.78209068461427 0.03854416092383065 0.1 0.36638896324030373 1.0 -1.0 -1.0 -1.0 -1.0 
8.44 -10.03 20251119.0 180.0 41.90529550804039 59.749044613515686 3.202952920085294 0.1 46.95415860582798 8.0 46.89942419935934 8.0 41.90527154908826 59.706780533210335 
148.47 -8.33 20251119.0 692.0 3.08977631356 147.93014839097532 1.4302618068135338 0.1 7.528367599399734 2.0 8.025891336741097 4.0 3.0898566668232283 147.54658647020452 
344.61 3.38 20251119.0 268.0 0.6214963159 0.0 1.840460464416752 0.1 22.914910615830685 32.0 -1.0 -1.0 -1.0 -1.0 
78.43 -9.19 20251119.0 219.0 309.67840994392 133.16712191458444 1.2209803394249756 0.1 10.265603298809722 1.0 -1.0 -1.0 -1.0 -1.0 
217.48 3.03 20251119.0 797.0 1.675060948441 93.19053999808143 1.8790026506185737 0.1 5.813566878245455 8.0 -1.0 -1.0 -1.0 -1.0 
8.44 -10.03 20251119.0 331.0 339.3156871298895 32.20182591717194 1.8139522999750333 0.1 7.502227559594166 1.0 -1.0 -1.0 -1.0 -1.0 
344.61 3.38 20251119.0 1156.0 164.168745585 120.62075747738679 4.269362550790595 0.1 41.77441448375301 1.0 41.77353662681586 1.0 164.16888684034348 120.52673833059914 
148.8 -8.33 20251119.0 982.0 37.35716835209506 99.40657703331188 0.7445385492578294 0.1 5.688068092029076 2.0 -1.0 -1.0 -1.0 -1.0 
148.8 -8.33 20251119.0 312.0 0.719839 69.186387665173 0.24532339934557326 0.1 4.43658041688928 16.0 -1.0 -1.0 -1.0 -1.0 
148.8 -8.33 20251119.0 623.0 445.93689247847 101.94336208520055 0.01711683019500161 0.1 0.34249812696814963 1.0 -1.0 -1.0 -1.0 -1.0 
148.8 -8.33 20251119.0 986.0 0.20754957515789652 61.192565001663354 0.35575836090715596 0.1 2.870391709407494 32.0 -1.0 -1.0 -1.0 -1.0 
148.8 -8.33 20251119.0 612.0 0.00545066611565636 73.34553525024629 0.02402913148330111 0.1 1.0589425966140913 32.0 -1.0 -1.0 -1.0 -1.0 
148.8 -8.33 20251119.0 248.0 0.623924 86.58991302115342 0.45088460450988527 0.1 23.669956062514498 32.0 21.45809200917996 32.0 0.6239133654162288 86.5242328066014 
148.8 -8.33 20251119.0 866.0 1.1623418229 0.0 0.0181019671558666 0.1 0.5655858186889525 16.0 -1.0 -1.0 -1.0 -1.0 
148.8 -8.33 20251119.0 1013.0 0.331895 147.47275426648153 0.33896356238966063 0.1 4.414338071324189 16.0 -1.0 -1.0 -1.0 -1.0 
217.48 3.03 20251119.0 406.0 324.22969197632 39.91644070466534 1.3246837573199617 0.1 6.63075656570638 1.0 -1.0 -1.0 -1.0 -1.0 
78.76 -9.19 20251119.0 108.0 38.40154870604232 99.15677324680968 0.7580327491754281 0.1 7.4595302622220965 4.0 7.565044688964299 4.0 38.40153415997823 99.17397444499343 
78.76 -9.19 20251119.0 385.0 0.869118853459 82.33823574674068 0.03881136309613715 0.1 0.3505475308682264 1.0 -1.0 -1.0 -1.0 -1.0 
78.76 -9.19 20251119.0 447.0 10.183299 64.99537933180143 0.04738791128666746 0.1 0.5100955068191437 8.0 -1.0 -1.0 -1.0 -1.0 
78.76 -9.19 20251119.0 483.0 320.5922923290326 89.67870055492428 0.5141278229290023 0.1 3.571672217770768 1.0 -1.0 -1.0 -1.0 -1.0 
78.76 -9.19 20251119.0 84.0 3.86571065372 0.0 0.7404350157554982 0.1 1.86026109803691 8.0 -1.0 -1.0 -1.0 -1.0 
78.76 -9.19 20251119.0 783.0 0.005087595857611346 67.21365166394482 0.4493298353164939 0.1 0.7480592307423294 32.0 -1.0 -1.0 -1.0 -1.0 
78.76 -9.19 20251119.0 309.0 357.99117399581 201.64095499183446 0.06457746728886901 0.1 0.41480370354314605 1.0 -1.0 -1.0 -1.0 -1.0 
344.93 3.38 20251119.0 24.0 11.467104797058479 83.80099317685713 0.2573007452468887 0.1 3.655043114458018 16.0 -1.0 -1.0 -1.0 -1.0 
344.93 3.38 20251119.0 523.0 3.502872 107.73209025107603 0.10985101660475763 0.1 3.7893188355807945 32.0 -1.0 -1.0 -1.0 -1.0 
344.93 3.38 20251119.0 1095.0 109.99844724197537 40.99720907933626 0.26967648836059543 0.1 1.0854643683599972 2.0 -1.0 -1.0 -1.0 -1.0 
344.93 3.38 20251119.0 160.0 4.725005 0.0 0.014057716848492925 0.1 0.3385430408301946 1.0 -1.0 -1.0 -1.0 -1.0 
344.93 3.38 20251119.0 1074.0 15.6362508979 40.14209690406221 0.046964226803740634 0.1 0.48031860685067923 8.0 -1.0 -1.0 -1.0 -1.0 
344.93 3.38 20251119.0 661.0 2.03451016058 80.28419380812441 0.6693951605393668 0.1 16.00330870287582 32.0 15.924006399631105 32.0 2.0345093313759817 80.24996095395896 
344.93 3.38 20251119.0 73.0 3.5361396812042587 120.42629071218661 0.0434974548894717 0.1 0.503440665083127 16.0 -1.0 -1.0 -1.0 -1.0 
148.8 -8.33 20251119.0 554.0 1.000756 49.15758475549384 1.2638925997846755 0.1 14.223957418945941 16.0 13.866729888381107 16.0 1.0007473368508122 48.9797996238539 
217.48 3.03 20251119.0 340.0 0.985679 69.56418136922854 2.4262664552620166 0.1 14.533187034473123 8.0 14.562430790219477 8.0 0.9856497248013815 69.92777177703108 
78.76 -9.19 20251119.0 458.0 5.971046044504491 73.24331918495277 2.760858218615919 0.1 83.35564480506244 32.0 83.3919231912201 32.0 5.971044932569688 73.26730356956658 
344.93 3.38 20251119.0 611.0 156.599195693311 22.702626061853362 8.384793073894407 0.1 80.90576808050699 2.0 80.90619400738737 2.0 156.59898053854704 22.668337015998496 
8.44 -10.03 20251119.0 462.0 1.9074109781353 58.74203824362497 8.667498783590988 0.1 293.04818257839725 32.0 71.29405656605336 2.0 20.981436440100275 58.69480120213896 
148.8 -8.33 20251119.0 1133.0 0.017116042703208576 98.31516951098769 2.3568787118632564 0.1 7.593458134212362 32.0 -1.0 -1.0 -1.0 -1.0 
217.48 3.03 20251119.0 826.0 2.50941 104.3462720538428 7.197567037875809 0.1 148.00153929845808 32.0 143.61957727074525 32.0 2.5094171481517455 104.33506903345737 
344.93 3.38 20251119.0 1113.0 320.94720960606 25.376357088766596 9.67383242068429 0.1 88.2968203040742 1.0 -1.0 -1.0 -1.0 -1.0 
8.77 -10.03 20251119.0 1025.0 332.78628361061 63.94164471311497 0.18699378944626133 0.1 0.881362659639765 1.0 -1.0 -1.0 -1.0 -1.0 
8.77 -10.03 20251119.0 234.0 2.528092724179 18.342539326483916 0.3632085100703893 0.1 11.611127308194408 32.0 11.053830548620628 32.0 2.52809210602815 18.316825892391645 
8.77 -10.03 20251119.0 921.0 0.1611955102003513 91.5225605540353 0.07994481079808956 0.1 4.259110788610042 32.0 -1.0 -1.0 -1.0 -1.0 
8.77 -10.03 20251119.0 622.0 0.5231683062382 90.23634590614161 0.9554281212853752 0.1 9.048922330761377 16.0 7.141256517134658 16.0 0.5231413524597883 89.45897286670836 
8.77 -10.03 20251119.0 872.0 0.0035224816509751146 58.86389297273467 0.8530865588540777 0.1 1.0462263350830863 1.0 -1.0 -1.0 -1.0 -1.0 
8.77 -10.03 20251119.0 189.0 13.844635067377832 37.27785583851884 0.44716216121055213 0.1 8.753178751891221 16.0 8.773232581501427 16.0 13.844631515288105 37.2408393834261 
8.77 -10.03 20251119.0 776.0 0.014111716139277362 74.55571167703768 0.03501502376491989 0.1 0.3376314610369657 1.0 -1.0 -1.0 -1.0 -1.0 
8.77 -10.03 20251119.0 1015.0 312.1999096979769 111.83356751555652 0.9217145848418996 0.1 4.867585487227314 1.0 -1.0 -1.0 -1.0 -1.0 
78.76 -9.19 20251119.0 1070.0 219.56789 48.136509607511634 9.462319317574856 0.1 76.26532354228573 1.0 76.26081938579601 1.0 219.5680281147361 48.17021615899681 
149.12 -8.33 20251119.0 805.0 231.05446090789 25.287967324193858 0.4104510075971002 0.1 3.040890942932156 1.0 -1.0 -1.0 -1.0 -1.0 
149.12 -8.33 20251119.0 402.0 4.877926971588846 75.98152042525224 0.1579864578225898 0.1 2.089513938066784 16.0 -1.0 -1.0 -1.0 -1.0 
149.12 -8.33 20251119.0 593.0 12.679118 69.93887241929662 0.012682659156062615 0.1 1.8198876274794284 16.0 -1.0 -1.0 -1.0 -1.0 
149.12 -8.33 20251119.0 935.0 0.012465028543067826 70.14470471147028 0.02108785483117487 0.1 0.3378739331980631 1.0 -1.0 -1.0 -1.0 -1.0 
149.12 -8.33 20251119.0 1024.0 1.29679780121 106.4299973603717 0.041472649005065275 0.1 3.2984422104675457 32.0 -1.0 -1.0 -1.0 -1.0 
149.12 -8.33 20251119.0 925.0 122.285985983522 8.52733781862351 0.02678198634507347 0.1 0.35159429917474316 1.0 -1.0 -1.0 -1.0 -1.0 
149.12 -8.33 20251119.0 615.0 0.0985831114281693 49.00278784391751 0.34534551912178585 0.1 2.554936963881207 16.0 -1.0 -1.0 -1.0 -1.0 
149.12 -8.33 20251119.0 599.0 93.54365951465 147.00836353175254 0.16812123137347193 0.1 1.083509401017859 1.0 -1.0 -1.0 -1.0 -1.0 
217.8 3.03 20251119.0 643.0 0.03620082661537397 38.66792028811494 0.022209288899663372 0.1 2.9148574797717854 32.0 -1.0 -1.0 -1.0 -1.0 
217.8 3.03 20251119.0 89.0 272.081088484952 44.54126385620159 0.7414587739333255 0.1 7.403002771670771 1.0 -1.0 -1.0 -1.0 -1.0 
217.8 3.03 20251119.0 435.0 1.86739407015 92.47903422419706 0.024770763559917114 0.1 0.35671326350441646 1.0 -1.0 -1.0 -1.0 -1.0 
217.8 3.03 20251119.0 540.0 2.116357 93.70177656844287 0.045495222839135055 0.1 0.37579140153445656 1.0 -1.0 -1.0 -1.0 -1.0 
217.8 3.03 20251119.0 241.0 1.0985150222458 90.47248268492191 0.06824697531494842 0.1 2.5357651749183043 32.0 -1.0 -1.0 -1.0 -1.0 
217.8 3.03 20251119.0 911.0 0.135722 34.83248062710462 0.46351800288436174 0.1 1.0536601775569503 32.0 -1.0 -1.0 -1.0 -1.0 
217.8 3.03 20251119.0 986.0 0.513208827209361 69.66496125420925 0.120755853211876 0.1 0.7222357950748766 16.0 -1.0 -1.0 -1.0 -1.0 
8.77 -10.03 20251119.0 686.0 0.003257768112634486 90.86267651728984 1.0423217498785418 0.1 1.5968699199890373 1.0 -1.0 -1.0 -1.0 -1.0 
344.93 3.38 20251119.0 198.0 1.1366337475 83.30719600522 1.9369959509055048 0.1 35.10189217735463 16.0 34.27373517704947 16.0 1.1366258452956877 83.18470101406592 
78.76 -9.19 20251119.0 1147.0 391.18012787837 134.42730332788963 4.493298353164939 0.1 38.29718725482659 1.0 -1.0 -1.0 -1.0 -1.0 
149.12 -8.33 20251119.0 599.0 3.866527 0.0 8.29262199356948 0.1 194.95871811498793 32.0 -1.0 -1.0 -1.0 -1.0 
8.77 -10.03 20251119.0 127.0 14.8661645038 0.0 9.475402338469936 0.1 377.4776097055683 32.0 -1.0 -1.0 -1.0 -1.0 
345.25 3.38 20251119.0 83.0 471.90567042843 47.01559310248799 0.06516004838727284 0.1 0.3548886033750488 1.0 -1.0 -1.0 -1.0 -1.0 
345.25 3.38 20251119.0 239.0 5.571420718074 26.11710184619026 0.06602098024153877 0.1 0.4210363094486766 1.0 -1.0 -1.0 -1.0 -1.0 
345.25 3.38 20251119.0 1.0 2.67294 22.052838299223268 0.021589044591006176 0.1 2.8865584724845195 16.0 -1.0 -1.0 -1.0 -1.0 
345.25 3.38 20251119.0 1008.0 1.3784491702406867 78.86835681821451 0.0870951556029143 0.1 2.516731729575997 32.0 -1.0 -1.0 -1.0 -1.0 
345.25 3.38 20251119.0 153.0 0.015829776747756 0.0 0.044808988095352435 0.1 0.3379608432830145 1.0 -1.0 -1.0 -1.0 -1.0 
345.25 3.38 20251119.0 755.0 0.77726386327 40.07748639657097 0.023455085678109402 0.1 0.33796461372259284 1.0 -1.0 -1.0 -1.0 -1.0 
345.25 3.38 20251119.0 177.0 1.265823 80.15497279314194 0.03432049597686392 0.1 0.3538923477861552 1.0 -1.0 -1.0 -1.0 -1.0 
345.25 3.38 20251119.0 921.0 0.266984253314 120.2324591897129 0.12543243145970892 0.1 4.259261311151156 32.0 -1.0 -1.0 -1.0 -1.0 
217.8 3.03 20251119.0 1003.0 0.1698 3.145687569384486 1.674257997931657 0.1 27.961235807317617 32.0 24.420121631953506 16.0 0.3396053216420114 7.691042916142347 
149.12 -8.33 20251119.0 539.0 0.0027483727270493745 98.00557568783502 2.139602187812289 0.1 4.422741665591262 4.0 -1.0 -1.0 -1.0 -1.0 
79.08 -9.19 20251119.0 980.0 2.412022 64.33445307864996 0.14164952467166175 0.1 3.034703476033067 32.0 -1.0 -1.0 -1.0 -1.0 
79.08 -9.19 20251119.0 240.0 358.3494338642142 88.81858691402353 0.03751953313824317 0.1 0.39653066866787207 1.0 -1.0 -1.0 -1.0 -1.0 
79.08 -9.19 20251119.0 1080.0 0.490523 110.73829775417096 0.08751736018534655 0.1 1.7523024095596647 16.0 -1.0 -1.0 -1.0 -1.0 
79.08 -9.19 20251119.0 1046.0 0.6258 0.0 0.011030730151526759 0.1 0.3379026612320186 1.0 -1.0 -1.0 -1.0 -1.0 
79.08 -9.19 20251119.0 919.0 2.114179987877 203.5052819783046 0.3077151047387642 0.1 1.8573143646617438 16.0 -1.0 -1.0 -1.0 -1.0 
9.09 -10.03 20251119.0 546.0 0.94856118648 28.777296480409202 0.10280191389284826 0.1 0.7050597658941199 16.0 -1.0 -1.0 -1.0 -1.0 
9.09 -10.03 20251119.0 364.0 26.833447325101595 62.429068976925016 0.14744052264218882 0.1 0.619377489235244 1.0 -1.0 -1.0 -1.0 -1.0 
9.09 -10.03 20251119.0 5.0 147.058824 98.5404394632194 0.11316323927026738 0.1 1.2653314452851467 1.0 -1.0 -1.0 -1.0 -1.0 
9.09 -10.03 20251119.0 86.0 0.03271982139587308 0.0 0.023213283406807464 0.1 0.45685000226031164 8.0 -1.0 -1.0 -1.0 -1.0 
9.09 -10.03 20251119.0 259.0 0.6050112405059 37.26290954514525 0.031721238483364014 0.1 0.3385511188808355 1.0 -1.0 -1.0 -1.0 -1.0 
9.09 -10.03 20251119.0 214.0 4.039949 74.5258190902905 0.6597538575420258 0.1 4.067456180039414 8.0 -1.0 -1.0 -1.0 -1.0 
9.09 -10.03 20251119.0 999.0 0.0018174136330096186 111.78872863543575 0.16987247418078028 0.1 0.34247986166528194 1.0 -1.0 -1.0 -1.0 -1.0 
217.8 3.03 20251119.0 443.0 4.47787391895 0.0 6.773031233020212 0.1 56.09675943142634 16.0 -1.0 -1.0 -1.0 -1.0 
345.25 3.38 20251119.0 643.0 0.7941361352305215 41.25588233622412 1.9531206551487357 0.1 28.973078337519727 16.0 30.32541114764978 32.0 0.7941404570980619 41.38995464081869 
149.44 -8.33 20251119.0 602.0 58.60871301938856 66.94798383495142 0.0381468029356862 0.1 0.3524593605686912 1.0 -1.0 -1.0 -1.0 -1.0 
149.44 -8.33 20251119.0 409.0 315.08256316084027 137.35475142319717 0.48749346349289574 0.1 1.754346981112565 1.0 -1.0 -1.0 -1.0 -1.0 
149.44 -8.33 20251119.0 628.0 429.838515818049 40.7579560080998 0.5882703473797407 0.1 1.865243697429895 1.0 -1.0 -1.0 -1.0 -1.0 
149.44 -8.33 20251119.0 108.0 1.716827 55.31122832598657 0.03830525217996019 0.1 0.3640924808468757 16.0 -1.0 -1.0 -1.0 -1.0 
149.44 -8.33 20251119.0 22.0 0.38068628161576884 78.59939520727768 0.08830689192089927 0.1 2.537196331835556 32.0 -1.0 -1.0 -1.0 -1.0 
149.44 -8.33 20251119.0 574.0 0.816490196029 48.84799258360181 0.010685697614468222 0.1 2.547446432560206 16.0 -1.0 -1.0 -1.0 -1.0 
149.44 -8.33 20251119.0 621.0 2.93487997706 97.69598516720362 0.4310855408791507 0.1 2.5679344412275897 16.0 -1.0 -1.0 -1.0 -1.0 
9.09 -10.03 20251119.0 503.0 288.892720892735 34.736231610190906 2.3245379118404386 0.1 10.01314626337404 1.0 -1.0 -1.0 -1.0 -1.0 
79.08 -9.19 20251119.0 974.0 0.581825 132.9836496095852 7.2574838589214705 0.1 61.52920876824684 8.0 12.706050768362575 1.0 5.236749226848285 133.68246963452688 
9.09 -10.03 20251119.0 637.0 0.017513879323249357 79.52327500588603 4.654433038693023 0.1 1.3395884939225744 1.0 -1.0 -1.0 -1.0 -1.0 
149.44 -8.33 20251119.0 246.0 1.044168 49.55147402494981 2.3880191423863355 0.1 53.94114445710511 32.0 51.3634750899858 32.0 1.0441605506154399 49.38459135628244 
79.08 -9.19 20251119.0 824.0 2.44468374341 122.6852525017722 1.050998654925876 0.1 8.313699542476382 8.0 8.676150790447481 8.0 2.444721758365631 122.75309285895617 
9.09 -10.03 20251119.0 481.0 1.8198438376 92.83864412327817 2.1117011831285426 0.1 47.89988434795175 32.0 47.87218569996958 32.0 1.8198382652675114 92.79850465924385 
345.25 3.38 20251119.0 1132.0 0.3268497668 114.71323739072517 3.375614434310193 0.1 76.53342710629467 32.0 76.84923232521213 32.0 0.32684207932713133 114.96085200970668 
149.44 -8.33 20251119.0 357.0 36.597245 0.0 6.152886556628084 0.1 112.30646510021566 8.0 -1.0 -1.0 -1.0 -1.0 
217.8 3.03 20251119.0 555.0 0.331159372546 104.49744188131388 9.236268504401975 0.1 217.05231356566205 32.0 44.051693197768685 1.0 5.62965093801419 104.33506903345737 
9.42 -10.03 20251119.0 148.0 270.7466085353006 103.19462846231508 0.886124510543721 0.1 14.250620387607553 1.0 -1.0 -1.0 -1.0 -1.0 
9.42 -10.03 20251119.0 548.0 474.297046398865 31.34729617032638 0.01899887444882103 0.1 0.33988542470950445 1.0 -1.0 -1.0 -1.0 -1.0 
9.42 -10.03 20251119.0 739.0 0.9319943359 6.012422580975256 0.5948088720445762 0.1 3.557955942566882 32.0 -1.0 -1.0 -1.0 -1.0 
9.42 -10.03 20251119.0 479.0 51.76969784885148 71.29973246584039 0.039188560946779236 0.1 0.3725808241473186 1.0 -1.0 -1.0 -1.0 -1.0 
9.42 -10.03 20251119.0 940.0 1.5900693570117 44.85848371753658 0.11641437226092487 0.1 1.803389796591885 32.0 -1.0 -1.0 -1.0 -1.0 
9.42 -10.03 20251119.0 213.0 0.704699886713386 77.43508562003262 0.15011277096361172 0.1 0.9583719303338747 16.0 -1.0 -1.0 -1.0 -1.0 
9.42 -10.03 20251119.0 832.0 3.467948675 37.24796368474076 0.27876903034208217 0.1 2.5323878079437687 32.0 -1.0 -1.0 -1.0 -1.0 
9.42 -10.03 20251119.0 113.0 1.7493147466976 74.49592736948152 0.1433229146698036 0.1 1.4545120062436392 16.0 -1.0 -1.0 -1.0 -1.0 
79.08 -9.19 20251119.0 260.0 123.95878503898378 26.641505561516226 3.0517464977915516 0.1 19.52265840549668 4.0 19.275629628970762 2.0 123.95854961747925 26.61505640717681 
345.58 3.38 20251119.0 1132.0 0.011634729817436731 31.17794021285191 0.01467292344570344 0.1 0.33755881094452417 1.0 -1.0 -1.0 -1.0 -1.0 
345.58 3.38 20251119.0 565.0 3.620958 16.171230445402973 0.07343220827890092 0.1 0.4020431767399844 1.0 -1.0 -1.0 -1.0 -1.0 
345.58 3.38 20251119.0 619.0 1.35193245777 40.60215394680984 0.48380289952679695 0.1 17.468204134446825 32.0 18.040315567224702 32.0 1.3519335576953988 40.5803711759616 
345.58 3.38 20251119.0 934.0 1.432275 106.89579501549227 0.20626780313931212 0.1 1.0753453847511856 8.0 -1.0 -1.0 -1.0 -1.0 
345.58 3.38 20251119.0 184.0 9.585563467335172 63.97660508058831 0.4521322924321569 0.1 3.46904181506138 8.0 -1.0 -1.0 -1.0 -1.0 
345.58 3.38 20251119.0 136.0 1.596821246630255 0.0 0.5067228364390678 0.1 15.696693036644351 32.0 -1.0 -1.0 -1.0 -1.0 
345.58 3.38 20251119.0 238.0 0.10465208834497783 40.01389092392584 0.878201873844514 0.1 4.807438257749825 32.0 -1.0 -1.0 -1.0 -1.0 
345.58 3.38 20251119.0 936.0 1.2175987727243358 80.02778184785168 0.25641350432505366 0.1 5.649671431137972 32.0 -1.0 -1.0 -1.0 -1.0 
345.58 3.38 20251119.0 564.0 277.94006243351 120.04167277177753 0.7868457238332256 0.1 2.7929737788933964 1.0 -1.0 -1.0 -1.0 -1.0 
149.44 -8.33 20251119.0 861.0 0.006114268944033406 146.54397775080542 2.5324469357735295 0.1 1.851901329404369 1.0 -1.0 -1.0 -1.0 -1.0 
9.42 -10.03 20251119.0 32.0 5.32298769447567 0.0 1.6754150496746907 0.1 38.12308101459214 32.0 -1.0 -1.0 -1.0 -1.0 
218.12 3.03 20251119.0 497.0 3.620958 45.4475059419097 0.4257580972302213 0.1 20.33876977687926 32.0 20.700984679017775 32.0 3.6209712561685596 45.43787196510413 
218.12 3.03 20251119.0 1109.0 0.7096900833039 57.515901692951125 0.07543758187143425 0.1 2.5476640161867325 16.0 -1.0 -1.0 -1.0 -1.0 
218.12 3.03 20251119.0 63.0 2.52544914331 3.1610195288937653 0.39596770456822383 0.1 10.636653972845673 32.0 9.831417310068487 32.0 2.5254545713930083 3.137135926321221 
218.12 3.03 20251119.0 519.0 0.5141946062 69.44822706692096 0.25588262897964115 0.1 10.687403645550052 32.0 10.37101050317215 32.0 0.5141979878923546 69.92777177703108 
218.12 3.03 20251119.0 1051.0 1.274454 0.0 0.054710893493953076 0.1 4.026625918002125 32.0 -1.0 -1.0 -1.0 -1.0 
218.12 3.03 20251119.0 1042.0 285.989343507338 34.88635129073814 0.03767537691055849 0.1 0.35372714399967153 1.0 -1.0 -1.0 -1.0 -1.0 
218.12 3.03 20251119.0 6.0 0.5533823989 104.65905387221443 0.3234081611808159 0.1 8.277150398898085 32.0 8.129737636995202 32.0 0.5533972095387678 104.63866283277878 
345.58 3.38 20251119.0 748.0 309.597523 51.88719969193144 1.1770829817060204 0.1 7.526296054032437 1.0 -1.0 -1.0 -1.0 -1.0 
149.77 -8.33 20251119.0 271.0 0.01275475934768637 115.8527056430336 0.01480529419693707 0.1 0.3375304468848858 1.0 -1.0 -1.0 -1.0 -1.0 
149.77 -8.33 20251119.0 963.0 2.103798793347598 96.26147257023308 0.068625203982797 0.1 0.9894363599827717 16.0 -1.0 -1.0 -1.0 -1.0 
149.77 -8.33 20251119.0 181.0 0.0024388487860908695 5.726892889289934 0.06360340234416484 0.1 0.34414906255174754 1.0 -1.0 -1.0 -1.0 -1.0 
149.77 -8.33 20251119.0 67.0 16.4413566796379 43.37536986811686 0.15146700281357306 0.1 1.0363064847488535 8.0 -1.0 -1.0 -1.0 -1.0 
149.77 -8.33 20251119.0 792.0 12.061673353932566 57.590336146890095 0.29809001901725773 0.1 3.298452020979439 32.0 -1.0 -1.0 -1.0 -1.0 
149.77 -8.33 20251119.0 956.0 256.2202469153542 35.83690881996991 0.6382348256761571 0.1 5.147790586040231 1.0 -1.0 -1.0 -1.0 -1.0 
149.77 -8.33 20251119.0 434.0 1.2631955534031425 0.0 0.20755428942890553 0.1 0.41625072054308887 1.0 -1.0 -1.0 -1.0 -1.0 
149.77 -8.33 20251119.0 291.0 66.29687452695 48.693198979600375 0.11738347460803672 0.1 0.549144639720872 1.0 -1.0 -1.0 -1.0 -1.0 
149.77 -8.33 20251119.0 112.0 0.001132104598920097 146.07959693880113 0.2269005682628224 0.1 0.669090212550668 4.0 -1.0 -1.0 -1.0 -1.0 
218.12 3.03 20251119.0 919.0 4.42245725179 20.93390416485937 1.881600642729693 0.1 6.513404906043046 8.0 6.940541913813766 8.0 4.422448303860923 21.150368019391458 
9.42 -10.03 20251119.0 523.0 50.545896 111.74389105422227 3.657264038463828 0.1 27.738277273300838 2.0 27.744688562583892 2.0 50.54607754573227 111.72251815027833 
345.9 3.38 20251119.0 296.0 1.99898269975 65.88862212761138 0.013740856411831391 0.1 0.3411097040691635 1.0 -1.0 -1.0 -1.0 -1.0 
345.9 3.38 20251119.0 909.0 8.467029880877387 89.9451010452239 0.7322956741270126 0.1 12.665168083700873 16.0 -1.0 -1.0 -1.0 -1.0 
345.9 3.38 20251119.0 908.0 13.283708222684412 57.306440311462616 0.6905321738431073 0.1 12.266086503600548 16.0 9.209416713099131 16.0 13.283715816214682 57.27803013863906 
345.9 3.38 20251119.0 269.0 215.9269311725 0.0 0.3373283214612849 0.1 2.526852489423373 1.0 -1.0 -1.0 -1.0 -1.0 
345.9 3.38 20251119.0 640.0 0.001688577540147115 39.95029607992154 0.1637651254177121 0.1 0.39194487914278714 1.0 -1.0 -1.0 -1.0 -1.0 
149.77 -8.33 20251119.0 534.0 3.900868462421 97.38639795920075 1.1811559192547427 0.1 9.380233945520509 8.0 7.750297270981453 8.0 3.9008834088842077 97.25121371595783 
79.08 -9.19 20251119.0 346.0 0.6118088461395 67.8350939927682 9.096951715625334 0.1 255.34657602227458 32.0 70.5234597715762 2.0 6.729775729278724 67.90381311488835 
218.12 3.03 20251119.0 643.0 0.008242736724558733 53.486125141215695 1.2448284660085038 0.1 1.9175483434866372 32.0 -1.0 -1.0 -1.0 -1.0 
9.74 -10.03 20251119.0 411.0 226.42059 85.31309943818408 0.27098377862687834 0.1 1.8275595115299965 1.0 -1.0 -1.0 -1.0 -1.0 
9.74 -10.03 20251119.0 1102.0 5.2390899312 57.13978049316638 0.035209079043299264 0.1 3.54702930105398 32.0 -1.0 -1.0 -1.0 -1.0 
9.74 -10.03 20251119.0 991.0 0.015975938739930858 31.033100725320857 0.44716216121055213 0.1 3.4245010509654885 32.0 -1.0 -1.0 -1.0 -1.0 
9.74 -10.03 20251119.0 47.0 0.265102 26.35244226459032 0.03137253806887683 0.1 0.3377823132964777 1.0 -1.0 -1.0 -1.0 -1.0 
9.74 -10.03 20251119.0 672.0 1.5105891872725 0.0 0.016952077231295482 0.1 0.33820766014822223 1.0 -1.0 -1.0 -1.0 -1.0 
9.74 -10.03 20251119.0 609.0 1.001111 74.4660365136749 0.18596317084298622 0.1 2.5368489757925734 32.0 -1.0 -1.0 -1.0 -1.0 
9.74 -10.03 20251119.0 800.0 275.8053380433 111.69905477051233 0.8953548686775016 0.1 3.390154969474026 1.0 -1.0 -1.0 -1.0 -1.0 
345.9 3.38 20251119.0 725.0 0.0026859420515741735 36.030780082881535 4.638383324356183 0.1 5.379605198819372 4.0 -1.0 -1.0 -1.0 -1.0 
150.09 -8.33 20251119.0 995.0 43.27524106540171 127.71732063626436 0.16308771282063628 0.1 2.2342795340074266 1.0 -1.0 -1.0 -1.0 -1.0 
150.09 -8.33 20251119.0 163.0 77.9294624759598 29.02401596671321 0.027915446872420174 0.1 0.3834455354696057 1.0 -1.0 -1.0 -1.0 -1.0 
150.09 -8.33 20251119.0 956.0 2.52937356474 63.97516414539445 0.681527443185034 0.1 21.578033145951085 32.0 21.279072620726502 32.0 2.529365398610632 63.957093723710045 
150.09 -8.33 20251119.0 877.0 386.100386 48.538407033143564 0.2808955470273914 0.1 1.0180674714845455 1.0 -1.0 -1.0 -1.0 -1.0 
150.09 -8.33 20251119.0 1081.0 34.39137817982709 97.07681406628713 0.011844244140315275 0.1 0.34017737211298416 1.0 -1.0 -1.0 -1.0 -1.0 
150.09 -8.33 20251119.0 109.0 0.9241794397378473 145.6152210994307 0.23487515716213564 0.1 5.234934654264558 16.0 6.110705866042429 16.0 0.9241678829615315 145.3202319418475 
218.12 3.03 20251119.0 552.0 12.476777776 69.77270258147628 4.135820258278061 0.1 31.478383934123034 8.0 17.424210757351272 8.0 12.47681211680174 69.82657384392395 
79.08 -9.19 20251119.0 953.0 29.045300004132 135.6701879855364 1.4057716848492932 0.1 13.162310207246238 8.0 13.17764709460154 8.0 29.04525899793953 135.60523036356244 
345.9 3.38 20251119.0 737.0 0.0034109719754692705 38.21228439927689 6.63868723164854 0.1 6.310762819123118 2.0 -1.0 -1.0 -1.0 -1.0 
150.09 -8.33 20251119.0 934.0 0.45620710683 60.33441954344849 2.4413990085839092 0.1 22.888336485026606 32.0 22.703924952660355 32.0 0.45620254240930086 60.617561931174556 
218.44 3.03 20251119.0 816.0 0.98099656939 55.57099363284337 0.08122523361259269 0.1 2.1926656339959556 16.0 -1.0 -1.0 -1.0 -1.0 
218.44 3.03 20251119.0 659.0 7.1551197652 14.403800273821314 0.09015617949709182 0.1 1.8580199115035638 8.0 -1.0 -1.0 -1.0 -1.0 
218.44 3.03 20251119.0 558.0 0.36700149 88.62425583324992 0.1398989907543169 0.1 3.7900723160525054 32.0 -1.0 -1.0 -1.0 -1.0 
218.44 3.03 20251119.0 117.0 2.31107 69.8804458699366 0.46673127862588354 0.1 9.956591650670674 32.0 10.072653070821485 32.0 2.31105635369507 69.92777177703108 
345.9 3.38 20251119.0 397.0 5.71081786086 42.27563584574956 4.788152971972427 0.1 109.17652190229782 32.0 109.1465061965893 32.0 5.710808181902394 42.300736038782915 
79.41 -9.19 20251119.0 143.0 1.270949152698 169.69544958653032 0.04000923210065312 0.1 0.39562606390180494 1.0 -1.0 -1.0 -1.0 -1.0 
79.41 -9.19 20251119.0 146.0 0.4768275549886239 43.296358961770196 0.3700469471568636 0.1 13.034225761053083 32.0 13.586945287168898 32.0 0.4768177556494872 42.90792363742573 
79.41 -9.19 20251119.0 810.0 21.324877969630563 59.49400107691324 0.024566259432007898 0.1 0.3433250831288855 1.0 -1.0 -1.0 -1.0 -1.0 
79.41 -9.19 20251119.0 179.0 129.5671 7.719028435099855 0.45715766581533707 0.1 3.4589814458037016 1.0 -1.0 -1.0 -1.0 -1.0 
79.41 -9.19 20251119.0 457.0 1.1260965560079352 0.0 0.05053245024258892 0.1 0.3419173865313231 1.0 -1.0 -1.0 -1.0 -1.0 
79.41 -9.19 20251119.0 1143.0 2.351895 68.42426003773356 0.4768346831124874 0.1 10.980951913237124 16.0 11.175324786049961 32.0 2.3518926658046744 68.20740691420977 
79.41 -9.19 20251119.0 1001.0 2.5619480526 136.84852007546712 0.015592627068837125 0.1 0.34407840025265324 1.0 -1.0 -1.0 -1.0 -1.0 
79.41 -9.19 20251119.0 909.0 0.8014686782873773 205.27278011320067 0.33431234604531174 0.1 6.718835662780001 32.0 -1.0 -1.0 -1.0 -1.0 
150.09 -8.33 20251119.0 346.0 0.04370651899473659 56.70823791991031 2.1263402654141625 0.1 10.990550185631731 32.0 11.328276275587053 32.0 0.043716378665218755 57.986415670389015 
9.74 -10.03 20251119.0 842.0 1.14381850931 65.32814004379999 4.379899510095116 0.1 335.5590856953697 32.0 80.90825100725657 2.0 14.869632044186195 65.37386478720995 
218.44 3.03 20251119.0 207.0 0.009288855028333608 11.646740978322766 5.5587161453463745 0.1 9.224106534030641 32.0 -1.0 -1.0 -1.0 -1.0 
345.9 3.38 20251119.0 440.0 2.85754146359 79.90059215984309 3.7545462261036096 0.1 43.751612669852015 32.0 43.80490325779569 32.0 2.8575414035003632 79.84516922153043 
9.74 -10.03 20251119.0 242.0 0.6921479136245 17.10283556892233 3.9596770456822385 0.1 3.1827829361318725 8.0 -1.0 -1.0 -1.0 -1.0 
79.41 -9.19 20251119.0 707.0 0.014911777391988974 12.52289187609285 2.1484893899790714 0.1 1.7187055175131494 1.0 -1.0 -1.0 -1.0 -1.0 
218.44 3.03 20251119.0 694.0 0.971157 60.35129416039979 3.5847217057776026 0.1 6.046128420216722 2.0 -1.0 -1.0 -1.0 -1.0 
218.44 3.03 20251119.0 395.0 195.72256536982 15.682740327246497 1.602951905293889 0.1 8.104357674274317 2.0 8.48656912526938 2.0 195.72228969385228 15.685679631606105 
345.9 3.38 20251119.0 346.0 0.5398186678944467 119.85088823976463 2.2117420426236243 0.1 56.200873815012564 32.0 56.007236255664694 32.0 0.539815421992292 119.8183527988492 
150.09 -8.33 20251119.0 1147.0 0.027100867524605377 82.45558374487216 4.784846244637481 0.1 58.12691070021306 32.0 -1.0 -1.0 -1.0 -1.0 
79.41 -9.19 20251119.0 165.0 1.96633214751 54.66960830497583 4.593737943711119 0.1 88.67425660866857 16.0 91.84185967102579 32.0 1.966327545233071 54.54568594474638 
218.44 3.03 20251119.0 303.0 1.0331 0.0 2.81283925625466 0.1 9.33694324140525 4.0 -1.0 -1.0 -1.0 -1.0 
346.22 3.38 20251119.0 911.0 1.184484581238005 52.895056177491895 0.9567491384329688 0.1 13.20222172480982 16.0 12.956760784184594 16.0 1.1845258995890617 52.926519015032206 
346.22 3.38 20251119.0 81.0 0.0035387064513500537 65.6161975161059 0.019276514212614074 0.1 0.3378281225003613 1.0 -1.0 -1.0 -1.0 -1.0 
346.22 3.38 20251119.0 359.0 2.3101681601 21.79228445683546 0.017841244401227932 0.1 2.783807566931237 32.0 -1.0 -1.0 -1.0 -1.0 
346.22 3.38 20251119.0 206.0 0.0022349340175341534 21.39736661659627 0.5593385696288847 0.1 0.6846665195040146 2.0 -1.0 -1.0 -1.0 -1.0 
346.22 3.38 20251119.0 391.0 357.99117399581 39.886701864158475 0.027857651076758985 0.1 0.34055237127526233 1.0 -1.0 -1.0 -1.0 -1.0 
346.22 3.38 20251119.0 448.0 2.85624866482 119.66010559247543 0.24313001890783234 0.1 3.769126019904006 16.0 -1.0 -1.0 -1.0 -1.0 
150.09 -8.33 20251119.0 509.0 0.023287445350969212 0.0 5.358866120566025 0.1 22.297667194882226 32.0 -1.0 -1.0 -1.0 -1.0 
218.44 3.03 20251119.0 283.0 1.717841 34.9402229349683 1.54852774811806 0.1 24.747124076435785 32.0 24.399145991036455 32.0 1.717853592708707 34.913286921961976 
346.22 3.38 20251119.0 95.0 140.8174521908 67.518983473622 2.944061613416232 0.1 13.598024820133702 2.0 13.76689539588031 2.0 140.8174284733832 67.49902138245982 
79.73 -9.18 20251119.0 455.0 0.4681425875422414 70.29494272615615 0.01164143722609248 0.1 0.3376795658551167 1.0 -1.0 -1.0 -1.0 -1.0 
79.73 -9.18 20251119.0 233.0 1.15109885937 90.28746254069806 0.12921446421017188 0.1 1.8989669869835393 16.0 -1.0 -1.0 -1.0 -1.0 
79.73 -9.18 20251119.0 67.0 3.12928867627 37.7475348208242 0.9172680142347568 0.1 14.102530372602642 32.0 9.814985131836885 32.0 3.1292984203901146 37.746829048961786 
79.73 -9.18 20251119.0 294.0 0.58015 19.039508507320217 0.03028643284103885 0.1 2.516826255129698 32.0 -1.0 -1.0 -1.0 -1.0 
79.73 -9.18 20251119.0 398.0 1.25740386201245 47.899177006446514 0.6624942575779246 0.1 22.219706133771943 32.0 22.01651133766729 32.0 1.2574067416911325 47.866622359675404 
79.73 -9.18 20251119.0 332.0 34.39137817982709 69.05188449934525 0.5781974974395097 0.1 10.573897415838353 8.0 8.426718783078652 8.0 34.39139012092104 69.01699037906685 
218.44 3.03 20251119.0 1052.0 331.119220673 104.8206688049049 1.3599199700975058 0.1 5.415865220254153 1.0 -1.0 -1.0 -1.0 -1.0 
9.74 -10.03 20251119.0 97.0 0.287793 37.23301825683745 7.10370877170873 0.1 222.41808367852 32.0 61.37691585684327 2.0 3.165526626010736 37.84802698206892 
150.41 -8.33 20251119.0 554.0 0.012580122611253566 45.485712790173146 0.07414587739333252 0.1 2.783809869175584 32.0 -1.0 -1.0 -1.0 -1.0 
150.41 -8.33 20251119.0 42.0 25.746268004948682 7.360758501314327 0.012109000882084785 0.1 0.34872541538636737 1.0 -1.0 -1.0 -1.0 -1.0 
150.41 -8.33 20251119.0 379.0 1.617631522306 56.27278096862787 0.6001748986257364 0.1 13.872498632657576 32.0 14.155254162046724 32.0 1.6176272765733304 56.16485287446056 
150.41 -8.33 20251119.0 49.0 429.838515818049 0.0 0.4949592636869072 0.1 1.8984536274225499 1.0 -1.0 -1.0 -1.0 -1.0 
150.41 -8.33 20251119.0 998.0 0.0924402996373342 48.38936505893619 0.012621474988695413 0.1 0.33748329329461835 1.0 -1.0 -1.0 -1.0 -1.0 
150.41 -8.33 20251119.0 1141.0 3.471732207903239 96.77873011787239 0.3297249531200038 0.1 9.833016175668169 32.0 9.233505763219455 16.0 3.471723175607622 96.74522405042215 
150.41 -8.33 20251119.0 204.0 1.0331 145.16809517680858 0.2516750038971445 0.1 4.397515375720436 32.0 -1.0 -1.0 -1.0 -1.0 
346.22 3.38 20251119.0 603.0 2.701631834202 58.66325008644011 7.182665284173641 0.1 110.35819808963929 32.0 110.78453204639837 32.0 2.7016236951264245 58.59360326903183 
218.76 3.03 20251119.0 213.0 0.90569 27.697946147885453 0.012009030582047301 0.1 0.33767494153925925 1.0 -1.0 -1.0 -1.0 -1.0 
218.76 3.03 20251119.0 576.0 1.174979047088 58.16778683066164 0.04949592636869072 0.1 2.783870466950677 32.0 -1.0 -1.0 -1.0 -1.0 
218.76 3.03 20251119.0 646.0 3.297066 29.262386624016965 0.20245599113661636 0.1 1.9418627609710797 8.0 -1.0 -1.0 -1.0 -1.0 
218.76 3.03 20251119.0 608.0 0.792393 44.01432534190137 0.38677531266236914 0.1 4.906966333783016 32.0 -1.0 -1.0 -1.0 -1.0 
218.76 3.03 20251119.0 846.0 40.76562617621309 30.79532829861563 0.3965151870171643 0.1 1.46759604382374 2.0 -1.0 -1.0 -1.0 -1.0 
218.76 3.03 20251119.0 45.0 170.21091053538174 34.99516850299553 0.9065583023636844 0.1 4.0848027939008915 2.0 -1.0 -1.0 -1.0 -1.0 
218.76 3.03 20251119.0 981.0 196.582994 69.99033700599107 0.035209079043299264 0.1 0.35027806684314566 1.0 -1.0 -1.0 -1.0 -1.0 
218.76 3.03 20251119.0 59.0 14.764634113955474 104.98550550898659 0.04419412466775118 0.1 0.4284831769405401 1.0 -1.0 -1.0 -1.0 -1.0 
10.07 -10.03 20251119.0 965.0 41.71316172593156 86.98733594529062 0.027305090755433154 0.1 0.3749131044112498 1.0 -1.0 -1.0 -1.0 -1.0 
10.07 -10.03 20251119.0 283.0 2.45278075482 44.777819915354996 0.010315762863996648 0.1 0.33876582484691936 1.0 -1.0 -1.0 -1.0 -1.0 
10.07 -10.03 20251119.0 985.0 0.0015833605930140066 60.71247054358731 0.044932983531649394 0.1 0.33833637955474577 1.0 -1.0 -1.0 -1.0 -1.0 
10.07 -10.03 20251119.0 93.0 1.92768191516 67.89255488412927 0.1140264754632425 0.1 1.1341353359961759 32.0 -1.0 -1.0 -1.0 -1.0 
10.07 -10.03 20251119.0 1049.0 1.336096688653 37.218073261316256 0.9306724964577999 0.1 28.243542798346994 32.0 28.220969135093096 32.0 1.3361083498845499 37.2408393834261 
346.22 3.38 20251119.0 931.0 0.805802 0.0 7.45567981162441 0.1 10.665811930537142 8.0 -1.0 -1.0 -1.0 -1.0 
150.41 -8.33 20251119.0 54.0 1.899823440035 129.70614684564535 1.6007386532839325 0.1 71.2056288773417 32.0 71.18267713847926 32.0 1.8998131660434108 129.73575024334855 
218.76 3.03 20251119.0 1126.0 0.003012947724726992 69.83284299832681 3.8945658010368502 0.1 3.9543146893648773 32.0 -1.0 -1.0 -1.0 -1.0 
10.07 -10.03 20251119.0 1120.0 216.3733370950632 44.27532567690338 3.329294667907001 0.1 17.310225236548426 1.0 17.33779007561447 1.0 216.37339765826863 44.223496767818496 
346.22 3.38 20251119.0 756.0 90.09009 79.77340372831695 2.764675503210766 0.1 23.64686575910584 2.0 23.640406417051924 2.0 90.0899370511373 79.74397128842328 
79.73 -9.18 20251119.0 641.0 0.08869500441317432 170.75476508959002 3.9569424688211514 0.1 97.74922082413075 32.0 22.96242581452901 1.0 1.507578417658806 171.2269028172744 
150.41 -8.33 20251119.0 23.0 0.02382872692571531 17.944571020955635 2.351999059352172 0.1 6.242430928696562 32.0 -1.0 -1.0 -1.0 -1.0 
218.76 3.03 20251119.0 999.0 0.07448328518400348 0.0 1.1918116346569512 0.1 0.76863674556492 32.0 -1.0 -1.0 -1.0 -1.0 
346.54 3.38 20251119.0 398.0 225.01840471097 36.17554045270967 0.6881510365405732 0.1 6.041977910214256 1.0 -1.0 -1.0 -1.0 -1.0 
346.54 3.38 20251119.0 1072.0 4.545455 104.41549287589176 0.019157032358907672 0.1 0.4130877018111651 16.0 -1.0 -1.0 -1.0 -1.0 
346.54 3.38 20251119.0 583.0 38.578428963650275 35.80506085111271 0.9890073518198209 0.1 11.739043938007152 8.0 11.729506555238656 8.0 38.57846119596313 35.8240683199262 
346.54 3.38 20251119.0 339.0 1.4252832 39.83253264911837 0.013468304644516448 0.1 0.3402367329337657 1.0 -1.0 -1.0 -1.0 -1.0 
346.54 3.38 20251119.0 179.0 0.5557801858 79.66506529823674 0.20913756307675835 0.1 1.6860713325187686 32.0 -1.0 -1.0 -1.0 -1.0 
150.41 -8.33 20251119.0 285.0 0.0026983136912087967 43.77255795160295 3.859745378426219 0.1 7.695668820783816 8.0 -1.0 -1.0 -1.0 -1.0 
79.73 -9.18 20251119.0 228.0 0.0164982156034181 0.0 2.8559169535731113 0.1 6.442524991351012 16.0 -1.0 -1.0 -1.0 -1.0 
219.08 3.03 20251119.0 709.0 4.15019313335 65.86335034194865 0.7277566768974914 0.1 21.150784973540596 32.0 21.006887142695295 32.0 4.150206223130226 65.87985445274563 
219.08 3.03 20251119.0 25.0 0.053255632400813185 0.0 0.1680051258366144 0.1 2.5183267668174407 32.0 -1.0 -1.0 -1.0 -1.0 
10.07 -10.03 20251119.0 1156.0 1.72586751278 56.726016251871165 8.332821508477364 0.1 414.97393218167593 32.0 108.12000510975396 2.0 18.984428606927395 56.772040473103374 
150.74 -8.33 20251119.0 1007.0 0.7337347034058 32.74551688717801 0.033018084541305774 0.1 0.34143190325510125 16.0 -1.0 -1.0 -1.0 -1.0 
150.74 -8.33 20251119.0 1015.0 0.4116193649784009 75.79819912522727 0.3741599559153526 0.1 3.0189231097435028 32.0 -1.0 -1.0 -1.0 -1.0 
150.74 -8.33 20251119.0 679.0 1.50514304056 88.29129420640969 0.4587395208346721 0.1 9.270026997404502 16.0 9.118375449389523 32.0 1.5051227819640192 88.14339973631559 
150.74 -8.33 20251119.0 856.0 204.55934656546316 0.0 0.06592982275469446 0.1 0.45960912696910405 1.0 -1.0 -1.0 -1.0 -1.0 
150.74 -8.33 20251119.0 105.0 0.71802175405 48.249693980974506 0.03415492573294786 0.1 0.5805906284861989 16.0 -1.0 -1.0 -1.0 -1.0 
150.74 -8.33 20251119.0 46.0 2.18701119405 96.49938796194901 0.6777711961798848 0.1 12.764943941526417 16.0 12.340899687039625 32.0 2.1870012763732425 96.44163025110075 
150.74 -8.33 20251119.0 894.0 0.002673627135317466 144.7490819429235 0.8673488747257093 0.1 0.5138363337064548 1.0 -1.0 -1.0 -1.0 -1.0 
79.73 -9.18 20251119.0 897.0 66.04697648686016 138.1037689986905 2.1470056302420155 0.1 13.901832957822215 1.0 13.938160232193615 1.0 66.04726271082959 138.13517869124087 
346.54 3.38 20251119.0 652.0 1.63249783074 48.47307303475071 5.2236226600888855 0.1 151.75257940032003 32.0 30.9587602600143 1.0 27.75244259585937 48.47380995831822 
219.08 3.03 20251119.0 753.0 6.5054918751 18.109003558811363 7.543758187143425 0.1 390.83080096360334 32.0 390.8452458618546 32.0 6.50549433582152 18.11443002617737 
10.07 -10.03 20251119.0 183.0 2.09803725694 0.0 4.487094298271818 0.1 166.48946048414803 32.0 -1.0 -1.0 -1.0 -1.0 
150.74 -8.33 20251119.0 460.0 0.08992626475834413 136.65679903402318 2.9665196179364117 0.1 3.2272529824590666 8.0 -1.0 -1.0 -1.0 -1.0 
346.54 3.38 20251119.0 154.0 0.003302992313449221 82.67670593057333 1.6331320510037797 0.1 1.2391106981576354 8.0 -1.0 -1.0 -1.0 -1.0 
219.08 3.03 20251119.0 1111.0 350.20934537035214 75.24385625046185 2.54824173366448 0.1 21.71309501351619 1.0 -1.0 -1.0 -1.0 -1.0 
79.73 -9.18 20251119.0 521.0 98.96535646146744 207.15565349803575 5.2236226600888855 0.1 29.56820376737294 1.0 29.55768784718008 1.0 98.96563521275918 207.1521690703077 
150.74 -8.33 20251119.0 1067.0 2.0040961006 135.0788762485668 1.1984167233780623 0.1 24.50902490344258 32.0 24.344113825704113 32.0 2.0041018918467066 135.20043863113392 
219.08 3.03 20251119.0 111.0 2.25403455265 18.29829627893831 3.4822038024628155 0.1 21.858240409416947 16.0 21.79487393840362 16.0 2.2540310358939073 18.62041969171305 
346.54 3.38 20251119.0 509.0 4.21970648822 28.598635052307312 7.450530874157712 0.1 272.1746942837141 32.0 265.65581849145093 32.0 4.2197219348357375 28.63901506931953 
80.05 -9.18 20251119.0 639.0 102.880658 75.34501943073404 0.14135625524915016 0.1 0.45234665195896684 1.0 -1.0 -1.0 -1.0 -1.0 
80.05 -9.18 20251119.0 542.0 0.02307439124125024 78.60634657590454 0.06759008432993413 0.1 2.547455903281663 16.0 -1.0 -1.0 -1.0 -1.0 
80.05 -9.18 20251119.0 791.0 1.8328640461999723 56.216081367714715 0.2974728571317075 0.1 5.344906843442598 32.0 -1.0 -1.0 -1.0 -1.0 
80.05 -9.18 20251119.0 155.0 287.41432061803584 63.93037442263726 0.3340814679218375 0.1 1.6573467741419747 1.0 -1.0 -1.0 -1.0 -1.0 
80.05 -9.18 20251119.0 224.0 29.53643 139.35901762632437 0.015809563962528996 0.1 0.35955659872025514 1.0 -1.0 -1.0 -1.0 -1.0 
80.05 -9.18 20251119.0 1101.0 0.8584551911 209.03852643948656 0.011099528494691152 0.1 3.0443958158634317 32.0 -1.0 -1.0 -1.0 -1.0 
219.08 3.03 20251119.0 78.0 1.021138 35.187413419153785 2.846068997679546 0.1 3.6527777287594856 8.0 -1.0 -1.0 -1.0 -1.0 
346.54 3.38 20251119.0 593.0 0.83791449172 0.0 3.981621803925185 0.1 7.880823569018771 8.0 -1.0 -1.0 -1.0 -1.0 
10.07 -10.03 20251119.0 203.0 0.6547438511715743 74.43614652263251 9.903747970956548 0.1 104.07626216910249 16.0 114.60079500101618 32.0 0.654745235806331 74.78527256617362 
219.08 3.03 20251119.0 160.0 3.21151 55.136762868088255 3.4797989715046476 0.1 144.44583763027907 32.0 141.99693822645895 32.0 3.2115167414303873 55.1528735433892 
10.07 -10.03 20251119.0 607.0 384.1903018555 111.65421978394878 1.1762700810961417 0.1 7.311748331827412 1.0 -1.0 -1.0 -1.0 -1.0 
346.54 3.38 20251119.0 139.0 0.8573028021 119.49759794735512 2.634159475634404 0.1 56.6328681392514 32.0 56.69425611446997 32.0 0.8572897058911623 119.41356106642067 
80.05 -9.18 20251119.0 398.0 0.919609716274 51.031407444623134 2.0870456725491437 0.1 75.12466999260279 32.0 73.10168129378226 32.0 0.9196204094526669 50.80136241978235 
219.08 3.03 20251119.0 1054.0 24.25319215059094 35.05070201017321 5.894908218805171 0.1 120.91370955963517 16.0 120.91255303591694 16.0 24.253192047278088 35.01448485506911 
10.39 -10.03 20251119.0 165.0 1.11987265911 69.23822601656711 0.010826883167411216 0.1 3.78920098669099 32.0 -1.0 -1.0 -1.0 -1.0 
10.39 -10.03 20251119.0 427.0 1.0283512362698 76.38194109807654 0.21753730974878602 0.1 6.69274502626783 32.0 6.389006368189405 32.0 1.028335342804591 76.20204362967353 
10.39 -10.03 20251119.0 958.0 20.9369242 26.643824843067176 0.7543758187143424 0.1 14.582082282846438 16.0 13.44626816685986 16.0 20.936931832693517 26.61505640717681 
10.39 -10.03 20251119.0 175.0 0.09286608621532814 104.94563936929937 0.05620500328049204 0.1 0.4579490607761657 8.0 -1.0 -1.0 -1.0 -1.0 
10.39 -10.03 20251119.0 522.0 6.166248295253428 26.91171415862378 0.9028083341550172 0.1 24.568957543954234 32.0 24.579921535089927 32.0 6.166252812060217 26.918650206498214 
10.39 -10.03 20251119.0 360.0 0.2075663829 0.0 0.049257146235465336 0.1 2.19255857976465 16.0 -1.0 -1.0 -1.0 -1.0 
10.39 -10.03 20251119.0 706.0 0.26116306973845294 37.20312869792329 0.49873493106103073 0.1 6.835107878730317 32.0 6.228901293829006 32.0 0.2611765618591259 38.758808380033145 
10.39 -10.03 20251119.0 730.0 0.011010491923589117 74.40625739584658 0.01466279023623301 0.1 0.337561560423553 1.0 -1.0 -1.0 -1.0 -1.0 
10.39 -10.03 20251119.0 428.0 0.04813466827685246 111.60938609376987 0.9300297684159161 0.1 8.32123188701064 32.0 7.809919873610066 32.0 0.048142586213847004 111.4189243509569 
346.86 3.38 20251119.0 424.0 1.089384 62.52595624095942 0.022705737545641383 0.1 0.349000980586377 1.0 -1.0 -1.0 -1.0 -1.0 
346.86 3.38 20251119.0 119.0 2.349110041709211 43.394612882635705 0.08727585044335276 0.1 0.8127685335359681 16.0 -1.0 -1.0 -1.0 -1.0 
346.86 3.38 20251119.0 117.0 2.2747452828733463 42.022121001034186 0.13636831407734945 0.1 1.4868198127182912 32.0 -1.0 -1.0 -1.0 -1.0 
346.86 3.38 20251119.0 379.0 19.274316740567937 39.77839514241606 0.03279076699275736 0.1 0.4145810408109994 1.0 -1.0 -1.0 -1.0 -1.0 
346.86 3.38 20251119.0 522.0 1.9764535636 79.55679028483212 0.19369959509055037 0.1 2.804266529545502 16.0 -1.0 -1.0 -1.0 -1.0 
346.86 3.38 20251119.0 1061.0 1.193980028657 119.33518542724818 0.01348692651777729 0.1 0.3400871266473168 1.0 -1.0 -1.0 -1.0 -1.0 
150.74 -8.33 20251119.0 842.0 0.132180571 44.52927053269654 9.24265153532394 0.1 529.2536319014021 32.0 -1.0 -1.0 -1.0 -1.0 
80.05 -9.18 20251119.0 463.0 386.100386 118.70394570691117 1.0153146672788582 0.1 3.4779709599410573 1.0 -1.0 -1.0 -1.0 -1.0 
219.08 3.03 20251119.0 842.0 0.012407876981456374 70.10140402034642 3.137253806887685 0.1 16.27700007669763 32.0 -1.0 -1.0 -1.0 -1.0 
10.39 -10.03 20251119.0 1071.0 450.9170308627072 57.54039257059543 3.222929644301044 0.1 13.72260500312887 1.0 -1.0 -1.0 -1.0 -1.0 
346.86 3.38 20251119.0 250.0 377.93812391457 48.62201674473538 8.072177425408395 0.1 69.1670123781333 1.0 -1.0 -1.0 -1.0 -1.0 
151.06 -8.33 20251119.0 723.0 0.09995163806174966 56.380965077753324 0.468022817466339 0.1 4.326986526537677 32.0 -1.0 -1.0 -1.0 -1.0 
151.06 -8.33 20251119.0 644.0 2.2345477639254 35.27779791347392 0.04994245040193284 0.1 3.045902067732902 32.0 -1.0 -1.0 -1.0 -1.0 
151.06 -8.33 20251119.0 137.0 3.651741272548373 75.43444021923678 0.15624976827451326 0.1 2.5721255206000726 16.0 -1.0 -1.0 -1.0 -1.0 
151.06 -8.33 20251119.0 139.0 0.0019923688721590837 42.04755536904645 0.028519736887022848 0.1 0.33812863121671966 1.0 -1.0 -1.0 -1.0 -1.0 
151.06 -8.33 20251119.0 244.0 0.78250835622 59.195682996381564 0.8156261645706308 0.1 14.162117754679516 32.0 11.462035819216538 32.0 0.7824989249153684 59.20079086767465 
151.06 -8.33 20251119.0 958.0 1.847453268395 120.18123789999339 0.08361654702174111 0.1 0.6517191222846725 16.0 -1.0 -1.0 -1.0 -1.0 
151.06 -8.33 20251119.0 1083.0 0.02203800457605804 48.11002473224573 0.19477308940258128 0.1 0.4177968719369491 32.0 -1.0 -1.0 -1.0 -1.0 
151.06 -8.33 20251119.0 842.0 4.051588553357 144.3300741967372 0.11778964440979335 0.1 3.697298528581836 16.0 -1.0 -1.0 -1.0 -1.0 
80.05 -9.18 20251119.0 478.0 29.688211385875512 0.0 8.373215895525812 0.1 131.20930746795634 16.0 -1.0 -1.0 -1.0 -1.0 
219.08 3.03 20251119.0 655.0 2.093296452558 105.15210603051963 1.534682715483254 0.1 52.3090291093015 32.0 50.90590724665996 32.0 2.0932930056005716 105.04345456520733 
10.72 -10.03 20251119.0 168.0 22.026432 93.06530077085925 0.5927578139668314 0.1 8.261690148192645 8.0 7.94566268225486 8.0 22.02638521945725 93.00090052545812 
10.72 -10.03 20251119.0 611.0 39.475126410105304 13.322139925717055 0.2020368287586114 0.1 2.2210332442758123 8.0 -1.0 -1.0 -1.0 -1.0 
10.72 -10.03 20251119.0 137.0 268.66686619507 11.559243687640594 0.09815200824138255 0.1 0.5766162345741839 1.0 -1.0 -1.0 -1.0 -1.0 
10.72 -10.03 20251119.0 102.0 4.5887792577 37.18818456651168 0.5842203191873788 0.1 19.031230946921085 32.0 18.81139491446152 32.0 4.588764568325132 37.13964145031897 
10.72 -10.03 20251119.0 517.0 28.777763 74.37636913302336 0.6178443619080864 0.1 2.0130612654079845 1.0 -1.0 -1.0 -1.0 -1.0 
10.72 -10.03 20251119.0 322.0 2.11847951725 111.56455369953504 0.013599199700975057 0.1 0.353158843073965 1.0 -1.0 -1.0 -1.0 -1.0 
346.86 3.38 20251119.0 697.0 0.003791242049773243 59.709364205672834 3.1394219106029326 0.1 1.4623624485610303 1.0 -1.0 -1.0 -1.0 -1.0 
151.06 -8.33 20251119.0 492.0 29.946923 0.0 1.2000737073062886 0.1 25.602803901523533 16.0 -1.0 -1.0 -1.0 -1.0 
10.72 -10.03 20251119.0 219.0 224.818628 97.07086880547602 2.1723694834277514 0.1 17.0391784165431 1.0 17.006034118284678 1.0 224.81835912913087 97.04881784974357 
219.4 3.03 20251119.0 1162.0 0.02265411281002549 75.36307292304777 0.33966680433689017 0.1 0.41861190361904427 32.0 -1.0 -1.0 -1.0 -1.0 
219.4 3.03 20251119.0 975.0 0.0682556576466749 100.92648004872729 0.6924430145429812 0.1 1.6406840249743855 32.0 -1.0 -1.0 -1.0 -1.0 
219.4 3.03 20251119.0 1150.0 0.85045582777 73.36181731782358 0.1801463895643213 0.1 3.0445013017410827 32.0 -1.0 -1.0 -1.0 -1.0 
219.4 3.03 20251119.0 704.0 146.9338467837515 79.28132073959198 0.5770004044978653 0.1 4.313646669131256 1.0 -1.0 -1.0 -1.0 -1.0 
219.4 3.03 20251119.0 917.0 0.8826699048784042 35.10623648532749 0.2399595361727951 0.1 2.193636262369548 16.0 -1.0 -1.0 -1.0 -1.0 
219.4 3.03 20251119.0 515.0 1.801523 70.21247297065499 0.033201072667495064 0.1 0.4136444760857114 1.0 -1.0 -1.0 -1.0 -1.0 
219.4 3.03 20251119.0 973.0 0.06763119463005682 105.31870945598249 0.8184483907713578 0.1 12.758601741855236 32.0 12.616449938157942 32.0 0.06763608932184677 105.2458504314216 
80.05 -9.18 20251119.0 900.0 0.002224686951612138 69.67950881316219 7.96141199885089 0.1 30.06302662264288 16.0 -1.0 -1.0 -1.0 -1.0 
151.06 -8.33 20251119.0 694.0 1.30583111159 96.22004946449147 7.58556612949586 0.1 17.753024343344457 2.0 18.326520609632947 2.0 1.3057918598254523 100.08475584295766 
10.72 -10.03 20251119.0 214.0 16.562185596668744 22.72797238583387 6.395589606316493 0.1 52.80618242168634 8.0 52.02504961465184 16.0 16.562201684185617 22.769534949105637 
219.4 3.03 20251119.0 573.0 0.00404317639503851 16.23123625079198 6.216978392254384 0.1 8.236563749273511 16.0 -1.0 -1.0 -1.0 -1.0 
346.86 3.38 20251119.0 993.0 1.4319408595 86.84889932534104 1.1714044531520642 0.1 122.98206769344097 32.0 119.9333466638988 32.0 1.4319387749613575 86.82782660592282 
80.38 -9.18 20251119.0 888.0 0.2133519608398628 75.08244985487416 0.23601374365373645 0.1 7.010259572327805 32.0 6.963202644110414 32.0 0.213367457035929 74.68407463306647 
80.38 -9.18 20251119.0 1100.0 16.0120678426887 171.97255508894492 0.0640885842747449 0.1 0.6603202863708939 1.0 -1.0 -1.0 -1.0 -1.0 
80.38 -9.18 20251119.0 1102.0 2.88877878309566 0.0 0.1840460464416752 0.1 3.5561351604522695 32.0 -1.0 -1.0 -1.0 -1.0 
80.38 -9.18 20251119.0 1152.0 0.16723197844396526 70.29488914783583 0.010027672000990756 0.1 3.5467645826001726 32.0 -1.0 -1.0 -1.0 -1.0 
80.38 -9.18 20251119.0 146.0 45.72872321005851 210.88466744350748 0.025517650453102104 0.1 0.38122353998186015 1.0 -1.0 -1.0 -1.0 -1.0 
219.4 3.03 20251119.0 600.0 133.7931495240541 43.80643190593371 1.54852774811806 0.1 8.153692533475166 2.0 8.156146435485239 2.0 133.7932189926505 43.818705035389954 
10.72 -10.03 20251119.0 482.0 436.6425457769893 56.1672130536513 2.9036635617833264 0.1 23.182163719586455 1.0 -1.0 -1.0 -1.0 -1.0 
151.38 -8.33 20251119.0 538.0 2.560623 55.71666560111685 0.8088924634845912 0.1 5.010133269222902 8.0 -1.0 -1.0 -1.0 -1.0 
151.38 -8.33 20251119.0 1015.0 21.12977915899624 82.49577579834786 0.028598656705762244 0.1 0.3485621929282173 1.0 -1.0 -1.0 -1.0 -1.0 
151.38 -8.33 20251119.0 330.0 1.98837251247 68.7680642840231 0.8011067093957556 0.1 29.693442929213013 32.0 28.501664954270254 32.0 1.988367633506035 68.81459451285258 
151.38 -8.33 20251119.0 113.0 2.194132 0.0 0.02974728571317075 0.1 0.33937494590077266 1.0 -1.0 -1.0 -1.0 -1.0 
151.38 -8.33 20251119.0 633.0 0.716124628374 47.96065249187047 0.040230965569268265 0.1 0.3380698193237499 1.0 -1.0 -1.0 -1.0 -1.0 
151.38 -8.33 20251119.0 555.0 0.007280896776164848 95.92130498374094 0.4355759639306107 0.1 0.3525834105129499 1.0 -1.0 -1.0 -1.0 -1.0 
346.86 3.38 20251119.0 242.0 1.132077460855 0.0 6.400009491490019 0.1 4.467487148676657 4.0 -1.0 -1.0 -1.0 -1.0 
219.4 3.03 20251119.0 382.0 0.861628837956 0.0 4.456202279847409 0.1 28.230671006629866 16.0 -1.0 -1.0 -1.0 -1.0 
10.72 -10.03 20251119.0 549.0 0.0439078343218375 0.0 5.3219722690162135 0.1 7.234196863780945 32.0 -1.0 -1.0 -1.0 -1.0 
151.38 -8.33 20251119.0 247.0 0.007115507526254343 29.038282846863073 1.6916979860432306 0.1 2.4133340556509797 32.0 -1.0 -1.0 -1.0 -1.0 
80.38 -9.18 20251119.0 392.0 3.3310721050170016 50.00575522637826 1.439182308108407 0.1 40.65418831786254 32.0 39.913117994580276 32.0 3.331084978223468 49.99177895492526 
219.72 3.03 20251119.0 1157.0 55.71965302765676 93.18574768176897 0.2885665748429988 0.1 0.673304053419454 1.0 -1.0 -1.0 -1.0 -1.0 
219.72 3.03 20251119.0 817.0 179.03633397331933 82.73096720484912 0.010744918366085439 0.1 0.3409229429407262 1.0 -1.0 -1.0 -1.0 -1.0 
219.72 3.03 20251119.0 483.0 0.53093220067 66.06239691874077 0.027135845277589145 0.1 0.42142200991561346 32.0 -1.0 -1.0 -1.0 -1.0 
219.72 3.03 20251119.0 283.0 19.979243 24.65471440419949 0.12150900395659164 0.1 0.6243993046041707 8.0 -1.0 -1.0 -1.0 -1.0 
219.72 3.03 20251119.0 56.0 0.99506614549 0.0 0.04158741212350101 0.1 0.340447064045564 1.0 -1.0 -1.0 -1.0 -1.0 
219.72 3.03 20251119.0 831.0 3.5010987476 35.16224352126525 0.03200740941471538 0.1 0.6050498162887712 32.0 -1.0 -1.0 -1.0 -1.0 
219.72 3.03 20251119.0 564.0 1.390499284334 70.3244870425305 0.09096951715625334 0.1 4.026709193467287 32.0 -1.0 -1.0 -1.0 -1.0 
219.72 3.03 20251119.0 1007.0 106.51627405458521 105.48673056379576 0.08536761127287494 0.1 0.517774918313187 1.0 -1.0 -1.0 -1.0 -1.0 
347.18 3.38 20251119.0 310.0 0.03825322608296809 36.20694461295552 0.32700278778082853 0.1 0.6497425965325541 32.0 -1.0 -1.0 -1.0 -1.0 
347.18 3.38 20251119.0 844.0 498.8893140547213 61.07985225194109 0.010139127866480835 0.1 0.337836858547233 1.0 -1.0 -1.0 -1.0 -1.0 
347.18 3.38 20251119.0 1147.0 0.246245 103.17429872098616 0.9287456436412002 0.1 34.38918118624214 32.0 34.9442242284646 32.0 0.24623053225999078 102.20991243820751 
347.18 3.38 20251119.0 178.0 1.6820863075 43.59611698294644 0.03897257270424489 0.1 3.044611209013872 32.0 -1.0 -1.0 -1.0 -1.0 
347.18 3.38 20251119.0 678.0 1.30330597336 94.79593069501257 0.050462678313251505 0.1 2.549466560724527 16.0 -1.0 -1.0 -1.0 -1.0 
347.18 3.38 20251119.0 1119.0 0.23175067534860933 91.54231124822626 0.04388986413237252 0.1 0.33811363072739004 1.0 -1.0 -1.0 -1.0 -1.0 
347.18 3.38 20251119.0 807.0 0.3456650433898706 0.0 0.8027687518828079 0.1 8.615399291226847 32.0 -1.0 -1.0 -1.0 -1.0 
347.18 3.38 20251119.0 767.0 0.0866802525630004 79.44552099735402 0.0100138264419705 0.1 0.33748927136058154 1.0 -1.0 -1.0 -1.0 -1.0 
347.18 3.38 20251119.0 166.0 2.70735 119.16828149603103 0.02985021714522505 0.1 0.47211507274411463 32.0 -1.0 -1.0 -1.0 -1.0 
11.04 -10.03 20251119.0 485.0 3.1514437369 89.94965124205359 0.16263766186660558 0.1 0.8694082159025505 4.0 -1.0 -1.0 -1.0 -1.0 
11.04 -10.03 20251119.0 919.0 1.6908526634 23.38802463169081 0.2958333317686609 0.1 1.8438402453601348 16.0 -1.0 -1.0 -1.0 -1.0 
11.04 -10.03 20251119.0 466.0 3.7366204955279794 38.83505091442413 0.952791556396117 0.1 18.180999881725782 16.0 18.02707319189764 16.0 3.736628665744017 38.86000631314029 
11.04 -10.03 20251119.0 813.0 0.0037738593857189304 0.0 0.035871990470852655 0.1 0.419587240304454 1.0 -1.0 -1.0 -1.0 -1.0 
11.04 -10.03 20251119.0 1158.0 0.6428183049785062 74.34648173335763 0.3659791512566187 0.1 6.694051310497456 32.0 7.6542800858387405 32.0 0.6428308552131057 74.98766843238788 
11.04 -10.03 20251119.0 1027.0 1.724 111.51972260003645 0.6373535924301142 0.1 8.913431652596522 16.0 8.383777796032984 16.0 1.7239775237006447 111.4189243509569 
151.38 -8.33 20251119.0 650.0 1.159958 3.9571495455338677 8.373215895525812 0.1 26.823031230948747 16.0 28.093826568755528 16.0 1.1599695426411927 4.7563028560354 
80.38 -9.18 20251119.0 639.0 12.513360302752433 93.28361677194056 1.4125863376630825 0.1 8.847179761863343 8.0 7.2237866573423775 8.0 12.513313170832893 93.30449432477954 
11.04 -10.03 20251119.0 326.0 0.8511150531782 41.48948575578913 1.1893441226010597 0.1 3.075792523918988 8.0 -1.0 -1.0 -1.0 -1.0 
219.72 3.03 20251119.0 585.0 3.326895 42.114514292496516 4.290058815933359 0.1 40.453121772504254 16.0 36.932608035060916 32.0 3.3269013025953127 41.997142239461496 
151.38 -8.33 20251119.0 618.0 172.413793 5.626347172013608 4.065003333666847 0.1 18.037926846061485 2.0 18.017709549858626 2.0 172.41400200873613 5.667084253999624 
347.18 3.38 20251119.0 706.0 1.0522361493655 39.72276049867701 2.4942483521495213 0.1 74.97609100483892 32.0 75.12678913631723 32.0 1.05222473697116 39.66958977799737 
11.04 -10.03 20251119.0 760.0 150.34910263393007 37.97626317162957 2.0683858742459553 0.1 14.238368924872788 2.0 14.13227394642586 2.0 150.34941801180443 37.94922491517605 
219.72 3.03 20251119.0 454.0 325.732899 62.644285037285655 3.720977686506908 0.1 35.970409176839084 1.0 -1.0 -1.0 -1.0 -1.0 
151.38 -8.33 20251119.0 78.0 131.55003246018 143.88195747561142 1.4213965975708944 0.1 3.291659959445077 1.0 -1.0 -1.0 -1.0 -1.0 
347.5 3.38 20251119.0 435.0 0.0024840942366811504 109.25165546331124 0.06534035927962586 0.1 0.33849174698178947 1.0 -1.0 -1.0 -1.0 -1.0 
347.5 3.38 20251119.0 742.0 2.66804205168 64.95336517465687 0.26560877829466867 0.1 4.260776554716263 32.0 -1.0 -1.0 -1.0 -1.0 
347.5 3.38 20251119.0 56.0 0.828074420138 52.95318333886982 0.2236325178527656 0.1 6.46212436369564 32.0 6.5123007406573405 32.0 0.8280646094741921 53.43250868056789 
347.5 3.38 20251119.0 469.0 311.49341784423 56.429426489712895 0.05679046537189831 0.1 0.36482574515833904 1.0 -1.0 -1.0 -1.0 -1.0 
347.5 3.38 20251119.0 448.0 0.018086433719541467 20.547930405325836 0.013101219748257443 0.1 0.3375199165431766 1.0 -1.0 -1.0 -1.0 -1.0 
347.5 3.38 20251119.0 219.0 296.81031620473095 49.929327995328244 0.036902577898469555 0.1 0.3716996551467636 1.0 -1.0 -1.0 -1.0 -1.0 
347.5 3.38 20251119.0 10.0 19.979243 39.67917267726015 0.6208394391775598 0.1 19.693150658039688 16.0 19.514604375321934 16.0 19.979233911726624 39.66958977799737 
347.5 3.38 20251119.0 854.0 0.13599044764398222 79.3583453545203 0.08763836555554799 0.1 0.4220731635990804 32.0 -1.0 -1.0 -1.0 -1.0 
347.5 3.38 20251119.0 870.0 2.157619537033 119.03751803178044 0.39405746208593423 0.1 5.717994107147767 16.0 -1.0 -1.0 -1.0 -1.0 
11.04 -10.03 20251119.0 1076.0 1.677008 64.02987573225414 1.5188614231876554 0.1 24.873451874570154 32.0 24.948524994113278 32.0 1.6770172805991026 64.05829165681718 
220.04 3.03 20251119.0 406.0 1.2861721336 30.974927598919923 0.11030730151526759 0.1 1.0352803309399132 32.0 -1.0 -1.0 -1.0 -1.0 
220.04 3.03 20251119.0 887.0 1.451168 78.16122979242981 0.6055893344398835 0.1 4.404483773557445 8.0 -1.0 -1.0 -1.0 -1.0 
220.04 3.03 20251119.0 186.0 0.009288855028333608 76.98817726309507 0.3424943924681999 0.1 0.36417713529494344 1.0 -1.0 -1.0 -1.0 -1.0 
220.04 3.03 20251119.0 73.0 288.761036 36.17440367489011 0.07792721740869137 0.1 0.4351930001406689 1.0 -1.0 -1.0 -1.0 -1.0 
220.04 3.03 20251119.0 685.0 180.18018 73.94458151130765 0.08055464889185993 0.1 0.5510840267644085 1.0 -1.0 -1.0 -1.0 -1.0 
220.04 3.03 20251119.0 100.0 3.396047 35.223280002456534 0.012142508910525403 0.1 0.3481887616044276 1.0 -1.0 -1.0 -1.0 -1.0 
220.04 3.03 20251119.0 307.0 222.222222 70.44656000491307 0.011371181212546278 0.1 0.3402282756277075 1.0 -1.0 -1.0 -1.0 -1.0 
220.04 3.03 20251119.0 176.0 0.68256060227 105.6698400073696 0.2608805156199015 0.1 2.548095625743745 16.0 -1.0 -1.0 -1.0 -1.0 
80.38 -9.18 20251119.0 1092.0 0.74364701461 73.88028703416408 3.6775328064034367 0.1 160.63519203635514 32.0 29.850195330231223 1.0 12.64173382272323 73.97568910131653 
347.5 3.38 20251119.0 626.0 213.33223675351 0.0 2.300573874593921 0.1 11.98615796126409 2.0 -1.0 -1.0 -1.0 -1.0 
151.71 -8.33 20251119.0 1100.0 1.085448552182144 49.192374921299404 0.12805918722139778 0.1 3.934931928301025 32.0 -1.0 -1.0 -1.0 -1.0 
151.71 -8.33 20251119.0 418.0 5.8086556360048 72.84890051045738 0.24179000477558196 0.1 4.767781426074928 16.0 -1.0 -1.0 -1.0 -1.0 
151.71 -8.33 20251119.0 1036.0 52.247705990877265 88.94509317936901 0.6229876651759418 0.1 1.6561435132429054 2.0 -1.0 -1.0 -1.0 -1.0 
151.71 -8.33 20251119.0 968.0 1.51644671422 95.63032115059254 0.013347887611263104 0.1 0.4589273769238645 8.0 -1.0 -1.0 -1.0 -1.0 
220.04 3.03 20251119.0 370.0 17.825857078022526 1.5852061207226165 8.566299991989636 0.1 135.34935971566233 16.0 -1.0 -1.0 -1.0 -1.0 
80.38 -9.18 20251119.0 281.0 6.3359340865 56.14311278474017 3.8650820329757902 0.1 86.28567913248112 32.0 86.13180393861428 32.0 6.335934206920987 56.16485287446056 
151.71 -8.33 20251119.0 779.0 0.9456605981453088 97.7965645489933 1.4401769029678595 0.1 19.35434720410575 32.0 19.542199261570683 32.0 0.9456622744134318 97.9595992477078 
220.04 3.03 20251119.0 802.0 1.3090145 0.0 1.1161042720880974 0.1 2.0486717831663195 16.0 -1.0 -1.0 -1.0 -1.0 
11.04 -10.03 20251119.0 975.0 0.3456650433898706 37.17324086667882 8.501448911019828 0.1 98.82822294406375 32.0 27.296923476200867 2.0 4.493631422519684 37.03844351721183 
347.82 3.38 20251119.0 1044.0 1.761695 7.432415501398645 0.11553305852120034 0.1 0.6933845285429208 16.0 -1.0 -1.0 -1.0 -1.0 
347.82 3.38 20251119.0 165.0 1.3658379002481085 48.06691753064532 0.06848312320992868 0.1 3.7893773902606456 32.0 -1.0 -1.0 -1.0 -1.0 
347.82 3.38 20251119.0 34.0 0.724541971 32.1556024252511 0.9640474491672578 0.1 70.95122018382514 32.0 69.52483784200427 32.0 0.7245337959223738 32.48453652739071 
347.82 3.38 20251119.0 445.0 330.94979452682 48.38799788030574 0.45778975220911355 0.1 5.119969102626714 1.0 -1.0 -1.0 -1.0 -1.0 
347.82 3.38 20251119.0 628.0 0.00625638591189179 20.929682051938585 0.02974728571317075 0.1 0.33752675033999513 1.0 -1.0 -1.0 -1.0 -1.0 
347.82 3.38 20251119.0 577.0 1.70507182893 0.0 0.05392289212715887 0.1 0.3405595976912418 1.0 -1.0 -1.0 -1.0 -1.0 
347.82 3.38 20251119.0 308.0 0.05276840285812726 39.6355853858587 0.6030843209777199 0.1 3.6055042021086954 32.0 -1.0 -1.0 -1.0 -1.0 
347.82 3.38 20251119.0 128.0 0.915860185362 79.2711707717174 0.053736951754257876 0.1 0.3583159686889705 1.0 -1.0 -1.0 -1.0 -1.0 
220.36 3.03 20251119.0 672.0 0.2721911180968684 72.8447008522062 0.03759737427655688 0.1 0.3382943660145002 1.0 -1.0 -1.0 -1.0 -1.0 
220.36 3.03 20251119.0 1037.0 1.6119541713 80.93267519475606 0.028012039783474982 0.1 0.4473750390390653 32.0 -1.0 -1.0 -1.0 -1.0 
220.36 3.03 20251119.0 929.0 0.0634170275807191 43.91219577604292 0.564774640135417 0.1 0.7060668618477911 32.0 -1.0 -1.0 -1.0 -1.0 
220.36 3.03 20251119.0 41.0 0.11739317729588838 0.0 0.1166558951823183 0.1 0.33931330079359723 1.0 -1.0 -1.0 -1.0 -1.0 
220.36 3.03 20251119.0 995.0 0.07048703518080775 35.28431738706631 0.12560585988318856 0.1 0.9517319025427521 32.0 -1.0 -1.0 -1.0 -1.0 
220.36 3.03 20251119.0 905.0 0.569085283487 70.56863477413262 0.02685609746034101 0.1 0.34164387733882723 1.0 -1.0 -1.0 -1.0 -1.0 
220.36 3.03 20251119.0 403.0 1.0656781231417127 105.85295216119893 0.034415467656731445 0.1 1.8205856166546168 16.0 -1.0 -1.0 -1.0 -1.0 
80.38 -9.18 20251119.0 744.0 2.251542 140.58977829567166 1.0160163342901278 0.1 3.283993516423989 2.0 -1.0 -1.0 -1.0 -1.0 
11.36 -10.03 20251119.0 828.0 12.455987142326991 63.00076199410277 0.010879367828068814 0.1 0.3399047204223652 1.0 -1.0 -1.0 -1.0 -1.0 
11.36 -10.03 20251119.0 778.0 0.17733492662 45.664682556688184 0.13255992241430367 0.1 2.5333922767241455 32.0 -1.0 -1.0 -1.0 -1.0 
11.36 -10.03 20251119.0 277.0 316.8478768178 66.94736785959779 0.17402997684605623 0.1 0.5030015788535328 1.0 -1.0 -1.0 -1.0 -1.0 
11.36 -10.03 20251119.0 1119.0 15.713388 109.55733288197627 0.044562022798474085 0.1 0.3926529507797781 1.0 -1.0 -1.0 -1.0 -1.0 
11.36 -10.03 20251119.0 509.0 29.147468413431724 54.89572678445621 0.12665147763003318 0.1 1.2590746136499373 4.0 -1.0 -1.0 -1.0 -1.0 
11.36 -10.03 20251119.0 1008.0 38.40154870604232 111.4748927940247 0.021904535766912987 0.1 0.34626964420145145 1.0 -1.0 -1.0 -1.0 -1.0 
347.82 3.38 20251119.0 657.0 18.24019226356873 48.732861959570634 1.7034254530816373 0.1 27.77722379954 16.0 27.716552343597208 16.0 18.24021940895667 48.777403757639625 
220.36 3.03 20251119.0 384.0 5.92847091341 52.57183322657404 1.6421829628899312 0.1 32.910353666535386 16.0 32.88907355849975 16.0 5.928450264036655 52.52172728260366 
151.71 -8.33 20251119.0 812.0 0.764175 34.803354202120836 5.5587161453463745 0.1 79.45817049415191 32.0 79.63927466200249 32.0 0.7641877649196734 34.609693122640564 
11.36 -10.03 20251119.0 751.0 347.0053210916637 44.8619830586214 3.3018084541305774 0.1 15.102271673818418 1.0 -1.0 -1.0 -1.0 -1.0 
80.7 -9.18 20251119.0 477.0 13.065064 83.57485073436848 0.09003169769272641 0.1 1.6777189687168759 16.0 -1.0 -1.0 -1.0 -1.0 
80.7 -9.18 20251119.0 388.0 3.24303 18.669165586867337 0.16387830076108614 0.1 1.318859661596711 16.0 -1.0 -1.0 -1.0 -1.0 
80.7 -9.18 20251119.0 692.0 3.759398 179.0494318713126 0.0530728594681835 0.1 0.3760756757885317 1.0 -1.0 -1.0 -1.0 -1.0 
80.7 -9.18 20251119.0 372.0 26.38213277689397 108.2683878846149 0.01593016308902639 0.1 0.34279368627931395 1.0 -1.0 -1.0 -1.0 -1.0 
80.7 -9.18 20251119.0 69.0 3.8493830394852 0.0 0.055128241245029665 0.1 0.37341732060334476 1.0 -1.0 -1.0 -1.0 -1.0 
80.7 -9.18 20251119.0 559.0 2.1385053298 70.9513442429063 0.48246781454259385 0.1 5.6218578570338815 16.0 -1.0 -1.0 -1.0 -1.0 
80.7 -9.18 20251119.0 576.0 1.4836229043932194 141.9026884858126 0.03222929644301044 0.1 2.7838286672577532 32.0 -1.0 -1.0 -1.0 -1.0 
80.7 -9.18 20251119.0 111.0 0.0950246184471621 212.8540327287189 0.11238415137058827 0.1 3.044679006721793 32.0 -1.0 -1.0 -1.0 -1.0 
347.82 3.38 20251119.0 148.0 43.6748168488608 118.90675615757608 1.4009242128205657 0.1 36.33831938016781 8.0 36.218390102488755 8.0 43.67478444085767 118.80637346777785 
