0.47 47.26 16.0 -1.0 2.641107894046 54.42652307531415 0.015453216954363694 0.016589015394405805 1.5076895872272873 32.0 -1.0 -1.0 -1.0 -1.0 
0.47 47.26 16.0 -1.0 0.04174343996939972 42.16670959812729 0.2921773626975146 0.017971433343939622 1.800043783278222 16.0 -1.0 -1.0 -1.0 -1.0 
0.47 47.26 16.0 -1.0 5.421739604842817 108.45025967088499 0.042049649122403596 0.03732528463741307 0.3977892034302321 8.0 -1.0 -1.0 -1.0 -1.0 
0.47 47.26 16.0 -1.0 34.07673548932659 81.03560489335626 0.015368046356341291 0.01520659744487199 1.6869728698755986 1.0 -1.0 -1.0 -1.0 -1.0 
0.47 47.26 16.0 -1.0 457.3101495463383 0.0 0.16581429249873403 0.004147253848601451 5.428314292280528 1.0 -1.0 -1.0 -1.0 -1.0 
0.47 47.26 16.0 -1.0 2.7845043401976133 251.71637568458195 0.5726322292078695 0.017971433343939622 60.53973617405698 16.0 60.930537682524275 16.0 2.784508978947997 251.67925963744761 
0.47 47.26 16.0 -1.0 0.302357 11.429066362716291 3.396668043368903 0.07741540517389377 7.00281723972134 8.0 9.592774697259523 16.0 0.30237667184943956 18.519221758605916 
0.47 47.26 16.0 -1.0 0.4329617993720772 41.763923118383985 1.0634147265031737 0.04700221028414978 18.469726820079764 32.0 18.823535380454 32.0 0.432949794533973 41.6935484401401 
0.47 47.26 16.0 -1.0 14.363090574139662 83.90545856152731 1.9450415935534653 0.012441761545804354 191.04819677125158 16.0 191.1392211478279 16.0 14.363104128278794 83.89308654581586 
0.47 47.26 16.0 -1.0 0.004493927383091948 167.81091712305462 6.53855149107702 0.03041319488974398 19.001098963901672 8.0 -1.0 -1.0 -1.0 -1.0 
0.93 46.49 16.0 -1.0 1.51972574585 90.52954971223903 0.036597915125661865 0.053914300031818865 1.6507099469418673 16.0 -1.0 -1.0 -1.0 -1.0 
0.93 46.49 16.0 -1.0 4.316040583 93.03345508827572 0.09869597232407606 0.04147253848601452 2.7603525684195467 2.0 -1.0 -1.0 -1.0 -1.0 
0.93 46.49 16.0 -1.0 459.2824302907366 174.30098588527227 0.018265272784775223 0.13962421290291552 2.1224322673921794 1.0 -1.0 -1.0 -1.0 -1.0 
0.93 46.49 16.0 -1.0 0.016650549530696494 192.29020897524458 0.0694839002929624 0.013824179495338174 2.1239998321677107 2.0 -1.0 -1.0 -1.0 -1.0 
0.93 46.49 16.0 -1.0 2.33111047141 95.92631663923073 0.3315523078005519 0.1382417949533817 5.913607180422015 1.0 -1.0 -1.0 -1.0 -1.0 
0.93 46.49 16.0 -1.0 4.368538167500896 0.0 0.5358866120566025 0.031795612839277794 16.99897485348115 16.0 -1.0 -1.0 -1.0 -1.0 
0.93 46.49 16.0 -1.0 0.5533823989 81.02443318767259 0.4376874725064413 0.04423737438508215 6.998868428542725 8.0 7.048364460668449 16.0 0.5533972095387678 82.17272168299456 
0.93 46.49 16.0 -1.0 0.817936 162.04886637534517 0.021366479639038587 0.03456044873834543 0.2001792348113092 2.0 -1.0 -1.0 -1.0 -1.0 
0.93 46.49 16.0 -1.0 1.073871520286 243.07329956301774 0.5166201213960514 0.01520659744487199 48.60826599456884 32.0 49.83053186362032 32.0 1.0738707108733556 242.9762373902339 
0.93 46.49 16.0 -1.0 180.831826 65.8065228439933 3.2790766992757394 0.016589015394405805 123.27673583147767 2.0 123.27673835685509 2.0 180.83179990450543 65.7786565196385 
0.94 47.26 16.0 -1.0 0.971062 88.57809976862922 0.012656401135534616 0.019353851293473442 1.3851475855124793 32.0 -1.0 -1.0 -1.0 -1.0 
0.94 47.26 16.0 -1.0 1.75744734512 29.942949851185872 0.9371242574197479 0.019353851293473442 96.48820325132606 32.0 98.41968471441463 32.0 1.7574469287258885 29.9545881997123 
0.94 47.26 16.0 -1.0 2.108948 63.38799910017126 0.6382348256761571 0.03456044873834543 28.043673513623297 16.0 -1.0 -1.0 -1.0 -1.0 
0.94 47.26 16.0 -1.0 1.29618884641 50.40521633261448 0.039569424688211494 0.016589015394405805 1.1653080213135767 1.0 -1.0 -1.0 -1.0 -1.0 
0.94 47.26 16.0 -1.0 0.2233853160124659 0.0 0.3148109319224993 0.030413194889743984 1.6541142849815145 1.0 -1.0 -1.0 -1.0 -1.0 
0.94 47.26 16.0 -1.0 0.0015979803278525855 166.74996132665416 0.09046813752760459 0.03456044873834543 29.222806719187442 1.0 -1.0 -1.0 -1.0 -1.0 
0.94 47.26 16.0 -1.0 0.693266122835 26.040610522209267 1.3505574138463134 0.03456044873834543 29.500395708339884 16.0 30.52424128642879 32.0 0.6932774946714442 26.3114626078554 
0.94 47.26 16.0 -1.0 2.6716878429782267 166.42476638257276 7.928479707773797 0.07465056927482613 244.31030052946366 8.0 244.84850195620214 16.0 2.671731635928154 166.47059996123897 
0.94 47.26 16.0 -1.0 0.0011063882708094472 83.37498066332708 2.366668409085583 0.013824179495338174 28.555606983201958 1.0 -1.0 -1.0 -1.0 -1.0 
0.94 47.26 16.0 -1.0 0.7941361352305215 250.12494198998124 1.194284266018205 0.016589015394405805 138.11272524147455 32.0 138.22600794242405 32.0 0.7941404570980619 250.06009270773345 
0.94 47.26 16.0 -1.0 0.971062 88.57809976862922 0.012656401135534616 0.019353851293473442 1.3851475855124793 32.0 -1.0 -1.0 -1.0 -1.0 
0.94 47.26 16.0 -1.0 1.75744734512 29.942949851185872 0.9371242574197479 0.019353851293473442 96.48820325132606 32.0 98.41968471441463 32.0 1.7574469287258885 29.9545881997123 
0.94 47.26 16.0 -1.0 2.108948 63.38799910017126 0.6382348256761571 0.03456044873834543 28.043673513623297 16.0 -1.0 -1.0 -1.0 -1.0 
0.94 47.26 16.0 -1.0 1.29618884641 50.40521633261448 0.039569424688211494 0.016589015394405805 1.1653080213135767 1.0 -1.0 -1.0 -1.0 -1.0 
0.94 47.26 16.0 -1.0 0.2233853160124659 0.0 0.3148109319224993 0.030413194889743984 1.6541142849815145 1.0 -1.0 -1.0 -1.0 -1.0 
0.94 47.26 16.0 -1.0 0.0015979803278525855 166.74996132665416 0.09046813752760459 0.03456044873834543 29.222806719187442 1.0 -1.0 -1.0 -1.0 -1.0 
0.94 47.26 16.0 -1.0 0.693266122835 26.040610522209267 1.3505574138463134 0.03456044873834543 29.500395708339884 16.0 30.52424128642879 32.0 0.6932774946714442 26.3114626078554 
0.94 47.26 16.0 -1.0 2.6716878429782267 166.42476638257276 7.928479707773797 0.07465056927482613 244.31030052946366 8.0 244.84850195620214 16.0 2.671731635928154 166.47059996123897 
0.94 47.26 16.0 -1.0 0.0011063882708094472 83.37498066332708 2.366668409085583 0.013824179495338174 28.555606983201958 1.0 -1.0 -1.0 -1.0 -1.0 
0.94 47.26 16.0 -1.0 0.7941361352305215 250.12494198998124 1.194284266018205 0.016589015394405805 138.11272524147455 32.0 138.22600794242405 32.0 0.7941404570980619 250.06009270773345 
10.37 47.27 16.0 -1.0 0.0012525472495746289 71.48322556622311 0.03209598032121895 0.016589015394405805 25.361205061505505 1.0 -1.0 -1.0 -1.0 -1.0 
10.37 47.27 16.0 -1.0 4.4039248637 36.68432546153293 0.0831556933797168 0.04147253848601452 1.9075664973134785 1.0 -1.0 -1.0 -1.0 -1.0 
10.37 47.27 16.0 -1.0 0.2753933549 22.415612575797088 0.0926182710752244 0.031795612839277794 0.04384631472531906 4.0 -1.0 -1.0 -1.0 -1.0 
10.37 47.27 16.0 -1.0 0.004061799552343529 140.89481092554493 0.02366668409085583 0.045619792334615966 5.017509093484472 1.0 -1.0 -1.0 -1.0 -1.0 
10.37 47.27 16.0 -1.0 89.86103751927304 0.0 0.014204149725036717 0.015206597444871989 0.8883906798181154 4.0 -1.0 -1.0 -1.0 -1.0 
10.37 47.27 16.0 -1.0 0.002904191233120469 155.16352381128078 0.0451196203330497 0.013824179495338174 27.45659874056435 1.0 -1.0 -1.0 -1.0 -1.0 
10.37 47.27 16.0 -1.0 16.86944677430094 232.7452857169212 0.10539069785079147 0.04700221028414978 1.0644062777730616 8.0 -1.0 -1.0 -1.0 -1.0 
10.37 47.27 16.0 -1.0 3.94387060473 97.43692029313252 6.144391049998397 0.031795612839277794 446.50773679996246 16.0 458.49923432902693 32.0 3.943872191788008 97.45360958217212 
10.37 47.27 16.0 -1.0 0.811766073133 177.46275210579128 4.60963317629091 0.011059343596270537 617.6900672813359 32.0 618.5309351930106 32.0 0.8117543378223976 177.3999767368097 
10.37 47.27 16.0 -1.0 1.23347493727 77.58176190564039 1.6040596785870795 0.016589015394405805 182.77718269925728 32.0 183.5951868578215 32.0 1.2334870310345045 77.51761676006629 
10.49 54.64 16.0 -1.0 53.6952195462 84.46525078966357 0.2042824336814626 0.016589015394405805 4.288334049207337 4.0 -1.0 -1.0 -1.0 -1.0 
10.49 54.64 16.0 -1.0 0.01061305307569805 64.71102389807872 0.012823624751348836 0.02073626924300726 -0.45862825402369206 8.0 -1.0 -1.0 -1.0 -1.0 
10.49 54.64 16.0 -1.0 0.09903719223305284 157.39658200714373 0.3513618260187365 0.04700221028414978 3.372916412314147 2.0 -1.0 -1.0 -1.0 -1.0 
10.49 54.64 16.0 -1.0 2.37463069425 62.894909490303995 0.011885227543732946 0.05529671798135269 2.011255501715814 8.0 -1.0 -1.0 -1.0 -1.0 
10.49 54.64 16.0 -1.0 1.34159887359 106.1949003704069 0.013237689227237975 0.019353851293473442 1.9180694472455118 4.0 -1.0 -1.0 -1.0 -1.0 
10.49 54.64 16.0 -1.0 16.940537785677 318.5847011112207 0.27513380503451645 0.11612310776084063 2.0650627908026524 4.0 -1.0 -1.0 -1.0 -1.0 
10.49 54.64 16.0 -1.0 6.125554131008 30.109265181528507 1.7927732049023584 0.008294507697202903 314.3259861389331 32.0 314.6342046089242 32.0 6.125568082400909 30.05578613281944 
10.49 54.64 16.0 -1.0 1.081093 86.5362584476523 3.8650820329757902 0.21427478217774165 9.88911055930001 2.0 9.951331823821715 2.0 1.081207301467657 87.43501420456563 
10.49 54.64 16.0 -1.0 413.21537321543985 0.0 8.332821508477364 0.12441761545804356 64.51582603935205 1.0 -1.0 -1.0 -1.0 -1.0 
10.49 54.64 16.0 -1.0 0.6761483877402292 212.3898007408138 5.32933066309083 0.1755670795907948 73.64280694224523 2.0 76.8007721762635 4.0 0.6761789942781131 212.61685745809308 
10.61 55.03 16.0 -1.0 87.01634558691941 75.91001631311512 0.018660663981924147 0.03041319488974398 1.131178514484494 4.0 -1.0 -1.0 -1.0 -1.0 
10.61 55.03 16.0 -1.0 132.19605265172896 137.20946490129361 0.2573007452468887 0.0884747487701643 2.7339997761541595 2.0 -1.0 -1.0 -1.0 -1.0 
10.61 55.03 16.0 -1.0 0.6279752367 41.98103126298454 0.010337164802047136 0.009676925646736721 0.5632114470985612 1.0 -1.0 -1.0 -1.0 -1.0 
10.61 55.03 16.0 -1.0 0.0018341944633042777 69.18915515964427 0.7944928789996554 0.07326815132529231 12.497451060115324 2.0 -1.0 -1.0 -1.0 -1.0 
10.61 55.03 16.0 -1.0 0.466973 0.0 0.3384955434907257 0.038707702586946884 0.9085582162336479 1.0 -1.0 -1.0 -1.0 -1.0 
10.61 55.03 16.0 -1.0 3.107583160828 108.21560494936385 0.012708971653659945 0.04285495643554833 1.0974373387773098 4.0 -1.0 -1.0 -1.0 -1.0 
10.61 55.03 16.0 -1.0 26.38213277689397 216.4312098987277 0.8005534602682379 0.019353851293473442 26.113690107112987 4.0 26.11368921516143 4.0 26.382137245188158 216.46237891616425 
10.61 55.03 16.0 -1.0 419.46081729722 94.87128642725509 8.572220018860838 0.01520659744487199 178.18406386517808 1.0 178.18406309929298 1.0 419.4608967130383 94.82246332138658 
10.61 55.03 16.0 -1.0 3.1091885438021287 58.020187832137175 7.064556592194895 0.005529671798135269 1782.3007662923142 32.0 1784.2014826183356 32.0 3.109198587480933 58.08761360349616 
10.61 55.03 16.0 -1.0 0.93120469958 324.64681484809154 4.1933610431463055 0.07326815132529231 70.81283325762578 16.0 70.88622298052691 16.0 0.9312013086552422 324.6429694076928 
10.69 46.49 16.0 -1.0 0.81852640077 99.92116546099193 0.43197990673090536 0.011059343596270537 59.51079752011854 32.0 60.13288249369492 32.0 0.8185149151055764 99.88235997674337 
10.69 46.49 16.0 -1.0 0.00661109060554585 2.9024612349623866 0.12814768678715707 0.026265941041142528 -0.07170434473887244 32.0 -1.0 -1.0 -1.0 -1.0 
10.69 46.49 16.0 -1.0 455.000455 46.574377956373176 0.026579233608580395 0.017971433343939622 0.4473384679550345 1.0 -1.0 -1.0 -1.0 -1.0 
10.69 46.49 16.0 -1.0 0.361768994995 145.70805393501095 0.08477988620070408 0.0884747487701643 0.29124656825565504 1.0 -1.0 -1.0 -1.0 -1.0 
10.69 46.49 16.0 -1.0 1.9931026297 0.0 0.9096951715625334 0.008294507697202903 137.44088444424852 32.0 -1.0 -1.0 -1.0 -1.0 
10.69 46.49 16.0 -1.0 5.178320905596 74.99149841960957 0.3420214984281319 0.02350110514207489 19.89298030408632 16.0 20.04885820222551 16.0 5.178299034014344 74.98766843238788 
10.69 46.49 16.0 -1.0 2.5206048086788 224.9744952588287 0.023261443611725986 0.016589015394405805 0.758401217145221 4.0 -1.0 -1.0 -1.0 -1.0 
10.69 46.49 16.0 -1.0 5.1377698913332 84.53137100584253 8.941186207550407 0.013824179495338172 1196.48142436065 32.0 1196.4996082809093 32.0 5.137765886805331 84.50027414445869 
10.69 46.49 16.0 -1.0 1.04442576171 49.74683558528555 1.074491836608545 0.024883523091608708 68.94617966963584 32.0 69.84074723230948 32.0 1.0444333990259718 49.789383088710984 
10.69 46.49 16.0 -1.0 1.6041763185733153 149.98299683921914 1.3826557733666658 0.024883523091608708 112.3802658883974 32.0 112.52892267413868 32.0 1.604166754987091 149.97533686477576 
100.01 46.63 16.0 -1.0 1.04963855904 77.70665070391247 0.9313156686783002 0.019353851293473442 93.66663462832406 32.0 93.79974529502765 32.0 1.0496478353161365 77.72001262628058 
100.01 46.63 16.0 -1.0 7.242257289749948 22.4926211548196 0.09249038977451977 0.017971433343939622 4.496632798815759 16.0 -1.0 -1.0 -1.0 -1.0 
100.01 46.63 16.0 -1.0 0.02722569604300309 71.30696444676737 0.20245599113661636 0.02073626924300726 0.9753503897593488 1.0 -1.0 -1.0 -1.0 -1.0 
100.01 46.63 16.0 -1.0 1.70422082455 27.740899424277504 0.25783456273404093 0.011059343596270537 30.6965625407835 32.0 31.973625342445647 32.0 1.7042111721821132 27.728233671355305 
100.01 46.63 16.0 -1.0 0.001885472350448696 45.70821941818697 0.05014989487733797 0.022118687192541075 2.5273513485313104 2.0 -1.0 -1.0 -1.0 -1.0 
100.01 46.63 16.0 -1.0 1.05496 0.0 0.08338580182267591 0.03456044873834543 1.1188098810382634 2.0 -1.0 -1.0 -1.0 -1.0 
100.01 46.63 16.0 -1.0 0.12462014013849113 89.24750751073061 0.013721883928644856 0.009676925646736721 1.6932926392840124 1.0 7.296716483606049 1.0 1.4969070131580036 82.47631548231597 
100.01 46.63 16.0 -1.0 2.154678722 46.43119652673474 5.169771489346303 0.02073626924300726 586.086045257513 32.0 586.4466515043483 32.0 2.1546838979702443 46.44985129617549 
100.01 46.63 16.0 -1.0 2.500948 178.49501502146123 7.601303774740492 0.01520659744487199 944.4463898702559 32.0 945.0790395322955 32.0 2.5009588474252573 178.51315400098818 
100.01 46.63 16.0 -1.0 111.5254410903368 267.74252253219186 7.5385484222191135 0.03317803078881161 140.3124949315888 2.0 140.31249553563566 2.0 111.52539324636261 267.6685330683751 
100.12 31.21 16.0 -1.0 0.33166013815647993 91.45278277320172 0.03499084217822146 0.02073626924300726 0.9614154781975394 4.0 -1.0 -1.0 -1.0 -1.0 
100.12 31.21 16.0 -1.0 0.64188261702 102.57775294810575 0.2976784356556116 0.006912089747669086 40.256192279775995 32.0 40.38098926118709 32.0 0.6418910440212737 102.51350623752892 
100.12 31.21 16.0 -1.0 0.9060216 71.17216944193258 0.08269737973828971 0.05529671798135269 2.444333970802622 8.0 -1.0 -1.0 -1.0 -1.0 
100.12 31.21 16.0 -1.0 0.0012128959039623276 36.000679882763954 0.16881955154731312 0.01520659744487199 5.668551586983744 4.0 -1.0 -1.0 -1.0 -1.0 
100.12 31.21 16.0 -1.0 177.21938880576 76.21641057713751 0.04508846045098853 0.05114946413275123 0.7997471517186081 1.0 -1.0 -1.0 -1.0 -1.0 
100.12 31.21 16.0 -1.0 0.009246266070866134 0.0 0.09574103317852702 0.008294507697202903 -0.6703740665875586 16.0 -1.0 -1.0 -1.0 -1.0 
100.12 31.21 16.0 -1.0 1.03804613136 115.15380618930159 0.30496389432454396 0.016589015394405805 29.125908393346485 32.0 30.027120941565787 32.0 1.0380366196235022 114.96085200970668 
100.12 31.21 16.0 -1.0 5.79897187841 230.30761237860318 0.012595343643110178 0.09400442056829957 1.1513029220142719 8.0 -1.0 -1.0 -1.0 -1.0 
100.12 31.21 16.0 -1.0 3.435246 13.992586710671212 8.560384053524713 0.031795612839277794 572.0653256062315 16.0 580.6979782994363 32.0 3.4352221215764684 14.066512701891925 
100.12 31.21 16.0 -1.0 169.70988635881 345.4614185679048 1.5679042306102804 0.006912089747669086 70.80396629734027 2.0 70.8039659269867 2.0 169.70977109546465 345.38854569465565 
100.19 47.01 16.0 -1.0 334.4796868162984 29.98509154647629 0.044654474870503176 0.017971433343939622 -0.5002887542055373 1.0 -1.0 -1.0 -1.0 -1.0 
100.19 47.01 16.0 -1.0 2.52151642157 90.72141354237849 0.046802281746633874 0.07050331542622468 2.4416284135970994 2.0 -1.0 -1.0 -1.0 -1.0 
100.19 47.01 16.0 -1.0 188.2052895367 69.26952425978928 0.017487360877020103 0.013824179495338172 0.9589932323747198 1.0 -1.0 -1.0 -1.0 -1.0 
100.19 47.01 16.0 -1.0 0.027477080635180413 67.0239447166611 0.0887349705456088 0.011059343596270537 0.6671339072865555 4.0 -1.0 -1.0 -1.0 -1.0 
100.19 47.01 16.0 -1.0 0.431939 72.22840554014641 0.01790297859955299 0.058061553880420315 1.36282975812931 1.0 8.00096287382948 1.0 4.752655513584614 82.17272168299456 
100.19 47.01 16.0 -1.0 1.3802360573 86.99639335907175 0.3100624289868906 0.027648358990676348 10.976623762973398 16.0 11.001630067698464 16.0 1.380249159410596 86.82782660592282 
100.19 47.01 16.0 -1.0 327.8470205611185 0.0 0.42870960754281573 0.029030776940210157 7.707337826018706 1.0 -1.0 -1.0 -1.0 -1.0 
100.19 47.01 16.0 -1.0 0.75729440297 176.10627334697003 0.1938334576460235 0.012441761545804356 12.966924027680042 16.0 13.038470105026134 16.0 0.7573059216762583 176.18560153952404 
100.19 47.01 16.0 -1.0 0.515572703475352 264.159410020455 0.24668299575403477 0.06635606157762322 3.0019646155072963 8.0 -1.0 -1.0 -1.0 -1.0 
100.19 47.01 16.0 -1.0 41.14202978752838 88.05313667348501 5.620500328049204 0.1769494975403286 62.38044725161019 2.0 62.380448399724955 2.0 41.14214486132066 88.04220180320846 
100.26 54.39 16.0 -1.0 4.28584518744 61.579176986223 0.7277566768974915 0.07879782312342758 10.043331491813795 4.0 10.188733963104116 4.0 4.285781566674511 61.224749529817366 
100.26 54.39 16.0 -1.0 85.43142432803035 77.32398332709106 0.18214868598584572 0.031795612839277794 4.827212207612492 4.0 -1.0 -1.0 -1.0 -1.0 
100.26 54.39 16.0 -1.0 1.6264454271977287 38.69641908265821 0.02419571018101007 0.009676925646736721 2.2714687096356485 32.0 -1.0 -1.0 -1.0 -1.0 
100.26 54.39 16.0 -1.0 2.802302721726 76.4977252683866 0.02348751571621355 0.011059343596270537 2.2647841270927502 32.0 -1.0 -1.0 -1.0 -1.0 
100.26 54.39 16.0 -1.0 1.07959193868 152.9954505367732 0.4751904311947493 0.02350110514207489 30.15358279859071 32.0 30.51598056664861 32.0 1.079600527494525 153.112472791097 
100.26 54.39 16.0 -1.0 0.48165 229.4931758051598 0.010188278547910372 0.012441761545804354 1.8744147703440237 4.0 -1.0 -1.0 -1.0 -1.0 
100.26 54.39 16.0 -1.0 0.07834523815006106 70.98933821035696 2.7323960847671813 0.022118687192541075 184.9745838218621 32.0 186.75156676775774 32.0 0.07833781031270823 74.27928290063794 
100.26 54.39 16.0 -1.0 227.272727 92.99993482973373 1.0962358241973886 0.10644618211410392 17.674964023132823 1.0 17.67496435367333 1.0 227.2727821643154 93.00090052545812 
100.26 54.39 16.0 -1.0 6.54585508616376 23.892628864203555 5.252572277723245 0.015206597444871989 667.9986662382346 32.0 668.0351854603332 32.0 6.545845584090179 23.882712213284133 
100.26 54.39 16.0 -1.0 0.225181 0.0 4.758474504869347 0.016589015394405805 272.56200606894606 32.0 -1.0 -1.0 -1.0 -1.0 
100.61 55.17 16.0 -1.0 0.0011269139533060702 15.524660216565406 0.04219514914022988 0.0483846282336836 15.113666766154907 2.0 -1.0 -1.0 -1.0 -1.0 
100.61 55.17 16.0 -1.0 0.600780731556 46.48450134009065 0.045432405986639585 0.005529671798135269 3.0774139245883863 32.0 -1.0 -1.0 -1.0 -1.0 
100.61 55.17 16.0 -1.0 12.745507793210036 114.73484474173482 0.07312845677630025 0.026265941041142528 1.9046762908457118 8.0 -1.0 -1.0 -1.0 -1.0 
100.61 55.17 16.0 -1.0 1.023541 0.0 0.01572242935352567 0.031795612839277794 1.4931508359914842 1.0 -1.0 -1.0 -1.0 -1.0 
100.61 55.17 16.0 -1.0 34.52849284047 74.55863472883645 0.12159297680008169 0.02350110514207489 1.9606063938914513 8.0 -1.0 -1.0 -1.0 -1.0 
100.61 55.17 16.0 -1.0 1.217137 223.67590418650934 0.16975515922507275 0.05529671798135269 2.635778243828859 8.0 -1.0 -1.0 -1.0 -1.0 
100.61 55.17 16.0 -1.0 34.340659 106.41326894841734 5.267107196250563 0.013824179495338172 1107.2785726686677 8.0 1107.2785646981156 8.0 34.34057968358199 106.46022562870724 
100.61 55.17 16.0 -1.0 1.2367878759 139.1403264366525 3.1502849250035347 0.038707702586946884 134.1595276289546 16.0 134.46650325633513 32.0 1.236791528450946 138.94476215609794 
100.61 55.17 16.0 -1.0 9.155027725263677 16.419453312621048 2.4822155042463 0.035942866687879244 138.76680413209937 16.0 138.8750214806896 16.0 9.155034301026415 16.394065163356057 
100.61 55.17 16.0 -1.0 0.72095913858 149.1172694576729 5.597251191736589 0.08156265902249521 105.2470588620064 8.0 105.3417770203897 8.0 0.7209261336053412 149.4693471992401 
100.91 31.62 16.0 -1.0 2.444181 105.48818173247851 0.6157138713777 0.03041319488974398 34.349049372362906 16.0 34.44165007882944 16.0 2.4441760615445673 105.44824629763588 
100.91 31.62 16.0 -1.0 0.812146609824 100.67941068720982 0.01447158339348986 0.09400442056829957 3.661719341494791 8.0 -1.0 -1.0 -1.0 -1.0 
100.91 31.62 16.0 -1.0 3.31723503579 197.49825870427438 0.02419571018101007 0.11197585391223917 1.768881541611413 4.0 -1.0 -1.0 -1.0 -1.0 
100.91 31.62 16.0 -1.0 0.385489 55.3347316054157 0.34273108462333635 0.022118687192541075 15.555168742169142 32.0 15.560991453240216 32.0 0.3854741711014261 55.25407147649634 
100.91 31.62 16.0 -1.0 86.6173797908258 103.15152537949584 0.039405746208593405 0.1382417949533817 0.9734832039356112 2.0 -1.0 -1.0 -1.0 -1.0 
100.91 31.62 16.0 -1.0 7.20107927874 133.42646421379305 0.3037024146099722 0.03041319488974398 11.122746496405732 16.0 11.336280574434628 16.0 7.201075883737455 133.4800737683126 
100.91 31.62 16.0 -1.0 1.75919355395 0.0 1.7034254530816373 0.015206597444871989 181.82763781530784 32.0 -1.0 -1.0 -1.0 -1.0 
100.91 31.62 16.0 -1.0 0.011163339112402308 112.87066122451073 1.8493823250700008 0.019353851293473442 13.203071774144608 32.0 -1.0 -1.0 -1.0 -1.0 
100.91 31.62 16.0 -1.0 2.99930377007 225.74132244902145 1.1442102939077414 0.01520659744487199 125.7423492288829 32.0 126.92146728456063 32.0 2.999301311016704 225.67139082891362 
100.91 31.62 16.0 -1.0 198.412698 338.61198367353217 4.009223857512865 0.024883523091608704 7.673798492623936 2.0 -1.0 -1.0 -1.0 -1.0 
101.61 23.25 16.0 -1.0 0.03457486588770644 78.54286254426972 0.01455178574214077 0.016589015394405805 0.5741071870859614 1.0 -1.0 -1.0 -1.0 -1.0 
101.61 23.25 16.0 -1.0 2.071395365584 95.49139243471933 0.5134179485817345 0.03456044873834543 21.138704300822496 16.0 21.241472985166855 16.0 2.0714044997779033 95.53084885313653 
101.61 23.25 16.0 -1.0 259.7770856769475 74.32407263647383 0.5032342333122349 0.03041319488974398 9.9258571040093 1.0 -1.0 -1.0 -1.0 -1.0 
101.61 23.25 16.0 -1.0 0.13229200951766995 16.141457038523438 0.26930413655894064 0.08294507697202903 0.34990229389243427 1.0 -1.0 -1.0 -1.0 -1.0 
101.61 23.25 16.0 -1.0 0.005475772270464147 125.68325412268476 0.017451155261522674 0.026265941041142528 3.949341424016647 1.0 -1.0 -1.0 -1.0 -1.0 
101.61 23.25 16.0 -1.0 2.673797 0.0 0.27973362576037253 0.11197585391223919 0.50863255391176 8.0 -1.0 -1.0 -1.0 -1.0 
101.61 23.25 16.0 -1.0 0.3949422658357813 122.27153706681503 0.32565014443166246 0.02350110514207489 14.8740506733127 32.0 15.03367139927844 32.0 0.3949329159998646 122.24710319342049 
101.61 23.25 16.0 -1.0 1.83365211 244.54307413363006 0.16051682174438947 0.21150994627867403 1.8205994319359693 1.0 -1.0 -1.0 -1.0 -1.0 
101.61 23.25 16.0 -1.0 1.06477508236 366.8146112004451 0.01769394946143882 0.024883523091608708 1.1756104696827032 16.0 -1.0 -1.0 -1.0 -1.0 
101.61 23.25 16.0 -1.0 2.7845043401976133 13.316702056781835 5.2743897314506984 0.011059343596270536 945.2683991719282 32.0 945.4484095005479 32.0 2.784508978947997 13.358127170141973 
101.96 23.26 16.0 -1.0 2.4441500533 186.20306156759847 0.026016059918406366 0.006912089747669086 1.501486372570401 32.0 -1.0 -1.0 -1.0 -1.0 
101.96 23.26 16.0 -1.0 3.205 75.34017541925896 0.17463215463497664 0.027648358990676344 2.038536345076564 32.0 -1.0 -1.0 -1.0 -1.0 
101.96 23.26 16.0 -1.0 46.79161847131304 67.51498811725862 0.048313489586663455 0.029030776940210157 2.059031285442248 2.0 -1.0 -1.0 -1.0 -1.0 
101.96 23.26 16.0 -1.0 0.0020200268535918663 66.2775166369423 0.43798995100951144 0.11474068981130682 4.929934170814871 2.0 -1.0 -1.0 -1.0 -1.0 
101.96 23.26 16.0 -1.0 0.2415367360554291 93.90224762400392 0.023830750171133577 0.04700221028414978 -0.12891718626306775 1.0 -1.0 -1.0 -1.0 -1.0 
101.96 23.26 16.0 -1.0 234.79739665614056 0.0 0.6910093890968813 0.016589015394405805 17.75257011275699 1.0 -1.0 -1.0 -1.0 -1.0 
101.96 23.26 16.0 -1.0 160.8096586618355 121.30860129100971 0.468022817466339 0.017971433343939622 11.841111115404987 1.0 11.841111135823557 1.0 160.80933467795452 121.33632179545626 
101.96 23.26 16.0 -1.0 6.88006896072 49.13489701256019 6.131669778825089 0.03317803078881161 389.3234559758987 32.0 390.3308417310899 32.0 6.880054570501671 49.08099755696104 
101.96 23.26 16.0 -1.0 1.30094454375 242.61720258201942 4.042599017082547 0.02211868719254107 412.5645434098213 32.0 413.54031916203496 32.0 1.3009412214159966 242.67264359091251 
101.96 23.26 16.0 -1.0 1.924372 363.9258038730291 1.6870296374632987 0.017971433343939622 182.65967565204141 32.0 183.1975288202766 32.0 1.9243695229912798 363.9077674532616 
102.41 31.62 16.0 -1.0 2.071395365584 106.75305481007055 0.024363443662967037 0.02764835899067634 2.229691299472711 4.0 -1.0 -1.0 -1.0 -1.0 
102.41 31.62 16.0 -1.0 0.006372454198398374 37.20880688938301 0.07857592982991538 0.07188573337575849 -0.2624559558084119 1.0 -1.0 -1.0 -1.0 -1.0 
102.41 31.62 16.0 -1.0 265.957447 27.75842850243352 0.47617630071353306 0.004147253848601451 25.802616562734663 1.0 25.80261683308003 1.0 265.95759360740584 27.728233671355305 
102.41 31.62 16.0 -1.0 245.4261196602377 109.74951624983504 0.016433178481118856 0.011059343596270537 1.008397380556112 2.0 -1.0 -1.0 -1.0 -1.0 
102.41 31.62 16.0 -1.0 0.20496681631 219.49903249967008 0.08836791933922146 0.017971433343939622 2.4373308577898025 32.0 -1.0 -1.0 -1.0 -1.0 
102.41 31.62 16.0 -1.0 198.412698 65.263588721024 4.298959328112831 0.009676925646736721 22.165397772429017 2.0 24.318777479069194 1.0 396.8258776391546 65.27266685410282 
102.41 31.62 16.0 -1.0 240.442414 54.792437755693214 3.6953601033657075 0.02350110514207489 93.9259046934958 1.0 93.92590586119361 1.0 240.4422654459874 54.74808181096066 
102.41 31.62 16.0 -1.0 2.50941 49.095868205371744 1.2209803394249756 0.04700221028414978 38.226560580839475 16.0 38.406809731515146 16.0 2.5094171481517455 49.08099755696104 
102.41 31.62 16.0 -1.0 0.918687 0.0 1.155330585212004 0.04700221028414978 22.53912037035593 16.0 -1.0 -1.0 -1.0 -1.0 
102.41 31.62 16.0 -1.0 128.6008080610565 329.2485487495051 3.491839757169992 0.02073626924300726 98.86802201140266 1.0 98.86802446252457 1.0 128.60109563916922 329.1968763975139 
103.27 46.63 16.0 -1.0 273.329343 67.60075424403658 0.04170249281444947 0.013824179495338172 1.0564189560358466 1.0 -1.0 -1.0 -1.0 -1.0 
103.27 46.63 16.0 -1.0 0.010229960329589644 55.5649392052825 0.7835909453575257 0.01520659744487199 1.811949375435871 32.0 -1.0 -1.0 -1.0 -1.0 
103.27 46.63 16.0 -1.0 0.1304806821402943 111.30077233606455 0.7103708771708727 0.022118687192541075 20.18701352173234 32.0 23.693991947321948 16.0 0.26096434642871225 113.24048714688536 
103.27 46.63 16.0 -1.0 272.526261123703 78.41589838636528 0.050672283643906746 0.02073626924300726 0.22258322944373288 1.0 -1.0 -1.0 -1.0 -1.0 
103.27 46.63 16.0 -1.0 4.497079963269 129.56200894658798 0.014938859121632253 0.011059343596270537 2.4081168152041164 2.0 -1.0 -1.0 -1.0 -1.0 
103.27 46.63 16.0 -1.0 1.370126 69.26086666317507 0.17319041480317268 0.02073626924300726 9.941688700960592 16.0 10.077897345839515 16.0 1.3701234517308574 69.01699037906685 
103.27 46.63 16.0 -1.0 0.71802175405 81.36992195571467 0.6426593021149961 0.07603298722435994 5.20466197334204 8.0 -1.0 -1.0 -1.0 -1.0 
103.27 46.63 16.0 -1.0 94.08695464729132 162.73984391142935 0.40009232100653125 0.1769494975403286 2.602091628685531 1.0 -1.0 -1.0 -1.0 -1.0 
103.27 46.63 16.0 -1.0 14.10148032791797 0.0 3.0475328441892144 0.09815167441690101 51.74283978092834 8.0 -1.0 -1.0 -1.0 -1.0 
103.27 46.63 16.0 -1.0 1.821695294426 244.109765867144 4.85141678958301 0.11750552571037447 69.57084390944154 8.0 70.30431278575017 8.0 1.8216572546710572 244.08941465441242 
103.32 62.25 16.0 -1.0 0.003843871913492291 154.78994108989784 0.06140147696463008 0.01520659744487199 0.5240529319841482 32.0 -1.0 -1.0 -1.0 -1.0 
103.32 62.25 16.0 -1.0 132.275132 54.36276924492036 0.11641437226092487 0.017971433343939622 1.716972211808086 2.0 -1.0 -1.0 -1.0 -1.0 
103.32 62.25 16.0 -1.0 141.63006751692097 110.06155670250577 0.017307080845765023 0.13132970520571263 1.668973697649178 2.0 -1.0 -1.0 -1.0 -1.0 
103.32 62.25 16.0 -1.0 1.1366337475 0.0 0.02391320923196 0.03041319488974398 1.9493655266728465 2.0 -1.0 -1.0 -1.0 -1.0 
103.32 62.25 16.0 -1.0 0.010277080252597666 62.717587363558174 0.2766586124282227 0.009676925646736721 0.1995012137349279 16.0 -1.0 -1.0 -1.0 -1.0 
103.32 62.25 16.0 -1.0 0.00122409500578472 125.43517472711635 0.09281042462954986 0.038707702586946884 -0.9885460725621178 1.0 -1.0 -1.0 -1.0 -1.0 
103.32 62.25 16.0 -1.0 1.582278 188.1527620906745 0.012109000882084785 0.011059343596270537 4.009031091400534 16.0 -1.0 -1.0 -1.0 -1.0 
103.32 62.25 16.0 -1.0 1.83553757789 89.23096287968582 1.37788801110556 0.017971433343939622 107.16208671787881 32.0 107.31366478799572 32.0 1.835542207118124 89.25657700049409 
103.32 62.25 16.0 -1.0 2.15418526489 45.38698491476217 4.487094298271818 0.017971433343939622 597.6867727257212 32.0 598.2075834137872 32.0 2.154198834129299 45.43787196510413 
103.32 62.25 16.0 -1.0 89.03890941296717 105.94059911696144 1.1339801712124988 0.038707702586946884 18.03361741615288 1.0 18.181620380258845 1.0 89.03928877164921 105.95423596317157 
103.47 47.02 16.0 -1.0 141.145053 57.49518013864388 0.039871269702072304 0.03732528463741307 1.5250592465604829 2.0 -1.0 -1.0 -1.0 -1.0 
103.47 47.02 16.0 -1.0 1.6246403844922 134.4924942439132 0.09179019228414413 0.019353851293473442 2.5741702401638324 16.0 -1.0 -1.0 -1.0 -1.0 
103.47 47.02 16.0 -1.0 0.8117 90.21542712709324 0.02583694877232695 0.013824179495338172 0.6180384094465299 1.0 -1.0 -1.0 -1.0 -1.0 
103.47 47.02 16.0 -1.0 450.9170308627072 103.6502305263241 0.022132705406142084 0.04700221028414978 0.3730485191640893 1.0 -1.0 -1.0 -1.0 -1.0 
103.47 47.02 16.0 -1.0 24.096386 22.46356912452041 0.20161853420920525 0.058061553880420315 1.8586302783591808 8.0 -1.0 -1.0 -1.0 -1.0 
103.47 47.02 16.0 -1.0 2.6255980205 80.24766976637356 0.4699668299660376 0.03732528463741307 16.817621165175307 16.0 16.870915193536213 16.0 2.6255899380582077 80.24996095395896 
103.47 47.02 16.0 -1.0 0.54575260398 160.49533953274712 0.8281172079049609 0.013824179495338172 131.99597756956405 32.0 132.04350503417103 32.0 0.5457574540438752 160.60111984102508 
103.47 47.02 16.0 -1.0 0.38977960839 53.61883005391957 1.4223789010228076 0.02350110514207489 96.32941758140385 32.0 98.48464446549653 32.0 0.38977911268981796 53.43250868056789 
103.47 47.02 16.0 -1.0 0.92121695876 0.0 9.653803837785297 0.05529671798135269 146.07195828718545 16.0 -1.0 -1.0 -1.0 -1.0 
103.47 47.02 16.0 -1.0 0.33472247487103984 240.7430092991207 3.026551684776556 0.012441761545804352 493.94222864586845 32.0 494.3681924186965 32.0 0.3347243667424967 240.64868492876977 
103.85 31.22 16.0 -1.0 0.008018564716190377 70.2179717648725 0.16975515922507275 0.016589015394405805 0.39174759053240876 8.0 -1.0 -1.0 -1.0 -1.0 
103.85 31.22 16.0 -1.0 4.65279017907 33.62732225803986 0.20755428942890553 0.016589015394405805 12.472721785016207 32.0 12.472723363963741 32.0 4.652792995329946 33.597713791569205 
103.85 31.22 16.0 -1.0 1.206475 37.04159060990981 0.03009870807409765 0.07050331542622468 0.741375661056524 1.0 -1.0 -1.0 -1.0 -1.0 
103.85 31.22 16.0 -1.0 53.6952195462 107.356192611156 0.68910250457794 0.011059343596270537 33.72266865897533 8.0 33.72266929002479 8.0 53.695233267111085 107.37100702667146 
103.85 31.22 16.0 -1.0 236.96536502357824 322.068577833468 0.012517273770624457 0.12580003340757737 2.628270553603528 1.0 -1.0 -1.0 -1.0 -1.0 
103.85 31.22 16.0 -1.0 3.759398 16.652610735063803 3.4391700127099165 0.013824179495338172 480.0714607777126 32.0 480.2762405604898 32.0 3.7593963497783993 16.697658962677465 
103.85 31.22 16.0 -1.0 3.172628469219 57.913721666624205 2.728623369499408 0.022118687192541075 250.10642677100878 32.0 250.12320463982908 32.0 3.172620684684565 57.88521773728188 
103.85 31.22 16.0 -1.0 0.13915134067204027 27.15309642100345 2.0541457869447806 0.027648358990676344 71.37724211800712 32.0 72.0273668833997 32.0 0.13915268937125802 28.94260886864094 
103.85 31.22 16.0 -1.0 12.02540173638 0.0 3.1611855275605647 0.011059343596270537 440.1286581704562 32.0 -1.0 -1.0 -1.0 -1.0 
103.85 31.22 16.0 -1.0 71.41369635090805 214.712385222312 6.444376689994806 0.04423737438508216 128.9072506842656 1.0 128.90725239119175 1.0 71.41400904705128 214.74201405334293 
104.17 30.81 16.0 -1.0 59.14986823529732 79.05387581273449 0.11609311936950352 0.005529671798135269 5.402125117724968 2.0 -1.0 -1.0 -1.0 -1.0 
104.17 30.81 16.0 -1.0 133.7931495240541 65.73344252560706 0.15635774988006867 0.02073626924300726 1.7519417389563552 1.0 -1.0 -1.0 -1.0 -1.0 
104.17 30.81 16.0 -1.0 1.88814 107.23914044926498 0.05624384561966154 0.049767046183217416 2.265806776911526 4.0 -1.0 -1.0 -1.0 -1.0 
104.17 30.81 16.0 -1.0 2.60086625589 214.47828089852996 0.11023112262722885 0.006912089747669086 8.564317393994449 16.0 9.668890995902318 16.0 2.600851682169984 214.4384202540215 
104.17 30.81 16.0 -1.0 0.1477177803212584 321.7174213477949 0.8978324947588142 0.020736269243007255 55.3082624364952 32.0 55.57809479044946 32.0 0.14773225605798265 321.20223968205016 
104.17 30.81 16.0 -1.0 120.5875637170292 9.974237485530196 6.208394391775598 0.005529671798135269 467.7045397662679 4.0 29.678984208118926 2.0 241.17325665429237 9.715001578285072 
104.17 30.81 16.0 -1.0 2.67294 66.34476675859116 3.8704260662198062 0.019353851293473442 349.1332403155783 32.0 349.5293374721893 32.0 2.672944295530518 66.28464618517418 
104.17 30.81 16.0 -1.0 1.0605004987209 19.755425213275934 7.440243664430449 0.04423737438508215 290.2941271788905 16.0 308.90398695375046 32.0 1.0605011387572936 19.733596955891553 
104.17 30.81 16.0 -1.0 26.71041724837536 22.136372225950886 2.0755428942890566 0.06082638977948797 61.06339325652022 8.0 61.06339452791478 8.0 26.71040419954807 22.162347350462817 
104.17 30.81 16.0 -1.0 3.7391619008 0.0 2.275284475377997 0.011059343596270537 302.9777910513287 32.0 -1.0 -1.0 -1.0 -1.0 
104.41 47.02 16.0 -1.0 203.62145171363488 61.99577980294317 0.057620371976840855 0.03732528463741307 1.2046087455072296 1.0 -1.0 -1.0 -1.0 -1.0 
104.41 47.02 16.0 -1.0 0.28331 89.43270683437753 0.02211742042623624 0.031795612839277794 0.48334467374987805 1.0 -1.0 -1.0 -1.0 -1.0 
104.41 47.02 16.0 -1.0 0.054243629318944116 123.43114577715916 0.031502849250035346 0.016589015394405805 2.4148012697961687 8.0 -1.0 -1.0 -1.0 -1.0 
104.41 47.02 16.0 -1.0 145.5895662307626 186.31424747558702 0.05663374845755554 0.04700221028414978 1.1101969041075277 2.0 -1.0 -1.0 -1.0 -1.0 
104.41 47.02 16.0 -1.0 40.023118465474234 22.650058911056448 0.056282714802122984 0.017971433343939622 1.2055641777708574 8.0 -1.0 -1.0 -1.0 -1.0 
104.41 47.02 16.0 -1.0 2.282636 0.0 0.24873653146045094 0.029030776940210157 7.013215323376158 16.0 -1.0 -1.0 -1.0 -1.0 
104.41 47.02 16.0 -1.0 1.740946263509 155.65494092897143 0.03499084217822146 0.03732528463741307 1.3169493826280996 1.0 -1.0 -1.0 -1.0 -1.0 
104.41 47.02 16.0 -1.0 3.52370931957 233.48241139345714 0.32700278778082853 0.02350110514207489 12.761435825264682 16.0 12.816698253610822 16.0 3.523685639568915 233.46363167816313 
104.41 47.02 16.0 -1.0 0.004024638624021889 30.58925481802469 4.854769522709867 0.07603298722435994 38.383043521264234 2.0 -1.0 -1.0 -1.0 -1.0 
104.41 47.02 16.0 -1.0 53.708375524536514 77.82747046448571 1.4907929892623273 0.05529671798135269 34.83929046319063 4.0 34.83929123199848 4.0 53.708451256776854 77.82121055938771 
105.04 31.63 16.0 -1.0 1.305483 89.40118254135962 0.17152342191960426 0.01520659744487199 12.568419831635152 32.0 12.74453057063543 32.0 1.3054886949248612 89.45897286670836 
105.04 31.63 16.0 -1.0 0.009119667231422064 58.186637338141566 0.2726738965735471 0.01520659744487199 -0.11908479412377646 8.0 -1.0 -1.0 -1.0 -1.0 
105.04 31.63 16.0 -1.0 2.1232239202884653 22.41997095945423 0.1770617745443083 0.038707702586946884 3.2650626092718893 8.0 -1.0 -1.0 -1.0 -1.0 
105.04 31.63 16.0 -1.0 0.4389721569797828 123.61950838417305 0.1435210792660761 0.017971433343939622 5.25229242482268 32.0 -1.0 -1.0 -1.0 -1.0 
105.04 31.63 16.0 -1.0 4.708586 40.84522333635377 0.4316815788006796 0.02073626924300726 31.072945119560824 16.0 31.072944666662337 16.0 4.7085753370386865 40.883964975283 
105.04 31.63 16.0 -1.0 280.05934666221 0.0 0.17608589636506689 0.0400901205364807 1.8518970617755548 1.0 -1.0 -1.0 -1.0 -1.0 
105.04 31.63 16.0 -1.0 0.63414571572 103.2123801213549 0.048715679756539225 0.019353851293473442 2.8868165118773184 2.0 -1.0 -1.0 -1.0 -1.0 
105.04 31.63 16.0 -1.0 0.011688320208362397 206.4247602427098 0.028519736887022848 0.011059343596270537 0.8589061213051008 4.0 -1.0 -1.0 -1.0 -1.0 
105.04 31.63 16.0 -1.0 4.573978487088626 57.72213517737939 5.718415757714971 0.022118687192541075 602.8156531098515 32.0 602.8547747496057 32.0 4.573970121176293 57.68282187106761 
105.04 31.63 16.0 -1.0 125.8345875794094 309.6371403640647 1.1481694855213498 0.01520659744487199 43.206276752613284 1.0 43.20627683404938 1.0 125.83429149041574 309.5644773747295 
105.41 31.63 16.0 -1.0 0.6577596477986581 44.18119479107555 0.5842203191873788 0.019353851293473442 25.17293706447145 16.0 25.43518350060515 32.0 0.6577465683221817 43.91990296849709 
105.41 31.63 16.0 -1.0 409.4349141682677 38.371902742422016 0.13845674943482283 0.08294507697202903 -0.10786089210139484 1.0 -1.0 -1.0 -1.0 -1.0 
105.41 31.63 16.0 -1.0 9.85813488508 101.90721262190642 0.06759008432993413 0.011059343596270537 0.6750873871547127 2.0 -1.0 -1.0 -1.0 -1.0 
105.41 31.63 16.0 -1.0 5.28836132017 203.81442524381285 0.03238553195981512 0.009676925646736721 1.9022081467724428 4.0 -1.0 -1.0 -1.0 -1.0 
105.41 31.63 16.0 -1.0 145.4511 163.8526109933383 2.985021714522505 0.11197585391223919 40.36721988586815 1.0 40.367219424647125 1.0 145.45124334593615 163.83945370045342 
105.41 31.63 16.0 -1.0 104.57617985701707 45.52650452865847 4.065003333666847 0.035942866687879244 105.55673908776764 4.0 105.55674121589011 4.0 104.57612612905602 45.539069898211274 
105.41 31.63 16.0 -1.0 0.8908199119053896 51.24407091338589 6.810567762203224 0.017971433343939622 752.2270445830188 32.0 752.4296798208028 32.0 0.8908197438965242 51.20615415221089 
105.41 31.63 16.0 -1.0 2.706349 190.0250004335879 6.135907273413176 0.016589015394405805 736.7264873538963 32.0 736.7350128818435 32.0 2.7063530675756438 190.04971837520168 
105.41 31.63 16.0 -1.0 3.402191551 0.0 1.9025143132328175 0.02350110514207489 133.8841021727625 32.0 -1.0 -1.0 -1.0 -1.0 
105.41 31.63 16.0 -1.0 0.538627704166 305.7216378657193 2.7079663559419815 0.017971433343939622 295.01093773586297 32.0 295.6147262611212 32.0 0.5386330788799872 305.6177579835512 
105.72 31.22 16.0 -1.0 3.2601205007 72.55497159260084 0.028500040984635915 0.009676925646736721 1.6274549537140701 8.0 -1.0 -1.0 -1.0 -1.0 
105.72 31.22 16.0 -1.0 1.4040221185017827 102.22961949491298 0.03484610295359497 0.027648358990676344 2.049329236185672 4.0 -1.0 -1.0 -1.0 -1.0 
105.72 31.22 16.0 -1.0 0.007764724487021979 99.94226225681082 0.3951478979340599 0.049767046183217416 1.9590970178552456 16.0 -1.0 -1.0 -1.0 -1.0 
105.72 31.22 16.0 -1.0 0.869118853459 0.0 0.6791773565719263 0.015206597444871992 40.67167248574823 32.0 -1.0 -1.0 -1.0 -1.0 
105.72 31.22 16.0 -1.0 2.171539 203.30031132252088 0.06493535933189347 0.05529671798135269 1.1904476794768422 1.0 -1.0 -1.0 -1.0 -1.0 
105.72 31.22 16.0 -1.0 1.8077708574 130.3793625718237 6.588429122126874 0.011059343596270537 1056.5416478633501 32.0 1056.554926781777 32.0 1.8077723022239904 130.3429378419914 
105.72 31.22 16.0 -1.0 0.01185057698110196 124.88970520037849 1.0502728289128866 0.01520659744487199 8.383691193705088 32.0 -1.0 -1.0 -1.0 -1.0 
105.72 31.22 16.0 -1.0 0.948092 54.98806800397617 2.0385948985942077 0.019353851293473442 207.1613660338997 32.0 207.68475104592778 32.0 0.9480875936181595 55.05167561028207 
105.72 31.22 16.0 -1.0 213.33223675351 101.65015566126044 7.424839476044566 0.04700221028414978 143.2706505855256 1.0 143.27065253118747 1.0 213.33204737553996 101.6027248395647 
105.72 31.22 16.0 -1.0 469.72472452336 304.9504669837813 1.010416547588913 0.03317803078881161 9.08881817827411 1.0 -1.0 -1.0 -1.0 -1.0 
105.79 31.63 16.0 -1.0 0.11902282447787144 137.6646626832204 0.03796277367600015 0.15621322829732134 1.10578077670249 1.0 -1.0 -1.0 -1.0 -1.0 
105.79 31.63 16.0 -1.0 3.20848561308 177.75647672780738 0.24229164239285347 0.008294507697202903 27.361271844908714 32.0 28.04524224630792 32.0 3.2084850924244774 177.7035705361311 
105.79 31.63 16.0 -1.0 0.5394 57.93387887918858 0.07232458137899891 0.013824179495338172 4.788798358069284 32.0 -1.0 -1.0 -1.0 -1.0 
105.79 31.63 16.0 -1.0 23.59359486204201 0.0 0.15389294896455882 0.035942866687879244 1.793912584890181 8.0 -1.0 -1.0 -1.0 -1.0 
105.79 31.63 16.0 -1.0 263.3833003256078 201.2440003171814 0.28284281734170064 0.022118687192541075 2.7524043769801043 1.0 -1.0 -1.0 -1.0 -1.0 
105.79 31.63 16.0 -1.0 1.4633093057546704 301.86600047577207 0.01539993018116469 0.04009012053648069 1.9883755054093422 1.0 -1.0 -1.0 -1.0 -1.0 
105.79 31.63 16.0 -1.0 3.63362703526 23.9101782555067 2.468534742529082 0.006912089747669086 393.76439629164383 32.0 393.7901052118228 32.0 3.633643549013262 23.882712213284133 
105.79 31.63 16.0 -1.0 5.0419709708 37.314369095715 6.8910250457794 0.05529671798135268 279.3266584016346 16.0 282.0944776148796 32.0 5.041965778218582 37.342037316533236 
105.79 31.63 16.0 -1.0 3.0949330625564375 34.05389024269136 1.3836113036819255 0.016589015394405805 180.06125313572193 32.0 180.08119643224265 32.0 3.094919520663098 34.103703457104885 
105.79 31.63 16.0 -1.0 39.475126410105304 100.6220001585907 2.337420634828549 0.026265941041142528 91.83863061068993 8.0 91.83863185949569 8.0 39.475101705951 100.59074550849334 
105.81 47.03 16.0 -1.0 1.47911075457 65.29620815737351 0.05993462160580798 0.07879782312342758 0.4855213597922379 2.0 -1.0 -1.0 -1.0 -1.0 
105.81 47.03 16.0 -1.0 0.762068243394 58.17257942885021 0.907811749939735 0.03456044873834543 38.19434616053183 16.0 -1.0 -1.0 -1.0 -1.0 
105.81 47.03 16.0 -1.0 79.74081539734621 66.07779751630241 0.07460832307435808 0.026265941041142528 0.7442788090180628 2.0 -1.0 -1.0 -1.0 -1.0 
105.81 47.03 16.0 -1.0 0.94443595753 0.0 0.2275284475377996 0.019353851293473442 8.065673302291632 32.0 -1.0 -1.0 -1.0 -1.0 
105.81 47.03 16.0 -1.0 1.924372 74.4296380945711 0.3849094164672384 0.005529671798135269 83.52248017925189 32.0 84.27642314746231 32.0 1.9243695229912798 74.38048083374507 
105.81 47.03 16.0 -1.0 0.9901324118402847 148.8592761891422 0.012422511885612372 0.027648358990676344 1.8908240778712138 4.0 -1.0 -1.0 -1.0 -1.0 
105.81 47.03 16.0 -1.0 0.63329 223.28891428371332 0.12708971653659945 0.011059343596270537 9.569436018137742 32.0 10.055999549979235 32.0 0.6332811608444899 222.93904663502096 
105.81 47.03 16.0 -1.0 0.8469078033683439 55.961798099308496 3.567428154787054 0.024883523091608708 341.49908467032395 32.0 342.4450962246109 32.0 0.8469214662909509 55.861259075139166 
105.81 47.03 16.0 -1.0 0.03636757019090958 22.01848879725386 4.316815788006794 0.05114946413275124 10.389146981479263 8.0 -1.0 -1.0 -1.0 -1.0 
105.81 47.03 16.0 -1.0 0.0068902549872972155 83.16110779003385 1.3065066096061997 0.04700221028414978 3.2404669924460037 8.0 -1.0 -1.0 -1.0 -1.0 
106.03 30.81 16.0 -1.0 0.011214758244299365 40.31498985007256 0.2846068997679546 0.12165277955897592 0.960099588013806 4.0 -1.0 -1.0 -1.0 -1.0 
106.03 30.81 16.0 -1.0 1.16904199244 84.61283314687175 0.20189730090554744 0.03732528463741307 2.5084861275983097 16.0 -1.0 -1.0 -1.0 -1.0 
106.03 30.81 16.0 -1.0 0.004535421422424813 46.42608559657677 0.011324144449515312 0.022118687192541075 6.208954746530352 1.0 -1.0 -1.0 -1.0 -1.0 
106.03 30.81 16.0 -1.0 7.92393 112.49280727395812 0.17742912160141563 0.011059343596270537 11.965673384225141 16.0 13.660868007976791 16.0 7.9239422727065785 112.43090368202827 
106.03 30.81 16.0 -1.0 6.88618772429 122.46514262148739 0.6602098024153881 0.045619792334615966 24.107062298437995 8.0 24.10706121670509 8.0 6.886208817983667 122.44949905963473 
106.03 30.81 16.0 -1.0 0.02685292486210864 27.119887591451526 0.023847219204614304 0.008294507697202903 2.2247442146329295 4.0 -1.0 -1.0 -1.0 -1.0 
106.03 30.81 16.0 -1.0 0.89398205209 0.0 0.014825764651044083 0.024883523091608708 0.9975207578803108 4.0 -1.0 -1.0 -1.0 -1.0 
106.03 30.81 16.0 -1.0 0.15115125752518713 304.0042107925155 0.017105009208783183 0.024883523091608708 1.1766409191011329 8.0 -1.0 -1.0 -1.0 -1.0 
106.03 30.81 16.0 -1.0 21.039344 101.3347369308385 3.3546913220939025 0.10091651031596865 63.41500975108142 4.0 63.41500867752269 4.0 21.03940156909327 101.2991310402433 
106.03 30.81 16.0 -1.0 0.013293350439555155 202.669473861677 1.0090214299640743 0.017971433343939622 11.608728257403165 32.0 -1.0 -1.0 -1.0 -1.0 
106.18 47.41 16.0 -1.0 0.89398205209 132.6839818270978 0.31437626140897196 0.022118687192541075 12.530131929735036 16.0 14.107669090173268 16.0 0.8939726588626703 132.6704903034555 
106.18 47.41 16.0 -1.0 1.03616638673 78.85043780156946 0.4450049444805962 0.06220880772902178 7.596667324351116 8.0 8.07208833211066 8.0 1.0360963642597198 80.75595061949464 
106.18 47.41 16.0 -1.0 3.23207912775 47.420082232197345 0.023979381866915898 0.03456044873834543 0.6405359950563219 2.0 -1.0 -1.0 -1.0 -1.0 
106.18 47.41 16.0 -1.0 1.116957930831 30.02466531329957 0.15820489688171066 0.027648358990676344 1.1245283927627479 32.0 -1.0 -1.0 -1.0 -1.0 
106.18 47.41 16.0 -1.0 0.021438652211505812 0.0 0.9653803837785302 0.022118687192541075 3.835632865157347 16.0 -1.0 -1.0 -1.0 -1.0 
106.18 47.41 16.0 -1.0 0.25247957713 73.20571286702814 0.18430051663977784 0.012441761545804354 18.64649344460099 32.0 19.246726231348422 32.0 0.2524757292121649 73.26730356956658 
106.18 47.41 16.0 -1.0 0.4638596058451444 146.41142573405628 0.12159297680008169 0.015206597444871989 2.8523167940822107 32.0 -1.0 -1.0 -1.0 -1.0 
106.18 47.41 16.0 -1.0 159.12642440936 31.25464428736305 1.6547099264003002 0.11059343596270539 17.893065586011897 2.0 17.89306607257517 2.0 159.12664821371436 31.27016133010507 
106.18 47.41 16.0 -1.0 260.97363736258234 27.80631037793508 2.717336449659425 0.013824179495338172 64.54407751791211 1.0 64.6991521793099 1.0 260.9740477055311 27.829431604462442 
106.18 47.41 16.0 -1.0 89.86103751927305 219.6171386010844 2.0755428942890566 0.04285495643554833 49.78928937968512 1.0 49.78928872754646 1.0 89.86098691821098 219.59951484248546 
109.01 47.42 16.0 -1.0 7.444726362361596 50.65139957991383 0.5134179485817345 0.02350110514207489 34.09311246050334 16.0 34.23235748957631 16.0 7.444759830832482 50.70016448667521 
109.01 47.42 16.0 -1.0 0.65587872702 155.20629502095585 0.10992693280787183 0.013824179495338172 4.137713846161571 32.0 -1.0 -1.0 -1.0 -1.0 
109.01 47.42 16.0 -1.0 4.4731155537 94.61567618158061 0.25482417336644786 0.04700221028414978 5.324999236928854 4.0 -1.0 -1.0 -1.0 -1.0 
109.01 47.42 16.0 -1.0 0.970101 84.635805718604 0.31049113500505254 0.016589015394405805 40.53363316318739 32.0 41.21577815035233 32.0 0.9700973654010644 84.70267001067296 
109.01 47.42 16.0 -1.0 204.55934656546316 135.49046131609373 0.840218886170957 0.012441761545804354 34.19454162091806 1.0 34.19454152900907 1.0 204.55918274819854 135.5040324304553 
109.01 47.42 16.0 -1.0 13.28856 203.2356919741406 0.06703206958736198 0.04423737438508215 0.8758712736082749 2.0 -1.0 -1.0 -1.0 -1.0 
109.01 47.42 16.0 -1.0 2.38677780294 13.57750197407 3.6699188880023557 0.04009012053648069 203.07808458771694 16.0 210.74453466526774 32.0 2.3867869458626956 13.661720969463381 
109.01 47.42 16.0 -1.0 10.85186048461061 60.30606041476899 1.0139127866480846 0.05529671798135269 35.143734264050764 8.0 35.14373472323717 8.0 10.851848249634108 60.313968131853144 
109.01 47.42 16.0 -1.0 37.0153919947092 0.0 3.0496389432454394 0.006912089747669086 287.9304379902254 8.0 -1.0 -1.0 -1.0 -1.0 
109.01 47.42 16.0 -1.0 5.519419001073 67.74523065804686 4.101675476545251 0.1119758539122392 47.827274114268604 8.0 48.03931575867003 8.0 5.519420180159311 67.70141724867409 
109.01 47.42 16.0 -1.0 7.444726362361596 50.65139957991383 0.5134179485817345 0.02350110514207489 34.09311246050334 16.0 34.23235748957631 16.0 7.444759830832482 50.70016448667521 
109.01 47.42 16.0 -1.0 0.65587872702 155.20629502095585 0.10992693280787183 0.013824179495338172 4.137713846161571 32.0 -1.0 -1.0 -1.0 -1.0 
109.01 47.42 16.0 -1.0 4.4731155537 94.61567618158061 0.25482417336644786 0.04700221028414978 5.324999236928854 4.0 -1.0 -1.0 -1.0 -1.0 
109.01 47.42 16.0 -1.0 0.970101 84.635805718604 0.31049113500505254 0.016589015394405805 40.53363316318739 32.0 41.21577815035233 32.0 0.9700973654010644 84.70267001067296 
109.01 47.42 16.0 -1.0 204.55934656546316 135.49046131609373 0.840218886170957 0.012441761545804354 34.19454162091806 1.0 34.19454152900907 1.0 204.55918274819854 135.5040324304553 
109.01 47.42 16.0 -1.0 13.28856 203.2356919741406 0.06703206958736198 0.04423737438508215 0.8758712736082749 2.0 -1.0 -1.0 -1.0 -1.0 
109.01 47.42 16.0 -1.0 2.38677780294 13.57750197407 3.6699188880023557 0.04009012053648069 203.07808458771694 16.0 210.74453466526774 32.0 2.3867869458626956 13.661720969463381 
109.01 47.42 16.0 -1.0 10.85186048461061 60.30606041476899 1.0139127866480846 0.05529671798135269 35.143734264050764 8.0 35.14373472323717 8.0 10.851848249634108 60.313968131853144 
109.01 47.42 16.0 -1.0 37.0153919947092 0.0 3.0496389432454394 0.006912089747669086 287.9304379902254 8.0 -1.0 -1.0 -1.0 -1.0 
109.01 47.42 16.0 -1.0 5.519419001073 67.74523065804686 4.101675476545251 0.1119758539122392 47.827274114268604 8.0 48.03931575867003 8.0 5.519420180159311 67.70141724867409 
109.89 22.84 16.0 -1.0 3.682528 105.69387831379277 0.12354045056384348 0.009676925646736721 7.207051256492099 16.0 8.530472613348033 32.0 3.682544047478587 105.75184009695727 
109.89 22.84 16.0 -1.0 0.82961772349 70.37170516564649 0.9687207888943978 0.08156265902249521 9.607700052253243 4.0 10.336910882854598 8.0 0.8297016999373834 69.52298004460253 
109.89 22.84 16.0 -1.0 400.5813533944 28.960546766404665 0.25412096979365767 0.006912089747669086 9.083437543030108 1.0 -1.0 -1.0 -1.0 -1.0 
109.89 22.84 16.0 -1.0 6.625831 42.68348367559014 0.7606556908840942 0.04009012053648069 33.22845733022553 16.0 33.2284586375019 16.0 6.625850801356138 42.70552777121146 
109.89 22.84 16.0 -1.0 49.4444610115882 0.0 0.3290422946584711 0.04700221028414978 8.307645499782549 4.0 -1.0 -1.0 -1.0 -1.0 
109.89 22.84 16.0 -1.0 6.4 100.96809871592757 0.011689791918721566 0.02073626924300726 2.0508141089360725 8.0 -1.0 -1.0 -1.0 -1.0 
109.89 22.84 16.0 -1.0 28.224759634040677 201.93619743185513 0.7994481079808956 0.035942866687879244 22.09771405663516 4.0 22.09771273312841 4.0 28.22489477694035 201.88987654873662 
109.89 22.84 16.0 -1.0 0.54619216715 42.501722921826094 1.1649482428952809 0.029030776940210157 75.99697530750889 16.0 76.66902708106409 32.0 0.5461818849047025 42.50313190499718 
109.89 22.84 16.0 -1.0 0.15825948491417322 264.76483131629374 1.0069323644853634 0.013824179495338172 100.16635896558859 32.0 100.47822054727409 32.0 0.1582520781084895 264.7337930082682 
109.89 22.84 16.0 -1.0 0.256114322143 302.9042961477827 6.157138713776999 0.019353851293473442 703.7309622051363 32.0 703.74858840922 32.0 0.2561137080192566 302.8854137896585 
109.96 47.42 16.0 -1.0 18.664158046130844 20.048710146970723 0.017402997684605615 0.03041319488974398 1.5021426793944048 2.0 -1.0 -1.0 -1.0 -1.0 
109.96 47.42 16.0 -1.0 0.9060216 60.50308076993836 0.19761940299240194 0.013824179495338172 12.340152011707042 32.0 13.155984556535945 32.0 0.9060386219061912 60.51636399806742 
109.96 47.42 16.0 -1.0 0.466973 60.87986167279933 0.17841244401227932 0.038707702586946884 2.067131176183498 8.0 -1.0 -1.0 -1.0 -1.0 
109.96 47.42 16.0 -1.0 1.297656144478 175.89718991457005 0.02422916423928535 0.03456044873834543 1.401073229854579 1.0 -1.0 -1.0 -1.0 -1.0 
109.96 47.42 16.0 -1.0 2.331328 0.0 0.02836255000138714 0.019353851293473442 1.7908953868669983 8.0 -1.0 -1.0 -1.0 -1.0 
109.96 47.42 16.0 -1.0 0.008018564716190377 66.09530259134858 0.031985304904635636 0.038707702586946884 1.1488233512138888 8.0 -1.0 -1.0 -1.0 -1.0 
109.96 47.42 16.0 -1.0 1.178 65.2425879164527 9.468858568438861 0.029030776940210157 701.9914877732378 32.0 702.5707129074295 32.0 1.178007854226356 65.1714689209957 
109.96 47.42 16.0 -1.0 2.5399895670752706 17.72853300830052 1.024474257441211 0.10782860006363776 11.705088755913554 4.0 11.758372840868597 4.0 2.540036803111434 17.81083622685596 
109.96 47.42 16.0 -1.0 2.63582983361 132.19060518269717 2.3197252173214 0.03732528463741307 168.17201626140354 16.0 168.56483933541898 16.0 2.6358369116981826 132.16450063791982 
109.96 47.42 16.0 -1.0 0.37203880033657183 198.28590777404577 3.7030268042243026 0.0483846282336836 125.24060024619176 16.0 125.48110509901797 16.0 0.37204396600524586 198.1455530237726 
11.57 70.63 16.0 -1.0 1.30330597336 69.56850632906914 1.1137935036185476 0.019353851293473442 149.649572589984 32.0 150.46353283725415 32.0 1.3033059076406062 69.52298004460253 
11.57 70.63 16.0 -1.0 0.0019923688721590837 30.21031352455408 1.5052816303829482 0.058061553880420315 8.436681104664176 1.0 -1.0 -1.0 -1.0 -1.0 
11.72 55.03 16.0 -1.0 0.0866802525630004 161.67346364993898 0.0947540233846993 0.016589015394405805 1.0824612432592542 32.0 -1.0 -1.0 -1.0 -1.0 
11.72 55.03 16.0 -1.0 3.468609 88.22093439079184 0.0627306442740827 0.022118687192541075 2.9234275476356864 16.0 -1.0 -1.0 -1.0 -1.0 
11.72 55.03 16.0 -1.0 9.5532971893 144.01629355847805 0.013665123510300801 0.017971433343939622 1.04858160362075 16.0 -1.0 -1.0 -1.0 -1.0 
11.72 55.03 16.0 -1.0 15.3936498245 8.56892077967956 0.01146584167575622 0.04423737438508215 1.445382988789014 1.0 -1.0 -1.0 -1.0 -1.0 
11.72 55.03 16.0 -1.0 0.79522136051 216.3652496869089 0.46160066588526383 0.016589015394405805 28.168983925789732 32.0 28.28213301657314 32.0 0.7952318507401894 216.46237891616425 
11.72 55.03 16.0 -1.0 0.03842942315605198 121.03600601297379 1.1926352757749574 0.10921101801317157 2.5902153272848727 2.0 -1.0 -1.0 -1.0 -1.0 
11.72 55.03 16.0 -1.0 0.001366829318082926 63.325622883162204 3.3063736804294517 0.05529671798135269 6.195819539796663 2.0 -1.0 -1.0 -1.0 -1.0 
11.72 55.03 16.0 -1.0 0.11739317729588838 0.0 1.5063219053801964 0.03456044873834543 5.655958131041762 16.0 -1.0 -1.0 -1.0 -1.0 
11.72 55.03 16.0 -1.0 0.0017761301638462342 108.18262484345445 1.6963792528778154 0.04423737438508215 7.306042772115832 2.0 -1.0 -1.0 -1.0 -1.0 
11.72 55.03 16.0 -1.0 260.97363736258234 324.54787453036334 1.6916979860432306 0.022118687192541075 30.506448111956065 1.0 30.506448377061155 1.0 260.9740477055311 324.54177147458563 
110.59 31.23 16.0 -1.0 133.41666610200812 49.01254290051466 0.9147367545968079 0.026265941041142528 26.67352208346161 2.0 26.673522866572146 2.0 133.41680945207676 48.9797996238539 
110.59 31.23 16.0 -1.0 296.81031620473095 118.04321596591173 0.06914869341461478 0.019353851293473442 1.7801309882520604 1.0 -1.0 -1.0 -1.0 -1.0 
110.59 31.23 16.0 -1.0 0.45813851213 15.504488076749695 0.013797931399683 0.011059343596270537 1.1109959576034938 16.0 -1.0 -1.0 -1.0 -1.0 
110.59 31.23 16.0 -1.0 0.6037044172606 84.99417559178738 0.014362026428722101 0.006912089747669086 1.371260373284949 32.0 -1.0 -1.0 -1.0 -1.0 
110.59 31.23 16.0 -1.0 4.701851489299852 169.98835118357476 0.06991726935839042 0.031795612839277794 0.9251005688681398 16.0 -1.0 -1.0 -1.0 -1.0 
110.59 31.23 16.0 -1.0 0.0014245459769988064 254.98252677536215 0.8836791933922146 0.006912089747669086 10.23237660935885 4.0 -1.0 -1.0 -1.0 -1.0 
110.59 31.23 16.0 -1.0 0.2297634166 139.84640232384098 1.8227456590093152 0.05391430003181887 31.85752940372266 16.0 32.04684383544386 16.0 0.2297383616678417 140.7663249520264 
110.59 31.23 16.0 -1.0 2.343694411248 24.659276266804202 1.898575371148436 0.08018024107296139 27.467957005267074 8.0 31.902717258720916 8.0 2.343707213488718 24.591097745034087 
110.59 31.23 16.0 -1.0 0.7412385250259942 164.78618742098112 2.6378015809474937 0.06773847952715704 67.2902064856546 8.0 67.65750220941648 8.0 0.7411775489648184 164.44664129909626 
110.59 31.23 16.0 -1.0 2.046583232974001 0.0 2.6505886516785058 0.04700221028414978 87.21981629046665 16.0 -1.0 -1.0 -1.0 -1.0 
110.97 47.04 16.0 -1.0 8.08144403804 9.735190190676397 0.26689634983127075 0.009676925646736721 59.94158884448727 32.0 60.46881121882046 32.0 8.08143643856359 9.715001578285072 
110.97 47.04 16.0 -1.0 0.840336 74.85020481933229 0.3119962793393873 0.016589015394405805 30.12451145250626 32.0 31.122468139894455 32.0 0.8403427879481267 75.08886636549504 
110.97 47.04 16.0 -1.0 5.03887545888 103.22022014545513 0.318310001784347 0.005529671798135269 58.271229509859886 16.0 58.389648092252585 16.0 5.0388431797424955 103.22189176927888 
110.97 47.04 16.0 -1.0 492.0585774431732 10.298704193729522 0.29096877432702456 0.04423737438508215 2.5139843533351964 1.0 -1.0 -1.0 -1.0 -1.0 
110.97 47.04 16.0 -1.0 3.3157992982212305 21.588415772138674 0.20442360985995736 0.02764835899067634 5.56677235373464 16.0 -1.0 -1.0 -1.0 -1.0 
110.97 47.04 16.0 -1.0 19.99610359912984 64.76524731641602 0.013759855127211713 0.04147253848601452 0.38774456164820187 1.0 -1.0 -1.0 -1.0 -1.0 
110.97 47.04 16.0 -1.0 2.11404065516 194.29574194924808 0.03345433837248016 0.006912089747669086 2.8921532259062226 4.0 -1.0 -1.0 -1.0 -1.0 
110.97 47.04 16.0 -1.0 0.6037044172606 64.33775393478952 7.86845723833226 0.017971433343939622 815.578882814803 32.0 815.6027471558139 32.0 0.6036922665468107 64.3618854561386 
110.97 47.04 16.0 -1.0 29.013828660334273 0.0 3.2565014443166245 0.029030776940210157 179.9760432998693 16.0 -1.0 -1.0 -1.0 -1.0 
110.97 47.04 16.0 -1.0 1.490957 129.53049463283205 1.04448423711421 0.09538683851783337 15.601373032670516 4.0 15.60137286192627 4.0 1.4910862470666568 129.53335437713426 
111.33 31.23 16.0 -1.0 9.858291624642 36.95057113780049 0.03333897897859852 0.017971433343939622 1.1622402817188764 2.0 -1.0 -1.0 -1.0 -1.0 
111.33 31.23 16.0 -1.0 2.808594 48.165044612328096 0.4298959328112831 0.017971433343939622 22.768735108056962 32.0 22.996458071012974 32.0 2.808580272054921 48.17021615899681 
111.33 31.23 16.0 -1.0 0.5600315776458 91.2326012816891 0.09890073518198203 0.019353851293473442 3.7260138794679825 32.0 -1.0 -1.0 -1.0 -1.0 
111.33 31.23 16.0 -1.0 0.3619207184604502 105.67962808590315 0.11609311936950352 0.012441761545804354 5.793115731350279 16.0 6.523044425428647 16.0 0.3619182583255073 108.28178842463568 
111.33 31.23 16.0 -1.0 316.8478768178 110.30466592683915 0.11442102939077414 0.017971433343939622 0.9545288261950204 1.0 -1.0 -1.0 -1.0 -1.0 
111.33 31.23 16.0 -1.0 0.008357162051348793 0.0 0.07638152038733345 0.011059343596270537 0.3955024921426548 4.0 -1.0 -1.0 -1.0 -1.0 
111.33 31.23 16.0 -1.0 1.3318972453758 82.8776942141918 0.8100108739552656 0.07188573337575849 15.002827887574854 4.0 15.121618299979618 4.0 1.3319853072365127 81.97032581678029 
111.33 31.23 16.0 -1.0 7.381334652 165.7553884283836 0.06216978392254384 0.03456044873834543 1.1776407986642732 1.0 -1.0 -1.0 -1.0 -1.0 
111.33 31.23 16.0 -1.0 179.8609880287273 248.63308264257543 0.07440243664430446 0.045619792334615966 1.1312074384187432 1.0 -1.0 -1.0 -1.0 -1.0 
111.33 31.23 16.0 -1.0 290.068119869315 71.76268391903918 1.95852533081917 0.019353851293473442 61.70630874426332 1.0 61.70630831001201 1.0 290.06817688544595 71.74933457295953 
111.33 31.23 16.0 -1.0 9.858291624642 36.95057113780049 0.03333897897859852 0.017971433343939622 1.1622402817188764 2.0 -1.0 -1.0 -1.0 -1.0 
111.33 31.23 16.0 -1.0 2.808594 48.165044612328096 0.4298959328112831 0.017971433343939622 22.768735108056962 32.0 22.996458071012974 32.0 2.808580272054921 48.17021615899681 
111.33 31.23 16.0 -1.0 0.5600315776458 91.2326012816891 0.09890073518198203 0.019353851293473442 3.7260138794679825 32.0 -1.0 -1.0 -1.0 -1.0 
111.33 31.23 16.0 -1.0 0.3619207184604502 105.67962808590315 0.11609311936950352 0.012441761545804354 5.793115731350279 16.0 6.523044425428647 16.0 0.3619182583255073 108.28178842463568 
111.33 31.23 16.0 -1.0 316.8478768178 110.30466592683915 0.11442102939077414 0.017971433343939622 0.9545288261950204 1.0 -1.0 -1.0 -1.0 -1.0 
111.33 31.23 16.0 -1.0 0.008357162051348793 0.0 0.07638152038733345 0.011059343596270537 0.3955024921426548 4.0 -1.0 -1.0 -1.0 -1.0 
111.33 31.23 16.0 -1.0 1.3318972453758 82.8776942141918 0.8100108739552656 0.07188573337575849 15.002827887574854 4.0 15.121618299979618 4.0 1.3319853072365127 81.97032581678029 
111.33 31.23 16.0 -1.0 7.381334652 165.7553884283836 0.06216978392254384 0.03456044873834543 1.1776407986642732 1.0 -1.0 -1.0 -1.0 -1.0 
111.33 31.23 16.0 -1.0 179.8609880287273 248.63308264257543 0.07440243664430446 0.045619792334615966 1.1312074384187432 1.0 -1.0 -1.0 -1.0 -1.0 
111.33 31.23 16.0 -1.0 290.068119869315 71.76268391903918 1.95852533081917 0.019353851293473442 61.70630874426332 1.0 61.70630831001201 1.0 290.06817688544595 71.74933457295953 
111.99 30.82 16.0 -1.0 73.41018229354404 94.56346929916191 0.05296297807688796 0.06359122567855559 1.7513476204625993 4.0 -1.0 -1.0 -1.0 -1.0 
111.99 30.82 16.0 -1.0 1.6227 40.331417547882715 0.2429621118496883 0.05806155388042032 2.4501889327912316 8.0 -1.0 -1.0 -1.0 -1.0 
111.99 30.82 16.0 -1.0 0.1060644595 111.107181837007 0.012966157155204924 0.0483846282336836 0.8453440574786473 1.0 -1.0 -1.0 -1.0 -1.0 
111.99 30.82 16.0 -1.0 0.003458322945906301 136.75483086017513 0.0657478852002543 0.02073626924300726 5.179441202428211 1.0 -1.0 -1.0 -1.0 -1.0 
111.99 30.82 16.0 -1.0 0.0016808354926268862 81.5683341547895 0.010819406056564618 0.04285495643554833 6.462184566835428 2.0 -1.0 -1.0 -1.0 -1.0 
111.99 30.82 16.0 -1.0 6.280644351360491 163.136668309579 0.6538551491077016 0.011059343596270537 76.82083694780837 16.0 76.96306001817754 16.0 6.280606612563134 163.13106816870348 
111.99 30.82 16.0 -1.0 0.54085663363 118.52248494198786 5.314624034934808 0.011059343596270537 949.3417651442508 32.0 949.5555142690431 32.0 0.5408461826543014 118.60397760156357 
111.99 30.82 16.0 -1.0 1.12291858733 31.83930475108945 8.667498783590988 0.12441761545804356 96.22675169527562 16.0 8.556993270757072 2.0 1.1209825364251933 41.08636084149728 
111.99 30.82 16.0 -1.0 52.73012775309677 0.0 2.9056702351810317 0.07050331542622468 62.8240773318164 8.0 -1.0 -1.0 -1.0 -1.0 
111.99 30.82 16.0 -1.0 46.36352743489975 244.7050024643685 1.357104408624801 0.016589015394405805 64.36659167728314 2.0 64.36659112395643 2.0 46.363372045258686 244.6966022530552 
113.11 23.28 16.0 -1.0 86.481636914861 45.842341854296365 0.01642182962889931 0.06773847952715704 0.2872593701848642 1.0 -1.0 -1.0 -1.0 -1.0 
113.11 23.28 16.0 -1.0 32.10055972106885 44.788494915117134 0.1578773514215014 0.01520659744487199 7.001411042637854 8.0 -1.0 -1.0 -1.0 -1.0 
113.11 23.28 16.0 -1.0 5.4970039674914934 38.122913024808526 0.24822155042462998 0.026265941041142528 8.003812487488556 16.0 8.081482173113633 8.0 5.496985977515578 38.0504228482832 
113.11 23.28 16.0 -1.0 0.210146920172 34.408102564201755 0.9468858568438856 0.06635606157762322 5.760006813582358 8.0 6.729533162897783 8.0 0.21015390908966464 41.28875670771155 
113.11 23.28 16.0 -1.0 0.8199450771 23.31636352934039 0.9046813752760459 0.017971433343939622 102.81542612183586 32.0 102.96952787057887 32.0 0.8199397901383539 23.275524614641316 
113.11 23.28 16.0 -1.0 89.1292592477 37.49060486130099 0.03739015587920551 0.06497364362808941 1.097212016086284 4.0 -1.0 -1.0 -1.0 -1.0 
113.11 23.28 16.0 -1.0 0.433622631017 0.0 0.08442919515616988 0.045619792334615966 1.3067570814325038 2.0 -1.0 -1.0 -1.0 -1.0 
113.11 23.28 16.0 -1.0 486.154230881221 263.4353886213272 0.19558211260887146 0.03041319488974398 2.363512258078847 1.0 -1.0 -1.0 -1.0 -1.0 
113.11 23.28 16.0 -1.0 4.855561908974691 87.81179620710907 1.8933361312185448 0.013824179495338172 272.82229985354536 32.0 272.9342745069569 32.0 4.855549680845192 87.83980593699418 
113.11 23.28 16.0 -1.0 1.551911320029 175.62359241421814 5.762037197684092 0.04147253848601452 323.023218776448 32.0 323.31401871652963 32.0 1.5519011261252067 175.5784139408812 
113.21 63.06 16.0 -1.0 0.0053760362056850895 74.85976189297418 0.011697870538702457 0.13962421290291552 0.11640996128881433 8.0 -1.0 -1.0 -1.0 -1.0 
113.21 63.06 16.0 -1.0 0.749653 90.87211052806202 0.40009232100653125 0.012441761545804356 46.96755968795147 32.0 48.29894659589476 32.0 0.7496661661813657 90.77454599710113 
113.21 63.06 16.0 -1.0 0.021736262685698338 8.420707200990362 0.7093900431442742 0.052531882082285056 1.4801772417204244 2.0 -1.0 -1.0 -1.0 -1.0 
113.21 63.06 16.0 -1.0 1.946 125.56282320550109 0.5956312810798627 0.013824179495338172 60.14170583671506 16.0 60.2197265545873 16.0 1.9460154968934755 125.58663498595597 
113.21 63.06 16.0 -1.0 0.059192803223618355 42.42865983510588 0.01765731612749341 0.019353851293473442 0.3987606864402465 1.0 -1.0 -1.0 -1.0 -1.0 
113.21 63.06 16.0 -1.0 0.0439078343218375 54.181886295175445 0.1302001429772467 0.07879782312342758 1.9897172340614717 1.0 -1.0 -1.0 -1.0 -1.0 
113.21 63.06 16.0 -1.0 214.987399714593 108.36377259035089 0.013065066096061985 0.004147253848601451 0.8003938801020539 1.0 -1.0 -1.0 -1.0 -1.0 
113.21 63.06 16.0 -1.0 0.005680829628320052 26.88774075374143 3.055965977377591 0.07603298722435994 16.80302733425644 1.0 -1.0 -1.0 -1.0 -1.0 
113.21 63.06 16.0 -1.0 2.262144835535 0.0 1.074491836608545 0.009676925646736721 177.07584723328753 32.0 -1.0 -1.0 -1.0 -1.0 
113.21 63.06 16.0 -1.0 0.12462014013849113 162.54565888552634 2.3406524559053596 0.022118687192541075 163.42136533942968 32.0 164.23648208892652 32.0 0.12463109063295028 162.11908883763212 
113.36 22.84 16.0 -1.0 0.22032674928517554 19.001383121826247 0.010774651705252635 0.0884747487701643 1.9088520100320463 1.0 -1.0 -1.0 -1.0 -1.0 
113.36 22.84 16.0 -1.0 2.648459209 45.43010246392436 0.1489763438628254 0.049767046183217416 2.6689366855710612 4.0 -1.0 -1.0 -1.0 -1.0 
113.36 22.84 16.0 -1.0 0.16193798815580446 29.65685487246362 0.01130069908101975 0.017971433343939622 -0.6402067957337761 4.0 -1.0 -1.0 -1.0 -1.0 
113.36 22.84 16.0 -1.0 0.685994 87.47459937161172 0.1389358368928964 0.04423737438508216 0.8203903562245298 1.0 -1.0 -1.0 -1.0 -1.0 
113.36 22.84 16.0 -1.0 2.322167512743 174.94919874322343 0.6726401367068844 0.08432749492156286 8.447740535843655 8.0 8.546471486369057 8.0 2.3221218725666404 175.17362220845268 
113.36 22.84 16.0 -1.0 0.5498333678648692 262.42379811483517 0.7819686083637166 0.08294507697202903 5.331856164307936 8.0 -1.0 -1.0 -1.0 -1.0 
113.36 22.84 16.0 -1.0 0.0036881342625287427 58.02770453364342 9.903747970956548 0.015206597444871992 140.4395026653246 32.0 -1.0 -1.0 -1.0 -1.0 
113.36 22.84 16.0 -1.0 0.002124765100293428 5.458960896878259 1.8152058921173786 0.016589015394405805 12.167995261896193 16.0 -1.0 -1.0 -1.0 -1.0 
113.36 22.84 16.0 -1.0 0.5110233903 41.467106812825236 3.0223728185376832 0.026265941041142528 189.14582196378268 32.0 189.22770080027001 32.0 0.5110147564361494 41.38995464081869 
113.36 22.84 16.0 -1.0 3.1668701177630756 0.0 2.7857651076758985 0.07603298722435994 42.889854953274984 8.0 -1.0 -1.0 -1.0 -1.0 
113.45 23.28 16.0 -1.0 0.04725794036410242 51.909094724977464 0.27154598407104374 0.012441761545804354 4.316146175311287 32.0 -1.0 -1.0 -1.0 -1.0 
113.45 23.28 16.0 -1.0 1.78707496869 15.596122601395331 0.3432049597686394 0.012441761545804354 28.30943473800469 32.0 29.867336445338612 32.0 1.787066139513627 15.584481698498967 
113.45 23.28 16.0 -1.0 1.223496304466 24.329951258176717 0.02903663561783325 0.012441761545804354 0.47785563247497587 2.0 -1.0 -1.0 -1.0 -1.0 
113.45 23.28 16.0 -1.0 1.1964621075 87.5462348691658 0.07207518712173606 0.04700221028414978 1.3957591379228917 8.0 -1.0 -1.0 -1.0 -1.0 
113.45 23.28 16.0 -1.0 2.3707006046372 0.0 0.22737131501898614 0.04285495643554833 2.2760585948168846 4.0 -1.0 -1.0 -1.0 -1.0 
113.45 23.28 16.0 -1.0 1.7535732521436 86.63646105075107 0.09397174677577265 0.015206597444871992 2.8225858938163455 16.0 -1.0 -1.0 -1.0 -1.0 
113.45 23.28 16.0 -1.0 138.41286895587558 173.27292210150213 0.695319194561058 0.012441761545804354 29.11305416217211 1.0 29.113054029190206 1.0 138.41296701381606 173.2508614794171 
113.45 23.28 16.0 -1.0 159.6048992924992 47.72413516026972 8.721557721439991 0.006912089747669085 392.9623320540063 2.0 392.96232994388083 2.0 159.6049211608867 47.765424426568266 
113.45 23.28 16.0 -1.0 2.157619537033 54.716396793228625 3.8945658010368502 0.026265941041142528 364.3047184930537 32.0 364.73855168820603 32.0 2.157624597505977 54.74808181096066 
113.45 23.28 16.0 -1.0 180.500854 259.9093831522532 1.098510166047577 0.04009012053648069 26.75294855525412 1.0 26.75294827934722 1.0 180.50098636498055 259.8762922191257 
113.52 46.65 16.0 -1.0 2.7874942067382 118.34712951298195 0.966047542040352 0.049767046183217416 34.041520609612455 16.0 -1.0 -1.0 -1.0 -1.0 
113.52 46.65 16.0 -1.0 4.039949 131.31341194993814 0.952791556396117 0.02073626924300726 75.59822302980339 32.0 75.82698857019659 32.0 4.039945148785288 131.2537192399556 
113.52 46.65 16.0 -1.0 1.04542524405 115.90792786642584 0.5216410220767709 0.02350110514207489 33.531303088925554 16.0 -1.0 -1.0 -1.0 -1.0 
113.52 46.65 16.0 -1.0 0.02382872692571531 0.0 0.012311445046369995 0.016589015394405805 2.4233434372892813 32.0 -1.0 -1.0 -1.0 -1.0 
113.52 46.65 16.0 -1.0 4.051588553357 61.12676005993628 0.038945658010368464 0.019353851293473442 2.578396791931041 8.0 -1.0 -1.0 -1.0 -1.0 
113.52 46.65 16.0 -1.0 2.973315119239 122.25352011987256 0.010480983570484097 0.03041319488974398 1.551674955294508 1.0 -1.0 -1.0 -1.0 -1.0 
113.52 46.65 16.0 -1.0 0.425216180759 109.43395657894983 4.176015252414192 0.024883523091608708 316.731070296183 32.0 317.4384433924394 32.0 0.4252190895689031 109.29376775570705 
113.52 46.65 16.0 -1.0 1.3093429439 65.58334652695234 1.0693082321643357 0.04700221028414978 40.517554650286236 16.0 40.51755619775323 16.0 1.3093692056524258 65.57626065342423 
113.52 46.65 16.0 -1.0 215.9269311725 94.1568515294668 7.917532577300838 0.006912089747669086 426.71242725964 2.0 426.71243839537385 2.0 215.92713892459872 94.11407778963662 
113.52 46.65 16.0 -1.0 0.6552714627 183.38028017980884 6.439926164566273 0.023501105142074895 582.8212019895915 32.0 583.0016344367604 32.0 0.6552606161373358 183.3706547901307 
113.71 22.85 16.0 -1.0 67.27227804237953 38.86648750418358 0.026615983231691332 0.031795612839277794 1.3540780747966508 4.0 -1.0 -1.0 -1.0 -1.0 
113.71 22.85 16.0 -1.0 1.05155 53.23750720093367 0.02058407488329202 0.009676925646736723 0.8620558599660868 4.0 -1.0 -1.0 -1.0 -1.0 
113.71 22.85 16.0 -1.0 190.2678344415654 72.5801229008838 0.8836791933922146 0.11612310776084062 5.6421633522485575 1.0 -1.0 -1.0 -1.0 -1.0 
113.71 22.85 16.0 -1.0 12.455987142326991 59.45200220493371 0.3077151047387642 0.056679135930886505 3.967318220194908 8.0 -1.0 -1.0 -1.0 -1.0 
113.71 22.85 16.0 -1.0 1.8244604519282162 122.24429547451744 0.6364735759337737 0.027648358990676344 33.57852016003144 16.0 34.519558149641625 16.0 1.8244463717564943 122.24710319342049 
113.71 22.85 16.0 -1.0 4.415316459453 0.0 0.22721429101683832 0.02073626924300726 6.964505783571073 8.0 -1.0 -1.0 -1.0 -1.0 
113.71 22.85 16.0 -1.0 0.0020480687819672164 172.6075987361011 0.010394453964744334 0.005529671798135269 7.8332409916098085 2.0 -1.0 -1.0 -1.0 -1.0 
113.71 22.85 16.0 -1.0 0.005017937064948713 87.23597361865056 6.251433244568271 0.02350110514207489 51.802371172028 16.0 -1.0 -1.0 -1.0 -1.0 
113.71 22.85 16.0 -1.0 3.1514437369 86.30379936805055 2.3341932760406383 0.009676925646736721 679.0323884034896 32.0 679.0775144161574 32.0 3.1514294581332556 86.32183694038714 
113.71 22.85 16.0 -1.0 208.68885636 258.91139810415166 3.484610295359499 0.024883523091608708 110.07395072712656 2.0 110.07394947538259 2.0 208.68901629000905 258.8643128880543 
113.79 47.04 16.0 -1.0 160.59270990836 58.08012273388937 0.2052727181469264 0.045619792334615966 1.615260080988951 1.0 -1.0 -1.0 -1.0 -1.0 
113.79 47.04 16.0 -1.0 0.83854355767 16.85320254056696 0.11537353796843516 0.029030776940210157 1.3131386059190961 32.0 -1.0 -1.0 -1.0 -1.0 
113.79 47.04 16.0 -1.0 0.048579112890325495 8.915887795654779 0.8477988620070408 0.011059343596270537 10.018750342185685 32.0 -1.0 -1.0 -1.0 -1.0 
113.79 47.04 16.0 -1.0 125.67957571331455 76.47367174321782 0.4340739829728949 0.006912089747669086 16.65831694684312 1.0 16.65831697783734 1.0 125.68004118899505 76.50563742899493 
113.79 47.04 16.0 -1.0 0.0010812561020884215 120.79940659722513 0.6386758991059545 0.024883523091608708 9.389739467374001 1.0 -1.0 -1.0 -1.0 -1.0 
113.79 47.04 16.0 -1.0 7.200979 181.1991098958377 0.29177394314817034 0.019353851293473442 12.706748992937388 8.0 12.706750483215423 8.0 7.2010152507573375 181.1443002617737 
113.79 47.04 16.0 -1.0 0.667624 6.705037569902984 2.31012970008316 0.04147253848601452 74.15088995559171 32.0 75.62055553599104 32.0 0.6676297440814476 7.0838553174995305 
113.79 47.04 16.0 -1.0 0.71802175405 72.48689264759983 1.212574332188648 0.02073626924300726 113.2722636401656 32.0 113.42044531692278 32.0 0.7180157505596678 72.45772010470948 
113.79 47.04 16.0 -1.0 283.76747691122 0.0 1.2508629265827196 0.02350110514207489 29.116850415432783 1.0 -1.0 -1.0 -1.0 -1.0 
113.79 47.04 16.0 -1.0 2.500948 60.399703298612565 7.972419798951425 0.012441761545804354 1329.8545541264082 32.0 1330.3771588177563 32.0 2.5009588474252573 60.41516606496029 
114.23 30.83 16.0 -1.0 3.91118330957 169.996156043517 0.16501436487320392 0.026265941041142528 3.5122698552199085 16.0 -1.0 -1.0 -1.0 -1.0 
114.23 30.83 16.0 -1.0 0.54619216715 57.53611214032985 0.03432049597686392 0.026265941041142528 -0.7640329901697778 4.0 -1.0 -1.0 -1.0 -1.0 
114.23 30.83 16.0 -1.0 1.0984627359781 90.51772873241786 0.030140323878155 0.13962421290291552 0.1267412298901261 4.0 -1.0 -1.0 -1.0 -1.0 
114.23 30.83 16.0 -1.0 298.177445577374 0.0 0.6991726935839042 0.017971433343939622 22.213137968179097 1.0 -1.0 -1.0 -1.0 -1.0 
114.23 30.83 16.0 -1.0 1.044 75.70780172274749 0.9021848492717566 0.18524400523753148 6.9883299944247 2.0 7.116046656364526 4.0 1.0436148537943761 71.85053250606668 
114.23 30.83 16.0 -1.0 1.239587 151.41560344549498 0.6475616606274884 0.08294507697202905 3.993366643562208 8.0 -1.0 -1.0 -1.0 -1.0 
114.23 30.83 16.0 -1.0 0.6936019125996 32.57275357648361 3.530650961031626 0.048384628233683606 117.9218514875312 8.0 122.07591671472709 16.0 0.6936412925521533 32.88932825981925 
114.23 30.83 16.0 -1.0 0.33054565343 112.73261924692342 9.449254360866355 0.009676925646736721 1517.3918627585629 32.0 1519.2141194509495 32.0 0.33054069111434126 112.63329954824253 
114.23 30.83 16.0 -1.0 2.8213705328215 100.23958265901129 8.637610958729164 0.017971433343939622 1292.7172888254743 32.0 1294.846771275121 32.0 2.82137383085986 100.18595377606479 
114.23 30.83 16.0 -1.0 0.8785140801273 227.12340516824247 7.1233661553256065 0.017971433343939622 716.1134359077429 32.0 716.393294574396 32.0 0.8785112489325305 227.0881618924135 
114.75 22.85 16.0 -1.0 0.71730671014 132.98834159376798 0.6670869092409146 0.06635606157762322 9.47487765862414 16.0 9.58889658467843 16.0 0.7172881547982495 132.97408410277689 
114.75 22.85 16.0 -1.0 3.08977631356 115.8012361995556 0.25482417336644786 0.06082638977948796 2.618027911479783 2.0 -1.0 -1.0 -1.0 -1.0 
114.75 22.85 16.0 -1.0 1.490957 53.23020902526356 0.7873894997730058 0.01520659744487199 113.62385076914084 32.0 114.09396086235898 32.0 1.4909649811064205 53.23011281435362 
114.75 22.85 16.0 -1.0 0.17733492662 0.0 0.011379039645988784 0.03456044873834543 0.09936705979247473 4.0 -1.0 -1.0 -1.0 -1.0 
114.75 22.85 16.0 -1.0 1.30094454375 166.04238341713005 0.13731366893478805 0.024883523091608708 4.150588114500818 4.0 -1.0 -1.0 -1.0 -1.0 
114.75 22.85 16.0 -1.0 2.266492130584 99.3613962572655 1.9707405963505449 0.03041319488974398 150.63199226965253 32.0 150.9592663267231 32.0 2.2664911133081964 99.37637031120771 
114.75 22.85 16.0 -1.0 230.5207819237923 30.862063164390058 3.7467728600716743 0.04423737438508215 93.46065127240327 2.0 93.51402563356935 2.0 230.52076964328688 30.865369597676526 
114.75 22.85 16.0 -1.0 383.1975942761 105.91242338578412 2.217862375423104 0.030413194889743984 43.516367224967105 1.0 43.51636786976468 1.0 383.19752396394813 105.95423596317157 
114.75 22.85 16.0 -1.0 4.833299389106393 83.02119170856503 7.429970658615064 0.017971433343939622 922.345768535891 32.0 922.49219499173 32.0 4.833297377141814 82.98230514785165 
114.75 22.85 16.0 -1.0 0.0014778925406905199 249.06357512569508 3.0920679192165004 0.024883523091608704 11.955843894813528 1.0 -1.0 -1.0 -1.0 -1.0 
114.75 22.85 16.0 -1.0 0.71730671014 132.98834159376798 0.6670869092409146 0.06635606157762322 9.47487765862414 16.0 9.58889658467843 16.0 0.7172881547982495 132.97408410277689 
114.75 22.85 16.0 -1.0 3.08977631356 115.8012361995556 0.25482417336644786 0.06082638977948796 2.618027911479783 2.0 -1.0 -1.0 -1.0 -1.0 
114.75 22.85 16.0 -1.0 1.490957 53.23020902526356 0.7873894997730058 0.01520659744487199 113.62385076914084 32.0 114.09396086235898 32.0 1.4909649811064205 53.23011281435362 
114.75 22.85 16.0 -1.0 0.17733492662 0.0 0.011379039645988784 0.03456044873834543 0.09936705979247473 4.0 -1.0 -1.0 -1.0 -1.0 
114.75 22.85 16.0 -1.0 1.30094454375 166.04238341713005 0.13731366893478805 0.024883523091608708 4.150588114500818 4.0 -1.0 -1.0 -1.0 -1.0 
114.75 22.85 16.0 -1.0 2.266492130584 99.3613962572655 1.9707405963505449 0.03041319488974398 150.63199226965253 32.0 150.9592663267231 32.0 2.2664911133081964 99.37637031120771 
114.75 22.85 16.0 -1.0 230.5207819237923 30.862063164390058 3.7467728600716743 0.04423737438508215 93.46065127240327 2.0 93.51402563356935 2.0 230.52076964328688 30.865369597676526 
114.75 22.85 16.0 -1.0 383.1975942761 105.91242338578412 2.217862375423104 0.030413194889743984 43.516367224967105 1.0 43.51636786976468 1.0 383.19752396394813 105.95423596317157 
114.75 22.85 16.0 -1.0 4.833299389106393 83.02119170856503 7.429970658615064 0.017971433343939622 922.345768535891 32.0 922.49219499173 32.0 4.833297377141814 82.98230514785165 
114.75 22.85 16.0 -1.0 0.0014778925406905199 249.06357512569508 3.0920679192165004 0.024883523091608704 11.955843894813528 1.0 -1.0 -1.0 -1.0 -1.0 
115.07 31.24 16.0 -1.0 0.51769836154 124.79850873271312 0.7445385492578294 0.011059343596270537 90.86967862595739 32.0 91.62220558118159 32.0 0.5176843842491508 124.87824945420601 
115.07 31.24 16.0 -1.0 0.6763701556 32.25500569254583 0.12371126305091651 0.06497364362808941 0.3694784475264353 1.0 -1.0 -1.0 -1.0 -1.0 
115.07 31.24 16.0 -1.0 1.57088341645 84.56220306307516 0.013932030015451157 0.029030776940210154 0.6526499538541077 32.0 -1.0 -1.0 -1.0 -1.0 
115.07 31.24 16.0 -1.0 114.00514689571 82.73727772396043 0.03857079814977539 0.06635606157762322 0.8797335225384619 2.0 -1.0 -1.0 -1.0 -1.0 
115.07 31.24 16.0 -1.0 1.157009648847 192.9803578483127 0.18089465828118528 0.035942866687879244 3.422244589376364 8.0 -1.0 -1.0 -1.0 -1.0 
115.07 31.24 16.0 -1.0 0.006114268944033406 137.94676599525053 0.05173344232089789 0.03732528463741307 1.6868141245148147 8.0 -1.0 -1.0 -1.0 -1.0 
115.07 31.24 16.0 -1.0 0.7850721411512 73.28284524420944 0.14774641499094882 0.09262200261876574 0.00755855252534714 1.0 -1.0 -1.0 -1.0 -1.0 
115.07 31.24 16.0 -1.0 0.11957105205108827 219.84853573262833 0.058705239973426394 0.0884747487701643 1.1289790484275009 1.0 -1.0 -1.0 -1.0 -1.0 
115.07 31.24 16.0 -1.0 1.79337054324 0.0 1.1261731286113443 0.01520659744487199 142.58114413900947 32.0 -1.0 -1.0 -1.0 -1.0 
115.07 31.24 16.0 -1.0 0.9284176174 146.56569048841888 4.263467691927037 0.022118687192541075 498.4239384767508 32.0 498.5126371189481 32.0 0.9284121915698053 146.53460713913316 
115.09 54.42 16.0 -1.0 0.005839646453032786 97.32247613728283 0.3757140930301278 0.011059343596270537 2.382460128676055 1.0 -1.0 -1.0 -1.0 -1.0 
115.09 54.42 16.0 -1.0 0.004272403566250174 68.66531700422897 0.01984402488470548 0.04285495643554833 4.184217879709335 1.0 -1.0 -1.0 -1.0 -1.0 
115.09 54.42 16.0 -1.0 5.059597294 9.426264169483277 0.04530703236219807 0.013824179495338172 1.6098819346172486 8.0 -1.0 -1.0 -1.0 -1.0 
115.09 54.42 16.0 -1.0 1.240695 114.72734086906871 0.3070780151948774 0.07603298722435994 2.8796833926493592 4.0 -1.0 -1.0 -1.0 -1.0 
115.09 54.42 16.0 -1.0 0.12178933067437141 0.0 0.17841244401227932 0.10091651031596865 0.45317634547635566 1.0 -1.0 -1.0 -1.0 -1.0 
115.09 54.42 16.0 -1.0 314.465409 54.83025912196817 0.03247514920706295 0.027648358990676344 0.9818693205207918 1.0 -1.0 -1.0 -1.0 -1.0 
115.09 54.42 16.0 -1.0 0.01767559123702977 109.66051824393634 0.05028866967141119 0.017971433343939622 2.20595843965031 1.0 -1.0 -1.0 -1.0 -1.0 
115.09 54.42 16.0 -1.0 13.46811210517598 164.4907773659045 0.02458323676365615 0.008294507697202903 0.6946002021439817 1.0 -1.0 -1.0 -1.0 -1.0 
115.09 54.42 16.0 -1.0 1.498159748737 126.53895984583833 1.1061254389094946 0.06497364362808941 28.049483963346205 8.0 28.289529845167493 8.0 1.4981196727603676 126.69981225013447 
115.09 54.42 16.0 -1.0 8.6682478274 87.15592944140036 7.575092471847536 0.009676925646736721 956.4390132536304 32.0 956.4817486594466 32.0 8.668242420147484 87.13142040524421 
115.16 47.43 16.0 -1.0 383.9226171642824 11.404982068628556 0.011176474471832022 0.029030776940210157 -0.5978765207808602 1.0 -1.0 -1.0 -1.0 -1.0 
115.16 47.43 16.0 -1.0 0.11578584306059753 31.604589326890807 0.484806637187388 0.10644618211410392 1.3982142512465818 8.0 -1.0 -1.0 -1.0 -1.0 
115.16 47.43 16.0 -1.0 1.27683673064 74.94702502241623 0.10670943496365924 0.019353851293473442 4.655423012211079 8.0 -1.0 -1.0 -1.0 -1.0 
115.16 47.43 16.0 -1.0 0.755 67.1509927328007 0.7394126711165537 0.019353851293473442 79.71560341347059 32.0 79.80021761087158 32.0 0.7550018684317669 67.19542758313841 
115.16 47.43 16.0 -1.0 244.7121102768188 0.0 0.03592158867031381 0.012441761545804354 0.26961537226971416 1.0 -1.0 -1.0 -1.0 -1.0 
115.16 47.43 16.0 -1.0 6.980975 116.78281178107214 0.2451539775256637 0.01520659744487199 15.65045426980266 16.0 16.056590974104328 16.0 6.9809781659084065 116.88361273874226 
115.16 47.43 16.0 -1.0 0.552365939363323 175.1742176716082 0.06277399637476767 0.026265941041142528 1.9328585956227644 16.0 -1.0 -1.0 -1.0 -1.0 
115.16 47.43 16.0 -1.0 1.155259714038 139.0847198814779 1.346830464451645 0.02073626924300726 123.7092243278764 32.0 124.25867279688144 32.0 1.1552704866820327 139.04596008920507 
115.16 47.43 16.0 -1.0 0.433862285366 46.28565687452634 1.5220125791918115 0.04147253848601452 36.56578559228467 16.0 37.55958291650426 32.0 0.4338592892357459 46.44985129617549 
115.16 47.43 16.0 -1.0 297.619048 58.39140589053607 5.846240640937594 0.022118687192541075 141.98108724640434 1.0 141.9810896451771 1.0 297.6186806336045 58.39120740281755 
115.16 62.67 16.0 -1.0 0.17111903377682028 48.82229933085467 0.012586645222787884 0.052531882082285056 1.747679757029187 1.0 -1.0 -1.0 -1.0 -1.0 
115.16 62.67 16.0 -1.0 0.0413615341267772 80.372709816466 0.039188560946779236 0.02073626924300726 2.5203139767337928 1.0 -1.0 -1.0 -1.0 -1.0 
115.16 62.67 16.0 -1.0 3.35439493491 37.42509371656991 0.12117369210379667 0.02903077694021016 3.0121450489278665 16.0 -1.0 -1.0 -1.0 -1.0 
115.16 62.67 16.0 -1.0 4.187917144798 71.12048391048764 0.7675178929261796 0.03041319488974398 44.81663625796903 16.0 45.12312424514895 16.0 4.187919936763744 71.04094904120959 
115.16 62.67 16.0 -1.0 1.450907946316 16.391486726162356 0.045495222839135055 0.022118687192541075 0.8567653142528506 8.0 -1.0 -1.0 -1.0 -1.0 
115.16 62.67 16.0 -1.0 0.0017518115885725878 0.0 0.2946096205232792 0.019353851293473442 0.9841942058457834 4.0 -1.0 -1.0 -1.0 -1.0 
115.16 62.67 16.0 -1.0 0.04248922536 106.70473683261548 0.39706342643953574 0.12856486930664499 2.5793246157520575 1.0 -1.0 -1.0 -1.0 -1.0 
115.16 62.67 16.0 -1.0 246.55815713199 160.05710524892322 0.011689791918721566 0.01520659744487199 1.15596142411884 1.0 -1.0 -1.0 -1.0 -1.0 
115.16 62.67 16.0 -1.0 439.68050153408 83.89431829278995 1.3347887611263103 0.027648358990676344 18.85114776138752 1.0 -1.0 -1.0 -1.0 -1.0 
115.16 62.67 16.0 -1.0 458.12007798349 53.35236841630774 7.590808387572497 0.017971433343939622 140.85002413915709 1.0 140.85002376307352 1.0 458.1204848363996 53.331310747460755 
115.16 62.67 16.0 -1.0 0.17111903377682028 48.82229933085467 0.012586645222787884 0.052531882082285056 1.747679757029187 1.0 -1.0 -1.0 -1.0 -1.0 
115.16 62.67 16.0 -1.0 0.0413615341267772 80.372709816466 0.039188560946779236 0.02073626924300726 2.5203139767337928 1.0 -1.0 -1.0 -1.0 -1.0 
115.16 62.67 16.0 -1.0 3.35439493491 37.42509371656991 0.12117369210379667 0.02903077694021016 3.0121450489278665 16.0 -1.0 -1.0 -1.0 -1.0 
115.16 62.67 16.0 -1.0 4.187917144798 71.12048391048764 0.7675178929261796 0.03041319488974398 44.81663625796903 16.0 45.12312424514895 16.0 4.187919936763744 71.04094904120959 
115.16 62.67 16.0 -1.0 1.450907946316 16.391486726162356 0.045495222839135055 0.022118687192541075 0.8567653142528506 8.0 -1.0 -1.0 -1.0 -1.0 
115.16 62.67 16.0 -1.0 0.0017518115885725878 0.0 0.2946096205232792 0.019353851293473442 0.9841942058457834 4.0 -1.0 -1.0 -1.0 -1.0 
115.16 62.67 16.0 -1.0 0.04248922536 106.70473683261548 0.39706342643953574 0.12856486930664499 2.5793246157520575 1.0 -1.0 -1.0 -1.0 -1.0 
115.16 62.67 16.0 -1.0 246.55815713199 160.05710524892322 0.011689791918721566 0.01520659744487199 1.15596142411884 1.0 -1.0 -1.0 -1.0 -1.0 
115.16 62.67 16.0 -1.0 439.68050153408 83.89431829278995 1.3347887611263103 0.027648358990676344 18.85114776138752 1.0 -1.0 -1.0 -1.0 -1.0 
115.16 62.67 16.0 -1.0 458.12007798349 53.35236841630774 7.590808387572497 0.017971433343939622 140.85002413915709 1.0 140.85002376307352 1.0 458.1204848363996 53.331310747460755 
115.18 31.64 16.0 -1.0 0.002673627135317466 44.30170582782845 0.028816814083529804 0.016589015394405805 6.032390471152774 2.0 -1.0 -1.0 -1.0 -1.0 
115.18 31.64 16.0 -1.0 0.0012641124664572309 95.44251471855668 0.014907929892623264 0.022118687192541075 7.528044399680369 4.0 -1.0 -1.0 -1.0 -1.0 
115.18 31.64 16.0 -1.0 131.77869947406 45.63032139100325 0.017307080845765023 0.029030776940210157 1.433656322662154 2.0 -1.0 -1.0 -1.0 -1.0 
115.18 31.64 16.0 -1.0 0.001526207014931322 108.96825676333616 0.012285955582939736 0.03732528463741307 8.356458835457337 2.0 -1.0 -1.0 -1.0 -1.0 
115.18 31.64 16.0 -1.0 43.28844052279 72.59468314855074 0.018686465040691866 0.019353851293473442 0.007345756139527688 8.0 -1.0 -1.0 -1.0 -1.0 
115.18 31.64 16.0 -1.0 1.713017608242 145.1893662971015 0.0488842455453372 0.015206597444871989 1.1483176885506587 32.0 -1.0 -1.0 -1.0 -1.0 
115.18 31.64 16.0 -1.0 2.3745873338 79.58625029247058 5.256202242708843 0.04009012053648069 290.56511248896265 16.0 296.3289303445962 32.0 2.3745997168589383 79.64277335531615 
115.18 31.64 16.0 -1.0 4.9872493 49.31123991848752 5.686898637929253 0.08985716671969812 71.56201634587414 8.0 82.01185069966301 16.0 4.987244513661912 49.283393423175305 
115.18 31.64 16.0 -1.0 23.92112016006569 0.0 9.281042462954986 0.055296717981352696 335.26592979975175 16.0 -1.0 -1.0 -1.0 -1.0 
115.18 31.64 16.0 -1.0 2.396702 217.78404944565224 1.9276514212614073 0.03732528463741307 107.19218576343131 16.0 107.2843152130111 16.0 2.3967004381120205 217.77795204655698 
115.34 30.83 16.0 -1.0 174.16720665567405 82.50137560064637 0.08281172079049609 0.006912089747669086 2.6521867058211983 1.0 -1.0 -1.0 -1.0 -1.0 
115.34 30.83 16.0 -1.0 0.002029331240583482 114.46709593701162 0.133663429906117 0.016589015394405805 3.8159688524316797 2.0 -1.0 -1.0 -1.0 -1.0 
115.34 30.83 16.0 -1.0 12.173043099347511 41.39319615573222 0.7074324360371829 0.006912089747669086 144.10425616210304 32.0 144.48307300206866 32.0 12.173040886409582 41.38995464081869 
115.34 30.83 16.0 -1.0 411.32080042890203 121.32942135901595 0.745567981162441 0.030413194889743977 13.097117461330429 1.0 -1.0 -1.0 -1.0 -1.0 
115.34 30.83 16.0 -1.0 1.4633093057546704 167.41443106206106 0.7517745316634095 0.03456044873834543 32.50561317472377 16.0 32.599496198701864 16.0 1.4633163421725235 167.3813813592032 
115.34 30.83 16.0 -1.0 0.07943282347242814 0.0 0.04891802863108921 0.03732528463741307 3.131605870445005 1.0 -1.0 -1.0 -1.0 -1.0 
115.34 30.83 16.0 -1.0 0.0014443214647272805 73.0738997812794 0.38704260662198064 0.03317803078881161 4.510454770541158 1.0 -1.0 -1.0 -1.0 -1.0 
115.34 30.83 16.0 -1.0 0.8217090786 219.22169934383817 0.700623255299209 0.030413194889743977 41.80731203182497 16.0 41.939057235853696 16.0 0.8216981465617816 219.1947231100569 
115.34 30.83 16.0 -1.0 7.4105926469105015 32.4480563085189 8.566299991989636 0.12441761545804354 137.54506784060393 16.0 138.74543666429042 32.0 7.410593146535879 32.48453652739071 
115.34 30.83 16.0 -1.0 0.7738491923691 146.1477995625588 1.0737497860625238 0.024883523091608708 75.98006650052471 32.0 76.64307221266506 32.0 0.7738587252485256 146.1298154067046 
115.38 46.66 16.0 -1.0 0.56058054107 147.19300021443402 0.4828012399922341 0.02073626924300726 38.31018781591228 32.0 38.53184135183541 32.0 0.5605822176827739 147.34419060399023 
115.38 46.66 16.0 -1.0 1.22508021431 94.70325488990842 0.058543239116343446 0.035942866687879244 0.9610543138449297 32.0 -1.0 -1.0 -1.0 -1.0 
115.38 46.66 16.0 -1.0 2.4822647836094 79.09534201600489 0.08139375022555013 0.038707702586946884 2.3395911048266917 8.0 -1.0 -1.0 -1.0 -1.0 
115.38 46.66 16.0 -1.0 0.0013054381565981326 38.67665444965045 0.9429690741602533 0.006912089747669086 28.75452289224316 2.0 -1.0 -1.0 -1.0 -1.0 
115.38 46.66 16.0 -1.0 1.00534775968 35.57970668662111 0.4732248113273929 0.05391430003181887 8.241540435953093 8.0 8.61104890529689 8.0 1.0052948103596768 35.01448485506911 
115.38 46.66 16.0 -1.0 4.288817218684 0.0 0.02883672890251542 0.013824179495338172 0.9448628407169275 1.0 -1.0 -1.0 -1.0 -1.0 
115.38 46.66 16.0 -1.0 0.015118782062660457 58.64844826236803 0.04413310428721067 0.017971433343939622 1.9393043850315745 4.0 -1.0 -1.0 -1.0 -1.0 
115.38 46.66 16.0 -1.0 0.0010664516646412315 117.29689652473606 0.3028643284103885 0.012441761545804354 13.795599616745545 2.0 -1.0 -1.0 -1.0 -1.0 
115.38 46.66 16.0 -1.0 316.12398422451724 45.02891662268221 1.1137935036185476 0.024883523091608708 30.863058749426802 1.0 30.863058047457503 1.0 316.1238661656777 45.03308023267559 
115.38 46.66 16.0 -1.0 0.69789 175.9453447871041 1.4135625524915008 0.03041319488974398 91.12045323728067 16.0 91.18654657968891 16.0 0.697885601160427 175.88200774020265 
115.45 22.85 16.0 -1.0 0.0034109719754692705 19.878738959031345 0.05116475479031465 0.02350110514207489 5.77273930164744 1.0 -1.0 -1.0 -1.0 -1.0 
115.45 22.85 16.0 -1.0 0.477642 198.39903815765837 0.9371242574197479 0.049767046183217416 23.567799914843306 8.0 23.706490985172973 16.0 0.47766661737114197 197.94315715755832 
115.45 22.85 16.0 -1.0 0.7980292310107 18.08261358300165 0.21829003142677667 0.012441761545804354 24.483173609406165 32.0 24.67460399618025 32.0 0.7980209678256264 18.013232093070236 
115.45 22.85 16.0 -1.0 2.29484628787 31.893361406797542 0.1862202917420173 0.012441761545804354 14.50909908737024 16.0 14.872803142157029 32.0 2.2948673480035118 31.87734892874789 
115.45 22.85 16.0 -1.0 2.5411563288 0.0 0.04239969536556347 0.024883523091608708 0.6249985382372354 1.0 -1.0 -1.0 -1.0 -1.0 
115.45 22.85 16.0 -1.0 3.31686125551 161.79691562991812 0.15453216954363694 0.038707702586946884 5.055184059700752 8.0 -1.0 -1.0 -1.0 -1.0 
115.45 22.85 16.0 -1.0 0.6921479136245 84.63634035426409 4.056587201082318 0.02073626924300726 435.5645370496421 32.0 435.6750598679305 32.0 0.6921557845392575 84.70267001067296 
115.45 22.85 16.0 -1.0 0.0032878482511591073 165.4377103110594 1.2000737073062886 0.008294507697202903 12.663298505450735 8.0 -1.0 -1.0 -1.0 -1.0 
115.45 22.85 16.0 -1.0 1.53743384519 80.89845781495906 5.270747206075629 0.08018024107296139 120.71967383189833 8.0 122.08734066838434 16.0 1.5374704768570762 81.05954441881606 
115.45 22.85 16.0 -1.0 9.585563467335172 242.6953734448772 2.877702569594295 0.06497364362808941 79.37348956917748 8.0 79.37349156497157 8.0 9.58558909284572 242.67264359091251 
115.45 31.24 16.0 -1.0 2.97107636748 31.8886853713147 0.1644453517634066 0.022118687192541075 8.970444801163183 16.0 9.048633515450584 16.0 2.971076658771684 31.776150995640755 
115.45 31.24 16.0 -1.0 2.59788422918 35.08189841598995 0.5176919443896122 0.01520659744487199 43.863187016373764 16.0 44.06227124649282 16.0 2.597880666144192 35.01448485506911 
115.45 31.24 16.0 -1.0 0.27344484969650096 190.5066557945708 0.3178704999821332 0.016589015394405805 15.575191749910788 16.0 15.699592230000746 16.0 0.27345474033306044 190.45451010763026 
115.45 31.24 16.0 -1.0 2.2581595818 91.2781034947305 0.45463803563716737 0.027648358990676344 20.422396493250314 16.0 21.3092365711006 16.0 2.2581540785419447 91.28053566263681 
115.45 31.24 16.0 -1.0 1.892677023884 49.462218385887994 0.7701736550890854 0.016589015394405805 120.63734159567376 32.0 120.70943580444043 32.0 1.892688790879523 49.48578928938958 
115.45 31.24 16.0 -1.0 3.7366204955279794 0.0 0.4003688181282217 0.012441761545804354 50.35591797191064 32.0 -1.0 -1.0 -1.0 -1.0 
115.45 31.24 16.0 -1.0 2.197424522481 72.40121821702445 0.04966719196351196 0.026265941041142528 0.7223044233781486 1.0 -1.0 -1.0 -1.0 -1.0 
115.45 31.24 16.0 -1.0 0.014707607006083433 217.20365465107335 0.809451475557974 0.06082638977948797 1.095071722054512 2.0 -1.0 -1.0 -1.0 -1.0 
115.45 31.24 16.0 -1.0 0.07551725903666627 131.83408141587802 3.007792172468115 0.027648358990676344 81.61617194056087 16.0 104.95164171868826 32.0 0.07551837673721215 135.20043863113392 
115.45 31.24 16.0 -1.0 13.041757915336905 144.8024364340489 9.19171054608519 0.011059343596270537 975.583382358585 32.0 975.7029007577065 32.0 13.041759909053024 144.81424227631183 
115.55 31.65 16.0 -1.0 0.33472247487103984 26.965321870413618 0.4428581346777546 0.048384628233683606 3.5955463022047636 8.0 -1.0 -1.0 -1.0 -1.0 
115.55 31.65 16.0 -1.0 174.16720665567405 23.995477961301823 0.7045061497321513 0.17694949754032857 12.480169167105904 1.0 12.480169383580986 1.0 174.1670227299134 23.98391014639127 
115.55 31.65 16.0 -1.0 415.1186725386373 87.45975106253867 0.9313156686783002 0.01382417949533817 24.43547408588117 1.0 24.435474102734943 1.0 415.11860520889365 87.43501420456563 
115.55 31.65 16.0 -1.0 1.1865458 39.748563044416564 0.051270905438291665 0.06635606157762322 1.8322055203934355 8.0 -1.0 -1.0 -1.0 -1.0 
115.55 31.65 16.0 -1.0 409.43491416826765 0.0 0.015315053273857524 0.019353851293473442 0.7225289768167178 1.0 -1.0 -1.0 -1.0 -1.0 
115.55 31.65 16.0 -1.0 2.88260068591 71.72818658746097 0.8788087844939613 0.03317803078881161 40.07096423263581 16.0 40.115370747023185 16.0 2.8826131407792372 71.74933457295953 
115.55 31.65 16.0 -1.0 277.03970545582877 143.45637317492194 0.030412232699116293 0.011059343596270537 1.629680523575225 1.0 -1.0 -1.0 -1.0 -1.0 
115.55 31.65 16.0 -1.0 0.004903952088539373 215.1845597623829 0.22894753584821398 0.04423737438508215 1.0835951462027924 1.0 -1.0 -1.0 -1.0 -1.0 
115.55 31.65 16.0 -1.0 0.6005577944 128.65019484543706 3.2790766992757394 0.03456044873834543 177.61811228959573 32.0 178.44624835559492 32.0 0.6005696680707237 128.52137504606293 
115.55 31.65 16.0 -1.0 363.32402573159436 177.6095781297076 1.6765729010368617 0.03041319488974398 27.13848069444686 1.0 27.138480982759113 1.0 363.32445840040845 177.60237260302395 
115.67 47.04 16.0 -1.0 8.96050624775 46.26009163448291 0.014401769029678588 0.01797143334393962 1.3629286008031767 32.0 -1.0 -1.0 -1.0 -1.0 
115.67 47.04 16.0 -1.0 3.65 57.746796103541875 0.4290058815933359 0.011059343596270537 47.190762157017424 32.0 48.15370082236599 32.0 3.650014453645175 57.78401980417475 
115.67 47.04 16.0 -1.0 0.27470435607282284 1.3053073260294277 0.23617684881065482 0.026265941041142528 2.108453248075948 32.0 -1.0 -1.0 -1.0 -1.0 
115.67 47.04 16.0 -1.0 1.63310459775 58.00785756874776 0.1949076938320466 0.011059343596270537 18.880841363205935 32.0 19.58365282464824 32.0 1.6331190029935292 57.986415670389015 
115.67 47.04 16.0 -1.0 45.93935295323366 116.01571513749552 0.10181242461267447 0.013824179495338172 2.332108420050663 1.0 -1.0 -1.0 -1.0 -1.0 
115.67 47.04 16.0 -1.0 0.63339530289 174.02357270624327 0.1339407391545149 0.08570991287109667 -0.44910768190417066 1.0 -1.0 -1.0 -1.0 -1.0 
115.67 47.04 16.0 -1.0 10.382835366 26.38461208347483 5.981053370711909 0.06912089747669085 191.3113509277535 16.0 191.3113577128015 16.0 10.382852148419868 26.412660540962534 
115.67 47.04 16.0 -1.0 0.5192453694 105.1207499895699 4.404173165438359 0.08985716671969811 62.07009840266244 8.0 63.80574353990321 8.0 0.5192608417322239 105.44824629763588 
115.67 47.04 16.0 -1.0 44.054069392744 36.53120103114358 8.332821508477364 0.009676925646736721 707.3439826466399 8.0 707.343993189423 8.0 44.0541043644771 36.53245385167615 
115.67 47.04 16.0 -1.0 159.12642440936 0.0 3.1329220903396675 0.04700221028414978 65.78907237986333 2.0 -1.0 -1.0 -1.0 -1.0 
115.68 62.27 16.0 -1.0 0.18845604994748455 6.328937187331814 0.3718407956863617 0.052531882082285056 -0.14639990112441148 16.0 -1.0 -1.0 -1.0 -1.0 
115.68 62.27 16.0 -1.0 0.4834468551828811 33.54177290213133 0.02632340309205579 0.011059343596270537 0.3767565974407865 1.0 -1.0 -1.0 -1.0 -1.0 
115.68 62.27 16.0 -1.0 0.0373842847199714 47.06051026953026 0.013571044086248003 0.008294507697202903 2.3193285117116456 1.0 -1.0 -1.0 -1.0 -1.0 
115.68 62.27 16.0 -1.0 137.14654583092138 22.11142538747916 0.09903747970956538 0.024883523091608708 2.4406136331717567 2.0 -1.0 -1.0 -1.0 -1.0 
115.68 62.27 16.0 -1.0 4.288817218684 0.0 0.30098708074097646 0.02350110514207489 4.976501541015277 16.0 -1.0 -1.0 -1.0 -1.0 
115.68 62.27 16.0 -1.0 0.014439721715634837 53.134376940496054 0.9534500147295625 0.02350110514207489 1.7209169026890856 1.0 -1.0 -1.0 -1.0 -1.0 
115.68 62.27 16.0 -1.0 5.029204318571 106.26875388099211 0.14048008504410794 0.02350110514207489 8.098678168039267 8.0 8.336872084149455 8.0 5.029141902923584 106.25782976249296 
115.68 62.27 16.0 -1.0 43.6748168488608 76.5211549098053 1.0209415996414983 0.006912089747669086 69.00906133571328 8.0 69.00905999084839 8.0 43.67478444085767 76.50563742899493 
115.68 62.27 16.0 -1.0 0.09903719223305284 38.993905189454956 6.502514182965707 0.11474068981130682 8.94602258320812 4.0 -1.0 -1.0 -1.0 -1.0 
115.68 62.27 16.0 -1.0 3.1378967940100027 159.40313082148816 2.358507511382237 0.09400442056829957 35.046915687281654 8.0 36.25146500874676 8.0 3.137877987076839 159.38674464373943 
115.82 31.24 16.0 -1.0 1.4252832 106.28773820208546 0.011836064433841867 0.03732528463741307 1.2027247451764773 4.0 -1.0 -1.0 -1.0 -1.0 
115.82 31.24 16.0 -1.0 2.631925 39.44456062166283 0.5238077469231417 0.026265941041142528 37.67616310134692 16.0 37.67616289336552 16.0 2.6319564009706182 39.467193911783106 
115.82 31.24 16.0 -1.0 3.72831885206 97.63441325351164 0.2585480425615838 0.022118687192541075 11.69980454306024 8.0 11.80102173037832 8.0 3.728321947467824 97.85840131460067 
115.82 31.24 16.0 -1.0 6.426628464846907 125.44100334880471 0.02643274183097154 0.052531882082285056 0.851711110769439 1.0 -1.0 -1.0 -1.0 -1.0 
115.82 31.24 16.0 -1.0 21.12977915899624 101.11292104921625 0.06316551596459224 0.06220880772902178 1.5019725374768194 2.0 -1.0 -1.0 -1.0 -1.0 
115.82 31.24 16.0 -1.0 0.09329383399650631 0.0 0.01435210792660761 0.02764835899067634 0.7691510682045443 1.0 -1.0 -1.0 -1.0 -1.0 
115.82 31.24 16.0 -1.0 446.4077555 214.70123116821264 0.717770489218701 0.008294507697202903 17.128781596846572 1.0 -1.0 -1.0 -1.0 -1.0 
115.82 31.24 16.0 -1.0 1.3398655379865 101.34911602299867 3.458230090997768 0.01520659744487199 310.46191443262114 32.0 311.5577798448589 32.0 1.3398675946518779 101.40032897335043 
115.82 31.24 16.0 -1.0 0.008242736724558733 71.56707705607089 2.0315652849980985 0.011059343596270537 11.668584817043852 32.0 -1.0 -1.0 -1.0 -1.0 
115.82 31.24 16.0 -1.0 0.80755526467 143.13415411214177 9.61387098692506 0.024883523091608708 775.6258435025651 32.0 775.9838012177042 32.0 0.8075403457041831 143.19507534659766 
116.19 54.42 16.0 -1.0 0.001163754422873072 151.33361837904872 0.0977460035646151 0.011059343596270537 7.731811923590027 1.0 -1.0 -1.0 -1.0 -1.0 
116.19 54.42 16.0 -1.0 2.559409722714 73.07442253594706 0.010568233500032588 0.07465056927482613 0.8822288743730872 8.0 -1.0 -1.0 -1.0 -1.0 
116.19 54.42 16.0 -1.0 4.4906677516975755 75.88622749562651 0.599760414219192 0.019353851293473442 50.87463760520859 32.0 7.415006198286628 1.0 85.32272962232432 75.8984498303521 
116.19 54.42 16.0 -1.0 1.4967703791 77.36526941083363 0.41272575072094025 0.0027648358990676344 142.20504969121387 32.0 142.6726990473333 32.0 1.4967554307077082 77.41641882695916 
116.19 54.42 16.0 -1.0 0.004194585735668682 85.13430276763583 0.6498023507433718 0.019353851293473442 6.02902781627131 1.0 -1.0 -1.0 -1.0 -1.0 
116.19 54.42 16.0 -1.0 0.03636757019090958 0.0 0.23245379118404375 0.016589015394405805 1.7267568232191994 1.0 -1.0 -1.0 -1.0 -1.0 
116.19 54.42 16.0 -1.0 1.963664219963713 108.34388359088592 0.03788417601929283 0.01520659744487199 1.9389885063540313 4.0 -1.0 -1.0 -1.0 -1.0 
116.19 54.42 16.0 -1.0 2.91734175119 162.51582538632888 0.5252572277723242 0.016589015394405805 46.031659210220774 16.0 46.71926699946187 16.0 2.917355838386963 162.42268263695354 
116.19 54.42 16.0 -1.0 0.9901324118402847 29.645851135579946 1.6040596785870795 0.049767046183217416 54.610258945591404 16.0 54.761672860290524 16.0 0.990136565330128 29.54979646728376 
116.19 54.42 16.0 -1.0 1.0319424125036423 54.17194179544296 9.931153623322999 0.016589015394405805 1367.5342633982868 32.0 1367.5507569526133 32.0 1.0319430051216236 54.14089421231784 
116.32 46.66 16.0 -1.0 0.0027865255224063497 95.14687561252681 0.10020746830198264 0.026265941041142528 3.6118290876274712 1.0 -1.0 -1.0 -1.0 -1.0 
116.32 46.66 16.0 -1.0 1.077041 39.01297488457155 0.27646755032107645 0.011059343596270537 32.816473619570566 32.0 33.678427556224435 32.0 1.0770539423295609 39.06240217935455 
116.32 46.66 16.0 -1.0 3.4436537099 160.3062945919238 0.5102356238343202 0.05806155388042031 8.643670641675088 8.0 8.643669501930882 8.0 3.443710738793016 160.29752604170366 
116.32 46.66 16.0 -1.0 0.210146920172 162.59712269772865 0.11402647546324249 0.031795612839277794 1.789239401563458 16.0 -1.0 -1.0 -1.0 -1.0 
116.32 46.66 16.0 -1.0 0.003318206130364587 0.0 0.21381245656306763 0.016589015394405805 3.6146239440439416 1.0 -1.0 -1.0 -1.0 -1.0 
116.32 46.66 16.0 -1.0 252.03522036226 57.40849681689932 0.14371951785347767 0.011059343596270537 2.945463275927653 1.0 -1.0 -1.0 -1.0 -1.0 
116.32 46.66 16.0 -1.0 1.92768191516 114.81699363379865 0.4474711875127627 0.026265941041142528 24.955209579518883 16.0 25.154612589413276 16.0 1.9276437039176624 114.85965407659953 
116.32 46.66 16.0 -1.0 3.442 21.66813351204901 2.3536244866247897 0.027648358990676348 195.15612613745594 32.0 195.17527181324812 32.0 3.442013015349706 21.656357684927137 
116.32 46.66 16.0 -1.0 1.8899192477554 133.84981361059846 1.854499936023163 0.019353851293473442 188.80570830729982 32.0 188.9422282864191 32.0 1.889929990284145 133.88486550074114 
116.32 46.66 16.0 -1.0 30.153936 172.22549045069798 1.2150900395659163 0.011059343596270537 55.278947421744085 2.0 55.2789463975639 2.0 30.153993672380846 172.1376842152386 
116.46 30.83 16.0 -1.0 1.1865458 41.16067713355312 0.5608863713741786 0.03041319488974398 25.556797919776503 16.0 -1.0 -1.0 -1.0 -1.0 
116.46 30.83 16.0 -1.0 0.946213113 100.88816846329189 0.4272313035953057 0.03041319488974398 19.651315871364705 16.0 19.755388930984466 16.0 0.9462382877245546 100.89433930781473 
116.46 30.83 16.0 -1.0 1.69355814663 40.397657372066035 0.583816853109667 0.02350110514207489 43.75185489308349 32.0 44.290971563977216 32.0 1.69357008417137 40.37797530974732 
116.46 30.83 16.0 -1.0 1.26346 167.80076254703403 0.03463011592765149 0.1382417949533817 2.206534537269964 8.0 -1.0 -1.0 -1.0 -1.0 
116.46 30.83 16.0 -1.0 0.1121204607911729 0.0 0.10160163342901272 0.013824179495338172 2.2017903174992632 1.0 -1.0 -1.0 -1.0 -1.0 
116.46 30.83 16.0 -1.0 0.5255 70.64291291767897 0.053146240349348034 0.02073626924300726 0.3948447739194094 2.0 -1.0 -1.0 -1.0 -1.0 
116.46 30.83 16.0 -1.0 0.061976477749348814 211.9287387530369 0.03695360103365707 0.07188573337575849 0.0002623974675647013 8.0 -1.0 -1.0 -1.0 -1.0 
116.46 30.83 16.0 -1.0 1.0491179337 68.16309869284595 2.7135845277589143 0.031795612839277794 185.39225746930757 32.0 185.64524666701016 32.0 1.049132454985132 68.10620898110263 
116.46 30.83 16.0 -1.0 0.007415971757942184 38.80803286896795 1.1261731286113443 0.012441761545804354 8.55570093240503 32.0 -1.0 -1.0 -1.0 -1.0 
116.46 30.83 16.0 -1.0 0.66313 141.28582583535794 1.8647776814776753 0.019353851293473442 219.81019479119456 32.0 220.45751426240463 32.0 0.6631429035527011 141.3735125506692 
116.46 30.83 16.0 -1.0 1.1865458 41.16067713355312 0.5608863713741786 0.03041319488974398 25.556797919776503 16.0 -1.0 -1.0 -1.0 -1.0 
116.46 30.83 16.0 -1.0 0.946213113 100.88816846329189 0.4272313035953057 0.03041319488974398 19.651315871364705 16.0 19.755388930984466 16.0 0.9462382877245546 100.89433930781473 
116.46 30.83 16.0 -1.0 1.69355814663 40.397657372066035 0.583816853109667 0.02350110514207489 43.75185489308349 32.0 44.290971563977216 32.0 1.69357008417137 40.37797530974732 
116.46 30.83 16.0 -1.0 1.26346 167.80076254703403 0.03463011592765149 0.1382417949533817 2.206534537269964 8.0 -1.0 -1.0 -1.0 -1.0 
116.46 30.83 16.0 -1.0 0.1121204607911729 0.0 0.10160163342901272 0.013824179495338172 2.2017903174992632 1.0 -1.0 -1.0 -1.0 -1.0 
116.46 30.83 16.0 -1.0 0.5255 70.64291291767897 0.053146240349348034 0.02073626924300726 0.3948447739194094 2.0 -1.0 -1.0 -1.0 -1.0 
116.46 30.83 16.0 -1.0 0.061976477749348814 211.9287387530369 0.03695360103365707 0.07188573337575849 0.0002623974675647013 8.0 -1.0 -1.0 -1.0 -1.0 
116.46 30.83 16.0 -1.0 1.0491179337 68.16309869284595 2.7135845277589143 0.031795612839277794 185.39225746930757 32.0 185.64524666701016 32.0 1.049132454985132 68.10620898110263 
116.46 30.83 16.0 -1.0 0.007415971757942184 38.80803286896795 1.1261731286113443 0.012441761545804354 8.55570093240503 32.0 -1.0 -1.0 -1.0 -1.0 
116.46 30.83 16.0 -1.0 0.66313 141.28582583535794 1.8647776814776753 0.019353851293473442 219.81019479119456 32.0 220.45751426240463 32.0 0.6631429035527011 141.3735125506692 
116.71 54.81 16.0 -1.0 1.958027198703 106.50144933743798 0.25482417336644786 0.006912089747669086 38.22139331811095 16.0 38.32690196117611 16.0 1.9580208269568782 106.56142356181435 
116.71 54.81 16.0 -1.0 1.8814922042 76.22225812168955 0.4908729458660604 0.015206597444871992 48.25607024631025 32.0 48.32160220433828 32.0 1.881502006047716 76.20204362967353 
116.71 54.81 16.0 -1.0 0.006372454198398374 61.510152427090425 0.053774088464232914 0.035942866687879244 1.1262098453997513 8.0 -1.0 -1.0 -1.0 -1.0 
116.71 54.81 16.0 -1.0 0.004432397032690505 5.952595396170041 0.05801981739716653 0.009676925646736721 4.4188370336495435 1.0 -1.0 -1.0 -1.0 -1.0 
116.71 54.81 16.0 -1.0 0.3772034274173156 28.101412412271575 0.06782395925350981 0.031795612839277794 0.79369232225504 2.0 -1.0 -1.0 -1.0 -1.0 
116.71 54.81 16.0 -1.0 1.28377920873 60.71969937990253 0.011023112262722885 0.022118687192541075 1.3534148496053715 1.0 -1.0 -1.0 -1.0 -1.0 
116.71 54.81 16.0 -1.0 177.304965 53.766938903617195 0.026214516631602274 0.04147253848601452 0.4752396082359803 1.0 -1.0 -1.0 -1.0 -1.0 
116.71 54.81 16.0 -1.0 4.10854528747 161.3008167108516 0.5616618776607636 0.026265941041142528 34.25680199977582 16.0 34.3031071039146 16.0 4.108551365789026 161.20830743966792 
116.71 54.81 16.0 -1.0 0.53390443254 0.0 1.1161042720880974 0.031795612839277794 26.78270933469633 32.0 -1.0 -1.0 -1.0 -1.0 
116.71 54.81 16.0 -1.0 180.500854 107.53387780723439 3.0750259483062834 0.024883523091608704 94.21174546740464 1.0 94.21174784087225 1.0 180.50098636498055 107.57340289288572 
117.06 62.28 16.0 -1.0 3.759398 42.56997639458202 0.1765731612749341 0.024883523091608708 5.930473730589727 16.0 -1.0 -1.0 -1.0 -1.0 
117.06 62.28 16.0 -1.0 2.95893 28.951992081966104 0.13237689227237975 0.017971433343939622 6.042835431618556 8.0 6.127858881004121 8.0 2.9588894297679267 28.63901506931953 
117.06 62.28 16.0 -1.0 244.498778 69.09749496886853 0.027780776110354018 0.0967692564673672 1.4138989743719503 2.0 -1.0 -1.0 -1.0 -1.0 
117.06 62.28 16.0 -1.0 11.155241880841846 78.79538899958692 0.15528128342560743 0.05114946413275123 1.917592958928342 16.0 -1.0 -1.0 -1.0 -1.0 
117.06 62.28 16.0 -1.0 3.8493830394852 41.62537632665491 0.06238490354560311 0.030413194889743984 2.682120067814782 8.0 -1.0 -1.0 -1.0 -1.0 
117.06 62.28 16.0 -1.0 0.455919 52.472533773351294 0.5671205278121756 0.03732528463741307 14.447622222604473 8.0 14.549239032959282 8.0 0.45596001048882806 53.7361024798893 
117.06 62.28 16.0 -1.0 0.039503780135666425 157.41760132005388 0.14302618068135345 0.031795612839277794 2.799272503812559 2.0 -1.0 -1.0 -1.0 -1.0 
117.06 62.28 16.0 -1.0 192.69655460348307 51.07137700592607 2.4925258091868248 0.006912089747669086 133.30954895325274 1.0 133.30955080125798 1.0 192.69646145403388 51.104956219103755 
117.06 62.28 16.0 -1.0 0.003364269329216067 0.0 1.6604355466804537 0.031795612839277794 18.579374673977153 4.0 6.480288439591632 8.0 0.015522042910257976 5.464688387785352 
117.06 62.28 16.0 -1.0 181.488203 104.94506754670259 1.602951905293889 0.011059343596270537 56.78758735369256 1.0 56.78758680772097 1.0 181.4885763451457 104.9422566321002 
117.18 22.85 16.0 -1.0 0.98597987402 183.82014555153054 0.48380289952679695 0.029030776940210157 20.090197618557355 16.0 20.381391349705133 32.0 0.9859832061920316 183.77544652255924 
117.18 22.85 16.0 -1.0 122.285985983522 34.47340696640966 0.03066540217911458 0.04423737438508215 1.0510544611564485 2.0 -1.0 -1.0 -1.0 -1.0 
117.18 22.85 16.0 -1.0 0.002095673054517679 75.76848744900497 0.41158680766598854 0.029030776940210157 6.6594468195685526 2.0 -1.0 -1.0 -1.0 -1.0 
117.18 22.85 16.0 -1.0 2.151927137 152.08453397623217 0.016018448970356192 0.012441761545804354 2.1440099237726633 32.0 -1.0 -1.0 -1.0 -1.0 
117.18 22.85 16.0 -1.0 0.1191736661 228.12680096434826 0.07787340040212334 0.022118687192541075 0.9111649050941231 8.0 -1.0 -1.0 -1.0 -1.0 
117.18 22.85 16.0 -1.0 0.664187 68.94681393281932 2.499423126852955 0.011059343596270537 262.0180593818049 32.0 262.39565543526925 32.0 0.6641736642147105 68.91579244595971 
117.18 22.85 16.0 -1.0 2.0185616445690817 13.620532070778669 2.7627662016257446 0.017971433343939622 349.76056264627255 32.0 349.9961366622018 32.0 2.018562857604896 13.661720969463381 
117.18 22.85 16.0 -1.0 1.55245717093 148.32006531345417 5.907138284790159 0.03456044873834543 344.1591351835106 32.0 344.4672681145702 32.0 1.5524468229462705 148.35616993506162 
117.18 22.85 16.0 -1.0 2.0684282391 0.0 1.946385779317472 0.02350110514207489 152.60800924132357 32.0 -1.0 -1.0 -1.0 -1.0 
117.18 22.85 16.0 -1.0 0.01612345029807225 76.04226698811608 1.706959520944685 0.1769494975403286 0.33765733975787204 1.0 -1.0 -1.0 -1.0 -1.0 
117.25 46.66 16.0 -1.0 0.5972490425223961 75.97394411918462 0.14541736191099391 0.02350110514207489 5.4965841312694375 16.0 -1.0 -1.0 -1.0 -1.0 
117.25 46.66 16.0 -1.0 0.817 24.364870820137444 0.014067431901849526 0.0483846282336836 1.0477467453944211 16.0 -1.0 -1.0 -1.0 -1.0 
117.25 46.66 16.0 -1.0 0.18165346965506704 65.78683503405459 0.6457746728886904 0.04700221028414978 7.630041152886706 16.0 -1.0 -1.0 -1.0 -1.0 
117.25 46.66 16.0 -1.0 10.964912 112.24342010161452 0.6538551491077016 0.060826389779487955 12.754056161072704 4.0 12.853520239410692 4.0 10.964868124574423 112.22850781581398 
117.25 46.66 16.0 -1.0 0.36026132922053916 67.50433111121701 9.07811749939735 0.02073626924300726 949.8807993430568 32.0 950.5312580623398 32.0 0.3602508513722569 67.60021931556696 
117.25 46.66 16.0 -1.0 0.002637020132031692 41.08520027721863 3.32010726674951 0.006912089747669087 187.28377983960945 32.0 -1.0 -1.0 -1.0 -1.0 
117.25 46.66 16.0 -1.0 214.35478534113 136.20417419771374 8.513203390023175 0.04009012053648069 196.48184260870127 2.0 196.48184812954054 2.0 214.3545619522532 136.21241796220525 
117.25 46.66 16.0 -1.0 0.002999133503048567 0.0 1.376936433330689 0.05529671798135268 18.18015270147887 2.0 -1.0 -1.0 -1.0 -1.0 
117.25 46.66 16.0 -1.0 0.1497683923753354 56.12171005080726 5.422173590099175 0.038707702586946884 166.3551730657723 32.0 167.86130067980574 32.0 0.1497634608919422 57.78401980417475 
117.25 46.66 16.0 -1.0 0.692207699133 168.36513015242178 6.093663775073114 0.017971433343939622 770.5327873501301 32.0 770.5576466893972 32.0 0.6922164175193757 168.29216275716743 
117.25 62.67 16.0 -1.0 1.285070462943 104.83368455771108 0.13002037106569442 0.006912089747669086 12.644997318909391 16.0 12.870861047899927 16.0 1.2850553806250296 105.14465249831446 
117.25 62.67 16.0 -1.0 2.26968010518 46.817859725323856 0.17952519723707433 0.06635606157762322 2.258512872741493 4.0 -1.0 -1.0 -1.0 -1.0 
117.25 62.67 16.0 -1.0 0.006086235312417038 105.96447486305269 0.466086846352453 0.16036048214592277 1.5166281033357047 1.0 -1.0 -1.0 -1.0 -1.0 
117.25 62.67 16.0 -1.0 1.98837251247 49.4563704377876 0.022800049694443363 0.027648358990676344 0.6344118848991859 4.0 -1.0 -1.0 -1.0 -1.0 
117.25 62.67 16.0 -1.0 2.262144835535 59.0523826122837 0.01042321749878541 0.03456044873834543 2.0242281600206242 16.0 -1.0 -1.0 -1.0 -1.0 
117.25 62.67 16.0 -1.0 366.300366 52.346167884771695 0.010969934144688583 0.038707702586946884 0.985503833666383 1.0 -1.0 -1.0 -1.0 -1.0 
117.25 62.67 16.0 -1.0 0.951746 104.69233576954339 0.12252051704249856 0.09400442056829957 -0.07264788545690669 4.0 -1.0 -1.0 -1.0 -1.0 
117.25 62.67 16.0 -1.0 2.8604856126 14.73168481125588 9.122124801314108 0.016589015394405805 1240.700467108534 32.0 1240.7299688533585 32.0 2.860482103036096 14.77489823364188 
117.25 62.67 16.0 -1.0 1.8918226336 0.0 1.277057997197608 0.011059343596270537 127.47040706204332 32.0 -1.0 -1.0 -1.0 -1.0 
117.25 62.67 16.0 -1.0 0.9217 157.0385036543151 6.838856615578881 0.06497364362808941 197.16130275228784 8.0 201.8108404241049 16.0 0.9216819307766856 156.85679631606104 
117.27 54.81 16.0 -1.0 1.795203 12.183235501484731 0.06457746728886901 0.02073626924300726 1.8501662751215349 32.0 -1.0 -1.0 -1.0 -1.0 
117.27 54.81 16.0 -1.0 1.79521547256 79.78416196169671 0.08842898893257327 0.016589015394405805 3.1255521676004268 8.0 -1.0 -1.0 -1.0 -1.0 
117.27 54.81 16.0 -1.0 0.71749953039 44.42071786133446 0.327228773946668 0.058061553880420315 2.5323464280215036 8.0 -1.0 -1.0 -1.0 -1.0 
117.27 54.81 16.0 -1.0 0.09768118608933944 0.0 0.28896555974316807 0.019353851293473442 2.035133048530353 32.0 -1.0 -1.0 -1.0 -1.0 
117.27 54.81 16.0 -1.0 77.57215960572148 53.42989990322186 0.46480064994786663 0.02350110514207489 12.0566252177076 2.0 12.056625627430575 2.0 77.57237957169613 53.43250868056789 
117.27 54.81 16.0 -1.0 1.529286 106.85979980644372 0.38331724300061704 0.008294507697202903 79.64994472282882 32.0 79.70636447035037 32.0 1.5292850245411198 106.86501736113578 
117.27 54.81 16.0 -1.0 1.321179569839 160.28969970966557 0.06081047529021898 0.07879782312342758 1.1303153380499824 2.0 -1.0 -1.0 -1.0 -1.0 
117.27 54.81 16.0 -1.0 4.42245725179 49.5825623764372 1.0894410122863871 0.017971433343939622 121.08401168111874 32.0 121.10799255503282 32.0 4.422448303860923 49.58698722249672 
117.27 54.81 16.0 -1.0 0.4500881198 74.02918624454801 1.399956726105786 0.011059343596270537 212.35783152624387 32.0 212.4495401800672 32.0 0.4500786114173631 74.07688703442366 
117.27 54.81 16.0 -1.0 1.02486651379 51.02531394898145 6.924430145429816 0.0884747487701643 116.49719373569945 16.0 116.617397423892 16.0 1.0248792629378538 50.80136241978235 
117.32 31.24 16.0 -1.0 165.0902463911 41.33936863216199 0.7983442818922892 0.006912089747669086 64.57438753891671 1.0 64.57438765249748 1.0 165.09050813814005 41.38995464081869 
117.32 31.24 16.0 -1.0 1.761695 106.86535294164861 0.5340387334924582 0.02073626924300726 48.25570747675216 32.0 48.321237982581444 32.0 1.7616912373341622 106.86501736113578 
117.32 31.24 16.0 -1.0 0.004194585735668682 106.74195184125409 0.04113025633330323 0.07050331542622468 2.818950370989762 1.0 -1.0 -1.0 -1.0 -1.0 
117.32 31.24 16.0 -1.0 45.31035647788719 86.36020342609363 0.0651150484646702 0.03456044873834543 -inf 1.0 -1.0 -1.0 -1.0 -1.0 
117.32 31.24 16.0 -1.0 2.63060738985 65.83448706047291 0.07162844260825414 0.035942866687879244 1.960394274376979 1.0 -1.0 -1.0 -1.0 -1.0 
117.32 31.24 16.0 -1.0 0.814839594757 114.41338691577968 0.055318995751934955 0.08156265902249521 1.2654862280203598 2.0 -1.0 -1.0 -1.0 -1.0 
117.32 31.24 16.0 -1.0 2.93942447332 0.0 0.021160822937161258 0.02073626924300726 0.6278721444991014 1.0 -1.0 -1.0 -1.0 -1.0 
117.32 31.24 16.0 -1.0 3.2070528011 68.5493112691522 0.051377276315215596 0.016589015394405805 1.3141189898209624 8.0 -1.0 -1.0 -1.0 -1.0 
117.32 31.24 16.0 -1.0 0.03932265718704997 137.0986225383044 0.029116985798791756 0.012441761545804352 1.3926754618621975 2.0 -1.0 -1.0 -1.0 -1.0 
117.32 31.24 16.0 -1.0 4.6015632504 205.64793380745658 0.025998093070441555 0.013824179495338172 1.9350046010149327 2.0 -1.0 -1.0 -1.0 -1.0 
117.63 23.29 16.0 -1.0 0.00721428470441448 16.676919382726403 0.02704227371659052 0.026265941041142528 -0.567813037719066 16.0 -1.0 -1.0 -1.0 -1.0 
117.63 23.29 16.0 -1.0 2.046583232974001 23.146220995622958 0.3001564876785341 0.02073626924300726 20.493835730152426 32.0 21.228300363405573 32.0 2.0465752944195024 23.17432668153418 
117.63 23.29 16.0 -1.0 0.904609 80.69838171104522 0.12328467394420665 0.013824179495338172 4.162620158958379 32.0 -1.0 -1.0 -1.0 -1.0 
117.63 23.29 16.0 -1.0 24.931229553315088 9.536063969183152 0.8625684705825069 0.013824179495338172 83.78472703606876 16.0 84.12870487852669 16.0 24.931250663939867 9.5126057120708 
117.63 23.29 16.0 -1.0 288.761036 101.69563054459873 0.6693951605393668 0.009676925646736721 22.422271255071056 1.0 22.422271597995895 1.0 288.7614148979386 101.70392277267185 
117.63 23.29 16.0 -1.0 17.26282301 0.0 0.05718415757714968 0.035942866687879244 -0.32215750278624955 16.0 -1.0 -1.0 -1.0 -1.0 
117.63 23.29 16.0 -1.0 0.824140577283 74.60962725184847 0.3542867704535789 0.022118687192541075 14.238106656169302 32.0 14.358289398266336 32.0 0.8241537822565685 74.58287669995934 
117.63 23.29 16.0 -1.0 0.42598712937 223.8288817555454 0.025926349673057604 0.013824179495338174 1.5487664961062215 1.0 -1.0 -1.0 -1.0 -1.0 
117.63 23.29 16.0 -1.0 4.767122395208868 54.66447937264145 1.775517399043698 0.03732528463741306 99.58352845897498 32.0 99.58353039330221 32.0 4.767116479342803 54.646883877853526 
117.63 23.29 16.0 -1.0 3.027293151199 149.21925450369693 1.9223319441151956 0.016589015394405805 264.9971901947625 32.0 265.6736208462337 32.0 3.02731374783131 149.16575339991869 
117.72 46.66 16.0 -1.0 3.797242 65.34383031063646 0.405939064075385 0.006912089747669086 80.31031634829675 32.0 80.4510619522882 32.0 3.797231329372153 65.37386478720995 
117.72 46.66 16.0 -1.0 1.50641057305 64.01130254493397 0.7701736550890854 0.04700221028414978 29.238903163603666 16.0 -1.0 -1.0 -1.0 -1.0 
117.72 46.66 16.0 -1.0 3.3625291588 44.28989161253693 0.8361654702174115 0.008294507697202903 168.2277084464109 32.0 168.5589017750382 32.0 3.3625231784147522 44.32469470092563 
117.72 46.66 16.0 -1.0 2.0310993539 0.0 0.028147831624915385 0.07326815132529231 0.48382534442009656 1.0 -1.0 -1.0 -1.0 -1.0 
117.72 46.66 16.0 -1.0 0.6960691594487 55.51643803858051 0.3806782426707758 0.017971433343939622 37.059053615248025 32.0 -1.0 -1.0 -1.0 -1.0 
117.72 46.66 16.0 -1.0 1.5075398485581 166.54931411574154 0.7108618026212192 0.030413194889743984 42.45179924240355 16.0 -1.0 -1.0 -1.0 -1.0 
117.72 46.66 16.0 -1.0 1.5988 107.35176812440785 4.2311911561111275 0.017971433343939622 447.25772800709086 32.0 447.3171048878868 32.0 1.5988007362466308 107.37100702667146 
117.72 46.66 16.0 -1.0 0.01293182038399719 60.54673035410746 1.039445396474434 0.0483846282336836 2.240448438854544 8.0 -1.0 -1.0 -1.0 -1.0 
117.72 46.66 16.0 -1.0 0.9284176174 59.98040605368389 5.088275960600904 0.019353851293473442 783.5406639935018 32.0 783.7602765990605 32.0 0.9284121915698053 59.9091763994246 
117.72 46.66 16.0 -1.0 1.48817452033 111.03287607716102 1.716419588921308 0.02073626924300726 202.94075948914454 32.0 203.31765901447378 32.0 1.4881758640209835 111.01413261852835 
117.84 54.42 16.0 -1.0 3.666092 53.828484953536645 0.31350872004779445 0.05529671798135269 3.382963331124631 16.0 -1.0 -1.0 -1.0 -1.0 
117.84 54.42 16.0 -1.0 79.01127601779217 78.11033264152798 0.23455085678109414 0.019353851293473442 4.834087131906526 1.0 -1.0 -1.0 -1.0 -1.0 
117.84 54.42 16.0 -1.0 0.506509 86.47018033437125 0.010524518121172163 0.024883523091608708 1.6032415236432735 32.0 -1.0 -1.0 -1.0 -1.0 
117.84 54.42 16.0 -1.0 2.34798414425 4.483048094826259 0.08519086722719439 0.06082638977948796 0.293145901384285 1.0 -1.0 -1.0 -1.0 -1.0 
117.84 54.42 16.0 -1.0 0.42457829519 55.91844687674746 0.03793655635542592 0.012441761545804354 1.7350837757879878 32.0 -1.0 -1.0 -1.0 -1.0 
117.84 54.42 16.0 -1.0 2.522132 0.0 0.03254252484768916 0.009676925646736721 2.6399968394407614 16.0 -1.0 -1.0 -1.0 -1.0 
117.84 54.42 16.0 -1.0 308.641975 53.17437473329509 0.8495577759102746 0.026265941041142528 16.413251828394554 1.0 -1.0 -1.0 -1.0 -1.0 
117.84 54.42 16.0 -1.0 1.88814 106.34874946659018 0.19436983360922583 0.02073626924300726 12.734069038930986 32.0 14.125826624963722 32.0 1.8881413173706583 106.56142356181435 
117.84 54.42 16.0 -1.0 6.940918295 159.52312419988527 0.10744918366085444 0.016589015394405805 2.418704900097209 4.0 -1.0 -1.0 -1.0 -1.0 
117.84 54.42 16.0 -1.0 0.873469 61.74162322767837 1.8596317084298621 0.016589015394405805 227.02706871562842 32.0 227.08015324319783 32.0 0.8734787115827204 61.73073919535305 
117.87 22.85 16.0 -1.0 1.088837931564 28.79806734285683 0.033040902788145476 0.04423737438508215 1.133999159086434 1.0 -1.0 -1.0 -1.0 -1.0 
117.87 22.85 16.0 -1.0 2.2830307699481 32.03255205603595 0.6693951605393668 0.017971433343939622 84.11163050497451 32.0 85.03227872641698 32.0 2.2830439168804637 32.07974479496216 
117.87 22.85 16.0 -1.0 163.132137 0.0 0.09059322277297505 0.016589015394405805 0.8831453896882978 2.0 -1.0 -1.0 -1.0 -1.0 
117.87 22.85 16.0 -1.0 38.05021743513261 223.04560446260683 0.6768353736781106 0.026265941041142524 21.139241176056963 2.0 21.13924131849837 2.0 38.050347939133644 223.04024456812806 
117.87 22.85 16.0 -1.0 5.18975875 68.70491666614953 2.619641272823381 0.011059343596270537 410.7263068223448 32.0 410.9523801793969 32.0 5.189758667256683 68.71339657974546 
117.87 22.85 16.0 -1.0 31.563820566264 50.39104115221811 2.668963498312709 0.038707702586946884 117.91381731159115 8.0 117.9138161771368 8.0 31.563831726089123 50.3965706873538 
117.87 22.85 16.0 -1.0 4.8391348483 84.31967045391077 6.0266782730654365 0.020736269243007255 633.5476061905629 32.0 633.6517691858371 32.0 4.839148459723219 84.29787827824441 
117.87 22.85 16.0 -1.0 3.468609 60.25064282963307 2.58726720796165 0.07741540517389377 73.40319631072715 8.0 73.54883558151921 8.0 3.4685702606414757 60.313968131853144 
117.87 22.85 16.0 -1.0 0.001688577540147115 74.34853482086895 1.0782097887114424 0.016589015394405805 9.923349334664495 2.0 -1.0 -1.0 -1.0 -1.0 
117.87 22.85 16.0 -1.0 3.100775 148.6970696417379 4.313834568975224 0.008294507697202903 916.4745751225719 32.0 916.9455764424374 32.0 3.1007706032445035 148.76096166749014 
118.01 47.05 16.0 -1.0 0.004252814799581741 60.622839363794405 0.023847219204614304 0.012441761545804354 1.0049535714821438 1.0 -1.0 -1.0 -1.0 -1.0 
118.01 47.05 16.0 -1.0 2.79480454257 77.81414481687693 0.13421862373170176 0.022118687192541075 4.5259561493759914 8.0 -1.0 -1.0 -1.0 -1.0 
118.01 47.05 16.0 -1.0 0.013791161375355222 18.427497120370347 0.13970582730290237 0.011059343596270537 0.6361597025838309 4.0 -1.0 -1.0 -1.0 -1.0 
118.01 47.05 16.0 -1.0 0.002224686951612138 125.25093972960133 0.13338669479535428 0.024883523091608708 2.4797256951088738 2.0 -1.0 -1.0 -1.0 -1.0 
118.01 47.05 16.0 -1.0 0.9157242302983228 0.0 0.010444842371142099 0.011059343596270537 1.0839008940075527 2.0 -1.0 -1.0 -1.0 -1.0 
118.01 47.05 16.0 -1.0 357.99117399581 54.93635769427046 0.29542486429438003 0.04147253848601452 1.7848948460790128 1.0 -1.0 -1.0 -1.0 -1.0 
118.01 47.05 16.0 -1.0 1.1005167036283978 164.80907308281138 0.02608805156199015 0.009676925646736721 0.9600569500127483 4.0 -1.0 -1.0 -1.0 -1.0 
118.01 47.05 16.0 -1.0 1.450907946316 103.21376294075056 7.187629104204333 0.04700221028414978 365.7825971022088 32.0 366.3243800724616 32.0 1.4509168977383524 103.22189176927888 
118.01 47.05 16.0 -1.0 0.8508087207916684 100.31283316151516 1.61517960493532 0.027648358990676344 121.84661673371365 32.0 122.14386625192138 32.0 0.8508019770185153 100.38834964227907 
118.01 47.05 16.0 -1.0 0.002450082296615483 109.87271538854093 1.1379039645988795 0.024883523091608708 29.931763609741594 4.0 -1.0 -1.0 -1.0 -1.0 
118.07 31.24 16.0 -1.0 0.43800223922 86.40032430595387 0.02082724679022603 0.011059343596270537 1.18319998375242 16.0 -1.0 -1.0 -1.0 -1.0 
118.07 31.24 16.0 -1.0 308.641975 42.013565520283436 0.44316418653910367 0.06497364362808941 4.613809776814698 1.0 -1.0 -1.0 -1.0 -1.0 
118.07 31.24 16.0 -1.0 0.07586509688910567 71.39691603494792 0.041558691605743284 0.05114946413275124 2.184039459080317 1.0 -1.0 -1.0 -1.0 -1.0 
118.07 31.24 16.0 -1.0 1.371498 106.27078995173656 0.4536967586757924 0.015206597444871992 38.42242665987058 32.0 38.422423884212215 32.0 1.3714876937835168 106.25782976249296 
118.07 31.24 16.0 -1.0 3.2635921412 67.03265384351589 0.47159300720092434 0.027648358990676344 29.33776169977511 16.0 29.38582628006487 16.0 3.2635701548618576 66.99303171692412 
118.07 31.24 16.0 -1.0 471.90567042843 36.221365008152446 1.3721883928644865 0.12165277955897591 7.441291289776765 1.0 -1.0 -1.0 -1.0 -1.0 
118.07 31.24 16.0 -1.0 1.2061 20.83583239780452 2.8401765316560112 0.022118687192541075 340.4463827229755 32.0 340.50259444540933 32.0 1.2061112405111394 20.84677422007005 
118.07 31.24 16.0 -1.0 1.724 0.0 2.851973688702285 0.009676925646736721 444.7115512337854 32.0 -1.0 -1.0 -1.0 -1.0 
118.07 31.24 16.0 -1.0 2.683706020472 134.06530768703178 1.1877019533873836 0.06497364362808941 30.944702343412217 8.0 30.97037439877229 8.0 2.6837369659915566 133.98606343384824 
118.07 31.24 16.0 -1.0 4.21970648822 201.09796153054768 3.0140323878155 0.04700221028414978 126.45354665865693 16.0 126.90973167528368 16.0 4.219691618345678 201.08029308387952 
118.18 31.65 16.0 -1.0 0.674691 15.626145453417797 0.29603777724396596 0.006912089747669086 44.49978011210275 32.0 45.23065330131529 32.0 0.6746934862652173 15.685679631606105 
118.18 31.65 16.0 -1.0 40.023118465474234 152.25526163094204 0.08218479555845246 0.006912089747669085 3.588560508894226 2.0 -1.0 -1.0 -1.0 -1.0 
118.18 31.65 16.0 -1.0 1.10742 194.09107707319197 0.13627413729677892 0.03317803078881161 2.4599633864118484 1.0 -1.0 -1.0 -1.0 -1.0 
118.18 31.65 16.0 -1.0 0.20005778781510664 40.0619290323594 0.05814019012713383 0.045619792334615966 6.310430032451911 16.0 -1.0 -1.0 -1.0 -1.0 
118.18 31.65 16.0 -1.0 0.40042483786757027 1.2158097865541908 0.048213461935858105 0.029030776940210157 2.8968579350042196 8.0 -1.0 -1.0 -1.0 -1.0 
118.18 31.65 16.0 -1.0 0.020195383324503626 132.86209897000387 0.28936509629749424 0.016589015394405805 0.2936735878126157 2.0 -1.0 -1.0 -1.0 -1.0 
118.18 31.65 16.0 -1.0 4.01091 106.77201682902951 7.517745316634099 0.009676925646736721 1322.8158612904067 32.0 1322.8383892946113 32.0 4.010901951308673 106.76381942802864 
118.18 31.65 16.0 -1.0 2.424823923104 0.0 2.0343742169503294 0.03456044873834543 138.46212445619767 16.0 -1.0 -1.0 -1.0 -1.0 
118.18 31.65 16.0 -1.0 0.678187 66.43104948500194 6.047531759704807 0.02073626924300726 684.057706454764 32.0 684.6067100123348 32.0 0.6781798826220136 66.48704205138844 
118.18 31.65 16.0 -1.0 192.69655460348307 199.29314845500582 5.1840772815238205 0.12165277955897592 55.6629189059874 1.0 55.66291940183113 1.0 192.69646145403388 199.25873028795107 
118.18 46.66 16.0 -1.0 0.786876829081 17.661194639972024 0.01764512187842863 0.02350110514207489 0.47935968998630357 1.0 -1.0 -1.0 -1.0 -1.0 
118.18 46.66 16.0 -1.0 169.70988635881 63.824130629898896 0.11324144449515311 0.019353851293473442 1.2476029824395298 1.0 -1.0 -1.0 -1.0 -1.0 
118.18 46.66 16.0 -1.0 0.001360562470821819 40.050712844936555 0.057620371976840855 0.02073626924300726 2.383040523332775 2.0 -1.0 -1.0 -1.0 -1.0 
118.18 46.66 16.0 -1.0 143.5961701962213 54.91115833491301 0.1636520282339131 0.09400442056829957 2.0040439975989615 1.0 -1.0 -1.0 -1.0 -1.0 
118.18 46.66 16.0 -1.0 0.52816361159 164.73347500473903 0.3370953604869895 0.012441761545804354 35.5157153968488 32.0 35.7972522079603 32.0 0.5281738898095986 164.64903716531052 
118.18 46.66 16.0 -1.0 0.1257708024780806 147.1546553397669 5.505212374559757 0.09815167441690101 33.51082653728024 8.0 33.965000021957295 8.0 0.1257528007651369 150.0765347978829 
118.18 46.66 16.0 -1.0 0.644521 110.62959142482475 4.949592636869072 0.035942866687879244 278.0926154699471 32.0 278.202287466421 32.0 0.6445285786564152 110.50814295299269 
118.18 46.66 16.0 -1.0 0.004118185284008098 9.522547109984915 3.7132738203638316 0.03456044873834543 61.956441916866865 4.0 -1.0 -1.0 -1.0 -1.0 
118.18 46.66 16.0 -1.0 0.004156209962109836 0.0 1.8052013621983343 0.031795612839277794 29.660767808256594 4.0 -1.0 -1.0 -1.0 -1.0 
118.18 46.66 16.0 -1.0 334.4796868162984 109.82231666982602 3.946023033491918 0.027648358990676344 59.601564113947546 1.0 60.47096016245661 1.0 334.4796520347397 109.79975742124273 
118.33 23.29 16.0 -1.0 16.94714864288922 90.6910826805918 0.012474110904895277 0.01520659744487199 0.9876744894765377 4.0 -1.0 -1.0 -1.0 -1.0 
118.33 23.29 16.0 -1.0 3.31720316669 96.20874391562539 0.01755999760938223 0.019353851293473442 0.8435354921409154 32.0 -1.0 -1.0 -1.0 -1.0 
118.33 23.29 16.0 -1.0 0.702301840425 14.451017520326072 0.02808955470273914 0.09538683851783337 1.1454440232555947 1.0 -1.0 -1.0 -1.0 -1.0 
118.33 23.29 16.0 -1.0 11.25824222016926 72.97763847764666 0.07338149555276155 0.04147253848601452 1.2538732544010234 32.0 -1.0 -1.0 -1.0 -1.0 
118.33 23.29 16.0 -1.0 26.833447325101595 145.95527695529333 0.03830525217996019 0.03732528463741307 2.0399898172981903 8.0 -1.0 -1.0 -1.0 -1.0 
118.33 23.29 16.0 -1.0 0.053255632400813185 37.74780940157901 3.2162569306596067 0.019353851293473442 135.5236941045541 32.0 141.16768528761392 32.0 0.0532660730338345 45.640267831318404 
118.33 23.29 16.0 -1.0 26.95704408708913 55.02334398269609 7.2124997079933495 0.008294507697202903 879.1456011007936 16.0 879.153967450423 16.0 26.957059162668887 55.05167561028207 
118.33 23.29 16.0 -1.0 2.3427772328 100.80679494482006 3.7261224747125095 0.04285495643554833 119.20472726101909 16.0 124.23505990273684 32.0 2.342767402296886 100.7931413747076 
118.33 23.29 16.0 -1.0 0.01719488041013931 0.0 1.2117369210379667 0.03041319488974398 1.8970792369218084 16.0 -1.0 -1.0 -1.0 -1.0 
118.33 23.29 16.0 -1.0 3.2108324764111544 218.93291543294 9.965517359035104 0.056679135930886505 355.37036545952526 8.0 388.1883067477098 16.0 3.210819462159028 218.89112931073547 
118.48 47.05 16.0 -1.0 19.979243 27.142321246012933 0.5310953723506969 0.02350110514207489 29.260114654473416 16.0 30.282016003568106 16.0 19.979233911726624 27.12104607271249 
118.48 47.05 16.0 -1.0 0.81714203597 70.64193542836479 0.010344308644015945 0.045619792334615966 1.6701775819670415 16.0 -1.0 -1.0 -1.0 -1.0 
118.48 47.05 16.0 -1.0 0.009288855028333608 50.297450207843355 0.17841244401227932 0.02073626924300726 0.14341110063868745 16.0 -1.0 -1.0 -1.0 -1.0 
118.48 47.05 16.0 -1.0 0.0011908041407419432 84.18858462339472 0.03801526268472719 0.012441761545804352 7.4353514425639995 4.0 -1.0 -1.0 -1.0 -1.0 
118.48 47.05 16.0 -1.0 0.64188261702 0.0 0.03632085100703891 0.019353851293473442 1.309560683138825 2.0 -1.0 -1.0 -1.0 -1.0 
118.48 47.05 16.0 -1.0 31.661042452687738 54.46439296385376 0.029829602405143464 0.026265941041142528 1.125069760853369 4.0 -1.0 -1.0 -1.0 -1.0 
118.48 47.05 16.0 -1.0 0.8055282493188 163.3931788915613 0.03143762614089718 0.03041319488974398 1.5211266373314916 8.0 -1.0 -1.0 -1.0 -1.0 
118.48 47.05 16.0 -1.0 0.0037738593857189304 121.36425038780136 7.084105633896749 0.13962421290291552 98.96191964936278 2.0 -1.0 -1.0 -1.0 -1.0 
118.48 47.05 16.0 -1.0 2.257058359945 150.3040763520933 4.990795984432435 0.008294507697202903 1693.004780004726 32.0 1693.2407890750574 32.0 2.257062684899817 150.27893066409717 
118.48 47.05 16.0 -1.0 10.0340320774 108.92878592770752 2.9036635617833264 0.019353851293473442 240.75411219426937 16.0 240.7938555451651 16.0 10.03403061379989 108.88897602327849 
118.64 62.68 16.0 -1.0 195.37156012272126 39.3083285649542 0.9835564254624282 0.024883523091608708 17.800864992989197 1.0 17.800864797721843 1.0 195.3711034730077 39.264798045568824 
118.64 62.68 16.0 -1.0 6.4 51.68231128480961 0.17755173990436982 0.015206597444871989 11.515749741727152 16.0 11.627618676885774 16.0 6.39999295041586 51.71214381774657 
118.64 62.68 16.0 -1.0 400.5813533944 155.04693385442883 0.13788402464999405 0.019353851293473442 1.3445219621563305 1.0 -1.0 -1.0 -1.0 -1.0 
118.64 62.68 16.0 -1.0 388.6284256881 94.85169460821494 1.6975515922507276 0.015206597444871989 49.01941157018875 1.0 49.01941169277226 1.0 388.62829872717464 94.82246332138658 
118.64 62.68 16.0 -1.0 2.936603821673 62.35060716358219 1.0977515282983135 0.04147253848601452 60.19991911928027 16.0 61.11399116220331 16.0 2.9365764930844307 62.43912472710301 
118.64 62.68 16.0 -1.0 3.5877084054849 121.89458416138264 2.54824173366448 0.027648358990676344 171.346232832902 32.0 171.78976702774338 32.0 3.5877140665737293 121.84231146099192 
118.64 62.68 16.0 -1.0 3.5361396812042587 35.183667658335736 2.448154848162346 0.038707702586946884 146.72559283643318 16.0 146.7255851269654 16.0 3.5361154004931454 35.21688072128338 
118.64 62.68 16.0 -1.0 0.015684951974526726 126.03475131201095 8.027687518828076 0.04423737438508215 37.07668863632091 16.0 -1.0 -1.0 -1.0 -1.0 
118.64 62.68 16.0 -1.0 13.222803053771695 0.0 5.939875985383376 0.012441761545804354 750.5543784398712 32.0 -1.0 -1.0 -1.0 -1.0 
118.64 62.68 16.0 -1.0 0.5141 103.36462256961921 2.614217599958617 0.0884747487701643 39.29511908545545 8.0 39.83348420852234 8.0 0.5141676714022955 103.72788143481456 
118.65 46.66 16.0 -1.0 0.7689965116578887 70.82677871333753 0.6749676032594978 0.03456044873834543 25.0699327029969 16.0 25.152600599500897 16.0 0.76900808683907 70.73735524188817 
118.65 46.66 16.0 -1.0 0.0030829791543015525 104.12532651054649 0.36953601033657074 0.009676925646736721 9.638776428894593 1.0 -1.0 -1.0 -1.0 -1.0 
118.65 46.66 16.0 -1.0 0.3095681718924234 98.21356863777079 0.5826081259236008 0.03456044873834543 17.97044684995002 16.0 -1.0 -1.0 -1.0 -1.0 
118.65 46.66 16.0 -1.0 0.13474628696785776 62.579713172586914 0.7089001340999033 0.05391430003181887 2.641764070092468 8.0 -1.0 -1.0 -1.0 -1.0 
118.65 46.66 16.0 -1.0 5.059597294 74.76250702090367 0.634278846953517 0.038707702586946884 24.32497842345987 8.0 -1.0 -1.0 -1.0 -1.0 
118.65 46.66 16.0 -1.0 1.116957930831 0.0 0.2779997494079773 0.022118687192541075 10.23624268997878 32.0 -1.0 -1.0 -1.0 -1.0 
118.65 46.66 16.0 -1.0 2.2837880647 108.86126513790823 0.213960218781229 0.037325284637413074 5.598778713538427 8.0 -1.0 -1.0 -1.0 -1.0 
118.65 46.66 16.0 -1.0 0.8949230916158317 163.29189770686236 0.13357112113487682 0.016589015394405805 5.597145062796565 16.0 6.435514491580523 32.0 0.8949124700545024 163.13106816870348 
118.65 46.66 16.0 -1.0 6.108913257 82.40533211609436 1.9981590898062889 0.008294507697202903 637.1646303026835 32.0 637.2117612109558 32.0 6.108894012868405 82.37511754920882 
118.65 46.66 16.0 -1.0 0.890994259795 54.43063256895412 1.0 0.05529671798135269 25.3840899468137 16.0 26.606770013647846 16.0 0.8910016428368788 55.05167561028207 
118.68 23.29 16.0 -1.0 0.003671224342763383 94.6710158730904 0.08361654702174111 0.04009012053648069 7.103500356400822 1.0 -1.0 -1.0 -1.0 -1.0 
118.68 23.29 16.0 -1.0 2.84188243708 38.691632574219554 0.12268991932440693 0.07188573337575849 1.6633725893842073 4.0 -1.0 -1.0 -1.0 -1.0 
118.68 23.29 16.0 -1.0 1.9764535636 0.671579288802243 0.058705239973426394 0.11474068981130682 0.7940553085684775 2.0 -1.0 -1.0 -1.0 -1.0 
118.68 23.29 16.0 -1.0 8.9666688432 48.93863269046023 0.012388231171088358 0.04423737438508215 2.1248072986687765 1.0 -1.0 -1.0 -1.0 -1.0 
118.68 23.29 16.0 -1.0 1.8077708574 93.15454651127888 0.04009223857512864 0.02350110514207489 1.909710768655529 16.0 -1.0 -1.0 -1.0 -1.0 
118.68 23.29 16.0 -1.0 169.43050162522204 0.0 0.018777050000498473 0.02073626924300726 1.3864391332197359 1.0 -1.0 -1.0 -1.0 -1.0 
118.68 23.29 16.0 -1.0 0.01096000934303431 72.20560547025407 0.11975890895574548 0.019353851293473442 -0.04496286981048536 4.0 -1.0 -1.0 -1.0 -1.0 
118.68 23.29 16.0 -1.0 21.521778197384467 216.6168164107622 0.2929858759245188 0.02211868719254107 8.626319592746732 4.0 8.626319946093027 4.0 21.52179755891363 216.56357684927136 
118.68 23.29 16.0 -1.0 0.6055400287748217 174.7189343287126 1.5431880154818065 0.03041319488974398 89.85719902805748 32.0 90.22014785072021 32.0 0.6055415724404156 174.667632542917 
118.68 23.29 16.0 -1.0 85.43142432803035 144.41121094050814 4.864841630603801 0.022118687192541075 180.18942359785189 2.0 180.1894213774479 2.0 85.43138392269611 144.4094505438833 
118.92 22.86 16.0 -1.0 60.033861 12.333479577678718 0.047453431907218284 0.07879782312342758 0.9516232932564853 8.0 -1.0 -1.0 -1.0 -1.0 
118.92 22.86 16.0 -1.0 135.26875068606108 33.97646825864908 0.6462209569809844 0.013824179495338172 33.2259130465399 2.0 33.22591241960638 2.0 135.2687831968069 34.00250552399774 
118.92 22.86 16.0 -1.0 1.07689483112 43.847571878612605 0.07247463195990193 0.011059343596270537 2.7078501006400786 16.0 -1.0 -1.0 -1.0 -1.0 
118.92 22.86 16.0 -1.0 0.006921991990574545 12.592677046911895 0.0552807921196648 0.012441761545804354 -0.26920353775926376 8.0 -1.0 -1.0 -1.0 -1.0 
118.92 22.86 16.0 -1.0 329.90002840672855 71.99209707951518 0.046964226803740634 0.022118687192541075 1.1288620713036306 1.0 -1.0 -1.0 -1.0 -1.0 
118.92 22.86 16.0 -1.0 217.15243613666988 143.98419415903035 0.27551421719345986 0.015206597444871989 3.7460185924938116 1.0 -1.0 -1.0 -1.0 -1.0 
118.92 22.86 16.0 -1.0 7.175998726134717 27.23733405858645 5.562557681246432 0.017971433343939622 779.7836597933617 32.0 779.8412027859599 32.0 7.176004146458582 27.222244005819622 
118.92 22.86 16.0 -1.0 17.182404832 54.323469593453545 9.842361448831262 0.02350110514207489 421.62184320141455 16.0 422.7529895832249 16.0 17.182416437814634 54.343290078532114 
118.92 22.86 16.0 -1.0 1.659861 0.0 3.859745378426219 0.01520659744487199 495.17813552137216 32.0 -1.0 -1.0 -1.0 -1.0 
118.92 22.86 16.0 -1.0 3.2377022412221 215.9762912385455 2.0414135500008848 0.022118687192541075 218.36113000846325 32.0 218.39726595836365 32.0 3.2377101888414477 215.95638925062858 
118.93 31.65 16.0 -1.0 0.378514 90.83693090242153 0.04584227125534742 0.017971433343939622 1.2810509076292063 8.0 -1.0 -1.0 -1.0 -1.0 
118.93 31.65 16.0 -1.0 0.53304377703 150.28426599107192 0.8891906748226454 0.04009012053648069 39.02168508659306 16.0 39.1518802731904 16.0 0.5330245282190542 150.48132653031143 
118.93 31.65 16.0 -1.0 0.03054034576017715 55.90114859696426 0.1889416191528595 0.03732528463741307 1.3039088578275164 1.0 -1.0 -1.0 -1.0 -1.0 
118.93 31.65 16.0 -1.0 1.065984 0.0 0.014602137769543489 0.04423737438508215 0.7819766778100933 1.0 -1.0 -1.0 -1.0 -1.0 
118.93 31.65 16.0 -1.0 0.012813508674085072 64.94197569664756 0.05256202242708838 0.005529671798135269 0.32884731154360186 8.0 -1.0 -1.0 -1.0 -1.0 
118.93 31.65 16.0 -1.0 0.850363364 129.88395139329512 0.026359798992587627 0.027648358990676344 1.4256843997598043 16.0 -1.0 -1.0 -1.0 -1.0 
118.93 31.65 16.0 -1.0 0.59503515667 9.781239663881513 6.843582835180161 0.16589015394405807 23.584474777577693 4.0 29.438066263878504 8.0 0.5950520668799679 17.709638293748828 
118.93 31.65 16.0 -1.0 3.3925919441569 56.75846840814113 6.07265121306145 0.02073626924300726 557.037800884957 32.0 557.0481046247157 32.0 3.3925971365533774 56.772040473103374 
118.93 31.65 16.0 -1.0 0.054996637114596056 80.06197963922138 5.314624034934808 0.08570991287109667 8.477803704853622 8.0 -1.0 -1.0 -1.0 -1.0 
118.93 31.65 16.0 -1.0 5.21880961058 194.8259270899427 7.059677766783636 0.012441761545804354 1030.45072678416 32.0 1030.5724883403682 32.0 5.218832181223358 194.80602123123708 
118.94 54.42 16.0 -1.0 0.01833750883669998 48.405563747097 0.556255768124643 0.11474068981130683 2.4418139396680103 8.0 -1.0 -1.0 -1.0 -1.0 
118.94 54.42 16.0 -1.0 4.655277 129.11825773997856 0.09166345434091806 0.01520659744487199 1.7640246547492842 16.0 -1.0 -1.0 -1.0 -1.0 
118.94 54.42 16.0 -1.0 79.37520756031773 75.97137453701556 0.04219514914022988 0.024883523091608708 1.0224130624354233 2.0 -1.0 -1.0 -1.0 -1.0 
118.94 54.42 16.0 -1.0 1.30255755938 72.28543183710644 0.8519086722719443 0.04147253848601452 28.100065640335067 16.0 29.73260278894842 16.0 1.3025783118791878 72.2553242384952 
118.94 54.42 16.0 -1.0 0.0012994527848856662 52.5010556358849 0.22117420426236242 0.02350110514207489 8.683006292188034 2.0 -1.0 -1.0 -1.0 -1.0 
118.94 54.42 16.0 -1.0 0.08278700758190688 105.0021112717698 0.12788237140267286 0.03456044873834543 1.93639305859431 2.0 -1.0 -1.0 -1.0 -1.0 
118.94 54.42 16.0 -1.0 1.6266597983 86.91893939358322 1.7865912494267449 0.016589015394405805 185.76118519736286 32.0 185.89883578197168 32.0 1.6266615906109414 86.92902453902995 
118.94 54.42 16.0 -1.0 172.642909924795 98.27605343902967 3.841125047758769 0.06773847952715704 66.87772278805933 1.0 66.87772296335342 2.0 172.64295214166245 98.2631930470292 
118.94 54.42 16.0 -1.0 2.683706020472 0.0 3.981621803925185 0.013824179495338172 583.3733605140397 32.0 7.4728254228356255 2.0 10.733007608602446 6.982657384392396 
118.94 54.42 16.0 -1.0 162.074554 157.5031669076547 1.3922408471454342 0.022118687192541075 42.52592525573099 1.0 42.52592522017512 1.0 162.07438117514056 157.46398391470387 
119.07 30.84 16.0 -1.0 225.01840471114 179.19111960789726 0.011942842660182043 0.012441761545804354 1.5038088851768203 2.0 -1.0 -1.0 -1.0 -1.0 
119.07 30.84 16.0 -1.0 1.32626 68.10635657127743 0.21633835015233413 0.020736269243007255 10.273611409814432 32.0 11.059364267826254 32.0 1.3262554906153432 68.10620898110263 
119.07 30.84 16.0 -1.0 3.18107864855 148.47264196082918 0.6824697531494841 0.01520659744487199 77.7732970733975 16.0 77.7732975263994 16.0 3.1810486689209942 148.45736786816875 
119.07 30.84 16.0 -1.0 26.344701207024826 41.72298975435112 0.30729023168311737 0.030413194889743977 11.000508734856384 4.0 11.00050849425944 4.0 26.344787329435352 41.6935484401401 
119.07 30.84 16.0 -1.0 1.27779447585 0.0 0.01731904148031727 0.07465056927482613 1.5833556712887988 8.0 -1.0 -1.0 -1.0 -1.0 
119.07 30.84 16.0 -1.0 269.93179806134 65.37974840209323 0.09979296123782175 0.02073626924300726 0.5893987625278861 1.0 -1.0 -1.0 -1.0 -1.0 
119.07 30.84 16.0 -1.0 0.02863734641968169 36.79940234093216 2.05983001936993 0.019353851293473442 30.867789396529396 32.0 -1.0 -1.0 -1.0 -1.0 
119.07 30.84 16.0 -1.0 72.40505829965161 122.24620223277677 2.424590861007524 0.016589015394405805 64.16133548050558 1.0 64.16133687458546 1.0 72.405479537944 122.24710319342049 
119.07 30.84 16.0 -1.0 1.55981558171 130.75949680418645 3.4131338135140274 0.026265941041142528 207.02326752129431 16.0 238.76216835420817 32.0 1.5598137300306312 130.7477295744199 
119.07 30.84 16.0 -1.0 0.7310895701613709 196.13924520627967 3.0140323878155 0.02764835899067634 315.6601756149382 32.0 315.7042579069386 32.0 0.7310821577751389 196.12159436162986 
119.19 31.24 16.0 -1.0 1.579516 73.9601985137869 0.17342987552518496 0.03456044873834543 3.004984782265174 2.0 -1.0 -1.0 -1.0 -1.0 
119.19 31.24 16.0 -1.0 0.041935713215245925 69.8988003295038 0.019183519718531414 0.02073626924300726 0.2336565411093251 1.0 -1.0 -1.0 -1.0 -1.0 
119.19 31.24 16.0 -1.0 0.008871645950719527 146.1714695797964 0.025854804256158367 0.07188573337575849 0.8254223157284278 8.0 -1.0 -1.0 -1.0 -1.0 
119.19 31.24 16.0 -1.0 0.2659 86.6690713009694 0.015963213127890254 0.06635606157762322 0.48541868622323964 8.0 -1.0 -1.0 -1.0 -1.0 
119.19 31.24 16.0 -1.0 316.53385579922593 49.20315886413779 0.030015648767853412 0.012441761545804354 1.0457891175342384 1.0 -1.0 -1.0 -1.0 -1.0 
119.19 31.24 16.0 -1.0 3.297066 0.0 0.3518476344085462 0.024883523091608708 13.611114899642581 8.0 -1.0 -1.0 -1.0 -1.0 
119.19 31.24 16.0 -1.0 0.3504635510786993 64.76861314935674 0.1125395386653212 0.01382417949533817 4.9320873784700945 32.0 -1.0 -1.0 -1.0 -1.0 
119.19 31.24 16.0 -1.0 0.03125021007535721 194.30583944807023 0.03429679403524682 0.05114946413275124 2.283842287394146 4.0 -1.0 -1.0 -1.0 -1.0 
119.19 31.24 16.0 -1.0 2.9169367397 36.08620300580722 2.915724423024204 0.011059343596270537 577.2743401486107 32.0 577.5674050802985 32.0 2.9169314075261354 36.1276621192476 
119.19 31.24 16.0 -1.0 0.173547943 129.53722629871348 2.448154848162346 0.04147253848601452 78.88393503348186 16.0 79.59798202321348 16.0 0.1735315890982747 129.63455231024142 
119.26 22.86 16.0 -1.0 382.16235026773455 49.74886513793328 0.05777981907588397 0.012441761545804352 -0.20518618214994386 1.0 -1.0 -1.0 -1.0 -1.0 
119.26 22.86 16.0 -1.0 0.010324417213313827 116.70040915732545 0.6355947745071262 0.012441761545804354 6.88837664641985 32.0 -1.0 -1.0 -1.0 -1.0 
119.26 22.86 16.0 -1.0 0.857118 37.05521140428536 0.02217862375423102 0.03317803078881161 0.7937499289148111 1.0 -1.0 -1.0 -1.0 -1.0 
119.26 22.86 16.0 -1.0 0.617917537 45.77408467588191 0.17475284000076838 0.05529671798135269 1.5819913574774835 16.0 -1.0 -1.0 -1.0 -1.0 
119.26 22.86 16.0 -1.0 317.594454701573 71.22550150546891 0.0811691389761335 0.13132970520571263 0.17442088928963914 1.0 -1.0 -1.0 -1.0 -1.0 
119.26 22.86 16.0 -1.0 61.64757056337161 142.45100301093782 0.03154640648174145 0.022118687192541075 1.7201002454111904 4.0 -1.0 -1.0 -1.0 -1.0 
119.26 22.86 16.0 -1.0 2.09141367214 213.67650451640674 0.03200740941471538 0.029030776940210157 0.8918649932128311 1.0 -1.0 -1.0 -1.0 -1.0 
119.26 22.86 16.0 -1.0 2.51071975154 23.378547448839782 1.3265153236299465 0.013824179495338172 199.42429374379512 32.0 199.7855361038475 32.0 2.510720757224287 23.37672254774845 
119.26 22.86 16.0 -1.0 2.46469861867 136.29650423098732 1.2033945513880444 0.038707702586946884 50.60299601628141 16.0 51.949434648631936 16.0 2.4647306418046355 136.3136158953124 
119.26 22.86 16.0 -1.0 463.52314928835057 0.0 9.390684932040841 0.022118687192541075 199.45425247852327 1.0 -1.0 -1.0 -1.0 -1.0 
119.34 62.68 16.0 -1.0 1.9709085082041 33.95163173647794 0.24668299575403477 0.02073626924300726 6.552941421779365 32.0 7.272016186457809 16.0 3.9417500374838714 33.39531792535493 
119.34 62.68 16.0 -1.0 2.003221376169 115.41705405105915 0.021919673625785847 0.05529671798135269 0.900431997868099 1.0 -1.0 -1.0 -1.0 -1.0 
119.34 62.68 16.0 -1.0 39.475126410105304 23.78001260525895 0.03995398994830211 0.035942866687879244 2.0433007051970087 4.0 -1.0 -1.0 -1.0 -1.0 
119.34 62.68 16.0 -1.0 3.67175524116 85.98100474707692 0.015549598219104632 0.01520659744487199 1.7311024162976458 1.0 -1.0 -1.0 -1.0 -1.0 
119.34 62.68 16.0 -1.0 1.54512280855 55.75896669204594 0.557024871934516 0.11474068981130682 2.7655944521238265 8.0 -1.0 -1.0 -1.0 -1.0 
119.34 62.68 16.0 -1.0 16.638472198475245 12.205942957462792 0.10985101660475763 0.005529671798135269 10.748910091858631 16.0 11.20127343604101 16.0 16.638477973174304 12.244949905963475 
119.34 62.68 16.0 -1.0 421.940928 0.0 0.06556644971410935 0.02350110514207489 2.0422715573437684 1.0 -1.0 -1.0 -1.0 -1.0 
119.34 62.68 16.0 -1.0 1.263379784007 51.366676612655915 0.013219411484660288 0.02350110514207489 1.1054163144341094 8.0 -1.0 -1.0 -1.0 -1.0 
119.34 62.68 16.0 -1.0 0.012813508674085072 102.73335322531183 0.7383917380647688 0.06497364362808941 1.0537010433402476 8.0 -1.0 -1.0 -1.0 -1.0 
119.34 62.68 16.0 -1.0 0.013477888174898433 154.10002983796775 1.9612332745026024 0.03456044873834543 7.143955125390324 1.0 -1.0 -1.0 -1.0 -1.0 
119.56 31.25 16.0 -1.0 74.074074 7.395877580239601 0.022784303842545154 0.013824179495338172 0.7385710644142314 2.0 -1.0 -1.0 -1.0 -1.0 
119.56 31.25 16.0 -1.0 126.84002020060367 51.118000626019686 0.08448754276301366 0.02350110514207489 1.2792740925752275 2.0 -1.0 -1.0 -1.0 -1.0 
119.56 31.25 16.0 -1.0 3.89441988715 31.043475765369337 0.19051448136078133 0.02073626924300726 11.42178267899526 32.0 11.54454854335592 32.0 3.89442599650162 30.966567530783667 
119.56 31.25 16.0 -1.0 2.682763 22.76393488982838 0.020009218328765902 0.07326815132529231 0.9574840816099806 1.0 -1.0 -1.0 -1.0 -1.0 
119.56 31.25 16.0 -1.0 1.136 0.0 0.05898982091432931 0.022118687192541075 1.4807411216093902 8.0 -1.0 -1.0 -1.0 -1.0 
119.56 31.25 16.0 -1.0 2.851188011344 128.05433753214854 0.9903747970956543 0.012441761545804354 128.7925737672233 16.0 128.82063266413425 16.0 2.851205257078012 128.01538538052722 
119.56 31.25 16.0 -1.0 1.325469 192.0815062982228 0.33362018990225045 0.02903077694021016 12.859429218597196 16.0 13.15089654399702 16.0 1.3254975783638656 191.770083238023 
119.56 31.25 16.0 -1.0 35.352845049522664 82.06542603320409 4.187571122234414 0.012441761545804354 256.2999303577208 8.0 256.29993243897525 8.0 35.35278665367514 82.07152374988742 
119.56 31.25 16.0 -1.0 0.008395655732627903 30.198232613341954 7.852166481863491 0.08985716671969811 14.65693167240426 2.0 -1.0 -1.0 -1.0 -1.0 
119.56 31.25 16.0 -1.0 1.777566936351 64.02716876607427 2.776159053873846 0.030413194889743984 227.4767323378608 16.0 234.48237821267912 32.0 1.7775770781251292 64.05829165681718 
119.81 30.84 16.0 -1.0 1.333618 191.28635236643171 0.4196259004936027 0.019353851293473442 33.201329980268866 16.0 33.946758206979425 32.0 1.333622397699704 191.26409357248733 
119.81 30.84 16.0 -1.0 0.8313288172 77.00890014631764 0.09574103317852702 0.02073626924300726 1.2094836061703276 2.0 -1.0 -1.0 -1.0 -1.0 
119.81 30.84 16.0 -1.0 4.6803 75.45684219362998 0.2176876461507807 0.009676925646736721 23.162608344385674 32.0 24.57694594043055 32.0 4.680290051813548 75.49365809792357 
119.81 30.84 16.0 -1.0 172.413793 17.16844352602653 0.20986121998688465 0.04009012053648069 3.186932667377143 2.0 -1.0 -1.0 -1.0 -1.0 
119.81 30.84 16.0 -1.0 0.08432286969948746 140.62411499721952 0.08286895058781683 0.019353851293473442 0.6134926205706349 1.0 -1.0 -1.0 -1.0 -1.0 
119.81 30.84 16.0 -1.0 311.49341784423 32.650700634318305 0.03943297886174037 0.07741540517389377 0.2829330449319594 1.0 -1.0 -1.0 -1.0 -1.0 
119.81 30.84 16.0 -1.0 1.1399400551075 0.0 0.12413932823944701 0.017971433343939622 3.2058565464359563 32.0 -1.0 -1.0 -1.0 -1.0 
119.81 30.84 16.0 -1.0 10.807574 127.72862114340717 0.6439926164566273 0.027648358990676344 18.54007113595797 8.0 18.540071230207005 8.0 10.807586174147826 127.71179158120584 
119.81 30.84 16.0 -1.0 258.687554 191.59293171511075 0.8304087739247217 0.013824179495338172 31.653905225535453 1.0 31.653904402199927 1.0 258.68745675931376 191.56768737180872 
119.81 30.84 16.0 -1.0 0.0015979803278525855 63.864310571703584 2.3979381866915896 0.09400442056829957 11.310799025751095 4.0 -1.0 -1.0 -1.0 -1.0 
119.89 47.44 16.0 -1.0 1.6719153524051982 45.25987363527778 0.041558691605743284 0.026265941041142524 1.406955325934686 1.0 -1.0 -1.0 -1.0 -1.0 
119.89 47.44 16.0 -1.0 224.25146769220584 63.706798052489084 0.040370172585965536 0.013824179495338174 1.0916009934837914 2.0 -1.0 -1.0 -1.0 -1.0 
119.89 47.44 16.0 -1.0 0.58193 69.04374490820703 0.14754241632519804 0.05529671798135268 1.8754759176933071 4.0 -1.0 -1.0 -1.0 -1.0 
119.89 47.44 16.0 -1.0 0.013602334338438445 78.06687127388034 0.016604355466804537 0.019353851293473442 1.2078382829972965 8.0 -1.0 -1.0 -1.0 -1.0 
119.89 47.44 16.0 -1.0 90.74962674671 84.58980631975783 0.10365769805511528 0.04700221028414979 1.846587936650882 1.0 -1.0 -1.0 -1.0 -1.0 
119.89 47.44 16.0 -1.0 0.19236888 71.51188249313365 0.02258059458990518 0.11197585391223919 2.1498596493550415 1.0 -1.0 -1.0 -1.0 -1.0 
119.89 47.44 16.0 -1.0 26.46604676972006 0.0 0.013599199700975057 0.006912089747669085 3.6343426169053488 1.0 -1.0 -1.0 -1.0 -1.0 
119.89 47.44 16.0 -1.0 188.23351221745 53.41754915948329 0.5878640843281208 0.022118687192541075 4.226902736425606 2.0 -1.0 -1.0 -1.0 -1.0 
119.89 47.44 16.0 -1.0 2.1526984260316393 160.2526474784499 0.17319041480317268 0.016589015394405805 9.547569681607994 16.0 9.604504447487178 16.0 2.152713326116403 160.19632810859653 
119.89 47.44 16.0 -1.0 0.61215781184 106.83509831896659 2.4179000477558197 0.013824179495338172 451.3799227731295 32.0 451.8857810082497 32.0 0.612150567273299 106.76381942802864 
12.08 46.49 16.0 -1.0 0.14704050134079177 54.47313113665553 0.011023112262722885 0.04009012053648069 1.1421456066741555 1.0 -1.0 -1.0 -1.0 -1.0 
12.08 46.49 16.0 -1.0 0.01816974111633454 48.595707727533124 0.027915446872420174 0.008294507697202903 0.018359412923418975 4.0 -1.0 -1.0 -1.0 -1.0 
12.08 46.49 16.0 -1.0 0.805719788443 36.570634545650506 0.15293907241759483 0.019353851293473442 12.580360253548491 32.0 13.23113834629771 32.0 0.8057213563006372 36.53245385167615 
12.08 46.49 16.0 -1.0 0.013232401061537778 12.160186363701524 0.03434421429849707 0.011059343596270537 0.32676788189180883 4.0 -1.0 -1.0 -1.0 -1.0 
12.08 46.49 16.0 -1.0 19.72231918824971 75.05537250040219 0.01803954679244718 0.07879782312342758 1.203756119063423 8.0 -1.0 -1.0 -1.0 -1.0 
12.08 46.49 16.0 -1.0 0.556201918195 150.11074500080437 0.020669574344802204 0.03041319488974398 1.3037187045313683 4.0 -1.0 -1.0 -1.0 -1.0 
12.08 46.49 16.0 -1.0 93.54537 225.16611750120654 0.027399571714836618 0.02073626924300726 1.193549622835128 4.0 -1.0 -1.0 -1.0 -1.0 
12.08 46.49 16.0 -1.0 3.913921625337 37.98932295474902 2.5184893228948138 0.06082638977948796 78.38334855490055 8.0 81.29992319942869 16.0 3.91391949960962 38.0504228482832 
12.08 46.49 16.0 -1.0 0.025764956393428344 19.704005681923764 7.852166481863491 0.02350110514207489 27.356998060116673 32.0 -1.0 -1.0 -1.0 -1.0 
12.08 46.49 16.0 -1.0 118.39117415362412 0.0 2.8916525901591505 0.027648358990676344 71.19895076136964 4.0 -1.0 -1.0 -1.0 -1.0 
120.03 62.68 16.0 -1.0 163.132137 35.887357260176564 0.07177704892187006 0.058061553880420315 1.3470482309746417 2.0 -1.0 -1.0 -1.0 -1.0 
120.03 62.68 16.0 -1.0 8.274697018042081 31.30762195467388 0.40790690409879904 0.027648358990676344 15.937482810829735 8.0 16.035650495367275 16.0 8.274704062690338 31.37135926321221 
120.03 62.68 16.0 -1.0 0.380881 81.54685875082374 0.12921446421017188 0.038707702586946884 1.4419095590668776 2.0 -1.0 -1.0 -1.0 -1.0 
120.03 62.68 16.0 -1.0 9.37302 0.0 0.03139421910602931 0.02350110514207489 -6.367978564980654 32.0 -1.0 -1.0 -1.0 -1.0 
120.03 62.68 16.0 -1.0 2.815663809202 51.05102934194131 0.552807921196648 0.015206597444871992 64.4238108289104 32.0 65.1947004137878 32.0 2.8156743307287497 51.104956219103755 
120.03 62.68 16.0 -1.0 3.1668701177630756 102.10205868388262 0.5274389731450695 0.02350110514207489 33.83354498918629 16.0 33.926502379854504 16.0 3.1668605515733366 102.10871450510038 
120.03 62.68 16.0 -1.0 0.005577358635768915 104.64465420466338 2.9870846131809246 0.08432749492156286 14.456202115350992 1.0 -1.0 -1.0 -1.0 -1.0 
120.03 62.68 16.0 -1.0 1.7425147804788779 65.63266148521407 6.777711961798851 0.026265941041142528 552.1282657552225 16.0 584.8968107054746 32.0 1.7425008991267534 65.67745858653136 
120.03 62.68 16.0 -1.0 17.907964240319043 43.836797472738084 2.9706212590715864 0.024883523091608704 193.77261419652004 16.0 194.135535720478 16.0 17.907950677908957 43.818705035389954 
120.03 62.68 16.0 -1.0 2.006433 153.15308802582393 3.8278798341664553 0.05529671798135269 147.10114135208016 8.0 160.2534991563888 16.0 2.006405945091198 153.112472791097 
120.19 30.84 16.0 -1.0 5.459799192354 56.58952354691931 0.5112942010191996 0.02073626924300726 42.14694794869118 16.0 42.322296187229675 16.0 5.459817960703125 56.569644606889106 
120.19 30.84 16.0 -1.0 1.61233860788 59.08946233814868 0.07252471796775647 0.11474068981130682 1.4326199275891023 1.0 -1.0 -1.0 -1.0 -1.0 
120.19 30.84 16.0 -1.0 80.47709087500114 93.80452146181102 0.7435105387260142 0.011059343596270537 30.969483082009837 2.0 30.969483589074656 2.0 80.47694185127816 93.81048399031522 
120.19 30.84 16.0 -1.0 0.87915973565 9.715671211368678 0.028657989853219518 0.02350110514207489 1.0895326060135255 1.0 -1.0 -1.0 -1.0 -1.0 
120.19 30.84 16.0 -1.0 4.929022 0.0 0.025517650453102104 0.012441761545804354 0.81580121326596 1.0 -1.0 -1.0 -1.0 -1.0 
120.19 30.84 16.0 -1.0 0.526039 63.123454478541525 0.7322956741270126 0.031795612839277794 32.398280543910985 16.0 -1.0 -1.0 -1.0 -1.0 
120.19 30.84 16.0 -1.0 0.0013174917341482082 126.24690895708305 0.268746572608114 0.026265941041142524 9.385647279576727 4.0 -1.0 -1.0 -1.0 -1.0 
120.19 30.84 16.0 -1.0 1.72539706537 189.37036343562457 0.026689634983127077 0.02350110514207489 0.8067040174229978 2.0 -1.0 -1.0 -1.0 -1.0 
120.19 30.84 16.0 -1.0 5.34750575341778 83.17978159908621 1.277057997197608 0.01520659744487199 131.42308624073073 32.0 131.9815605493512 32.0 5.347495365034169 83.18470101406592 
120.19 30.84 16.0 -1.0 0.011010491923589117 68.95664499141004 4.09601214911623 0.06082638977948796 10.547812625517727 1.0 -1.0 -1.0 -1.0 -1.0 
120.27 63.08 16.0 -1.0 0.547615 91.16017913706668 0.06312189347811605 0.0027648358990676344 12.049086047642701 32.0 12.897779345788788 32.0 0.5476067599374801 91.07813979642255 
120.27 63.08 16.0 -1.0 193.7156834116254 109.3433191258547 0.0627306442740827 0.016589015394405805 2.3538996727492156 1.0 -1.0 -1.0 -1.0 -1.0 
120.27 63.08 16.0 -1.0 15.3936498245 95.48440486549273 0.4023096556926826 0.049767046183217416 11.313440315984689 8.0 11.695377244555416 8.0 15.393622258367639 95.53084885313653 
120.27 63.08 16.0 -1.0 12.981962077048623 0.0 0.03102767079536638 0.011059343596270537 2.4442979007310885 32.0 -1.0 -1.0 -1.0 -1.0 
120.27 63.08 16.0 -1.0 2.098095022707 50.928071918176876 0.012345513278322081 0.031795612839277794 1.351921830354622 1.0 -1.0 -1.0 -1.0 -1.0 
120.27 63.08 16.0 -1.0 0.0020200268535918663 101.85614383635375 0.37467728600716743 0.09538683851783337 0.27979847341416314 1.0 -1.0 -1.0 -1.0 -1.0 
120.27 63.08 16.0 -1.0 5.178222080594621 152.78421575453063 0.3723549192047439 0.013824179495338174 32.94004566579669 16.0 33.03362422531094 16.0 5.178238401034227 152.70768105866847 
120.27 63.08 16.0 -1.0 5.059597294 36.457959674998506 5.501410441674534 0.05944397182995413 146.75558689859542 8.0 148.95970559235514 16.0 5.059579658942918 36.53245385167615 
120.27 63.08 16.0 -1.0 0.0018341944633042777 42.05042121776861 5.486228948385006 0.15483081034778753 123.78012373465965 4.0 -1.0 -1.0 -1.0 -1.0 
120.27 63.08 16.0 -1.0 3.587398 152.4327769144112 1.9844024884705491 0.029030776940210157 103.92996495071876 16.0 104.09216707611337 16.0 3.5874109016731386 152.50528519245418 
120.31 31.25 16.0 -1.0 0.7310895701613709 85.25011102612416 0.035209079043299264 0.10644618211410393 1.6154783994260602 1.0 -1.0 -1.0 -1.0 -1.0 
120.31 31.25 16.0 -1.0 0.618047 110.32036159422935 0.021219379168489504 0.027648358990676344 0.6188789976141448 8.0 -1.0 -1.0 -1.0 -1.0 
120.31 31.25 16.0 -1.0 0.007518919968011797 20.472786953445183 0.3152462034306899 0.0884747487701643 0.831159118691734 2.0 -1.0 -1.0 -1.0 -1.0 
120.31 31.25 16.0 -1.0 104.57617985701707 0.0 0.29809001901725773 0.026265941041142524 6.440534004434163 4.0 -1.0 -1.0 -1.0 -1.0 
120.31 31.25 16.0 -1.0 0.51855097775 99.71804754409504 3.202952920085294 0.022118687192541075 313.03557514342236 32.0 313.6823776778854 32.0 0.5185635624608647 99.88235997674337 
120.31 31.25 16.0 -1.0 0.16193798815580446 26.51516770414119 3.034926758898527 0.012441761545804354 344.0231739158506 32.0 344.9717928224276 32.0 0.16195068989569944 28.031827470676713 
120.31 31.25 16.0 -1.0 155.97939334350093 26.852940541136622 7.744420018433866 0.13962421290291552 100.44374999673764 2.0 100.44374651608733 2.0 155.97955401365957 26.817452273391083 
120.31 31.25 16.0 -1.0 0.86850896567 62.544270316986974 4.135820258278061 0.019353851293473442 495.4625919977662 32.0 496.0457736328985 32.0 0.8685068072130283 62.54032266021014 
120.31 31.25 16.0 -1.0 1.217137 125.08854063397395 4.307878306033789 0.02350110514207489 407.3004646999355 32.0 407.3508249522371 32.0 1.2171464428926508 125.08064532042027 
120.31 31.25 16.0 -1.0 0.351294 187.63281095096093 8.595941066946327 0.013824179495338172 949.64618507679 32.0 952.2390455788836 32.0 0.351277170314764 187.41857211441618 
120.36 47.44 16.0 -1.0 2.8117018527742 61.70777593860174 0.025167500389714437 0.049767046183217416 1.305986219877243 1.0 -1.0 -1.0 -1.0 -1.0 
120.36 47.44 16.0 -1.0 0.7344570205862104 119.1125819641295 0.07707059092405724 0.03456044873834543 0.9181611241866562 16.0 -1.0 -1.0 -1.0 -1.0 
120.36 47.44 16.0 -1.0 139.0504084495192 39.4917016466568 0.1634260681291676 0.03456044873834543 -inf 1.0 -1.0 -1.0 -1.0 -1.0 
120.36 47.44 16.0 -1.0 0.988891255 16.685961107364676 0.8413806099381735 0.02350110514207489 70.77053003076769 32.0 70.8879744033537 32.0 0.988893589237705 16.697658962677465 
120.36 47.44 16.0 -1.0 9.995906216 0.0 0.2822572230737663 0.056679135930886505 1.6279034331283182 4.0 -1.0 -1.0 -1.0 -1.0 
120.36 47.44 16.0 -1.0 2.5998 53.11777303805775 0.03908041761129333 0.022118687192541075 2.160725994723946 1.0 -1.0 -1.0 -1.0 -1.0 
120.36 47.44 16.0 -1.0 0.289906755417 106.2355460761155 0.6475616606274884 0.04423737438508215 12.55630289830266 16.0 12.570658470653477 16.0 0.28988627794509136 106.0554338962787 
120.36 47.44 16.0 -1.0 2.6807208 159.35331911417325 0.3276812149120733 0.09676925646736721 3.8459288004423486 1.0 -1.0 -1.0 -1.0 -1.0 
120.36 47.44 16.0 -1.0 0.937759872398 134.8582644608595 3.987126970207234 0.04009012053648069 185.91456702771228 16.0 187.0685847155546 16.0 0.9377496705080073 134.8968448318125 
120.36 47.44 16.0 -1.0 0.014911777391988974 19.713976972120445 1.8391894313143864 0.11612310776084063 1.788017890142601 1.0 -1.0 -1.0 -1.0 -1.0 
120.44 31.65 16.0 -1.0 2.117747 29.09490767022534 0.030920679192165002 0.006912089747669086 2.5145892824293163 32.0 -1.0 -1.0 -1.0 -1.0 
120.44 31.65 16.0 -1.0 1.18994040124844 108.83168658242757 0.01133980171212499 0.019353851293473442 1.8112660982283006 2.0 -1.0 -1.0 -1.0 -1.0 
120.44 31.65 16.0 -1.0 30.799978984227295 52.44519778767136 0.376233571940606 0.02350110514207489 13.116400370789428 8.0 14.32835431733559 8.0 30.7999774425601 52.42052934949653 
120.44 31.65 16.0 -1.0 1.141716715514 74.17807131258729 0.11641437226092487 0.052531882082285056 1.219545344532426 16.0 -1.0 -1.0 -1.0 -1.0 
120.44 31.65 16.0 -1.0 273.972603 24.80038775212818 0.04715930072009244 0.11059343596270538 1.0978891532638224 1.0 -1.0 -1.0 -1.0 -1.0 
120.44 31.65 16.0 -1.0 3.524849 39.561638033379886 0.07977929405138741 0.12441761545804356 1.5734717162669276 1.0 -1.0 -1.0 -1.0 -1.0 
120.44 31.65 16.0 -1.0 50.82676127603311 0.0 0.011722139912077231 0.03041319488974398 1.3216087038100275 2.0 -1.0 -1.0 -1.0 -1.0 
120.44 31.65 16.0 -1.0 1.9593641212052 61.96378738968758 0.050184552632207564 0.04285495643554833 2.039008808736583 16.0 -1.0 -1.0 -1.0 -1.0 
120.44 31.65 16.0 -1.0 212.219708804722 123.92757477937516 0.04571576658153368 0.06359122567855559 1.683590284670828 1.0 -1.0 -1.0 -1.0 -1.0 
120.44 31.65 16.0 -1.0 1.9709085082041 185.89136216906275 0.015963213127890254 0.013824179495338172 3.2074652329692244 4.0 -1.0 -1.0 -1.0 -1.0 
120.59 54.43 16.0 -1.0 5.085776357868 19.809827269465778 0.4132964035851477 0.0483846282336836 11.146876791730604 8.0 11.146876762303803 8.0 5.085773106353979 19.834794888998687 
120.59 54.43 16.0 -1.0 462.962963 68.41985725150387 0.2923792815936475 0.03317803078881161 1.1811350495603694 1.0 -1.0 -1.0 -1.0 -1.0 
120.59 54.43 16.0 -1.0 102.67142265869009 101.48273797589393 0.013665123510300801 0.013824179495338172 1.552025515084859 1.0 -1.0 -1.0 -1.0 -1.0 
120.59 54.43 16.0 -1.0 3.355903725917 0.0 0.6480091796771669 0.04009012053648069 21.159756468734297 16.0 -1.0 -1.0 -1.0 -1.0 
120.59 54.43 16.0 -1.0 0.691778 51.66365750323117 0.1418453755649639 0.04285495643554833 2.1397292538143393 8.0 -1.0 -1.0 -1.0 -1.0 
120.59 54.43 16.0 -1.0 36.845678187087444 154.9909725096935 0.010685697614468222 0.01520659744487199 1.7418194214259164 1.0 -1.0 -1.0 -1.0 -1.0 
120.59 54.43 16.0 -1.0 0.007415971757942184 137.64574816342417 4.680228174663393 0.016589015394405805 75.89347276172936 32.0 -1.0 -1.0 -1.0 -1.0 
120.59 54.43 16.0 -1.0 1.656287 64.94771225278686 1.8686465040691873 0.04147253848601452 122.63735464076962 16.0 124.66218242632957 16.0 1.6563111178887389 65.07027098788855 
120.59 54.43 16.0 -1.0 0.0333268385552529 86.61761720013675 2.490804455822692 0.035942866687879244 13.129871347782906 16.0 20.578456337768547 32.0 0.03331782257494827 92.29251499370817 
120.59 54.43 16.0 -1.0 1.06863614348 103.32731500646234 3.5063437084338025 0.03041319488974398 252.65539667564153 32.0 252.9566878884535 32.0 1.0686259580931317 103.32308970238601 
120.81 31.65 16.0 -1.0 4.57223191539 29.160961076701636 0.5042782848310833 0.022118687192541075 48.90225878157307 16.0 48.902258700836434 16.0 4.572211764752865 29.145004734855213 
120.81 31.65 16.0 -1.0 3.18587333048 44.11812699758074 0.6967617614873729 0.049767046183217416 30.81206353621801 8.0 -1.0 -1.0 -1.0 -1.0 
120.81 31.65 16.0 -1.0 0.59787312095 43.82412865024159 0.018725233532412358 0.024883523091608708 1.935471870431415 1.0 -1.0 -1.0 -1.0 -1.0 
120.81 31.65 16.0 -1.0 3.56603038405 12.458179968496351 0.13941658208736357 0.03456044873834543 1.7404148402789739 4.0 -1.0 -1.0 -1.0 -1.0 
120.81 31.65 16.0 -1.0 1.52006 0.0 0.7950419397606672 0.08018024107296139 6.85735262138506 8.0 -1.0 -1.0 -1.0 -1.0 
120.81 31.65 16.0 -1.0 0.96228 61.24353073008604 0.011379039645988784 0.038707702586946884 2.0156141405193444 8.0 -1.0 -1.0 -1.0 -1.0 
120.81 31.65 16.0 -1.0 42.735043 122.48706146017209 0.08022143549387194 0.10782860006363774 1.3670960478787946 1.0 -1.0 -1.0 -1.0 -1.0 
120.81 31.65 16.0 -1.0 1.689189 55.62081233722486 2.1234043527079005 0.029030776940210157 174.49196867476493 32.0 174.5650793175816 32.0 1.6891741931128006 55.557665275817754 
120.81 31.65 16.0 -1.0 123.1102871305625 23.942490411431777 3.8041534397931285 0.027648358990676344 136.6194909181171 4.0 136.61948948954063 4.0 123.11017295966546 23.98391014639127 
120.81 31.65 16.0 -1.0 0.0014984085831870923 183.73059219025814 3.417852963175038 0.11197585391223917 15.90502978099153 2.0 -1.0 -1.0 -1.0 -1.0 
121.06 31.25 16.0 -1.0 0.21237375227076602 14.61332074967879 0.9965517359035103 0.11474068981130682 2.076957928308526 4.0 -1.0 -1.0 -1.0 -1.0 
121.06 31.25 16.0 -1.0 383.141762 28.18152320232911 0.7148014396731046 0.0566791359308865 4.632303558604115 1.0 -1.0 -1.0 -1.0 -1.0 
121.06 31.25 16.0 -1.0 3.7391619008 99.56126934850167 0.05212807736392572 0.02073626924300726 2.348916859892352 32.0 -1.0 -1.0 -1.0 -1.0 
121.06 31.25 16.0 -1.0 0.08628282773739857 50.440709388163555 0.07429970658615055 0.01382417949533817 0.8650159105359093 2.0 -1.0 -1.0 -1.0 -1.0 
121.06 31.25 16.0 -1.0 2.339783 33.73715204442782 0.012744139921279101 0.015206597444871989 0.6171963875616648 1.0 -1.0 -1.0 -1.0 -1.0 
121.06 31.25 16.0 -1.0 1.4967703791 120.75700182858785 0.9931153623322999 0.012441761545804352 161.5325053720889 32.0 161.87028393278055 32.0 1.4967554307077082 120.72913419681345 
121.06 31.25 16.0 -1.0 0.010419746251239537 0.0 0.041991589694587474 0.056679135930886505 0.8067805937741132 16.0 -1.0 -1.0 -1.0 -1.0 
121.06 31.25 16.0 -1.0 0.2647885245599424 61.111917263085836 0.019940221259603996 0.04285495643554833 1.5795379020447093 1.0 -1.0 -1.0 -1.0 -1.0 
121.06 31.25 16.0 -1.0 25.27732384023036 122.22383452617167 0.06661658389094735 0.027648358990676348 1.8052421465053634 2.0 -1.0 -1.0 -1.0 -1.0 
121.06 31.25 16.0 -1.0 0.30673596894934135 183.3357517892575 3.3500593819297015 0.02350110514207489 289.819033718229 32.0 289.81902335131593 32.0 0.3067422464179496 183.26945685702356 
121.12 23.29 16.0 -1.0 1.4300694953431148 95.48722547771364 0.03366299210800546 0.06497364362808941 2.098469237819776 1.0 -1.0 -1.0 -1.0 -1.0 
121.12 23.29 16.0 -1.0 0.4973 112.61775765992016 0.013912793572153859 0.029030776940210157 1.8540942490576242 2.0 -1.0 -1.0 -1.0 -1.0 
121.12 23.29 16.0 -1.0 28.7483845404833 58.50766359080339 0.9547682968596061 0.10782860006363774 12.11637413319333 2.0 12.116374209969507 2.0 28.748278661320608 58.4924053359247 
121.12 23.29 16.0 -1.0 17.465354 51.77138664167434 0.049155164849615095 0.016589015394405805 1.2727551404324227 2.0 -1.0 -1.0 -1.0 -1.0 
121.12 23.29 16.0 -1.0 0.082490793464 0.0 0.10118135941650402 0.03041319488974398 0.29798028869039866 1.0 -1.0 -1.0 -1.0 -1.0 
121.12 23.29 16.0 -1.0 305.33963750348 133.24635650710468 0.019653022118751307 0.04147253848601452 1.072885397819035 1.0 -1.0 -1.0 -1.0 -1.0 
121.12 23.29 16.0 -1.0 0.14173287223105083 199.86953476065702 0.17176057778357956 0.009676925646736721 14.028110664511193 32.0 15.786388137629727 32.0 0.14172959102628133 199.46112615416538 
121.12 23.29 16.0 -1.0 1.8515010219 83.61378776915976 6.29477045837553 0.02073626924300726 676.8608312222476 32.0 677.0058548489416 32.0 1.8515189973792683 83.58949274649447 
121.12 23.29 16.0 -1.0 1.36600561328 94.40782204966328 7.429970658615064 0.09815167441690101 163.9000296538871 8.0 164.3920725448728 8.0 1.365939776102702 94.11407778963662 
121.12 23.29 16.0 -1.0 1.3899355261798 66.62317825355234 3.780574109020105 0.019353851293473442 436.98184329032546 32.0 437.2963767426613 32.0 1.3899201197394482 66.58823998449559 
121.19 31.66 16.0 -1.0 1.995517617665 94.05467000392734 0.0381468029356862 0.03317803078881161 1.3180330805277936 1.0 -1.0 -1.0 -1.0 -1.0 
121.19 31.66 16.0 -1.0 0.0589214070427993 66.53268113922962 0.02504608637573597 0.08156265902249521 -0.3534790281790797 1.0 -1.0 -1.0 -1.0 -1.0 
121.19 31.66 16.0 -1.0 2.93069668519 81.31166194966505 0.011657533191718465 0.017971433343939622 2.1004393350819717 4.0 -1.0 -1.0 -1.0 -1.0 
121.19 31.66 16.0 -1.0 0.025764956393428344 33.86622539955869 0.6174176748635788 0.06082638977948796 1.3815692671773203 8.0 -1.0 -1.0 -1.0 -1.0 
121.19 31.66 16.0 -1.0 3.012048 110.12431211515111 0.025765650062920076 0.016589015394405805 2.3847006739314542 2.0 -1.0 -1.0 -1.0 -1.0 
121.19 31.66 16.0 -1.0 0.351294 0.0 0.1507362899294123 0.08156265902249521 0.017107992399120517 4.0 -1.0 -1.0 -1.0 -1.0 
121.19 31.66 16.0 -1.0 0.009548540066846745 60.58836782433124 0.9293874842458965 0.052531882082285056 1.2290069024335317 8.0 -1.0 -1.0 -1.0 -1.0 
121.19 31.66 16.0 -1.0 32.546178349804535 121.17673564866249 0.35257760672121957 0.03456044873834543 7.535798757698366 2.0 7.605951676504555 2.0 32.54632853592436 121.23512386234911 
121.19 31.66 16.0 -1.0 1.963664219963713 46.681946766541444 5.2236226600888855 0.006912089747669086 974.5732901012676 32.0 974.5803189804841 32.0 1.9636596941078703 46.65224716238977 
121.19 31.66 16.0 -1.0 3.59512083 181.76510347299373 1.810196715586661 0.03456044873834543 110.15041782001389 16.0 110.27173617148702 16.0 3.5951112901481492 181.75148786041652 
121.46 23.29 16.0 -1.0 0.264271 49.481622609185266 0.013999567261057845 0.06635606157762322 0.4989504319275953 2.0 -1.0 -1.0 -1.0 -1.0 
121.46 23.29 16.0 -1.0 1.0904482052169717 147.99036410550656 0.03937853236248104 0.027648358990676344 2.245137516191833 2.0 -1.0 -1.0 -1.0 -1.0 
121.46 23.29 16.0 -1.0 3.1378967940100027 65.86351763435083 0.16107224137125106 0.02073626924300726 5.924690088525536 32.0 8.220133616472111 32.0 3.137908303566898 65.67745858653136 
121.46 23.29 16.0 -1.0 4.21763962354 131.72703526870166 0.08252616410692565 0.013824179495338172 2.5760890105970216 16.0 -1.0 -1.0 -1.0 -1.0 
121.46 23.29 16.0 -1.0 218.73385758998 37.78309202426607 5.285332418266483 0.07465056927482613 -inf 1.0 -1.0 -1.0 -1.0 -1.0 
121.46 23.29 16.0 -1.0 206.81355 83.45083557451652 7.6592883338116815 0.02350110514207489 224.19368490183214 2.0 224.1936841858362 2.0 206.8137594809135 83.48829481338733 
121.46 23.29 16.0 -1.0 3.14404059506 76.51471355541747 1.4223789010228076 0.005529671798135269 488.50410746656604 32.0 488.56024379153257 32.0 3.144032234558836 76.50563742899493 
121.46 23.29 16.0 -1.0 1.8381649782 29.819396372707892 2.5080716201722195 0.035942866687879244 109.48747469352898 16.0 109.60756197290493 16.0 1.8381494252632062 29.9545881997123 
121.46 23.29 16.0 -1.0 0.1298824344332248 0.0 2.1351723819271036 0.024883523091608708 59.6249163282952 32.0 -1.0 -1.0 -1.0 -1.0 
121.46 23.29 16.0 -1.0 3.446989090579 197.5905529030525 8.396386259381492 0.006912089747669086 1468.8955551448391 32.0 1468.9949128985625 32.0 3.4469849197193985 197.53836542512977 
121.69 22.86 16.0 -1.0 0.0031546383589244544 136.87992793971395 0.4316815788006796 0.05529671798135268 4.973922717468026 1.0 -1.0 -1.0 -1.0 -1.0 
121.69 22.86 16.0 -1.0 0.49696239771468687 43.04586104609599 0.205130955569125 0.09815167441690101 1.4024020112386493 1.0 -1.0 -1.0 -1.0 -1.0 
121.69 22.86 16.0 -1.0 0.005759690667848647 4.353837661870579 0.010244742574412108 0.013824179495338172 4.360897882908444 1.0 -1.0 -1.0 -1.0 -1.0 
121.69 22.86 16.0 -1.0 1.574426 111.15091442657831 0.012761760532387652 0.008294507697202903 -0.1863158384597705 8.0 -1.0 -1.0 -1.0 -1.0 
121.69 22.86 16.0 -1.0 0.51769836154 0.0 0.022926408883008342 0.07188573337575849 0.5820227196261872 1.0 -1.0 -1.0 -1.0 -1.0 
121.69 22.86 16.0 -1.0 15.038547169613716 65.66217614033773 0.015325637251420755 0.019353851293473442 1.2636341779506486 4.0 -1.0 -1.0 -1.0 -1.0 
121.69 22.86 16.0 -1.0 230.978889 131.32435228067547 0.3119962793393873 0.21150994627867403 1.8307241547971735 1.0 -1.0 -1.0 -1.0 -1.0 
121.69 22.86 16.0 -1.0 0.735983147695 196.98652842101322 0.23880191423863356 0.06635606157762322 3.80288278776551 8.0 -1.0 -1.0 -1.0 -1.0 
121.69 22.86 16.0 -1.0 375.2016208875134 105.65444063625301 1.9598788349688285 0.06773847952715704 29.48084421612276 1.0 29.480844686503673 1.0 375.20173160980147 105.65064216385014 
121.69 22.86 16.0 -1.0 1.5496608915 86.34783018994908 3.227385809271237 0.06635606157762322 88.24303090538795 16.0 90.3622861591184 16.0 1.5496577058608334 86.42303487349427 
122.04 22.86 16.0 -1.0 215.9269311725 50.33056907441233 0.29076782953572117 0.09400442056829957 3.085247622369195 1.0 -1.0 -1.0 -1.0 -1.0 
122.04 22.86 16.0 -1.0 0.00218416636182868 28.87723707637595 0.39487500641135964 0.017971433343939625 8.20129370333669 2.0 -1.0 -1.0 -1.0 -1.0 
122.04 22.86 16.0 -1.0 18.32420788312348 6.527580580692269 0.08161898301923845 0.038707702586946884 1.6142286114333837 16.0 -1.0 -1.0 -1.0 -1.0 
122.04 22.86 16.0 -1.0 0.811008563879 144.69795042453967 0.3306373680429452 0.013824179495338172 26.869791172754248 16.0 27.01226699510129 32.0 0.8110267420609792 144.91544020941896 
122.04 22.86 16.0 -1.0 408.163265 71.6085332359525 0.15485277481180598 0.03317803078881161 0.039939765129713645 1.0 -1.0 -1.0 -1.0 -1.0 
122.04 22.86 16.0 -1.0 0.33013949223461786 0.0 0.04361782105095138 0.035942866687879244 0.45903453721102344 16.0 -1.0 -1.0 -1.0 -1.0 
122.04 22.86 16.0 -1.0 110.50510789343974 64.94455544909651 0.5299957990657957 0.016589015394405805 24.902069220331875 1.0 24.90206975662686 1.0 110.5053039888541 64.96907305478142 
122.04 22.86 16.0 -1.0 1.776199 129.88911089819302 0.2846068997679546 0.031795612839277794 11.067331392384789 16.0 11.348690718623963 16.0 1.7761825195824108 129.93814610956284 
122.04 22.86 16.0 -1.0 4.545455 7.969493902994442 4.680228174663393 0.019353851293473442 603.0639041907024 32.0 603.5366007876141 32.0 4.545442304030682 7.994636715463756 
122.04 22.86 16.0 -1.0 7.381334652 194.83366634728955 2.7494379596855727 0.07465056927482613 56.3643534026222 8.0 56.364351756152445 8.0 7.3813377336288495 194.80602123123708 
122.16 23.29 16.0 -1.0 158.730159 5.180055788255594 0.16847002963747468 0.02073626924300726 3.4369342523621667 2.0 -1.0 -1.0 -1.0 -1.0 
122.16 23.29 16.0 -1.0 0.4812302743997416 125.2491101040905 0.011122556497987162 0.022118687192541075 0.6775549575966815 1.0 -1.0 -1.0 -1.0 -1.0 
122.16 23.29 16.0 -1.0 0.9770360389 66.99281105258915 0.7435105387260142 0.02073626924300726 65.04696825042683 32.0 66.66701941847187 32.0 0.9770398416245978 66.99303171692412 
122.16 23.29 16.0 -1.0 163.488451 0.0 0.05088275960600901 0.008294507697202903 0.21436570631930343 1.0 -1.0 -1.0 -1.0 -1.0 
122.16 23.29 16.0 -1.0 1.127887471217 64.42211172483543 0.3152462034306899 0.016589015394405805 27.63420345070856 32.0 -1.0 -1.0 -1.0 -1.0 
122.16 23.29 16.0 -1.0 0.552847 128.84422344967086 0.6186986208297587 0.03317803078881161 25.4051972042987 16.0 26.265376122465057 16.0 0.552851512717704 128.7237709122772 
122.16 23.29 16.0 -1.0 4.021719387173687 193.2663351745063 0.013693474310011453 0.016589015394405805 1.6558530934215103 8.0 -1.0 -1.0 -1.0 -1.0 
122.16 23.29 16.0 -1.0 4.0906257652 124.1280532543934 6.502514182965707 0.0483846282336836 299.9680106283841 8.0 14.478629924016676 2.0 12.269689856717985 124.06866598934893 
122.16 23.29 16.0 -1.0 0.0014115129727207915 14.863667541673703 2.0231617380748497 0.056679135930886505 8.71556049459893 4.0 -1.0 -1.0 -1.0 -1.0 
122.16 23.29 16.0 -1.0 0.7081702 97.95717438387818 1.1770829817060204 0.013824179495338174 406.4641962783101 32.0 406.61760272642454 32.0 0.7081628912904611 98.06079718081493 
122.26 54.82 16.0 -1.0 2.672381926728 29.425041090614645 0.18751123867894365 0.12441761545804356 2.1068224249245384 1.0 -1.0 -1.0 -1.0 -1.0 
122.26 54.82 16.0 -1.0 55.20988044888131 62.5186982716784 0.012859110287031284 0.02350110514207489 0.1919787003066223 2.0 -1.0 -1.0 -1.0 -1.0 
122.26 54.82 16.0 -1.0 119.158395816 3.3337216755533405 0.02335806398033758 0.019353851293473442 2.5919723825962713 2.0 -1.0 -1.0 -1.0 -1.0 
122.26 54.82 16.0 -1.0 0.08951395712157723 24.03628550547363 0.037286975357302535 0.022118687192541075 0.6437098729182164 16.0 -1.0 -1.0 -1.0 -1.0 
122.26 54.82 16.0 -1.0 40.70837860639 18.282190558628137 0.06022516212684089 0.02350110514207489 1.8297145902144094 8.0 -1.0 -1.0 -1.0 -1.0 
122.26 54.82 16.0 -1.0 1.486923 36.092484441721325 0.27684980657520053 0.024883523091608708 10.19640787271588 16.0 10.22913957805927 16.0 1.4869025714385014 36.22886005235474 
122.26 54.82 16.0 -1.0 36.597245 0.0 0.3560042195693782 0.04009012053648069 9.038207477772017 8.0 -1.0 -1.0 -1.0 -1.0 
122.26 54.82 16.0 -1.0 0.04555210001633608 50.73650385670906 0.030496389432454397 0.031795612839277794 2.5690822279363434 1.0 -1.0 -1.0 -1.0 -1.0 
122.26 54.82 16.0 -1.0 208.428863 101.47300771341811 0.6471144506371662 0.1147406898113068 6.6128764869953764 1.0 -1.0 -1.0 -1.0 -1.0 
122.26 54.82 16.0 -1.0 320.94720960606 152.20951157012718 0.45088460450988527 0.008294507697202903 19.56823300292381 1.0 -1.0 -1.0 -1.0 -1.0 
122.34 71.23 16.0 -1.0 0.859107 149.96040235889475 5.948088720445762 0.012441761545804354 1337.7477983873182 32.0 1353.0661215795608 32.0 0.8591086952947081 149.87413893166865 
122.34 71.23 16.0 -1.0 0.8055282493188 118.8956696219005 2.8816814083529803 0.01520659744487199 524.9955139162719 32.0 525.2598744386752 32.0 0.805524299115253 118.80637346777785 
122.34 71.23 16.0 -1.0 0.07656558647114749 50.212780898352044 4.307878306033789 0.031795612839277794 127.55706114779012 16.0 164.08361061842712 32.0 0.07656429564425102 55.760061142032015 
13.25 54.64 16.0 -1.0 0.009246266070866134 20.041088877801652 0.04257580972302213 0.012441761545804354 -0.137670936697591 4.0 -1.0 -1.0 -1.0 -1.0 
13.25 54.64 16.0 -1.0 173.047894 8.807867086422382 0.027305090755433154 0.017971433343939622 0.8315535616472167 1.0 -1.0 -1.0 -1.0 -1.0 
13.25 54.64 16.0 -1.0 2.8858089092882 54.698131109159284 0.31156549511556475 0.13962421290291552 2.4642401317498637 2.0 -1.0 -1.0 -1.0 -1.0 
13.25 54.64 16.0 -1.0 0.001348114844147047 8.45682890544178 0.3150284925003535 0.008294507697202903 6.713490072056631 2.0 -1.0 -1.0 -1.0 -1.0 
13.25 54.64 16.0 -1.0 2.895182851468 0.0 0.2844103485256103 0.022118687192541075 7.391274854377331 32.0 -1.0 -1.0 -1.0 -1.0 
13.25 54.64 16.0 -1.0 1.5882304862 106.36456883712246 0.018557815499596546 0.03456044873834543 0.2988520501897648 2.0 -1.0 -1.0 -1.0 -1.0 
13.25 54.64 16.0 -1.0 29.53643 212.72913767424492 0.026287057444622463 0.026265941041142528 0.9880885875747185 2.0 -1.0 -1.0 -1.0 -1.0 
13.25 54.64 16.0 -1.0 0.852719 319.0937065113674 0.1332945771390515 0.030413194889743984 2.4243157826026067 8.0 -1.0 -1.0 -1.0 -1.0 
13.25 54.64 16.0 -1.0 2.1692763393033 51.98556334703645 1.2448284660085038 0.031795612839277794 60.048710890072 16.0 60.103135517062476 16.0 2.1692661296886704 51.91453968396085 
13.25 54.64 16.0 -1.0 1.2964005406 45.73070121320026 6.749676032594977 0.04147253848601451 290.2421520418643 32.0 290.2575641173189 32.0 1.296393747907132 45.74146576442555 
14.36 54.64 16.0 -1.0 0.262666 155.43059501972635 0.014531693580338607 0.016589015394405805 1.2245203499213249 4.0 -1.0 -1.0 -1.0 -1.0 
14.36 54.64 16.0 -1.0 1.4480657907 110.2004835220008 0.15864268148803606 0.026265941041142528 3.7022250948804394 8.0 -1.0 -1.0 -1.0 -1.0 
14.36 54.64 16.0 -1.0 0.29050272617 53.31148028933894 0.045369675867579236 0.04009012053648069 2.0820261989081787 2.0 -1.0 -1.0 -1.0 -1.0 
14.36 54.64 16.0 -1.0 74.097014488305 103.30097498844944 0.039188560946779236 0.017971433343939622 3.8634606842070465 2.0 -1.0 -1.0 -1.0 -1.0 
14.36 54.64 16.0 -1.0 1.4499216603224474 0.0 0.23213283406807478 0.07603298722435994 0.6676332737825037 4.0 -1.0 -1.0 -1.0 -1.0 
14.36 54.64 16.0 -1.0 0.7850721411512 106.4632497329938 0.018366499978528433 0.022118687192541075 1.6535171691412058 1.0 -1.0 -1.0 -1.0 -1.0 
14.36 54.64 16.0 -1.0 94.08695464729132 319.3897491989814 0.23634006668682334 0.03732528463741307 2.7439552659888604 4.0 -1.0 -1.0 -1.0 -1.0 
14.36 54.64 16.0 -1.0 52.00815274976942 4.6316145248377145 2.012011056916566 0.008294507697202903 188.99576059525998 8.0 189.28819523863288 8.0 52.008181228302426 4.655104922928262 
14.36 54.64 16.0 -1.0 28.224759634040677 30.728366709612978 2.2086882126832648 0.008294507697202903 241.17473119305396 16.0 241.17473284951004 16.0 28.22477351098011 30.76417166456939 
14.36 54.64 16.0 -1.0 107.00689556931746 212.9264994659876 1.3477612364941793 0.0483846282336836 24.85650530237422 1.0 24.856505602913018 1.0 107.0070235679547 212.92045125741447 
14.47 70.64 16.0 -1.0 1.331558 59.56922842909763 1.4866790508455339 0.05529671798135269 30.727766410625698 8.0 30.911342053911184 8.0 1.3315608763756852 59.706780533210335 
14.47 70.64 16.0 -1.0 2.6962681043 0.0 1.4836010489410998 0.031795612839277794 72.51779789934801 32.0 -1.0 -1.0 -1.0 -1.0 
14.47 70.64 16.0 -1.0 2.16584913228 444.17055560219774 4.79146198453141 0.011059343596270537 819.05797923866 32.0 819.1374502460748 32.0 2.165855524557022 444.15772840722065 
14.51 55.03 16.0 -1.0 269.92298522974 80.95529395906476 0.025926349673057604 0.06497364362808941 2.3808706794093135 1.0 -1.0 -1.0 -1.0 -1.0 
14.51 55.03 16.0 -1.0 3.1720007909 71.25888013277806 0.2534197067560146 0.03317803078881161 5.379626822700841 16.0 -1.0 -1.0 -1.0 -1.0 
14.51 55.03 16.0 -1.0 0.2997683063955779 24.956877197187566 0.509883252033655 0.06082638977948796 2.4452559771534115 8.0 -1.0 -1.0 -1.0 -1.0 
14.51 55.03 16.0 -1.0 0.786658 68.07012659258982 0.02230153896444461 0.016589015394405805 0.7340041971128772 1.0 -1.0 -1.0 -1.0 -1.0 
14.51 55.03 16.0 -1.0 0.2876229454360985 58.56894257488608 0.06703206958736198 0.019353851293473442 1.1480667949156909 2.0 -1.0 -1.0 -1.0 -1.0 
14.51 55.03 16.0 -1.0 11.7547287226 0.0 0.19639449623086547 0.03041319488974398 2.5448823338390167 8.0 -1.0 -1.0 -1.0 -1.0 
14.51 55.03 16.0 -1.0 0.8829 108.4501586678307 0.031809017497637995 0.02350110514207489 0.4549733858888736 4.0 -1.0 -1.0 -1.0 -1.0 
14.51 55.03 16.0 -1.0 0.8014686782873773 216.9003173356614 0.018699378944626133 0.04009012053648069 4.712960530852177 1.0 -1.0 -1.0 -1.0 -1.0 
14.51 55.03 16.0 -1.0 0.1477177803212584 325.35047600349213 0.08083338374683194 0.0884747487701643 -0.30735661767771305 16.0 -1.0 -1.0 -1.0 -1.0 
14.51 55.03 16.0 -1.0 2.895182851468 104.90348381190707 9.958635112613393 0.019353851293473442 772.039194753791 32.0 772.0557474420051 32.0 2.8951944841537625 104.9422566321002 
14.97 46.88 16.0 -1.0 1.043842621224 139.09676972868382 0.8105706589434478 0.08156265902249521 6.1853765085819274 2.0 7.0855539337998765 4.0 1.043857385714849 138.23637662434797 
14.97 46.88 16.0 -1.0 14.832641066111385 1.632105544659817 0.01770617745443082 0.03456044873834543 1.1266258764020967 1.0 -1.0 -1.0 -1.0 -1.0 
14.97 46.88 16.0 -1.0 1.582278 52.18140262503922 0.2681901630307897 0.03732528463741307 4.094387792282135 16.0 -1.0 -1.0 -1.0 -1.0 
14.97 46.88 16.0 -1.0 258.687554 15.654420787511766 0.3728697535730254 0.011059343596270537 12.599076004278308 1.0 12.599075888905544 1.0 258.68745675931376 15.685679631606105 
14.97 46.88 16.0 -1.0 1.18783958454 0.0 0.015073628992941223 0.03317803078881161 2.010973941353661 4.0 -1.0 -1.0 -1.0 -1.0 
14.97 46.88 16.0 -1.0 2.810123369 229.85103297258465 0.017390979069392094 0.023501105142074895 2.7345565144069486 1.0 -1.0 -1.0 -1.0 -1.0 
14.97 46.88 16.0 -1.0 1.0772101343087 128.52256479145123 1.0273091827079035 0.012441761545804354 152.4806455978189 32.0 153.02425650554122 32.0 1.0772055247798562 128.52137504606293 
14.97 46.88 16.0 -1.0 0.72095913858 25.722902879920213 1.2885788864793857 0.01382417949533817 156.8547167497362 32.0 157.54239386756151 32.0 0.7209564500954002 25.704275009212584 
14.97 46.88 16.0 -1.0 0.735983147695 76.61701099086154 6.948390029296244 0.03041319488974398 415.7474174137078 32.0 415.94675893453393 32.0 0.7359934291647127 76.60683536210207 
14.97 46.88 16.0 -1.0 38.90787282632 153.2340219817231 5.72236765935022 0.012441761545804354 222.26003085332755 4.0 209.90792282900185 2.0 38.9079408099254 153.21367072420415 
158.13 22.91 16.0 -1.0 0.00555178671231924 55.48379169619993 0.39242744783163036 0.019353851293473442 3.538959427996806 1.0 -1.0 -1.0 -1.0 -1.0 
158.13 22.91 16.0 -1.0 51.29606294732505 65.10853107207134 0.327454916287773 0.012441761545804354 13.708726765236928 2.0 13.708726817913046 2.0 51.2959862438341 65.07027098788855 
158.13 22.91 16.0 -1.0 1.2748590898846661 79.439484922174 0.11673651412337911 0.019353851293473442 6.00322715826919 16.0 6.133987355614761 16.0 1.2748690399651728 79.2379816228876 
158.13 22.91 16.0 -1.0 408.163265 66.06392799541153 0.020841640152677334 0.022118687192541075 0.8325751011846648 1.0 -1.0 -1.0 -1.0 -1.0 
158.13 22.91 16.0 -1.0 4.2340633683 0.0 0.12673900435120206 0.011059343596270537 9.92472549585738 32.0 -1.0 -1.0 -1.0 -1.0 
158.13 22.91 16.0 -1.0 13.87699831012 39.312814141886555 0.4699668299660376 0.01520659744487199 43.94890244952591 16.0 44.03540309224479 16.0 13.877009526671221 39.264798045568824 
158.13 22.91 16.0 -1.0 54.704771719716256 74.28505954563502 1.769394946143883 0.04285495643554833 42.58264199911395 4.0 42.71936277350711 4.0 54.704772386079036 74.27928290063794 
158.13 22.91 16.0 -1.0 390.56839326407 55.613536957394274 2.9501696080549085 0.02073626924300726 64.62749878383251 1.0 64.94160991991346 1.0 390.56855409095687 55.658863208924885 
158.13 22.91 16.0 -1.0 9.75293608435 78.62562828377311 1.5930163089026401 0.04700221028414978 59.41308483056755 8.0 59.46151032268346 8.0 9.752936117971938 78.63079402424479 
158.13 22.91 16.0 -1.0 0.15617544155 117.93844242565967 3.767537691055853 0.03732528463741307 137.18006236373878 16.0 139.39765240264276 32.0 0.15619055678447089 116.88361273874226 
158.76 46.72 16.0 -1.0 9.75293608435 39.28930493559325 0.6462209569809844 0.011059343596270537 84.66500761232342 32.0 84.72022609767372 32.0 9.752936117971938 39.264798045568824 
158.76 46.72 16.0 -1.0 30.277356639727 28.298216325305592 0.04689938164586273 0.02350110514207489 1.1517789046193485 16.0 -1.0 -1.0 -1.0 -1.0 
158.76 46.72 16.0 -1.0 2.3345886216 22.761352138168203 0.06740356517769636 0.06635606157762322 0.04008432277764661 8.0 -1.0 -1.0 -1.0 -1.0 
158.76 46.72 16.0 -1.0 0.12427 99.52188720163795 0.05381125083876805 0.04147253848601452 1.0694244973990867 2.0 -1.0 -1.0 -1.0 -1.0 
158.76 46.72 16.0 -1.0 240.25490831930935 61.42495600357322 0.6338408101544684 0.024883523091608708 17.905464109150063 1.0 17.905464271118262 1.0 240.25503080338243 61.42714539603165 
158.76 46.72 16.0 -1.0 9.75293608435 3.4000360040417235 0.11803402058496168 0.02350110514207489 3.1184030414075843 8.0 -1.0 -1.0 -1.0 -1.0 
158.76 46.72 16.0 -1.0 162.074554 0.0 0.16207684425645388 0.019353851293473442 3.6899904572536997 2.0 -1.0 -1.0 -1.0 -1.0 
158.76 46.72 16.0 -1.0 1.136 39.34833333844119 0.10693082321643356 0.07188573337575849 2.1679051099079008 2.0 -1.0 -1.0 -1.0 -1.0 
158.76 46.72 16.0 -1.0 1.195569 78.69666667688239 0.2506339530777214 0.026265941041142528 10.065937497855895 16.0 10.220344489855062 16.0 1.1955611019705734 79.03558575667333 
158.76 46.72 16.0 -1.0 2.808594 118.04500001532358 0.043678128978115446 0.016589015394405805 1.7521285540371485 1.0 -1.0 -1.0 -1.0 -1.0 
159.17 47.49 16.0 -1.0 1.330601 54.537939117859686 0.5686898637929256 0.06635606157762322 6.70065970665301 8.0 6.973853346298634 8.0 1.3306513816739123 54.646883877853526 
159.17 47.49 16.0 -1.0 36.676742509182695 25.598959088214166 0.05340387334924582 0.035942866687879244 1.8061579081205856 1.0 -1.0 -1.0 -1.0 -1.0 
159.17 47.49 16.0 -1.0 0.306545 47.92871039983298 0.24856475251090746 0.013824179495338172 14.319868785969724 32.0 14.519917528686898 32.0 0.30656034747759503 47.66422649346113 
159.17 47.49 16.0 -1.0 9.93255637407 39.336713066398254 0.02211742042623624 0.0483846282336836 2.1231211172389948 2.0 -1.0 -1.0 -1.0 -1.0 
159.17 47.49 16.0 -1.0 1.672008955802 78.67342613279651 0.04824678145425939 0.017971433343939622 2.0009776559741383 8.0 -1.0 -1.0 -1.0 -1.0 
159.17 47.49 16.0 -1.0 7.557780825655 118.01013919919477 0.20655299812036093 0.16036048214592277 2.468867023270902 4.0 -1.0 -1.0 -1.0 -1.0 
159.17 47.49 16.0 -1.0 10.564124 70.18764854661579 1.5293907241759483 0.006912089747669086 245.21979384126777 32.0 245.56029741012935 32.0 10.564114442483213 70.23136557635247 
159.17 47.49 16.0 -1.0 4.4731155537 19.10775231158079 8.524974121288697 0.031795612839277794 650.1966767348646 16.0 680.9228320307894 32.0 4.473107158749675 19.126409357248733 
159.17 47.49 16.0 -1.0 5.8116320951 104.59104446277267 2.851973688702285 0.017971433343939622 305.30824995351526 32.0 305.5485569476768 32.0 5.811640827838953 104.63866283277878 
159.17 47.49 16.0 -1.0 113.07363260349598 0.0 3.198530490463564 0.022118687192541075 125.85255184513495 4.0 -1.0 -1.0 -1.0 -1.0 
159.45 54.87 16.0 -1.0 1.2631955534031425 16.214489179068583 0.18265272784775224 0.026265941041142528 3.2894196980523938 16.0 -1.0 -1.0 -1.0 -1.0 
159.45 54.87 16.0 -1.0 10.120025887 58.85259035365634 0.2689322988764996 0.013824179495338172 21.650816240323522 16.0 21.882044554505303 16.0 10.120008179607492 58.79599913524611 
159.45 54.87 16.0 -1.0 0.9720980770488604 94.05604797132301 0.1669637776112178 0.013824179495338172 9.36655265275256 32.0 9.586984004523284 32.0 0.9720982537449648 93.91168192342235 
159.45 54.87 16.0 -1.0 1.82745452277 105.69444798207668 0.627306442740827 0.06497364362808941 13.547813091834884 8.0 13.628378337626259 8.0 1.827478020762404 105.85303803006441 
159.45 54.87 16.0 -1.0 2.493726035378311 0.0 0.10202365312122574 0.031795612839277794 2.856521114509932 1.0 -1.0 -1.0 -1.0 -1.0 
159.45 54.87 16.0 -1.0 0.600780731556 80.06354434642309 0.15528128342560743 0.038707702586946884 2.7624815242060357 4.0 -1.0 -1.0 -1.0 -1.0 
159.45 54.87 16.0 -1.0 170.849405719173 120.09531651963464 0.5870523997342639 0.03456044873834543 11.908118296654958 1.0 -1.0 -1.0 -1.0 -1.0 
159.45 54.87 16.0 -1.0 2.6255691627 64.02921615823306 3.18310001784347 0.03456044873834543 215.19735471464057 16.0 221.12533528464857 32.0 2.6255596215681485 64.05829165681718 
159.45 54.87 16.0 -1.0 37.875759002200844 42.92635875999342 1.4431648135339923 0.026265941041142528 78.43096170455111 8.0 78.47369526281449 8.0 37.87572495639324 42.90792363742573 
159.45 54.87 16.0 -1.0 2.6230255504986837 40.03177217321154 4.050986128619253 0.038707702586946884 227.43487263428426 16.0 227.48232215931628 16.0 2.6230433528932435 39.973183577318785 
16.36 30.67 16.0 -1.0 0.2772407996741773 71.56598885921296 0.03439170012709915 0.07465056927482613 1.9530104150769296 1.0 -1.0 -1.0 -1.0 -1.0 
16.36 30.67 16.0 -1.0 0.16494225692538939 65.14434425278841 0.13826557733666653 0.11750552571037445 1.7077490625244647 8.0 -1.0 -1.0 -1.0 -1.0 
16.36 30.67 16.0 -1.0 0.004792556338475222 27.630746058835875 0.01455178574214077 0.019353851293473442 3.6004812521020195 1.0 -1.0 -1.0 -1.0 -1.0 
16.36 30.67 16.0 -1.0 5.274288303572135 105.33853721364295 0.662952096295988 0.022118687192541075 58.3061968947536 16.0 59.588886405836924 16.0 5.274281041541448 105.34704836452875 
16.36 30.67 16.0 -1.0 457.3101495463383 49.09023273672707 0.3263257652567187 0.013824179495338172 8.607441207087561 1.0 -1.0 -1.0 -1.0 -1.0 
16.36 30.67 16.0 -1.0 5.385996 98.18046547345413 0.6717113988391871 0.011059343596270537 92.17573819502618 32.0 92.22925465191832 32.0 5.385997307409222 98.16199511392207 
16.36 30.67 16.0 -1.0 1.153642 147.2706982101812 0.40453927897537106 0.035942866687879244 12.45181625314661 16.0 12.64161725118678 16.0 1.1536637127089004 146.9393988715617 
16.36 30.67 16.0 -1.0 0.0028382210615318718 45.71739646408665 1.1114875193354339 0.08985716671969811 5.025393164968366 1.0 -1.0 -1.0 -1.0 -1.0 
16.36 30.67 16.0 -1.0 1.582779 133.27858266865982 1.1975890895574548 0.008294507697202903 175.04091420545575 32.0 175.1421677677929 32.0 1.5827936294954272 133.2776779020983 
16.36 30.67 16.0 -1.0 16.335418006473386 0.0 2.1603964419195925 0.006912089747669086 665.2821058109822 16.0 -1.0 -1.0 -1.0 -1.0 
16.73 30.67 16.0 -1.0 8.906044769672528 24.186632902400078 0.21102428295491238 0.05391430003181887 2.3035933650552467 8.0 -1.0 -1.0 -1.0 -1.0 
16.73 30.67 16.0 -1.0 0.049253486105605454 84.4837171216071 0.5063728905905742 0.016589015394405805 6.846045632710252 32.0 7.852528768255865 32.0 0.04926429634603362 93.2032963916724 
16.73 30.67 16.0 -1.0 0.951746 88.86118815878737 0.8842898893257327 0.02350110514207489 66.7926879574887 32.0 67.36326847039324 32.0 0.9517558889153104 88.85178526806556 
16.73 30.67 16.0 -1.0 0.0010092333577727544 45.513907618897896 0.8867368963950869 0.006912089747669086 5.992321577325555 2.0 -1.0 -1.0 -1.0 -1.0 
16.73 30.67 16.0 -1.0 2.803355 2.6087958706427874 0.6307830111759226 0.011059343596270537 67.71504404049858 32.0 67.86398846621937 32.0 2.803365835764756 2.63114626078554 
16.73 30.67 16.0 -1.0 275.667196397883 98.24990550115717 0.028206229453232513 0.011059343596270537 0.9831327053412372 1.0 -1.0 -1.0 -1.0 -1.0 
16.73 30.67 16.0 -1.0 0.07312664188527858 147.37485825173576 0.15000910217817925 0.011059343596270537 4.075523238949179 32.0 -1.0 -1.0 -1.0 -1.0 
16.73 30.67 16.0 -1.0 0.02850604555160601 109.23043049341072 3.9843734362626333 0.011059343596270537 183.85784174614136 32.0 187.020233836014 32.0 0.028497500655551754 118.0979879360279 
16.73 30.67 16.0 -1.0 0.3895347605661933 0.0 1.02589074082829 0.011059343596270537 56.08523821764804 32.0 -1.0 -1.0 -1.0 -1.0 
16.73 30.67 16.0 -1.0 0.15515816927 49.124952750578586 1.2025634798493765 0.031795612839277794 22.952024438845086 16.0 27.255663500283365 32.0 0.15515979612246156 50.70016448667521 
160.07 55.26 16.0 -1.0 0.37033302017362885 25.73256045164926 0.6763679470849132 0.026265941041142524 31.18373813029371 32.0 31.709701321521425 32.0 0.3703159260718773 26.412660540962534 
160.07 55.26 16.0 -1.0 8.419320078947 58.00018401893172 0.05874581018442158 0.06359122567855559 1.595352766225133 1.0 -1.0 -1.0 -1.0 -1.0 
160.07 55.26 16.0 -1.0 0.652684 58.00018401893172 0.09306724964577999 0.011059343596270536 3.960852632533552 32.0 -1.0 -1.0 -1.0 -1.0 
160.07 55.26 16.0 -1.0 258.397933 20.948174794515964 0.31178081282623893 0.01520659744487199 6.708481225996145 1.0 -1.0 -1.0 -1.0 -1.0 
160.07 55.26 16.0 -1.0 0.81153 68.64814006789004 0.7502180669786822 0.08156265902249521 10.062316770058858 8.0 10.07821577459487 8.0 0.8115118059019248 68.91579244595971 
160.07 55.26 16.0 -1.0 0.56058054107 38.62282256046704 0.028225722307376612 0.02073626924300726 0.8746824733450218 32.0 -1.0 -1.0 -1.0 -1.0 
160.07 55.26 16.0 -1.0 0.9060216 0.0 0.44347044990778317 0.02350110514207489 10.240225275548077 32.0 -1.0 -1.0 -1.0 -1.0 
160.07 55.26 16.0 -1.0 337.837838 39.96580800808341 0.6186986208297587 0.04423737438508215 7.183105468342015 1.0 -1.0 -1.0 -1.0 -1.0 
160.07 55.26 16.0 -1.0 1.531251179639 119.89742402425021 0.06749676032594978 0.008294507697202903 5.796698738517669 32.0 -1.0 -1.0 -1.0 -1.0 
160.07 55.26 16.0 -1.0 25.746268004948682 79.93161601616681 5.31829688285358 0.019353851293473442 340.35003896921666 8.0 340.4404449584216 8.0 25.746218549708527 79.94636715463757 
160.49 23.34 16.0 -1.0 375.85602004288 75.14514340476993 0.5911220609412288 0.011059343596270537 14.706541603682426 1.0 -1.0 -1.0 -1.0 -1.0 
160.49 23.34 16.0 -1.0 3.6279007508719 5.7572740639346796 0.12235134866027213 0.03456044873834543 1.4785240842905796 4.0 -1.0 -1.0 -1.0 -1.0 
160.49 23.34 16.0 -1.0 271.73913 68.43988445480583 0.620410683714617 0.024883523091608708 11.252132448408968 1.0 -1.0 -1.0 -1.0 -1.0 
160.49 23.34 16.0 -1.0 0.001163754422873072 0.0 0.1862202917420173 0.004147253848601451 4.541388533529466 2.0 -1.0 -1.0 -1.0 -1.0 
160.49 23.34 16.0 -1.0 4.079967 77.06423475941482 0.01593016308902639 0.02073626924300726 0.6658227527399394 2.0 -1.0 -1.0 -1.0 -1.0 
160.49 23.34 16.0 -1.0 5.8116320951 115.59635213912222 0.513063379048396 0.06773847952715704 9.702783720114004 8.0 9.70278304208379 8.0 5.811671144329011 115.5680396083495 
160.49 23.34 16.0 -1.0 4.05954117419 97.04128211379057 7.575092471847536 0.01520659744487199 983.2151422287334 32.0 983.4534850411329 32.0 4.059529601363465 97.04881784974357 
160.49 23.34 16.0 -1.0 4.43356543891 64.46297224999955 9.040565968592855 0.03317803078881161 545.2292992599089 32.0 545.2606454577578 32.0 4.433574455712612 64.46308338924572 
160.49 23.34 16.0 -1.0 6.327395203976 44.65933676501941 9.693902556544126 0.026265941041142528 908.3328327657473 32.0 908.4585857189858 32.0 6.327384956724321 44.628288500247045 
160.49 23.34 16.0 -1.0 0.8784237673 38.53211737970741 8.554472200642591 0.02350110514207489 847.5482120849081 32.0 847.7971989041204 32.0 0.8784202994623532 38.55641251381887 
160.63 55.26 16.0 -1.0 0.0027610319268041696 59.329810879642494 0.05120011389792241 0.01382417949533817 5.206109806649289 2.0 -1.0 -1.0 -1.0 -1.0 
160.63 55.26 16.0 -1.0 1.1522709735091132 49.244101952129164 0.04431641865391037 0.012441761545804354 2.986305508953608 32.0 -1.0 -1.0 -1.0 -1.0 
160.63 55.26 16.0 -1.0 0.17916629069406123 35.305963280061505 0.5797974856117099 0.024883523091608708 14.3932294062728 32.0 14.571169586879522 32.0 0.17917045624926686 35.62167245371192 
160.63 55.26 16.0 -1.0 0.03197657411683124 57.6309132904291 0.8044342425811861 0.09815167441690101 2.182082475414922 1.0 -1.0 -1.0 -1.0 -1.0 
160.63 55.26 16.0 -1.0 3.18107864855 59.222134271875454 0.04158741212350101 0.06082638977948796 1.7892914029096232 4.0 -1.0 -1.0 -1.0 -1.0 
160.63 55.26 16.0 -1.0 327.405572743031 0.0 0.21874291404837506 0.024883523091608708 3.302868532791749 1.0 -1.0 -1.0 -1.0 -1.0 
160.63 55.26 16.0 -1.0 0.037556479387493215 119.62871122918841 0.43019302671138504 0.022118687192541075 3.901119531811923 32.0 -1.0 -1.0 -1.0 -1.0 
160.63 55.26 16.0 -1.0 2.6594382815883786 55.32184825720244 2.2117420426236243 0.029030776940210157 173.9396758089388 32.0 174.2135517337986 32.0 2.6594534574542195 55.25407147649634 
160.63 55.26 16.0 -1.0 30.277356639727 39.87623707639614 1.7816610368291121 0.029030776940210157 91.770948478479 16.0 91.83683199357701 16.0 30.277381786921374 39.87198564421164 
160.63 55.26 16.0 -1.0 6.8655515420342 79.75247415279227 1.61517960493532 0.035942866687879244 100.8111993037813 16.0 100.81119897005343 16.0 6.865593604743482 79.74397128842328 
160.74 54.48 16.0 -1.0 472.12241705279166 27.597379078849368 0.022456141361130662 0.03456044873834543 1.8059879955855107 1.0 -1.0 -1.0 -1.0 -1.0 
160.74 54.48 16.0 -1.0 15.038547169613716 45.3470774742858 0.05091792383145409 0.022118687192541075 0.9769504759746322 1.0 -1.0 -1.0 -1.0 -1.0 
160.74 54.48 16.0 -1.0 0.0167272431430518 110.43726264598372 0.013164729537922268 0.013824179495338172 1.5764452299842284 4.0 -1.0 -1.0 -1.0 -1.0 
160.74 54.48 16.0 -1.0 267.03957629533625 14.132913853528397 0.01081193410945589 0.05529671798135269 2.173259474527288 1.0 -1.0 -1.0 -1.0 -1.0 
160.74 54.48 16.0 -1.0 0.21307273988 0.0 0.011714044531520642 0.08709233082063048 1.4388782433818268 2.0 -1.0 -1.0 -1.0 -1.0 
160.74 54.48 16.0 -1.0 348.55922634174 39.784629960988305 0.07348295605175846 0.09538683851783337 0.3060650773720466 1.0 -1.0 -1.0 -1.0 -1.0 
160.74 54.48 16.0 -1.0 364.9975219689083 119.3538898829649 0.2332581268079301 0.013824179495338172 3.985174860637051 1.0 -1.0 -1.0 -1.0 -1.0 
160.74 54.48 16.0 -1.0 383.9226171642824 23.145033751682064 7.496999618546878 0.012441761545804354 207.25342865961022 1.0 207.25343315585627 1.0 383.9222093423208 23.17432668153418 
160.74 54.48 16.0 -1.0 0.135722 51.93607109518754 4.340739829728949 0.016589015394405805 370.9883690771531 32.0 372.6052922540562 32.0 0.13572692599458 52.52172728260366 
160.74 54.48 16.0 -1.0 0.2311059204 79.56925992197661 7.162844260825422 0.01520659744487199 966.2573136826467 32.0 968.7021778655217 32.0 0.2311026037205011 79.74397128842328 
161.06 47.49 16.0 -1.0 104.09670305794363 69.36911454126233 0.30814056524267586 0.019353851293473442 11.289336711129588 1.0 11.508573268966805 1.0 104.09664052228133 69.4217821114954 
161.06 47.49 16.0 -1.0 0.3967613979300639 25.128667311551578 0.11625363484731725 0.10782860006363774 3.65255299246466 1.0 -1.0 -1.0 -1.0 -1.0 
161.06 47.49 16.0 -1.0 138.41286895587558 50.35061969896971 0.015421222805264652 0.03041319488974398 1.3666546225203913 2.0 -1.0 -1.0 -1.0 -1.0 
161.06 47.49 16.0 -1.0 0.582564 107.20787343963119 0.06647866174025409 0.022118687192541075 1.763376287247004 8.0 -1.0 -1.0 -1.0 -1.0 
161.06 47.49 16.0 -1.0 0.2876229454360985 0.0 0.15063219053801963 0.017971433343939622 1.80810393218741 32.0 -1.0 -1.0 -1.0 -1.0 
161.06 47.49 16.0 -1.0 195.4503977286 38.864894732900886 0.8066602730969565 0.03456044873834543 20.310001898037292 1.0 20.310002580579653 1.0 195.45065394292277 38.86000631314029 
161.06 47.49 16.0 -1.0 267.379679 77.72978946580177 0.5972795120198795 0.006912089747669086 33.1966842401177 1.0 33.196684185890476 1.0 267.3798007890582 77.72001262628058 
161.06 47.49 16.0 -1.0 0.06857004804796225 57.358661023444185 4.9598614726678445 0.005529671798135269 587.510383037532 32.0 597.4697830414098 32.0 0.06857590051367879 60.92115573049596 
161.06 47.49 16.0 -1.0 0.08707950795554291 67.10695145149853 6.624942575779249 0.02211868719254108 234.48790458353315 32.0 236.3650085801547 32.0 0.08706895944972834 70.02896971013821 
161.06 47.49 16.0 -1.0 1.44393577539 116.59468419870267 3.6953601033657075 0.019353851293473442 476.0362745393713 32.0 476.0819233502502 32.0 1.4439441050247601 116.58001893942085 
161.11 54.87 16.0 -1.0 0.03394511707903087 32.21004366735804 0.5134179485817345 0.056679135930886505 2.202818584429207 2.0 -1.0 -1.0 -1.0 -1.0 
161.11 54.87 16.0 -1.0 0.03505483273125927 16.92816739406706 0.15063219053801963 0.08985716671969811 2.2616650076554285 2.0 -1.0 -1.0 -1.0 -1.0 
161.11 54.87 16.0 -1.0 2.52676461497 41.8014788927491 0.5734239758366275 0.04285495643554833 16.529857438016535 16.0 16.587312035523695 16.0 2.5267581804655492 41.997142239461496 
161.11 54.87 16.0 -1.0 197.17549563595534 68.88177486493531 0.07333081784913688 0.017971433343939622 1.8649920011162995 2.0 -1.0 -1.0 -1.0 -1.0 
161.11 54.87 16.0 -1.0 1.69355814663 6.823757399158815 0.07507365301564749 0.008294507697202903 3.339442918807563 32.0 -1.0 -1.0 -1.0 -1.0 
161.11 54.87 16.0 -1.0 0.589071575525134 0.0 0.5690828758609342 0.016589015394405805 34.365044310289434 32.0 -1.0 -1.0 -1.0 -1.0 
161.11 54.87 16.0 -1.0 237.65856646672 39.7615094604831 0.17865912494267439 0.04423737438508215 1.961778971992174 1.0 -1.0 -1.0 -1.0 -1.0 
161.11 54.87 16.0 -1.0 0.5600315776458 79.5230189209662 0.014253298863765182 0.019353851293473442 1.2001436290623149 32.0 -1.0 -1.0 -1.0 -1.0 
161.11 54.87 16.0 -1.0 12.6998621581 56.2363503140466 5.718415757714971 0.031795612839277794 379.636657186712 16.0 387.81411222026895 32.0 12.69985053416652 56.2660508075677 
161.11 54.87 16.0 -1.0 0.45935 119.28452838144929 1.6987247418078029 0.015206597444871992 217.8658873740983 32.0 218.17430115947957 32.0 0.459355457375447 119.21116520020638 
161.29 54.48 16.0 -1.0 141.145053 67.17376879288865 0.017451155261522674 0.009676925646736721 1.2004458348556688 1.0 -1.0 -1.0 -1.0 -1.0 
161.29 54.48 16.0 -1.0 1.0272110057391965 55.51364119568333 0.07617074070610481 0.016589015394405805 2.456581613186039 16.0 -1.0 -1.0 -1.0 -1.0 
161.29 54.48 16.0 -1.0 1.480064901357 66.34005180432443 0.04313834568975224 0.008294507697202903 0.5156176855676605 4.0 -1.0 -1.0 -1.0 -1.0 
161.29 54.48 16.0 -1.0 13.21720023548 31.764617264296813 0.3572360638623663 0.04285495643554833 8.785708153912694 16.0 8.785708327889195 16.0 13.217201437025022 31.776150995640755 
161.29 54.48 16.0 -1.0 1.6119541713 70.1036884955572 0.049257146235465336 0.029030776940210157 1.005846110565879 1.0 -1.0 -1.0 -1.0 -1.0 
161.29 54.48 16.0 -1.0 1.57465816615 0.0 0.024908044558226906 0.024883523091608704 0.21535146785603482 32.0 -1.0 -1.0 -1.0 -1.0 
161.29 54.48 16.0 -1.0 315.457413 39.696838898350684 0.02797336257603725 0.031795612839277794 3.170807778676752 1.0 -1.0 -1.0 -1.0 -1.0 
161.29 54.48 16.0 -1.0 1.963664219963713 79.39367779670137 0.030140323878155 0.06635606157762322 1.3740748757356769 8.0 -1.0 -1.0 -1.0 -1.0 
161.29 54.48 16.0 -1.0 337.36912025226 44.49666670394184 2.6160242420857194 0.005529671798135269 119.14425154647628 1.0 119.14425226062191 1.0 337.3686922714114 44.52709056713991 
161.29 54.48 16.0 -1.0 1.1599278713806 119.09051669505206 5.870523997342639 0.016589015394405805 863.6301938090493 32.0 863.7528307284738 32.0 1.1599392261511337 119.0087693339921 
161.67 54.87 16.0 -1.0 487.55679115589527 3.689949000225197 0.31985304904635653 0.008294507697202903 5.953010075284408 1.0 -1.0 -1.0 -1.0 -1.0 
161.67 54.87 16.0 -1.0 0.39313147437542517 83.88087291802246 0.020484772405218534 0.006912089747669086 2.1149326941947217 2.0 -1.0 -1.0 -1.0 -1.0 
161.67 54.87 16.0 -1.0 0.0034266831543681496 67.72841874606894 0.038784559734588844 0.017971433343939622 6.355285213585464 1.0 -1.0 -1.0 -1.0 -1.0 
161.67 54.87 16.0 -1.0 2.797329964725804 7.272770448830953 0.11386903510263416 0.11474068981130683 0.5293127311995698 1.0 -1.0 -1.0 -1.0 -1.0 
161.67 54.87 16.0 -1.0 0.199465428208 67.95457691059887 0.43889864132372547 0.016589015394405805 28.08480343310019 32.0 29.188756624341675 32.0 0.1994521880988032 67.60021931556696 
161.67 54.87 16.0 -1.0 0.9430725552993 79.3458065661328 0.012058912136299609 0.015206597444871992 1.8018144379386631 1.0 -1.0 -1.0 -1.0 -1.0 
161.67 54.87 16.0 -1.0 37.185887516168556 119.01870984919918 0.06796467247011044 0.02073626924300726 2.691357618460219 4.0 -1.0 -1.0 -1.0 -1.0 
161.67 54.87 16.0 -1.0 48.99209942951717 41.80355125416417 9.198062783746261 0.06635606157762322 238.8293579189567 8.0 -1.0 -1.0 -1.0 -1.0 
161.67 54.87 16.0 -1.0 1.9709085082041 0.0 1.0076282386271527 0.022118687192541075 73.05958986361719 32.0 -1.0 -1.0 -1.0 -1.0 
161.67 54.87 16.0 -1.0 0.6918644381082373 39.6729032830664 1.5336228543394148 0.05529671798135269 18.770786805799084 32.0 18.918061448117857 32.0 0.6918526196386665 39.87198564421164 
161.67 54.87 16.0 -1.0 487.55679115589527 3.689949000225197 0.31985304904635653 0.008294507697202903 5.953010075284408 1.0 -1.0 -1.0 -1.0 -1.0 
161.67 54.87 16.0 -1.0 0.39313147437542517 83.88087291802246 0.020484772405218534 0.006912089747669086 2.1149326941947217 2.0 -1.0 -1.0 -1.0 -1.0 
161.67 54.87 16.0 -1.0 0.0034266831543681496 67.72841874606894 0.038784559734588844 0.017971433343939622 6.355285213585464 1.0 -1.0 -1.0 -1.0 -1.0 
161.67 54.87 16.0 -1.0 2.797329964725804 7.272770448830953 0.11386903510263416 0.11474068981130683 0.5293127311995698 1.0 -1.0 -1.0 -1.0 -1.0 
161.67 54.87 16.0 -1.0 0.199465428208 67.95457691059887 0.43889864132372547 0.016589015394405805 28.08480343310019 32.0 29.188756624341675 32.0 0.1994521880988032 67.60021931556696 
161.67 54.87 16.0 -1.0 0.9430725552993 79.3458065661328 0.012058912136299609 0.015206597444871992 1.8018144379386631 1.0 -1.0 -1.0 -1.0 -1.0 
161.67 54.87 16.0 -1.0 37.185887516168556 119.01870984919918 0.06796467247011044 0.02073626924300726 2.691357618460219 4.0 -1.0 -1.0 -1.0 -1.0 
161.67 54.87 16.0 -1.0 48.99209942951717 41.80355125416417 9.198062783746261 0.06635606157762322 238.8293579189567 8.0 -1.0 -1.0 -1.0 -1.0 
161.67 54.87 16.0 -1.0 1.9709085082041 0.0 1.0076282386271527 0.022118687192541075 73.05958986361719 32.0 -1.0 -1.0 -1.0 -1.0 
161.67 54.87 16.0 -1.0 0.6918644381082373 39.6729032830664 1.5336228543394148 0.05529671798135269 18.770786805799084 32.0 18.918061448117857 32.0 0.6918526196386665 39.87198564421164 
162.31 55.26 16.0 -1.0 1.75052694621 15.29399021030326 0.017223587367143956 0.03456044873834543 -0.01591089194388342 16.0 -1.0 -1.0 -1.0 -1.0 
162.31 55.26 16.0 -1.0 0.21237375227076602 74.31904799940683 0.027819187039232543 0.03041319488974398 0.8694555375747655 1.0 -1.0 -1.0 -1.0 -1.0 
162.31 55.26 16.0 -1.0 0.04555210001633608 114.87723649028875 0.49873493106103073 0.013824179495338172 17.366141804278833 32.0 17.920553058417166 32.0 0.045565684558823705 116.68121687252798 
162.31 55.26 16.0 -1.0 0.01911184088305906 50.39767869611199 0.479477328389371 0.011059343596270537 0.15584287994497564 2.0 -1.0 -1.0 -1.0 -1.0 
162.31 55.26 16.0 -1.0 15.107815784735827 0.0 0.5209207739914885 0.21427478217774165 0.7212644403527065 4.0 -1.0 -1.0 -1.0 -1.0 
162.31 55.26 16.0 -1.0 6.393872581394 39.60751310873408 0.6886266062301213 0.05391430003181887 21.23950003638938 8.0 21.23949980506626 8.0 6.3938690194239225 39.56839184489023 
162.31 55.26 16.0 -1.0 1.25242411862 79.21502621746816 0.07879336515072571 0.026265941041142528 0.7138839861492287 2.0 -1.0 -1.0 -1.0 -1.0 
162.31 55.26 16.0 -1.0 1.22896880609 63.101078490062406 1.704602661965842 0.01520659744487199 152.52160845550563 32.0 152.6216003909551 32.0 1.228969874015699 63.046312325745824 
162.31 55.26 16.0 -1.0 6.2435670953068 118.8106558839254 2.7838412414827753 0.012441761545804354 357.49218000006664 16.0 355.85089342165077 32.0 3.121779930855458 118.80637346777785 
162.31 55.26 16.0 -1.0 1.25904326788 118.82253932620225 6.161393809520712 0.01520659744487199 935.5548280443053 32.0 935.9233032098989 32.0 1.2590438321543238 118.7051755346707 
162.45 62.33 16.0 -1.0 1.636554 71.80414605632856 0.28070155886764464 0.07188573337575849 4.665629932895809 4.0 -1.0 -1.0 -1.0 -1.0 
162.45 62.33 16.0 -1.0 2.0310993539 113.74684659942871 0.3841125047758769 0.008294507697202903 73.60299981357613 32.0 75.04083058416184 32.0 2.0311138844893626 113.74647681242105 
162.45 62.33 16.0 -1.0 122.26155523783432 40.124410644664906 0.061869862082975874 0.035942866687879244 2.2192812291238786 4.0 -1.0 -1.0 -1.0 -1.0 
162.45 62.33 16.0 -1.0 1.544817633127 0.0 0.39405746208593423 0.06082638977948797 0.8235177928945765 2.0 -1.0 -1.0 -1.0 -1.0 
162.45 62.33 16.0 -1.0 17.662770399664428 81.34711720113633 0.035698935448104215 0.02073626924300726 1.3122071059994314 16.0 -1.0 -1.0 -1.0 -1.0 
162.45 62.33 16.0 -1.0 29.824957393648607 122.0206758017045 0.022847352570395624 0.02350110514207489 1.9046301432542814 2.0 -1.0 -1.0 -1.0 -1.0 
162.45 62.33 16.0 -1.0 0.0011063882708094472 95.01479965917304 9.600596777502428 0.055296717981352696 58.64910938226684 2.0 -1.0 -1.0 -1.0 -1.0 
162.45 62.33 16.0 -1.0 0.5092852475722 13.87513835248905 2.525458486798649 0.03317803078881161 81.73491378398393 32.0 82.27576799111787 32.0 0.5092867165027808 14.370106501213336 
162.45 62.33 16.0 -1.0 1.157564675162 74.8549680335689 2.79154468724202 0.027648358990676344 200.0495186362185 32.0 200.372065758764 32.0 1.157574539926524 74.88647049928075 
162.45 62.33 16.0 -1.0 83.421562665386 40.673558600568164 2.776159053873846 0.011059343596270537 150.09152537061647 4.0 18.549185659671725 1.0 83.42321962118149 40.68156910906873 
166.28 31.71 16.0 -1.0 269.687163 39.595696019803285 0.010280191389284826 0.04009012053648069 0.025319115509145444 1.0 -1.0 -1.0 -1.0 -1.0 
166.28 31.71 16.0 -1.0 3.845941 66.7933781488621 0.04067812589587062 0.019353851293473442 1.204927833432814 1.0 -1.0 -1.0 -1.0 -1.0 
166.28 31.71 16.0 -1.0 2.239842 59.293475098556186 0.9122124801314103 0.017971433343939622 96.63510989593334 32.0 97.08367509268162 32.0 2.2398429185462496 59.301988800781785 
166.28 31.71 16.0 -1.0 0.2782498950301 33.39142228858112 0.2661598323169135 0.06773847952715704 1.3599721120807928 1.0 -1.0 -1.0 -1.0 -1.0 
166.28 31.71 16.0 -1.0 0.02494932633157745 18.865626914463338 0.7059677766783636 0.012441761545804354 3.8968345035399574 32.0 -1.0 -1.0 -1.0 -1.0 
166.28 31.71 16.0 -1.0 336.700337 0.0 0.0124139328239447 0.019353851293473442 1.1057858446451363 1.0 -1.0 -1.0 -1.0 -1.0 
166.28 31.71 16.0 -1.0 47.659695194091945 35.10839447565957 0.17022490571849905 0.053914300031818865 0.4150284387585048 1.0 -1.0 -1.0 -1.0 -1.0 
166.28 31.71 16.0 -1.0 0.937759872398 70.21678895131915 0.10992693280787183 0.04147253848601452 -0.03130238439677931 1.0 -1.0 -1.0 -1.0 -1.0 
166.28 31.71 16.0 -1.0 0.7868706767511885 105.32518342697873 0.04219514914022988 0.05944397182995413 1.2013832118745222 1.0 -1.0 -1.0 -1.0 -1.0 
166.28 31.71 16.0 -1.0 0.258744 7.9107123466007625 1.8481051304768321 0.01520659744487199 88.38448874433544 32.0 90.32394693021244 32.0 0.2587512426543981 8.90541811342798 
166.39 30.89 16.0 -1.0 0.0027483727270493745 55.55418058552373 0.1250862926582719 0.011059343596270537 6.26276235658908 1.0 -1.0 -1.0 -1.0 -1.0 
166.39 30.89 16.0 -1.0 0.3039296774992331 45.9260547551169 0.10495475041597209 0.04009012053648069 0.6670697118205244 1.0 -1.0 -1.0 -1.0 -1.0 
166.39 30.89 16.0 -1.0 97.6103338850929 100.53113202767611 0.9462319317574852 0.04285495643554833 23.784721232626715 1.0 23.784721380022507 1.0 97.61036684115729 100.48954757538621 
166.39 30.89 16.0 -1.0 90.27494383297422 77.87919962492269 0.35847217057776026 0.022118687192541075 8.979675217196473 1.0 8.979675707400126 1.0 90.2752314383785 77.92240849249484 
166.39 30.89 16.0 -1.0 13.06483380156 72.64858581125151 0.04184679160348908 0.038707702586946884 1.5437537019990504 4.0 -1.0 -1.0 -1.0 -1.0 
166.39 30.89 16.0 -1.0 1.073871520286 0.0 0.32407913060129107 0.04285495643554833 1.4361018139952533 1.0 -1.0 -1.0 -1.0 -1.0 
166.39 30.89 16.0 -1.0 0.719945540243 35.14845935678637 0.1791535104909166 0.0483846282336836 1.99168789994978 1.0 -1.0 -1.0 -1.0 -1.0 
166.39 30.89 16.0 -1.0 1.05496 70.29691871357274 0.44901952542089446 0.009676925646736721 74.8468423705458 32.0 74.96215385364493 32.0 1.0549532210764787 70.33256350945963 
166.39 30.89 16.0 -1.0 1.675060948441 105.44537807035911 0.05915305755260793 0.017971433343939622 0.6692915769680399 32.0 -1.0 -1.0 -1.0 -1.0 
166.39 30.89 16.0 -1.0 236.517386031723 1.8771154411965116 7.177704892187014 0.013824179495338172 279.5131859647642 2.0 -1.0 -1.0 -1.0 -1.0 
166.41 23.35 16.0 -1.0 0.73597310008 13.375544102657631 0.2676349054369669 0.013824179495338172 26.835180495696438 32.0 27.83555665126283 32.0 0.7359631126746535 13.459325103249107 
166.41 23.35 16.0 -1.0 5.093688844679 78.12981489752059 0.20023046365408198 0.015206597444871992 17.00516202174434 32.0 17.08381428122058 32.0 5.093685710259403 78.1248043587091 
166.41 23.35 16.0 -1.0 3.000716562 57.54110912248049 0.03528212672173411 0.016589015394405805 1.8970758981009705 8.0 -1.0 -1.0 -1.0 -1.0 
166.41 23.35 16.0 -1.0 2.808594 16.024383442136475 0.020470625497787016 0.027648358990676348 1.2899760161959093 4.0 -1.0 -1.0 -1.0 -1.0 
166.41 23.35 16.0 -1.0 2.994749704636 22.755937961886428 0.024447745947558115 0.053914300031818865 1.5655881787847339 8.0 -1.0 -1.0 -1.0 -1.0 
166.41 23.35 16.0 -1.0 0.005181980785578871 0.0 0.017081391721641716 0.008294507697202903 3.8438978760009435 1.0 -1.0 -1.0 -1.0 -1.0 
166.41 23.35 16.0 -1.0 0.477642 72.96348362382632 0.607684792090432 0.04285495643554833 11.438957854850482 16.0 11.438957233446176 16.0 0.47766661737114197 72.96370977024517 
166.41 23.35 16.0 -1.0 20.517029 109.44522543573949 0.3306373680429452 0.011059343596270537 18.84220017566051 4.0 18.842199563618276 4.0 20.5169878123949 109.39496568881418 
166.41 23.35 16.0 -1.0 1.1194201180723 20.260337261881567 6.773031233020212 0.035942866687879244 384.9297504070706 32.0 384.9463543288636 32.0 1.1194363954321793 20.340784554534366 
166.41 23.35 16.0 -1.0 1.72898175945 36.48174181191316 1.4371951785347776 0.027648358990676344 120.44321622354184 32.0 120.80959325064438 32.0 1.7289797445603958 36.53245385167615 
167.16 46.72 16.0 -1.0 1.582779 74.61693833434639 0.18933361312185437 0.013824179495338172 11.995449003672219 32.0 12.0767585633149 32.0 1.5827936294954272 74.58287669995934 
167.16 46.72 16.0 -1.0 0.57110576181 79.87525356559577 0.5989323039447171 0.027648358990676344 39.88780860291361 16.0 40.05108901992037 16.0 0.5711020397332808 79.74397128842328 
167.16 46.72 16.0 -1.0 0.04060817251068505 0.0 0.5726322292078695 0.017971433343939622 3.182788904941239 1.0 -1.0 -1.0 -1.0 -1.0 
167.16 46.72 16.0 -1.0 0.0011908041407419432 37.05277942019912 0.046064497358040836 0.019353851293473442 2.0094976891977505 2.0 -1.0 -1.0 -1.0 -1.0 
167.16 46.72 16.0 -1.0 93.65557044574072 111.15833826059736 0.10531791439891101 0.031795612839277794 1.4410857180029846 4.0 -1.0 -1.0 -1.0 -1.0 
167.16 46.72 16.0 -1.0 1.03616638673 27.914650202256226 6.919648092188238 0.011059343596270537 1369.8193660028128 32.0 1369.8963392690548 32.0 1.0361569972398381 27.930629537569583 
167.16 46.72 16.0 -1.0 73.41018229354404 0.9115895326901674 2.7098377862687832 0.00967692564673672 232.38640673161464 4.0 -1.0 -1.0 -1.0 -1.0 
167.16 46.72 16.0 -1.0 236.966825 53.66149602799315 5.826081259236011 0.029030776940210154 120.19993005447743 1.0 120.19993174232799 1.0 236.9672680894534 53.63490454678217 
167.16 46.72 16.0 -1.0 1.214698 53.66149602799315 2.236325178527656 0.06220880772902178 58.49945112441423 8.0 58.77117226889691 16.0 1.214721123687923 53.43250868056789 
167.16 46.72 16.0 -1.0 6.853688624366707 74.10555884039825 5.310953723506972 0.02073626924300726 557.563690146444 32.0 557.5945956934074 32.0 6.853679224150256 74.07688703442366 
167.79 47.11 16.0 -1.0 4.43356543891 43.05538232107984 0.021000625157143193 0.11197585391223919 0.8316206755741843 1.0 -1.0 -1.0 -1.0 -1.0 
167.79 47.11 16.0 -1.0 0.3362642303360498 15.443537083192897 0.05482440125568448 0.04285495643554833 1.3130528097004992 4.0 -1.0 -1.0 -1.0 -1.0 
167.79 47.11 16.0 -1.0 219.15748227074513 24.4254360769406 0.05169771489346303 0.027648358990676344 0.7206821932624975 1.0 -1.0 -1.0 -1.0 -1.0 
167.79 47.11 16.0 -1.0 301.204819 37.39312213960724 0.031415915126584495 0.04700221028414978 0.6474289053670789 1.0 -1.0 -1.0 -1.0 -1.0 
167.79 47.11 16.0 -1.0 4.37505274487 45.564540754438276 0.047551882736628685 0.0967692564673672 1.7191102782777503 4.0 -1.0 -1.0 -1.0 -1.0 
167.79 47.11 16.0 -1.0 0.910265474731 37.004535656565004 0.027210935591329786 0.03456044873834543 0.03691951836829375 1.0 -1.0 -1.0 -1.0 -1.0 
167.79 47.11 16.0 -1.0 0.27470435607282284 12.10169332902966 3.1394219106029326 0.026265941041142528 105.0934131703053 16.0 143.5416075925935 32.0 0.27469771642548346 13.661720969463381 
167.79 47.11 16.0 -1.0 0.00341097197546927 0.0 1.3608597880788034 0.01382417949533817 21.428235620726465 4.0 -1.0 -1.0 -1.0 -1.0 
167.79 47.11 16.0 -1.0 167.88040181225588 74.00907131313001 3.6070795108072926 0.016589015394405805 143.12522353076025 1.0 143.1252230106837 1.0 167.88059535125893 73.97568910131653 
167.79 47.11 16.0 -1.0 27.081210144530587 111.01360696969502 9.567491384329692 0.011059343596270537 715.4748480211551 8.0 715.8212511807577 8.0 27.08123550595095 110.91293468542122 
169.29 31.71 16.0 -1.0 2.0910399795 63.16717987019226 0.10932106914636598 0.011059343596270537 7.628693404471064 32.0 8.386544604564602 32.0 2.0910495853361986 63.147510258852954 
169.29 31.71 16.0 -1.0 13.655075874659037 26.1207234307193 0.01637651254177121 0.03456044873834543 0.9998739454144068 1.0 -1.0 -1.0 -1.0 -1.0 
169.29 31.71 16.0 -1.0 20.180734777721685 0.0 0.11053615420068419 0.017971433343939622 2.2754080221429795 8.0 -1.0 -1.0 -1.0 -1.0 
169.29 31.71 16.0 -1.0 2.4441500533 33.014930297530306 0.012405359687028784 0.027648358990676344 1.5052548924065197 1.0 -1.0 -1.0 -1.0 -1.0 
169.29 31.71 16.0 -1.0 280.05934666221 66.02986059506061 0.04254640661191802 0.04423737438508215 0.5240785917676637 1.0 -1.0 -1.0 -1.0 -1.0 
169.29 31.71 16.0 -1.0 36.71246645742 74.75657934457283 2.495972085532894 0.016589015394405805 121.99124116786606 8.0 123.25593185648532 8.0 36.71254186580579 74.78527256617362 
169.29 31.71 16.0 -1.0 0.8158057495 46.47646353315698 6.615795284819822 0.008294507697202903 1397.090522715877 32.0 1398.8316535471197 32.0 0.8158167474903167 46.55104922928263 
169.29 31.71 16.0 -1.0 2.003221376169 34.74838748386929 3.5871990470852655 0.008294507697202903 806.5550306451479 32.0 806.6353017154184 32.0 2.003222713634993 34.7108910557477 
169.29 31.71 16.0 -1.0 212.765957 23.644356021663622 4.290058815933359 0.012441761545804354 140.8888945452817 2.0 140.88889389792217 2.0 212.7659778731565 23.680316347069862 
169.29 31.71 16.0 -1.0 35.1350727145469 99.04479089259092 1.0237667493371767 0.03317803078881161 38.10486880300924 4.0 38.17632774126544 4.0 35.13511425505082 98.97157857877916 
169.59 22.91 16.0 -1.0 2.49671858339 37.360066628138576 0.07242458054174665 0.04976704618321741 0.2840584293070062 1.0 -1.0 -1.0 -1.0 -1.0 
169.59 22.91 16.0 -1.0 1.46846364391 82.45892858219648 0.15581858706494925 0.006912089747669086 25.447512014214638 32.0 25.783783583600094 32.0 1.46847014548257 82.47631548231597 
169.59 22.91 16.0 -1.0 1.6206459261456 103.27215923986734 0.058908371596184186 0.045619792334615966 0.1606312957482886 16.0 -1.0 -1.0 -1.0 -1.0 
169.59 22.91 16.0 -1.0 212.66079094525 0.0 0.21753730974878602 0.031795612839277794 3.5628394059712942 1.0 -1.0 -1.0 -1.0 -1.0 
169.59 22.91 16.0 -1.0 1.263379784007 35.285095514759384 0.14592053445088157 0.013824179495338172 10.549787046933394 32.0 10.631898175991806 32.0 1.2633790902327746 35.31807865439052 
169.59 22.91 16.0 -1.0 5.4966921263 70.57019102951877 0.15042420738058895 0.011059343596270537 5.695771142284772 32.0 6.948193643267479 32.0 5.496682812614988 70.63615730878104 
169.59 22.91 16.0 -1.0 0.9224842692278 9.337370010206355 3.2949724307776487 0.02350110514207489 291.5289428766078 32.0 293.3964492405845 32.0 0.9225004760082812 9.411407778963662 
169.59 22.91 16.0 -1.0 0.2517360295781337 79.68524270614878 3.018199722206234 0.029030776940210154 151.72400670804302 16.0 167.21328825016482 32.0 0.25171781696068746 79.94636715463757 
169.59 22.91 16.0 -1.0 2.09207816446 53.811623312787866 5.797974856117098 0.11197585391223919 89.50810220526266 8.0 89.62852228010857 8.0 2.092080345998208 53.83730041299643 
169.59 22.91 16.0 -1.0 0.199465428208 105.85528654427816 3.762335719406062 0.12165277955897592 14.700678505437576 8.0 17.638594038716228 16.0 0.19948250458886227 105.65064216385014 
169.59 22.91 16.0 -1.0 2.49671858339 37.360066628138576 0.07242458054174665 0.04976704618321741 0.2840584293070062 1.0 -1.0 -1.0 -1.0 -1.0 
169.59 22.91 16.0 -1.0 1.46846364391 82.45892858219648 0.15581858706494925 0.006912089747669086 25.447512014214638 32.0 25.783783583600094 32.0 1.46847014548257 82.47631548231597 
169.59 22.91 16.0 -1.0 1.6206459261456 103.27215923986734 0.058908371596184186 0.045619792334615966 0.1606312957482886 16.0 -1.0 -1.0 -1.0 -1.0 
169.59 22.91 16.0 -1.0 212.66079094525 0.0 0.21753730974878602 0.031795612839277794 3.5628394059712942 1.0 -1.0 -1.0 -1.0 -1.0 
169.59 22.91 16.0 -1.0 1.263379784007 35.285095514759384 0.14592053445088157 0.013824179495338172 10.549787046933394 32.0 10.631898175991806 32.0 1.2633790902327746 35.31807865439052 
169.59 22.91 16.0 -1.0 5.4966921263 70.57019102951877 0.15042420738058895 0.011059343596270537 5.695771142284772 32.0 6.948193643267479 32.0 5.496682812614988 70.63615730878104 
169.59 22.91 16.0 -1.0 0.9224842692278 9.337370010206355 3.2949724307776487 0.02350110514207489 291.5289428766078 32.0 293.3964492405845 32.0 0.9225004760082812 9.411407778963662 
169.59 22.91 16.0 -1.0 0.2517360295781337 79.68524270614878 3.018199722206234 0.029030776940210154 151.72400670804302 16.0 167.21328825016482 32.0 0.25171781696068746 79.94636715463757 
169.59 22.91 16.0 -1.0 2.09207816446 53.811623312787866 5.797974856117098 0.11197585391223919 89.50810220526266 8.0 89.62852228010857 8.0 2.092080345998208 53.83730041299643 
169.59 22.91 16.0 -1.0 0.199465428208 105.85528654427816 3.762335719406062 0.12165277955897592 14.700678505437576 8.0 17.638594038716228 16.0 0.19948250458886227 105.65064216385014 
17.25 31.48 16.0 -1.0 30.378269121627664 117.95519539175429 0.06299120669119548 0.049767046183217416 2.6278814349679944 4.0 -1.0 -1.0 -1.0 -1.0 
17.25 31.48 16.0 -1.0 369.00369 120.91266388454488 0.21678718365393232 0.013824179495338172 4.189030399081707 1.0 -1.0 -1.0 -1.0 -1.0 
17.25 31.48 16.0 -1.0 19.99610359912984 26.452912629960345 0.046415888336127795 0.008294507697202903 0.9429809234075275 2.0 -1.0 -1.0 -1.0 -1.0 
17.25 31.48 16.0 -1.0 0.8867355450783054 13.39822847491498 0.1980294006121784 0.02350110514207489 4.101901555979598 16.0 -1.0 -1.0 -1.0 -1.0 
17.25 31.48 16.0 -1.0 1.055928358822309 0.0 0.04443905105200017 0.024883523091608708 0.5706789979102327 32.0 -1.0 -1.0 -1.0 -1.0 
17.25 31.48 16.0 -1.0 16.952026 99.56810592395011 0.014652664024818195 0.03041319488974398 1.69114153171831 4.0 -1.0 -1.0 -1.0 -1.0 
17.25 31.48 16.0 -1.0 1.918797 149.35215888592518 0.10730082479810867 0.022118687192541075 3.075332452072737 8.0 -1.0 -1.0 -1.0 -1.0 
17.25 31.48 16.0 -1.0 0.1251941493447234 65.73645877157283 5.474870327880004 0.03317803078881161 106.4152073461766 16.0 129.97876000992437 32.0 0.12520710394407314 67.70141724867409 
17.25 31.48 16.0 -1.0 0.004493927383091948 37.834685314336284 1.5052816303829482 0.022118687192541075 2.6524740902545703 1.0 -1.0 -1.0 -1.0 -1.0 
17.25 31.48 16.0 -1.0 0.769101 49.78405296197506 1.88290098551202 0.006912089747669086 382.10517492251665 32.0 382.196943378617 32.0 0.7690990363092473 49.789383088710984 
17.91 47.27 16.0 -1.0 1.992389 85.08018537699346 0.4322784408305817 0.03317803078881161 14.837418717369138 16.0 15.7132982318555 16.0 1.9923997266838949 85.10746174310151 
17.91 47.27 16.0 -1.0 2.596093134656 116.94040660897414 0.015241169810522674 0.08294507697202903 2.5960416034967944 1.0 -1.0 -1.0 -1.0 -1.0 
17.91 47.27 16.0 -1.0 267.379679 102.30192658346951 0.14441621606364385 0.009676925646736721 3.54390599135931 1.0 -1.0 -1.0 -1.0 -1.0 
17.91 47.27 16.0 -1.0 1.06274260538 23.5124605638416 0.5585662712153208 0.01520659744487199 64.52633012107064 32.0 65.22519848646341 32.0 1.0627445590216666 23.477920480855587 
17.91 47.27 16.0 -1.0 0.0028908756547711962 79.72231033497869 0.08066602730969566 0.019353851293473442 21.820095481860463 1.0 -1.0 -1.0 -1.0 -1.0 
17.91 47.27 16.0 -1.0 210.16660682455 239.16693100493606 0.6543070174821703 0.02073626924300726 14.7046609753048 1.0 -1.0 -1.0 -1.0 -1.0 
17.91 47.27 16.0 -1.0 1.3711635767547 68.48034038075127 4.440836117519115 0.019353851293473442 420.6364328828948 32.0 420.68583818233043 32.0 1.3711542123928666 68.51100071353117 
17.91 47.27 16.0 -1.0 0.001635122972536765 39.77743836995786 3.198530490463564 0.04700221028414978 28.806116907325453 2.0 -1.0 -1.0 -1.0 -1.0 
17.91 47.27 16.0 -1.0 0.009246266070866134 0.0 3.417852963175038 0.02350110514207489 7.2687530845278445 16.0 -1.0 -1.0 -1.0 -1.0 
17.91 47.27 16.0 -1.0 196.5746415079 159.44462066995737 3.270027877808285 0.022118687192541075 68.46294214723122 1.0 68.46294316410855 1.0 196.57503192623457 159.48794257684656 
170.63 22.91 16.0 -1.0 0.52289775784 61.9096818072404 0.21381245656306763 0.022118687192541075 6.930366027847374 32.0 9.227288180970532 16.0 0.5228988205393156 61.62954126224592 
170.63 22.91 16.0 -1.0 0.05524995552669629 98.34992569817781 0.24976970101596224 0.019353851293473442 2.0088507765853625 32.0 -1.0 -1.0 -1.0 -1.0 
170.63 22.91 16.0 -1.0 3.100775 0.0 0.35039222063109066 0.04147253848601452 4.4391050067107525 16.0 -1.0 -1.0 -1.0 -1.0 
170.63 22.91 16.0 -1.0 77.9294624759598 65.38516614271619 3.1963215660063935 0.0967692564673672 60.80912637354583 2.0 60.80912666728802 2.0 77.92938655863206 65.37386478720995 
170.63 22.91 16.0 -1.0 2.22445582378 82.82539777796518 1.094722212882365 0.02350110514207489 138.3723297436422 32.0 138.55230402096367 32.0 2.224442141596228 82.8811072147445 
170.63 22.91 16.0 -1.0 21.521778197384467 66.81932684741554 6.373535924301143 0.01382417949533817 506.71466921237544 16.0 506.7146574250416 16.0 21.52173692593351 66.79063585070986 
170.63 22.91 16.0 -1.0 0.817936 12.60386487925557 1.5230644166683824 0.027648358990676344 80.47689331366628 32.0 81.18796139061847 32.0 0.8179389017944535 12.548543705284883 
170.63 22.91 16.0 -1.0 7.481282565107 34.890931596809644 3.739015587920551 0.024883523091608708 282.01728829468124 32.0 282.04864329023553 32.0 7.481291201353694 34.913286921961976 
170.63 22.91 16.0 -1.0 0.08510145292384817 69.78186319361929 6.480091796771672 0.08432749492156286 12.697129630790936 8.0 -1.0 -1.0 -1.0 -1.0 
170.63 22.91 16.0 -1.0 1.184484581238005 104.67279479042894 1.6928670902708083 0.016589015394405805 214.72535944396344 32.0 214.8713357622168 32.0 1.1844955830990027 104.63866283277878 
174.83 47.11 16.0 -1.0 0.007348123901005672 62.30912012747223 0.029644709215877987 0.06635606157762322 -0.6501347527240505 2.0 -1.0 -1.0 -1.0 -1.0 
174.83 47.11 16.0 -1.0 168.067227 100.31557836738814 0.12832486944265878 0.016589015394405805 2.6356429413413953 1.0 -1.0 -1.0 -1.0 -1.0 
174.83 47.11 16.0 -1.0 0.792482693574 47.05812096113654 0.030244615299203387 0.012441761545804356 1.0895873674344547 1.0 -1.0 -1.0 -1.0 -1.0 
174.83 47.11 16.0 -1.0 0.3635877509649204 67.75064294941532 0.362957676081675 0.03041319488974398 8.862193137255833 16.0 9.567188573195025 32.0 0.36358566527875763 67.70141724867409 
174.83 47.11 16.0 -1.0 0.5858 70.16091127867058 0.036699188880023555 0.012441761545804354 0.49413214978697234 4.0 -1.0 -1.0 -1.0 -1.0 
174.83 47.11 16.0 -1.0 3.000716562 62.603825425372435 7.884781792956854 0.019353851293473442 864.9840920354077 32.0 865.3377694274129 32.0 3.0007261860494814 62.64152059331728 
174.83 47.11 16.0 -1.0 0.6027636566114403 70.39246544130646 1.0322891915443475 0.038707702586946884 40.38120350356054 16.0 40.43236764261091 16.0 0.6027524553549787 70.73735524188817 
174.83 47.11 16.0 -1.0 1.2964005406 0.0 4.431641865391039 0.08432749492156286 26.4279824102946 8.0 -1.0 -1.0 -1.0 -1.0 
174.83 47.11 16.0 -1.0 238.0894677202 35.08045563933529 1.0700472132266297 0.02350110514207489 29.058391792351067 1.0 29.058391492893804 1.0 238.08970581740144 35.11568278817624 
174.83 47.11 16.0 -1.0 0.01911184088305906 105.24136691800587 6.195540608875721 0.030413194889743984 24.817868704732373 16.0 30.057502666354335 32.0 0.019099388737231493 105.14465249831446 
175.49 22.92 16.0 -1.0 1.174979047088 39.46840203917255 0.09034322499182681 0.052531882082285056 1.4355864439258537 1.0 -1.0 -1.0 -1.0 -1.0 
175.49 22.92 16.0 -1.0 3.8164192851363 13.849767539734511 0.47453431907218313 0.038707702586946884 17.63428981016042 16.0 17.79322436763648 16.0 3.816421667579562 13.864116835677653 
175.49 22.92 16.0 -1.0 0.0011063882708094472 56.792880924807854 0.30098708074097646 0.038707702586946884 17.98548997352114 2.0 -1.0 -1.0 -1.0 -1.0 
175.49 22.92 16.0 -1.0 11.155241880841846 47.31104148938366 0.468022817466339 0.11612310776084063 2.796092510839604 1.0 -1.0 -1.0 -1.0 -1.0 
175.49 22.92 16.0 -1.0 29.688211385875512 31.58650031386652 0.05911220609412288 0.016589015394405805 -4.832963594344636 16.0 -1.0 -1.0 -1.0 -1.0 
175.49 22.92 16.0 -1.0 425.1077962532 23.67515188223929 0.028598656705762244 0.024883523091608708 0.8041220351989118 1.0 -1.0 -1.0 -1.0 -1.0 
175.49 22.92 16.0 -1.0 0.910265474731 0.0 0.06360340234416484 0.016589015394405805 0.5749297889128103 8.0 -1.0 -1.0 -1.0 -1.0 
175.49 22.92 16.0 -1.0 1.82747830437 32.71529072284559 0.010560935014207013 0.013824179495338172 1.8378603379186407 1.0 -1.0 -1.0 -1.0 -1.0 
175.49 22.92 16.0 -1.0 0.895978140521 65.43058144569117 0.013301860569649207 0.011059343596270537 -0.13302766297567545 2.0 -1.0 -1.0 -1.0 -1.0 
175.49 22.92 16.0 -1.0 1.84348415434 98.14587216853677 3.9706342643953576 0.022118687192541075 343.593840962019 32.0 343.6637040859626 32.0 1.8434851275136075 98.06079718081493 
178.23 63.14 16.0 -1.0 0.7477741603725 84.57398329178449 0.04257580972302213 0.011059343596270537 3.039331919498534 16.0 -1.0 -1.0 -1.0 -1.0 
178.23 63.14 16.0 -1.0 0.250288 92.74709932418382 0.735845568345255 0.016589015394405805 70.61907070552763 32.0 71.12326183784113 32.0 0.25029294192790985 92.49491085992244 
178.23 63.14 16.0 -1.0 3.06493262635 61.274680051596796 0.5858369737125164 0.017971433343939622 65.46142804187703 32.0 66.00520792619928 32.0 3.06493651199465 61.224749529817366 
178.23 63.14 16.0 -1.0 167.11067817348692 0.0 0.6251433244568269 0.03317803078881161 14.479156065170706 2.0 -1.0 -1.0 -1.0 -1.0 
178.23 63.14 16.0 -1.0 2.251722292 118.43911189559567 0.2580127478946281 0.11612310776084063 4.0881060366845405 1.0 -1.0 -1.0 -1.0 -1.0 
178.23 63.14 16.0 -1.0 3.55991857227 2.641456340905874 4.337742088609804 0.038707702586946884 169.54218742497895 16.0 179.71005969492606 32.0 3.559913845189537 2.63114626078554 
178.23 63.14 16.0 -1.0 0.1240487627371042 56.03914775258157 4.440836117519115 0.07326815132529231 12.273287248807348 8.0 -1.0 -1.0 -1.0 -1.0 
178.23 63.14 16.0 -1.0 1.436429 16.547598691683884 1.6765729010368617 0.011059343596270537 211.66736523527277 32.0 212.02968302282198 32.0 1.4364256154901038 16.49526309646319 
178.23 63.14 16.0 -1.0 0.803583001146 39.47970396519856 3.857079814977543 0.05944397182995413 68.77520097758602 8.0 79.78081400103491 16.0 0.8035688855064412 39.77078771110451 
178.23 63.14 16.0 -1.0 1.664475 78.95940793039712 8.224159209821478 0.027648358990676348 622.5643198648295 32.0 623.1536511665041 32.0 1.6644662537146362 78.93438782356621 
178.35 54.48 16.0 -1.0 0.07113786719497286 68.02248603924478 0.03176509766967629 0.03317803078881161 1.3584792744400649 4.0 -1.0 -1.0 -1.0 -1.0 
178.35 54.48 16.0 -1.0 0.0019923688721590837 58.971653594488124 0.22878942329845037 0.07603298722435994 8.636887666432964 1.0 -1.0 -1.0 -1.0 -1.0 
178.35 54.48 16.0 -1.0 4.25081644951 60.28238588361643 0.10387275492114448 0.02350110514207489 3.344351753308284 16.0 -1.0 -1.0 -1.0 -1.0 
178.35 54.48 16.0 -1.0 243.38088019784 17.468897577520337 0.42546406611918014 0.05391430003181887 5.6473568796586555 2.0 -1.0 -1.0 -1.0 -1.0 
178.35 54.48 16.0 -1.0 2.50842466468 0.0 0.07879336515072571 0.02073626924300726 2.27880993507491 1.0 -1.0 -1.0 -1.0 -1.0 
178.35 54.48 16.0 -1.0 1.25960003849 37.66095447986758 0.020798489878887574 0.029030776940210157 -0.1585667006168625 1.0 -1.0 -1.0 -1.0 -1.0 
178.35 54.48 16.0 -1.0 75.11649135730703 75.32190895973515 0.02068385874245953 0.031795612839277794 0.16998486695231008 4.0 -1.0 -1.0 -1.0 -1.0 
178.35 54.48 16.0 -1.0 1.750087931346 112.98286343960274 0.22737131501898614 0.10782860006363774 1.5744640340711689 4.0 -1.0 -1.0 -1.0 -1.0 
178.35 54.48 16.0 -1.0 1.647717 58.30498803363838 2.4012536820103056 0.012441761545804354 283.2059942352627 32.0 283.2529466738011 32.0 1.647701234711955 58.29000946971043 
178.35 54.48 16.0 -1.0 1.30583111159 59.412330829626086 3.3872947210811257 0.019353851293473442 347.9532648935351 32.0 348.0226080644047 32.0 1.3058221763155113 59.40318673388892 
178.83 46.72 16.0 -1.0 83.421562665386 100.78273875068854 0.06039181720144513 0.06359122567855559 0.30162864773141806 1.0 -1.0 -1.0 -1.0 -1.0 
178.83 46.72 16.0 -1.0 0.6933132465193 11.9048397713811 0.7648712885325885 0.023501105142074895 44.12751041938144 32.0 45.076669759160445 32.0 0.6933078111615032 12.244949905963475 
178.83 46.72 16.0 -1.0 208.768267 13.487387082327988 0.6484570079997871 0.006912089747669087 32.95764246465723 2.0 32.95764182007604 2.0 208.7685667599241 13.459325103249107 
178.83 46.72 16.0 -1.0 438.596491 0.0 0.012814768678715708 0.029030776940210157 1.1998479473283858 1.0 -1.0 -1.0 -1.0 -1.0 
178.83 46.72 16.0 -1.0 2.683993826716843 34.02987217668371 0.01272654363956735 0.07050331542622468 2.4185506256986535 8.0 -1.0 -1.0 -1.0 -1.0 
178.83 46.72 16.0 -1.0 0.604887 102.08961653005113 0.1873817422860385 0.01520659744487199 11.673850490874077 32.0 12.369774121129266 32.0 0.6049049261491746 102.00751657199324 
178.83 46.72 16.0 -1.0 17.501175782223278 82.33330009984321 3.657264038463828 0.022118687192541075 235.49832003231376 16.0 235.965181012903 16.0 17.501164014295988 82.37511754920882 
178.83 46.72 16.0 -1.0 0.008092602993038956 50.2943745401572 4.416360393858106 0.024883523091608708 13.816665513560375 2.0 -1.0 -1.0 -1.0 -1.0 
178.83 46.72 16.0 -1.0 0.5092852475722 36.38837816912714 3.3500593819297015 0.027648358990676344 278.29147294050824 32.0 278.7647226984168 32.0 0.5092867165027808 36.83604765099756 
178.83 46.72 16.0 -1.0 242.18087063654 68.05974435336742 1.7902978599553 0.038707702586946884 -3.313913133888371 2.0 -1.0 -1.0 -1.0 -1.0 
179.06 47.11 16.0 -1.0 0.4083299 37.83688373341924 0.10804467322518921 0.03456044873834543 2.7162925696142666 1.0 -1.0 -1.0 -1.0 -1.0 
179.06 47.11 16.0 -1.0 74.77208582554198 61.5452594567476 0.03384955434907257 0.1451538847010508 0.016314805213411908 4.0 -1.0 -1.0 -1.0 -1.0 
179.06 47.11 16.0 -1.0 2.672381926728 85.58220513379901 0.3995398994830211 0.03732528463741307 13.822240951079507 16.0 13.881253801936522 16.0 2.6723985987094543 85.71464934174433 
179.06 47.11 16.0 -1.0 0.29194321051 37.26188631440391 0.3227385809271237 0.009676925646736721 72.72468877297382 32.0 72.95759842755507 32.0 0.29194779926910996 37.443235249640374 
179.06 47.11 16.0 -1.0 351.370344 0.0 0.038918761903942035 0.03732528463741307 1.137504666989424 1.0 -1.0 -1.0 -1.0 -1.0 
179.06 47.11 16.0 -1.0 2.179908617664 68.44522848493152 0.26560877829466867 0.029030776940210157 12.847396316435994 16.0 13.020725763394205 16.0 2.1798769012093544 68.71339657974546 
179.06 47.11 16.0 -1.0 6.790985029955707 102.66784272739727 0.08542660740342586 0.08985716671969811 2.2503764632530734 4.0 -1.0 -1.0 -1.0 -1.0 
179.06 47.11 16.0 -1.0 4.4700782541444015 18.974914827505767 1.4302618068135338 0.10782860006363774 20.947278128343523 4.0 20.94727907170842 4.0 4.470105826233825 19.0252114241416 
179.06 47.11 16.0 -1.0 0.81935647438 68.01398042067002 4.946174418327399 0.038707702586946884 245.76196842274837 16.0 258.47699542022997 32.0 0.8193637768272312 68.00501104799548 
179.06 47.11 16.0 -1.0 7.200979 34.22261424246576 1.1285095808786585 0.009676925646736721 196.7753034532458 32.0 197.4477277591208 32.0 7.200984934267278 34.20490139021202 
179.53 47.11 16.0 -1.0 5.130847133335226 21.994587234371025 0.7507365301564752 0.013824179495338172 110.52126765326773 32.0 110.54618153990376 32.0 5.130853727071857 21.959951484248545 
179.53 47.11 16.0 -1.0 0.24601771844320985 10.007793538809379 0.019343214725462587 0.02350110514207489 0.14278400382307285 2.0 -1.0 -1.0 -1.0 -1.0 
179.53 47.11 16.0 -1.0 1.073268736517 52.01796785079916 0.10076282386271528 0.012441761545804354 1.996408254857389 32.0 -1.0 -1.0 -1.0 -1.0 
179.53 47.11 16.0 -1.0 0.59787312095 49.64931999478998 0.13665123510300808 0.008294507697202903 15.23161051550942 32.0 15.273179526053413 32.0 0.597871500455464 49.58698722249672 
179.53 47.11 16.0 -1.0 0.51165822598 77.89877819091686 0.09128428949429007 0.022118687192541075 1.611541365956104 16.0 -1.0 -1.0 -1.0 -1.0 
179.53 47.11 16.0 -1.0 10.269625861242808 34.176204779561125 0.010509986549258755 0.09815167441690101 1.6839873727543146 1.0 -1.0 -1.0 -1.0 -1.0 
179.53 47.11 16.0 -1.0 2.178106798635 68.35240955912225 0.9468858568438856 0.06220880772902178 23.9128755612966 8.0 23.923488250950502 16.0 2.178118544785927 68.3086048473169 
179.53 47.11 16.0 -1.0 0.013539968283975204 70.07506254531076 6.102089143930499 0.08018024107296139 7.202933685668408 1.0 -1.0 -1.0 -1.0 -1.0 
179.53 47.11 16.0 -1.0 361.6582023947468 0.0 1.0337164802047136 0.017971433343939622 22.913031470073765 1.0 -1.0 -1.0 -1.0 -1.0 
179.53 47.11 16.0 -1.0 2.2747452828733463 102.52861433868338 4.616006658852638 0.09815167441690101 93.05798363309661 8.0 93.12897639526072 8.0 2.274706882114212 102.41230830442179 
179.81 31.71 16.0 -1.0 0.0014245459769988064 58.22766077050497 0.3132922090339666 0.0566791359308865 4.241979089609121 4.0 -1.0 -1.0 -1.0 -1.0 
179.81 31.71 16.0 -1.0 27.838309386354652 20.820035833808767 0.10258907408282895 0.019353851293473442 3.7936626268739544 8.0 -1.0 -1.0 -1.0 -1.0 
179.81 31.71 16.0 -1.0 2.27252128588 51.63585011724025 0.11625363484731725 0.013824179495338172 4.6787032385577545 16.0 6.672230095401608 16.0 4.545048189659914 51.81334175085371 
179.81 31.71 16.0 -1.0 40.023118465474234 25.74588341213636 0.14135625524915016 0.06635606157762322 2.2108675888520306 8.0 -1.0 -1.0 -1.0 -1.0 
179.81 31.71 16.0 -1.0 22.533888157613166 79.75010265753046 0.013219411484660288 0.03041319488974398 1.2677607319719586 16.0 -1.0 -1.0 -1.0 -1.0 
179.81 31.71 16.0 -1.0 0.6037044172606 0.0 0.015042420738058894 0.013824179495338172 1.816239258801237 2.0 -1.0 -1.0 -1.0 -1.0 
179.81 31.71 16.0 -1.0 2.56494355823 30.014350966299578 0.022041153719473485 0.011059343596270537 0.5578261730615566 16.0 -1.0 -1.0 -1.0 -1.0 
179.81 31.71 16.0 -1.0 0.8622090188 60.028701932599155 0.8156261645706308 0.017971433343939622 79.17417788860512 32.0 80.11650709827101 32.0 0.8622009772807361 60.11157226563888 
179.81 31.71 16.0 -1.0 1.148485898069 90.04305289889874 0.04404173165438359 0.03456044873834543 1.1352702461199864 2.0 -1.0 -1.0 -1.0 -1.0 
179.81 31.71 16.0 -1.0 2.84923231813 0.33319261498742403 3.487018451343236 0.006912089747669086 780.6882378296486 32.0 -1.0 -1.0 -1.0 -1.0 
18.06 54.25 16.0 -1.0 2.13723569512 37.02856912042439 0.43257718124218897 0.0483846282336836 9.910084062976695 8.0 10.211558276925338 8.0 2.1371912832061453 36.63365178478329 
18.06 54.25 16.0 -1.0 12.6998621581 59.97362263521729 0.04686699264989956 0.09538683851783337 2.2974235071084754 8.0 -1.0 -1.0 -1.0 -1.0 
18.06 54.25 16.0 -1.0 400.5813533944 0.0 0.011261731286113439 0.015206597444871989 2.5095650842090516 1.0 -1.0 -1.0 -1.0 -1.0 
18.06 54.25 16.0 -1.0 0.391716 105.48394946869615 0.01027309182707903 0.015206597444871989 2.06881480174139 2.0 -1.0 -1.0 -1.0 -1.0 
18.06 54.25 16.0 -1.0 176.33074 210.9678989373923 0.013893583689289633 0.012441761545804354 1.0136440730355163 1.0 -1.0 -1.0 -1.0 -1.0 
18.06 54.25 16.0 -1.0 0.00981548502265021 316.45184840608846 0.14174741629268056 0.04700221028414978 1.0696206663758259 8.0 -1.0 -1.0 -1.0 -1.0 
18.06 54.25 16.0 -1.0 0.013232401061537776 128.87207987894712 1.355230606890519 0.07741540517389377 1.0476304570011012 4.0 -1.0 -1.0 -1.0 -1.0 
18.06 54.25 16.0 -1.0 0.060290946359358735 81.27296196688022 9.397174677577263 0.027648358990676344 156.72330775090342 16.0 200.54680457360092 32.0 0.06029949872754515 85.30985760931578 
18.06 54.25 16.0 -1.0 0.0036043564288358253 164.5714183129973 1.7354973001596141 0.022118687192541075 7.048023454832201 1.0 -1.0 -1.0 -1.0 -1.0 
18.06 54.25 16.0 -1.0 5.573313146877565 59.43560069073249 3.506343708433802 0.02073626924300726 348.4543692893476 32.0 348.80211720009436 32.0 5.573322899484387 59.40318673388892 
18.59 30.67 16.0 -1.0 0.3275 0.0 0.01539993018116469 0.017971433343939622 0.27767933124442595 4.0 -1.0 -1.0 -1.0 -1.0 
18.59 30.67 16.0 -1.0 3.86231620496 49.29860745642271 0.04689938164586273 0.01520659744487199 1.5741567543672956 4.0 -1.0 -1.0 -1.0 -1.0 
18.59 30.67 16.0 -1.0 1.1148 98.59721491284542 0.022658727867683442 0.04147253848601452 1.4333448593560048 2.0 -1.0 -1.0 -1.0 -1.0 
18.59 30.67 16.0 -1.0 21.422324384511 1.0057921713281561 1.4263149080586408 0.038707702586946884 72.47557218208867 16.0 -1.0 -1.0 -1.0 -1.0 
18.59 30.67 16.0 -1.0 1.065984 81.69103179772657 1.510490199506004 0.038707702586946884 73.67678284015385 16.0 73.73537163667537 16.0 1.0659884234579902 81.767929950566 
18.59 30.67 16.0 -1.0 0.556201918195 126.31566386974195 2.9644709215878002 0.029030776940210157 189.07362675284818 32.0 189.5037904751249 32.0 0.5562166431142639 126.29502051770591 
18.59 30.67 16.0 -1.0 0.0017357844695488527 38.72299859613401 1.7152342191960426 0.009676925646736721 11.466739351755919 4.0 -1.0 -1.0 -1.0 -1.0 
18.59 30.67 16.0 -1.0 2.356759664005 12.202625608025423 7.020768264702738 0.027648358990676344 622.8148498324965 32.0 622.8627032523408 32.0 2.356773620704189 12.244949905963475 
18.59 30.67 16.0 -1.0 3.1091885438021287 92.01519261518322 5.4559915290954395 0.017971433343939622 667.1677842528181 32.0 667.3417633938323 32.0 3.109198587480933 91.98892119438676 
18.59 30.67 16.0 -1.0 1.10480469655 147.89582236926813 2.32293257193188 0.017971433343939622 299.06177029329507 32.0 299.15280245003623 32.0 1.1047935307336352 147.8501802695259 
18.78 54.64 16.0 -1.0 305.33963750348 88.52188947594179 0.08150628882197566 0.024883523091608708 0.2968309998949528 1.0 -1.0 -1.0 -1.0 -1.0 
18.78 54.64 16.0 -1.0 230.5207819237923 69.57136098492143 0.26232633046276027 0.045619792334615966 4.423033821766959 1.0 -1.0 -1.0 -1.0 -1.0 
18.78 54.64 16.0 -1.0 1.1005167036283978 88.90929380625225 0.05384843889559964 0.027648358990676344 1.4186266253286606 1.0 -1.0 -1.0 -1.0 -1.0 
18.78 54.64 16.0 -1.0 2.84923231813 11.557562520928942 0.01466279023623301 0.03317803078881161 2.11089456489385 4.0 -1.0 -1.0 -1.0 -1.0 
18.78 54.64 16.0 -1.0 0.615241 0.0 0.015042420738058894 0.012441761545804354 1.3602395425944038 2.0 -1.0 -1.0 -1.0 -1.0 
18.78 54.64 16.0 -1.0 1.990923724614133 322.8046582311969 0.07450530874157708 0.045619792334615966 1.856332722708074 1.0 -1.0 -1.0 -1.0 -1.0 
18.78 54.64 16.0 -1.0 24.096386 89.39354921914034 4.219514914022992 0.027648358990676344 158.68220186525386 16.0 158.68220292573557 16.0 24.096395160692435 89.35777493360122 
18.78 54.64 16.0 -1.0 193.5841286041917 37.9656243704258 5.63216108464274 0.011059343596270537 236.18469319464873 2.0 236.2135296740815 2.0 193.58412828296426 37.94922491517605 
18.78 54.64 16.0 -1.0 22.026432 107.60155274373231 2.0942672591473173 0.013824179495338174 143.86610165100214 16.0 143.8926218928401 16.0 22.02644585243737 107.57340289288572 
18.78 54.64 16.0 -1.0 1.313725400789 215.20310548746463 9.600596777502428 0.027648358990676344 626.8885079824305 32.0 627.6048525846096 32.0 1.3137347802209358 215.14680578577145 
18.89 70.22 16.0 -1.0 0.617917537 26.445242649490897 0.7182665284173637 0.026265941041142528 46.05154485750588 32.0 46.151572450787675 32.0 0.6179258586295571 26.513858474069675 
18.89 70.22 16.0 -1.0 0.6798 93.39180240612373 0.16018448970356192 0.031795612839277794 4.598540233062217 16.0 -1.0 -1.0 -1.0 -1.0 
18.89 70.22 16.0 -1.0 2.295748819912001 77.03810039289512 0.02092820945540997 0.01520659744487199 1.7377365687233175 2.0 -1.0 -1.0 -1.0 -1.0 
18.89 70.22 16.0 -1.0 0.24042930163565163 74.01964850615595 0.017547870569073296 0.019353851293473442 0.37346744101278806 2.0 -1.0 -1.0 -1.0 -1.0 
18.89 70.22 16.0 -1.0 5.3890932493 30.680085595065247 0.0100138264419705 0.05529671798135269 1.3440931455887963 16.0 -1.0 -1.0 -1.0 -1.0 
18.89 70.22 16.0 -1.0 0.017353646892825852 150.15671848509908 0.011844244140315275 0.02350110514207489 1.0467767780402537 8.0 -1.0 -1.0 -1.0 -1.0 
18.89 70.22 16.0 -1.0 3.152350169250689 300.31343697019815 0.952791556396117 0.08985716671969811 10.50419521629683 4.0 10.594329707409726 8.0 3.1523086363449697 300.4566633950872 
18.89 70.22 16.0 -1.0 0.0107110471918072 0.9460819346495891 2.9096877432702457 0.012441761545804354 14.238735626793549 32.0 -1.0 -1.0 -1.0 -1.0 
18.89 70.22 16.0 -1.0 2.015398 0.0 2.5641350432505363 0.027648358990676344 165.06375136891617 32.0 -1.0 -1.0 -1.0 -1.0 
18.89 70.22 16.0 -1.0 0.0036881342625287427 450.47015545529723 1.1537353796843521 0.015206597444871992 6.836893961535504 2.0 -1.0 -1.0 -1.0 -1.0 
180.69 22.92 16.0 -1.0 0.07113786719497286 37.90571730266953 0.5105882391532524 0.017971433343939622 7.279676658829171 32.0 8.077944601486466 32.0 0.07112248567864299 41.491152573925824 
180.69 22.92 16.0 -1.0 5.178222080594621 47.46503084984421 0.2217862375423103 0.029030776940210157 6.967894018430819 8.0 7.101001000870546 8.0 5.178177768054108 47.563028560353985 
180.69 22.92 16.0 -1.0 1.136494208396223 11.401185136225676 0.17307080845765033 0.011059343596270536 17.779358043567495 32.0 19.04330804620247 32.0 1.1365045793354511 11.435366441106387 
180.69 22.92 16.0 -1.0 2.46465 17.55303624365601 0.03196321566006394 0.017971433343939622 -0.2032935853728384 4.0 -1.0 -1.0 -1.0 -1.0 
180.69 22.92 16.0 -1.0 0.8826699048784042 0.0 0.5310953723506969 0.02073626924300726 21.139291226067773 32.0 -1.0 -1.0 -1.0 -1.0 
180.69 22.92 16.0 -1.0 0.7977939826066957 30.69479003153488 0.011689791918721566 0.027648358990676344 1.4959423586567777 32.0 -1.0 -1.0 -1.0 -1.0 
180.69 22.92 16.0 -1.0 0.217373867646 61.38958006306976 0.21219379168489502 0.06635606157762322 0.6669303344864242 1.0 -1.0 -1.0 -1.0 -1.0 
180.69 22.92 16.0 -1.0 3.402191551 92.08437009460464 0.013627413729677892 0.045619792334615966 2.294108786661659 1.0 -1.0 -1.0 -1.0 -1.0 
180.69 22.92 16.0 -1.0 0.816490196029 50.006813642734585 8.355880092981202 0.008294507697202903 1505.4960630310852 32.0 1507.024689091742 32.0 0.8164837102716168 50.092976888032396 
180.69 22.92 16.0 -1.0 0.49241574695015805 62.09870062485439 6.3515582892056885 0.03456044873834543 309.97826817315894 32.0 310.6219232971057 32.0 0.4924307480299225 61.933135061567334 
182.82 31.71 16.0 -1.0 0.723 31.590027813726973 0.5702635424403566 0.06497364362808941 5.070608068097286 16.0 -1.0 -1.0 -1.0 -1.0 
182.82 31.71 16.0 -1.0 172.760569821455 6.391721620819544 0.3283610495645673 0.06082638977948796 5.085757949692342 1.0 -1.0 -1.0 -1.0 -1.0 
182.82 31.71 16.0 -1.0 0.0030547733391465414 0.0 0.011819721963857796 0.012441761545804354 3.8168648678874346 1.0 -1.0 -1.0 -1.0 -1.0 
182.82 31.71 16.0 -1.0 9.410971404024096 29.96288067818782 0.05091792383145409 0.03732528463741307 0.9622325771055578 8.0 -1.0 -1.0 -1.0 -1.0 
182.82 31.71 16.0 -1.0 152.741714 59.92576135637564 0.314593521593293 0.02073626924300726 5.959338814890827 1.0 -1.0 -1.0 -1.0 -1.0 
182.82 31.71 16.0 -1.0 0.316364 89.88864203456346 0.893501137040289 0.07879782312342758 3.5786598362127395 8.0 -1.0 -1.0 -1.0 -1.0 
182.82 31.71 16.0 -1.0 1.716827 35.230881901535575 2.993281866906677 0.09815167441690101 47.54056666459696 8.0 49.31315793943771 16.0 1.7168228320466976 35.11568278817624 
182.82 31.71 16.0 -1.0 0.00562885638347993 39.32122414833289 2.1366479639038585 0.019353851293473442 7.5878540782265205 1.0 -1.0 -1.0 -1.0 -1.0 
182.82 31.71 16.0 -1.0 2.44290034442 44.2206450813099 3.041223269911629 0.06497364362808941 92.40860383845637 16.0 92.44143189270928 16.0 2.4429027689620852 44.223496767818496 
182.82 31.71 16.0 -1.0 355.07093686939163 74.77685012936283 1.257795280964715 0.047002210284149776 19.752284638236667 1.0 19.752284926363902 1.0 355.07061208287877 74.78527256617362 
183.76 47.11 16.0 -1.0 0.323807374468 45.51507014739695 0.23293605911750745 0.022118687192541075 7.645499091989692 32.0 8.085202361166425 32.0 0.3238104303212216 45.33667403199699 
183.76 47.11 16.0 -1.0 0.007908775426189802 22.610646910525258 0.012294446201673309 0.06635606157762322 -0.22364827307369178 8.0 -1.0 -1.0 -1.0 -1.0 
183.76 47.11 16.0 -1.0 2.69179 55.057735644580994 0.12413932823944701 0.011059343596270537 10.417446596223265 32.0 10.964649140816098 32.0 2.691801152347277 55.1528735433892 
183.76 47.11 16.0 -1.0 5.9436690830544405 74.5786660193938 0.8655531263517101 0.0483846282336836 35.71729140267352 16.0 35.76310520827738 16.0 5.943669142046323 74.58287669995934 
183.76 47.11 16.0 -1.0 209.57669463535 0.0 0.012850229707873086 0.05253188208228506 -0.04265258372063797 1.0 -1.0 -1.0 -1.0 -1.0 
183.76 47.11 16.0 -1.0 0.8942741320036 67.52803418707946 0.022209288899663372 0.006912089747669086 0.8970253813127695 4.0 -1.0 -1.0 -1.0 -1.0 
183.76 47.11 16.0 -1.0 14.29723648860406 39.60915296601871 3.252005078366244 0.21150994627867403 19.2040598729625 4.0 19.213092105414255 4.0 14.297256711870434 39.66958977799737 
183.76 47.11 16.0 -1.0 0.91545239953 87.16039696154091 4.864841630603801 0.03732528463741307 273.88674020164484 16.0 275.11701210364976 32.0 0.9154367338245114 87.23261833835137 
183.76 47.11 16.0 -1.0 7.479017300127568 33.76401709353973 2.483930921929429 0.01520659744487199 392.49363431760895 32.0 392.5193727919748 32.0 7.479017464599262 33.80010965778348 
183.76 47.11 16.0 -1.0 5.53612 101.29205128061919 1.4243455449563132 0.02350110514207489 114.74595752412583 32.0 115.1152175712251 32.0 5.536124566181874 101.19793310713615 
184.43 46.72 16.0 -1.0 0.262666 34.061787540095395 0.04453124799663493 0.02073626924300726 0.9140272576778292 1.0 -1.0 -1.0 -1.0 -1.0 
184.43 46.72 16.0 -1.0 1.79153927781 54.66570151389166 0.012491358161951294 0.011059343596270537 0.002085784235648732 8.0 -1.0 -1.0 -1.0 -1.0 
184.43 46.72 16.0 -1.0 0.2321160610787 62.56554365213745 0.4651218659150892 0.022118687192541075 19.369995438449173 32.0 19.599125716778293 32.0 0.23210304789245131 62.23672886088873 
184.43 46.72 16.0 -1.0 2.16584913228 19.78980810458773 0.9495060794807578 0.03041319488974398 63.478102119327176 16.0 63.59291015346163 16.0 2.1658706828020513 19.834794888998687 
184.43 46.72 16.0 -1.0 1.668756430692 0.0 0.06182713438288848 0.017971433343939622 4.058013988646081 32.0 -1.0 -1.0 -1.0 -1.0 
184.43 46.72 16.0 -1.0 0.497577 66.99789782893949 0.02634159475634401 0.017971433343939622 2.9682844946176603 8.0 -1.0 -1.0 -1.0 -1.0 
184.43 46.72 16.0 -1.0 1.10742 17.31733842773218 1.293037621685656 0.022118687192541075 130.15233241954763 32.0 130.71322812803442 32.0 1.1074310653687767 17.304846561320282 
184.43 46.72 16.0 -1.0 0.262666 56.90700532665096 2.6874657260811405 0.017971433343939622 230.5831071661236 32.0 231.62906396927832 32.0 0.2626620698720217 57.17683220553193 
184.43 46.72 16.0 -1.0 71.08626795771993 33.49894891446974 6.647866174025409 0.03456044873834543 61.23325078355497 4.0 63.20680381852846 4.0 71.08634842249255 33.49651585846206 
184.43 46.72 16.0 -1.0 0.002917568143968244 100.49684674340922 3.4749942908136724 0.035942866687879244 38.698853540954985 4.0 -1.0 -1.0 -1.0 -1.0 
185.17 47.11 16.0 -1.0 5.604753 74.95729450193973 0.11000290147540624 0.06359122567855559 0.9688785358812174 8.0 -1.0 -1.0 -1.0 -1.0 
185.17 47.11 16.0 -1.0 0.7655802173375 0.7082897698617415 0.025447232867789146 0.031795612839277794 2.2674100542220788 8.0 -1.0 -1.0 -1.0 -1.0 
185.17 47.11 16.0 -1.0 0.7305228974971 51.72539005047461 0.15315053273857523 0.18524400523753148 0.07697074141304411 2.0 -1.0 -1.0 -1.0 -1.0 
185.17 47.11 16.0 -1.0 2.610999103399925 50.02549460280643 0.054034765035835014 0.07603298722435994 1.907835850003925 2.0 6.634546445480981 1.0 23.500372966130577 51.40855001842517 
185.17 47.11 16.0 -1.0 1.868565 92.72524930018571 0.12000737073062885 0.030413194889743977 1.508286758243675 4.0 -1.0 -1.0 -1.0 -1.0 
185.17 47.11 16.0 -1.0 32.24841717640974 0.0 0.28421393302273995 0.10091651031596865 2.7277916567573777 8.0 -1.0 -1.0 -1.0 -1.0 
185.17 47.11 16.0 -1.0 109.99844724197537 33.72471147070264 0.13074095145060396 0.035942866687879244 1.7202043372098175 1.0 -1.0 -1.0 -1.0 -1.0 
185.17 47.11 16.0 -1.0 0.41363243246 67.44942294140527 0.015167642778605772 0.012441761545804354 0.6284151769184905 2.0 -1.0 -1.0 -1.0 -1.0 
185.17 47.11 16.0 -1.0 2.1550014352 101.1741344121079 0.07282596173836942 0.02350110514207489 3.485490032796004 2.0 -1.0 -1.0 -1.0 -1.0 
185.17 47.11 16.0 -1.0 0.0035387064513500537 83.90198245276515 1.073008247981086 0.056679135930886505 3.9243725562633403 1.0 -1.0 -1.0 -1.0 -1.0 
185.37 46.72 16.0 -1.0 0.273883 42.531979601023686 0.026124122055094675 0.06220880772902178 0.6704708845050945 1.0 -1.0 -1.0 -1.0 -1.0 
185.37 46.72 16.0 -1.0 0.7689965116578887 60.46449035820695 0.47224505253570004 0.02073626924300726 37.17659668337555 32.0 37.62278234854313 32.0 0.76900808683907 60.51636399806742 
185.37 46.72 16.0 -1.0 5.519419001073 46.969924592443064 0.06996558801565783 0.012441761545804356 2.560628226836698 8.0 -1.0 -1.0 -1.0 -1.0 
185.37 46.72 16.0 -1.0 1.035 90.47584234769226 0.147950695714271 0.019353851293473442 5.892205062116498 16.0 6.10142367249437 16.0 1.0350049706175923 90.57215013088685 
185.37 46.72 16.0 -1.0 180.063624055099 66.93063645430215 0.5056737237508295 0.012441761545804352 21.258133283254775 1.0 21.258132839706327 1.0 180.06345878044766 66.89183378381699 
185.37 46.72 16.0 -1.0 0.1100782915795634 100.39595468145322 0.25908444779529555 0.016589015394405805 7.796349476078762 32.0 8.005739647689676 32.0 0.11007917540458342 100.38834964227907 
185.37 46.72 16.0 -1.0 36.676742509182695 83.41730087943928 1.6916979860432306 0.026265941041142528 76.30009133192752 4.0 76.30009024055666 4.0 36.67664714157581 83.3870968802802 
185.37 46.72 16.0 -1.0 0.0439078343218375 64.82211055340154 2.062678031393121 0.02211868719254107 20.80381282864338 32.0 22.034729591797312 32.0 0.04389827760557334 74.58287669995934 
185.37 46.72 16.0 -1.0 0.00433171289403577 0.0 1.2319953280446085 0.03317803078881161 8.037906502270017 1.0 -1.0 -1.0 -1.0 -1.0 
185.37 46.72 16.0 -1.0 2.1985729853089 33.46531822715107 2.7229740614506874 0.013824179495338172 326.1770984676281 32.0 326.4372216240621 32.0 2.198582175575818 33.49651585846206 
185.58 62.74 16.0 -1.0 0.265102 92.40812953349236 0.014683063658065707 0.011059343596270537 0.6774793363631403 4.0 -1.0 -1.0 -1.0 -1.0 
185.58 62.74 16.0 -1.0 0.265102 72.29549663046964 0.016765729010368616 0.05944397182995413 1.6394910973312677 4.0 -1.0 -1.0 -1.0 -1.0 
185.58 62.74 16.0 -1.0 0.945001 91.27321074838868 0.7983442818922892 0.09400442056829957 5.799744327735617 8.0 6.0749842394850395 8.0 0.9450256281221907 92.0901191274939 
185.58 62.74 16.0 -1.0 5.455692 52.17116353378607 0.9364770737528129 0.008294507697202903 382.6927141011446 32.0 383.16664228155145 32.0 5.455694918055087 52.21813348328225 
185.58 62.74 16.0 -1.0 0.9946930319708154 0.0 0.3315523078005519 0.0884747487701643 1.7619737013812842 1.0 -1.0 -1.0 -1.0 -1.0 
185.58 62.74 16.0 -1.0 1.752273 38.996745471654854 0.1637651254177121 0.024883523091608708 6.076889443746317 16.0 6.420809004952022 32.0 1.7522628089257828 39.264798045568824 
185.58 62.74 16.0 -1.0 2.35776350287 57.14374583965265 1.6040596785870795 0.02073626924300726 184.27672689865136 32.0 184.3754098080902 32.0 2.357774064876139 57.17683220553193 
185.58 62.74 16.0 -1.0 0.2575872542383222 41.27828323552305 6.165651845890035 0.04700221028414978 103.59901007573959 16.0 115.5983512692048 32.0 0.2575992160321524 42.8067257043186 
185.58 62.74 16.0 -1.0 1.30904645391 77.99349094330971 3.8305252179960187 0.02073626924300726 389.79082532973797 32.0 389.9463219029545 32.0 1.3090357242617756 78.02360642560197 
185.58 62.74 16.0 -1.0 0.04472241116631634 116.99023641496456 4.558961100544261 0.04700221028414978 17.31998404967735 16.0 17.596455241911585 32.0 0.044716822837168976 116.88361273874226 
186.11 47.11 16.0 -1.0 12.78221930378 42.807852462140175 0.357977215458131 0.017971433343939622 50.61843439468561 16.0 51.3276655934745 16.0 12.78222043765709 42.8067257043186 
186.11 47.11 16.0 -1.0 3.1378967940100027 58.35784268513668 0.031307584754395115 0.05529671798135268 -0.028874279726309453 16.0 -1.0 -1.0 -1.0 -1.0 
186.11 47.11 16.0 -1.0 1.961158 49.31222580444416 0.05785970800743584 0.006912089747669086 4.303135330294111 32.0 -1.0 -1.0 -1.0 -1.0 
186.11 47.11 16.0 -1.0 3.072947121157 62.24029809100805 0.05176919443896122 0.019353851293473442 1.5357947837850165 16.0 -1.0 -1.0 -1.0 -1.0 
186.11 47.11 16.0 -1.0 8.351100256070806 0.0 0.2635979899258764 0.012441761545804354 32.65221930311172 32.0 -1.0 -1.0 -1.0 -1.0 
186.11 47.11 16.0 -1.0 1.2140327894 67.22194217023002 0.5968670271847963 0.07741540517389377 4.296719918052954 8.0 -1.0 -1.0 -1.0 -1.0 
186.11 47.11 16.0 -1.0 4.2497300571163095 100.83291325534503 0.17620758638749148 0.008294507697202903 22.70926547594161 32.0 23.664020577183834 32.0 4.249735259994244 100.7931413747076 
186.11 47.11 16.0 -1.0 0.013791161375355222 22.57874715258701 2.844103485256103 0.02073626924300726 7.98078936433874 32.0 -1.0 -1.0 -1.0 -1.0 
186.11 47.11 16.0 -1.0 11.884954 96.66809745631937 4.456202279847409 0.035942866687879244 239.0836260111762 16.0 241.0585134645828 32.0 11.884943281377977 96.64402611731502 
186.11 47.11 16.0 -1.0 0.05109793639081646 33.61097108511501 1.3219411484660302 0.022118687192541075 10.701332619198233 32.0 -1.0 -1.0 -1.0 -1.0 
186.72 63.14 16.0 -1.0 2.32600103163 87.59405082619847 0.025080716201722194 0.03456044873834543 1.0871512835019839 4.0 -1.0 -1.0 -1.0 -1.0 
186.72 63.14 16.0 -1.0 37.529238119702775 12.965184418318186 0.04428581346777544 0.06220880772902178 1.0327751811781107 1.0 -1.0 -1.0 -1.0 -1.0 
186.72 63.14 16.0 -1.0 2.85754146359 2.4009600774663307 0.08061031886448358 0.04700221028414978 1.448868922557442 4.0 -1.0 -1.0 -1.0 -1.0 
186.72 63.14 16.0 -1.0 6.5054918751 39.036097259489175 0.8264026842883293 0.017971433343939622 103.20909625858039 32.0 103.23471295895054 32.0 6.50549433582152 39.06240217935455 
186.72 63.14 16.0 -1.0 38.95598 78.07219451897835 0.13826557733666653 0.022118687192541075 2.5230317112148364 8.0 -1.0 -1.0 -1.0 -1.0 
186.72 63.14 16.0 -1.0 6.940918295 117.10829177846752 0.021559235838680992 0.019353851293473442 1.9386276327513083 1.0 -1.0 -1.0 -1.0 -1.0 
186.72 63.14 16.0 -1.0 44.485070760068666 74.04326638898605 2.4447745947558115 0.04700221028414979 71.91576635376167 4.0 71.91576544291685 4.0 44.485204853117466 74.07688703442366 
186.72 63.14 16.0 -1.0 6.964967814769 33.12153706865748 1.4928542255379336 0.016589015394405805 159.76314841825487 32.0 159.7842966501925 32.0 6.964971059157203 33.091724126033526 
186.72 63.14 16.0 -1.0 22.43057135469243 19.06713661519603 5.903058779446044 0.016589015394405805 596.5026439130338 16.0 596.5356408983774 16.0 22.43056466492514 19.0252114241416 
186.72 63.14 16.0 -1.0 0.002174152063187772 0.0 7.167794382877881 0.011059343596270537 155.380331624124 32.0 -1.0 -1.0 -1.0 -1.0 
186.98 62.74 16.0 -1.0 0.8908199119053896 90.71056824185895 0.3163370170088322 0.009676925646736721 52.92907667684881 32.0 53.92873612273141 32.0 0.8908197438965242 90.67334806399398 
186.98 62.74 16.0 -1.0 0.0015192094285283468 101.57201132991469 0.09351840469571134 0.03732528463741307 9.782757543539889 2.0 -1.0 -1.0 -1.0 -1.0 
186.98 62.74 16.0 -1.0 0.27094313479685 0.0 0.31264357272238175 0.03041319488974398 1.507164638547574 8.0 -1.0 -1.0 -1.0 -1.0 
186.98 62.74 16.0 -1.0 0.544366 38.92601055106423 0.21529468244347372 0.017971433343939622 7.487855596939701 32.0 7.900125437692317 32.0 0.5443628955011567 39.36599597867597 
186.98 62.74 16.0 -1.0 376.7625236987 77.85202110212846 0.6199822243527843 0.022118687192541075 13.448881915715749 1.0 -1.0 -1.0 -1.0 -1.0 
186.98 62.74 16.0 -1.0 4.725005 116.7780316531927 0.057620371976840855 0.01520659744487199 2.4855019801689195 32.0 -1.0 -1.0 -1.0 -1.0 
186.98 62.74 16.0 -1.0 420.189443214863 11.083343538241811 1.088688637749437 0.07879782312342758 9.956088437277588 1.0 -1.0 -1.0 -1.0 -1.0 
186.98 62.74 16.0 -1.0 0.03197657411683124 44.496879747841206 6.089455454099885 0.027648358990676344 26.5645496663501 16.0 -1.0 -1.0 -1.0 -1.0 
186.98 62.74 16.0 -1.0 6.759848687347182 12.706720515918958 6.299120669119548 0.027648358990676344 473.3930052894826 32.0 473.4273519169336 32.0 6.759849687417349 12.750939571499154 
186.98 62.74 16.0 -1.0 18.408610484582066 22.43530341091941 8.173183303247916 0.019353851293473442 818.152267286195 16.0 818.1610509717162 16.0 18.408597194744896 22.46594114978423 
187.22 54.87 16.0 -1.0 2.596093134656 46.235835333183694 0.01002074683019826 0.012441761545804354 1.7957749999696206 1.0 -1.0 -1.0 -1.0 -1.0 
187.22 54.87 16.0 -1.0 0.4512443370432862 46.12399248041837 0.20698153011825549 0.017971433343939622 11.569962642325267 32.0 11.729553148140079 32.0 0.45123063803960883 46.24745542996122 
187.22 54.87 16.0 -1.0 11.206623716315912 51.76087225979055 0.9747626722828348 0.027648358990676344 39.65400783993462 16.0 40.093817164664365 16.0 11.206611816305667 51.81334175085371 
187.22 54.87 16.0 -1.0 0.71730671014 12.783638071076188 0.7643430638053694 0.019353851293473442 66.287805455477 32.0 66.50638838715027 32.0 0.7173184712883085 12.852137504606292 
187.22 54.87 16.0 -1.0 0.001163754422873072 0.0 0.0774977205778036 0.02073626924300726 6.06025193291164 2.0 -1.0 -1.0 -1.0 -1.0 
187.22 54.87 16.0 -1.0 31.66374 37.27722282668148 0.5151944751932532 0.05529671798135269 11.731104518092518 4.0 11.731104719535853 4.0 31.663754877323907 37.2408393834261 
187.22 54.87 16.0 -1.0 0.010909758222704636 93.13154349768278 7.627605773872714 0.016589015394405805 48.65572744219706 32.0 -1.0 -1.0 -1.0 -1.0 
187.22 54.87 16.0 -1.0 28.61657456791737 101.66515316367678 7.358455683452554 0.022118687192541075 228.49489264339087 16.0 228.65927559759314 16.0 28.616523195523772 101.70392277267185 
187.22 54.87 16.0 -1.0 1.06888190894 74.55444565336296 1.0387275492114452 0.006912089747669086 189.02306670194383 32.0 189.43466706508525 32.0 1.0688684900136045 74.4816787668522 
187.22 54.87 16.0 -1.0 1.750024494157 111.83166848004444 2.6070034996161886 0.016589015394405805 213.02150567782223 32.0 213.37048926338173 32.0 1.7500193886614095 111.82371608338546 
187.23 46.72 16.0 -1.0 0.678596 45.71473538207337 0.03584721705777603 0.05391430003181887 2.1432596105584762 4.0 -1.0 -1.0 -1.0 -1.0 
187.23 46.72 16.0 -1.0 9.095043 7.891532517151073 0.05202015203780409 0.022118687192541075 0.6028567945328185 2.0 -1.0 -1.0 -1.0 -1.0 
187.23 46.72 16.0 -1.0 5.3938234402 50.537895662568495 0.06251433244568265 0.03317803078881161 1.6875310019586296 1.0 -1.0 -1.0 -1.0 -1.0 
187.23 46.72 16.0 -1.0 158.14469276434355 74.25260265502375 0.0789023083398174 0.026265941041142528 2.055788071456631 1.0 -1.0 -1.0 -1.0 -1.0 
187.23 46.72 16.0 -1.0 1.365895 33.42119171494857 0.03865082032975788 0.016589015394405805 0.8840216614627407 2.0 -1.0 -1.0 -1.0 -1.0 
187.23 46.72 16.0 -1.0 1.6204639826 100.26357514484572 0.13855243458219332 0.019353851293473442 6.101225523251569 16.0 6.107326260491392 16.0 1.6204770266388855 99.98355790985052 
187.23 46.72 16.0 -1.0 7.557780825655 99.81234393357278 5.194832598633268 0.02073626924300726 459.33527187516427 32.0 459.33525627883284 32.0 7.557779705772798 99.78116204363624 
187.23 46.72 16.0 -1.0 0.004662216499230634 47.740262152676316 8.483847616427235 0.047002210284149776 75.49538116081953 4.0 -1.0 -1.0 -1.0 -1.0 
187.23 46.72 16.0 -1.0 0.549632 0.0 1.6777315525707737 0.012441761545804354 174.04354820640725 32.0 -1.0 -1.0 -1.0 -1.0 
187.23 46.72 16.0 -1.0 0.0018682223847710368 66.84238342989714 1.6433178481118873 0.04285495643554833 18.113175249177537 2.0 -1.0 -1.0 -1.0 -1.0 
187.67 62.74 16.0 -1.0 0.417009 43.84968920872492 0.6035011024807174 0.006912089747669086 95.02352660128764 32.0 96.01183147827356 32.0 0.41700332076288765 43.91990296849709 
187.67 62.74 16.0 -1.0 247.94323741892 95.73887705098136 0.02589055225122902 0.03456044873834543 1.250324274459885 1.0 -1.0 -1.0 -1.0 -1.0 
187.67 62.74 16.0 -1.0 2.763031441157 85.08566623470519 0.06929215503468523 0.022118687192541075 1.525174412453946 16.0 -1.0 -1.0 -1.0 -1.0 
187.67 62.74 16.0 -1.0 2.682763 77.7812741525706 0.015293907241759483 0.04147253848601452 2.192124022278911 8.0 -1.0 -1.0 -1.0 -1.0 
187.67 62.74 16.0 -1.0 237.65856646672 116.6719112288559 0.08536761127287494 0.06082638977948796 2.4815600280319767 1.0 -1.0 -1.0 -1.0 -1.0 
187.67 62.74 16.0 -1.0 1.1031415866 26.790549873132626 2.4346618121760404 0.009676925646736721 445.07325537264455 32.0 445.27622937970176 32.0 1.1031261237803847 26.817452273391083 
187.67 62.74 16.0 -1.0 7.296358968158 70.82693280919645 1.7681729913172577 0.04423737438508215 104.69037601163798 16.0 104.81463551921291 16.0 7.29633029550314 70.83855317499531 
187.67 62.74 16.0 -1.0 0.2916157151464048 40.244166599492345 1.6252534331593835 0.023501105142074888 97.19312358970686 32.0 97.36705620636668 32.0 0.2916143178784599 40.37797530974732 
187.67 62.74 16.0 -1.0 0.7034059825256 0.0 1.9981590898062889 0.03317803078881161 47.17378356001614 32.0 -1.0 -1.0 -1.0 -1.0 
187.67 62.74 16.0 -1.0 0.028901765284836914 38.8906370762853 6.834133659933384 0.022118687192541075 70.71552254059685 32.0 -1.0 -1.0 -1.0 -1.0 
187.92 62.34 16.0 -1.0 0.8705844874014078 51.348004554471515 0.01919677712865296 0.03456044873834543 1.4169964045358991 1.0 -1.0 -1.0 -1.0 -1.0 
187.92 62.34 16.0 -1.0 251.55343502438237 57.65451225184826 0.580599139240655 0.026265941041142528 -inf 1.0 -1.0 -1.0 -1.0 -1.0 
187.92 62.34 16.0 -1.0 2.3987937472184 0.0 0.07074324360371825 0.02764835899067634 2.211226650993832 1.0 -1.0 -1.0 -1.0 -1.0 
187.92 62.34 16.0 -1.0 2.46962580232 38.7815316519496 0.2058407488329202 0.031795612839277794 4.991110419750593 8.0 -1.0 -1.0 -1.0 -1.0 
187.92 62.34 16.0 -1.0 0.31242652557856365 77.5630633038992 0.8965928258909794 0.07879782312342758 1.8125353220469274 4.0 -1.0 -1.0 -1.0 -1.0 
187.92 62.34 16.0 -1.0 0.74287 116.34459495584879 0.03169933160465627 0.01520659744487199 2.715135640115501 8.0 -1.0 -1.0 -1.0 -1.0 
187.92 62.34 16.0 -1.0 0.91099098381 31.92814967085199 1.9885194946178792 0.011059343596270537 412.584718988619 32.0 413.062342750257 32.0 0.9109802097858241 31.978546861855023 
187.92 62.34 16.0 -1.0 2.802302721726 20.967392750318982 1.3750352488231645 0.053914300031818865 49.72956833494863 8.0 49.73369478809027 8.0 2.8023350751027465 21.04917008628432 
187.92 62.34 16.0 -1.0 0.859107 66.81174759840822 3.5871990470852655 0.04285495643554833 159.13460323836074 16.0 159.13460256384573 16.0 0.8591086952947081 66.79063585070986 
187.92 62.34 16.0 -1.0 0.425216180759 55.07140393299653 3.550218032003879 0.027648358990676344 238.16775597857568 32.0 238.47902428787552 32.0 0.4252190895689031 55.05167561028207 
187.98 22.91 16.0 -1.0 0.624130907903 8.833594823827799 0.4953013217684499 0.019353851293473442 21.895050185972472 32.0 26.06629497621094 32.0 0.6241255808466425 8.90541811342798 
187.98 22.91 16.0 -1.0 1.4566001023496797 72.54227716493833 0.5636053377113839 0.02073626924300726 46.40796138594616 32.0 46.70632790342079 32.0 1.4565860813794038 72.55891803781662 
187.98 22.91 16.0 -1.0 6.8852572003823 47.860706381558806 0.861377491991735 0.01382417949533817 122.18659241298799 32.0 122.28221901251788 32.0 6.885269006791836 47.866622359675404 
187.98 22.91 16.0 -1.0 1.94298740055 71.03079116536942 0.13283494223444614 0.03732528463741307 2.877303449271968 8.0 -1.0 -1.0 -1.0 -1.0 
187.98 22.91 16.0 -1.0 2.6351073922659576 50.0510034587784 0.45432405986639607 0.017971433343939622 38.069100702014005 32.0 -1.0 -1.0 -1.0 -1.0 
187.98 22.91 16.0 -1.0 0.13536693792475132 60.50469405459921 0.011569279963413212 0.013824179495338172 0.42050831640325664 4.0 -1.0 -1.0 -1.0 -1.0 
187.98 22.91 16.0 -1.0 1.84704824843 0.0 0.4521322924321569 0.027648358990676344 15.953623738003834 16.0 -1.0 -1.0 -1.0 -1.0 
187.98 22.91 16.0 -1.0 0.2793 60.33272858159436 0.13932030015451158 0.013824179495338172 4.33466501297398 32.0 -1.0 -1.0 -1.0 -1.0 
187.98 22.91 16.0 -1.0 204.57006473144 90.49909287239154 0.5429670526948926 0.049767046183217416 8.145471443553998 1.0 -1.0 -1.0 -1.0 -1.0 
187.98 22.91 16.0 -1.0 505.05656417562 30.16636429079718 2.6800494928589735 0.0884747487701643 22.204249030324664 1.0 -1.0 -1.0 -1.0 -1.0 
188.08 31.71 16.0 -1.0 0.9031862366998201 5.84484055508818 0.13440420033294045 0.07465056927482613 0.751131530869644 4.0 -1.0 -1.0 -1.0 -1.0 
188.08 31.71 16.0 -1.0 0.578035 25.92411587741419 0.2810896692491158 0.03456044873834543 3.053040116037561 16.0 -1.0 -1.0 -1.0 -1.0 
188.08 31.71 16.0 -1.0 0.9685500193 71.77464201648286 0.6360340234416483 0.011059343596270537 124.3980109454619 32.0 124.54041366708869 32.0 0.9685512244080504 71.74933457295953 
188.08 31.71 16.0 -1.0 15.107815784735827 82.41225182674334 0.5084761966519021 0.01520659744487199 38.17008159347278 8.0 -1.0 -1.0 -1.0 -1.0 
188.08 31.71 16.0 -1.0 4.514517006178 46.56089906807169 0.2885665748429988 0.0483846282336836 6.022544370445869 8.0 -1.0 -1.0 -1.0 -1.0 
188.08 31.71 16.0 -1.0 0.49621315021 29.970543954013703 0.06991726935839042 0.012441761545804354 2.259282234375316 32.0 -1.0 -1.0 -1.0 -1.0 
188.08 31.71 16.0 -1.0 1.5533936038674043 59.941087908027406 0.08156261645706307 0.03317803078881161 0.8701958955994327 16.0 -1.0 -1.0 -1.0 -1.0 
188.08 31.71 16.0 -1.0 1.63249783074 57.92686593212009 5.440935372194439 0.019353851293473442 637.8101940489364 32.0 637.8478734732082 32.0 1.6325126731923472 57.88521773728188 
188.08 31.71 16.0 -1.0 230.414747 0.0 3.7467728600716743 0.015206597444871992 134.30207020466793 2.0 -1.0 -1.0 -1.0 -1.0 
188.08 31.71 16.0 -1.0 1.97406732779 89.9116318620411 2.8206229453232514 0.01520659744487199 455.3825589239769 32.0 455.5708067571479 32.0 1.974058250198141 89.86376459913691 
188.12 70.45 16.0 -1.0 1.29679780121 0.06140631733674067 0.09993093939658365 0.017971433343939622 1.3649290317247618 16.0 -1.0 -1.0 -1.0 -1.0 
188.12 70.45 16.0 -1.0 3.1235096868057473 117.59309769985839 0.1339407391545149 0.06497364362808941 -inf 1.0 -1.0 -1.0 -1.0 -1.0 
188.12 70.45 16.0 -1.0 1.69355814663 107.32596144115534 0.671247510893932 0.05529671798135269 26.681749578988274 8.0 26.69274378786922 8.0 1.6935397676813106 107.26980909356433 
188.12 70.45 16.0 -1.0 0.758477543477 81.86690227334266 0.2867779491143187 0.012441761545804354 53.17689914117806 32.0 53.274175132384485 32.0 0.7584731065435336 81.767929950566 
188.12 70.45 16.0 -1.0 0.09075658613402535 111.28052827764145 5.4034765035835015 0.0027648358990676344 2112.5381880678433 32.0 2114.745582790314 32.0 0.0907524129919087 111.4189243509569 
188.12 70.45 16.0 -1.0 0.0028908756547711962 75.01395725856241 2.0134015241583434 0.0884747487701643 7.752199595295844 1.0 -1.0 -1.0 -1.0 -1.0 
188.12 70.45 16.0 -1.0 0.0679427087103892 2.7510030166859822 1.5042420738058901 0.04700221028414978 2.165411853363492 2.0 -1.0 -1.0 -1.0 -1.0 
188.12 70.45 16.0 -1.0 0.3520778110574192 0.0 1.3922408471454342 0.024883523091608708 33.26706617918389 32.0 -1.0 -1.0 -1.0 -1.0 
188.12 70.45 16.0 -1.0 0.3619207184604502 122.800353410014 4.784846244637481 0.02073626924300726 598.7370688639863 32.0 599.5102758537457 32.0 0.3619182583255073 122.65189492584902 
188.14 55.26 16.0 -1.0 0.349120841186 73.71735306684536 0.0575805790002629 0.05944397182995414 0.7899000958453338 1.0 -1.0 -1.0 -1.0 -1.0 
188.14 55.26 16.0 -1.0 0.4309766901630031 74.45654256888301 0.9274632919026741 0.03317803078881161 41.997344244378134 16.0 42.091833619218065 16.0 0.4309792226801316 74.58287669995934 
188.14 55.26 16.0 -1.0 1.37434776862 80.31405938048437 0.1220980339424975 0.009676925646736721 7.4963029985023155 32.0 8.383183121033412 32.0 1.3743374438490719 80.0475650877447 
188.14 55.26 16.0 -1.0 0.634563531429 22.220484424889275 0.19223319441151956 0.024883523091608708 4.3345744313767245 16.0 -1.0 -1.0 -1.0 -1.0 
188.14 55.26 16.0 -1.0 1.952192814966 90.68511209089135 0.029583333176866077 0.08985716671969811 0.3609548413913258 2.0 -1.0 -1.0 -1.0 -1.0 
188.14 55.26 16.0 -1.0 3.20031 37.329069852901185 0.06977251350936196 0.012441761545804354 4.407527595117299 16.0 -1.0 -1.0 -1.0 -1.0 
188.14 55.26 16.0 -1.0 0.1955133740591237 111.98720955870355 0.010826883167411216 0.04423737438508215 1.1750631889447396 1.0 -1.0 -1.0 -1.0 -1.0 
188.14 55.26 16.0 -1.0 0.04880287173057918 49.66009472780193 9.944884875250299 0.019353851293473442 284.92875508672245 32.0 293.70697257791886 32.0 0.04880954899514715 54.84927974406779 
188.14 55.26 16.0 -1.0 0.70366819287 0.0 2.5535285275197253 0.024883523091608708 90.96459398653381 32.0 -1.0 -1.0 -1.0 -1.0 
188.14 55.26 16.0 -1.0 43.6748168488608 74.65813970580237 9.128428949429017 0.017971433343939622 423.21426149743326 8.0 51.05018584760753 2.0 43.672722919533655 74.38048083374507 
188.17 46.72 16.0 -1.0 1.2401876291652423 97.62277814394346 0.4290058815933359 0.022118687192541075 31.844977113802468 32.0 32.132557267854935 32.0 1.240186975337565 97.65600544838638 
188.17 46.72 16.0 -1.0 32.39695567367918 68.72354388162405 0.10216471553317565 0.011059343596270537 3.4712679792163006 4.0 -1.0 -1.0 -1.0 -1.0 
188.17 46.72 16.0 -1.0 0.431939 73.37272576607641 0.05166201213960514 0.022118687192541075 2.405334059740561 32.0 6.457526071335129 1.0 4.752655513584614 70.13016764324534 
188.17 46.72 16.0 -1.0 3.355903725917 11.397022546119711 0.05091792383145409 0.013824179495338172 1.5839433460232053 16.0 -1.0 -1.0 -1.0 -1.0 
188.17 46.72 16.0 -1.0 314.465409 0.0 0.11222897862455213 0.10091651031596865 1.7813441735782007 1.0 -1.0 -1.0 -1.0 -1.0 
188.17 46.72 16.0 -1.0 354.001097 37.655360835197285 1.1609311936950353 0.031795612839277794 21.721463374931897 1.0 21.72146287538215 1.0 354.00153137743473 37.64563111585465 
188.17 46.72 16.0 -1.0 1.6189882524532826 57.20602418083172 3.965151870171643 0.026265941041142528 351.90827756080233 32.0 351.990934011563 32.0 1.6189915186259898 57.17683220553193 
188.17 46.72 16.0 -1.0 10.65420400680119 33.468084710323346 2.1859184887200276 0.022118687192541075 192.50385198266565 32.0 192.58103893010713 32.0 10.65421505093885 33.49651585846206 
188.17 46.72 16.0 -1.0 76.633768847072 66.93616942064669 1.0069323644853634 0.016589015394405805 32.354292109088476 2.0 32.35429323361399 2.0 76.63378103946647 66.89183378381699 
188.17 46.72 16.0 -1.0 5.385996 100.40425413097005 1.5842363796432906 0.006912089747669086 305.0428694304932 32.0 305.072838932609 32.0 5.385997307409222 100.38834964227907 
188.46 31.71 16.0 -1.0 258.397933 33.792746380943946 0.2691181534972077 0.012441761545804354 6.237975960096975 1.0 -1.0 -1.0 -1.0 -1.0 
188.46 31.71 16.0 -1.0 0.0026009143477348545 67.85525923113438 0.5651649464577384 0.013824179495338172 7.144325647989914 1.0 -1.0 -1.0 -1.0 -1.0 
188.46 31.71 16.0 -1.0 2.2431095533 55.35607948938023 0.5524261487105362 0.02350110514207489 45.493233960299925 16.0 45.53601431030449 16.0 2.243117099472632 55.35526940960348 
188.46 31.71 16.0 -1.0 0.473649743674 66.60534125695897 0.09613870986925059 0.03732528463741307 1.5510253398579796 16.0 -1.0 -1.0 -1.0 -1.0 
188.46 31.71 16.0 -1.0 465.135238339217 0.0 0.7049930221673033 0.06082638977948796 7.125600059167934 1.0 -1.0 -1.0 -1.0 -1.0 
188.46 31.71 16.0 -1.0 2.60086625589 29.9710547332853 0.6538551491077016 0.013824179495338172 96.85929505170081 32.0 97.46656778786927 32.0 2.600881998660043 29.9545881997123 
188.46 31.71 16.0 -1.0 0.8071007157385 82.14388988555692 4.239969536556349 0.031795612839277794 245.02554449975034 16.0 257.5545371883556 32.0 0.8070855983532966 82.07152374988742 
188.46 31.71 16.0 -1.0 3.487723252743138 54.7536010413964 1.4481584463104342 0.029030776940210157 115.79368339301313 16.0 115.9121383712202 16.0 3.4877302823588257 54.74808181096066 
188.46 31.71 16.0 -1.0 0.007348123901005672 59.9421094665706 1.039445396474434 0.009676925646736721 2.3412031584924744 8.0 -1.0 -1.0 -1.0 -1.0 
188.46 31.71 16.0 -1.0 1.678134 89.9131641998559 4.456202279847409 0.017971433343939622 624.4852196277812 32.0 624.7152241735226 32.0 1.6781389907312891 89.86376459913691 
188.46 31.71 16.0 -1.0 258.397933 33.792746380943946 0.2691181534972077 0.012441761545804354 6.237975960096975 1.0 -1.0 -1.0 -1.0 -1.0 
188.46 31.71 16.0 -1.0 0.0026009143477348545 67.85525923113438 0.5651649464577384 0.013824179495338172 7.144325647989914 1.0 -1.0 -1.0 -1.0 -1.0 
188.46 31.71 16.0 -1.0 2.2431095533 55.35607948938023 0.5524261487105362 0.02350110514207489 45.49323396029994 16.0 45.53601431030449 16.0 2.243117099472632 55.35526940960348 
188.46 31.71 16.0 -1.0 0.473649743674 66.60534125695897 0.09613870986925059 0.03732528463741307 1.5510253398579796 16.0 -1.0 -1.0 -1.0 -1.0 
188.46 31.71 16.0 -1.0 465.135238339217 0.0 0.7049930221673032 0.06082638977948796 7.125600059167934 1.0 -1.0 -1.0 -1.0 -1.0 
188.46 31.71 16.0 -1.0 2.60086625589 29.9710547332853 0.6538551491077016 0.013824179495338172 96.85929505170078 32.0 97.46656778786927 32.0 2.600881998660043 29.9545881997123 
188.46 31.71 16.0 -1.0 0.8071007157385 82.14388988555692 4.239969536556348 0.031795612839277794 245.02554449975023 16.0 257.5545371883556 32.0 0.8070855983532966 82.07152374988742 
188.46 31.71 16.0 -1.0 3.4877232527431374 54.7536010413964 1.4481584463104344 0.029030776940210154 115.79368339291221 16.0 115.9121383712202 16.0 3.4877302823588257 54.74808181096066 
188.46 31.71 16.0 -1.0 0.007348123901005672 59.9421094665706 1.039445396474434 0.009676925646736721 2.3412031584924744 8.0 -1.0 -1.0 -1.0 -1.0 
188.46 31.71 16.0 -1.0 1.678134 89.9131641998559 4.456202279847409 0.017971433343939622 624.4852196277814 32.0 624.7152241735226 32.0 1.6781389907312891 89.86376459913691 
188.63 46.72 16.0 -1.0 282.535701428469 70.90706011217821 0.327228773946668 0.02350110514207489 6.0465232342266555 1.0 -1.0 -1.0 -1.0 -1.0 
188.63 46.72 16.0 -1.0 2.06071533429 38.7149533029214 0.4370831420364762 0.017971433343939622 57.06279997235626 32.0 57.376755063133395 32.0 2.060702778787042 38.758808380033145 
188.63 46.72 16.0 -1.0 113.07363260349598 0.0 0.1765731612749341 0.045619792334615966 2.5074995802465545 1.0 -1.0 -1.0 -1.0 -1.0 
188.63 46.72 16.0 -1.0 303.0909794113198 33.498686230175764 0.01650143648732039 0.019353851293473442 -2.4566984608166327 1.0 -1.0 -1.0 -1.0 -1.0 
188.63 46.72 16.0 -1.0 0.6084123279226 66.99737246035153 0.03639620525988885 0.009676925646736721 1.6529077689573795 4.0 -1.0 -1.0 -1.0 -1.0 
188.63 46.72 16.0 -1.0 0.5394 100.49605869052729 0.23847219204614303 0.058061553880420315 0.6848791589140867 8.0 -1.0 -1.0 -1.0 -1.0 
188.63 46.72 16.0 -1.0 3.31723503579 51.66014018094912 6.135907273413176 0.022118687192541075 677.3949106654707 32.0 678.2835854521095 32.0 3.3172303422664604 51.71214381774657 
188.63 46.72 16.0 -1.0 2.038708913957 57.35883657834176 2.9583333176866105 0.02350110514207489 259.749006167583 32.0 259.81473938129415 32.0 2.038693007004137 57.37922807174619 
188.63 46.72 16.0 -1.0 76.51005028461958 62.303737155973465 1.6765729010368617 0.016589015394405805 80.28991301270855 4.0 80.28991016336846 4.0 76.51008976002535 62.33792679399587 
188.63 46.72 16.0 -1.0 13.20239193874 84.65629586461759 7.267518376864192 0.02073626924300726 597.4232270208224 32.0 597.7207018098958 32.0 13.202376673386123 84.60147207756583 
188.89 54.87 16.0 -1.0 33.5877320407 59.20225638759735 0.04098842834710969 0.07188573337575849 1.739224698596143 1.0 -1.0 -1.0 -1.0 -1.0 
188.89 54.87 16.0 -1.0 380.173093964712 51.00948561299395 0.031049113500505255 0.09400442056829957 0.7784808966494106 1.0 -1.0 -1.0 -1.0 -1.0 
188.89 54.87 16.0 -1.0 6.88006896072 96.13669575157918 0.4028659068035435 0.026265941041142528 17.818165751577116 16.0 17.923889029540618 16.0 6.88008488699173 96.13803645177934 
188.89 54.87 16.0 -1.0 89.86103751927305 78.73542921533026 0.2753239454125681 0.005529671798135269 17.8430157618162 2.0 17.961060621896976 2.0 89.86098691821098 78.73199195735194 
188.89 54.87 16.0 -1.0 0.6249554554 75.30875261069369 0.013589808011601763 0.05391430003181887 -0.2399132181182496 4.0 -1.0 -1.0 -1.0 -1.0 
188.89 54.87 16.0 -1.0 164.06691364122477 0.0 0.010351457422974638 0.03732528463741307 -0.05255307165399397 1.0 -1.0 -1.0 -1.0 -1.0 
188.89 54.87 16.0 -1.0 0.940734 37.202322877047884 0.497358640182641 0.011059343596270537 65.05925065357933 32.0 65.27048790043408 32.0 0.9407206865337988 37.2408393834261 
188.89 54.87 16.0 -1.0 9.54161411582016 74.40464575409577 0.3297249531200038 0.02350110514207489 17.418563782446792 16.0 17.418564150398183 16.0 9.541630182260027 74.38048083374507 
188.89 54.87 16.0 -1.0 118.5382530563 111.60696863114364 0.04388986413237252 0.03732528463741307 0.8915640526796932 1.0 -1.0 -1.0 -1.0 -1.0 
188.89 54.87 16.0 -1.0 0.13168545696092868 12.545877861926739 6.18698620829759 0.03594286668787924 70.77704943569961 32.0 79.63544951421531 32.0 0.13169483281672 18.41802382549878 
189.26 55.26 16.0 -1.0 0.00820494416964135 77.67397963414005 0.963381672181643 0.04147253848601452 -0.23509786646555955 8.0 -1.0 -1.0 -1.0 -1.0 
189.26 55.26 16.0 -1.0 17.953961540991 80.90759820433112 0.907184809667342 0.012441761545804354 74.30831944134505 16.0 74.38032239393772 16.0 17.953971109818667 80.8571485526018 
189.26 55.26 16.0 -1.0 6.137976340789783 69.8640635026751 0.3119962793393873 0.07741540517389377 5.351931288173342 4.0 -1.0 -1.0 -1.0 -1.0 
189.26 55.26 16.0 -1.0 0.983666 18.61848200968151 0.018468288179219555 0.024883523091608708 -0.13233130266366921 4.0 -1.0 -1.0 -1.0 -1.0 
189.26 55.26 16.0 -1.0 1.727386681 48.716869393120966 0.010737497860625226 0.013824179495338174 1.3598544669706614 16.0 -1.0 -1.0 -1.0 -1.0 
189.26 55.26 16.0 -1.0 9.029678111028739 78.927146692484 0.673570158688605 0.058061553880420315 18.808576783767503 8.0 18.87811981503412 8.0 9.029705931122106 78.93438782356621 
189.26 55.26 16.0 -1.0 4.745265366294915 0.0 0.029583333176866077 0.029030776940210157 1.7295904809655382 1.0 -1.0 -1.0 -1.0 -1.0 
189.26 55.26 16.0 -1.0 2.673417841032 37.29290897732481 0.2521971497542445 0.01520659744487199 27.01897340837597 16.0 27.071199529276225 32.0 2.6734293593714638 37.342037316533236 
189.26 55.26 16.0 -1.0 0.4122 74.58581795464961 0.01670791634897068 0.0483846282336836 1.1190216669337127 1.0 -1.0 -1.0 -1.0 -1.0 
189.26 55.26 16.0 -1.0 2.217787 111.87872693197441 1.0048476241819606 0.016589015394405805 110.69481145420859 32.0 111.19515481818489 32.0 2.2177725137832267 111.82371608338546 
189.36 54.48 16.0 -1.0 236.60059797388 54.91908234681162 0.054710893493953076 0.06635606157762322 1.6779729333416529 1.0 -1.0 -1.0 -1.0 -1.0 
189.36 54.48 16.0 -1.0 389.95587978827 58.642598352920075 0.03503922206310907 0.013824179495338174 0.9056671504356232 1.0 -1.0 -1.0 -1.0 -1.0 
189.36 54.48 16.0 -1.0 1.820960929021 81.1393040137067 0.0751774531663409 0.04147253848601452 1.5529061836172784 4.0 -1.0 -1.0 -1.0 -1.0 
189.36 54.48 16.0 -1.0 3.12087740359 98.87880116519655 0.10932106914636598 0.03732528463741307 -2.9311681294386007 16.0 -1.0 -1.0 -1.0 -1.0 
189.36 54.48 16.0 -1.0 85.763293 79.24975857777106 0.1665030304089737 0.005529671798135269 11.18056436067501 1.0 11.180564378070049 1.0 85.76316758990288 79.2379816228876 
189.36 54.48 16.0 -1.0 280.145788 0.0 0.0753854842221911 0.00967692564673672 0.5277198093914375 1.0 -1.0 -1.0 -1.0 -1.0 
189.36 54.48 16.0 -1.0 0.8301208425 74.09241103498204 0.35971255446437655 0.03456044873834543 9.119672502706342 16.0 11.16513954158958 16.0 0.8301261307982107 73.87449116820939 
189.36 54.48 16.0 -1.0 0.813613 111.13861655247305 0.03965151870171643 0.06082638977948797 0.9654541744628876 1.0 -1.0 -1.0 -1.0 -1.0 
189.36 54.48 16.0 -1.0 14.696938970433028 34.689831209147755 3.741599559153526 0.10921101801317155 57.58242536364397 8.0 57.63149442553289 8.0 14.696949316809576 34.7108910557477 
189.36 54.48 16.0 -1.0 1.50177520425 37.04620551749102 3.1611855275605647 0.024883523091608708 282.88868152162354 32.0 283.2818082997672 32.0 1.5017576515674593 37.03844351721183 
189.41 23.35 16.0 -1.0 384.49193525267 65.65654678311373 0.06382348256761568 0.016589015394405805 -1.767302591517651 1.0 -1.0 -1.0 -1.0 -1.0 
189.41 23.35 16.0 -1.0 6.790985029955707 24.513217302248055 0.10055420575945401 0.024883523091608708 2.237762891628345 8.0 -1.0 -1.0 -1.0 -1.0 
189.41 23.35 16.0 -1.0 1.28377920873 70.30001966415631 0.025306980126384854 0.013824179495338172 0.549912875161864 8.0 -1.0 -1.0 -1.0 -1.0 
189.41 23.35 16.0 -1.0 132.80495704844444 77.49920242546264 0.2816728412129555 0.06082638977948796 -inf 1.0 -1.0 -1.0 -1.0 -1.0 
189.41 23.35 16.0 -1.0 0.9430725552993 48.93644481997978 0.15711571348942416 0.038707702586946884 1.555047677696757 16.0 -1.0 -1.0 -1.0 -1.0 
189.41 23.35 16.0 -1.0 0.895978140521 0.0 0.01339407391545149 0.12165277955897592 1.2501087851440296 1.0 -1.0 -1.0 -1.0 -1.0 
189.41 23.35 16.0 -1.0 1.1562393852218 29.993595179292498 0.17535751903771574 0.02350110514207489 3.7873576453437723 8.0 -1.0 -1.0 -1.0 -1.0 
189.41 23.35 16.0 -1.0 1.86626740089 89.9807855378775 0.012921446421017188 0.015206597444871992 0.8431188693765501 8.0 -1.0 -1.0 -1.0 -1.0 
189.41 23.35 16.0 -1.0 188.23351221745 83.02457519476525 3.6953601033657075 0.015206597444871989 67.02579178144315 1.0 67.02579288001499 1.0 188.2338741173347 82.98230514785165 
189.41 23.35 16.0 -1.0 0.771087 59.987190358584996 1.5032032351528772 0.03317803078881161 107.60368625412728 16.0 116.90597734605218 32.0 0.7710999246531477 60.01037433253174 
189.77 62.74 16.0 -1.0 0.991179 50.14172817923738 0.04141538626158209 0.01520659744487199 2.2458251776895057 8.0 -1.0 -1.0 -1.0 -1.0 
189.77 62.74 16.0 -1.0 5.250105943146989 90.05496272432539 0.038677531266236895 0.05114946413275124 1.4876320763817885 2.0 -1.0 -1.0 -1.0 -1.0 
189.77 62.74 16.0 -1.0 0.0028382210615318718 53.14394815376587 0.03387294721081126 0.01520659744487199 10.60893107952483 1.0 -1.0 -1.0 -1.0 -1.0 
189.77 62.74 16.0 -1.0 2.399023 15.779109633568321 0.012595343643110178 0.006912089747669086 1.5465485444065026 2.0 -1.0 -1.0 -1.0 -1.0 
189.77 62.74 16.0 -1.0 11.733640367997436 0.0 0.1467292344570344 0.07879782312342758 0.20012004724436264 1.0 -1.0 -1.0 -1.0 -1.0 
189.77 62.74 16.0 -1.0 0.9128643163022 38.78449292675753 0.019666603994141163 0.035942866687879244 1.024350761185432 2.0 -1.0 -1.0 -1.0 -1.0 
189.77 62.74 16.0 -1.0 0.07448328518400348 116.3534787802726 0.3128596354744866 0.09538683851783337 -0.4379000301406946 16.0 -1.0 -1.0 -1.0 -1.0 
189.77 62.74 16.0 -1.0 1.98059 101.12128518857574 1.0648850507038308 0.006912089747669086 195.194007215243 32.0 195.28983460079235 32.0 1.9805762955608468 101.09673517402902 
189.77 62.74 16.0 -1.0 25.628222593575096 37.073925731968046 4.502620522961262 0.011059343596270537 458.77295040363657 16.0 458.8124760984551 16.0 25.62822677039852 37.03844351721183 
189.77 62.74 16.0 -1.0 7.479017300127568 77.56898585351506 4.680228174663393 0.04009012053648069 267.1814398595016 16.0 267.2102737356915 16.0 7.479017464599262 77.51761676006629 
189.83 55.26 16.0 -1.0 1.797862293773 74.63911980466567 0.020569859396969946 0.022118687192541075 0.735918146564807 1.0 -1.0 -1.0 -1.0 -1.0 
189.83 55.26 16.0 -1.0 0.6131785651 15.153731995103682 0.2381429251126675 0.022118687192541075 21.650449050448714 32.0 21.76286381534312 32.0 0.6131813279353082 15.382085832284695 
189.83 55.26 16.0 -1.0 4.961548 57.66246654373032 0.049632891501042 0.026265941041142528 1.5011198775544237 1.0 -1.0 -1.0 -1.0 -1.0 
189.83 55.26 16.0 -1.0 222.222222 37.27482563814065 0.035625024814041624 0.011059343596270537 0.8610776854791261 1.0 -1.0 -1.0 -1.0 -1.0 
189.83 55.26 16.0 -1.0 317.594454701573 74.5496512762813 0.3420214984281319 0.009676925646736721 13.72108304443564 1.0 -1.0 -1.0 -1.0 -1.0 
189.83 55.26 16.0 -1.0 49.672205706677644 111.82447691442194 0.05797974856117098 0.029030776940210157 0.8521679274103025 8.0 -1.0 -1.0 -1.0 -1.0 
189.83 55.26 16.0 -1.0 0.16193798815580446 32.55536076586481 2.0134015241583434 0.013824179495338172 134.44341586062544 32.0 135.25315335254288 32.0 0.16195068989569944 34.103703457104885 
189.83 55.26 16.0 -1.0 116.23478976957199 87.77980991112088 6.991726935839042 0.035942866687879244 190.39237172124817 2.0 190.39236443739767 2.0 116.23487807810308 87.73860800388705 
189.83 55.26 16.0 -1.0 15.247311653041141 9.919823084617686 8.697490026177835 0.011059343596270537 1404.7174294652946 32.0 1404.8201114502938 32.0 15.247314877342435 9.917397444499343 
189.83 55.26 16.0 -1.0 3.56280182998 0.0 1.556034428676274 0.04423737438508215 40.92106439898495 16.0 -1.0 -1.0 -1.0 -1.0 
189.88 30.89 16.0 -1.0 228.41177429224265 9.936107874712082 0.043527515254158364 0.019353851293473442 -0.3133334455821247 1.0 -1.0 -1.0 -1.0 -1.0 
189.88 30.89 16.0 -1.0 1.2452498914006 12.130144364693754 0.06093663775073114 0.06082638977948796 0.11884636694003203 1.0 -1.0 -1.0 -1.0 -1.0 
189.88 30.89 16.0 -1.0 1.217137 4.06436267816277 0.09255430833834606 0.04009012053648069 0.4405449185594919 1.0 -1.0 -1.0 -1.0 -1.0 
189.88 30.89 16.0 -1.0 0.54619216715 73.23945578238 0.14116107970145156 0.03456044873834543 2.8309509806445394 16.0 -1.0 -1.0 -1.0 -1.0 
189.88 30.89 16.0 -1.0 9.0712294903 35.958819358347164 0.02465126349886415 0.008294507697202903 1.9226760470535786 32.0 -1.0 -1.0 -1.0 -1.0 
189.88 30.89 16.0 -1.0 43.07682614822333 0.0 0.01520961468120548 0.05391430003181887 0.051051615074769324 4.0 -1.0 -1.0 -1.0 -1.0 
189.88 30.89 16.0 -1.0 2.18701119405 59.94035755007307 0.5915305755260792 0.022118687192541075 55.27868405035459 32.0 58.565056411115954 32.0 2.1870012763732425 59.9091763994246 
189.88 30.89 16.0 -1.0 44.742729 15.951724316506093 4.428581346777548 0.029030776940210157 237.3409265685375 8.0 237.3638018077102 8.0 44.74265248669933 15.989273430927511 
189.88 30.89 16.0 -1.0 161.82052783543517 29.970178775036533 1.5689877830407786 0.026265941041142528 43.08485964723676 1.0 43.0848596389015 1.0 161.82020772248507 29.9545881997123 
189.88 30.89 16.0 -1.0 2.3276183091028506 89.9105363251096 1.0524518121172166 0.03041319488974398 70.06910110432344 16.0 70.10592558013403 16.0 2.3276394737573964 89.86376459913691 
189.98 62.34 16.0 -1.0 1.753421854445 106.86309796000701 0.019157032358907672 0.052531882082285056 1.263504025326374 1.0 -1.0 -1.0 -1.0 -1.0 
189.98 62.34 16.0 -1.0 1.93257404609 87.79739376321132 0.029891489374741575 0.027648358990676344 2.209752648660635 1.0 -1.0 -1.0 -1.0 -1.0 
189.98 62.34 16.0 -1.0 2.88353187692 84.79190539621796 0.1192635275774957 0.06359122567855559 1.3729360939565383 1.0 -1.0 -1.0 -1.0 -1.0 
189.98 62.34 16.0 -1.0 0.0046408404588484465 0.0 0.1152142376713014 0.020736269243007255 0.72552661372615 1.0 -1.0 -1.0 -1.0 -1.0 
189.98 62.34 16.0 -1.0 0.623447627134 41.751919476610404 5.943980934483682 0.02903077694021016 330.3974324728841 16.0 357.28587099429996 32.0 0.6234586180653423 41.794746373247236 
189.98 62.34 16.0 -1.0 0.0030547733391465414 101.7108321880184 4.612818816800296 0.049767046183217416 30.81662557353992 2.0 -1.0 -1.0 -1.0 -1.0 
189.98 62.34 16.0 -1.0 1.498159748737 80.1966413293092 3.094204795719365 0.022118687192541075 579.0936130295611 32.0 579.9175064196118 32.0 1.4981499892504266 80.24996095395896 
189.98 62.34 16.0 -1.0 6.34886199737 38.676805896482065 1.2328467394420672 0.04285495643554833 56.2961147765671 16.0 56.53620127602496 16.0 6.348879348176221 38.657610446926014 
189.98 62.34 16.0 -1.0 1.332513 77.35361179296413 3.357009693244803 0.023501105142074895 215.77733565085543 32.0 215.8864891915639 32.0 1.3325006875675172 77.31522089385203 
189.98 62.34 16.0 -1.0 0.78182562203 116.0304176894462 2.4380280832024246 0.02350110514207489 152.57123491073833 32.0 157.10033550336783 32.0 0.7818319621340682 115.97283134077803 
190.03 46.72 16.0 -1.0 2.345 35.43725924163659 0.2832338883217754 0.12718245135711118 0.6152712352735564 1.0 -1.0 -1.0 -1.0 -1.0 
190.03 46.72 16.0 -1.0 366.575069324831 67.30457261772413 0.07653998783070953 0.04423737438508215 1.262392616127019 1.0 -1.0 -1.0 -1.0 -1.0 
190.03 46.72 16.0 -1.0 1.47911075457 61.89923085519789 0.0328815056064285 0.02626594104114253 3.09472759922906 8.0 -1.0 -1.0 -1.0 -1.0 
190.03 46.72 16.0 -1.0 0.439947 0.0 0.03862412784001278 0.012441761545804354 0.689556860341915 2.0 -1.0 -1.0 -1.0 -1.0 
190.03 46.72 16.0 -1.0 1.1754 100.83584381249979 0.8161898301923846 0.024883523091608708 60.32432761048499 32.0 60.97510727554559 32.0 1.1754006360812734 100.7931413747076 
190.03 46.72 16.0 -1.0 0.8176959072274 100.28119120627042 1.0216471553317565 0.016589015394405805 144.60246861990564 32.0 144.64682130743103 32.0 0.8176963698739808 100.28715170917192 
190.03 46.72 16.0 -1.0 8.010414879211 43.777217520758235 5.021923433847284 0.01520659744487199 668.610771528704 32.0 668.7112204271453 32.0 8.010404902355125 43.818705035389954 
190.03 46.72 16.0 -1.0 10.725011 29.275573016070297 1.9436983360922584 0.009676925646736721 382.8585975904693 32.0 382.8585953651407 32.0 10.725004055226844 29.24620266796235 
190.03 46.72 16.0 -1.0 457.17664224371134 33.61194793749993 6.881510365405732 0.06635606157762322 97.75382574549627 1.0 97.7538267912381 1.0 457.17655060191953 33.597713791569205 
190.03 46.72 16.0 -1.0 0.691778 67.22389587499985 3.503922206310907 0.06082638977948796 81.230268605151 8.0 83.77448910479434 16.0 0.6917616701684892 67.29662551624554 
190.39 55.26 16.0 -1.0 0.00417535376004357 100.97213795833983 0.9767849958473805 0.04009012053648069 4.792349601177594 1.0 -1.0 -1.0 -1.0 -1.0 
190.39 55.26 16.0 -1.0 0.0017120183030027347 56.226043831556446 0.09096951715625334 0.031795612839277794 10.689386117161497 2.0 -1.0 -1.0 -1.0 -1.0 
190.39 55.26 16.0 -1.0 0.987011 12.11710368059785 0.044870942982718154 0.006912089747669086 3.1264611153313453 16.0 -1.0 -1.0 -1.0 -1.0 
190.39 55.26 16.0 -1.0 26.95704408708913 54.99644843961386 0.031502849250035346 0.09400442056829957 0.5427765138804866 8.0 -1.0 -1.0 -1.0 -1.0 
190.39 55.26 16.0 -1.0 0.057582977503957106 87.23420398836312 0.27456417141023903 0.017971433343939622 1.2937425421061453 32.0 -1.0 -1.0 -1.0 -1.0 
190.39 55.26 16.0 -1.0 181.488203 54.78406378100559 0.06165651845890035 0.009676925646736721 0.6826358006115023 1.0 -1.0 -1.0 -1.0 -1.0 
190.39 55.26 16.0 -1.0 0.57198175779 37.25674037586037 0.06089455454099885 0.027648358990676348 0.9713198434945399 32.0 -1.0 -1.0 -1.0 -1.0 
190.39 55.26 16.0 -1.0 112.410451 74.51348075172073 0.8049901736525529 0.02073626924300726 26.43685245265988 1.0 26.436852382373274 1.0 112.41063475608827 74.4816787668522 
190.39 55.26 16.0 -1.0 2.243046129 111.7702211275811 0.049019518034453494 0.01520659744487199 1.930639661321579 16.0 -1.0 -1.0 -1.0 -1.0 
190.39 55.26 16.0 -1.0 2.8212 0.0 1.3101219748257449 0.013824179495338172 155.84954869664372 32.0 -1.0 -1.0 -1.0 -1.0 
190.45 23.35 16.0 -1.0 144.36064852719 77.24916795156794 0.7353373889555433 0.013824179495338172 25.042374990067685 1.0 25.04237476920767 1.0 144.36081983149052 77.21402296074488 
190.45 23.35 16.0 -1.0 4.28191025905 52.782252958585104 0.24753656721131798 0.1769494975403286 1.3691231195611508 4.0 -1.0 -1.0 -1.0 -1.0 
190.45 23.35 16.0 -1.0 0.04661088993761044 61.112956805196575 0.12903605325992182 0.022118687192541075 1.1312804380286825 8.0 -1.0 -1.0 -1.0 -1.0 
190.45 23.35 16.0 -1.0 78.64901308403884 0.0 0.12656401135534617 0.02073626924300726 0.421210002895607 4.0 -1.0 -1.0 -1.0 -1.0 
190.45 23.35 16.0 -1.0 1.342493 30.1806912182131 0.03205166427360524 0.02073626924300726 0.40818970314407693 2.0 -1.0 -1.0 -1.0 -1.0 
190.45 23.35 16.0 -1.0 0.507087 60.3613824364262 0.607265121306145 0.026265941041142528 24.613642435734306 16.0 24.707580711462555 16.0 0.5070736127284666 60.21277019874601 
190.45 23.35 16.0 -1.0 478.4689 90.5420736546393 0.5151944751932532 0.0027648358990676344 19.15539142019049 1.0 -1.0 -1.0 -1.0 -1.0 
190.45 23.35 16.0 -1.0 12.02609153542 64.70783661726696 1.6661809787276558 0.022118687192541075 130.7596894309028 32.0 130.78288070466223 32.0 12.026096859093135 64.66547925546 
190.45 23.35 16.0 -1.0 0.554910176065764 25.309040490520733 2.1000625157143205 0.01520659744487199 286.3807341637205 32.0 287.33693860269034 32.0 0.5549130340417227 25.400681209891175 
190.45 23.35 16.0 -1.0 39.83961437537455 33.829901707543996 2.830382852894209 0.03732528463741307 80.87910736044716 8.0 83.76432151220625 8.0 39.83962718242159 33.80010965778348 
190.96 63.13 16.0 -1.0 147.058824 57.77125005835353 0.6444376689994806 0.012441761545804354 29.234391936016703 1.0 29.234391533195517 1.0 147.05874491482973 57.78401980417475 
190.96 63.13 16.0 -1.0 3.451961373883 61.94102980046856 0.5325650195176844 0.0483846282336836 14.022102058793081 8.0 15.220705499940502 8.0 3.4519568240890903 61.933135061567334 
190.96 63.13 16.0 -1.0 0.010371972211429208 67.9511033952489 0.21723694834277502 0.016589015394405805 0.9158565553586243 8.0 -1.0 -1.0 -1.0 -1.0 
190.96 63.13 16.0 -1.0 0.8252288334107 58.714691843580674 0.011015499634878988 0.013824179495338172 0.42014355641110207 4.0 -1.0 -1.0 -1.0 -1.0 
190.96 63.13 16.0 -1.0 2.0310993539 0.0 0.22580594589905179 0.006912089747669086 70.94678870348284 32.0 -1.0 -1.0 -1.0 -1.0 
190.96 63.13 16.0 -1.0 0.0024727047830328253 38.820882347679905 0.9306724964577999 0.012441761545804354 6.943995825748499 2.0 -1.0 -1.0 -1.0 -1.0 
190.96 63.13 16.0 -1.0 0.143445 77.64176469535981 0.024279432074917166 0.009676925646736721 0.577747719484456 2.0 -1.0 -1.0 -1.0 -1.0 
190.96 63.13 16.0 -1.0 1.681870311647 34.93064091229884 1.03300258936587 0.11197585391223919 6.488314959514246 8.0 6.547517918234868 8.0 1.6818376025184991 35.62167245371192 
190.96 63.13 16.0 -1.0 1.4235126948841859 76.38384231505694 3.822594545999754 0.013824179495338172 686.8928517191748 32.0 687.0904748527674 32.0 1.4235107907249283 76.4044394958878 
190.96 63.13 16.0 -1.0 0.6118088461395 116.46264704303971 1.0358611142335086 0.03041319488974398 58.201087801543274 16.0 59.5801746850322 32.0 0.6118170858826488 116.37762307320659 
191.01 54.48 16.0 -1.0 1.09193730211 36.32249000599451 0.42311911561111254 0.026265941041142528 24.211210743841203 16.0 -1.0 -1.0 -1.0 -1.0 
191.01 54.48 16.0 -1.0 0.006343236799699476 68.22947878340447 0.14907929892623273 0.03317803078881161 -1.002447683183499 1.0 -1.0 -1.0 -1.0 -1.0 
191.01 54.48 16.0 -1.0 265.19198063569 23.364436149243875 0.01539993018116469 0.019353851293473442 1.2317287246497244 1.0 -1.0 -1.0 -1.0 -1.0 
191.01 54.48 16.0 -1.0 0.7832629122116043 30.808660582360037 0.10223531986197697 0.01520659744487199 1.6039998455840885 1.0 -1.0 -1.0 -1.0 -1.0 
191.01 54.48 16.0 -1.0 1.263379784007 36.97704923334749 0.016174128236432772 0.012441761545804354 0.37647797708311403 32.0 -1.0 -1.0 -1.0 -1.0 
191.01 54.48 16.0 -1.0 0.012580122611253566 73.95409846669499 0.013627413729677892 0.016589015394405805 0.18096700744468408 2.0 -1.0 -1.0 -1.0 -1.0 
191.01 54.48 16.0 -1.0 6.9218635401 110.93114770004249 0.38252362772549275 0.03732528463741307 15.433946079058863 8.0 15.578722611022899 8.0 6.921861010293166 110.91293468542122 
191.01 54.48 16.0 -1.0 0.73893939554 98.17278987875548 3.1852998051094983 0.08156265902249521 40.712151284946636 8.0 44.8507971962908 16.0 0.7389341287004452 98.2631930470292 
191.01 54.48 16.0 -1.0 3.91501633777 76.12856640841 5.018455263220761 0.03041319488974398 385.6264811049554 32.0 385.7046793975806 32.0 3.9150108932517473 76.1008456965664 
191.01 54.48 16.0 -1.0 2.095566761976 0.0 5.112942010191996 0.04423737438508215 139.46347436176507 16.0 -1.0 -1.0 -1.0 -1.0 
191.09 31.71 16.0 -1.0 4.21763962354 39.48952863856387 0.44654474870503197 0.029030776940210157 23.068871358442998 8.0 23.39985007222985 16.0 4.21763009702166 39.467193911783106 
191.09 31.71 16.0 -1.0 12.628900635367113 69.62603751304064 0.6745014665598219 0.07050331542622468 15.203109357865028 8.0 15.64479934423741 4.0 12.628879630938174 69.62417797770968 
191.09 31.71 16.0 -1.0 2.522327 59.94925937250438 0.015592627068837125 0.016589015394405805 0.7081646326966642 4.0 -1.0 -1.0 -1.0 -1.0 
191.09 31.71 16.0 -1.0 102.20067908056348 82.65731216511968 6.749676032594977 0.02073626924300726 220.53350419685435 2.0 220.53350658562948 2.0 102.20052596802513 82.67871134853023 
191.09 31.71 16.0 -1.0 54.704771719716256 16.97033489887725 8.649553701397627 0.029030776940210157 454.0438291623547 8.0 454.0881957231112 8.0 54.704772386079036 17.00125276199887 
191.09 31.71 16.0 -1.0 15.177403456013216 13.570871946160983 7.187629104204333 0.12580003340757737 140.5174588864622 8.0 141.02693073809363 8.0 15.177405051266154 13.560523036356244 
191.09 31.71 16.0 -1.0 3.05419496502 10.513153946363278 1.3283494223444614 0.03456044873834543 72.72571144845362 16.0 72.76200156954066 16.0 3.0542044745137296 10.52458504314216 
191.09 31.71 16.0 -1.0 0.006985905219123659 0.0 1.4125863376630825 0.08985716671969811 -0.22395807888111027 1.0 -1.0 -1.0 -1.0 -1.0 
191.09 31.71 16.0 -1.0 0.37547396768542574 29.97462968625219 1.2252051704249856 0.012441761545804352 152.49647395122474 32.0 152.9220526302161 32.0 0.3754697293819239 30.156984065926572 
191.09 31.71 16.0 -1.0 0.0017598805570259 89.92388905875657 1.4253298863765183 0.038707702586946884 5.760815293712592 2.0 -1.0 -1.0 -1.0 -1.0 
191.11 22.91 16.0 -1.0 265.19198063569 57.41793825537366 0.10365769805511528 0.04285495643554833 0.6268053766457726 1.0 -1.0 -1.0 -1.0 -1.0 
191.11 22.91 16.0 -1.0 238.004053174088 56.897699425210526 0.06796467247011044 0.015206597444871989 0.6011255291162095 1.0 -1.0 -1.0 -1.0 -1.0 
191.11 22.91 16.0 -1.0 3.57361490181 40.34132683019418 0.8072177425408391 0.08709233082063048 9.344358111912271 2.0 9.352337047723722 2.0 3.5734653162459535 40.5803711759616 
191.11 22.91 16.0 -1.0 0.008055498794123105 5.905167072202632 0.023634006668682334 0.017971433343939622 -1.4623047876238444 1.0 -1.0 -1.0 -1.0 -1.0 
191.11 22.91 16.0 -1.0 3.01978 71.08105279492133 0.26967648836059543 0.012441761545804356 29.566716872384568 32.0 30.54617940656439 32.0 3.019795258296654 71.14214697431672 
191.11 22.91 16.0 -1.0 125.8345875794094 30.42028106901294 0.03196321566006394 0.009676925646736721 1.6702439363116444 1.0 -1.0 -1.0 -1.0 -1.0 
191.11 22.91 16.0 -1.0 0.02224148935690638 60.84056213802588 0.08338580182267591 0.04285495643554833 0.5965097055240812 2.0 -1.0 -1.0 -1.0 -1.0 
191.11 22.91 16.0 -1.0 232.64926277735 91.26084320703882 0.5989323039447171 0.01520659744487199 18.174426867785467 1.0 -1.0 -1.0 -1.0 -1.0 
191.11 22.91 16.0 -1.0 0.01293182038399719 51.339358239783316 4.3049032592811995 0.03456044873834543 3.08358791010084 1.0 -1.0 -1.0 -1.0 -1.0 
191.11 22.91 16.0 -1.0 45.72872321005851 0.0 1.4057716848492932 0.031795612839277794 56.00138655860293 8.0 -1.0 -1.0 -1.0 -1.0 
191.16 62.74 16.0 -1.0 1.20489823105 44.91626738395565 0.9580719820772557 0.07326815132529231 17.408515240578012 8.0 17.40851453646667 8.0 1.2048985809087753 44.93188229956846 
191.16 62.74 16.0 -1.0 3.5669868822 60.31812167698001 0.2594426694035856 0.017971433343939622 19.927426807240845 16.0 21.136863756202587 16.0 3.5669775873733065 60.313968131853144 
191.16 62.74 16.0 -1.0 14.900961263113452 31.03601408066447 0.171286593505062 0.016589015394405805 8.799551935902995 16.0 8.914301335660607 16.0 14.900979294907303 31.067765463890797 
191.16 62.74 16.0 -1.0 61.93152364676491 40.1888505685251 0.07006232552992087 0.011059343596270537 2.3712570260586823 2.0 -1.0 -1.0 -1.0 -1.0 
191.16 62.74 16.0 -1.0 1.51981774632 77.42742135543014 0.0914736754596808 0.031795612839277794 1.5832095985167998 4.0 -1.0 -1.0 -1.0 -1.0 
191.16 62.74 16.0 -1.0 0.621574989896 60.7943479409423 7.399236668657115 0.017971433343939622 879.4017223845582 32.0 880.7618925908906 32.0 0.6215789956816783 60.718759864281694 
191.16 62.74 16.0 -1.0 1.35225504146 85.9065719089051 2.042824336814625 0.022118687192541075 223.98211478158262 32.0 224.124846496045 32.0 1.352267039086049 85.9170452079586 
191.16 62.74 16.0 -1.0 16.562185596668744 0.0 3.7753541375300403 0.03041319488974398 210.89897019456563 16.0 -1.0 -1.0 -1.0 -1.0 
191.16 62.74 16.0 -1.0 38.801408988633 38.71371067771507 3.0707801519487754 0.022118687192541075 167.07572094644124 8.0 167.5359336127498 8.0 38.80146929683785 38.758808380033145 
191.16 62.74 16.0 -1.0 7.938887556 116.14113203314521 8.466282763337095 0.08570991287109667 175.34222220350466 8.0 176.9518226373978 16.0 7.938918618795773 116.07402927388516 
192.68 47.11 16.0 -1.0 0.001341933801856741 54.473859509539245 0.263234030920558 0.05391430003181887 2.6020951266615406 1.0 -1.0 -1.0 -1.0 -1.0 
192.68 47.11 16.0 -1.0 2.233596324088 33.88964274103086 0.4499510986058557 0.06359122567855559 7.144528165391726 8.0 8.452606260581296 8.0 2.2335977215940757 33.90130759089061 
192.68 47.11 16.0 -1.0 0.02460772294981439 0.0 0.23797846217159135 0.04285495643554833 1.0899533855804153 4.0 -1.0 -1.0 -1.0 -1.0 
192.68 47.11 16.0 -1.0 14.562478397332466 33.930363248980434 0.046032684938204664 0.008294507697202903 2.204234168714421 8.0 -1.0 -1.0 -1.0 -1.0 
192.68 47.11 16.0 -1.0 277.0397054558288 82.82551316942839 2.1234043527079005 0.024883523091608708 47.19094248182696 1.0 47.19094202413997 1.0 277.0393621176481 82.77990928163737 
192.68 47.11 16.0 -1.0 1.4847663170749 80.60624548617675 3.460620016062808 0.04147253848601452 158.08319198456437 16.0 165.06857978515114 32.0 1.4847501006443053 80.55355475328038 
192.68 47.11 16.0 -1.0 0.025646825296684543 30.866145025775182 3.2904229465847132 0.04009012053648069 3.8639340534101203 16.0 -1.0 -1.0 -1.0 -1.0 
192.68 47.11 16.0 -1.0 7.830734887436485 101.53658657225648 9.7678499584738 0.011059343596270537 1266.6348145226768 32.0 1266.640623033084 32.0 7.830719065774853 101.50152690645756 
192.68 47.11 16.0 -1.0 1.074011086779 67.86072649796087 3.550218032003879 0.052531882082285056 112.51205730057808 16.0 113.13058931755361 16.0 1.073991976833592 67.70141724867409 
192.68 47.11 16.0 -1.0 0.057582977503957106 101.79108974694131 9.580719820772561 0.01520659744487199 372.38739150417507 32.0 372.600784411662 32.0 0.057571014622226364 101.70392277267185 
192.93 71.28 16.0 -1.0 0.2836848442814687 40.39249992160316 7.460832307435807 0.11612310776084064 40.326895659426604 8.0 41.00126274183379 8.0 0.28370171397303545 43.717507102282816 
20.62 31.48 16.0 -1.0 0.001576100960180264 57.51398787173436 0.34249439246819985 0.062208807729021785 17.695468336073482 1.0 -1.0 -1.0 -1.0 -1.0 
20.62 31.48 16.0 -1.0 1.0480444462 149.8228077245861 0.9034322499182685 0.01520659744487199 115.87151904262772 32.0 116.04280364588708 32.0 1.0480410613430045 149.7729409985615 
20.62 31.48 16.0 -1.0 111.01410225980808 96.93707523335569 0.029298587592451877 0.016589015394405805 0.9267064317485071 4.0 -1.0 -1.0 -1.0 -1.0 
20.62 31.48 16.0 -1.0 2.003221376169 113.18873419160722 0.02879691301783835 0.0483846282336836 2.64161066996732 2.0 -1.0 -1.0 -1.0 -1.0 
20.62 31.48 16.0 -1.0 34.233695350449175 44.171948745525995 0.03439170012709915 0.011059343596270537 1.7569800542827085 4.0 -1.0 -1.0 -1.0 -1.0 
20.62 31.48 16.0 -1.0 0.03227182526599894 117.07827780128153 0.020329692658403557 0.033178030788811604 1.5847004446846427 4.0 -1.0 -1.0 -1.0 -1.0 
20.62 31.48 16.0 -1.0 0.456288 0.0 0.3697913905022333 0.006912089747669086 20.269714371264328 32.0 -1.0 -1.0 -1.0 -1.0 
20.62 31.48 16.0 -1.0 0.736208688943 50.24747616683896 0.43647964598682204 0.026265941041142524 12.026273442076313 16.0 12.099437357681346 16.0 0.7362056445951264 49.688185155603854 
20.62 31.48 16.0 -1.0 0.3425364911 100.49495233367792 0.014877064699107174 0.031795612839277794 0.9601745268733005 32.0 -1.0 -1.0 -1.0 -1.0 
20.62 31.48 16.0 -1.0 2.338339484159585 150.74242850051687 0.5671205278121757 0.019353851293473442 45.872202335575395 32.0 -1.0 -1.0 -1.0 -1.0 
203.88 71.27 16.0 -1.0 0.020759978086765968 41.07515164331142 1.8265272784775233 0.04009012053648069 2.438838148590926 4.0 -1.0 -1.0 -1.0 -1.0 
205.31 54.47 16.0 -1.0 2.861773352516 76.49852505992286 0.5042782848310833 0.10921101801317155 3.5020510685542168 4.0 -1.0 -1.0 -1.0 -1.0 
205.31 54.47 16.0 -1.0 117.8372326493 106.70941367815858 0.029522084210045624 0.009676925646736721 1.9769369797986083 1.0 -1.0 -1.0 -1.0 -1.0 
205.31 54.47 16.0 -1.0 0.6258 19.917304247942553 0.22163307062836915 0.09538683851783337 1.2335940799819465 2.0 -1.0 -1.0 -1.0 -1.0 
205.31 54.47 16.0 -1.0 390.56839326407 0.0 0.5377408846423294 0.049767046183217416 7.309058362947735 1.0 -1.0 -1.0 -1.0 -1.0 
205.31 54.47 16.0 -1.0 0.06857004804796225 37.21097256636352 0.03467799705648203 0.02350110514207489 0.6881905379277701 1.0 -1.0 -1.0 -1.0 -1.0 
205.31 54.47 16.0 -1.0 262.467192 111.63291769909057 0.059810533707119064 0.027648358990676344 0.7103141501101795 1.0 -1.0 -1.0 -1.0 -1.0 
205.31 54.47 16.0 -1.0 6.01990518407 68.97371392589075 2.4464641376516383 0.019353851293473442 270.6205872295924 32.0 270.7778254837013 32.0 6.019915114544953 68.91579244595971 
205.31 54.47 16.0 -1.0 0.911737585544 57.26224971283484 8.29835288614627 0.019353851293473442 889.1245137891231 32.0 889.5526733053296 32.0 0.9117381220373015 57.17683220553193 
205.31 54.47 16.0 -1.0 29.60214837047 79.27846270439466 6.34278846953517 0.04009012053648069 234.15259738745462 16.0 234.1525917994836 16.0 29.602172920325152 79.2379816228876 
205.31 54.47 16.0 -1.0 6.06185918633 74.42194513272705 3.6623207333636896 0.04285495643554833 175.07175508162578 16.0 179.5063349416804 32.0 6.061873136786745 74.38048083374507 
207.81 70.85 16.0 -1.0 0.0182534322329072 71.09386383479239 4.725714132052327 0.013824179495338172 62.392113263142896 32.0 -1.0 -1.0 -1.0 -1.0 
207.81 70.85 16.0 -1.0 1.94933571114 89.49593365194652 2.6268903444130802 0.056679135930886505 123.37265715795499 8.0 127.44457612139702 16.0 1.9493199943099173 89.5601707998155 
207.81 70.85 16.0 -1.0 0.0012757844691250295 49.856913871660055 2.774241821679443 0.03456044873834543 68.99042861766347 8.0 -1.0 -1.0 -1.0 -1.0 
207.81 70.85 16.0 -1.0 2.4500513636 0.0 7.596054268486147 0.006912089747669086 2355.8508341524607 32.0 -1.0 -1.0 -1.0 -1.0 
207.81 70.85 16.0 -1.0 0.0019832339558645477 41.08111098497972 1.2805918722139784 0.12580003340757737 10.931275645913354 1.0 -1.0 -1.0 -1.0 -1.0 
207.91 62.72 16.0 -1.0 3.7391619008 87.46459202326726 0.48047209186097195 0.013824179495338172 64.21271192788069 32.0 64.79026245108882 32.0 3.739175250908981 87.43501420456563 
207.91 62.72 16.0 -1.0 0.07179470857397473 38.31959501471864 0.06647866174025409 0.03456044873834543 1.8699586988874355 2.0 -1.0 -1.0 -1.0 -1.0 
207.91 62.72 16.0 -1.0 134.6485499129762 57.21166752653162 0.5176919443896122 0.012441761545804354 18.175432660371076 1.0 18.175432761446565 1.0 134.64887160807848 57.17683220553193 
207.91 62.72 16.0 -1.0 387.4675120456128 38.79684391982297 0.14703365110827446 0.038707702586946884 -1.6376381012535937 1.0 -1.0 -1.0 -1.0 -1.0 
207.91 62.72 16.0 -1.0 0.431939 77.59368783964594 0.35649644673769115 0.016589015394405805 26.906437568328116 32.0 -1.0 -1.0 -1.0 -1.0 
207.91 62.72 16.0 -1.0 0.5854 116.3905317594689 0.5088275960600901 0.07603298722435994 3.893933521610991 4.0 -1.0 -1.0 -1.0 -1.0 
207.91 62.72 16.0 -1.0 3.5167566480955 83.60003991364194 3.363974424252769 0.016589015394405805 383.62270233325626 32.0 384.18866617432724 32.0 3.516773479835441 83.58949274649447 
207.91 62.72 16.0 -1.0 1.313725400789 13.13016499896799 5.659463684913345 0.012441761545804354 1221.97281522729 32.0 1222.0445230825355 32.0 1.3137347802209358 13.1557313039277 
207.91 62.72 16.0 -1.0 1.334812202073005 98.04554945594626 7.297705252459054 0.006912089747669086 2050.8628416970996 32.0 2050.883133792257 32.0 1.3348047408120087 98.06079718081493 
207.91 62.72 16.0 -1.0 3.03460736808 0.0 3.363974424252769 0.02073626924300726 251.51769600254912 32.0 -1.0 -1.0 -1.0 -1.0 
208.92 23.33 16.0 -1.0 0.6038612447 47.55211671794416 0.7429970658615059 0.019353851293473442 67.97815575172807 32.0 68.34638582203027 32.0 0.6038741654871653 47.66422649346113 
208.92 23.33 16.0 -1.0 10.807574 71.65504258573654 0.012405359687028784 0.026265941041142528 0.8840392896763125 1.0 -1.0 -1.0 -1.0 -1.0 
208.92 23.33 16.0 -1.0 397.98739631853 23.998707241791703 0.06606660623846376 0.008294507697202903 2.1346276162284767 1.0 -1.0 -1.0 -1.0 -1.0 
208.92 23.33 16.0 -1.0 1.941748 44.76663707756249 0.04524447535090557 0.03732528463741307 1.2375225931860965 16.0 -1.0 -1.0 -1.0 -1.0 
208.92 23.33 16.0 -1.0 0.52289775784 0.0 0.14744052264218882 0.006912089747669085 4.776651732121283 32.0 -1.0 -1.0 -1.0 -1.0 
208.92 23.33 16.0 -1.0 0.1875919879429402 31.578243678204398 0.03377947265074539 0.027648358990676344 3.3742666331679074 1.0 -1.0 -1.0 -1.0 -1.0 
208.92 23.33 16.0 -1.0 4.269304615242114 63.156487356408796 0.07977929405138741 0.013824179495338172 3.8439958717371443 16.0 -1.0 -1.0 -1.0 -1.0 
208.92 23.33 16.0 -1.0 38.801408988633 94.73473103461319 0.826973797382897 0.0483846282336836 19.280624973504423 2.0 19.280624877948537 2.0 38.801226764917374 94.72126538827945 
208.92 23.33 16.0 -1.0 12.342028775005748 79.88831403978982 9.821983945518493 0.02073626924300726 755.9490417062642 16.0 756.1078129336995 16.0 12.342025001998993 79.84516922153043 
208.92 23.33 16.0 -1.0 0.432591 87.43942721456598 9.801648631536343 0.04009012053648069 364.20232550627435 16.0 400.93844544210384 32.0 0.4325859966532638 87.03022247213708 
208.92 55.25 16.0 -1.0 0.13351350897202321 79.0717106722657 0.04693179302532015 0.07603298722435994 1.2338233372764276 4.0 -1.0 -1.0 -1.0 -1.0 
208.92 55.25 16.0 -1.0 55.490992750915 98.73564099585346 0.13912793572153864 0.012441761545804354 2.592177986344031 1.0 -1.0 -1.0 -1.0 -1.0 
208.92 55.25 16.0 -1.0 1.1001096 55.33783021881015 0.024994231268529538 0.024883523091608708 2.6715757827393936 16.0 -1.0 -1.0 -1.0 -1.0 
208.92 55.25 16.0 -1.0 0.5723136989 63.03925518831136 0.08150628882197566 0.012441761545804354 3.4559096185035796 32.0 -1.0 -1.0 -1.0 -1.0 
208.92 55.25 16.0 -1.0 288.7381713684389 47.65889116162865 0.1624131023331398 0.049767046183217416 1.6305406472668276 1.0 -1.0 -1.0 -1.0 -1.0 
208.92 55.25 16.0 -1.0 0.38597095267029763 0.0 0.3494252909314058 0.02350110514207489 1.5145811208388391 16.0 -1.0 -1.0 -1.0 -1.0 
208.92 55.25 16.0 -1.0 0.007484446078415906 112.41831864239794 0.6014200712968409 0.022118687192541075 0.16772527370028195 8.0 -1.0 -1.0 -1.0 -1.0 
208.92 55.25 16.0 -1.0 121.70099183577346 103.5026544076323 4.28709607542816 0.038707702586946884 80.8188229125182 1.0 80.8188222292174 1.0 121.70057743787767 103.52548556860027 
208.92 55.25 16.0 -1.0 1.06888190894 37.47277288079931 6.982073212827947 0.009676925646736721 1064.021060937774 32.0 1064.4342510165607 32.0 1.0688684900136045 37.54443318274752 
208.92 55.25 16.0 -1.0 5.39635989339 74.94554576159862 1.4856523413221554 0.026265941041142528 115.06281978802747 32.0 115.55520010590992 32.0 5.396365547009434 74.98766843238788 
209.63 30.88 16.0 -1.0 0.6311099714431041 81.82419879819493 0.8184483907713578 0.062208807729021785 10.931230547794518 8.0 -1.0 -1.0 -1.0 -1.0 
209.63 30.88 16.0 -1.0 0.67719 89.75337814156934 0.5702635424403566 0.016589015394405805 55.719300778706085 32.0 56.225918817937895 32.0 0.6771794384500633 89.76256666602976 
209.63 30.88 16.0 -1.0 0.06400257968525651 37.085037359562094 0.47519043119474935 0.026265941041142528 1.657074363791185 4.0 -1.0 -1.0 -1.0 -1.0 
209.63 30.88 16.0 -1.0 0.646438269959 2.826429957327239 0.29116985798791756 0.016589015394405805 18.98394187729571 32.0 21.522987508148155 32.0 0.6464385175301384 3.4407297256426292 
209.63 30.88 16.0 -1.0 292.397661 60.303495532505316 0.30792776150894874 0.06635606157762322 2.3094289454232415 1.0 -1.0 -1.0 -1.0 -1.0 
209.63 30.88 16.0 -1.0 0.028901765284836914 94.83715819904384 0.07717715212936165 0.03456044873834543 0.6028975783275297 4.0 -1.0 -1.0 -1.0 -1.0 
209.63 30.88 16.0 -1.0 0.5723136989 80.42995314810398 2.3021637627801295 0.022118687192541075 148.24368243892863 32.0 148.2726019141753 32.0 0.5723146993356447 80.55355475328038 
209.63 30.88 16.0 -1.0 0.74006295676 0.0 6.972432819051365 0.038707702586946884 132.83815753723258 16.0 -1.0 -1.0 -1.0 -1.0 
209.63 30.88 16.0 -1.0 3.89441988715 31.61238606634795 7.440243664430449 0.019353851293473442 821.9079908968401 32.0 821.9238179773863 32.0 3.89442599650162 31.573755129426477 
209.63 30.88 16.0 -1.0 212.219708804722 63.2247721326959 1.9816625542394186 0.008294507697202903 77.92062799276204 1.0 77.92062718454603 1.0 212.21931092441085 63.248708191960105 
209.63 30.88 16.0 -1.0 0.6311099714431041 81.82419879819493 0.8184483907713578 0.062208807729021785 10.931230547794518 8.0 -1.0 -1.0 -1.0 -1.0 
209.63 30.88 16.0 -1.0 0.67719 89.75337814156934 0.5702635424403566 0.016589015394405805 55.719300778706085 32.0 56.225918817937895 32.0 0.6771794384500633 89.76256666602976 
209.63 30.88 16.0 -1.0 0.06400257968525651 37.085037359562094 0.47519043119474935 0.026265941041142528 1.657074363791185 4.0 -1.0 -1.0 -1.0 -1.0 
209.63 30.88 16.0 -1.0 0.646438269959 2.826429957327239 0.29116985798791756 0.016589015394405805 18.98394187729571 32.0 21.522987508148155 32.0 0.6464385175301384 3.4407297256426292 
209.63 30.88 16.0 -1.0 292.397661 60.303495532505316 0.30792776150894874 0.06635606157762322 2.3094289454232415 1.0 -1.0 -1.0 -1.0 -1.0 
209.63 30.88 16.0 -1.0 0.028901765284836914 94.83715819904384 0.07717715212936165 0.03456044873834543 0.6028975783275297 4.0 -1.0 -1.0 -1.0 -1.0 
209.63 30.88 16.0 -1.0 0.5723136989 80.42995314810398 2.3021637627801295 0.022118687192541075 148.24368243892863 32.0 148.2726019141753 32.0 0.5723146993356447 80.55355475328038 
209.63 30.88 16.0 -1.0 0.74006295676 0.0 6.972432819051365 0.038707702586946884 132.83815753723258 16.0 -1.0 -1.0 -1.0 -1.0 
209.63 30.88 16.0 -1.0 3.89441988715 31.61238606634795 7.440243664430449 0.019353851293473442 821.9079908968401 32.0 821.9238179773863 32.0 3.89442599650162 31.573755129426477 
209.63 30.88 16.0 -1.0 212.219708804722 63.2247721326959 1.9816625542394186 0.008294507697202903 77.92062799276204 1.0 77.92062718454603 1.0 212.21931092441085 63.248708191960105 
209.75 31.29 16.0 -1.0 9.83930672914 77.46367817405302 0.02210214600222975 0.06359122567855559 2.896272605703716 2.0 -1.0 -1.0 -1.0 -1.0 
209.75 31.29 16.0 -1.0 3.972847087764 18.7540646277373 0.22658727867683454 0.022118687192541075 12.34811383836319 16.0 12.403586651698388 16.0 3.9728547562845056 18.721617624820187 
209.75 31.29 16.0 -1.0 3.866527 14.343017560515326 0.23455085678109414 0.011059343596270537 37.105323370278846 32.0 37.4192930678246 32.0 3.8665348256472503 14.370106501213336 
209.75 31.29 16.0 -1.0 0.257347 8.347787998183524 0.22611815517980852 0.017971433343939622 4.924640940803652 32.0 -1.0 -1.0 -1.0 -1.0 
209.75 31.29 16.0 -1.0 0.2084794003 67.86372197614196 0.025730074524688853 0.05529671798135269 0.13043142605974375 2.0 -1.0 -1.0 -1.0 -1.0 
209.75 31.29 16.0 -1.0 0.020381854524096684 0.0 0.03361651243216607 0.005529671798135269 0.6633697606280324 1.0 -1.0 -1.0 -1.0 -1.0 
209.75 31.29 16.0 -1.0 1.8668672858079376 31.61724704312009 0.620410683714617 0.024883523091608708 40.89212954790158 32.0 41.07046311133597 32.0 1.8668591413491717 31.674953062533618 
209.75 31.29 16.0 -1.0 229.4638551285331 63.23449408624018 0.03185299805109498 0.022118687192541075 1.0044504328337525 1.0 -1.0 -1.0 -1.0 -1.0 
209.75 31.29 16.0 -1.0 0.48604 94.85174112936028 0.015919161622271902 0.04285495643554833 1.0579235932670552 8.0 -1.0 -1.0 -1.0 -1.0 
209.75 31.29 16.0 -1.0 0.32412631050293017 27.320033448600622 1.0977515282983135 0.017971433343939622 103.85806059490398 32.0 104.16313361220033 32.0 0.32411359522181254 27.525837805141034 
209.94 62.32 16.0 -1.0 5.830224 27.390791098676395 0.29278353811068064 0.04147253848601452 7.984250733422774 8.0 8.20782574459462 8.0 5.830224836245179 27.323441938926763 
209.94 62.32 16.0 -1.0 0.772798 27.891345292149868 0.2155923583868099 0.11197585391223919 0.9476989201496289 4.0 -1.0 -1.0 -1.0 -1.0 
209.94 62.32 16.0 -1.0 0.721308702201 98.01549555922449 0.45026205229612626 0.027648358990676348 16.613763428552485 16.0 18.642283786438067 32.0 0.7213202479761094 97.9595992477078 
209.94 62.32 16.0 -1.0 3.33342176928 16.553210770215824 0.5060231864167956 0.029030776940210154 25.651036964560927 16.0 28.307116071723836 16.0 3.3334193479580185 16.596461029570328 
209.94 62.32 16.0 -1.0 40.766408 90.87968810342822 0.5355165255286887 0.016589015394405805 19.043911409015415 2.0 19.043910904004715 2.0 40.76622038458785 90.87574393020826 
209.94 62.32 16.0 -1.0 2.5411563288 0.0 0.3602099089404127 0.08432749492156286 1.7775649893791803 8.0 -1.0 -1.0 -1.0 -1.0 
209.94 62.32 16.0 -1.0 455.23717843241 38.798770391792786 0.016963792528778155 0.013824179495338172 2.0318406994285527 1.0 -1.0 -1.0 -1.0 -1.0 
209.94 62.32 16.0 -1.0 198.35548314683 77.59754078358557 0.9740894952994789 0.01520659744487199 38.107050423766125 1.0 38.10705100973007 1.0 198.3552162225048 77.61881469317343 
209.94 62.32 16.0 -1.0 1.024097 18.52050515851855 2.3309703733803886 0.06359122567855559 50.39523682967698 16.0 50.46297199175774 16.0 1.0240910341963172 18.62041969171305 
209.94 62.32 16.0 -1.0 4.553007013785445 116.39631117537836 8.088924634845911 0.02350110514207489 711.619342313049 32.0 711.73319556498 32.0 4.552991110055397 116.37762307320659 
21.19 30.67 16.0 -1.0 0.017513879323249357 39.60998122434922 0.7632877084845537 0.005529671798135269 4.596920235580897 32.0 -1.0 -1.0 -1.0 -1.0 
21.19 30.67 16.0 -1.0 2.8307527983 6.44016254757955 0.04213688881542749 0.017971433343939622 4.585043501514779 16.0 -1.0 -1.0 -1.0 -1.0 
21.19 30.67 16.0 -1.0 184.501845 23.97171614932388 0.02198032974881484 0.08294507697202903 2.0896548780897817 1.0 -1.0 -1.0 -1.0 -1.0 
21.19 30.67 16.0 -1.0 0.129305212778 82.18661140001402 0.017439103388395945 0.009676925646736721 1.158619076808563 1.0 -1.0 -1.0 -1.0 -1.0 
21.19 30.67 16.0 -1.0 176.33074 34.54133477486531 0.035063437084338026 0.029030776940210157 -0.24795150096765112 1.0 -1.0 -1.0 -1.0 -1.0 
21.19 30.67 16.0 -1.0 427.6219050534547 82.23133475103887 2.169370016563096 0.017971433343939622 44.19853555927223 1.0 44.19853571561696 1.0 427.62161077310645 82.2739196161017 
21.19 30.67 16.0 -1.0 0.35169302087 0.0 1.4145394419656845 0.06082638977948796 4.38415133562713 8.0 -1.0 -1.0 -1.0 -1.0 
21.19 30.67 16.0 -1.0 0.013854684443017405 49.68764298861722 8.560384053524713 0.03456044873834543 18.424700263503123 16.0 -1.0 -1.0 -1.0 -1.0 
21.19 30.67 16.0 -1.0 10.85186048461061 99.37528597723444 1.765731612749342 0.009676925646736721 262.6594202939065 16.0 262.6594176059584 16.0 10.851848249634108 99.37637031120771 
21.19 30.67 16.0 -1.0 0.5108557892033546 149.06292896585165 6.448830291107141 0.016589015394405805 788.9557271504545 32.0 789.0045737150185 32.0 0.5108631739858538 148.9633575337044 
21.21 55.03 16.0 -1.0 25.04606456529942 95.05863999262847 0.22847352570395624 0.07326815132529231 -1.338695695454867 1.0 -1.0 -1.0 -1.0 -1.0 
21.21 55.03 16.0 -1.0 0.65587872702 90.9501452700471 0.6229876651759418 0.09538683851783337 2.6644338947309554 4.0 -1.0 -1.0 -1.0 -1.0 
21.21 55.03 16.0 -1.0 478.4689 62.78707660719099 0.7723048797037538 0.04423737438508215 5.529945061776533 1.0 -1.0 -1.0 -1.0 -1.0 
21.21 55.03 16.0 -1.0 2.013904 136.6737155697429 0.17645121878428632 0.10091651031596865 1.4125125375546428 2.0 -1.0 -1.0 -1.0 -1.0 
21.21 55.03 16.0 -1.0 2.97070677878 42.44340112602198 0.01455178574214077 0.013824179495338172 2.260305631532754 2.0 -1.0 -1.0 -1.0 -1.0 
21.21 55.03 16.0 -1.0 224.25146769220584 0.0 0.023390359871954317 0.026265941041142528 0.061012522518787485 1.0 -1.0 -1.0 -1.0 -1.0 
21.21 55.03 16.0 -1.0 3.622824896719 110.43236218035229 0.023519990593521705 0.01520659744487199 0.5736360030709048 8.0 -1.0 -1.0 -1.0 -1.0 
21.21 55.03 16.0 -1.0 233.2571878284 331.29708654105684 0.8709515560291433 0.016589015394405805 21.60773931566716 1.0 21.60773872427666 1.0 233.25749983390173 331.22083505965657 
21.21 55.03 16.0 -1.0 1.6204639826 34.690273988247476 2.2565000295026394 0.038707702586946884 88.5138048829636 16.0 88.51380574727806 16.0 1.6204770266388855 34.7108910557477 
21.21 55.03 16.0 -1.0 2.815663809202 220.86472436070457 7.4145877393332595 0.030413194889743984 438.6405768537253 32.0 438.6886786831358 32.0 2.8156743307287497 220.9150879728782 
21.77 55.04 16.0 -1.0 7.1671888360297 47.375812173325635 0.3973378303427719 0.05529671798135269 4.7654173750420235 4.0 -1.0 -1.0 -1.0 -1.0 
21.77 55.04 16.0 -1.0 1.26157618868 27.489258920472057 0.026542534726965158 0.031795612839277794 1.36829250277966 32.0 -1.0 -1.0 -1.0 -1.0 
21.77 55.04 16.0 -1.0 0.76387845665 23.073713707401062 0.051840772815238204 0.04423737438508215 2.2011651917257358 1.0 -1.0 -1.0 -1.0 -1.0 
21.77 55.04 16.0 -1.0 51.609431233273 63.178816093790246 0.1094722212882365 0.008294507697202903 3.20697645118892 8.0 -1.0 -1.0 -1.0 -1.0 
21.77 55.04 16.0 -1.0 283.47907593104804 49.16858992900859 0.09727445357119646 0.024883523091608708 1.3211372117931182 1.0 -1.0 -1.0 -1.0 -1.0 
21.77 55.04 16.0 -1.0 2.4898809777858 0.0 0.11803402058496168 0.02073626924300726 0.4922299401642878 1.0 -1.0 -1.0 -1.0 -1.0 
21.77 55.04 16.0 -1.0 0.9217 110.65422703132049 0.021351723819271036 0.02073626924300726 0.182406269271214 2.0 -1.0 -1.0 -1.0 -1.0 
21.77 55.04 16.0 -1.0 0.005920712181085924 221.30845406264098 0.02089931314137272 0.02073626924300726 -0.8708105755231964 8.0 -1.0 -1.0 -1.0 -1.0 
21.77 55.04 16.0 -1.0 371.7689452076117 331.96268109396146 0.7237456368940276 0.016589015394405805 8.297524779735358 1.0 -1.0 -1.0 -1.0 -1.0 
21.77 55.04 16.0 -1.0 2.349110041709211 98.90157285517664 3.987126970207234 0.008294507697202903 754.0489868227171 32.0 754.2259212555911 32.0 2.3491035487192375 98.87038064567203 
210.13 31.29 16.0 -1.0 0.351294 94.43159988018101 0.5923484518437083 0.04423737438508215 10.30003648028356 16.0 10.356572226401948 16.0 0.3513074868048231 94.41767158895803 
210.13 31.29 16.0 -1.0 1.46846364391 14.752274402218191 0.13274320562179126 0.04285495643554833 2.2354038407202688 16.0 -1.0 -1.0 -1.0 -1.0 
210.13 31.29 16.0 -1.0 0.008395655732627903 55.032232879134874 0.02513275073775098 0.019353851293473442 1.1912513265442009 16.0 -1.0 -1.0 -1.0 -1.0 
210.13 31.29 16.0 -1.0 1.75312729201 55.96016798274038 0.34154925732947855 0.02350110514207489 19.140481678694016 16.0 19.140481278128885 16.0 1.7531419871374967 55.9624570082463 
210.13 31.29 16.0 -1.0 4.89941319293 51.547741877840714 0.06290423251913302 0.02073626924300726 1.708839583490144 4.0 -1.0 -1.0 -1.0 -1.0 
210.13 31.29 16.0 -1.0 147.928994 0.0 0.08083338374683194 0.12441761545804356 2.173404760581365 2.0 -1.0 -1.0 -1.0 -1.0 
210.13 31.29 16.0 -1.0 0.91374580877 31.5592622481343 0.010174211233788415 0.019353851293473442 -1.0222482573752087 1.0 -1.0 -1.0 -1.0 -1.0 
210.13 31.29 16.0 -1.0 1.649645949586 63.1185244962686 0.03079277615089487 0.04147253848601452 3.1368539946199134 8.0 -1.0 -1.0 -1.0 -1.0 
210.13 31.29 16.0 -1.0 276.3963275801 94.6777867444029 0.02693041365589405 0.03732528463741307 1.3704068971056949 1.0 -1.0 -1.0 -1.0 -1.0 
210.13 31.29 16.0 -1.0 0.056534157485366554 22.97112817700984 1.1893441226010597 0.06220880772902178 1.678705098502028 1.0 -1.0 -1.0 -1.0 -1.0 
210.31 23.33 16.0 -1.0 445.93689247847 82.15708527339893 0.6561176159257729 0.05391430003181887 6.432668885511514 1.0 -1.0 -1.0 -1.0 -1.0 
210.31 23.33 16.0 -1.0 12.117230277075379 44.98561046424984 0.028559169535731083 0.02073626924300726 2.268420203279754 1.0 -1.0 -1.0 -1.0 -1.0 
210.31 23.33 16.0 -1.0 0.041935713215245925 87.26887171766677 0.6516004838727284 0.016589015394405805 10.523070578993426 32.0 11.052160357540279 32.0 0.04192770575173199 93.00090052545812 
210.31 23.33 16.0 -1.0 12.359917476 46.620248273599806 0.02108785483117487 0.016589015394405805 1.2981400459728076 32.0 -1.0 -1.0 -1.0 -1.0 
210.31 23.33 16.0 -1.0 1.5814382168 88.96020216780344 0.12551911571842692 0.024883523091608708 3.4609970221641158 32.0 -1.0 -1.0 -1.0 -1.0 
210.31 23.33 16.0 -1.0 54.01953250261 0.0 0.47453431907218313 0.022118687192541075 25.535668949190416 8.0 -1.0 -1.0 -1.0 -1.0 
210.31 23.33 16.0 -1.0 13.530147184982086 31.49276195701422 0.04854769522709862 0.02350110514207489 1.3925829971766466 16.0 -1.0 -1.0 -1.0 -1.0 
210.31 23.33 16.0 -1.0 0.66895 62.98552391402844 0.020856043462141063 0.012441761545804354 1.7243960390155628 2.0 -1.0 -1.0 -1.0 -1.0 
210.31 23.33 16.0 -1.0 7.794831341300506 94.47828587104266 0.0841962074027033 0.022118687192541075 1.8806027751037915 4.0 -1.0 -1.0 -1.0 -1.0 
210.31 23.33 16.0 -1.0 1.297656144478 78.99174616280794 1.4273006104727985 0.023501105142074888 107.63122034208239 32.0 107.70681950295692 32.0 1.297667040489614 79.03558575667333 
210.38 30.88 16.0 -1.0 0.011742157440430456 76.46951696715671 0.4568419499727607 0.022118687192541075 -0.05685191379108478 4.0 -1.0 -1.0 -1.0 -1.0 
210.38 30.88 16.0 -1.0 0.28090382915 77.17826805125665 0.020812863367917687 0.10921101801317155 1.9685454800038544 4.0 -1.0 -1.0 -1.0 -1.0 
210.38 30.88 16.0 -1.0 485.32136651225676 35.210753858085255 0.6962805736105152 0.026265941041142528 7.708383243131878 1.0 -1.0 -1.0 -1.0 -1.0 
210.38 30.88 16.0 -1.0 1.2107412577371 45.142719049939146 0.19012004253680165 0.029030776940210157 4.95875435267482 16.0 -1.0 -1.0 -1.0 -1.0 
210.38 30.88 16.0 -1.0 0.8200976099608557 72.51941092510634 0.033709536048698946 0.012441761545804354 2.8426784913329617 32.0 -1.0 -1.0 -1.0 -1.0 
210.38 30.88 16.0 -1.0 103.14433451513285 31.496898177401544 0.05369984069111883 0.03456044873834543 1.7424721073303289 2.0 -1.0 -1.0 -1.0 -1.0 
210.38 30.88 16.0 -1.0 1.885156 94.49069453220463 0.04885048579038805 0.03456044873834543 0.7088597190592519 8.0 -1.0 -1.0 -1.0 -1.0 
210.38 30.88 16.0 -1.0 3.4399697365977837 40.70121225624616 2.698628572782285 0.04423737438508215 124.6755639736238 16.0 130.84050555786177 32.0 3.439981810515747 40.68156910906873 
210.38 30.88 16.0 -1.0 0.8301208425 0.0 5.810003816100462 0.027648358990676344 180.2954872942681 32.0 -1.0 -1.0 -1.0 -1.0 
210.38 30.88 16.0 -1.0 32.99798303772435 62.99379635480309 4.313834568975223 0.03041319488974398 222.61095618691226 8.0 222.6347898862078 8.0 32.99792297184467 62.945114392638686 
210.82 54.47 16.0 -1.0 22.441652 28.03282260480348 0.07123366155325607 0.009676925646736721 4.4984424967341194 8.0 -1.0 -1.0 -1.0 -1.0 
210.82 54.47 16.0 -1.0 0.45750849207501276 9.29190437020708 0.7353373889555433 0.10921101801317155 1.3213825236353498 1.0 -1.0 -1.0 -1.0 -1.0 
210.82 54.47 16.0 -1.0 1.56246161188 33.56532122136398 0.13874400330185555 0.013824179495338172 -inf 1.0 -1.0 -1.0 -1.0 -1.0 
210.82 54.47 16.0 -1.0 0.5783421883420735 0.0 0.015755048410735842 0.029030776940210157 2.506261712730931 4.0 -1.0 -1.0 -1.0 -1.0 
210.82 54.47 16.0 -1.0 0.005975380234923401 37.40328172210169 0.8275453051641871 0.02350110514207489 0.22082875717359995 8.0 -1.0 -1.0 -1.0 -1.0 
210.82 54.47 16.0 -1.0 0.0016808354926268862 74.80656344420338 0.039351337310415006 0.016589015394405805 16.21361484042915 2.0 -1.0 -1.0 -1.0 -1.0 
210.82 54.47 16.0 -1.0 0.01876373659635573 112.20984516630506 0.01938334576460235 0.024883523091608704 0.08397876420531666 4.0 -1.0 -1.0 -1.0 -1.0 
210.82 54.47 16.0 -1.0 5.971046044504491 13.556304926582309 1.2814768678715713 0.029030776940210157 89.88391152081674 16.0 96.48710708365061 32.0 5.971044932569688 13.560523036356244 
210.82 54.47 16.0 -1.0 1.096491 42.6552276704796 5.870523997342639 0.017971433343939622 754.1066390186077 32.0 755.7901626200281 32.0 1.0964868124574423 42.60432983810432 
210.82 54.47 16.0 -1.0 0.008242736724558733 23.06142932460815 1.371240751280365 0.022118687192541075 2.2424152335156817 16.0 -1.0 -1.0 -1.0 -1.0 
210.88 31.29 16.0 -1.0 0.030400319730849005 35.22629901467439 0.018481051304768313 0.029030776940210157 1.112060392683993 4.0 -1.0 -1.0 -1.0 -1.0 
210.88 31.29 16.0 -1.0 1.5462713682502525 32.698005459255874 0.12405359687028784 0.02350110514207489 4.452678716482601 16.0 -1.0 -1.0 -1.0 -1.0 
210.88 31.29 16.0 -1.0 1.3671236672 74.76390457720795 0.7277566768974914 0.11612310776084063 1.6549666834072367 4.0 -1.0 -1.0 -1.0 -1.0 
210.88 31.29 16.0 -1.0 0.87191119 43.68853528038486 0.7933958947697883 0.08156265902249521 5.510746621942402 8.0 -1.0 -1.0 -1.0 -1.0 
210.88 31.29 16.0 -1.0 241.2147450264 33.85837899401885 0.26106080578766205 0.11474068981130682 1.6009628583931803 1.0 -1.0 -1.0 -1.0 -1.0 
210.88 31.29 16.0 -1.0 2.349110041709211 0.0 0.01466279023623301 0.02350110514207489 1.2857950283893196 1.0 -1.0 -1.0 -1.0 -1.0 
210.88 31.29 16.0 -1.0 171.78252876918137 73.92428470246077 5.336699231206313 0.04700221028414978 148.0951073259742 1.0 148.0951073618208 1.0 171.782448887825 73.87449116820939 
210.88 31.29 16.0 -1.0 2.28595250957 31.44329261272355 8.7638365555548 0.017971433343939622 1156.0972394247174 32.0 1156.165746234721 32.0 2.285954299926137 31.472557196319343 
210.88 31.29 16.0 -1.0 44.485070760068666 62.8865852254471 9.07184809667342 0.017971433343939622 483.04820468983274 8.0 483.0482092460855 8.0 44.485083587157234 62.84391645953155 
210.88 31.29 16.0 -1.0 1.0678649447 94.32987783817065 1.88290098551202 0.14930113854965227 13.268798481753665 4.0 13.28515204504637 4.0 1.0678680458416543 94.11407778963662 
210.88 31.29 16.0 -1.0 0.030400319730849005 35.22629901467439 0.018481051304768313 0.029030776940210157 1.112060392683993 4.0 -1.0 -1.0 -1.0 -1.0 
210.88 31.29 16.0 -1.0 1.5462713682502525 32.698005459255874 0.12405359687028784 0.02350110514207489 4.452678716482601 16.0 -1.0 -1.0 -1.0 -1.0 
210.88 31.29 16.0 -1.0 1.3671236672 74.76390457720795 0.7277566768974914 0.11612310776084063 1.6549666834072367 4.0 -1.0 -1.0 -1.0 -1.0 
210.88 31.29 16.0 -1.0 0.87191119 43.68853528038486 0.7933958947697883 0.08156265902249521 5.510746621942402 8.0 -1.0 -1.0 -1.0 -1.0 
210.88 31.29 16.0 -1.0 241.2147450264 33.85837899401885 0.26106080578766205 0.11474068981130682 1.6009628583931803 1.0 -1.0 -1.0 -1.0 -1.0 
210.88 31.29 16.0 -1.0 2.349110041709211 0.0 0.01466279023623301 0.02350110514207489 1.2857950283893196 1.0 -1.0 -1.0 -1.0 -1.0 
210.88 31.29 16.0 -1.0 171.78252876918137 73.92428470246077 5.336699231206313 0.04700221028414978 148.0951073259742 1.0 148.0951073618208 1.0 171.782448887825 73.87449116820939 
210.88 31.29 16.0 -1.0 2.28595250957 31.44329261272355 8.7638365555548 0.017971433343939622 1156.0972394247174 32.0 1156.165746234721 32.0 2.285954299926137 31.472557196319343 
210.88 31.29 16.0 -1.0 44.485070760068666 62.8865852254471 9.07184809667342 0.017971433343939622 483.04820468983274 8.0 483.0482092460855 8.0 44.485083587157234 62.84391645953155 
210.88 31.29 16.0 -1.0 1.0678649447 94.32987783817065 1.88290098551202 0.14930113854965227 13.268798481753665 4.0 13.28515204504637 4.0 1.0678680458416543 94.11407778963662 
211.12 30.88 16.0 -1.0 8.50602014261 42.69867847195689 0.013101219748257443 0.13962421290291552 1.240393126911575 1.0 -1.0 -1.0 -1.0 -1.0 
211.12 30.88 16.0 -1.0 0.1910721889582764 80.8968126639589 0.05636053377113836 0.04700221028414978 0.7022990453292384 1.0 -1.0 -1.0 -1.0 -1.0 
211.12 30.88 16.0 -1.0 1.9612233953 19.17909769512154 0.021678718365393222 0.0884747487701643 1.5410210920286431 2.0 -1.0 -1.0 -1.0 -1.0 
211.12 30.88 16.0 -1.0 1.492346010566 27.87889458775399 0.700623255299209 0.017971433343939622 89.50141876837283 32.0 89.71201084338223 32.0 1.492359539649139 27.930629537569583 
211.12 30.88 16.0 -1.0 3.03460736808 49.41183343347955 0.9468858568438856 0.04285495643554833 40.72695100281807 8.0 40.72695272147093 8.0 3.0345593889554343 49.38459135628244 
211.12 30.88 16.0 -1.0 0.1955133740591237 31.381410219852768 0.5314624034934806 0.011059343596270537 11.733733825796174 32.0 14.684036784272887 32.0 0.1955110443911205 32.68693239360498 
211.12 30.88 16.0 -1.0 38.008828488 62.762820439705536 0.4239969536556349 0.038707702586946884 9.74227040993236 4.0 9.846832541259861 4.0 38.0088749807328 62.74271852642442 
211.12 30.88 16.0 -1.0 182.77088751407 94.1442306595583 0.01012512841643147 0.017971433343939622 0.034808646468712595 1.0 -1.0 -1.0 -1.0 -1.0 
211.12 30.88 16.0 -1.0 0.011688320208362397 81.09453532060964 2.032969265840357 0.011059343596270537 11.006997379555791 32.0 -1.0 -1.0 -1.0 -1.0 
211.12 30.88 16.0 -1.0 47.10675 0.0 6.281737843536546 0.06635606157762322 146.13523861362765 8.0 -1.0 -1.0 -1.0 -1.0 
211.32 62.32 16.0 -1.0 1.15477313105 42.43365066417981 0.010509986549258755 0.02073626924300726 0.8039659169017669 1.0 -1.0 -1.0 -1.0 -1.0 
211.32 62.32 16.0 -1.0 0.402851901 61.91884721813541 0.5270747206075626 0.04147253848601452 7.251960229482647 16.0 7.4278830234458635 16.0 0.40284551990528905 61.32594746292451 
211.32 62.32 16.0 -1.0 264.242346143483 48.78878658393194 0.21678718365393232 0.026265941041142528 5.620993995231874 1.0 -1.0 -1.0 -1.0 -1.0 
211.32 62.32 16.0 -1.0 2.4552384068665 0.0 0.03209598032121895 0.03317803078881161 0.7550448773474765 1.0 -1.0 -1.0 -1.0 -1.0 
211.32 62.32 16.0 -1.0 52.73012775309677 38.865445909236406 0.018686465040691866 0.04147253848601452 0.9760267038511218 2.0 -1.0 -1.0 -1.0 -1.0 
211.32 62.32 16.0 -1.0 0.03317403658930275 77.73089181847281 0.09931153623322994 0.06773847952715704 3.21497690999039 8.0 -1.0 -1.0 -1.0 -1.0 
211.32 62.32 16.0 -1.0 1.22944554793 116.59633772770923 0.5369984069111886 0.013824179495338172 75.94864196419259 32.0 76.06338031314621 32.0 1.2294549378566444 116.58001893942085 
211.32 62.32 16.0 -1.0 0.52075138808 48.40398018879098 7.939441974233179 0.03732528463741307 311.68063613914256 32.0 314.3253583581892 32.0 0.5207463497451197 48.777403757639625 
211.32 62.32 16.0 -1.0 67.8934270537331 10.867865462768776 1.451162916049012 0.02211868719254107 83.73574911076906 4.0 83.73574573162688 4.0 67.89341568946838 10.828178842463569 
211.32 62.32 16.0 -1.0 487.55679115589527 35.413849152820575 7.728386067089815 0.015206597444871989 214.77204281274382 1.0 214.7720444144022 1.0 487.55706908802193 35.419276587497656 
211.72 55.25 16.0 -1.0 3.55367109584 0.3830558436664369 0.016444535176340654 0.026265941041142528 1.6671557054322044 32.0 -1.0 -1.0 -1.0 -1.0 
211.72 55.25 16.0 -1.0 3.7117366843888 48.253769953627916 0.07728386067089815 0.06082638977948796 0.7254967083693057 2.0 -1.0 -1.0 -1.0 -1.0 
211.72 55.25 16.0 -1.0 158.14469276434355 63.85766240886365 0.013636831407734943 0.01935385129347344 0.18851194184178338 1.0 -1.0 -1.0 -1.0 -1.0 
211.72 55.25 16.0 -1.0 2.720413 62.34797173088417 0.07994481079808956 0.013824179495338172 2.1907981335185545 16.0 -1.0 -1.0 -1.0 -1.0 
211.72 55.25 16.0 -1.0 4.058853361137084 47.16093416434426 0.013301860569649207 0.009676925646736721 0.9619296545899395 1.0 -1.0 -1.0 -1.0 -1.0 
211.72 55.25 16.0 -1.0 0.8826699048784042 103.58280666674179 0.053736951754257876 0.02764835899067634 0.9623836873254952 16.0 -1.0 -1.0 -1.0 -1.0 
211.72 55.25 16.0 -1.0 0.4309766901630031 0.0 0.5042782848310833 0.030413194889743977 3.5442318880832153 16.0 -1.0 -1.0 -1.0 -1.0 
211.72 55.25 16.0 -1.0 1.941748 37.55073902765395 0.013228547199179264 0.031795612839277794 1.0227632142840335 1.0 -1.0 -1.0 -1.0 -1.0 
211.72 55.25 16.0 -1.0 0.818715145697 75.1014780553079 0.03989882407073157 0.035942866687879244 1.7506611442729043 1.0 -1.0 -1.0 -1.0 -1.0 
211.72 55.25 16.0 -1.0 1.347066944066 112.65221708296184 4.5778975220911375 0.017971433343939622 590.1103553777428 32.0 590.2693885050721 32.0 1.347052602795884 112.63329954824253 
212.41 23.33 16.0 -1.0 0.023719473348773057 79.21073638173071 0.43678128978115466 0.011059343596270537 0.6970870603449351 32.0 -1.0 -1.0 -1.0 -1.0 
212.41 23.33 16.0 -1.0 0.12178933067437141 58.35639495106477 0.015919161622271902 0.01520659744487199 1.7322606033851171 4.0 -1.0 -1.0 -1.0 -1.0 
212.41 23.33 16.0 -1.0 3.4084978564217754 48.23036996036235 0.12142508910525403 0.016589015394405805 6.0601306258948355 16.0 7.267682361060999 16.0 3.4084829773443444 48.17021615899681 
212.41 23.33 16.0 -1.0 8.58456883589144 58.111714049802444 0.011860620515744331 0.016589015394405805 1.1515612504848085 32.0 -1.0 -1.0 -1.0 -1.0 
212.41 23.33 16.0 -1.0 0.047475613789974204 35.29992540903789 0.25500027809721515 0.11474068981130682 1.507652757956495 4.0 -1.0 -1.0 -1.0 -1.0 
212.41 23.33 16.0 -1.0 0.11793389859857507 75.56875527447994 3.113503261046008 0.013824179495338172 337.35206074072045 32.0 337.65838254536624 32.0 0.1179311463298897 75.79725189724498 
212.41 23.33 16.0 -1.0 107.99492852026061 0.0 5.810003816100462 0.035942866687879244 144.23862405429156 4.0 -1.0 -1.0 -1.0 -1.0 
212.41 23.33 16.0 -1.0 6.125554131008 31.366209381051263 2.436344366296705 0.026265941041142528 221.78235306249132 32.0 221.90787954964324 32.0 6.125568082400909 31.37135926321221 
