10.41 54.25 20260411.0 -1.0 0.7244009173208362 58.8762894538124 6.152886556628084 0.019353851293473442 73.85577849116815 32.0 62.40577716191467 32.0 0.24147084332071247 58.29000946971043 
10.41 54.25 20260411.0 -1.0 102.880658 69.16322478589115 0.1680051258366144 0.03732528463741307 2.0078040208018253 2.0 -1.0 -1.0 -1.0 -1.0 
10.41 54.25 20260411.0 -1.0 2.56344219948714 85.95375449205007 0.9495060794807577 0.016589015394405805 10.617144638124481 32.0 10.621451456737656 32.0 2.5634411334370575 85.81584727485146 
10.41 54.25 20260411.0 -1.0 1.721620624335 71.03926162456813 0.7440243664430446 0.006912089747669086 24.5112811717945 32.0 24.6166564176999 32.0 1.721612837476035 71.04094904120959 
10.41 54.25 20260411.0 -1.0 0.3569653405190533 41.3666122928273 0.04228269069967013 0.030413194889743984 0.9888440944406117 1.0 -1.0 -1.0 -1.0 -1.0 
10.41 54.25 20260411.0 -1.0 0.762838173423 43.43025281537197 0.2851973688702286 0.024883523091608708 1.339150948977262 16.0 -1.0 -1.0 -1.0 -1.0 
10.41 54.25 20260411.0 -1.0 3.18587333048 0.0 0.025980138630490365 0.0483846282336836 1.0533924068544986 8.0 -1.0 -1.0 -1.0 -1.0 
10.41 54.25 20260411.0 -1.0 1.9709085082041 208.4276927770119 0.0607265121306145 0.016589015394405805 1.4963309733407066 1.0 -1.0 -1.0 -1.0 -1.0 
10.41 54.25 20260411.0 -1.0 1.5988 312.6415391655179 0.4385955352736409 0.04147253848601452 2.714683516387436 8.0 -1.0 -1.0 -1.0 -1.0 
10.41 54.25 20260411.0 -1.0 1.05458870231 104.21384638850596 8.513203390023175 0.049767046183217416 70.06112295702846 16.0 6.71576549193106 2.0 3.1650415621697907 104.4362669665645 
104.53 14.24 20260411.0 -1.0 2.28263881746 1.341772574730273 0.026652783666455408 0.12718245135711118 1.9803959282264074 8.0 -1.0 -1.0 -1.0 -1.0 
104.53 14.24 20260411.0 -1.0 0.005733282760724394 67.38680041978704 0.10394453964744334 0.0483846282336836 0.2561595396129354 4.0 -1.0 -1.0 -1.0 -1.0 
104.53 14.24 20260411.0 -1.0 0.403403 106.41001946819249 0.24498467270948532 0.04423737438508215 1.576653608217817 1.0 -1.0 -1.0 -1.0 -1.0 
104.53 14.24 20260411.0 -1.0 1.6336314252829 82.96627087082187 0.16040596785870803 0.03732528463741307 2.5256593379945698 16.0 -1.0 -1.0 -1.0 -1.0 
104.53 14.24 20260411.0 -1.0 0.971157 68.80311591533567 0.09993093939658365 0.030413194889743984 1.3895558467649844 16.0 -1.0 -1.0 -1.0 -1.0 
104.53 14.24 20260411.0 -1.0 41.71316172593156 40.25317724190819 0.10265997167873733 0.017971433343939622 2.3219847588038407 2.0 -1.0 -1.0 -1.0 -1.0 
104.53 14.24 20260411.0 -1.0 1.15226 0.0 0.6229876651759418 0.15621322829732134 1.371710315615483 2.0 -1.0 -1.0 -1.0 -1.0 
104.53 14.24 20260411.0 -1.0 1.07069638835 124.22577754377777 0.026597602073066332 0.01520659744487199 0.9334452569726313 32.0 -1.0 -1.0 -1.0 -1.0 
104.53 14.24 20260411.0 -1.0 217.15243613666985 248.45155508755553 0.10626803258762316 0.027648358990676344 1.3402392786952693 1.0 -1.0 -1.0 -1.0 -1.0 
104.53 14.24 20260411.0 -1.0 1.864837 372.6773326313333 9.403668908068452 0.016589015394405805 177.3861807171478 32.0 177.42137750766966 32.0 1.8648279365152123 372.7119876335825 
104.86 14.24 20260411.0 -1.0 0.6761483877402292 64.09238636693237 0.08984529718025533 0.02764835899067634 1.200869543259894 2.0 -1.0 -1.0 -1.0 -1.0 
104.86 14.24 20260411.0 -1.0 0.911737585544 44.36596889146155 0.015063219053801957 0.031795612839277794 1.935994732102399 1.0 -1.0 -1.0 -1.0 -1.0 
104.86 14.24 20260411.0 -1.0 97.6103338850929 70.2984502917996 0.08495577759102745 0.02764835899067634 1.177523585772941 2.0 -1.0 -1.0 -1.0 -1.0 
104.86 14.24 20260411.0 -1.0 478.4689 102.36311390361361 0.047551882736628685 0.029030776940210157 3.585174799809633 1.0 -1.0 -1.0 -1.0 -1.0 
104.86 14.24 20260411.0 -1.0 1.09539127017 18.987600341558064 0.11099528494691152 0.031795612839277794 0.33377919536411027 2.0 -1.0 -1.0 -1.0 -1.0 
104.86 14.24 20260411.0 -1.0 1.286630319971419 0.0 0.05710520140181009 0.03456044873834543 0.8587509661692574 4.0 -1.0 -1.0 -1.0 -1.0 
104.86 14.24 20260411.0 -1.0 2.242431224778 123.1238753665623 0.024012536820103035 0.07188573337575849 1.4138291474079214 1.0 -1.0 -1.0 -1.0 -1.0 
104.86 14.24 20260411.0 -1.0 11.626290666701758 369.3716260996869 0.3841125047758769 0.009676925646736721 3.207306444028548 4.0 -1.0 -1.0 -1.0 -1.0 
104.86 14.24 20260411.0 -1.0 0.4471159554606115 105.39226415265594 3.6471715848927673 0.05529671798135269 8.926182538843241 16.0 9.39241704000463 16.0 0.4471075953915716 105.85303803006441 
104.86 14.24 20260411.0 -1.0 1.1954213511528866 246.2477507331246 1.8290527158198637 0.026265941041142528 18.0445805699973 32.0 18.16219005611427 32.0 1.1954095195202779 246.21457124966227 
105.19 14.24 20260411.0 -1.0 1.777566936351 26.326956592855574 5.310953723506972 0.12580003340757737 10.297622130085692 8.0 10.35857117668135 8.0 1.7775164451450112 26.210264674748267 
105.19 14.24 20260411.0 -1.0 14.18475048 33.86986766118415 0.6972432819051365 0.019353851293473442 11.78246750814183 32.0 12.185344134977187 32.0 14.184752217261122 33.90130759089061 
105.19 14.24 20260411.0 -1.0 1.4633093057546707 131.04892579392225 0.2220928889966337 0.026265941041142528 2.254552897799805 16.0 -1.0 -1.0 -1.0 -1.0 
105.19 14.24 20260411.0 -1.0 0.81742601326 31.526438979761682 0.08235530295828543 0.027648358990676344 1.5277996899324064 32.0 -1.0 -1.0 -1.0 -1.0 
105.19 14.24 20260411.0 -1.0 0.149096940909 0.0 0.20357801389985516 0.02073626924300726 1.6064057267450687 1.0 -1.0 -1.0 -1.0 -1.0 
105.19 14.24 20260411.0 -1.0 0.0054256750713714596 122.04137179970463 0.18998874448821032 0.05114946413275124 1.3060637803100228 16.0 -1.0 -1.0 -1.0 -1.0 
105.19 14.24 20260411.0 -1.0 2.13723569512 244.08274359940927 0.3075025948306283 0.022118687192541075 1.7494422823827043 4.0 -1.0 -1.0 -1.0 -1.0 
105.19 14.24 20260411.0 -1.0 1.035 136.61456891230063 2.4787882220953037 0.029030776940210157 22.927718439017024 32.0 23.1448249297208 32.0 1.0350049706175923 136.6172096946338 
105.19 14.24 20260411.0 -1.0 2.60531718877 53.422850721802895 4.706166268762963 0.03732528463741307 38.33214026993375 16.0 38.88175643020772 16.0 2.6053385226987302 53.331310747460755 
105.19 14.24 20260411.0 -1.0 4.56621 366.1241153991139 1.4204149725036725 0.04285495643554833 8.446420257533449 16.0 8.512381817589098 16.0 4.5662090997211635 366.03292404851146 
105.52 14.25 20260411.0 -1.0 1.70195680429 162.4260816974316 0.07262499384819728 0.024883523091608708 1.2069703347775198 16.0 -1.0 -1.0 -1.0 -1.0 
105.52 14.25 20260411.0 -1.0 2.5752495961127124 71.8583738755356 0.10132125723595094 0.01520659744487199 1.2262982245240188 16.0 -1.0 -1.0 -1.0 -1.0 
105.52 14.25 20260411.0 -1.0 107.031649219533 108.15084885109682 0.10083245936759408 0.027648358990676348 0.7217085680702547 2.0 -1.0 -1.0 -1.0 -1.0 
105.52 14.25 20260411.0 -1.0 1.582779 49.87944758903458 0.2227074644610693 0.059443971829954124 0.3544251494818233 8.0 -1.0 -1.0 -1.0 -1.0 
105.52 14.25 20260411.0 -1.0 6.52754385205 31.969347325819683 0.29522084210045635 0.07603298722435994 2.952370657290463 4.0 -1.0 -1.0 -1.0 -1.0 
105.52 14.25 20260411.0 -1.0 337.5806768113 242.1678059930841 0.05256202242708838 0.06497364362808941 -0.5157298392292562 1.0 -1.0 -1.0 -1.0 -1.0 
105.52 14.25 20260411.0 -1.0 0.80004893907 153.41653836015513 2.15741350665398 0.05391430003181887 10.557995128200888 16.0 10.751226992108963 16.0 0.800052172659586 153.01127485798986 
105.52 14.25 20260411.0 -1.0 1.305483 0.0 2.9116985798791757 0.04147253848601451 11.032131713802338 16.0 -1.0 -1.0 -1.0 -1.0 
105.52 14.25 20260411.0 -1.0 1.45234525892 121.08390299654205 3.0328308201655876 0.012441761545804354 92.86448282716529 32.0 74.08076725101404 32.0 0.726170886385565 120.93153006302771 
105.52 14.25 20260411.0 -1.0 0.81852640077 363.25170898962614 4.885048579038806 0.019353851293473442 97.9217982801143 32.0 98.5379640025994 32.0 0.8185149151055764 363.19938192151164 
138.67 38.88 20260411.0 -1.0 2.11187653357 70.7720773922282 0.029870846131809244 0.009676925646736721 1.6158885383061152 1.0 -1.0 -1.0 -1.0 -1.0 
138.67 38.88 20260411.0 -1.0 0.59787312095 75.99794916303382 0.5593385696288847 0.026265941041142528 5.045181029152465 16.0 -1.0 -1.0 -1.0 -1.0 
138.67 38.88 20260411.0 -1.0 5.37204477631 46.26314389348861 0.054559915290954365 0.08156265902249521 1.2979899743546626 2.0 -1.0 -1.0 -1.0 -1.0 
138.67 38.88 20260411.0 -1.0 456.999686853575 57.29553985407828 0.4113025633330323 0.009676925646736721 2.668337998392746 1.0 -1.0 -1.0 -1.0 -1.0 
138.67 38.88 20260411.0 -1.0 1.5321247126260973 45.11534260015921 0.8173183303247916 0.02073626924300726 15.778446824139694 32.0 15.855401534716163 32.0 1.5321347746066751 45.03308023267559 
138.67 38.88 20260411.0 -1.0 9.83930672914 135.02194272941992 0.0430193026711385 0.013824179495338172 1.9000630828074223 16.0 -1.0 -1.0 -1.0 -1.0 
138.67 38.88 20260411.0 -1.0 0.6118088461395 19.553132620482053 1.947730894025813 0.006912089747669086 91.69044725884939 32.0 91.92296720513195 32.0 0.6118170858826488 19.430003156570145 
138.67 38.88 20260411.0 -1.0 1.86360004634 0.0 9.22988988163968 0.04700221028414978 63.16463556857628 16.0 -1.0 -1.0 -1.0 -1.0 
138.67 38.88 20260411.0 -1.0 1.776861748854 45.00731424313997 2.2596199661740743 0.0483846282336836 18.00211171452331 8.0 19.08548536679033 16.0 1.7768494823637109 45.03308023267559 
138.67 38.88 20260411.0 -1.0 3.2635921412 90.01462848627995 2.306940022847628 0.019353851293473442 34.974513471852696 32.0 34.974512538188606 32.0 3.263600471351917 89.96496253224404 
139.08 38.88 20260411.0 -1.0 0.4430253439574548 18.431501115798522 0.08201464117502949 0.019353851293473442 0.7725465856317305 32.0 -1.0 -1.0 -1.0 -1.0 
139.08 38.88 20260411.0 -1.0 3.404255 59.08843277415117 0.2736174016357826 0.03456044873834543 1.243066560936535 8.0 -1.0 -1.0 -1.0 -1.0 
139.08 38.88 20260411.0 -1.0 1.155259714038 56.58605379054641 0.5194832598633266 0.012441761545804354 11.200647259963457 32.0 11.678762105985484 32.0 1.1552704866820327 56.46844667378197 
139.08 38.88 20260411.0 -1.0 0.663249 62.34421618292726 0.11386903510263416 0.04285495643554833 0.8402131364894438 2.0 -1.0 -1.0 -1.0 -1.0 
139.08 38.88 20260411.0 -1.0 0.001158418664325096 0.0 0.34154925732947855 0.008294507697202903 1.9178783050025114 1.0 -1.0 -1.0 -1.0 -1.0 
139.08 38.88 20260411.0 -1.0 1.180767 44.84101694814341 0.20784126316275733 0.011059343596270537 4.165457992656346 32.0 -1.0 -1.0 -1.0 -1.0 
139.08 38.88 20260411.0 -1.0 1.4300694953431148 134.52305084443023 0.1829052715819863 0.035942866687879244 2.0359526226671263 4.0 -1.0 -1.0 -1.0 -1.0 
139.08 38.88 20260411.0 -1.0 276.59755044807 106.29729220140447 3.0835351604150967 0.052531882082285056 -inf 1.0 -1.0 -1.0 -1.0 -1.0 
139.08 38.88 20260411.0 -1.0 19.81316158956402 7.937653765197903 6.234182015477381 0.02211868719254108 98.84658714182748 16.0 98.84658584386804 16.0 19.813160179182887 7.893438782356619 
139.08 38.88 20260411.0 -1.0 1.491468881773 89.68203389628682 3.1546406481741447 0.01382417949533817 80.87993385555603 32.0 81.02717863119837 32.0 1.4914803614374252 89.76256666602976 
139.49 38.88 20260411.0 -1.0 0.56755806947 100.07244161600113 5.589522870375586 0.04147253848601452 58.20818492850446 32.0 58.83039128801203 32.0 0.5675550103963664 100.18595377606479 
139.49 38.88 20260411.0 -1.0 107.49977692155183 42.583732522640716 0.02193482194618018 0.009676925646736721 0.48318556901930726 1.0 -1.0 -1.0 -1.0 -1.0 
139.49 38.88 20260411.0 -1.0 6.8125205463 51.89934287934053 0.2770411328532606 0.0483846282336836 0.8086287222499086 8.0 -1.0 -1.0 -1.0 -1.0 
139.49 38.88 20260411.0 -1.0 0.15825948491417322 21.95535217881193 0.19383345764602347 0.04423737438508215 1.0390144574046334 4.0 -1.0 -1.0 -1.0 -1.0 
139.49 38.88 20260411.0 -1.0 0.23605010702742069 89.34943688886466 0.6561176159257729 0.005529671798135269 24.83462969264415 32.0 25.024932155435078 32.0 0.23604419160013398 89.05418113427982 
139.49 38.88 20260411.0 -1.0 0.15515816927 134.024155333297 0.736862980950253 0.11612310776084063 0.5668405477825803 8.0 -1.0 -1.0 -1.0 -1.0 
139.49 38.88 20260411.0 -1.0 6.247267 33.21450714230522 1.4253298863765183 0.02073626924300726 21.11238173690921 32.0 21.91376760928514 32.0 6.2472584734981265 33.192922059140656 
139.49 38.88 20260411.0 -1.0 0.9623924225933 57.40828655790689 1.8557815499596546 0.011059343596270537 43.979611914941735 32.0 44.18047568909579 32.0 0.9623969769260536 57.48042600485334 
139.49 38.88 20260411.0 -1.0 96.71730837405732 0.0 1.6765729010368617 0.019353851293473442 13.647171124787356 4.0 -1.0 -1.0 -1.0 -1.0 
139.49 38.88 20260411.0 -1.0 1.510579895499 44.67471844443233 3.1985304904635634 0.04976704618321741 34.17830150697057 16.0 34.414784814180074 32.0 1.5105797501746567 44.93188229956846 
139.9 38.88 20260411.0 -1.0 5.0419709708 35.89517839159063 0.011269514080539549 0.03317803078881161 1.0731631808522082 4.0 -1.0 -1.0 -1.0 -1.0 
139.9 38.88 20260411.0 -1.0 1.96958052943 126.40764830907624 0.3375614434310193 0.06220880772902178 0.8510464649750191 1.0 -1.0 -1.0 -1.0 -1.0 
139.9 38.88 20260411.0 -1.0 1.582779 44.655311213347865 0.3053855508833415 0.015206597444871992 5.7328337596128405 32.0 -1.0 -1.0 -1.0 -1.0 
139.9 38.88 20260411.0 -1.0 0.7584674975492447 44.50841874225133 0.4337742088609802 0.017971433343939622 5.886902544037262 32.0 -1.0 -1.0 -1.0 -1.0 
139.9 38.88 20260411.0 -1.0 0.0425178630338289 89.01683748450266 0.05238077469231417 0.026265941041142528 1.2944466514130188 2.0 -1.0 -1.0 -1.0 -1.0 
139.9 38.88 20260411.0 -1.0 0.005920712181085924 133.52525622675398 0.7399236668657115 0.02073626924300726 1.613682331463823 32.0 -1.0 -1.0 -1.0 -1.0 
139.9 38.88 20260411.0 -1.0 457.1766422437113 62.923393073353814 3.5379759426294104 0.03456044873834543 12.222697607510572 1.0 -1.0 -1.0 -1.0 -1.0 
139.9 38.88 20260411.0 -1.0 0.0045772985910682755 88.72305254230957 1.165753319171847 0.017971433343939622 1.3999491758957787 1.0 -1.0 -1.0 -1.0 -1.0 
139.9 38.88 20260411.0 -1.0 5.59420680765 44.14786449501437 2.302163762780129 0.031795612839277794 30.359016182033308 32.0 30.46241713062055 32.0 5.594210961135104 44.223496767818496 
139.9 38.88 20260411.0 -1.0 147.928994 0.0 4.003688181282217 0.05529671798135269 18.92134701369096 2.0 -1.0 -1.0 -1.0 -1.0 
158.89 39.3 20260411.0 -1.0 2.232847446178 106.9365613344664 0.05307285946818349 0.060826389779487955 3.0050864778974753 1.0 -1.0 -1.0 -1.0 -1.0 
158.89 39.3 20260411.0 -1.0 0.011796242650608722 91.46513447040908 0.01494918311769915 0.017971433343939622 0.9360902620177451 4.0 -1.0 -1.0 -1.0 -1.0 
158.89 39.3 20260411.0 -1.0 1.22508021431 34.43230175869367 0.06556644971410935 0.05944397182995413 2.027902731392886 8.0 -1.0 -1.0 -1.0 -1.0 
158.89 39.3 20260411.0 -1.0 0.418165652037 0.0 0.02305346836147395 0.026265941041142528 2.021916838114519 8.0 -1.0 -1.0 -1.0 -1.0 
158.89 39.3 20260411.0 -1.0 0.933603858245 38.511027436820804 0.08904201091492599 0.019353851293473442 1.9231986806516024 32.0 -1.0 -1.0 -1.0 -1.0 
158.89 39.3 20260411.0 -1.0 16.486248765294633 77.02205487364161 0.7277566768974915 0.03041319488974398 5.5704366044450495 8.0 -1.0 -1.0 -1.0 -1.0 
158.89 39.3 20260411.0 -1.0 1.265823 115.5330823104624 0.031633701700883206 0.016589015394405805 0.29183392516709444 1.0 -1.0 -1.0 -1.0 -1.0 
158.89 39.3 20260411.0 -1.0 268.89004281934 71.85720960983755 4.222430950316118 0.012441761545804354 27.25934325756316 1.0 27.049186377723487 2.0 134.44514479488134 71.85053250606668 
158.89 39.3 20260411.0 -1.0 0.8071007157385 61.72394496474549 4.811364138106282 0.022118687192541075 89.8775079462319 32.0 89.93216889543766 32.0 0.8070855983532966 61.73073919535305 
158.89 39.3 20260411.0 -1.0 2.44290034442 27.522732479600105 1.2823624751348843 0.058061553880420315 6.664361479647804 8.0 6.779574596171514 8.0 2.4429027689620852 27.222244005819622 
159.31 39.3 20260411.0 -1.0 0.43800223922 72.05260256618503 0.020827246790226028 0.011059343596270537 1.300643339755128 1.0 -1.0 -1.0 -1.0 -1.0 
159.31 39.3 20260411.0 -1.0 308.641975 37.4701144113148 0.44316418653910367 0.06497364362808941 1.0363866346665653 1.0 -1.0 -1.0 -1.0 -1.0 
159.31 39.3 20260411.0 -1.0 0.07586509688910567 61.479978941991504 0.041558691605743284 0.05114946413275124 2.034133309019102 4.0 -1.0 -1.0 -1.0 -1.0 
159.31 39.3 20260411.0 -1.0 1.371498 84.08629604921704 0.4536967586757924 0.015206597444871992 6.917351529809731 32.0 6.998856371053651 32.0 1.3714876937835168 83.79188861270873 
159.31 39.3 20260411.0 -1.0 3.2635921412 38.34445542920241 0.47159300720092434 0.027648358990676344 4.31243692068358 16.0 -1.0 -1.0 -1.0 -1.0 
159.31 39.3 20260411.0 -1.0 471.90567042843 32.35061766184134 1.3721883928644862 0.12165277955897591 -inf 1.0 -1.0 -1.0 -1.0 -1.0 
159.31 39.3 20260411.0 -1.0 1.2061 18.476206246414364 2.8401765316560112 0.022118687192541075 62.4285807352536 32.0 62.49616204566158 32.0 1.2060809240210801 18.519221758605916 
159.31 39.3 20260411.0 -1.0 1.724 0.0 2.851973688702285 0.009676925646736721 76.42506255797329 32.0 -1.0 -1.0 -1.0 -1.0 
159.31 39.3 20260411.0 -1.0 2.683706020472 76.68891085840482 1.1877019533873836 0.06497364362808941 5.038972876675275 8.0 -1.0 -1.0 -1.0 -1.0 
159.31 39.3 20260411.0 -1.0 4.21970648822 115.03336628760724 3.0140323878155 0.04700221028414978 5.8283804199562494 2.0 -1.0 -1.0 -1.0 -1.0 
159.72 39.3 20260411.0 -1.0 0.9543922207795812 54.06112900572784 3.2587519580827187 0.015206597444871989 57.59544829518212 32.0 57.73720649215771 32.0 0.9543934235504519 54.03969627921071 
159.72 39.3 20260411.0 -1.0 8.5416754 5.728028078589515 0.47881529719724253 0.03041319488974398 4.5418161435397115 16.0 -1.0 -1.0 -1.0 -1.0 
159.72 39.3 20260411.0 -1.0 109.99844724197537 98.57936323252555 0.01568987783040777 0.08156265902249521 1.3455797723365568 4.0 -1.0 -1.0 -1.0 -1.0 
159.72 39.3 20260411.0 -1.0 389.95587978827 25.7303021290241 0.9876417946237204 0.027648358990676348 2.6893450970944963 1.0 -1.0 -1.0 -1.0 -1.0 
159.72 39.3 20260411.0 -1.0 227.88594920515 66.14726825155172 0.01932985618465305 0.045619792334615966 1.0034298562790034 1.0 -1.0 -1.0 -1.0 -1.0 
159.72 39.3 20260411.0 -1.0 0.004311852196926953 38.183035171877705 0.03373283214612849 0.03041319488974398 2.0369876696833096 1.0 -1.0 -1.0 -1.0 -1.0 
159.72 39.3 20260411.0 -1.0 268.913454 76.36607034375541 0.021381245656306763 0.013824179495338172 0.3055528822909904 1.0 -1.0 -1.0 -1.0 -1.0 
159.72 39.3 20260411.0 -1.0 218.15265566266055 114.54910551563312 0.049942450401932834 0.017971433343939622 1.156616100349166 1.0 -1.0 -1.0 -1.0 -1.0 
159.72 39.3 20260411.0 -1.0 0.654860719376 51.552252707305634 1.1308508805438184 0.045619792334615966 7.557436122873422 16.0 7.55743676554809 16.0 0.6548361852765083 51.5097479515323 
159.72 39.3 20260411.0 -1.0 2.104963256901 0.0 7.429970658615063 0.005529671798135269 314.9954605530665 32.0 10.48848639756563 2.0 4.207928820202748 3.137135926321221 
160.13 39.3 20260411.0 -1.0 0.12468219 35.0691126655612 0.19612332745026012 0.03317803078881161 1.534278065276708 4.0 -1.0 -1.0 -1.0 -1.0 
160.13 39.3 20260411.0 -1.0 155.9793933435009 57.91993656573006 0.0374936219222589 0.03456044873834543 2.679769549859225 2.0 -1.0 -1.0 -1.0 -1.0 
160.13 39.3 20260411.0 -1.0 0.21307273988 33.12970175041956 0.023341932760406383 0.027648358990676344 0.4604033384316471 8.0 -1.0 -1.0 -1.0 -1.0 
160.13 39.3 20260411.0 -1.0 0.5643 0.0 0.01263019747928729 0.06773847952715704 1.4556956898594111 16.0 -1.0 -1.0 -1.0 -1.0 
160.13 39.3 20260411.0 -1.0 0.74287 38.02386223627699 0.10090214299640743 0.022118687192541075 2.311121200020889 8.0 -1.0 -1.0 -1.0 -1.0 
160.13 39.3 20260411.0 -1.0 1.5364829524386 76.04772447255398 0.17223587367143964 0.016589015394405805 1.7816005750071437 8.0 -1.0 -1.0 -1.0 -1.0 
160.13 39.3 20260411.0 -1.0 255.04548929830653 114.07158670883098 0.09667151613641069 0.019353851293473442 0.31322124314738203 1.0 -1.0 -1.0 -1.0 -1.0 
160.13 39.3 20260411.0 -1.0 0.678187 55.0108201930176 7.6698784043799595 0.04423737438508215 66.69940316484639 32.0 67.07566647065951 32.0 0.6781798826220136 54.95047767717493 
160.13 39.3 20260411.0 -1.0 0.16193798815580443 53.641824252917615 9.249038977451981 0.052531882082285056 25.393924221397512 16.0 26.077447984163122 16.0 0.16195068989569944 57.27803013863906 
160.13 39.3 20260411.0 -1.0 2.1428284063761587 94.7915605524229 1.8468288179219563 0.03732528463741307 16.693003392825258 16.0 16.859247543487555 16.0 2.1428301503571374 94.92366125449371 
196.19 39.7 20260411.0 -1.0 1.15426885859 52.521808226965064 0.4346741528465427 0.08985716671969811 1.419835563041444 1.0 -1.0 -1.0 -1.0 -1.0 
196.19 39.7 20260411.0 -1.0 303.7092247339783 48.12389213011689 0.021366479639038583 0.027648358990676348 -0.12857754357127305 1.0 -1.0 -1.0 -1.0 -1.0 
196.19 39.7 20260411.0 -1.0 1.25204624679 46.820458574761034 0.03220703869641005 0.03456044873834543 1.8284873962058656 2.0 -1.0 -1.0 -1.0 -1.0 
196.19 39.7 20260411.0 -1.0 3.107583160828 0.0 0.2650588651678506 0.09400442056829957 1.7783896720796302 8.0 -1.0 -1.0 -1.0 -1.0 
196.19 39.7 20260411.0 -1.0 0.0046408404588484465 31.254273669072408 0.3446305200337578 0.04423737438508215 2.5749686090249844 1.0 -1.0 -1.0 -1.0 -1.0 
196.19 39.7 20260411.0 -1.0 0.054744480155338594 93.76282100721723 0.4742066028080142 0.026265941041142528 0.8573471294927411 8.0 -1.0 -1.0 -1.0 -1.0 
196.19 39.7 20260411.0 -1.0 6.280644351360491 74.34259875439726 4.104510075971001 0.035942866687879244 46.39826625508732 16.0 46.61971129576925 16.0 6.280606612563134 74.27928290063794 
196.19 39.7 20260411.0 -1.0 3.620958 15.659957103915668 2.9501696080549085 0.024883523091608708 47.24402982196039 32.0 47.24725840991485 32.0 3.6209712561685596 15.584481698498967 
196.19 39.7 20260411.0 -1.0 0.2659 17.366611111647796 1.854499936023163 0.009676925646736721 59.77268855748694 32.0 60.21399825521555 32.0 0.26590593430834514 17.507242427534553 
196.19 39.7 20260411.0 -1.0 0.17752711928731502 62.508547338144815 4.352751525415836 0.03317803078881161 33.33906728314606 16.0 34.865615674134254 32.0 0.1775333657860756 64.86787512167427 
196.6 39.69 20260411.0 -1.0 0.4430253439574548 92.63032646918384 1.8570640495981352 0.02073626924300726 29.69269902040428 32.0 30.015697186857683 32.0 0.4430148692335934 92.29251499370817 
196.6 39.69 20260411.0 -1.0 15.388095536606373 89.91974589377996 0.017523641607693236 0.011059343596270537 1.3960059534321967 1.0 -1.0 -1.0 -1.0 -1.0 
196.6 39.69 20260411.0 -1.0 0.453891 38.93636055710359 0.13883988696557656 0.026265941041142528 1.107485945683591 8.0 -1.0 -1.0 -1.0 -1.0 
196.6 39.69 20260411.0 -1.0 0.07380184633252543 70.59744755591831 0.016615830459582558 0.01520659744487199 1.1122186674413737 2.0 -1.0 -1.0 -1.0 -1.0 
196.6 39.69 20260411.0 -1.0 31.953380185111737 18.88935838484576 0.3728697535730254 0.026265941041142528 2.2707669134540307 8.0 -1.0 -1.0 -1.0 -1.0 
196.6 39.69 20260411.0 -1.0 1.91960804535 52.2445582432879 0.44072168159653313 0.02073626924300726 5.604148958277384 32.0 6.572398728335132 32.0 1.9196098340520016 52.015737617067984 
196.6 39.69 20260411.0 -1.0 339.3156871298895 0.0 0.840218886170957 0.0967692564673672 1.1800770353837566 1.0 -1.0 -1.0 -1.0 -1.0 
196.6 39.69 20260411.0 -1.0 0.012126025785095121 31.369323117434437 0.20470625497787023 0.011059343596270537 0.1704736970363477 2.0 -1.0 -1.0 -1.0 -1.0 
196.6 39.69 20260411.0 -1.0 2.248252 62.738646234868874 0.025028789397352705 0.006912089747669086 1.115280399560626 32.0 -1.0 -1.0 -1.0 -1.0 
196.6 39.69 20260411.0 -1.0 0.002825207953274267 94.10796935230331 6.862520398279703 0.03317803078881161 7.3117596589426475 4.0 -1.0 -1.0 -1.0 -1.0 
197.02 39.69 20260411.0 -1.0 5.107322443837194 57.31392585624689 1.0834365445564254 0.013824179495338172 23.78928532679246 32.0 23.789284359471797 32.0 5.107328130785997 57.27803013863906 
197.02 39.69 20260411.0 -1.0 347.66288115516 15.95832851486993 1.2595343643110177 0.011059343596270537 10.43506399082336 1.0 -1.0 -1.0 -1.0 -1.0 
197.02 39.69 20260411.0 -1.0 2.63060738985 66.57334678257757 0.32118161317230864 0.05529671798135269 2.785034569047193 8.0 -1.0 -1.0 -1.0 -1.0 
197.02 39.69 20260411.0 -1.0 2.2998477764 89.5234829356972 0.7363540989292567 0.029030776940210157 6.891106271194468 16.0 7.218286330160241 16.0 2.299869568863263 89.35777493360122 
197.02 39.69 20260411.0 -1.0 135.89180814790512 0.0 0.3194114167045783 0.02073626924300726 1.7199994374822016 2.0 -1.0 -1.0 -1.0 -1.0 
197.02 39.69 20260411.0 -1.0 0.028375346691750812 31.49147953822467 0.12534580706566303 0.019353851293473442 1.0612559756226219 2.0 -1.0 -1.0 -1.0 -1.0 
197.02 39.69 20260411.0 -1.0 0.3409 94.47443861467401 0.559725119173659 0.01382417949533817 13.200412055992937 32.0 13.29736491655055 32.0 0.34090893071455264 93.81048399031522 
197.02 39.69 20260411.0 -1.0 1.51972574585 92.17848016049203 9.567491384329692 0.019353851293473442 164.06918575606767 32.0 164.5974359996587 32.0 1.519735330172504 92.0901191274939 
197.02 39.69 20260411.0 -1.0 2.4718570439343 1.8613325739664748 4.225349001833232 0.013824179495338174 112.72515293375066 32.0 113.5505287317053 32.0 2.4718550169685236 1.9227607290355868 
197.02 39.69 20260411.0 -1.0 0.698961222411 62.98295907644934 1.0401637398296784 0.016589015394405805 17.718247996675153 32.0 17.71824841780081 32.0 0.6989466783124954 62.945114392638686 
197.43 39.69 20260411.0 -1.0 0.5179474679231207 60.29535453406369 0.20598300193699298 0.03456044873834543 1.124602757834226 1.0 -1.0 -1.0 -1.0 -1.0 
197.43 39.69 20260411.0 -1.0 0.9281646147 30.057570948316474 0.2142560496361264 0.016589015394405805 3.3755772952115195 16.0 -1.0 -1.0 -1.0 -1.0 
197.43 39.69 20260411.0 -1.0 117.8372326493 36.02355773483937 0.10244742574412113 0.11474068981130682 2.4936833016144178 4.0 -1.0 -1.0 -1.0 -1.0 
197.43 39.69 20260411.0 -1.0 3.461286 26.42486357273894 0.2607003499616187 0.060826389779487955 0.7895880727832524 4.0 -1.0 -1.0 -1.0 -1.0 
197.43 39.69 20260411.0 -1.0 1.3548989114 92.51547713154903 0.1542122280526466 0.019353851293473442 2.2283281463761058 4.0 -1.0 -1.0 -1.0 -1.0 
197.43 39.69 20260411.0 -1.0 5.675652 32.333941105336336 0.4654433038693023 0.01520659744487199 8.496376317299951 32.0 8.49637654302369 32.0 5.6756713699239 32.383338594283565 
197.43 39.69 20260411.0 -1.0 3.700188397774 0.0 0.9306724964577999 0.02350110514207489 11.303224835580947 32.0 -1.0 -1.0 -1.0 -1.0 
197.43 39.69 20260411.0 -1.0 0.007115507526254343 63.226181111226765 0.08466282763337095 0.02903077694021016 0.7766594364970231 4.0 -1.0 -1.0 -1.0 -1.0 
197.43 39.69 20260411.0 -1.0 0.0027483727270493745 31.613090555613383 1.223513486602722 0.06082638977948796 3.0575479856595766 1.0 -1.0 -1.0 -1.0 -1.0 
197.43 39.69 20260411.0 -1.0 35.662175932705 94.83927166684015 6.67547921863847 0.026265941041142528 44.94341611579956 8.0 45.12310973979946 16.0 11.887398917072764 94.82246332138658 
217.8 30.87 20260411.0 -1.0 288.892720892735 32.15415966884314 2.3245379118404386 0.04423737438508215 6.8221210571526 1.0 -1.0 -1.0 -1.0 -1.0 
217.8 30.87 20260411.0 -1.0 0.94856118648 26.624166431133172 0.10280191389284826 0.022118687192541075 1.0039624168080683 2.0 -1.0 -1.0 -1.0 -1.0 
217.8 30.87 20260411.0 -1.0 26.833447325101595 56.85728291790506 0.1474405226421888 0.04285495643554833 2.337158175153162 4.0 -1.0 -1.0 -1.0 -1.0 
217.8 30.87 20260411.0 -1.0 147.058824 84.63780543921705 0.11316323927026736 0.012441761545804354 0.8449624695425038 1.0 -1.0 -1.0 -1.0 -1.0 
217.8 30.87 20260411.0 -1.0 0.03271982139587308 0.0 0.023213283406807464 0.02350110514207489 2.2341027063577874 2.0 -1.0 -1.0 -1.0 -1.0 
217.8 30.87 20260411.0 -1.0 0.6050112405059 31.081732649725694 0.031721238483364014 0.016589015394405805 0.6888708907054636 32.0 -1.0 -1.0 -1.0 -1.0 
217.8 30.87 20260411.0 -1.0 4.039949 62.16346529945139 0.6597538575420258 0.06497364362808941 1.5061261067396676 2.0 -1.0 -1.0 -1.0 -1.0 
217.8 30.87 20260411.0 -1.0 0.0018174136330096186 93.24519794917708 0.16987247418078028 0.04423737438508215 2.534908995293902 4.0 -1.0 -1.0 -1.0 -1.0 
217.8 30.87 20260411.0 -1.0 0.017513879323249357 70.76153235707129 4.654433038693023 0.12580003340757737 1.4308525226242585 1.0 -1.0 -1.0 -1.0 -1.0 
217.8 30.87 20260411.0 -1.0 1.8198438376 80.65583728997227 2.1117011831285426 0.024883523091608708 33.73550142865477 32.0 33.86677999787882 32.0 1.8198382652675114 80.55355475328038 
218.18 30.87 20260411.0 -1.0 270.7466085353006 87.745639194095 0.886124510543721 0.0027648358990676344 10.30460298458944 1.0 -1.0 -1.0 -1.0 -1.0 
218.18 30.87 20260411.0 -1.0 474.297046398865 29.00928813046039 0.01899887444882103 0.04700221028414978 2.020584070471695 1.0 -1.0 -1.0 -1.0 -1.0 
218.18 30.87 20260411.0 -1.0 0.9319943359 5.434580649119026 0.5948088720445762 0.06082638977948796 2.23985413582486 16.0 -1.0 -1.0 -1.0 -1.0 
218.18 30.87 20260411.0 -1.0 51.76969784885148 64.21754046617662 0.03918856094677923 0.029030776940210157 -0.4059155811692939 8.0 -1.0 -1.0 -1.0 -1.0 
218.18 30.87 20260411.0 -1.0 1.5900693570117 41.41653829165666 0.11641437226092485 0.013824179495338172 2.006816743282623 2.0 -1.0 -1.0 -1.0 -1.0 
218.18 30.87 20260411.0 -1.0 0.7046998867133859 69.12078132627371 0.15011277096361172 0.026265941041142528 0.6533211234372706 8.0 -1.0 -1.0 -1.0 -1.0 
218.18 30.87 20260411.0 -1.0 3.467948675 31.069395031755942 0.27876903034208217 0.05391430003181887 2.9352209569354364 16.0 -1.0 -1.0 -1.0 -1.0 
218.18 30.87 20260411.0 -1.0 1.7493147466976 62.138790063511884 0.1433229146698036 0.022118687192541075 2.012202879081835 4.0 -1.0 -1.0 -1.0 -1.0 
218.18 30.87 20260411.0 -1.0 5.322987694475669 0.0 1.6754150496746907 0.022118687192541075 29.725941906265263 32.0 -1.0 -1.0 -1.0 -1.0 
218.18 30.87 20260411.0 -1.0 50.545896 93.20818509526782 3.657264038463828 0.03456044873834543 20.10235184371237 8.0 20.1023510570903 8.0 50.54595627977203 93.2032963916724 
218.55 30.87 20260411.0 -1.0 226.42059 75.23099894558868 0.2709837786268783 0.016589015394405805 1.2290270041105549 1.0 -1.0 -1.0 -1.0 -1.0 
218.55 30.87 20260411.0 -1.0 5.2390899312 52.34353269065515 0.035209079043299264 0.03456044873834543 1.0389374985310857 8.0 -1.0 -1.0 -1.0 -1.0 
218.55 30.87 20260411.0 -1.0 0.015975938739930858 28.72829539296385 0.44716216121055213 0.029030776940210157 0.24040799239460436 4.0 -1.0 -1.0 -1.0 -1.0 
218.55 30.87 20260411.0 -1.0 0.265102 24.370999534401292 0.03137253806887683 0.013824179495338172 1.0038723373424598 4.0 -1.0 -1.0 -1.0 -1.0 
218.55 30.87 20260411.0 -1.0 1.5105891872725 0.0 0.016952077231295482 0.009676925646736721 1.7850995518554138 32.0 -1.0 -1.0 -1.0 -1.0 
218.55 30.87 20260411.0 -1.0 1.001111 62.196432961837296 0.18596317084298622 0.09400442056829957 -0.9619889945839336 16.0 -1.0 -1.0 -1.0 -1.0 
218.55 30.87 20260411.0 -1.0 275.8053380433 93.29464944275594 0.8953548686775016 0.05391430003181887 4.374092947915487 1.0 -1.0 -1.0 -1.0 -1.0 
218.55 30.87 20260411.0 -1.0 1.14381850931 59.341331178710654 4.379899510095116 0.009676925646736721 247.76409341980184 32.0 247.8664541828461 32.0 1.1438108534396938 59.40318673388892 
218.55 30.87 20260411.0 -1.0 0.6921479136245 15.721720603164693 3.9596770456822385 0.12165277955897594 3.41308886405208 8.0 -1.0 -1.0 -1.0 -1.0 
218.55 30.87 20260411.0 -1.0 0.287793 31.098216480918648 7.10370877170873 0.012441761545804354 174.1286117566587 32.0 175.4085082404286 32.0 0.28779444013101363 31.168963396997935 
218.92 30.87 20260411.0 -1.0 41.71316172593156 76.56093442145516 0.02730509075543315 0.009676925646736721 1.551272116420402 8.0 -1.0 -1.0 -1.0 -1.0 
218.92 30.87 20260411.0 -1.0 2.45278075482 41.39615624423036 0.010315762863996646 0.031795612839277794 1.3239125029678405 2.0 -1.0 -1.0 -1.0 -1.0 
218.92 30.87 20260411.0 -1.0 0.0015833605930140066 55.47514686938386 0.044932983531649394 0.027648358990676344 1.8083112503953878 1.0 -1.0 -1.0 -1.0 -1.0 
218.92 30.87 20260411.0 -1.0 1.92768191516 61.52901941424084 0.11402647546324249 0.012441761545804354 1.5077612620499992 32.0 -1.0 -1.0 -1.0 -1.0 
218.92 30.87 20260411.0 -1.0 1.336096688653 31.138205543222707 0.9306724964577999 0.016589015394405805 18.53076700810544 32.0 18.764947775702066 32.0 1.3361083498845499 31.168963396997935 
218.92 30.87 20260411.0 -1.0 216.3733370950632 40.947721240907626 3.329294667907001 0.03732528463741307 12.48090438120938 1.0 12.480904855643674 1.0 216.37339765826863 40.985162908390144 
218.92 30.87 20260411.0 -1.0 1.72586751278 52.027802781340306 8.332821508477364 0.012441761545804354 293.87657210757214 32.0 293.9260037365499 32.0 1.7258571460843088 52.015737617067984 
218.92 30.87 20260411.0 -1.0 2.09803725694 0.0 4.487094298271818 0.011059343596270537 132.5251806480358 32.0 -1.0 -1.0 -1.0 -1.0 
218.92 30.87 20260411.0 -1.0 0.6547438511715743 62.276411086445414 9.903747970956548 0.038707702586946884 81.66532350536633 16.0 89.06673798828865 32.0 0.654745235806331 62.33792679399587 
218.92 30.87 20260411.0 -1.0 384.1903018555 93.41461662966812 1.1762700810961417 0.013824179495338172 5.854294207446586 1.0 -1.0 -1.0 -1.0 -1.0 
282.46 13.23 20260411.0 -1.0 0.945001 9.835733605324279 9.25543083383461 0.03317803078881161 47.05748891158426 16.0 53.61181734355853 32.0 0.9449953116321316 9.917397444499343 
282.46 13.23 20260411.0 -1.0 3.386501 53.240189863645845 0.4042599017082545 0.052531882082285056 1.0162958873709163 16.0 -1.0 -1.0 -1.0 -1.0 
282.46 13.23 20260411.0 -1.0 0.571574196782 4.501927819352407 0.5702635424403566 0.019353851293473442 2.2155170796936714 32.0 -1.0 -1.0 -1.0 -1.0 
282.46 13.23 20260411.0 -1.0 1.9411179295 92.53419028690652 0.029726742058157247 0.027648358990676344 0.762772805244907 8.0 -1.0 -1.0 -1.0 -1.0 
282.46 13.23 20260411.0 -1.0 0.002971694781935529 145.5786441584066 0.25254584867986474 0.04423737438508215 1.4224543798350306 1.0 -1.0 -1.0 -1.0 -1.0 
282.46 13.23 20260411.0 -1.0 0.005920712181085924 0.0 0.09028083341550168 0.01520659744487199 1.417662424299749 1.0 -1.0 -1.0 -1.0 -1.0 
282.46 13.23 20260411.0 -1.0 0.378019 326.1940309109037 0.5976922819163438 0.02350110514207489 3.8052532712490708 32.0 -1.0 -1.0 -1.0 -1.0 
282.46 13.23 20260411.0 -1.0 0.482589475307 22.020299116397638 1.4421681552054735 0.024883523091608708 5.230030052233871 32.0 -1.0 -1.0 -1.0 -1.0 
282.46 13.23 20260411.0 -1.0 1.528397635626 163.09701545545184 2.4012536820103056 0.05253188208228506 9.208496828808821 16.0 9.422117540597158 16.0 1.5283755298393469 162.92867230248922 
282.46 13.23 20260411.0 -1.0 276.59755044807 489.29104636635554 2.335806398033758 0.02350110514207489 0.24173584979261686 1.0 -1.0 -1.0 -1.0 -1.0 
282.79 13.23 20260411.0 -1.0 0.0011114843736737697 33.95523968280612 2.223999644408111 0.01382417949533817 1.5510481803748886 2.0 -1.0 -1.0 -1.0 -1.0 
282.79 13.23 20260411.0 -1.0 1.4499216603224474 139.93370563519804 0.05358866120566024 0.04976704618321741 0.2679450385726594 32.0 -1.0 -1.0 -1.0 -1.0 
282.79 13.23 20260411.0 -1.0 296.8103162047309 219.3297830619072 0.026893229887649958 0.011059343596270537 -0.12439659422767213 1.0 -1.0 -1.0 -1.0 -1.0 
282.79 13.23 20260411.0 -1.0 0.039142364678518046 66.20519406396467 0.019898937272332506 0.024883523091608708 1.3675906803522573 2.0 -1.0 -1.0 -1.0 -1.0 
282.79 13.23 20260411.0 -1.0 0.765609 167.1681150115108 0.03639620525988884 0.024883523091608708 0.1967911926158396 16.0 -1.0 -1.0 -1.0 -1.0 
282.79 13.23 20260411.0 -1.0 12.359917476 501.5043450345324 0.08922674486302234 0.03732528463741307 0.09065557305675963 8.0 -1.0 -1.0 -1.0 -1.0 
282.79 13.23 20260411.0 -1.0 5.4467125220896975 94.44271244124657 5.7819749743951 0.02073626924300726 65.47527695551557 32.0 65.47527513722684 32.0 5.446721236997595 94.41767158895803 
282.79 13.23 20260411.0 -1.0 0.727899551124 7.82425020755946 9.67383242068429 0.02764835899067634 73.09296593039515 32.0 74.01927542204045 32.0 0.7278989263189336 8.095834648570891 
282.79 13.23 20260411.0 -1.0 196.27145538862112 0.0 2.7135845277589143 0.04147253848601452 6.835882946888083 2.0 -1.0 -1.0 -1.0 -1.0 
282.79 13.23 20260411.0 -1.0 2.4784478211 334.3362300230216 4.127257507209404 0.013824179495338172 68.98216458408366 32.0 69.175083528807 32.0 2.4784640118014067 334.3579709859779 
283.12 13.23 20260411.0 -1.0 7.146916389768 55.00104189292957 2.7305090755433166 0.026265941041142528 21.04208526538745 16.0 21.180949536124647 16.0 7.146930632491907 54.95047767717493 
283.12 13.23 20260411.0 -1.0 122.285985983522 80.73312300220324 2.356878711863256 0.08985716671969811 2.653361624574251 2.0 -1.0 -1.0 -1.0 -1.0 
283.12 13.23 20260411.0 -1.0 7.16816991526 54.64222801291978 0.8049901736525528 0.058061553880420315 3.162138430558099 8.0 -1.0 -1.0 -1.0 -1.0 
283.12 13.23 20260411.0 -1.0 0.28238416279484624 49.208760687057215 0.03329294667906999 0.024883523091608708 1.1343475922200854 4.0 -1.0 -1.0 -1.0 -1.0 
283.12 13.23 20260411.0 -1.0 0.07943282347242812 104.20980257998679 0.1494918311769915 0.022118687192541075 1.6936434663343691 1.0 -1.0 -1.0 -1.0 -1.0 
283.12 13.23 20260411.0 -1.0 0.513208827209361 0.0 0.2094267259147316 0.016589015394405805 0.9442222290341331 8.0 -1.0 -1.0 -1.0 -1.0 
283.12 13.23 20260411.0 -1.0 0.01919987137799134 512.5399980311303 0.42870960754281573 0.027648358990676344 1.2224056893843207 4.0 -1.0 -1.0 -1.0 -1.0 
283.12 13.23 20260411.0 -1.0 65.44272043545732 62.53613337313521 1.000691083300461 0.013824179495338172 5.475108922164103 4.0 -1.0 -1.0 -1.0 -1.0 
283.12 13.23 20260411.0 -1.0 1.3559 170.84666601037677 7.575092471847536 0.18247916933846384 6.522337185404247 8.0 6.590190712018061 8.0 1.3558747014030814 171.2269028172744 
283.12 13.23 20260411.0 -1.0 0.2656936554 341.69333202075353 1.4907929892623273 0.009676925646736721 30.200446105426373 32.0 30.323059717870233 32.0 0.2656937188779315 341.54302423658453 
283.45 13.23 20260411.0 -1.0 0.3378130872361059 38.44644970901193 0.5112942010191995 0.031795612839277794 2.4996723005279073 2.0 -1.0 -1.0 -1.0 -1.0 
283.45 13.23 20260411.0 -1.0 1.48817452033 72.27092185737762 0.1125395386653212 0.027648358990676344 1.192974998488522 1.0 -1.0 -1.0 -1.0 -1.0 
283.45 13.23 20260411.0 -1.0 2.3707006046372 9.821702316373266 0.05911220609412288 0.03317803078881161 0.547513699198784 8.0 -1.0 -1.0 -1.0 -1.0 
283.45 13.23 20260411.0 -1.0 0.8189874162 77.10298930714414 0.33709536048698946 0.011059343596270537 2.030422260698031 16.0 -1.0 -1.0 -1.0 -1.0 
283.45 13.23 20260411.0 -1.0 0.0035063312405363956 46.79752280154321 0.5366275525710392 0.05391430003181887 0.29559952977125703 32.0 -1.0 -1.0 -1.0 -1.0 
283.45 13.23 20260411.0 -1.0 171.22104938954 100.63305688861593 0.3718407956863617 0.017971433343939622 1.192487208302535 2.0 -1.0 -1.0 -1.0 -1.0 
283.45 13.23 20260411.0 -1.0 0.020102788454756684 0.0 0.019477308940258127 0.029030776940210157 1.2310561310999266 2.0 -1.0 -1.0 -1.0 -1.0 
283.45 13.23 20260411.0 -1.0 3.894405558948306 175.05740010947645 0.44377692492996235 0.03041319488974398 1.9078745012067397 16.0 -1.0 -1.0 -1.0 -1.0 
283.45 13.23 20260411.0 -1.0 0.91744 350.1148002189529 0.10509986549258755 0.1354769590543141 0.8412132232075964 8.0 -1.0 -1.0 -1.0 -1.0 
283.45 13.23 20260411.0 -1.0 3.89441988715 525.1722003284293 1.5052816303829482 0.009676925646736721 1.543010557669219 2.0 -1.0 -1.0 -1.0 -1.0 
284.53 31.16 20260411.0 -1.0 13.46811210517598 239.1827901812507 0.011860620515744331 0.016589015394405805 1.8321779585356261 2.0 -1.0 -1.0 -1.0 -1.0 
284.53 31.16 20260411.0 -1.0 5.519419001073 57.801388486249465 0.8309826555609376 0.02073626924300726 10.11704157660927 16.0 10.219874179458412 32.0 2.7597100900796554 57.78401980417475 
284.53 31.16 20260411.0 -1.0 0.026976611339013436 142.03240813907397 0.010992693280787178 0.06220880772902178 1.387505454694343 2.0 -1.0 -1.0 -1.0 -1.0 
284.53 31.16 20260411.0 -1.0 217.15243613666985 232.76339805847485 0.3399015423930883 0.019353851293473442 1.5489519302937609 1.0 -1.0 -1.0 -1.0 -1.0 
284.53 31.16 20260411.0 -1.0 1.29420009879 21.836676969944616 0.0893501137040289 0.017971433343939622 1.988001094611592 2.0 -1.0 -1.0 -1.0 -1.0 
284.53 31.16 20260411.0 -1.0 0.026242947102859793 0.0 0.3443925161170656 0.16036048214592277 1.5169123937102178 2.0 -1.0 -1.0 -1.0 -1.0 
284.53 31.16 20260411.0 -1.0 0.1463663276521618 89.52231776239289 0.4858124572854596 0.02350110514207489 2.454159790492708 32.0 -1.0 -1.0 -1.0 -1.0 
284.53 31.16 20260411.0 -1.0 1.4408098283683 179.04463552478578 0.011770829817060192 0.011059343596270537 2.1399819724780205 32.0 -1.0 -1.0 -1.0 -1.0 
284.53 31.16 20260411.0 -1.0 1.61923735551 49.87787101253033 3.441546765673146 0.017971433343939622 75.2236590228951 32.0 75.54507586729349 32.0 1.6192340505464624 49.789383088710984 
284.53 31.16 20260411.0 -1.0 107.9949285202606 268.56695328717865 1.184424414031528 0.008294507697202903 2.0356816642420834 1.0 -1.0 -1.0 -1.0 -1.0 
284.9 31.16 20260411.0 -1.0 100.80135882925015 63.85884703151853 3.064422446732965 0.026265941041142528 13.599533172597086 4.0 13.599533585172859 4.0 100.80135931881766 63.85589579060292 
284.9 31.16 20260411.0 -1.0 3.337503827395 36.37426025039242 0.046640895118853165 0.031795612839277794 0.24921954458543585 1.0 -1.0 -1.0 -1.0 -1.0 
284.9 31.16 20260411.0 -1.0 3.174603 68.12697771859746 0.07717715212936165 0.07879782312342758 1.3258990945015 1.0 -1.0 -1.0 -1.0 -1.0 
284.9 31.16 20260411.0 -1.0 0.05576009813300303 73.21067477900358 0.314593521593293 0.011059343596270537 0.017661411063014283 1.0 -1.0 -1.0 -1.0 -1.0 
284.9 31.16 20260411.0 -1.0 0.005866544278869424 90.60942407665017 0.02034374216950329 0.07879782312342758 0.6466999668317926 1.0 -1.0 -1.0 -1.0 -1.0 
284.9 31.16 20260411.0 -1.0 0.08432286969948746 181.21884815330034 0.11091863093336349 0.04700221028414978 1.0543748668294382 8.0 -1.0 -1.0 -1.0 -1.0 
284.9 31.16 20260411.0 -1.0 4.2467268180091 88.29865268555649 1.6051682174438937 0.058061553880420315 7.284690849552135 16.0 7.298964759285054 16.0 4.2467339274783935 88.44699353563699 
284.9 31.16 20260411.0 -1.0 38.801408988633 30.28469799621611 2.020368287586113 0.019353851293473442 18.593282486585828 8.0 18.773923647552174 8.0 38.80146929683785 30.25818199903371 
284.9 31.16 20260411.0 -1.0 1.93257404609 0.0 1.9571727614076442 0.05529671798135269 5.994547640565583 8.0 6.16841214992043 16.0 1.9324337093469999 1.8215627959284508 
284.9 31.16 20260411.0 -1.0 0.5141 271.8282722299505 2.0343742169503294 0.016589015394405805 21.245011167751123 32.0 21.245011166522037 32.0 0.5141070384221773 266.6565537373038 
285.28 31.16 20260411.0 -1.0 5.1298291239 21.377234670328576 0.01327432056217912 0.02073626924300726 0.769034053114796 32.0 -1.0 -1.0 -1.0 -1.0 
285.28 31.16 20260411.0 -1.0 3.064857408039 30.192589173556854 0.2573007452468887 0.009676925646736721 4.82251026974301 32.0 -1.0 -1.0 -1.0 -1.0 
285.28 31.16 20260411.0 -1.0 1.115794030523409 38.98039569396254 0.010041536703492851 0.017971433343939622 1.9308220545401251 1.0 -1.0 -1.0 -1.0 -1.0 
285.28 31.16 20260411.0 -1.0 76.51005028461958 0.0 0.06661658389094734 0.02073626924300726 0.37692475877425763 2.0 -1.0 -1.0 -1.0 -1.0 
285.28 31.16 20260411.0 -1.0 0.66313 91.81742674768704 0.34942529093140573 0.09400442056829957 2.2888748848868117 1.0 -1.0 -1.0 -1.0 -1.0 
285.28 31.16 20260411.0 -1.0 0.0011013155333338069 107.40958502527207 1.5755048410735848 0.013824179495338172 2.130941280839409 2.0 -1.0 -1.0 -1.0 -1.0 
285.28 31.16 20260411.0 -1.0 0.008018564716190377 26.22567964710413 1.2612758521908187 0.0884747487701643 0.3458684861512883 4.0 -1.0 -1.0 -1.0 -1.0 
285.28 31.16 20260411.0 -1.0 0.003522481650975114 89.39320425929927 1.0195319497075284 0.011059343596270537 2.9606141665054864 1.0 -1.0 -1.0 -1.0 -1.0 
285.28 31.16 20260411.0 -1.0 0.51053305186 183.63485349537407 2.313323787507413 0.027648358990676344 21.272134233900537 16.0 22.226489817956196 32.0 0.5105296925952038 183.3706547901307 
285.28 31.16 20260411.0 -1.0 1.270949152698 275.4522802430611 2.0134015241583434 0.026265941041142528 9.038998006895046 8.0 9.477906026120783 8.0 0.6354336316386859 268.78171033255364 
285.65 31.15 20260411.0 -1.0 0.931029279866 0.027924562263019675 3.692808065379916 0.031795612839277794 25.032514869984638 16.0 8.221703248867604 8.0 1.5517192271848521 2.327552461464131 
285.65 31.15 20260411.0 -1.0 1.2993996356827 42.97590132278728 0.23666684090855827 0.022118687192541075 1.4753469637779237 8.0 -1.0 -1.0 -1.0 -1.0 
285.65 31.15 20260411.0 -1.0 0.6038612447 39.23400997954264 0.014481584463104328 0.01105934359627054 0.41427374884007295 32.0 -1.0 -1.0 -1.0 -1.0 
285.65 31.15 20260411.0 -1.0 2.622466916938 93.07256602264458 0.56947615953302 0.04009012053648069 3.051404098884827 16.0 -1.0 -1.0 -1.0 -1.0 
285.65 31.15 20260411.0 -1.0 10.50832783882986 186.14513204528916 0.5377408846423294 0.04561979233461597 2.2395290535199357 8.0 -1.0 -1.0 -1.0 -1.0 
285.65 31.15 20260411.0 -1.0 236.60059797388 92.15105546796492 1.4233618833282324 0.024883523091608708 5.638925265733292 1.0 -1.0 -1.0 -1.0 -1.0 
285.65 31.15 20260411.0 -1.0 2.006433 89.8333168001343 5.612739905788914 0.013824179495338172 125.94337883338 32.0 126.07677914589247 32.0 2.006436261581257 89.86376459913691 
285.65 31.15 20260411.0 -1.0 197.032753471488 143.8952693413404 1.0365769805511522 0.022118687192541075 4.40228256562175 1.0 -1.0 -1.0 -1.0 -1.0 
285.65 31.15 20260411.0 -1.0 23.811442964548686 0.0 1.9802940061217853 0.022118687192541075 43.45076602961864 16.0 -1.0 -1.0 -1.0 -1.0 
285.65 31.15 20260411.0 -1.0 0.04948035115672987 279.2176980679337 2.318123201088714 0.016589015394405805 35.918701006975574 32.0 26.111970926149066 16.0 0.0989530235528946 271.0080648609106 
286.02 31.15 20260411.0 -1.0 95.83245304881702 103.26819605483037 0.1302001429772467 0.013824179495338172 1.035739455934145 1.0 -1.0 -1.0 -1.0 -1.0 
286.02 31.15 20260411.0 -1.0 0.953507 123.07848304808365 0.014856523413221547 0.012441761545804354 1.513901275579196 2.0 -1.0 -1.0 -1.0 -1.0 
286.02 31.15 20260411.0 -1.0 0.36792650225 98.68352963639175 0.09794879553846644 0.035942866687879244 1.0775283887891591 2.0 -1.0 -1.0 -1.0 -1.0 
286.02 31.15 20260411.0 -1.0 0.013111339374215642 210.5550503282921 0.303912298277019 0.03456044873834543 0.9458072641656051 1.0 -1.0 -1.0 -1.0 -1.0 
286.02 31.15 20260411.0 -1.0 0.654397111 50.233227732892274 0.011347638459718777 0.03041319488974398 0.808236961411615 2.0 -1.0 -1.0 -1.0 -1.0 
286.02 31.15 20260411.0 -1.0 0.025883631610384157 94.32526649787603 0.09627163549856319 0.016589015394405805 1.010809209374937 1.0 -1.0 -1.0 -1.0 -1.0 
286.02 31.15 20260411.0 -1.0 1.724 188.65053299575206 0.013552306068905185 0.02903077694021016 2.2086020690720236 4.0 -1.0 -1.0 -1.0 -1.0 
286.02 31.15 20260411.0 -1.0 0.18249017842308915 282.9757994936281 0.4546380356371673 0.006912089747669086 4.188120468676261 32.0 -1.0 -1.0 -1.0 -1.0 
286.02 31.15 20260411.0 -1.0 0.72095913858 52.865165861995926 4.3317528157161 0.02073626924300726 84.39435172997055 32.0 61.32419770803162 32.0 0.24031881669846675 53.02771694813935 
286.02 31.15 20260411.0 -1.0 12.570997728024937 0.0 1.2150900395659163 0.03732528463741307 7.333619536670898 16.0 -1.0 -1.0 -1.0 -1.0 
287.19 4.02 20260411.0 -1.0 13.972467536188164 74.2778262772904 0.06260076752467116 0.019353851293473442 1.2771192354466065 8.0 -1.0 -1.0 -1.0 -1.0 
287.19 4.02 20260411.0 -1.0 450.9170308627072 162.8581864975764 0.011053615420068413 0.024883523091608708 1.1330813438745904 1.0 -1.0 -1.0 -1.0 -1.0 
287.19 4.02 20260411.0 -1.0 0.0012699350581559167 59.68924165543491 0.4202060938098521 0.06359122567855559 10.184125701632095 2.0 -1.0 -1.0 -1.0 -1.0 
287.19 4.02 20260411.0 -1.0 1.6490236746575564 0.0 0.37261224747125077 0.058061553880420315 1.36184078515584 1.0 -1.0 -1.0 -1.0 -1.0 
287.19 4.02 20260411.0 -1.0 5.675652 317.80230421336194 0.3345433837248016 0.08432749492156286 2.3884734456588976 2.0 -1.0 -1.0 -1.0 -1.0 
287.19 4.02 20260411.0 -1.0 0.223377703467 953.4069126400858 0.030433250085264384 0.015206597444871989 2.1073150246977184 2.0 -1.0 -1.0 -1.0 -1.0 
287.19 4.02 20260411.0 -1.0 1.48354649394 31.274874222017015 6.123203566945896 0.016589015394405805 38.04609117157475 32.0 38.133292480571704 32.0 1.4835374410419415 31.27016133010507 
287.19 4.02 20260411.0 -1.0 57.54121018881093 39.37964345638118 1.3403330336259605 0.026265941041142528 4.713862585658872 4.0 -1.0 -1.0 -1.0 -1.0 
287.19 4.02 20260411.0 -1.0 0.15395541118695494 18.59329412589426 1.718792786505633 0.04009012053648069 0.314847508941912 1.0 -1.0 -1.0 -1.0 -1.0 
287.19 4.02 20260411.0 -1.0 1.00399242379 635.6046084267239 4.228269069967017 0.04147253848601452 15.63700692087122 16.0 16.58326149586249 32.0 1.0039912012871355 636.1302075114579 
287.51 4.02 20260411.0 -1.0 1.157564675162 62.14514546562539 0.4260523315412531 0.08570991287109667 79.61859510129993 8.0 79.31194296050839 16.0 0.38586828547219437 61.52834332913878 
287.51 4.02 20260411.0 -1.0 0.6019826734548 45.55517156787547 0.08258319656079104 0.017971433343939622 1.050128587371079 4.0 -1.0 -1.0 -1.0 -1.0 
287.51 4.02 20260411.0 -1.0 2.3063232018406516 100.34692319774143 0.018972642035408056 0.011059343596270536 0.6611344844995221 8.0 -1.0 -1.0 -1.0 -1.0 
287.51 4.02 20260411.0 -1.0 1.4924787334 128.3256899874602 0.15084046126215594 0.031795612839277794 -0.19665929941159618 1.0 -1.0 -1.0 -1.0 -1.0 
287.51 4.02 20260411.0 -1.0 0.678887 0.0 0.549002038959374 0.04700221028414978 0.6351534003249134 4.0 -1.0 -1.0 -1.0 -1.0 
287.51 4.02 20260411.0 -1.0 370.397553 597.7771135264918 0.1284135526169644 0.05391430003181887 0.4776129235535311 1.0 -1.0 -1.0 -1.0 -1.0 
287.51 4.02 20260411.0 -1.0 0.890994259795 896.6656702897377 0.529264015246408 0.016589015394405805 3.414883644032068 2.0 -1.0 -1.0 -1.0 -1.0 
287.51 4.02 20260411.0 -1.0 39.89141833615 50.21829936616193 4.281176731264131 0.09538683851783337 7.112104878407599 4.0 7.112104878407599 4.0 39.89140774744253 50.19417482113953 
287.51 4.02 20260411.0 -1.0 161.357217177548 3.1386437103851206 2.1073291431380894 0.023501105142074895 5.285720174303654 2.0 -1.0 -1.0 -1.0 -1.0 
287.51 4.02 20260411.0 -1.0 0.002461367549486494 298.8885567632459 1.0090214299640743 0.017971433343939622 7.374845291466037 1.0 -1.0 -1.0 -1.0 -1.0 
287.83 4.02 20260411.0 -1.0 64.54668603695595 143.9011491650647 3.448686884309825 0.09123958466923193 3.892348126730225 2.0 -1.0 -1.0 -1.0 -1.0 
287.83 4.02 20260411.0 -1.0 2.185717553667 43.475435525134394 0.17742912160141563 0.05253188208228506 0.9849111887012476 4.0 -1.0 -1.0 -1.0 -1.0 
287.83 4.02 20260411.0 -1.0 17.581787439437928 75.1709772140238 0.10034601957653144 0.03456044873834543 0.2018093893949976 1.0 -1.0 -1.0 -1.0 -1.0 
287.83 4.02 20260411.0 -1.0 0.0741417828723554 24.746251799881566 0.029501696080549082 0.029030776940210154 1.49913760593842 4.0 -1.0 -1.0 -1.0 -1.0 
287.83 4.02 20260411.0 -1.0 34.391378179827086 117.03621142341247 0.10444842371142099 0.017971433343939625 2.2374286809339288 1.0 -1.0 -1.0 -1.0 -1.0 
287.83 4.02 20260411.0 -1.0 1.261341099297 90.67975830778519 0.17152342191960424 0.0483846282336836 1.784657218512282 4.0 -1.0 -1.0 -1.0 -1.0 
287.83 4.02 20260411.0 -1.0 0.018763736596355725 0.0 0.3501502376491989 0.06497364362808941 0.3292085979845282 1.0 -1.0 -1.0 -1.0 -1.0 
287.83 4.02 20260411.0 -1.0 1.2649434 564.9264195137347 0.034966677291472716 0.016589015394405805 1.1514069290973414 8.0 -1.0 -1.0 -1.0 -1.0 
287.83 4.02 20260411.0 -1.0 225.01840471114 847.389629270602 0.01645589971998487 0.011059343596270537 -0.5464582895684036 2.0 -1.0 -1.0 -1.0 -1.0 
287.83 4.02 20260411.0 -1.0 7.478313 282.46320975686734 1.4273006104727988 0.019353851293473442 8.173179561392185 16.0 8.173179555648927 16.0 7.478289868837844 282.443431302017 
288.15 4.01 20260411.0 -1.0 0.3275 48.90152358600051 1.5996331735108558 0.02211868719254108 3.8117890627683604 32.0 -1.0 -1.0 -1.0 -1.0 
288.15 4.01 20260411.0 -1.0 0.555864 116.51249708257264 0.03406067303515038 0.03041319488974398 0.9057814423710905 32.0 -1.0 -1.0 -1.0 -1.0 
288.15 4.01 20260411.0 -1.0 1.131171 209.2567659525736 0.5299957990657957 0.01520659744487199 3.744381443283788 32.0 -1.0 -1.0 -1.0 -1.0 
288.15 4.01 20260411.0 -1.0 0.9992746586412061 2.890730458285744 0.07317899463156682 0.019353851293473442 -0.7382945949198665 8.0 -1.0 -1.0 -1.0 -1.0 
288.15 4.01 20260411.0 -1.0 1.752273 0.0 0.7089001340999033 0.04285495643554833 1.5514773769963937 1.0 -1.0 -1.0 -1.0 -1.0 
288.15 4.01 20260411.0 -1.0 3.57439188715 267.6334615962885 0.07723048797037538 0.04285495643554833 0.5313442058459645 4.0 -1.0 -1.0 -1.0 -1.0 
288.15 4.01 20260411.0 -1.0 174.16720665567405 535.266923192577 0.09046813752760459 0.07603298722435994 0.48293062494923666 2.0 -1.0 -1.0 -1.0 -1.0 
288.15 4.01 20260411.0 -1.0 1.1510060470512 802.9003847888655 0.3652214325520265 0.00967692564673672 1.1470770709776237 1.0 -1.0 -1.0 -1.0 -1.0 
288.15 4.01 20260411.0 -1.0 10.460147656663468 67.53067542828641 5.028866967141122 0.012441761545804354 63.96753539786009 32.0 63.96753563831727 32.0 10.460159198070567 67.49902138245982 
288.15 4.01 20260411.0 -1.0 57.27738648331841 221.542370400288 1.9356582498136592 0.008294507697202903 11.733438117502045 4.0 11.733438252504211 4.0 57.277308466533825 221.52227557152105 
288.47 4.01 20260411.0 -1.0 2.93399568493 78.10080829849927 0.30412232699116293 0.01520659744487199 2.152160719256521 4.0 -1.0 -1.0 -1.0 -1.0 
288.47 4.01 20260411.0 -1.0 13.87699831012 17.788356142277937 0.036295767608167495 0.01520659744487199 1.7336981929308206 4.0 -1.0 -1.0 -1.0 -1.0 
288.47 4.01 20260411.0 -1.0 16.562185596668744 57.64038149107229 0.015125786700150521 0.08709233082063048 2.091108966484911 2.0 -1.0 -1.0 -1.0 -1.0 
288.47 4.01 20260411.0 -1.0 0.290249 114.59365909682055 0.05850280880215019 0.017971433343939622 1.6636172676605383 2.0 -1.0 -1.0 -1.0 -1.0 
288.47 4.01 20260411.0 -1.0 132.978723 84.20839839026853 0.04612818816800296 0.1382417949533817 1.2052428033001372 2.0 -1.0 -1.0 -1.0 -1.0 
288.47 4.01 20260411.0 -1.0 0.04271370332724869 508.91494439667275 0.20245599113661636 0.009676925646736721 1.718169461042933 32.0 -1.0 -1.0 -1.0 -1.0 
288.47 4.01 20260411.0 -1.0 10.316928486503567 763.3724165950091 0.36928080653799145 0.008294507697202903 2.295042451018118 1.0 -1.0 -1.0 -1.0 -1.0 
288.47 4.01 20260411.0 -1.0 1.965177 11.528076298214458 2.363400666868233 0.01520659744487199 25.652302595235646 32.0 25.860172950880898 32.0 1.9651755186108253 11.53656437421352 
288.47 4.01 20260411.0 -1.0 33.764971427945504 0.0 1.0315762863996651 0.030413194889743984 1.910905325316354 8.0 -1.0 -1.0 -1.0 -1.0 
288.47 4.01 20260411.0 -1.0 0.03636757019090958 254.45747219833638 8.554472200642591 0.035942866687879244 11.425129262782415 16.0 -1.0 -1.0 -1.0 -1.0 
29.41 62.12 20260411.0 -1.0 1.2851009 60.37018469887101 8.367433302103008 0.03732528463741307 66.85419414723134 16.0 68.91487810664975 32.0 1.2850856971150886 60.51636399806742 
29.41 62.12 20260411.0 -1.0 3.20190160725 23.89746377257014 0.010575537029719832 0.017971433343939622 0.8989719753479866 16.0 -1.0 -1.0 -1.0 -1.0 
29.41 62.12 20260411.0 -1.0 0.786876829081 165.44742241047155 0.5777981907588396 0.031795612839277794 1.358770517181946 16.0 -1.0 -1.0 -1.0 -1.0 
29.41 62.12 20260411.0 -1.0 1.28840192872 3.043122727593201 0.36320851007038935 0.019353851293473442 1.4102482277760615 32.0 -1.0 -1.0 -1.0 -1.0 
29.41 62.12 20260411.0 -1.0 1.223496304466 149.1577654568844 0.05433422881577102 0.13962421290291552 0.8717079581622655 4.0 -1.0 -1.0 -1.0 -1.0 
29.41 62.12 20260411.0 -1.0 0.15753387272071392 298.3155309137688 0.03439170012709915 0.04700221028414978 -0.6317700242063635 2.0 -1.0 -1.0 -1.0 -1.0 
29.41 62.12 20260411.0 -1.0 2.7401 447.4732963706532 0.9229889881639676 0.1354769590543141 1.88512136655398 8.0 -1.0 -1.0 -1.0 -1.0 
29.41 62.12 20260411.0 -1.0 269.50524824275607 118.77128998576994 2.694902481504617 0.022118687192541075 10.25368663064302 1.0 -1.0 -1.0 -1.0 -1.0 
29.41 62.12 20260411.0 -1.0 1.925804879053 61.93649786748516 1.8842022269395287 0.030413194889743977 13.945191333854831 16.0 14.48632701108822 32.0 1.9257943980240575 61.933135061567334 
29.41 62.12 20260411.0 -1.0 3.6991898342 0.0 1.3128400626408168 0.013824179495338172 17.34358501301704 32.0 -1.0 -1.0 -1.0 -1.0 
292.28 30.73 20260411.0 -1.0 1.11987265911 87.0849689990073 0.010826883167411214 0.03041319488974398 1.617831136048939 4.0 -1.0 -1.0 -1.0 -1.0 
292.28 30.73 20260411.0 -1.0 1.0283512362698 99.85092617253125 0.217537309748786 0.012441761545804354 2.6740333701171513 16.0 -1.0 -1.0 -1.0 -1.0 
292.28 30.73 20260411.0 -1.0 20.9369242 30.817183240545067 0.7543758187143426 0.022118687192541075 5.306734404018019 8.0 -1.0 -1.0 -1.0 -1.0 
292.28 30.73 20260411.0 -1.0 0.09286608621532814 197.09987381287925 0.056205003280492036 0.023501105142074888 1.4214573513851279 1.0 -1.0 -1.0 -1.0 -1.0 
292.28 30.73 20260411.0 -1.0 6.166248295253428 31.142430557067968 0.9028083341550172 0.011059343596270537 12.094171465981916 16.0 12.094171316668026 16.0 6.166252812060217 31.168963396997935 
292.28 30.73 20260411.0 -1.0 0.2075663829 0.0 0.04925714623546533 0.08432749492156286 2.079684594426434 8.0 -1.0 -1.0 -1.0 -1.0 
292.28 30.73 20260411.0 -1.0 0.2611630697384529 135.50616324635448 0.4987349310610308 0.019353851293473442 3.669344345775119 32.0 -1.0 -1.0 -1.0 -1.0 
292.28 30.73 20260411.0 -1.0 0.011010491923589116 271.01232649270895 0.01466279023623301 0.02350110514207489 0.46235661331617783 32.0 -1.0 -1.0 -1.0 -1.0 
292.28 30.73 20260411.0 -1.0 0.04813466827685247 406.51848973906345 0.9300297684159161 0.01520659744487199 8.586321667394056 32.0 8.92623803050234 32.0 0.048142586213847004 398.2138667765808 
292.28 30.73 20260411.0 -1.0 450.9170308627072 69.23702250481298 3.222929644301044 0.029030776940210154 8.740951176372596 1.0 -1.0 -1.0 -1.0 -1.0 
292.65 30.73 20260411.0 -1.0 224.818628 154.7010771814084 2.1723694834277514 0.016589015394405805 9.198197672098495 1.0 -1.0 -1.0 -1.0 -1.0 
292.65 30.73 20260411.0 -1.0 16.562185596668744 26.358975045063055 6.395589606316492 0.06497364362808941 26.470377685816374 8.0 28.186695807467988 16.0 16.562201684185617 26.412660540962534 
292.65 30.73 20260411.0 -1.0 22.026432 140.51102192551983 0.5927578139668314 0.013824179495338174 3.999155179968299 8.0 -1.0 -1.0 -1.0 -1.0 
292.65 30.73 20260411.0 -1.0 39.475126410105304 15.705906855924153 0.2020368287586114 0.016589015394405805 2.0592786010018465 1.0 -1.0 -1.0 -1.0 -1.0 
292.65 30.73 20260411.0 -1.0 268.66686619507 13.684771389210054 0.09815200824138255 0.016589015394405805 0.9286677246939254 1.0 -1.0 -1.0 -1.0 -1.0 
292.65 30.73 20260411.0 -1.0 4.5887792577 140.34259396996035 0.5842203191873787 0.01520659744487199 7.6309549520546485 16.0 7.850247254193256 16.0 4.588764568325132 140.2603352864907 
292.65 30.73 20260411.0 -1.0 28.777763 280.6851879399207 0.6178443619080864 0.1534483923982537 1.8336840415852347 1.0 -1.0 -1.0 -1.0 -1.0 
292.65 30.73 20260411.0 -1.0 2.11847951725 421.027781909881 0.013599199700975057 0.006912089747669086 1.769363749360247 8.0 -1.0 -1.0 -1.0 -1.0 
292.65 30.73 20260411.0 -1.0 436.64254577698927 67.32907523491346 2.903663561783327 0.011059343596270537 11.390410435619374 1.0 -1.0 -1.0 -1.0 -1.0 
292.65 30.73 20260411.0 -1.0 0.0439078343218375 0.0 5.3219722690162135 0.02626594104114253 3.256171405018729 32.0 -1.0 -1.0 -1.0 -1.0 
293.03 30.73 20260411.0 -1.0 0.8511150531782 48.31473054563423 1.1893441226010597 0.08156265902249521 1.6711890141212753 8.0 -1.0 -1.0 -1.0 -1.0 
293.03 30.73 20260411.0 -1.0 3.1514437369 131.23974232224222 0.16263766186660558 0.026265941041142528 1.7319307514561677 32.0 -1.0 -1.0 -1.0 -1.0 
293.03 30.73 20260411.0 -1.0 1.6908526634 27.147030171079034 0.2958333317686609 0.07465056927482613 0.34000619344253363 1.0 -1.0 -1.0 -1.0 -1.0 
293.03 30.73 20260411.0 -1.0 3.7366204955279794 45.12866430369087 0.9527915563961169 0.030413194889743977 8.425047356765312 16.0 8.699342361285243 16.0 3.736628665744017 45.23547609888986 
293.03 30.73 20260411.0 -1.0 0.0037738593857189304 0.0 0.035871990470852655 0.009676925646736721 1.1617937546015729 1.0 -1.0 -1.0 -1.0 -1.0 
293.03 30.73 20260411.0 -1.0 0.6428183049785062 290.9358571067731 0.3659791512566187 0.019353851293473442 2.676920644295901 16.0 -1.0 -1.0 -1.0 -1.0 
293.03 30.73 20260411.0 -1.0 1.724 436.4037856601596 0.6373535924301142 0.03041319488974398 3.7887603706458237 4.0 -1.0 -1.0 -1.0 -1.0 
293.03 30.73 20260411.0 -1.0 150.34910263393004 44.08119047072319 2.0683858742459553 0.022118687192541075 7.756000722833236 2.0 7.756000479925129 2.0 150.34941801180443 44.12229883471136 
293.03 30.73 20260411.0 -1.0 1.677008 78.82240593081791 1.5188614231876554 0.031795612839277794 12.419778285395823 16.0 12.537421818427312 16.0 1.6769869641090434 78.73199195735194 
293.03 30.73 20260411.0 -1.0 0.3456650433898706 145.46792855338654 8.501448911019828 0.03317803078881161 65.15030492015865 32.0 51.42000681544123 32.0 0.08640199666842818 147.04059680466884 
293.4 30.73 20260411.0 -1.0 347.0053210916637 52.491486307684866 3.3018084541305774 0.031795612839277794 7.9002722487741135 1.0 -1.0 -1.0 -1.0 -1.0 
293.4 30.73 20260411.0 -1.0 12.455987142326991 77.28165965056897 0.010879367828068812 0.016589015394405805 2.951078590304591 8.0 -1.0 -1.0 -1.0 -1.0 
293.4 30.73 20260411.0 -1.0 0.17733492662 53.492190552718725 0.13255992241430364 0.038707702586946884 1.1472498253652743 1.0 -1.0 -1.0 -1.0 -1.0 
293.4 30.73 20260411.0 -1.0 316.8478768178 83.42234479054943 0.17402997684605623 0.06082638977948796 0.5069209036881713 1.0 -1.0 -1.0 -1.0 -1.0 
293.4 30.73 20260411.0 -1.0 15.713388 261.04734828405844 0.044562022798474085 0.02073626924300726 2.060717702904335 16.0 -1.0 -1.0 -1.0 -1.0 
293.4 30.73 20260411.0 -1.0 29.147468413431724 65.59161460630986 0.12665147763003318 0.015206597444871989 1.4155924801340845 16.0 -1.0 -1.0 -1.0 -1.0 
293.4 30.73 20260411.0 -1.0 38.40154870604232 454.8200793678865 0.021904535766912984 0.0483846282336836 1.4734136233657855 8.0 -1.0 -1.0 -1.0 -1.0 
293.4 30.73 20260411.0 -1.0 0.04555210001633609 0.0 1.6241310233313988 0.022118687192541075 1.1794103358453298 16.0 -1.0 -1.0 -1.0 -1.0 
293.4 30.73 20260411.0 -1.0 224.2514676922058 151.60669312262883 1.0546353160210014 0.038707702586946884 2.527345909587944 2.0 -1.0 -1.0 -1.0 -1.0 
293.4 30.73 20260411.0 -1.0 0.0017761301638462342 303.21338624525765 2.3929735251520636 0.031795612839277794 2.236666089091453 4.0 -1.0 -1.0 -1.0 -1.0 
293.77 30.73 20260411.0 -1.0 4.1785550317 208.02153620841023 0.016684847141891276 0.03870770258694689 0.8945347677898708 16.0 -1.0 -1.0 -1.0 -1.0 
293.77 30.73 20260411.0 -1.0 25.2964792556 69.29305107558268 0.02326144361172599 0.06497364362808941 1.2090119375571355 1.0 -1.0 -1.0 -1.0 -1.0 
293.77 30.73 20260411.0 -1.0 4.580013 45.70493711355214 0.08133753921050117 0.056679135930886505 0.8928978755711927 8.0 -1.0 -1.0 -1.0 -1.0 
293.77 30.73 20260411.0 -1.0 2.84799157894 57.617646579285875 0.028167284121295547 0.019353851293473442 0.3006854897001739 16.0 -1.0 -1.0 -1.0 -1.0 
293.77 30.73 20260411.0 -1.0 1.604176318573315 0.0 0.06039181720144513 0.031795612839277794 1.5281392995240695 2.0 -1.0 -1.0 -1.0 -1.0 
293.77 30.73 20260411.0 -1.0 15.96435073081723 158.18749262665554 0.39242744783163036 0.009676925646736721 5.251196737872865 16.0 -1.0 -1.0 -1.0 -1.0 
293.77 30.73 20260411.0 -1.0 19.68165408 316.3749852533111 0.01139477280912332 0.055296717981352696 2.968743696603172 2.0 -1.0 -1.0 -1.0 -1.0 
293.77 30.73 20260411.0 -1.0 12.922440399828183 474.56247787996665 0.8978324947588142 0.017971433343939622 2.6517360459470525 1.0 -1.0 -1.0 -1.0 -1.0 
293.77 30.73 20260411.0 -1.0 0.873469 4.74609938873854 3.6597915125661866 0.017971433343939622 52.61228279988751 32.0 52.67136671947593 32.0 0.8734787115827204 4.958698722249672 
293.77 30.73 20260411.0 -1.0 5.968724 228.05007562888684 3.6877092755496697 0.016589015394405805 61.29077925941385 32.0 61.29971220475985 32.0 5.968740879325197 227.99894329037778 
30.09 62.12 20260411.0 -1.0 275.7078326240904 2.759059873635061 0.887349705456088 0.011059343596270537 2.874967309735762 1.0 -1.0 -1.0 -1.0 -1.0 
30.09 62.12 20260411.0 -1.0 104.09670305794363 36.001281254367164 0.023341932760406383 0.01520659744487199 0.9248147112415376 2.0 -1.0 -1.0 -1.0 -1.0 
30.09 62.12 20260411.0 -1.0 0.00445281296786449 111.87542777933135 0.03959677045682238 0.012441761545804354 1.7493027295977246 1.0 -1.0 -1.0 -1.0 -1.0 
30.09 62.12 20260411.0 -1.0 0.59787312095 194.24671529704906 0.014451601969888117 0.017971433343939622 1.503221695261082 8.0 -1.0 -1.0 -1.0 -1.0 
30.09 62.12 20260411.0 -1.0 0.68256060227 148.32171869073642 0.01915703235890767 0.05114946413275124 0.9615378073797566 1.0 -1.0 -1.0 -1.0 -1.0 
30.09 62.12 20260411.0 -1.0 0.19641392253007492 277.28551730032365 1.4836010489410998 0.04009012053648069 2.656767586572188 16.0 -1.0 -1.0 -1.0 -1.0 
30.09 62.12 20260411.0 -1.0 415.01134664715 71.2015451260661 7.8250901381044145 0.035942866687879244 12.193380991773154 1.0 -1.0 -1.0 -1.0 -1.0 
30.09 62.12 20260411.0 -1.0 9.990329951227002 0.0 3.1113530569065415 0.029030776940210157 19.34444451309826 32.0 -1.0 -1.0 -1.0 -1.0 
30.09 62.12 20260411.0 -1.0 2.612776 296.64343738147284 5.878640843281208 0.06497364362808941 25.132786777620773 16.0 25.349721044215453 32.0 2.6127660627632094 296.71233987012323 
30.09 62.12 20260411.0 -1.0 3.0246300939145647 444.96515607220925 2.5819105619600418 0.06497364362808941 9.500171407777035 8.0 9.790941323338668 8.0 3.0246155802160506 444.86611393897056 
300.72 31.53 20260411.0 -1.0 0.69446 79.77268035596059 0.14713526360916118 0.07879782312342758 1.0665099421429083 2.0 -1.0 -1.0 -1.0 -1.0 
300.72 31.53 20260411.0 -1.0 0.0688858865537413 117.86820526064382 0.03424943924681999 0.06497364362808941 1.1973118196515302 2.0 -1.0 -1.0 -1.0 -1.0 
300.72 31.53 20260411.0 -1.0 5.110620788131 160.8477718197736 0.0715295427011208 0.017971433343939622 1.7592585705111292 8.0 -1.0 -1.0 -1.0 -1.0 
300.72 31.53 20260411.0 -1.0 5.604753 81.46581479616873 0.20343742169503293 0.017971433343939622 1.3065023698839877 32.0 -1.0 -1.0 -1.0 -1.0 
300.72 31.53 20260411.0 -1.0 2.3427772328 0.0 0.10917012570556796 0.04285495643554833 0.9524869250233625 1.0 -1.0 -1.0 -1.0 -1.0 
300.72 31.53 20260411.0 -1.0 44.742729 217.0468111236054 0.6602098024153881 0.01520659744487199 2.883906928363821 4.0 -1.0 -1.0 -1.0 -1.0 
300.72 31.53 20260411.0 -1.0 1.61613383449 651.1404333708163 0.056868986379292524 0.13962421290291552 1.8694990269819962 2.0 -1.0 -1.0 -1.0 -1.0 
300.72 31.53 20260411.0 -1.0 87.81979863780097 63.16693873084226 3.9596770456822385 0.03456044873834543 16.713272104605863 4.0 16.713271955618602 4.0 87.81983827551207 63.147510258852954 
300.72 31.53 20260411.0 -1.0 3.8306868647 88.95467866632013 6.805864343010567 0.008294507697202903 170.38112263779314 32.0 170.45366493723756 32.0 3.830700734397397 88.95298320117269 
300.72 31.53 20260411.0 -1.0 10.853978 434.0936222472108 1.196762027305758 0.01520659744487199 7.956846302212403 8.0 8.175803546367163 8.0 10.854031036918363 433.9367371633998 
301.1 31.53 20260411.0 -1.0 139.36088855893 225.8482486716941 0.011253953866532121 0.06635606157762322 0.47293305857323115 1.0 -1.0 -1.0 -1.0 -1.0 
301.1 31.53 20260411.0 -1.0 79.45162290069 50.39902193512637 0.8327066811661998 0.017971433343939622 5.0600039189393 4.0 -1.0 -1.0 -1.0 -1.0 
301.1 31.53 20260411.0 -1.0 2.8858089092882 40.42026821864772 0.054559915290954365 0.03041319488974398 0.9986591946169301 4.0 -1.0 -1.0 -1.0 -1.0 
301.1 31.53 20260411.0 -1.0 401.7446020972 0.0 0.4042599017082545 0.035942866687879244 2.042488675203742 1.0 -1.0 -1.0 -1.0 -1.0 
301.1 31.53 20260411.0 -1.0 0.0013114510973573175 210.50117808242632 0.5501410441674531 0.08294507697202903 0.0001575705943470205 1.0 -1.0 -1.0 -1.0 -1.0 
301.1 31.53 20260411.0 -1.0 0.5945106841357176 179.4912535584325 1.3721883928644862 0.012441761545804354 13.870963640878088 32.0 14.174782458543095 32.0 0.5945063700589042 179.4239353989524 
301.1 31.53 20260411.0 -1.0 9.763394557444075 26.65211435667084 4.745343190721833 0.09123958466923193 9.931341129084839 8.0 10.451382101970198 8.0 9.763364990552267 26.716254340283946 
301.1 31.53 20260411.0 -1.0 3.6422351217 62.083005717079224 3.7081467727466837 0.03456044873834543 24.742301929166203 16.0 24.871545363702243 16.0 3.642223115699987 62.034332994674465 
301.1 31.53 20260411.0 -1.0 0.723353935998 421.00235616485264 1.223513486602722 0.019353851293473442 10.648941759118673 32.0 10.762197334700156 32.0 0.723351452810069 421.18579759190067 
301.1 31.53 20260411.0 -1.0 0.0012128959039623276 631.5035342472789 7.80888916834315 0.1534483923982537 0.48151425346669846 1.0 -1.0 -1.0 -1.0 -1.0 
301.47 31.53 20260411.0 -1.0 426.72398967803736 5.37407927329349 0.014461589230674416 0.02764835899067634 1.0077341884510078 1.0 -1.0 -1.0 -1.0 -1.0 
301.47 31.53 20260411.0 -1.0 1.788648879548 88.10990436446305 0.5581805219779393 0.022118687192541075 1.983431078593926 16.0 -1.0 -1.0 -1.0 -1.0 
301.47 31.53 20260411.0 -1.0 0.478126 70.55041278544594 0.02617832132753024 0.031795612839277794 -0.08666709101750932 4.0 -1.0 -1.0 -1.0 -1.0 
301.47 31.53 20260411.0 -1.0 3.60099929741 48.554181341267935 0.02446464137651638 0.0027648358990676344 1.9953093610239119 1.0 -1.0 -1.0 -1.0 -1.0 
301.47 31.53 20260411.0 -1.0 156.599195693311 0.0 0.3102767079536638 0.05253188208228506 0.8713446815065359 1.0 -1.0 -1.0 -1.0 -1.0 
301.47 31.53 20260411.0 -1.0 0.5015510293323924 40.243105255825675 1.6952077231295481 0.024883523091608708 10.494089371738667 32.0 11.139169454082735 32.0 0.5015560115377109 40.074381510425916 
301.47 31.53 20260411.0 -1.0 5.830224 3.1244646937752854 5.29264015246408 0.11612310776084064 7.057859436284672 8.0 7.07104984575565 8.0 5.830224836245179 3.238333859428357 
301.47 31.53 20260411.0 -1.0 0.0027993604566431828 208.2768164870605 4.20206093809852 0.016589015394405805 2.8808938531567634 2.0 -1.0 -1.0 -1.0 -1.0 
301.47 31.53 20260411.0 -1.0 0.2916745530517 416.553632974121 1.1355480623157956 0.026265941041142528 5.76116774869939 16.0 -1.0 -1.0 -1.0 -1.0 
301.47 31.53 20260411.0 -1.0 0.51769836154 624.8304494611815 3.326995436919836 0.012441761545804354 17.632654808748974 16.0 17.781981668573586 16.0 0.5176843842491508 615.2834332913877 
301.85 31.53 20260411.0 -1.0 0.005733282760724394 83.59373705647353 9.05932227729751 0.017971433343939622 5.326734855082571 4.0 -1.0 -1.0 -1.0 -1.0 
301.85 31.53 20260411.0 -1.0 2.2410138579095 90.18669548503469 0.1840460464416752 0.019353851293473442 1.661592541094217 1.0 -1.0 -1.0 -1.0 -1.0 
301.85 31.53 20260411.0 -1.0 1.69355814663 126.75895544724185 0.14521657905065408 0.026265941041142528 1.3429206113133674 32.0 -1.0 -1.0 -1.0 -1.0 
301.85 31.53 20260411.0 -1.0 1.114243 10.138228526938383 0.2883672890251542 0.02073626924300726 2.6632014980431755 2.0 -1.0 -1.0 -1.0 -1.0 
301.85 31.53 20260411.0 -1.0 0.946213113 123.0892899068163 0.06216978392254384 0.05529671798135269 2.5353469085031484 8.0 -1.0 -1.0 -1.0 -1.0 
301.85 31.53 20260411.0 -1.0 33.456059659443284 0.0 0.391614970901192 0.019353851293473442 0.9694920037346457 8.0 -1.0 -1.0 -1.0 -1.0 
301.85 31.53 20260411.0 -1.0 56.23413251903491 207.30500417353144 0.5053245024258892 0.06082638977948797 0.4935931398546094 2.0 -1.0 -1.0 -1.0 -1.0 
301.85 31.53 20260411.0 -1.0 3.8784760942028 414.6100083470629 0.19898937272332504 0.022118687192541075 1.7173780484992898 16.0 -1.0 -1.0 -1.0 -1.0 
301.85 31.53 20260411.0 -1.0 2.110280928271 621.9150125205944 0.047650537820303145 0.012441761545804354 1.5751628535276319 16.0 -1.0 -1.0 -1.0 -1.0 
301.85 31.53 20260411.0 -1.0 2.242431224778 8.707680943382659 2.135172381927103 0.04147253848601452 7.704246945997558 8.0 7.89435319908395 16.0 2.242450136691332 8.804220180320845 
302.22 31.53 20260411.0 -1.0 0.5141946062 46.162105322830065 0.2950169608054908 0.008294507697202903 3.4566371112549628 32.0 -1.0 -1.0 -1.0 -1.0 
302.22 31.53 20260411.0 -1.0 0.011061207030491276 92.44780396647091 0.10452060627280742 0.017971433343939622 0.8312245899373851 32.0 -1.0 -1.0 -1.0 -1.0 
302.22 31.53 20260411.0 -1.0 24.589873950613132 70.4481928621503 0.21278097436626878 0.06635606157762322 0.8369650021220957 2.0 -1.0 -1.0 -1.0 -1.0 
302.22 31.53 20260411.0 -1.0 3.323676354 169.75542613362006 0.01785357418729306 0.012441761545804354 2.2163528065023583 8.0 -1.0 -1.0 -1.0 -1.0 
302.22 31.53 20260411.0 -1.0 0.0011217471065547253 62.105643707421976 0.05373695175425787 0.05391430003181887 0.9904710267583645 1.0 -1.0 -1.0 -1.0 -1.0 
302.22 31.53 20260411.0 -1.0 1.70219494788 0.0 0.5890837159618421 0.012441761545804354 5.442502216212462 32.0 -1.0 -1.0 -1.0 -1.0 
302.22 31.53 20260411.0 -1.0 1.1682667510160731 205.96826913118153 0.059810533707119064 0.21427478217774165 0.5043877609924421 2.0 -1.0 -1.0 -1.0 -1.0 
302.22 31.53 20260411.0 -1.0 0.990599 411.93653826236306 0.5714466585286834 0.017971433343939622 3.9789989379270883 32.0 -1.0 -1.0 -1.0 -1.0 
302.22 31.53 20260411.0 -1.0 0.003490254878959579 74.52677244890637 1.098510166047577 0.13962421290291552 0.9911693706644551 1.0 -1.0 -1.0 -1.0 -1.0 
302.22 31.53 20260411.0 -1.0 377.93812391457 617.9048073935446 4.404173165438359 0.09815167441690102 0.015684060274427522 1.0 -1.0 -1.0 -1.0 -1.0 
306.96 55.07 20260411.0 -1.0 2.232847446178 25.300646923782086 2.5184893228948133 0.015206597444871989 49.507729668755054 32.0 49.66135272034748 32.0 2.232839809342598 25.299483276784038 
306.96 55.07 20260411.0 -1.0 1.6208005921 18.84090728366751 1.5463896414539253 0.016589015394405805 27.914960076956 32.0 28.014981332302778 32.0 1.6208105080295356 18.822815557927324 
306.96 55.07 20260411.0 -1.0 0.942507 58.496531185481984 2.1117011831285426 0.06359122567855559 8.307519469614943 8.0 9.159736942636894 16.0 0.9425396759373447 58.08761360349616 
306.96 55.07 20260411.0 -1.0 0.4423 353.7425201811631 0.13210282079320895 0.024883523091608708 1.6369501779903481 32.0 -1.0 -1.0 -1.0 -1.0 
306.96 55.07 20260411.0 -1.0 6.00117895858 102.386873295816 0.0477164215599067 0.031795612839277794 0.46217649036257297 1.0 -1.0 -1.0 -1.0 -1.0 
306.96 55.07 20260411.0 -1.0 0.9243476491536 0.0 0.03962413512363727 0.022118687192541075 1.4095600163538253 8.0 -1.0 -1.0 -1.0 -1.0 
306.96 55.07 20260411.0 -1.0 0.5915711 119.61284566945488 0.03336201899022504 0.017971433343939622 3.3000745533073657 32.0 -1.0 -1.0 -1.0 -1.0 
306.96 55.07 20260411.0 -1.0 317.594454701573 239.22569133890977 0.03045428199617706 0.009676925646736721 0.8095830853295962 1.0 -1.0 -1.0 -1.0 -1.0 
306.96 55.07 20260411.0 -1.0 0.15324953296634228 358.83853700836465 0.033919781444709265 0.022118687192541075 0.945496004822025 1.0 -1.0 -1.0 -1.0 -1.0 
306.96 55.07 20260411.0 -1.0 1.345841 6.99805127679079 3.0202855496317063 0.009676925646736721 94.71871241155027 32.0 94.71871404644133 32.0 1.3458399431935202 6.982657384392396 
307.1 31.52 20260411.0 -1.0 1.808645 74.33767967360995 2.541209697936575 0.006912089747669086 169.74876579492266 32.0 169.7850372163046 32.0 1.8086514804357043 74.38048083374507 
307.1 31.52 20260411.0 -1.0 0.0016201634239927096 137.9779859307736 0.3422578637740942 0.019353851293473442 2.943119216468932 4.0 -1.0 -1.0 -1.0 -1.0 
307.1 31.52 20260411.0 -1.0 0.12810409868802855 18.947042746078633 0.10195319497075282 0.10921101801317155 2.018008294560772 4.0 -1.0 -1.0 -1.0 -1.0 
307.1 31.52 20260411.0 -1.0 11.647056 105.79520997451563 0.6834133659933387 0.058061553880420315 1.432974567772277 1.0 -1.0 -1.0 -1.0 -1.0 
307.1 31.52 20260411.0 -1.0 34.31188264149 138.9298708534235 0.06043355297779757 0.012441761545804354 0.6078359934322203 1.0 -1.0 -1.0 -1.0 -1.0 
307.1 31.52 20260411.0 -1.0 0.667624 31.004251766310492 0.017523641607693236 0.022118687192541075 0.9227678666126585 1.0 -1.0 -1.0 -1.0 -1.0 
307.1 31.52 20260411.0 -1.0 55.2098804488813 0.0 0.8891906748226452 0.024883523091608708 3.7616908343392748 4.0 -1.0 -1.0 -1.0 -1.0 
307.1 31.52 20260411.0 -1.0 1.092061 302.15547116114874 0.021499741751177023 0.06635606157762322 2.7175461387958437 1.0 -1.0 -1.0 -1.0 -1.0 
307.1 31.52 20260411.0 -1.0 1.492346010566 453.2332067417231 0.0366738441987341 0.04700221028414978 0.6601874428777772 1.0 -1.0 -1.0 -1.0 -1.0 
307.1 31.52 20260411.0 -1.0 0.041935713215245925 151.07773558057437 1.4243455449563132 0.008294507697202903 22.900920932860203 32.0 12.900531316537759 16.0 0.12581343374525508 152.6064831255613 
307.48 31.52 20260411.0 -1.0 0.04993722094168147 58.11000744188911 3.4060673035150404 0.019353851293473442 9.21837025166913 32.0 9.878197577499147 32.0 0.04993125912733377 63.248708191960105 
307.48 31.52 20260411.0 -1.0 247.586036 27.973989915077976 0.038677531266236895 0.004147253848601451 2.8431537051001956 1.0 -1.0 -1.0 -1.0 -1.0 
307.48 31.52 20260411.0 -1.0 49.444461011588196 146.84138554791718 0.017093196386209177 0.009676925646736721 1.93077399498427 2.0 -1.0 -1.0 -1.0 -1.0 
307.48 31.52 20260411.0 -1.0 0.15254689116371892 110.1310391609379 0.27684980657520053 0.026265941041142528 1.3544274530449476 1.0 -1.0 -1.0 -1.0 -1.0 
307.48 31.52 20260411.0 -1.0 4.128977499143 4.809408360794163 0.27589515532706715 0.03456044873834543 1.3939049015970593 1.0 -1.0 -1.0 -1.0 -1.0 
307.48 31.52 20260411.0 -1.0 283.76747691122 120.76468516966628 0.054034765035835014 0.027648358990676344 0.6006025130509325 1.0 -1.0 -1.0 -1.0 -1.0 
307.48 31.52 20260411.0 -1.0 1.212016140399272 0.0 0.07507365301564747 0.006912089747669086 1.7419836583967756 8.0 -1.0 -1.0 -1.0 -1.0 
307.48 31.52 20260411.0 -1.0 245.700246 147.06200061033894 0.28012039783474985 0.06497364362808941 0.9322693876352006 1.0 -1.0 -1.0 -1.0 -1.0 
307.48 31.52 20260411.0 -1.0 179.0363339733193 294.1240012206779 3.252005078366244 0.008294507697202903 19.97343776139215 1.0 19.973437768119844 1.0 179.03609356532496 294.0811936093377 
307.48 31.52 20260411.0 -1.0 0.15045823621542828 441.1860018310168 5.551041030677721 0.04700221028414978 6.799241450015477 4.0 -1.0 -1.0 -1.0 -1.0 
307.52 55.07 20260411.0 -1.0 1.1638841598 131.11946359951693 3.2007409414715378 0.14377146675151697 5.205546981704167 4.0 -1.0 -1.0 -1.0 -1.0 
307.52 55.07 20260411.0 -1.0 2.500948 74.46700337761594 0.027173364496594247 0.05944397182995413 0.8989472087449938 1.0 -1.0 -1.0 -1.0 -1.0 
307.52 55.07 20260411.0 -1.0 0.002174152063187772 78.26596392635018 0.171286593505062 0.04147253848601451 0.5758457858836427 8.0 -1.0 -1.0 -1.0 -1.0 
307.52 55.07 20260411.0 -1.0 0.909755891651 0.0 0.02832338883217754 0.026265941041142528 1.5645495654720216 1.0 -1.0 -1.0 -1.0 -1.0 
307.52 55.07 20260411.0 -1.0 0.87256 245.8628254161406 0.026287057444622463 0.04700221028414978 3.391611680569047 2.0 -1.0 -1.0 -1.0 -1.0 
307.52 55.07 20260411.0 -1.0 5.28836132017 368.7942381242109 0.7272540837450232 0.020736269243007262 5.095079821136654 8.0 -1.0 -1.0 -1.0 -1.0 
307.52 55.07 20260411.0 -1.0 0.43264 48.16934443346529 2.7684980657520066 0.022118687192541075 32.61845925963965 32.0 32.73139371977503 32.0 0.432646629633382 47.66422649346113 
307.52 55.07 20260411.0 -1.0 0.009374622350109461 7.634804209592125 1.3265153236299465 0.024883523091608708 1.3201047718705239 2.0 -1.0 -1.0 -1.0 -1.0 
307.52 55.07 20260411.0 -1.0 6.393872581394 23.051945077270908 1.177896444097934 0.019353851293473442 19.35261413798135 32.0 19.352613643727967 32.0 6.3938690194239225 23.07312874842704 
307.52 55.07 20260411.0 -1.0 0.637841 122.9314127080703 2.4262664552620166 0.019353851293473442 36.786179000632515 32.0 36.964032462839846 32.0 0.6378286343533546 122.95548872517043 
307.85 31.52 20260411.0 -1.0 439.68050153408 34.37938637956014 4.349745488947169 0.04285495643554833 9.61230804460922 1.0 -1.0 -1.0 -1.0 -1.0 
307.85 31.52 20260411.0 -1.0 0.30814881658266796 16.373182763265515 0.01213412322060191 0.012441761545804354 0.1937949940228234 2.0 -1.0 -1.0 -1.0 -1.0 
307.85 31.52 20260411.0 -1.0 4.0906257652 13.751754551824057 0.3511191734215133 0.011059343596270537 8.178197474582236 32.0 8.178197816379447 32.0 4.090634320164099 13.762918902570517 
307.85 31.52 20260411.0 -1.0 1.582779 0.0 0.08836791933922145 0.022118687192541075 0.14833484385809992 1.0 -1.0 -1.0 -1.0 -1.0 
307.85 31.52 20260411.0 -1.0 336.700337 143.23311850384243 0.4034229270117747 0.052531882082285056 1.4715050789071893 1.0 -1.0 -1.0 -1.0 -1.0 
307.85 31.52 20260411.0 -1.0 1.060198 429.6993555115273 0.129393121839287 0.012441761545804356 1.409403574117926 4.0 -1.0 -1.0 -1.0 -1.0 
307.85 31.52 20260411.0 -1.0 0.22544791255638877 7.26264537268208 2.05556537279485 0.0483846282336836 1.9432551698121006 16.0 -1.0 -1.0 -1.0 -1.0 
307.85 31.52 20260411.0 -1.0 0.544366 26.68699867713356 3.562502481404164 0.04147253848601452 21.44221327020887 16.0 21.564074495740627 16.0 0.5443628955011567 27.019848139605354 
307.85 31.52 20260411.0 -1.0 421.940928 50.83851760877456 6.347171864724821 0.011059343596270537 20.080353632238552 1.0 -1.0 -1.0 -1.0 -1.0 
307.85 31.52 20260411.0 -1.0 0.0024054563416671133 286.46623700768487 2.659760207306633 0.02073626924300726 2.6418058106389335 2.0 -1.0 -1.0 -1.0 -1.0 
308.08 55.07 20260411.0 -1.0 1.381215 52.989473766224584 0.023213283406807464 0.04700221028414978 2.0041531056183137 2.0 -1.0 -1.0 -1.0 -1.0 
308.08 55.07 20260411.0 -1.0 3.524849 81.95148557398201 0.7606556908840942 0.04423737438508215 3.911623780219484 8.0 -1.0 -1.0 -1.0 -1.0 
308.08 55.07 20260411.0 -1.0 0.55871244649 74.73945117886548 0.31852998051094983 0.03041319488974398 1.221922237019986 1.0 -1.0 -1.0 -1.0 -1.0 
308.08 55.07 20260411.0 -1.0 0.006401806174508402 82.55881478620235 0.03951478979340599 0.022118687192541075 1.8636071532240277 8.0 -1.0 -1.0 -1.0 -1.0 
308.08 55.07 20260411.0 -1.0 2.962083952554 107.9148093964015 0.2302163762780128 0.023501105142074888 0.91756292869326 32.0 -1.0 -1.0 -1.0 -1.0 
308.08 55.07 20260411.0 -1.0 230.414747 25.12824615561653 0.07533342255189891 0.0483846282336836 1.0608672924688187 1.0 -1.0 -1.0 -1.0 -1.0 
308.08 55.07 20260411.0 -1.0 6.130456 0.0 0.8122523361259273 0.013824179495338172 10.264547562790167 32.0 -1.0 -1.0 -1.0 -1.0 
308.08 55.07 20260411.0 -1.0 2.233596324088 126.5142665206494 0.020134015241583435 0.006912089747669086 1.8567911223956055 32.0 -1.0 -1.0 -1.0 -1.0 
308.08 55.07 20260411.0 -1.0 393.46001048594 379.5427995619482 0.08442919515616988 0.05391430003181887 1.0619616515282049 1.0 -1.0 -1.0 -1.0 -1.0 
308.08 55.07 20260411.0 -1.0 3.5199266493480694 253.0285330412988 4.735518490918652 0.015206597444871992 71.47976079087054 32.0 71.60535975054289 32.0 3.5199263948015873 252.99483276784042 
308.23 31.52 20260411.0 -1.0 0.001132104598920097 18.91274286695277 0.7966913997731381 0.011059343596270537 0.4628852505003094 1.0 -1.0 -1.0 -1.0 -1.0 
308.23 31.52 20260411.0 -1.0 2.185717553667 86.6136675544076 0.07419711837099706 0.02073626924300726 -0.43124498801054517 32.0 -1.0 -1.0 -1.0 -1.0 
308.23 31.52 20260411.0 -1.0 0.004233315846474603 195.52930844528825 0.010539069785079147 0.10091651031596865 0.6738455190210563 8.0 -1.0 -1.0 -1.0 -1.0 
308.23 31.52 20260411.0 -1.0 34.233695350449175 103.05771168430236 1.811447712307352 0.06635606157762322 4.259926903953612 2.0 -1.0 -1.0 -1.0 -1.0 
308.23 31.52 20260411.0 -1.0 0.8699442722 52.26109699297347 3.1264357272238157 0.05391430003181887 11.94706848496008 16.0 12.054368044023121 16.0 0.869961998735865 51.61094588463944 
308.23 31.52 20260411.0 -1.0 3.06493262635 77.61756198716236 2.210214600222975 0.008294507697202903 64.00950953745091 32.0 64.0761563474839 32.0 3.06493651199465 77.61881469317343 
308.23 31.52 20260411.0 -1.0 12.359917476 0.0 4.098842834710968 0.008294507697202903 94.14951500351121 32.0 -1.0 -1.0 -1.0 -1.0 
308.23 31.52 20260411.0 -1.0 7.307001256 139.4605574680389 9.660475420403525 0.016589015394405805 153.21874272466877 32.0 153.2187402476725 32.0 7.3070017000039424 139.45075182163365 
308.23 31.52 20260411.0 -1.0 0.61523110201 278.9211149360778 6.768353736781109 0.056679135930886505 20.483708324066406 16.0 17.11168904002719 32.0 0.20506073875973624 278.9015036432673 
308.23 31.52 20260411.0 -1.0 8.086733093387805 418.38167240411667 1.5463896414539253 0.05391430003181887 1.800226188080925 2.0 -1.0 -1.0 -1.0 -1.0 
308.6 31.52 20260411.0 -1.0 1.717841 89.86975159172779 4.487094298271818 0.038707702586946884 26.65800606721318 16.0 26.784097659437908 16.0 1.717853592708707 89.96496253224404 
308.6 31.52 20260411.0 -1.0 4.961548 75.795732391026 0.065430701748217 0.06082638977948796 1.7272529470793714 2.0 -1.0 -1.0 -1.0 -1.0 
308.6 31.52 20260411.0 -1.0 401.7446020972 37.938660454065754 0.10146134848430603 0.04285495643554833 1.4953196793143082 1.0 -1.0 -1.0 -1.0 -1.0 
308.6 31.52 20260411.0 -1.0 0.009203872381738247 124.50407710302008 0.011184198346697533 0.04423737438508215 0.9715785848529622 2.0 -1.0 -1.0 -1.0 -1.0 
308.6 31.52 20260411.0 -1.0 47.659695194091945 122.17880436551283 0.16569978014778386 0.017971433343939622 1.220457420633327 1.0 -1.0 -1.0 -1.0 -1.0 
308.6 31.52 20260411.0 -1.0 129.5671 55.6433686659631 0.11038353304926375 0.03041319488974398 1.4307730438763056 2.0 -1.0 -1.0 -1.0 -1.0 
308.6 31.52 20260411.0 -1.0 505.05656417562 271.93452751269064 0.03535532595094705 0.13132970520571263 0.6275626953156773 1.0 -1.0 -1.0 -1.0 -1.0 
308.6 31.52 20260411.0 -1.0 0.0019292973139691631 407.901791269036 0.04453124799663493 0.049767046183217416 0.2381337577534341 1.0 -1.0 -1.0 -1.0 -1.0 
308.6 31.52 20260411.0 -1.0 0.816490196029 0.0 1.24139328239447 0.04423737438508215 1.360434371462185 8.0 -1.0 -1.0 -1.0 -1.0 
308.6 31.52 20260411.0 -1.0 13.162177132154847 135.96726375634532 1.2092281559157927 0.04700221028414978 4.661395369620399 8.0 -1.0 -1.0 -1.0 -1.0 
308.98 31.52 20260411.0 -1.0 343.850032475 133.52211837277562 1.4292740593793147 0.012441761545804354 5.69175141219702 1.0 -1.0 -1.0 -1.0 -1.0 
308.98 31.52 20260411.0 -1.0 0.025529235825387523 122.26600890018237 0.488167493501294 0.0884747487701643 0.6805878878794444 1.0 -1.0 -1.0 -1.0 -1.0 
308.98 31.52 20260411.0 -1.0 3.618331919396013 20.046216163204917 0.010977515282983134 0.013824179495338172 1.6338595765293924 32.0 -1.0 -1.0 -1.0 -1.0 
308.98 31.52 20260411.0 -1.0 284.84324670257 111.36786757336066 0.015765936461590455 0.011059343596270537 0.8035901456672705 1.0 -1.0 -1.0 -1.0 -1.0 
308.98 31.52 20260411.0 -1.0 2.32600103163 96.41275392779508 0.872758504433528 0.09400442056829957 1.414721832158187 2.0 -1.0 -1.0 -1.0 -1.0 
308.98 31.52 20260411.0 -1.0 403.19004 0.0 0.10782097887114417 0.13962421290291552 -0.14150135972460431 1.0 -1.0 -1.0 -1.0 -1.0 
308.98 31.52 20260411.0 -1.0 0.0027483727270493745 132.56753665071824 0.15820489688171066 0.016589015394405805 2.7767761032057363 1.0 -1.0 -1.0 -1.0 -1.0 
308.98 31.52 20260411.0 -1.0 91.52813683115231 265.1350733014365 0.04616006658852638 0.06635606157762322 -0.15783004127829886 2.0 -1.0 -1.0 -1.0 -1.0 
308.98 31.52 20260411.0 -1.0 3.04261430719 50.27463736168852 3.156820767645053 0.016589015394405805 60.765107384686814 32.0 60.8337041512245 32.0 3.0426235753111546 50.29537275424667 
308.98 31.52 20260411.0 -1.0 1.5181074830971655 397.7026099521547 2.511539390843636 0.06635606157762322 0.8289028767319162 16.0 -1.0 -1.0 -1.0 -1.0 
309.35 31.52 20260411.0 -1.0 0.95756759282 70.90049228013918 1.58971814765539 0.016589015394405805 12.891385768460626 32.0 13.18369452963858 32.0 0.9575766550066571 71.14214697431672 
309.35 31.52 20260411.0 -1.0 288.761036 40.51456701722238 2.0612535334981046 0.012441761545804356 8.027061778264374 1.0 -1.0 -1.0 -1.0 -1.0 
309.35 31.52 20260411.0 -1.0 0.05016723532396609 77.73053422940272 0.0100138264419705 0.01520659744487199 1.5269871498640997 16.0 -1.0 -1.0 -1.0 -1.0 
309.35 31.52 20260411.0 -1.0 0.733411 0.0 0.01376936433330689 0.03456044873834543 1.4573475838936196 8.0 -1.0 -1.0 -1.0 -1.0 
309.35 31.52 20260411.0 -1.0 11.104095628633846 388.0317582425351 0.5056737237508295 0.013824179495338172 1.7281397610057638 8.0 -1.0 -1.0 -1.0 -1.0 
309.35 31.52 20260411.0 -1.0 4.153195291128487 54.71794970716817 1.210900088208479 0.019353851293473442 16.279940261577494 32.0 16.279941044320445 32.0 4.153207555646077 54.74808181096066 
309.35 31.52 20260411.0 -1.0 276.59755044807 55.106020272467234 1.0568233500032589 0.01520659744487199 3.3528665552145336 1.0 -1.0 -1.0 -1.0 -1.0 
309.35 31.52 20260411.0 -1.0 4.0062614244264 157.86710596365964 6.991726935839042 0.08156265902249521 23.444203246621214 8.0 23.60526842972337 8.0 4.006263528329631 157.86877564713242 
309.35 31.52 20260411.0 -1.0 0.0025653029197927 129.34391941417837 5.948088720445762 0.024883523091608708 2.0870007256055554 1.0 -1.0 -1.0 -1.0 -1.0 
309.35 31.52 20260411.0 -1.0 51.060872944203204 258.68783882835675 1.2243590363412018 0.017971433343939622 5.726466826972118 1.0 -1.0 -1.0 -1.0 -1.0 
309.73 31.52 20260411.0 -1.0 1.5429321319 209.0598562714683 0.015378666956538868 0.06082638977948796 0.31591640184770214 8.0 -1.0 -1.0 -1.0 -1.0 
309.73 31.52 20260411.0 -1.0 1.3595755985905091 49.36661702097195 0.09680517844721673 0.022118687192541075 1.0142565322301418 32.0 -1.0 -1.0 -1.0 -1.0 
309.73 31.52 20260411.0 -1.0 0.617917537 30.612606717532874 0.5585662712153208 0.03317803078881161 2.4823303627401865 16.0 -1.0 -1.0 -1.0 -1.0 
309.73 31.52 20260411.0 -1.0 3.1523501692506883 33.264688982665675 0.4093183418410041 0.05529671798135268 1.1513351020485183 4.0 -1.0 -1.0 -1.0 -1.0 
309.73 31.52 20260411.0 -1.0 3.06858581302 28.756149131939914 0.011316323927026738 0.05667913593088651 1.8377369653404259 8.0 -1.0 -1.0 -1.0 -1.0 
309.73 31.52 20260411.0 -1.0 9.74485168391 0.0 0.6876757952823224 0.02903077694021016 1.6870264640085784 1.0 -1.0 -1.0 -1.0 -1.0 
309.73 31.52 20260411.0 -1.0 1.83400620071 252.5540054196462 0.19170271464057312 0.02073626924300726 1.7626026727206365 4.0 -1.0 -1.0 -1.0 -1.0 
309.73 31.52 20260411.0 -1.0 227.427792 378.8310081294693 0.11161042720880969 0.029030776940210157 1.9742842554649302 1.0 -1.0 -1.0 -1.0 -1.0 
309.73 31.52 20260411.0 -1.0 418.51147259915 6.175562988809231 1.8738174228603848 0.038707702586946884 3.9020948657833556 1.0 -1.0 -1.0 -1.0 -1.0 
309.73 31.52 20260411.0 -1.0 9.5317425528 126.2770027098231 2.541209697936575 0.01382417949533817 34.76946907776307 16.0 34.87889642196054 16.0 9.531747006500762 126.29502051770591 
310.1 31.52 20260411.0 -1.0 12.342028775005748 131.82033164100756 9.821983945518491 0.02073626924300726 102.94621095904331 16.0 103.00337776623083 16.0 12.342025001998993 131.86090683859842 
310.1 31.52 20260411.0 -1.0 0.432591 170.37121167747398 9.801648631536343 0.04009012053648069 51.00491287130969 16.0 37.12126792484373 32.0 0.28840076993219554 170.21492348620302 
310.1 31.52 20260411.0 -1.0 0.6038612447 60.601095489186186 0.7429970658615059 0.019353851293473442 9.077329589482996 32.0 9.077329500123279 32.0 0.6038741654871653 60.617561931174556 
310.1 31.52 20260411.0 -1.0 10.807574 106.18140662635186 0.012405359687028784 0.026265941041142528 2.2348715999654027 2.0 -1.0 -1.0 -1.0 -1.0 
310.1 31.52 20260411.0 -1.0 397.98739631853 29.782589663488938 0.06606660623846375 0.008294507697202903 -0.5852946917979457 1.0 -1.0 -1.0 -1.0 -1.0 
310.1 31.52 20260411.0 -1.0 1.941748 56.60541886352556 0.04524447535090557 0.03732528463741307 2.0802754557473766 8.0 -1.0 -1.0 -1.0 -1.0 
310.1 31.52 20260411.0 -1.0 0.52289775784 0.0 0.1474405226421888 0.006912089747669085 1.1111505840371438 4.0 -1.0 -1.0 -1.0 -1.0 
310.1 31.52 20260411.0 -1.0 0.1875919879429402 123.31102030858214 0.03377947265074539 0.027648358990676344 0.8795441637795107 4.0 -1.0 -1.0 -1.0 -1.0 
310.1 31.52 20260411.0 -1.0 4.269304615242113 246.6220406171643 0.07977929405138741 0.013824179495338172 2.682534182193525 8.0 -1.0 -1.0 -1.0 -1.0 
310.1 31.52 20260411.0 -1.0 38.801408988633 369.9330609257464 0.826973797382897 0.0483846282336836 0.8902850954672336 2.0 -1.0 -1.0 -1.0 -1.0 
310.48 31.52 20260411.0 -1.0 218.39623714185 144.06638952302242 6.471144506371665 0.019353851293473442 30.801431311641743 1.0 30.80143169372839 1.0 218.39611387501162 144.1058567445619 
310.48 31.52 20260411.0 -1.0 3.494251 122.68972966660608 0.07363540989292566 0.029030776940210157 1.9665546982707283 1.0 -1.0 -1.0 -1.0 -1.0 
310.48 31.52 20260411.0 -1.0 0.20365026489 38.55756244829071 0.8315569337971684 0.05253188208228505 2.157867507439993 1.0 -1.0 -1.0 -1.0 -1.0 
310.48 31.52 20260411.0 -1.0 0.56058054107 30.34689952543706 0.02993281866906676 0.027648358990676344 1.6443933295252422 2.0 -1.0 -1.0 -1.0 -1.0 
310.48 31.52 20260411.0 -1.0 1.483305 0.0 0.1482576465104409 0.009676925646736721 1.3798883015134351 32.0 -1.0 -1.0 -1.0 -1.0 
310.48 31.52 20260411.0 -1.0 219.15748227074513 241.1113614261781 0.15293907241759483 0.05391430003181888 1.599288478513052 1.0 -1.0 -1.0 -1.0 -1.0 
310.48 31.52 20260411.0 -1.0 0.29050272617 361.66704213926715 0.08953548686775016 0.06359122567855559 2.0332470142054158 8.0 -1.0 -1.0 -1.0 -1.0 
310.48 31.52 20260411.0 -1.0 0.290249 63.76827635678848 1.2167700767580154 0.013824179495338172 20.58278663909821 32.0 20.587020294661166 32.0 0.29025007582580054 63.147510258852954 
310.48 31.52 20260411.0 -1.0 0.390723195 94.15134620347159 4.251702380677985 0.07879782312342758 3.946297228159993 8.0 -1.0 -1.0 -1.0 -1.0 
310.48 31.52 20260411.0 -1.0 0.13474628696785776 120.55568071308905 1.880301197971938 0.05391430003181887 0.7730663633847515 1.0 -1.0 -1.0 -1.0 -1.0 
310.85 31.52 20260411.0 -1.0 0.0014311075368284582 47.307592735389186 0.331323335776144 0.029030776940210157 2.3648010766796457 1.0 -1.0 -1.0 -1.0 -1.0 
310.85 31.52 20260411.0 -1.0 0.24601771844320988 78.86957681913425 0.05927578139668314 0.016589015394405805 0.8070894410825019 16.0 -1.0 -1.0 -1.0 -1.0 
310.85 31.52 20260411.0 -1.0 244.498778 141.2151104015993 0.6872008822285518 0.03732528463741307 2.746963285012625 1.0 -1.0 -1.0 -1.0 -1.0 
310.85 31.52 20260411.0 -1.0 5.38416 0.0 0.011852429499647234 0.04700221028414978 2.774143210319713 1.0 -1.0 -1.0 -1.0 -1.0 
310.85 31.52 20260411.0 -1.0 0.701967086843 117.93283963130305 0.19477308940258128 0.017971433343939622 2.752788500633951 32.0 -1.0 -1.0 -1.0 -1.0 
310.85 31.52 20260411.0 -1.0 2.88353187692 235.8656792626061 0.2599809307044156 0.006912089747669086 3.621820811436501 32.0 -1.0 -1.0 -1.0 -1.0 
310.85 31.52 20260411.0 -1.0 0.6282163623116122 353.79851889390915 0.5667288709535706 0.006912089747669086 1.5378293397859029 16.0 -1.0 -1.0 -1.0 -1.0 
310.85 31.52 20260411.0 -1.0 0.46869334353 177.44770199549498 1.257795280964715 0.031795612839277794 6.842885898197779 16.0 7.1209275511396415 16.0 0.46869293631364906 177.19758087059543 
310.85 31.52 20260411.0 -1.0 0.0018511302370087712 49.71366327092132 3.6070795108072926 0.07050331542622468 2.9857753203163426 2.0 -1.0 -1.0 -1.0 -1.0 
310.85 31.52 20260411.0 -1.0 0.8701738 84.74321959705094 6.843582835180161 0.009676925646736721 162.04884829812656 32.0 89.14560246941241 32.0 0.5801363537708919 84.90506587688722 
311.23 31.52 20260411.0 -1.0 0.7084996307 85.50168494839721 0.04552666382788993 0.02488352309160871 2.661342948296293 8.0 -1.0 -1.0 -1.0 -1.0 
311.23 31.52 20260411.0 -1.0 4.39434966955 12.813132211788972 0.019653022118751303 0.049767046183217416 1.2566126393754946 4.0 -1.0 -1.0 -1.0 -1.0 
311.23 31.52 20260411.0 -1.0 1.94933571114 91.45805992252615 0.5734239758366275 0.02350110514207489 4.635913098638915 16.0 -1.0 -1.0 -1.0 -1.0 
311.23 31.52 20260411.0 -1.0 0.601316 74.52394735072937 0.4987349310610308 0.022118687192541075 4.520573390217008 32.0 -1.0 -1.0 -1.0 -1.0 
311.23 31.52 20260411.0 -1.0 1.187501460259 45.50393439538029 0.018777050000498473 0.016589015394405805 2.2731140530220166 8.0 -1.0 -1.0 -1.0 -1.0 
311.23 31.52 20260411.0 -1.0 0.003522481650975114 70.99167847072268 0.9903747970956543 0.017971433343939622 1.9697600853413566 2.0 -1.0 -1.0 -1.0 -1.0 
311.23 31.52 20260411.0 -1.0 81.22016464756041 115.4220801672774 0.020120110569165656 0.011059343596270537 1.4009165083636315 1.0 -1.0 -1.0 -1.0 -1.0 
311.23 31.52 20260411.0 -1.0 0.002361643206703525 230.8441603345548 0.01848105130476831 0.02488352309160871 1.1192535915204758 1.0 -1.0 -1.0 -1.0 -1.0 
311.23 31.52 20260411.0 -1.0 2.3202341687 0.0 2.851973688702285 0.03732528463741307 16.361988285549657 16.0 -1.0 -1.0 -1.0 -1.0 
311.23 31.52 20260411.0 -1.0 371.7689452076117 346.2662405018322 3.1502849250035347 0.022118687192541075 1.8030222656675559 1.0 -1.0 -1.0 -1.0 -1.0 
311.6 31.52 20260411.0 -1.0 0.014911777391988974 59.209110807117426 0.2970621259071586 0.04700221028414978 1.4838005516705874 1.0 -1.0 -1.0 -1.0 -1.0 
311.6 31.52 20260411.0 -1.0 0.006490675780325397 51.22355926310274 0.29298587592451875 0.060826389779487955 1.0604571338442548 2.0 -1.0 -1.0 -1.0 -1.0 
311.6 31.52 20260411.0 -1.0 369.00369 57.912311838431286 0.7622338103299054 0.03317803078881161 1.7310607046367508 1.0 -1.0 -1.0 -1.0 -1.0 
311.6 31.52 20260411.0 -1.0 26.322717 114.93734017197204 0.13797931399683 0.016589015394405805 1.9941242656919282 4.0 -1.0 -1.0 -1.0 -1.0 
311.6 31.52 20260411.0 -1.0 2.4822647836094 113.7429200692348 0.5581805219779393 0.05806155388042031 1.8269966307525858 1.0 -1.0 -1.0 -1.0 -1.0 
311.6 31.52 20260411.0 -1.0 1.0422645378409 341.2287602077044 0.8161898301923844 0.02350110514207489 1.1672120746878871 1.0 -1.0 -1.0 -1.0 -1.0 
311.6 31.52 20260411.0 -1.0 0.9770360389 123.60541748897944 4.121558857771903 0.017971433343939622 66.8149334403155 32.0 67.17829341540266 32.0 0.9770398416245978 123.86627012313467 
311.6 31.52 20260411.0 -1.0 1.814689066 14.537798964744683 3.9324161039416032 0.013824179495338172 88.80029865216514 32.0 88.91075985324953 32.0 1.8146844619574647 14.572502367427607 
311.6 31.52 20260411.0 -1.0 6.251847896433319 0.0 6.110526162075236 0.012441761545804354 82.51148407081322 32.0 -1.0 -1.0 -1.0 -1.0 
311.6 31.52 20260411.0 -1.0 2.50941 227.4858401384696 3.3018084541305774 0.012441761545804354 68.04718504460143 32.0 68.46982009705584 32.0 2.5094171481517455 227.39175569173494 
313.68 46.91 20260411.0 -1.0 28.095350456707457 68.38313947746616 0.08965928258909794 0.013824179495338174 2.187272402138861 4.0 -1.0 -1.0 -1.0 -1.0 
313.68 46.91 20260411.0 -1.0 90.74962674671 45.43489209254984 0.02706096218036255 0.012441761545804354 2.3602061280930684 4.0 -1.0 -1.0 -1.0 -1.0 
313.68 46.91 20260411.0 -1.0 415.1186725386373 57.700334660349945 0.7917532577300838 0.026265941041142528 2.2807556775743216 1.0 -1.0 -1.0 -1.0 -1.0 
313.68 46.91 20260411.0 -1.0 0.005111029685053786 56.711186066172516 0.7522940704879538 0.05529671798135269 1.0949065111267022 1.0 -1.0 -1.0 -1.0 -1.0 
313.68 46.91 20260411.0 -1.0 6.698003623527944 63.89899918386182 0.03499084217822146 0.022118687192541075 1.6946957990723224 2.0 -1.0 -1.0 -1.0 -1.0 
313.68 46.91 20260411.0 -1.0 0.0015192094285283468 219.78881762622441 0.038041534397931245 0.07050331542622468 8.339689768939163 1.0 -1.0 -1.0 -1.0 -1.0 
313.68 46.91 20260411.0 -1.0 4.292234700197 439.57763525244883 0.4831348958666346 0.015206597444871992 4.14690844941143 16.0 -1.0 -1.0 -1.0 -1.0 
313.68 46.91 20260411.0 -1.0 59.14986823529731 659.3664528786733 0.2676349054369669 0.030413194889743984 1.2092827978187652 2.0 -1.0 -1.0 -1.0 -1.0 
313.68 46.91 20260411.0 -1.0 13.39141661 48.86394055236492 1.8391894313143862 0.03456044873834543 9.998478720762229 16.0 10.363864153646487 16.0 13.391399988904597 48.878601690746756 
313.68 46.91 20260411.0 -1.0 8.42387236305 0.0 1.680051258366143 0.029030776940210157 10.308503923945418 16.0 -1.0 -1.0 -1.0 -1.0 
314.15 46.91 20260411.0 -1.0 7.58284070577946 43.69385863063866 0.014253298863765182 0.012441761545804354 1.033547918199167 16.0 -1.0 -1.0 -1.0 -1.0 
314.15 46.91 20260411.0 -1.0 2.6781496751 106.30670759619304 0.327454916287773 0.008294507697202903 3.494787020842177 8.0 -1.0 -1.0 -1.0 -1.0 
314.15 46.91 20260411.0 -1.0 0.20565072840629367 166.8603467293756 0.03647171584892765 0.02350110514207489 0.13669090235550563 1.0 -1.0 -1.0 -1.0 -1.0 
314.15 46.91 20260411.0 -1.0 1.3911768846010752 428.95914820594595 0.9462319317574851 0.03732528463741307 4.777309759672155 8.0 -1.0 -1.0 -1.0 -1.0 
314.15 46.91 20260411.0 -1.0 6.393872581394 6.563731340685042 6.001748986257364 0.04147253848601452 35.89912552906112 32.0 35.899126940580224 32.0 6.3938690194239225 6.57786565196385 
314.15 46.91 20260411.0 -1.0 3.038561754699288 136.80875323819998 2.4045737614793823 0.01382417949533817 44.953012028222275 32.0 45.033410767524906 32.0 3.038561165643235 136.8196055608481 
314.15 46.91 20260411.0 -1.0 4.816127011 184.17057938275087 6.312189347811611 0.022118687192541075 61.158375130519076 32.0 61.226728726880495 32.0 4.816138243768364 184.1802382549878 
314.15 46.91 20260411.0 -1.0 6.985276348019 0.0 2.3699406694277463 0.14930113854965227 1.804225397484341 2.0 -1.0 -1.0 -1.0 -1.0 
314.15 46.91 20260411.0 -1.0 0.0011166039495494097 214.47957410297298 1.5571097780848744 0.017971433343939622 10.136004924046516 1.0 -1.0 -1.0 -1.0 -1.0 
314.15 46.91 20260411.0 -1.0 1.64418162098 643.438722308919 1.210900088208479 0.03041319488974398 7.917868811510149 16.0 8.055436115534974 16.0 1.6441845218651 643.7200524944931 
314.62 46.91 20260411.0 -1.0 111.01410225980808 121.7573460309475 1.1168755931121106 0.012441761545804354 5.338379063808191 2.0 -1.0 -1.0 -1.0 -1.0 
314.62 46.91 20260411.0 -1.0 266.8691669720664 115.35236960229528 0.06919648092188231 0.006912089747669086 0.11962553519124183 1.0 -1.0 -1.0 -1.0 -1.0 
314.62 46.91 20260411.0 -1.0 1.180442 47.34659046278206 0.017535751903771574 0.21150994627867403 1.0961194956100735 1.0 -1.0 -1.0 -1.0 -1.0 
314.62 46.91 20260411.0 -1.0 1.721551635017 113.97090409807618 0.12336987392357227 0.11474068981130683 0.9712290240741419 1.0 -1.0 -1.0 -1.0 -1.0 
314.62 46.91 20260411.0 -1.0 135.89180814790512 175.25773737616012 0.07884781792956849 0.008294507697202901 0.7283667074556718 2.0 -1.0 -1.0 -1.0 -1.0 
314.62 46.91 20260411.0 -1.0 2.367893331 0.0 0.07638152038733344 0.011059343596270537 1.4224568840968725 32.0 -1.0 -1.0 -1.0 -1.0 
314.62 46.91 20260411.0 -1.0 61.08356416143403 418.5840477783889 0.6502514182965707 0.017971433343939622 3.212508380626039 8.0 -1.0 -1.0 -1.0 -1.0 
314.62 46.91 20260411.0 -1.0 282.17933788250303 627.8760716675833 0.25412096979365767 0.026265941041142528 1.4306421594092646 1.0 -1.0 -1.0 -1.0 -1.0 
314.62 46.91 20260411.0 -1.0 420.8813326052112 41.94631621901647 1.0789549214908143 0.03732528463741307 1.5931378494663353 1.0 -1.0 -1.0 -1.0 -1.0 
314.62 46.91 20260411.0 -1.0 476.04685844061 209.29202388919444 1.7804306109662422 0.01520659744487199 4.321889427975063 1.0 -1.0 -1.0 -1.0 -1.0 
314.9 38.71 20260411.0 -1.0 12.006371156633714 35.503590331415985 0.34773958013372486 0.06635606157762322 1.410174141751415 4.0 -1.0 -1.0 -1.0 -1.0 
314.9 38.71 20260411.0 -1.0 0.04791397311757815 115.57896282348078 0.32790766992757375 0.04976704618321741 1.4255182087574627 2.0 -1.0 -1.0 -1.0 -1.0 
314.9 38.71 20260411.0 -1.0 7.0467855718245 27.12360948922316 0.01027309182707903 0.031795612839277794 1.5382885873040206 4.0 -1.0 -1.0 -1.0 -1.0 
314.9 38.71 20260411.0 -1.0 0.014111716139277362 168.32831083013417 0.06360340234416482 0.08018024107296139 0.5617113677202928 4.0 -1.0 -1.0 -1.0 -1.0 
314.9 38.71 20260411.0 -1.0 0.046825583003315005 133.91776147813465 0.29747285713170746 0.03456044873834543 1.5364943130922069 2.0 -1.0 -1.0 -1.0 -1.0 
314.9 38.71 20260411.0 -1.0 1.31252674625 0.0 0.029542486429437985 0.02350110514207489 2.333795563961111 16.0 -1.0 -1.0 -1.0 -1.0 
314.9 38.71 20260411.0 -1.0 2.2345477639254 134.9298364590758 0.39053428439073334 0.011059343596270537 3.833159507231669 32.0 -1.0 -1.0 -1.0 -1.0 
314.9 38.71 20260411.0 -1.0 195.72256536982 269.8596729181516 0.19289835889677517 0.008294507697202903 2.9130323968600482 1.0 -1.0 -1.0 -1.0 -1.0 
314.9 38.71 20260411.0 -1.0 1.980198 404.7895093772274 0.057501075471937495 0.013824179495338172 1.1810093610599754 16.0 -1.0 -1.0 -1.0 -1.0 
314.9 38.71 20260411.0 -1.0 270.7466085353006 15.019192717166854 6.089455454099885 0.009676925646736721 23.156332117672797 1.0 22.916102773517338 2.0 135.37307192261022 14.97729409985615 
315.08 46.91 20260411.0 -1.0 59.422316724576454 82.08820239170515 0.06693951605393664 0.04423737438508215 2.293950928413417 1.0 -1.0 -1.0 -1.0 -1.0 
315.08 46.91 20260411.0 -1.0 71.41369635090805 110.20647470349071 0.18699378944626133 0.017971433343939625 1.4347279851684245 1.0 -1.0 -1.0 -1.0 -1.0 
315.08 46.91 20260411.0 -1.0 0.645211 182.73814010034064 0.016118355570743054 0.022118687192541075 1.0914158904529723 1.0 -1.0 -1.0 -1.0 -1.0 
315.08 46.91 20260411.0 -1.0 0.28894775712721427 0.0 0.035748294374042394 0.13962421290291552 0.8282518613320179 2.0 -1.0 -1.0 -1.0 -1.0 
315.08 46.91 20260411.0 -1.0 89.4490289462876 204.17908848623378 0.35453161212421364 0.031795612839277794 0.9550689488860218 1.0 -1.0 -1.0 -1.0 -1.0 
315.08 46.91 20260411.0 -1.0 34.70892607885949 408.35817697246756 0.3708146772746684 0.08156265902249521 1.6473760042387573 8.0 -1.0 -1.0 -1.0 -1.0 
315.08 46.91 20260411.0 -1.0 180.18018 98.0157640497972 5.004606515575023 0.045619792334615966 11.296758347969249 2.0 11.296758270801528 2.0 180.18035916611552 98.06079718081493 
315.08 46.91 20260411.0 -1.0 0.010277080252597666 33.2028400718688 9.587340896247092 0.04285495643554833 2.6679167515470614 4.0 -1.0 -1.0 -1.0 -1.0 
315.08 46.91 20260411.0 -1.0 1.32119257131 185.18853420158558 1.1730240887216132 0.013824179495338172 21.254864872246866 32.0 21.36601937693013 32.0 1.3211926367754738 185.19221758605917 
315.08 46.91 20260411.0 -1.0 0.0010326914663350483 612.5372654587013 8.745692016830853 0.06497364362808941 4.8417776007717706 1.0 -1.0 -1.0 -1.0 -1.0 
315.31 38.71 20260411.0 -1.0 2.955924092735305 38.89142635029984 1.8596317084298621 0.015206597444871989 31.52645093866331 32.0 31.58135007946274 32.0 2.9559184137421353 38.96120424624742 
315.31 38.71 20260411.0 -1.0 0.5783421883420734 72.55508459648605 0.02042824336814625 0.012441761545804354 1.8530506243350038 16.0 -1.0 -1.0 -1.0 -1.0 
315.31 38.71 20260411.0 -1.0 2.721551083248 23.604165076149393 0.026967648836059527 0.02350110514207489 0.9962984561096841 32.0 -1.0 -1.0 -1.0 -1.0 
315.31 38.71 20260411.0 -1.0 280.8855590709462 182.3778190866912 0.0827545305164187 0.026265941041142528 0.18050524556068753 1.0 -1.0 -1.0 -1.0 -1.0 
315.31 38.71 20260411.0 -1.0 0.4430253439574548 68.23821548021041 0.010539069785079147 0.02903077694021016 0.9826563344276185 1.0 -1.0 -1.0 -1.0 -1.0 
315.31 38.71 20260411.0 -1.0 23.811442964548686 0.0 0.045873952083467215 0.022118687192541075 1.4346204180034858 2.0 -1.0 -1.0 -1.0 -1.0 
315.31 38.71 20260411.0 -1.0 2.851188011344 264.002289257738 0.019343214725462583 0.02073626924300726 1.5372439656498125 8.0 -1.0 -1.0 -1.0 -1.0 
315.31 38.71 20260411.0 -1.0 1.4847663170749 396.003433886607 0.0599760414219192 0.006912089747669086 2.790724994844099 8.0 -1.0 -1.0 -1.0 -1.0 
315.31 38.71 20260411.0 -1.0 173.38814681699 69.50555320241978 2.993281866906677 0.07465056927482613 7.059752098416939 1.0 -1.0 -1.0 -1.0 -1.0 
315.31 38.71 20260411.0 -1.0 17.26282301 132.001144628869 7.04019613534041 0.026265941041142528 48.50562380420418 16.0 48.59686594766713 16.0 17.26281576945136 131.96210477170553 
315.72 38.71 20260411.0 -1.0 0.956565374184 45.785814897905986 0.3644652826188609 0.019353851293473442 3.8519444072057336 32.0 -1.0 -1.0 -1.0 -1.0 
315.72 38.71 20260411.0 -1.0 0.817 55.82690385519443 0.04113025633330323 0.006912089747669086 1.427564717764376 8.0 -1.0 -1.0 -1.0 -1.0 
315.72 38.71 20260411.0 -1.0 164.1397912192 47.49163696014804 0.07787340040212334 0.027648358990676344 0.9559108477689208 1.0 -1.0 -1.0 -1.0 -1.0 
315.72 38.71 20260411.0 -1.0 0.08992626475834413 93.62637000714899 0.6867262971526024 0.017971433343939622 3.438584505913661 32.0 -1.0 -1.0 -1.0 -1.0 
315.72 38.71 20260411.0 -1.0 1.496132 258.43204242967084 0.012201371230349731 0.02073626924300726 0.5515483393409528 32.0 -1.0 -1.0 -1.0 -1.0 
315.72 38.71 20260411.0 -1.0 0.1257708024780806 61.68097502334329 7.906600561915514 0.04147253848601452 15.935112934175205 16.0 14.93631629349167 32.0 0.06287640038256845 66.18344825206705 
315.72 38.71 20260411.0 -1.0 1.6189882524532826 213.03391436409262 4.596912599290711 0.06773847952715704 16.81909274308421 16.0 17.092255168863883 32.0 1.6189915186259898 213.0216491905216 
315.72 38.71 20260411.0 -1.0 17.501175782223278 0.0 8.28117207904961 0.15344839239825372 9.922081165838764 4.0 -1.0 -1.0 -1.0 -1.0 
315.72 38.71 20260411.0 -1.0 2.27174930502 129.21602121483542 2.4279432074917167 0.01520659744487199 46.614916395580806 32.0 46.77336877865334 32.0 2.27173586608842 129.22976057781287 
315.72 38.71 20260411.0 -1.0 3.618331919396013 387.6480636445063 3.5160464630911767 0.011059343596270537 2.539023139483639 1.0 -1.0 -1.0 -1.0 -1.0 
316.13 38.71 20260411.0 -1.0 263.852243 14.962627312544257 0.19196777128652961 0.03456044873834543 1.5176790768324078 1.0 -1.0 -1.0 -1.0 -1.0 
316.13 38.71 20260411.0 -1.0 0.854781 95.7000528619582 0.014253298863765182 0.02764835899067634 1.1061985808848669 1.0 -1.0 -1.0 -1.0 -1.0 
316.13 38.71 20260411.0 -1.0 0.861628837956 28.064420263883772 0.06382348256761568 0.016589015394405805 1.748109656158085 16.0 -1.0 -1.0 -1.0 -1.0 
316.13 38.71 20260411.0 -1.0 1.1775198318 21.494535682487435 0.01671946291094495 0.1755670795907948 0.49176329618448406 1.0 -1.0 -1.0 -1.0 -1.0 
316.13 38.71 20260411.0 -1.0 302.632296 66.42039383157336 0.13119334073716654 0.01520659744487199 0.5774760716953253 1.0 -1.0 -1.0 -1.0 -1.0 
316.13 38.71 20260411.0 -1.0 0.07762846674327009 167.09533039389527 0.022209288899663372 0.009676925646736721 1.2106679585666147 8.0 -1.0 -1.0 -1.0 -1.0 
316.13 38.71 20260411.0 -1.0 7.192749594 0.0 0.023699406694277465 0.013824179495338172 1.070266618196777 1.0 -1.0 -1.0 -1.0 -1.0 
316.13 38.71 20260411.0 -1.0 0.07179470857397473 126.57471277337567 0.7414587739333256 0.031795612839277794 1.9526120945378993 8.0 -1.0 -1.0 -1.0 -1.0 
316.13 38.71 20260411.0 -1.0 0.013727929557929869 253.14942554675133 0.215741350665398 0.06497364362808941 1.3792094603290266 1.0 -1.0 -1.0 -1.0 -1.0 
316.13 38.71 20260411.0 -1.0 0.001450974111856316 379.724138320127 0.24583236763656163 0.026265941041142528 2.607415319823761 2.0 -1.0 -1.0 -1.0 -1.0 
336.55 30.67 20260411.0 -1.0 333.858342223344 78.3185506104181 1.1434200953744167 0.045619792334615966 2.423402683415544 1.0 -1.0 -1.0 -1.0 -1.0 
336.55 30.67 20260411.0 -1.0 0.72915 46.04442261161944 0.01342186237317017 0.08294507697202903 0.7212162717296399 8.0 -1.0 -1.0 -1.0 -1.0 
336.55 30.67 20260411.0 -1.0 0.265993420483 111.60823783691231 0.8413806099381734 0.009676925646736721 20.583823910245343 32.0 20.751159504556526 32.0 0.26599688377852243 111.82371608338546 
336.55 30.67 20260411.0 -1.0 3.331072105017001 102.58869486551471 0.13980237566712858 0.056679135930886505 1.4391190871947104 1.0 -1.0 -1.0 -1.0 -1.0 
336.55 30.67 20260411.0 -1.0 134.589502 56.991806828811946 0.026615983231691332 0.05529671798135269 1.5035349583913735 2.0 -1.0 -1.0 -1.0 -1.0 
336.55 30.67 20260411.0 -1.0 0.003791242049773243 57.37048993066452 0.08691483487083679 0.058061553880420315 1.978532333424001 2.0 -1.0 -1.0 -1.0 -1.0 
336.55 30.67 20260411.0 -1.0 2.65684439046 87.56186086927404 1.8738174228603848 0.01520659744487199 43.32175902995479 32.0 43.48614994055412 32.0 2.656846239309137 87.53621213767278 
336.55 30.67 20260411.0 -1.0 0.08788354420717183 0.0 1.9012004253680164 0.12718245135711118 1.837560003113078 16.0 -1.0 -1.0 -1.0 -1.0 
336.55 30.67 20260411.0 -1.0 0.506509 114.74097986132904 5.425920763719493 0.016589015394405805 120.49180005490447 32.0 77.03009040638466 32.0 0.3376650662782292 114.85965407659953 
336.55 30.67 20260411.0 -1.0 5.782023226835916 172.11146979199356 4.490195254208947 0.016589015394405805 63.75851672659473 16.0 64.00111124108284 16.0 5.782021617051214 172.2388821483457 
336.92 30.67 20260411.0 -1.0 0.02957354326608582 97.29105726353207 0.3174316050154982 0.052531882082285056 1.1805187868403244 1.0 -1.0 -1.0 -1.0 -1.0 
336.92 30.67 20260411.0 -1.0 0.0024054563416671133 68.92092329128182 0.04970151613045875 0.02350110514207489 0.9773166977700806 1.0 -1.0 -1.0 -1.0 -1.0 
336.92 30.67 20260411.0 -1.0 0.5141 87.20047217316045 0.46640895118853165 0.06082638977948796 1.3549930715796055 2.0 -1.0 -1.0 -1.0 -1.0 
336.92 30.67 20260411.0 -1.0 9.98 12.831660836482746 0.02275284475377996 0.12165277955897591 0.6305654859129629 4.0 -1.0 -1.0 -1.0 -1.0 
336.92 30.67 20260411.0 -1.0 1.603391 126.3121967254837 0.28856657484299875 0.008294507697202903 5.369624809240805 16.0 -1.0 -1.0 -1.0 -1.0 
336.92 30.67 20260411.0 -1.0 200.37770740535 0.0 0.01644453517634065 0.012441761545804354 0.7720792309698243 1.0 -1.0 -1.0 -1.0 -1.0 
336.92 30.67 20260411.0 -1.0 23.485419354402033 57.100034136177555 0.047551882736628685 0.06082638977948796 0.16006343671528458 2.0 -1.0 -1.0 -1.0 -1.0 
336.92 30.67 20260411.0 -1.0 44.0780820584858 84.44226470363613 1.6673324485776 0.03041319488974398 7.286090746649191 8.0 7.286090746649191 8.0 44.0781150246039 84.39907621135156 
336.92 30.67 20260411.0 -1.0 63.0804754428424 114.20006827235511 1.0715267077965671 0.009676925646736721 9.811286041880075 2.0 -1.0 -1.0 -1.0 -1.0 
336.92 30.67 20260411.0 -1.0 0.02444348491 171.30010240853267 1.5399930181164698 0.022118687192541075 0.5919085987764291 1.0 -1.0 -1.0 -1.0 -1.0 
337.29 30.67 20260411.0 -1.0 1.94933571114 59.232494212534235 8.241221733286439 0.045619792334615966 54.24758635756223 16.0 55.916126243761234 32.0 1.9493199943099173 59.301988800781785 
337.29 30.67 20260411.0 -1.0 2.47500399857 49.118797389029254 0.1530447660565306 0.04285495643554833 1.4972208812817074 1.0 -1.0 -1.0 -1.0 -1.0 
337.29 30.67 20260411.0 -1.0 1.02145 76.45818357465907 0.01918351971853141 0.02350110514207489 2.3879809180905376 4.0 -1.0 -1.0 -1.0 -1.0 
337.29 30.67 20260411.0 -1.0 2.3276183091028506 54.84932375108267 0.18240053280952434 0.029030776940210157 1.2808018112026343 16.0 -1.0 -1.0 -1.0 -1.0 
337.29 30.67 20260411.0 -1.0 0.26205 83.53606583731434 0.024994231268529534 0.008294507697202903 1.6017414940256571 4.0 -1.0 -1.0 -1.0 -1.0 
337.29 30.67 20260411.0 -1.0 9.365805353968 37.64068952694013 0.09481950630791196 0.013824179495338172 0.8538380073362003 4.0 -1.0 -1.0 -1.0 -1.0 
337.29 30.67 20260411.0 -1.0 1.8927830594630395 0.0 0.013375580247040742 0.022118687192541075 1.809735021539077 8.0 -1.0 -1.0 -1.0 -1.0 
337.29 30.67 20260411.0 -1.0 0.01833750883669998 170.53432468503595 0.8195800136894427 0.20321543858147115 0.20313161041582808 1.0 -1.0 -1.0 -1.0 -1.0 
337.29 30.67 20260411.0 -1.0 0.664187 56.84477489501199 7.074324360371825 0.022118687192541075 101.42478091822372 32.0 89.22516071262112 32.0 0.33208683210735523 56.569644606889106 
337.29 30.67 20260411.0 -1.0 0.80517592894 113.68954979002397 2.0245599113661648 0.04147253848601452 15.445794846911983 16.0 15.498775739896388 16.0 0.8052059759696325 113.44288301309962 
337.66 30.67 20260411.0 -1.0 228.41177429224265 12.566816636034671 0.043527515254158364 0.019353851293473442 0.3884941468781349 1.0 -1.0 -1.0 -1.0 -1.0 
337.66 30.67 20260411.0 -1.0 1.2452498914006 15.216037440387925 0.060936637750731146 0.06082638977948796 0.8963878092892635 2.0 -1.0 -1.0 -1.0 -1.0 
337.66 30.67 20260411.0 -1.0 1.217137 5.3154237933498 0.09255430833834606 0.04009012053648069 1.0058082082408217 16.0 -1.0 -1.0 -1.0 -1.0 
337.66 30.67 20260411.0 -1.0 0.54619216715 106.10468965127652 0.14116107970145156 0.03456044873834543 0.6301496648986519 8.0 -1.0 -1.0 -1.0 -1.0 
337.66 30.67 20260411.0 -1.0 9.0712294903 44.01782259540793 0.02465126349886415 0.008294507697202903 1.4811175381819492 8.0 -1.0 -1.0 -1.0 -1.0 
337.66 30.67 20260411.0 -1.0 43.07682614822333 0.0 0.015209614681205482 0.05391430003181887 0.42660618118722476 2.0 -1.0 -1.0 -1.0 -1.0 
337.66 30.67 20260411.0 -1.0 2.18701119405 113.20324283217178 0.5915305755260792 0.022118687192541075 7.884083452824652 16.0 8.535969751361353 16.0 2.1870315928633017 113.34168507999249 
337.66 30.67 20260411.0 -1.0 44.742729 19.784245109432963 4.428581346777548 0.029030776940210157 35.90457179876277 8.0 36.10739544481687 8.0 44.74265248669933 19.733596955891553 
337.66 30.67 20260411.0 -1.0 161.82052783543514 56.60162141608589 1.5689877830407786 0.026265941041142528 6.818057800893839 1.0 -1.0 -1.0 -1.0 -1.0 
337.66 30.67 20260411.0 -1.0 2.3276183091028506 169.80486424825767 1.0524518121172166 0.03041319488974398 9.932268267389984 16.0 9.96365761877634 16.0 2.3276394737573964 170.01252761998873 
346.48 31.48 20260411.0 -1.0 0.724541971 79.83778251874553 2.4822155042462994 0.038707702586946884 19.189998021795056 16.0 19.5211385035493 16.0 0.7245641124124329 79.54157542220902 
346.48 31.48 20260411.0 -1.0 1.191335192834 28.58370172384793 7.353373889555438 0.024883523091608708 113.61870508028049 32.0 94.10307238898648 32.0 0.3971157032841196 28.537817136212393 
346.48 31.48 20260411.0 -1.0 0.10180593789662763 83.0401717301805 0.03247514920706295 0.030413194889743984 0.5939989420587143 1.0 -1.0 -1.0 -1.0 -1.0 
346.48 31.48 20260411.0 -1.0 0.485343 106.69346234137359 0.10648850507038302 0.02350110514207489 0.6949429424415422 2.0 -1.0 -1.0 -1.0 -1.0 
346.48 31.48 20260411.0 -1.0 22.430571354692425 90.88761063939 0.0222399964440811 0.026265941041142528 1.4266265237429858 4.0 -1.0 -1.0 -1.0 -1.0 
346.48 31.48 20260411.0 -1.0 324.22969197632 52.83942198867729 0.01938334576460235 0.016589015394405805 0.3796349733543848 1.0 -1.0 -1.0 -1.0 -1.0 
346.48 31.48 20260411.0 -1.0 475.3568747441 29.772707619182704 6.426593021149961 0.024883523091608708 25.430845775268082 1.0 -1.0 -1.0 -1.0 -1.0 
346.48 31.48 20260411.0 -1.0 4.27150796279 0.0 7.079213307799321 0.02350110514207489 94.89245597888302 32.0 -1.0 -1.0 -1.0 -1.0 
346.48 31.48 20260411.0 -1.0 1.085448552182144 105.67884397735457 3.562502481404164 0.04147253848601452 28.66435229229129 32.0 28.987369555397503 32.0 1.0854516100759308 105.85303803006441 
346.48 31.48 20260411.0 -1.0 0.11578584306059753 158.51826596603186 7.994481079808956 0.02073626924300726 127.17717092996563 32.0 63.95759999969612 32.0 0.15437156738092503 156.55320251673965 
346.85 31.48 20260411.0 -1.0 8.08144403804 9.407373371261345 0.26689634983127075 0.009676925646736721 10.518680437163935 32.0 10.655385806294987 32.0 8.08143643856359 9.411407778963662 
346.85 31.48 20260411.0 -1.0 0.840336 71.79644114100465 0.3119962793393873 0.016589015394405805 5.199094688024381 32.0 -1.0 -1.0 -1.0 -1.0 
346.85 31.48 20260411.0 -1.0 5.03887545888 96.80898681047599 0.318310001784347 0.005529671798135269 9.069489421654382 16.0 9.342111509809126 16.0 5.0388431797424955 96.94761991663644 
346.85 31.48 20260411.0 -1.0 492.0585774431732 9.960748275453188 0.29096877432702456 0.04423737438508215 1.9138606057390803 1.0 -1.0 -1.0 -1.0 -1.0 
346.85 31.48 20260411.0 -1.0 3.31579929822123 20.96500351309671 0.20442360985995736 0.027648358990676344 1.1606490087113066 8.0 -1.0 -1.0 -1.0 -1.0 
346.85 31.48 20260411.0 -1.0 19.99610359912984 52.69710159061187 0.013759855127211713 0.04147253848601452 1.35317464935641 2.0 -1.0 -1.0 -1.0 -1.0 
346.85 31.48 20260411.0 -1.0 2.11404065516 158.0913047718356 0.03345433837248016 0.006912089747669086 2.129848224894226 1.0 -1.0 -1.0 -1.0 -1.0 
346.85 31.48 20260411.0 -1.0 0.6037044172606 62.072853538776535 7.86845723833226 0.017971433343939622 148.73385754831867 32.0 82.88348940469851 32.0 0.4527767790326228 62.034332994674465 
346.85 31.48 20260411.0 -1.0 29.013828660334273 0.0 3.2565014443166245 0.029030776940210157 33.179909174182875 16.0 -1.0 -1.0 -1.0 -1.0 
346.85 31.48 20260411.0 -1.0 1.490957 105.39420318122374 1.0444842371142098 0.09538683851783337 2.781513351101631 8.0 -1.0 -1.0 -1.0 -1.0 
347.23 31.48 20260411.0 -1.0 5.835410715939668 69.9875730236382 0.042341152616601714 0.012441761545804356 2.4771845391176397 32.0 -1.0 -1.0 -1.0 -1.0 
347.23 31.48 20260411.0 -1.0 0.011010491923589116 96.78092285851007 0.25517650453102103 0.04700221028414978 0.769858852429376 4.0 -1.0 -1.0 -1.0 -1.0 
347.23 31.48 20260411.0 -1.0 0.004683690999171267 98.67333132242098 0.04622388953673045 0.07603298722435996 0.31041456470654155 8.0 -1.0 -1.0 -1.0 -1.0 
347.23 31.48 20260411.0 -1.0 0.0276036420178546 56.64609335306635 0.039651518701716425 0.04285495643554833 0.12947292834785595 4.0 -1.0 -1.0 -1.0 -1.0 
347.23 31.48 20260411.0 -1.0 1.9593641212052 0.0 0.484806637187388 0.011059343596270537 8.487357972868054 32.0 -1.0 -1.0 -1.0 -1.0 
347.23 31.48 20260411.0 -1.0 1.46846364391 52.56164508512532 0.3174316050154982 0.07188573337575849 3.187573468745585 4.0 -1.0 -1.0 -1.0 -1.0 
347.23 31.48 20260411.0 -1.0 5.3938234402 157.68493525537596 0.3163370170088322 0.11750552571037445 1.2100740126898888 1.0 -1.0 -1.0 -1.0 -1.0 
347.23 31.48 20260411.0 -1.0 0.43800223922 90.5202048570715 5.459762073728653 0.022118687192541075 60.87860855615314 32.0 53.74354189247741 32.0 0.21900632418692115 91.17933772952968 
347.23 31.48 20260411.0 -1.0 0.0064312933479026765 16.08547194324267 5.358866120566025 0.006912089747669086 6.860549352301301 32.0 -1.0 -1.0 -1.0 -1.0 
347.23 31.48 20260411.0 -1.0 41.90529550804039 105.12329017025064 2.927835381106808 0.04147253848601451 12.199703884722268 2.0 12.199703859909661 2.0 41.90515028312802 105.14465249831446 
355.88 62.5 20260411.0 -1.0 0.8276698646022049 64.89353267336962 3.32010726674951 0.03456044873834543 24.57937358378835 16.0 25.57094085164907 32.0 0.8276704951034238 65.1714689209957 
355.88 62.5 20260411.0 -1.0 1.06863614348 74.12283509802664 0.049735864018264096 0.02350110514207489 2.4176771864963644 32.0 -1.0 -1.0 -1.0 -1.0 
355.88 62.5 20260411.0 -1.0 3.502872 105.51207719855283 0.20913756307675835 0.026265941041142528 2.531205136077826 32.0 -1.0 -1.0 -1.0 -1.0 
355.88 62.5 20260411.0 -1.0 2.833395130464 55.423883831403835 0.31963215660063937 0.013824179495338174 1.6037309206994679 16.0 -1.0 -1.0 -1.0 -1.0 
355.88 62.5 20260411.0 -1.0 1.57088341645 160.21492177803034 0.2808955470273914 0.009676925646736721 3.3173981683678146 32.0 -1.0 -1.0 -1.0 -1.0 
355.88 62.5 20260411.0 -1.0 392.84631985761706 320.4298435560607 0.45088460450988527 0.008294507697202903 1.4109575204093279 1.0 -1.0 -1.0 -1.0 -1.0 
355.88 62.5 20260411.0 -1.0 0.755 480.644765334091 0.7030475489202758 0.019353851293473442 6.53662921311268 32.0 6.53662921311268 32.0 0.7550018684317669 480.38658845957525 
355.88 62.5 20260411.0 -1.0 91.743119 194.34411303587657 9.326033468832199 0.04700221028414978 29.031515149368683 2.0 29.031514511339136 2.0 91.74303462107977 194.3000315657014 
355.88 62.5 20260411.0 -1.0 0.3378130872361059 59.79818862642357 5.616618776607635 0.11474068981130682 2.247718577857791 8.0 -1.0 -1.0 -1.0 -1.0 
355.88 62.5 20260411.0 -1.0 0.854049 0.0 1.5908167753196745 0.017971433343939622 19.89422242738217 32.0 -1.0 -1.0 -1.0 -1.0 
356.57 62.5 20260411.0 -1.0 4.2109 149.11796249029652 0.0575805790002629 0.04423737438508215 2.384429697310237 4.0 -1.0 -1.0 -1.0 -1.0 
356.57 62.5 20260411.0 -1.0 1.480064901357 56.82500360883422 0.015178124883237424 0.07603298722435994 1.7315164851593077 1.0 -1.0 -1.0 -1.0 -1.0 
356.57 62.5 20260411.0 -1.0 16.757231 85.47586532771793 0.5307285946818352 0.01520659744487199 4.913739446406012 16.0 -1.0 -1.0 -1.0 -1.0 
356.57 62.5 20260411.0 -1.0 0.007082883263471601 74.12993339910841 0.09979296123782173 0.017971433343939622 1.756235819124365 16.0 -1.0 -1.0 -1.0 -1.0 
356.57 62.5 20260411.0 -1.0 182.77088751407 0.0 0.010641496346621235 0.026265941041142528 2.1424419958379644 1.0 -1.0 -1.0 -1.0 -1.0 
356.57 62.5 20260411.0 -1.0 4.961548 158.89071898342658 0.02161889455822978 0.10091651031596865 1.9768086398902398 1.0 -1.0 -1.0 -1.0 -1.0 
356.57 62.5 20260411.0 -1.0 83.87537092586331 89.43263990786326 2.16338350152334 0.008294507697202903 22.311323746702623 4.0 22.311324274481613 4.0 83.87529912094276 89.45897286670836 
356.57 62.5 20260411.0 -1.0 0.3569653405190533 42.04668891190586 9.714014331574035 0.030413194889743984 61.381066742780206 32.0 40.18552722290743 32.0 0.23798444696391624 42.70552777121146 
356.57 62.5 20260411.0 -1.0 2.0941529761767272 317.78143796685316 1.711683019500161 0.012441761545804354 30.581592856036913 32.0 30.83259369723294 32.0 2.0941418673222265 317.86270788951464 
356.57 62.5 20260411.0 -1.0 1.3318972453758 476.6721569502797 5.8180369841616315 0.019353851293473442 60.12407079401719 32.0 60.19307015761198 32.0 1.3318943577663354 476.439869068397 
358.67 62.1 20260411.0 -1.0 0.4504 33.23933867994024 3.5797721545813097 0.019353851293473442 57.56059052063076 32.0 57.56059309437483 32.0 0.4504120928080132 33.192922059140656 
358.67 62.1 20260411.0 -1.0 1.2631955534031425 86.94645537055708 0.634278846953517 0.026265941041142528 3.8897649509697545 16.0 -1.0 -1.0 -1.0 -1.0 
358.67 62.1 20260411.0 -1.0 0.082490793464 108.12145335314729 0.0124139328239447 0.01382417949533817 1.3584768942202592 2.0 -1.0 -1.0 -1.0 -1.0 
358.67 62.1 20260411.0 -1.0 0.0020200268535918663 0.0 0.06824697531494842 0.019353851293473442 1.890654681204275 32.0 -1.0 -1.0 -1.0 -1.0 
358.67 62.1 20260411.0 -1.0 0.98937514635 138.6567156698884 0.015315053273857524 0.05944397182995413 0.6310447446223031 16.0 -1.0 -1.0 -1.0 -1.0 
358.67 62.1 20260411.0 -1.0 0.07279135971847846 415.9701470096652 0.043768747250644106 0.020736269243007262 2.6877004673261804 8.0 -1.0 -1.0 -1.0 -1.0 
358.67 62.1 20260411.0 -1.0 3.71948826869585 52.00146852306045 4.254640661191801 0.022118687192541075 60.40343151145763 32.0 60.40343138233545 32.0 3.7194695323705678 52.015737617067984 
358.67 62.1 20260411.0 -1.0 2.2551713364 90.10814465675915 1.1347638459718776 0.045619792334615966 4.4780217296233795 8.0 -1.0 -1.0 -1.0 -1.0 
358.67 62.1 20260411.0 -1.0 0.304647 42.93241241263871 1.3514907615213376 0.035942866687879244 3.4379019005351807 16.0 -1.0 -1.0 -1.0 -1.0 
358.67 62.1 20260411.0 -1.0 332.9448049492 277.3134313397768 2.867779491143187 0.017971433343939622 9.817885947478592 1.0 -1.0 -1.0 -1.0 -1.0 
359.35 62.1 20260411.0 -1.0 27.457150372176773 12.395776644985911 0.35379759426294105 0.029030776940210157 1.715545256928574 1.0 -1.0 -1.0 -1.0 -1.0 
359.35 62.1 20260411.0 -1.0 0.80149644258 92.50398792724015 0.0179401216052578 0.013824179495338172 2.4219422845651826 2.0 -1.0 -1.0 -1.0 -1.0 
359.35 62.1 20260411.0 -1.0 138.41286895587555 32.34207522030526 0.06039181720144513 0.013824179495338172 1.1167968919480842 1.0 -1.0 -1.0 -1.0 -1.0 
359.35 62.1 20260411.0 -1.0 0.3409 95.00736952981059 0.3592158867031383 0.012441761545804354 2.5689848442809957 16.0 -1.0 -1.0 -1.0 -1.0 
359.35 62.1 20260411.0 -1.0 3.3005965165164977 0.0 0.923626850440197 0.04700221028414978 1.2121243126343892 1.0 -1.0 -1.0 -1.0 -1.0 
359.35 62.1 20260411.0 -1.0 0.00439184555143146 269.15389939894493 0.0538856526524763 0.024883523091608704 2.999091220790005 1.0 -1.0 -1.0 -1.0 -1.0 
359.35 62.1 20260411.0 -1.0 0.035541462454479034 403.73084909841737 0.5927578139668314 0.02350110514207489 1.526026752327294 16.0 -1.0 -1.0 -1.0 -1.0 
359.35 62.1 20260411.0 -1.0 0.002361643206703525 109.05860820230276 5.989323039447171 0.02488352309160871 2.680281658064666 1.0 -1.0 -1.0 -1.0 -1.0 
359.35 62.1 20260411.0 -1.0 0.007588344846141157 50.95592874909518 3.222929644301044 0.011059343596270537 2.1794948197611905 32.0 -1.0 -1.0 -1.0 -1.0 
359.35 62.1 20260411.0 -1.0 7.8932829065 134.57694969947246 2.698628572782285 0.024883523091608708 27.355637924064943 32.0 27.355637881553584 32.0 7.893292301256831 134.59325103249108 
37.23 62.92 20260411.0 -1.0 1.00399242379 160.0782658810356 2.6432741830971556 0.02350110514207489 21.939835375209015 32.0 22.680294435752785 32.0 1.0039912012871355 159.99393224238224 
37.23 62.92 20260411.0 -1.0 20.180734777721685 78.64714801981314 0.12405359687028784 0.026265941041142528 2.110180212014546 4.0 -1.0 -1.0 -1.0 -1.0 
37.23 62.92 20260411.0 -1.0 2.50506 71.68722341628987 0.7197567037875809 0.03041319488974398 5.04135359077835 16.0 -1.0 -1.0 -1.0 -1.0 
37.23 62.92 20260411.0 -1.0 303.43334924566 24.22053762026104 0.015304476605653062 0.04147253848601452 1.112628241441638 1.0 -1.0 -1.0 -1.0 -1.0 
37.23 62.92 20260411.0 -1.0 1.9044838568495 28.48929137708866 0.32542524847689175 0.016589015394405805 2.4111738619029803 8.0 -1.0 -1.0 -1.0 -1.0 
37.23 62.92 20260411.0 -1.0 75.81006879664312 85.00387915769775 0.13874400330185555 0.027648358990676344 1.9005713985500372 2.0 -1.0 -1.0 -1.0 -1.0 
37.23 62.92 20260411.0 -1.0 0.14043617478502365 0.0 0.023277519206950665 0.03317803078881161 2.04054244164491 32.0 -1.0 -1.0 -1.0 -1.0 
37.23 62.92 20260411.0 -1.0 0.67533626251 154.64952469028745 0.10722672220103231 0.016589015394405805 1.6317839644746799 16.0 -1.0 -1.0 -1.0 -1.0 
37.23 62.92 20260411.0 -1.0 58.33999486431003 309.2990493805749 0.9707305774660699 0.07879782312342758 1.5973980856272385 8.0 -1.0 -1.0 -1.0 -1.0 
37.23 62.92 20260411.0 -1.0 202.79389369962 463.9485740708624 0.011577275299594283 0.017971433343939622 0.7101178651310255 1.0 -1.0 -1.0 -1.0 -1.0 
37.94 62.93 20260411.0 -1.0 0.017037566463405603 195.3440573338984 2.3325812680793008 0.017971433343939622 4.023237727621137 32.0 -1.0 -1.0 -1.0 -1.0 
37.94 62.93 20260411.0 -1.0 420.189443214863 76.47970405808107 0.042517023806779845 0.052531882082285056 0.5601364875851463 1.0 -1.0 -1.0 -1.0 -1.0 
37.94 62.93 20260411.0 -1.0 0.626629 36.57724976690834 0.016916979860432297 0.01520659744487199 1.3916955374560511 8.0 -1.0 -1.0 -1.0 -1.0 
37.94 62.93 20260411.0 -1.0 184.501845 86.40848376433532 0.25962196589983744 0.02073626924300726 0.9607549287113613 1.0 -1.0 -1.0 -1.0 -1.0 
37.94 62.93 20260411.0 -1.0 100.80135882925015 71.3279787387982 0.09999999999999999 0.06082638977948796 1.5017401804351056 4.0 -1.0 -1.0 -1.0 -1.0 
37.94 62.93 20260411.0 -1.0 0.38111810388 156.09727717427077 0.27992694499771287 0.09400442056829957 1.1432997457119578 1.0 -1.0 -1.0 -1.0 -1.0 
37.94 62.93 20260411.0 -1.0 2.219165 312.19455434854154 0.019276514212614074 0.012441761545804354 2.3283747744722554 2.0 -1.0 -1.0 -1.0 -1.0 
37.94 62.93 20260411.0 -1.0 225.225225 30.020508451457417 9.358303370348239 0.019353851293473442 32.77867733672321 2.0 32.77867858439301 2.0 225.22532769168419 30.05578613281944 
37.94 62.93 20260411.0 -1.0 1.131171 0.0 5.0393002720468125 0.013824179495338172 70.90722791587963 32.0 -1.0 -1.0 -1.0 -1.0 
37.94 62.93 20260411.0 -1.0 1.01236803003 468.29183152281234 1.0962358241973886 0.024883523091608708 9.984923836927155 16.0 10.205816138820973 16.0 1.0123888690335057 468.34403441982613 
38.64 62.93 20260411.0 -1.0 2.09760208735 73.79648666979828 5.123549744161895 0.016589015394405805 90.31604046412676 32.0 90.31603798921805 32.0 2.0975979471889636 73.77329323510226 
38.64 62.93 20260411.0 -1.0 163.0479129097612 78.61855050088056 0.017402997684605615 0.03456044873834543 1.3940891846330705 2.0 -1.0 -1.0 -1.0 -1.0 
38.64 62.93 20260411.0 -1.0 0.1061048642625269 120.40977037026025 0.02840176531656011 0.01382417949533817 1.4484090283097257 1.0 -1.0 -1.0 -1.0 -1.0 
38.64 62.93 20260411.0 -1.0 3.56603038405 60.79582438011569 0.021874291404837504 0.031795612839277794 1.7393949002746971 8.0 -1.0 -1.0 -1.0 -1.0 
38.64 62.93 20260411.0 -1.0 0.77051288025 55.97376054903342 0.0751774531663409 0.02073626924300726 1.6990641307156003 2.0 -1.0 -1.0 -1.0 -1.0 
38.64 62.93 20260411.0 -1.0 1.263379784007 86.04074678989934 0.07507365301564747 0.02073626924300726 2.0178963233627085 4.0 -1.0 -1.0 -1.0 -1.0 
38.64 62.93 20260411.0 -1.0 1.57618 0.0 0.14096617363948857 0.02350110514207489 1.938874944890167 16.0 -1.0 -1.0 -1.0 -1.0 
38.64 62.93 20260411.0 -1.0 0.0010713638166643758 157.56802695095305 0.6611226376675332 0.027648358990676348 8.162354820136713 4.0 -1.0 -1.0 -1.0 -1.0 
38.64 62.93 20260411.0 -1.0 2.75868097559 315.1360539019061 0.5194832598633266 0.017971433343939622 6.396196890065481 32.0 6.6310827070680345 32.0 2.758679329417646 315.33275956183627 
38.64 62.93 20260411.0 -1.0 0.0020107651267710276 472.70408085285914 1.6162958285875357 0.027648358990676344 3.813467187782097 32.0 -1.0 -1.0 -1.0 -1.0 
39.34 62.93 20260411.0 -1.0 9.995906216 50.63455751773721 2.139602187812289 0.05529671798135269 6.377273604998116 4.0 7.086869973580878 16.0 9.995892469305545 50.598966553568076 
39.34 62.93 20260411.0 -1.0 0.7477741603725 80.98665797134782 0.09255430833834606 0.015206597444871989 1.3899759501210898 16.0 -1.0 -1.0 -1.0 -1.0 
39.34 62.93 20260411.0 -1.0 208.68885636 25.341140473061692 0.016410488614265587 0.02073626924300726 1.7871723633196956 1.0 -1.0 -1.0 -1.0 -1.0 
39.34 62.93 20260411.0 -1.0 5.835410715939668 40.42174384309464 0.013721883928644856 0.05114946413275124 1.5836625762121093 16.0 -1.0 -1.0 -1.0 -1.0 
39.34 62.93 20260411.0 -1.0 0.1910721889582764 63.85394718070912 0.1705780684399447 0.012441761545804354 1.6819612853148698 1.0 -1.0 -1.0 -1.0 -1.0 
39.34 62.93 20260411.0 -1.0 369.00369 0.0 0.09128428949429007 0.015206597444871989 0.8277372241349815 1.0 -1.0 -1.0 -1.0 -1.0 
39.34 62.93 20260411.0 -1.0 0.007484446078415906 159.06218681113864 0.20371870326560237 0.07326815132529231 0.7235879338195688 8.0 -1.0 -1.0 -1.0 -1.0 
39.34 62.93 20260411.0 -1.0 0.768795 112.00688642236496 1.766951880380009 0.06773847952715704 5.350444725464661 4.0 -1.0 -1.0 -1.0 -1.0 
39.34 62.93 20260411.0 -1.0 0.696228754897 318.1243736222773 3.664851702063449 0.011059343596270537 94.90160730643287 32.0 68.59191420141154 32.0 1.3924667049044124 318.1663016888361 
39.34 62.93 20260411.0 -1.0 1.7345254332831368 477.18656043341593 5.927578139668314 0.02350110514207489 56.45151362983473 32.0 56.45151374036628 32.0 1.7345276622412107 477.14825460014697 
40.04 62.93 20260411.0 -1.0 2.1507181757 52.32225314402461 3.9733783034277192 0.03041319488974398 25.57223385990198 32.0 25.675871631907278 32.0 2.1507124377725026 52.31933141638939 
40.04 62.93 20260411.0 -1.0 88.02908501431 58.77822176400554 0.0723245813789989 0.026265941041142528 1.326009369581 1.0 -1.0 -1.0 -1.0 -1.0 
40.04 62.93 20260411.0 -1.0 2.1926352236003432 37.145909000039566 0.020064587839707698 0.020736269243007262 2.6848948592045456 16.0 -1.0 -1.0 -1.0 -1.0 
40.04 62.93 20260411.0 -1.0 3.57769 2.649837866410086 0.04011994565168601 0.019353851293473442 0.5633616167409994 1.0 -1.0 -1.0 -1.0 -1.0 
40.04 62.93 20260411.0 -1.0 1.15426885859 72.70191528023308 0.010337164802047136 0.10091651031596865 1.558574107435883 1.0 -1.0 -1.0 -1.0 -1.0 
40.04 62.93 20260411.0 -1.0 163.132137 0.0 0.03619560712055739 0.038707702586946884 0.1724759601396057 2.0 -1.0 -1.0 -1.0 -1.0 
40.04 62.93 20260411.0 -1.0 0.003933216923694143 160.5801747044512 0.2867779491143187 0.027648358990676344 2.1390288859332376 1.0 -1.0 -1.0 -1.0 -1.0 
40.04 62.93 20260411.0 -1.0 0.2684643077937752 321.1603494089024 0.31963215660063937 0.09815167441690101 1.1820381417321983 1.0 -1.0 -1.0 -1.0 -1.0 
40.04 62.93 20260411.0 -1.0 167.15383952386 481.7405241133536 0.030707801519487737 0.013824179495338174 1.1091302499031674 2.0 -1.0 -1.0 -1.0 -1.0 
40.04 62.93 20260411.0 -1.0 0.17190722018585744 40.32571443973167 8.607826194980724 0.02073626924300726 78.23693500275004 32.0 41.312296374035455 16.0 0.687638627520452 39.973183577318785 
40.75 62.93 20260411.0 -1.0 0.15324953296634228 106.94125698694856 0.18391894313143864 0.03041319488974398 0.28502353133459724 32.0 -1.0 -1.0 -1.0 -1.0 
40.75 62.93 20260411.0 -1.0 108.99208433293131 96.53746954251692 0.3315523078005519 0.0566791359308865 1.7924103790347214 2.0 -1.0 -1.0 -1.0 -1.0 
40.75 62.93 20260411.0 -1.0 4.10854528747 47.03479719063982 0.06891025045779399 0.01520659744487199 2.4745827718487363 1.0 -1.0 -1.0 -1.0 -1.0 
40.75 62.93 20260411.0 -1.0 14.832641066111385 37.79236276326101 0.40960121491162294 0.005529671798135269 9.480150419921742 32.0 9.480150288433656 32.0 14.832645926314097 37.746829048961786 
40.75 62.93 20260411.0 -1.0 1.223496304466 55.50299627331674 0.22193951030734785 0.02211868719254108 2.2469474924679558 2.0 -1.0 -1.0 -1.0 -1.0 
40.75 62.93 20260411.0 -1.0 0.06579187581699811 161.28290024321248 0.22487190214671762 0.04423737438508215 1.5551467377633976 1.0 -1.0 -1.0 -1.0 -1.0 
40.75 62.93 20260411.0 -1.0 0.6196148942401905 322.56580048642496 0.06929215503468523 0.027648358990676344 1.361395508588732 32.0 -1.0 -1.0 -1.0 -1.0 
40.75 62.93 20260411.0 -1.0 29.55209235202888 483.8487007296374 0.034654048222462125 0.022118687192541075 1.2806688297073554 16.0 -1.0 -1.0 -1.0 -1.0 
40.75 62.93 20260411.0 -1.0 37.63830424257 99.77958004845608 2.7323960847671813 0.031795612839277794 16.553972010995295 8.0 16.55397281273665 8.0 37.63828620625039 99.78116204363624 
40.75 62.93 20260411.0 -1.0 1.594136028705 0.0 7.928479707773798 0.030413194889743977 49.447190427370316 32.0 -1.0 -1.0 -1.0 -1.0 
41.45 62.93 20260411.0 -1.0 3.502872 36.42068870841124 0.034486868843098234 0.006912089747669085 1.5631493169771333 1.0 -1.0 -1.0 -1.0 -1.0 
41.45 62.93 20260411.0 -1.0 0.0019204515777620488 220.26767585884886 0.04555812654498708 0.013824179495338172 1.2217994687892246 1.0 -1.0 -1.0 -1.0 -1.0 
41.45 62.93 20260411.0 -1.0 0.59078737729 255.62286569547146 0.14018923681492565 0.052531882082285056 1.621318329895472 1.0 -1.0 -1.0 -1.0 -1.0 
41.45 62.93 20260411.0 -1.0 8.12398115970187 71.6790150112349 0.017164195889213082 0.019353851293473442 1.6876339001457819 1.0 -1.0 -1.0 -1.0 -1.0 
41.45 62.93 20260411.0 -1.0 0.15521 0.0 0.0266343770932281 0.019353851293473442 1.0892527948906292 4.0 -1.0 -1.0 -1.0 -1.0 
41.45 62.93 20260411.0 -1.0 0.15466454073272803 161.42307907597697 0.8972124462202657 0.012441761545804354 10.369202770625387 32.0 10.581447286255992 32.0 0.15467473228151601 160.90471364034647 
41.45 62.93 20260411.0 -1.0 4.5887792577 322.84615815195394 0.03169933160465627 0.052531882082285056 2.1276720247346224 1.0 -1.0 -1.0 -1.0 -1.0 
41.45 62.93 20260411.0 -1.0 60.524717788002484 484.2692372279309 0.03474994290813669 0.03732528463741307 2.4803683934047993 4.0 -1.0 -1.0 -1.0 -1.0 
41.45 62.93 20260411.0 -1.0 0.806384981978 35.4036216035221 1.2209803394249756 0.008294507697202903 22.320830873610248 32.0 22.689719793643047 32.0 0.8063883190819373 35.31807865439052 
41.45 62.93 20260411.0 -1.0 2.7717375205464316 52.64533061973806 3.846435957016196 0.019353851293473442 63.24330665323255 32.0 63.2433066050087 32.0 2.7717457366331173 52.6229252157108 
61.45 55.09 20260411.0 -1.0 0.012407876981456373 100.01620752246775 2.258059458990518 0.030413194889743977 1.5872934427632837 32.0 -1.0 -1.0 -1.0 -1.0 
61.45 55.09 20260411.0 -1.0 445.49383 54.8826969912236 8.241221733286439 0.024883523091608708 16.911194520933634 1.0 -1.0 -1.0 -1.0 -1.0 
61.45 55.09 20260411.0 -1.0 6.06185918633 7.529505614180557 0.2781918703923254 0.09400442056829957 0.3675975716853322 1.0 -1.0 -1.0 -1.0 -1.0 
61.45 55.09 20260411.0 -1.0 0.99550771827 145.71551905362142 0.2933909711456834 0.017971433343939622 2.1187903533252697 32.0 -1.0 -1.0 -1.0 -1.0 
61.45 55.09 20260411.0 -1.0 2.46256179008 55.31792852961554 0.025605946519140704 0.027648358990676344 1.650243992436555 2.0 -1.0 -1.0 -1.0 -1.0 
61.45 55.09 20260411.0 -1.0 0.25247957713 0.0 0.4358769832053653 0.045619792334615966 0.4999557104190351 2.0 -1.0 -1.0 -1.0 -1.0 
61.45 55.09 20260411.0 -1.0 1.066741330241 145.06267174603352 0.25962196589983744 0.038707702586946884 1.4131903000571837 2.0 -1.0 -1.0 -1.0 -1.0 
61.45 55.09 20260411.0 -1.0 0.006520572293428611 435.18801523810055 0.4278220124780198 0.035942866687879244 0.5102767561033043 8.0 -1.0 -1.0 -1.0 -1.0 
61.45 55.09 20260411.0 -1.0 0.7834238655625 83.86911744812679 8.29262199356948 0.06497364362808941 25.798173138077264 16.0 26.526495839523832 32.0 0.7834387361072005 83.79188861270873 
61.45 55.09 20260411.0 -1.0 0.8612280952 290.12534349206703 3.637106982091575 0.017971433343939622 37.947541894561 32.0 32.83869026630265 32.0 0.43061542479942244 290.3368700843736 
62.01 55.09 20260411.0 -1.0 272.081088484952 42.038911373106615 0.028012039783474982 0.08985716671969811 0.8744632798511192 1.0 -1.0 -1.0 -1.0 -1.0 
62.01 55.09 20260411.0 -1.0 1.77753964687 99.54041083747083 0.1935658249813658 0.03456044873834543 1.518788964341318 2.0 -1.0 -1.0 -1.0 -1.0 
62.01 55.09 20260411.0 -1.0 0.6428183049785062 10.67445711981704 0.010879367828068812 0.03041319488974398 1.82874764026129 1.0 -1.0 -1.0 -1.0 -1.0 
62.01 55.09 20260411.0 -1.0 18.24019226356873 7.423799396086747 0.7103708771708728 0.013824179495338172 10.7008814729238 16.0 10.700881981335508 16.0 18.24021940895667 7.38744911682094 
62.01 55.09 20260411.0 -1.0 0.0035713805940681227 20.514285905162787 0.2879691301783835 0.026265941041142528 1.9702131951725876 1.0 -1.0 -1.0 -1.0 -1.0 
62.01 55.09 20260411.0 -1.0 0.469903 0.0 0.23277519206950664 0.026265941041142528 1.8499693890790878 1.0 -1.0 -1.0 -1.0 -1.0 
62.01 55.09 20260411.0 -1.0 208.23191713844 292.8227619781909 0.6369134321932862 0.049767046183217416 1.2000974629644432 2.0 -1.0 -1.0 -1.0 -1.0 
62.01 55.09 20260411.0 -1.0 348.60365221773014 206.94389914180277 4.997696479538971 0.06912089747669085 10.686496077991828 1.0 -1.0 -1.0 -1.0 -1.0 
62.01 55.09 20260411.0 -1.0 0.368991 146.41138098909545 5.336699231206312 0.019353851293473442 77.22018182838774 32.0 53.74402335499343 32.0 0.122994000169759 146.73700300534742 
62.01 55.09 20260411.0 -1.0 1.2367878759 439.23414296728635 7.972419798951426 0.02488352309160871 81.96143356018537 32.0 82.5032485877663 32.0 1.236791528450946 439.30022761807805 
62.57 55.09 20260411.0 -1.0 1.5677366427738217 45.75729005866675 0.22737131501898614 0.01520659744487199 2.3267825858714595 32.0 -1.0 -1.0 -1.0 -1.0 
62.57 55.09 20260411.0 -1.0 0.646438269959 41.14609028531273 0.02871744609815035 0.016589015394405805 1.812130365306053 1.0 -1.0 -1.0 -1.0 -1.0 
62.57 55.09 20260411.0 -1.0 223.221059721 228.91946567141125 0.021190080826200126 0.049767046183217416 1.1065567207112474 2.0 -1.0 -1.0 -1.0 -1.0 
62.57 55.09 20260411.0 -1.0 31.953380185111737 60.52199702527142 0.6597538575420258 0.019353851293473442 5.1566625392940955 8.0 -1.0 -1.0 -1.0 -1.0 
62.57 55.09 20260411.0 -1.0 0.1497683923753354 124.41371696184001 0.3148109319224993 0.02211868719254107 0.6746398355793519 32.0 -1.0 -1.0 -1.0 -1.0 
62.57 55.09 20260411.0 -1.0 1.154327 0.0 0.023617684881065484 0.04423737438508215 1.0871788059817329 8.0 -1.0 -1.0 -1.0 -1.0 
62.57 55.09 20260411.0 -1.0 1.68446199761 147.78008504412426 0.12050584178812834 0.03317803078881161 2.6282765881573695 16.0 -1.0 -1.0 -1.0 -1.0 
62.57 55.09 20260411.0 -1.0 210.27813554742468 295.5601700882485 0.1272654363956735 0.03456044873834543 2.8811129723059734 1.0 -1.0 -1.0 -1.0 -1.0 
62.57 55.09 20260411.0 -1.0 0.03489410799439263 443.3402551323728 0.1205891213629961 0.008294507697202903 0.6614030357041946 1.0 -1.0 -1.0 -1.0 -1.0 
62.57 55.09 20260411.0 -1.0 396.47361047857265 33.56421373489411 1.7499446100091354 0.022118687192541075 5.725430418159303 1.0 -1.0 -1.0 -1.0 -1.0 
9.31 54.25 20260411.0 -1.0 0.03040031973084901 29.511551231553184 6.047531759704807 0.03732528463741307 2.9656912364723906 8.0 -1.0 -1.0 -1.0 -1.0 
9.31 54.25 20260411.0 -1.0 3.0700804245 59.835920611433046 0.3899950599841681 0.05391430003181887 2.017261522996988 16.0 -1.0 -1.0 -1.0 -1.0 
9.31 54.25 20260411.0 -1.0 0.7277375593361884 79.78122748191073 0.15571097780848736 0.008294507697202903 5.818645822109913 32.0 6.492464247032659 32.0 0.7277473438686382 79.2379816228876 
9.31 54.25 20260411.0 -1.0 0.39494226583578124 0.0 0.8016603408645061 0.07465056927482613 2.1662931512958905 1.0 -1.0 -1.0 -1.0 -1.0 
9.31 54.25 20260411.0 -1.0 0.28090382915 104.19703416818514 0.10693082321643356 0.027648358990676344 2.31614619756111 16.0 -1.0 -1.0 -1.0 -1.0 
9.31 54.25 20260411.0 -1.0 1.3245665582545 208.39406833637028 0.24770763559917114 0.005529671798135269 5.125973241559332 32.0 -1.0 -1.0 -1.0 -1.0 
9.31 54.25 20260411.0 -1.0 1.591581479875 312.5911025045554 0.021470056302420146 0.011059343596270537 1.3148006952470208 1.0 -1.0 -1.0 -1.0 -1.0 
9.31 54.25 20260411.0 -1.0 309.3797151921 114.88871904232835 1.3864818585597134 0.009676925646736723 -inf 1.0 -1.0 -1.0 -1.0 -1.0 
9.31 54.25 20260411.0 -1.0 1.1359305256125 47.23723931236956 1.8622029174201729 0.006912089747669085 51.41994822341637 32.0 51.57056340781482 32.0 1.1359285660243283 47.25943476103258 
9.31 54.25 20260411.0 -1.0 0.98911728333 60.21106744912228 3.5946413480369928 0.02073626924300726 50.66289006254785 32.0 50.814680497886165 32.0 0.9891058046681186 60.21277019874601 
9.86 54.25 20260411.0 -1.0 0.001013881958215303 41.32844187143435 0.4313834568975226 0.038707702586946884 2.2740245904223637 2.0 -1.0 -1.0 -1.0 -1.0 
9.86 54.25 20260411.0 -1.0 4.855561908974691 50.76958366052147 0.031633701700883206 0.029030776940210157 1.1173921130564417 4.0 -1.0 -1.0 -1.0 -1.0 
9.86 54.25 20260411.0 -1.0 0.05399492486453078 17.006560043918522 0.044500494448059626 0.01520659744487199 0.7982265401910313 16.0 -1.0 -1.0 -1.0 -1.0 
9.86 54.25 20260411.0 -1.0 0.021048167235117047 40.51562833992354 0.736862980950253 0.13962421290291552 1.4053896692602226 2.0 -1.0 -1.0 -1.0 -1.0 
9.86 54.25 20260411.0 -1.0 336.74002 83.8761040401349 0.012708971653659945 0.04700221028414978 0.9785615246969093 1.0 -1.0 -1.0 -1.0 -1.0 
9.86 54.25 20260411.0 -1.0 94.37951293046 0.0 0.1125395386653212 0.016589015394405805 0.6865629461628199 1.0 -1.0 -1.0 -1.0 -1.0 
9.86 54.25 20260411.0 -1.0 2.37463069425 312.58932698371564 0.1652425210272258 0.06082638977948796 1.873226305936668 1.0 -1.0 -1.0 -1.0 -1.0 
9.86 54.25 20260411.0 -1.0 0.006199146970031602 10.691624145257599 3.8278798341664553 0.022118687192541075 1.7815617514337536 32.0 -1.0 -1.0 -1.0 -1.0 
9.86 54.25 20260411.0 -1.0 5.571420718074 104.19644232790522 9.096951715625334 0.06359122567855559 52.957170261892884 16.0 52.95716832166957 16.0 5.571443277100722 104.23387110035024 
9.86 54.25 20260411.0 -1.0 2.049644 208.39288465581043 4.248766129358422 0.052531882082285056 23.60052334453732 16.0 23.6005228059432 16.0 2.049637259915471 208.36654426759335 
92.94 22.37 20260411.0 -1.0 86.481636914861 52.81108811994974 3.8757774883603764 0.011059343596270537 29.791492812026 4.0 32.10376638112255 16.0 28.827222801434498 52.82532108192507 
92.94 22.37 20260411.0 -1.0 28.61657456791737 19.878330921554117 6.824697531494841 0.21427478217774165 7.983012398218758 2.0 7.983012446734709 2.0 28.616341296583418 19.834794888998687 
92.94 22.37 20260411.0 -1.0 0.45787517546 31.322146164239854 0.013283494223444606 0.019353851293473442 2.0579213522869573 32.0 -1.0 -1.0 -1.0 -1.0 
92.94 22.37 20260411.0 -1.0 0.022758459260747876 27.634694586041114 0.0147950695714271 0.027648358990676344 1.4728206381103224 16.0 -1.0 -1.0 -1.0 -1.0 
92.94 22.37 20260411.0 -1.0 0.71602537668 20.090253426048296 0.017271248479812762 0.013824179495338172 0.8662577293585715 1.0 -1.0 -1.0 -1.0 -1.0 
92.94 22.37 20260411.0 -1.0 0.04534324580941472 141.2675414958206 0.013375580247040742 0.031795612839277794 0.4769490703586079 1.0 -1.0 -1.0 -1.0 -1.0 
92.94 22.37 20260411.0 -1.0 0.0026009143477348545 423.8026244874618 0.01775517399043698 0.012441761545804356 8.737457336885802 1.0 -1.0 -1.0 -1.0 -1.0 
92.94 22.37 20260411.0 -1.0 0.85782319432 70.31588699116904 4.612818816800296 0.03732528463741307 31.181400651872202 32.0 31.28588162030596 32.0 0.857835402712226 70.23136557635247 
92.94 22.37 20260411.0 -1.0 1.342493 0.0 8.083338374683194 0.02350110514207489 53.8407970054534 32.0 10.458654638959795 8.0 3.0206138035282497 1.214375197285634 
92.94 22.37 20260411.0 -1.0 127.582438285 282.5350829916412 2.28947535848214 0.016589015394405805 13.400480149900522 1.0 13.400480057332585 1.0 127.58246157318355 282.54462923512415 
93.29 22.37 20260411.0 -1.0 313.63792463001255 219.55122539823367 0.030370241460997222 0.08156265902249521 0.7537144346871789 1.0 -1.0 -1.0 -1.0 -1.0 
93.29 22.37 20260411.0 -1.0 2.3236006177 54.32545302720648 0.2875715210835205 0.09123958466923193 2.2998587104529973 1.0 -1.0 -1.0 -1.0 -1.0 
93.29 22.37 20260411.0 -1.0 1.30177050713 22.621458174610197 0.1714049668094262 0.009676925646736721 2.014244663973468 16.0 -1.0 -1.0 -1.0 -1.0 
93.29 22.37 20260411.0 -1.0 301.376187797791 42.18710961644003 0.5209207739914885 0.02350110514207489 1.1302973945199217 1.0 -1.0 -1.0 -1.0 -1.0 
93.29 22.37 20260411.0 -1.0 0.3153112714669291 0.0 0.47061662687629635 0.023501105142074895 0.9546868970851687 2.0 -1.0 -1.0 -1.0 -1.0 
93.29 22.37 20260411.0 -1.0 0.038784255769052374 424.3751600148731 0.02946096205232792 0.015206597444871989 0.8899756216212158 1.0 -1.0 -1.0 -1.0 -1.0 
93.29 22.37 20260411.0 -1.0 1.3628723398 54.83475414933654 2.365033973601404 0.05114946413275124 11.337959613617342 16.0 11.50595248839563 32.0 1.362877810606733 54.444488011639244 
93.29 22.37 20260411.0 -1.0 87.412587 113.57415023500354 2.7838412414827753 0.008294507697202903 21.844044895077918 2.0 21.844044537504423 2.0 87.4123846491178 113.54408094620675 
93.29 22.37 20260411.0 -1.0 409.836066 141.45838667162437 1.291252279214872 0.026265941041142528 3.789244057273796 1.0 -1.0 -1.0 -1.0 -1.0 
93.29 22.37 20260411.0 -1.0 1.678134 282.91677334324874 2.3085343105725826 0.019353851293473442 41.10408036221913 32.0 41.49878790789878 32.0 1.6781389907312891 282.84822303444554 
93.63 22.37 20260411.0 -1.0 2.93069668519 81.6188406522172 0.26986285727822834 0.026265941041142528 2.6791301984317926 1.0 -1.0 -1.0 -1.0 -1.0 
93.63 22.37 20260411.0 -1.0 0.685994 25.95997482483327 0.014048008504410793 0.013824179495338172 1.6148446934633063 4.0 -1.0 -1.0 -1.0 -1.0 
93.63 22.37 20260411.0 -1.0 2.095742100981 76.69026932704428 0.1817715676010566 0.03041319488974398 0.5895477905555883 1.0 -1.0 -1.0 -1.0 -1.0 
93.63 22.37 20260411.0 -1.0 2.6255980205 75.84051565029033 0.09554281212853748 0.016589015394405805 1.0369555821229035 16.0 -1.0 -1.0 -1.0 -1.0 
93.63 22.37 20260411.0 -1.0 2.1985729853089 0.0 0.919806278374626 0.13132970520571263 1.7069640077566737 1.0 -1.0 -1.0 -1.0 -1.0 
93.63 22.37 20260411.0 -1.0 0.9810738063844591 141.6114502310463 0.02523714389928635 0.026265941041142528 0.8921599563060767 32.0 -1.0 -1.0 -1.0 -1.0 
93.63 22.37 20260411.0 -1.0 1.259573 424.8343506931389 0.04732248113273927 0.06082638977948797 3.0195997443872367 16.0 -1.0 -1.0 -1.0 -1.0 
93.63 22.37 20260411.0 -1.0 478.67640071882687 43.464900565964705 6.364735759337738 0.08985716671969811 2.4888133025388894 1.0 -1.0 -1.0 -1.0 -1.0 
93.63 22.37 20260411.0 -1.0 6.00117895858 125.97598257877355 1.5624976827451327 0.04700221028414978 5.444782986873338 8.0 -1.0 -1.0 -1.0 -1.0 
93.63 22.37 20260411.0 -1.0 0.961936 283.2229004620926 1.37788801110556 0.016589015394405805 18.276493486806338 32.0 18.89300140888668 32.0 0.9619422295751672 283.4554106330884 
93.98 22.37 20260411.0 -1.0 455.23717843241 38.76095936543914 0.020986121998688465 0.029030776940210154 1.344642799259848 1.0 -1.0 -1.0 -1.0 -1.0 
93.98 22.37 20260411.0 -1.0 0.6577596477986581 86.02212911803599 0.13542946764557168 0.14377146675151697 0.9272935501020438 2.0 -1.0 -1.0 -1.0 -1.0 
93.98 22.37 20260411.0 -1.0 11.206623716315912 42.2460456241738 0.04158741212350101 0.016589015394405805 0.2674115272674329 1.0 -1.0 -1.0 -1.0 -1.0 
93.98 22.37 20260411.0 -1.0 1.9764535636 0.0 0.061998222435278395 0.024883523091608708 1.3722558356110552 4.0 -1.0 -1.0 -1.0 -1.0 
93.98 22.37 20260411.0 -1.0 4.89941319293 141.6560061019832 0.038225945459997517 0.03041319488974398 1.0317678017730318 16.0 -1.0 -1.0 -1.0 -1.0 
93.98 22.37 20260411.0 -1.0 3.9666544557642265 283.3120122039664 0.5547207448246047 0.029030776940210157 1.8789809844599397 16.0 -1.0 -1.0 -1.0 -1.0 
93.98 22.37 20260411.0 -1.0 2.09803725694 424.96801830594956 0.026034039182959767 0.013824179495338172 1.3431540290962785 1.0 -1.0 -1.0 -1.0 -1.0 
93.98 22.37 20260411.0 -1.0 41.90529550804039 72.2942893427763 3.2029529200852935 0.015206597444871992 20.405461300754045 8.0 20.405461928371345 8.0 41.90527154908826 72.2553242384952 
93.98 22.37 20260411.0 -1.0 339.3156871298895 37.230921495750756 1.8139522999750333 0.058061553880420315 2.9118434248108134 1.0 -1.0 -1.0 -1.0 -1.0 
93.98 22.37 20260411.0 -1.0 1.9074109781353 70.84925357695948 8.667498783590988 0.017971433343939622 117.62547989952141 32.0 117.62547810622256 32.0 1.9074226050482443 70.83855317499531 
94.32 22.37 20260411.0 -1.0 332.78628361061 78.52613786972736 0.18699378944626133 0.013824179495338174 -inf 1.0 -1.0 -1.0 -1.0 -1.0 
94.32 22.37 20260411.0 -1.0 2.528092724179 21.381509176846347 0.36320851007038935 0.011059343596270537 2.3545423706804147 16.0 -1.0 -1.0 -1.0 -1.0 
94.32 22.37 20260411.0 -1.0 0.1611955102003513 135.2889538987361 0.07994481079808956 0.030413194889743984 1.7632836079215524 16.0 -1.0 -1.0 -1.0 -1.0 
94.32 22.37 20260411.0 -1.0 0.5231683062382 131.5132508893327 0.9554281212853751 0.04009012053648069 1.4493368836350728 2.0 -1.0 -1.0 -1.0 -1.0 
94.32 22.37 20260411.0 -1.0 0.003522481650975114 71.01715548023965 0.8530865588540776 0.026265941041142528 0.9375320295744028 32.0 -1.0 -1.0 -1.0 -1.0 
94.32 22.37 20260411.0 -1.0 13.84463506737783 141.39795652069222 0.44716216121055213 0.02073626924300726 2.492870139362834 8.0 -1.0 -1.0 -1.0 -1.0 
94.32 22.37 20260411.0 -1.0 0.014111716139277362 282.79591304138444 0.03501502376491989 0.02350110514207489 1.2334711303771395 2.0 -1.0 -1.0 -1.0 -1.0 
94.32 22.37 20260411.0 -1.0 312.1999096979769 424.19386956207666 0.9217145848418996 0.03732528463741307 1.0084859398280261 1.0 -1.0 -1.0 -1.0 -1.0 
94.32 22.37 20260411.0 -1.0 0.003257768112634486 133.3374669500557 1.0423217498785418 0.017971433343939622 1.04267329093679 1.0 -1.0 -1.0 -1.0 -1.0 
94.32 22.37 20260411.0 -1.0 14.8661645038 0.0 9.475402338469934 0.006912089747669086 140.43444937922354 32.0 -1.0 -1.0 -1.0 -1.0 
