10.41 54.25 20260414.0 -1.0 50.59372299870052 0.0 2.4583236763656173 0.030413194889743977 13.09022421258588 8.0 -1.0 -1.0 -1.0 -1.0 
10.41 54.25 20260414.0 -1.0 0.821824599075 83.4836393211254 3.4273108462333615 0.049767046183217416 22.145962680715392 16.0 22.209863521582335 16.0 0.8218194125220181 83.18470101406592 
104.53 14.24 20260414.0 -1.0 4.37505274487 261.4220233099482 0.5722367659350219 0.12718245135711118 0.9028786232412636 8.0 -1.0 -1.0 -1.0 -1.0 
104.53 14.24 20260414.0 -1.0 207.892963 73.57386284770998 0.9944884875250298 0.0483846282336836 2.4368506159842074 2.0 -1.0 -1.0 -1.0 -1.0 
104.53 14.24 20260414.0 -1.0 0.2102255216 68.87765883615401 0.019912689095578334 0.03732528463741307 0.4491091283748542 16.0 -1.0 -1.0 -1.0 -1.0 
104.53 14.24 20260414.0 -1.0 0.0012699350581559167 41.93039296032103 0.8595941066946327 0.030413194889743977 0.8624892175766325 1.0 -1.0 -1.0 -1.0 -1.0 
104.53 14.24 20260414.0 -1.0 0.3553286714507606 39.13503342963296 0.6570247931400152 0.017971433343939622 6.528297531944948 32.0 6.926599279501189 32.0 0.35533957998268306 38.45521458071173 
104.53 14.24 20260414.0 -1.0 114.00514689571 119.75320229467687 0.7760487235144514 0.15621322829732134 1.4166174928057391 4.0 -1.0 -1.0 -1.0 -1.0 
104.53 14.24 20260414.0 -1.0 0.004705264412182069 83.78624299982371 0.01775517399043698 0.01520659744487199 0.8018080642333459 1.0 -1.0 -1.0 -1.0 -1.0 
104.53 14.24 20260414.0 -1.0 0.6730482796171792 29.63081102529353 0.28559169535731094 0.027648358990676344 1.8766396702594574 1.0 -1.0 -1.0 -1.0 -1.0 
104.53 14.24 20260414.0 -1.0 2.833395130464 45.58299608042011 0.039569424688211494 0.016589015394405805 -0.3341736617098027 1.0 -1.0 -1.0 -1.0 -1.0 
104.53 14.24 20260414.0 -1.0 1.22508021431 41.93039296032103 0.14990550498703553 0.024883523091608708 0.9179301732502647 32.0 -1.0 -1.0 -1.0 -1.0 
104.53 14.24 20260414.0 -1.0 13.87699831012 53.23961894733333 0.7507365301564752 0.009676925646736721 16.885480428024188 16.0 16.885480628662233 16.0 13.877009526671221 53.23011281435362 
104.53 14.24 20260414.0 -1.0 290.697674 106.47923789466665 0.6731049870725823 0.0483846282336836 2.8096395518664563 1.0 -1.0 -1.0 -1.0 -1.0 
104.53 14.24 20260414.0 -1.0 0.525735 159.71885684199998 0.07197567037875806 0.031795612839277794 3.051576537270204 1.0 -1.0 -1.0 -1.0 -1.0 
104.53 14.24 20260414.0 -1.0 243.902439 212.9584757893333 0.46032684938204665 0.06220880772902177 1.3548464919486047 1.0 -1.0 -1.0 -1.0 -1.0 
104.53 14.24 20260414.0 -1.0 0.001013881958215303 319.43771368399996 0.11561290148859557 0.02350110514207489 8.778014708288255 2.0 -1.0 -1.0 -1.0 -1.0 
104.53 14.24 20260414.0 -1.0 0.021048167235117047 29.109010579565087 1.296615715520493 0.12718245135711118 0.14291824343509785 1.0 -1.0 -1.0 -1.0 -1.0 
104.53 14.24 20260414.0 -1.0 30.153936 73.49931992689162 2.9829602405143465 0.01520659744487199 36.37455199294332 16.0 36.37455338057078 16.0 30.15393303940073 73.46969943578085 
104.53 14.24 20260414.0 -1.0 9.043798163 0.0 7.502180669786825 0.08156265902249521 21.8246497071831 8.0 -1.0 -1.0 -1.0 -1.0 
104.53 14.24 20260414.0 -1.0 280.145788 84.04714322268794 2.903663561783327 0.00967692564673672 20.465520564192225 1.0 20.274448944474507 2.0 140.07285547753176 84.09548241203015 
104.53 14.24 20260414.0 -1.0 0.3039296774992331 66.60409975119438 4.55896110054426 0.06220880772902178 13.15574492118117 16.0 13.312588722578596 16.0 0.3039531293325126 67.39782344935269 
104.53 14.24 20260414.0 -1.0 2.00325886 266.19809473666663 1.4204149725036725 0.011059343596270537 30.010297036302855 32.0 30.33414148336192 32.0 2.0032530301250517 266.35295993798235 
104.53 14.24 20260414.0 -1.0 0.59787312095 372.6773326313333 2.113160544551766 0.031795612839277794 22.91246143207432 16.0 24.207355160789035 32.0 0.597871500455464 372.50959176736814 
104.53 14.24 20260414.0 -1.0 0.6258 27.17089463828803 2.795404400304641 0.08018024107296139 5.32683067940759 8.0 -1.0 -1.0 -1.0 -1.0 
104.53 14.24 20260414.0 -1.0 1.656619194687437 134.28907185425481 3.8650820329757907 0.022118687192541075 67.26624437321068 32.0 67.26624287290768 32.0 1.6566142827893298 134.28965723316966 
104.53 14.24 20260414.0 -1.0 0.418165652037 39.99227701904397 1.8881113493056803 0.04009012053648069 10.797511437177725 16.0 11.085933779626169 16.0 0.41812503089507425 42.19953810567578 
104.53 14.24 20260414.0 -1.0 55.493896 1.0063294310477047 2.084164015267733 0.04423737438508215 13.33257777536881 8.0 13.332577808655854 8.0 55.49384998933723 1.0119793310713614 
104.53 14.24 20260414.0 -1.0 298.121588082968 39.2291929085614 1.2277470827878691 0.03041319488974398 3.7102153684129116 1.0 -1.0 -1.0 -1.0 -1.0 
104.53 14.24 20260414.0 -1.0 0.32412631050293017 58.8437893628421 6.824697531494841 0.01382417949533817 180.9106488182536 32.0 67.15286410761672 16.0 0.756275161014249 59.09959293456752 
104.53 14.24 20260414.0 -1.0 0.59262128589 78.4583858171228 1.4501607341826344 0.03732528463741307 9.939980075577498 16.0 9.965172030384679 16.0 0.59262674767524 78.32720022492339 
104.53 14.24 20260414.0 -1.0 0.569085283487 156.9167716342456 2.7704113285326057 0.017971433343939625 31.44897737141242 32.0 31.85882256824316 32.0 0.5690708348993212 157.0591921822753 
104.53 14.24 20260414.0 -1.0 5.3890932493 176.5313680885263 6.144391049998397 0.030413194889743977 73.13641843043945 16.0 74.14983233779597 16.0 5.389059272905191 176.5903932719526 
104.53 14.24 20260414.0 -1.0 1.9546609131310237 21.691989958139413 3.3686256039694866 0.03732528463741307 24.396122310804543 16.0 24.913416293784334 32.0 1.9546556965603183 21.55515975182 
104.53 14.24 20260414.0 -1.0 1.8244604519282162 235.3751574513684 6.726401367068844 0.07603298722435994 30.696018554710776 8.0 30.908176253849675 8.0 1.8244463717564943 235.58878827341294 
104.53 14.24 20260414.0 -1.0 58.60871301938856 254.9897539056491 4.781541800948389 0.02903077694021016 16.792777025598408 1.0 16.871336033140032 1.0 58.608323646088444 254.91759349687598 
104.53 14.24 20260414.0 -1.0 0.7310895701613709 274.6043503599298 7.873894997730062 0.02350110514207489 106.09398394317616 32.0 79.26039903367626 32.0 0.4873982106801123 274.4487945865532 
104.53 14.24 20260414.0 -1.0 0.6658 353.0627361770526 5.939875985383376 0.06082638977948796 24.41385567937143 32.0 24.974715916276253 32.0 0.6658107546779017 353.1807865439052 
104.53 14.24 20260414.0 -1.0 3.326895 69.95853118802006 6.0266782730654365 0.03041319488974398 66.12020416912898 16.0 73.04431038281692 32.0 3.3269013025953127 69.82657384392395 
104.53 14.24 20260414.0 -1.0 2.41322434741 66.34319952833016 1.8002197938065532 0.15621322829732134 2.793823279685098 2.0 -1.0 -1.0 -1.0 -1.0 
104.86 14.24 20260414.0 -1.0 471.698113 68.11893974675695 0.6123203566945892 0.027648358990676344 2.6518050145889243 1.0 -1.0 -1.0 -1.0 -1.0 
104.86 14.24 20260414.0 -1.0 4.975619 56.51951074432653 0.02366668409085583 0.031795612839277794 -0.3137892231427791 8.0 -1.0 -1.0 -1.0 -1.0 
104.86 14.24 20260414.0 -1.0 0.43415985705 88.58417435614054 0.03225156957156781 0.05529671798135269 2.1556966160377256 16.0 -1.0 -1.0 -1.0 -1.0 
104.86 14.24 20260414.0 -1.0 0.19195228101558848 132.98708410429774 0.013589808011601761 0.07188573337575849 0.6081245818958709 8.0 -1.0 -1.0 -1.0 -1.0 
104.86 14.24 20260414.0 -1.0 7.444726362361596 8.27475189982297 0.3245272167306019 0.026265941041142528 3.1226804040921836 16.0 -1.0 -1.0 -1.0 -1.0 
104.86 14.24 20260414.0 -1.0 3.535085 69.67045572797375 0.05220015194759635 0.009676925646736721 1.6419601959613666 4.0 -1.0 -1.0 -1.0 -1.0 
104.86 14.24 20260414.0 -1.0 0.3387604641 107.31318870082913 0.02836255000138714 0.02903077694021016 1.3418761289701742 32.0 -1.0 -1.0 -1.0 -1.0 
104.86 14.24 20260414.0 -1.0 0.8511150531782 52.76737515709813 0.09009391709551401 0.02073626924300726 0.5077255677132877 16.0 -1.0 -1.0 -1.0 -1.0 
104.86 14.24 20260414.0 -1.0 1.3235647032 158.3021254712944 0.26250761980901427 0.016589015394405805 2.2872351466381406 4.0 -1.0 -1.0 -1.0 -1.0 
104.86 14.24 20260414.0 -1.0 1.951877 211.06950062839252 0.918536269531778 0.08709233082063048 1.943178193722727 2.0 -1.0 -1.0 -1.0 -1.0 
104.86 14.24 20260414.0 -1.0 1.841566778822 369.3716260996869 0.6876757952823224 0.03041319488974398 3.9056269033482924 8.0 -1.0 -1.0 -1.0 -1.0 
104.86 14.24 20260414.0 -1.0 1.1629103036586828 58.66208043267355 2.826474843853248 0.027648358990676348 37.94556104054786 32.0 37.945559768325 32.0 1.1629102421769253 58.69480120213896 
104.86 14.24 20260414.0 -1.0 0.30673596894934135 67.0107140458878 1.100789226436182 0.10782860006363774 0.9166638668837143 2.0 -1.0 -1.0 -1.0 -1.0 
104.86 14.24 20260414.0 -1.0 6.67806213863 0.0 1.9396741271167337 0.016589015394405805 34.55142986297401 32.0 -1.0 -1.0 -1.0 -1.0 
104.86 14.24 20260414.0 -1.0 0.378514 135.16659464934037 2.3503747546094362 0.02073626924300726 40.00464277869681 32.0 40.24028855472528 32.0 0.37850137838783365 134.99804276491963 
104.86 14.24 20260414.0 -1.0 2.16584913228 105.53475031419626 6.435478712697456 0.01520659744487199 151.62359424927274 32.0 151.62359611343558 32.0 2.1658403663119925 105.549444230743 
104.86 14.24 20260414.0 -1.0 165.58180215354596 138.60209432203473 1.556034428676274 0.08709233082063048 2.7910649080362893 1.0 -1.0 -1.0 -1.0 -1.0 
104.86 14.24 20260414.0 -1.0 4.288969335171291 263.83687578549063 1.5410572815741164 0.015206597444871989 27.72708801652368 16.0 27.87446013863922 16.0 4.288934481640657 263.92420954341105 
104.86 14.24 20260414.0 -1.0 7.8932829065 316.6042509425888 1.669637776112179 0.017971433343939622 22.42744279336456 16.0 22.42744318104004 16.0 7.893261984766772 316.6483326922291 
104.86 14.24 20260414.0 -1.0 72.73856113471182 64.9789669276277 1.911736987624171 0.03456044873834543 8.552339679503495 2.0 8.552339712441153 2.0 72.7387183966736 64.96907305478142 
104.86 14.24 20260414.0 -1.0 0.965804 206.277743788444 7.906600561915514 0.027648358990676344 116.21526491946454 16.0 81.0264887215995 32.0 0.24144052683065337 206.24138767234348 
104.86 14.24 20260414.0 -1.0 1.75744734512 36.793093268855706 2.50980490658528 0.029030776940210157 30.72596290450038 16.0 31.778170481438647 32.0 1.7574469287258885 36.83604765099756 
104.86 14.24 20260414.0 -1.0 0.0189369888895036 41.96481320624506 5.336699231206312 0.031795612839277794 1.3691526340921065 16.0 -1.0 -1.0 -1.0 -1.0 
104.86 14.24 20260414.0 -1.0 7.175998726134717 72.58878340692917 1.1852429499647235 0.05529671798135269 4.33998109192651 4.0 -1.0 -1.0 -1.0 -1.0 
104.86 14.24 20260414.0 -1.0 0.04725794036410242 101.21794734604882 6.647866174025409 0.03456044873834543 21.752329806641466 32.0 11.866678051593452 8.0 0.1890536320085327 100.59074550849334 
104.86 14.24 20260414.0 -1.0 3.43218 112.66961292169668 2.668963498312709 0.07188573337575849 11.638118708330568 8.0 11.639695521145878 8.0 3.4321904725705585 112.83569541445681 
104.86 14.24 20260414.0 -1.0 1.333618 103.39745789109148 4.222430950316118 0.009676925646736721 144.09542036656012 32.0 102.39655083187988 16.0 2.667244795399408 103.42428763549314 
105.19 14.24 20260414.0 -1.0 4.80266684174 94.43285264669615 7.262499384819735 0.12580003340757737 19.56292517024525 8.0 19.660035217051686 8.0 4.802738355162243 94.3164736558509 
105.19 14.24 20260414.0 -1.0 1.713037 33.76001944174248 9.065583023636844 0.005529671798135269 427.7500821073544 32.0 427.7500707790369 32.0 1.7130332707893106 33.80010965778348 
105.19 14.24 20260414.0 -1.0 1.55206115637 38.04409999996793 0.11803402058496168 0.019353851293473442 1.2920445905912665 32.0 -1.0 -1.0 -1.0 -1.0 
105.19 14.24 20260414.0 -1.0 0.00545066611565636 302.2656838303516 0.20669574344802213 0.026265941041142528 0.9230652688805677 32.0 -1.0 -1.0 -1.0 -1.0 
105.19 14.24 20260414.0 -1.0 5.519419001073 86.56039692004254 0.7093900431442742 0.029030776940210154 5.6431907808469175 16.0 -1.0 -1.0 -1.0 -1.0 
105.19 14.24 20260414.0 -1.0 363.61166596073 45.989787872916 0.062428016710644345 0.03732528463741307 0.002771133217481025 1.0 -1.0 -1.0 -1.0 -1.0 
105.19 14.24 20260414.0 -1.0 6.08182071422559 177.6611869103411 0.3176509766967629 0.027648358990676344 2.822223775348438 8.0 -1.0 -1.0 -1.0 -1.0 
105.19 14.24 20260414.0 -1.0 0.0010422266761125902 137.23704215580346 0.32972495312000377 0.022118687192541075 1.9299453941190503 1.0 -1.0 -1.0 -1.0 -1.0 
105.19 14.24 20260414.0 -1.0 0.762068243394 68.76498537049063 0.02295810794920963 0.04285495643554833 0.542521069455776 8.0 -1.0 -1.0 -1.0 -1.0 
105.19 14.24 20260414.0 -1.0 21.324877969630563 47.491046871952264 0.019612332745026013 0.013824179495338172 1.5454628659592358 4.0 -1.0 -1.0 -1.0 -1.0 
105.19 14.24 20260414.0 -1.0 5.9656054404 104.60689011403255 0.029994919779695 0.07879782312342758 1.1262658279694766 2.0 -1.0 -1.0 -1.0 -1.0 
105.19 14.24 20260414.0 -1.0 0.6886922726434971 156.9103351710488 0.826973797382897 0.019353851293473442 12.333187029156113 32.0 12.390351373460623 32.0 0.6886997046725204 157.26158804848959 
105.19 14.24 20260414.0 -1.0 14.29723648860406 209.2137802280651 0.01392240847145434 0.04285495643554833 1.62935684794162 4.0 -1.0 -1.0 -1.0 -1.0 
105.19 14.24 20260414.0 -1.0 0.723 366.1241153991139 0.03373283214612849 0.016589015394405805 0.9061460883123624 2.0 -1.0 -1.0 -1.0 -1.0 
105.19 14.24 20260414.0 -1.0 25.161428515495537 0.0 7.172747925877025 0.02073626924300726 118.15323061012386 16.0 -1.0 -1.0 -1.0 -1.0 
105.19 14.24 20260414.0 -1.0 0.0017278259805078627 52.303445057016276 7.2174841460961225 0.07326815132529231 5.389778590990979 2.0 -1.0 -1.0 -1.0 -1.0 
105.19 14.24 20260414.0 -1.0 1.2080409765316 261.5172252850814 2.378141128096148 0.02350110514207489 34.776126070902365 32.0 34.92417607468244 32.0 1.2080514958749216 261.3942612157327 
105.19 14.24 20260414.0 -1.0 0.582564 313.8206703420976 1.776744429467855 0.011059343596270537 55.048035419118754 32.0 55.599518695021686 32.0 0.5825616729756197 314.1183843645506 
105.19 14.24 20260414.0 -1.0 0.2028349816662017 45.696859287738185 2.8737292245580672 0.02073626924300726 42.488693511926556 32.0 36.01057534807722 32.0 0.10140865924768151 46.55104922928263 
105.19 14.24 20260414.0 -1.0 9.718629858858844 62.35717256972607 3.14593521593293 0.05114946413275123 22.199596199471955 16.0 22.199596615706557 16.0 9.718617851225039 62.33792679399587 
105.52 14.25 20260414.0 -1.0 4.4538744 144.1526933964233 4.011994565168601 0.024883523091608708 59.79477144929546 32.0 59.933654933686014 32.0 4.453856187562148 144.1058567445619 
105.52 14.25 20260414.0 -1.0 365.953363096 0.03632880377934055 3.954209780475346 0.12165277955897592 5.013908992784758 1.0 -1.0 -1.0 -1.0 -1.0 
105.52 14.25 20260414.0 -1.0 2.01580589294 115.05332156917152 1.410635930080207 0.03041319488974398 10.532070698261006 16.0 10.555543060536042 32.0 2.015804057009518 115.06204994281381 
105.52 14.25 20260414.0 -1.0 48.5438764505726 24.812572981289595 0.19558211260887143 0.01520659744487199 1.0619670625631694 8.0 -1.0 -1.0 -1.0 -1.0 
105.52 14.25 20260414.0 -1.0 0.08951395712157724 114.07244386712932 0.8721557721439986 0.02764835899067634 1.6109959662571187 1.0 -1.0 -1.0 -1.0 -1.0 
105.52 14.25 20260414.0 -1.0 420.189443214863 39.743711334598565 0.5307285946818352 0.053914300031818865 1.18183758382464 1.0 -1.0 -1.0 -1.0 -1.0 
105.52 14.25 20260414.0 -1.0 2.064893576538 41.45116511222757 0.011657533191718465 0.05944397182995413 0.6515835199879869 8.0 -1.0 -1.0 -1.0 -1.0 
105.52 14.25 20260414.0 -1.0 0.45750849207501276 40.97889066309614 0.04181789195669733 0.07603298722435994 0.9695390443067294 16.0 -1.0 -1.0 -1.0 -1.0 
105.52 14.25 20260414.0 -1.0 32.846688858644185 4.032497219506801 0.39487500641135964 0.04147253848601452 1.3384875693470588 4.0 -1.0 -1.0 -1.0 -1.0 
105.52 14.25 20260414.0 -1.0 36.65016488379 81.99411012997162 0.6592982275469446 0.12165277955897592 1.4231968946156532 8.0 -1.0 -1.0 -1.0 -1.0 
105.52 14.25 20260414.0 -1.0 0.850363364 0.0 0.025412096979365754 0.14930113854965227 -0.24770434589682747 4.0 -1.0 -1.0 -1.0 -1.0 
105.52 14.25 20260414.0 -1.0 217.8248734478 51.89310128423231 0.15571097780848736 0.006912089747669085 0.47755746730790494 1.0 -1.0 -1.0 -1.0 -1.0 
105.52 14.25 20260414.0 -1.0 1.30035460953 103.78620256846462 0.05903058779446038 0.058061553880420315 1.3753202045908766 1.0 -1.0 -1.0 -1.0 -1.0 
105.52 14.25 20260414.0 -1.0 0.19236888 207.57240513692923 0.1276176053238766 0.02626594104114253 1.063417880630102 32.0 -1.0 -1.0 -1.0 -1.0 
105.52 14.25 20260414.0 -1.0 1.82745452277 259.46550642116154 0.05307285946818349 0.03041319488974398 1.949522896908663 2.0 -1.0 -1.0 -1.0 -1.0 
105.52 14.25 20260414.0 -1.0 1.136494208396223 34.65767880549088 1.9844024884705491 0.006912089747669087 48.1700384705536 32.0 48.38858446054265 32.0 1.1365045793354511 34.7108910557477 
105.52 14.25 20260414.0 -1.0 0.3586095482011829 155.67930385269693 4.450049444805962 0.013824179495338172 128.2329909900291 32.0 72.39928851949242 32.0 0.268967899804314 155.84481698498968 
105.52 14.25 20260414.0 -1.0 1.476820564106904 311.35860770539387 2.1440411841405274 0.026265941041142528 17.26624731346198 16.0 17.345386402262196 16.0 1.4768374967388809 311.28484223755083 
105.52 14.25 20260414.0 -1.0 1.791229613092596 363.25170898962614 1.938334576460236 0.1354769590543141 4.081724454773417 2.0 -1.0 -1.0 -1.0 -1.0 
105.52 14.25 20260414.0 -1.0 76.8624610039773 58.16241485072422 9.842361448831262 0.03041319488974398 56.97334550396911 4.0 56.97334682534015 4.0 76.8624886404723 58.188811536603296 
105.52 14.25 20260414.0 -1.0 0.0013235601945406888 76.98073520842263 6.895787318111595 0.04009012053648069 9.522253735684872 2.0 -1.0 -1.0 -1.0 -1.0 
105.52 14.25 20260414.0 -1.0 0.77556728669 19.118510999454006 1.6185305906356484 0.026265941041142528 14.347111979580882 32.0 14.558198687023864 32.0 0.775556448691835 18.62041969171305 
105.52 14.25 20260414.0 -1.0 0.34885669240502387 38.23702199890801 8.727585044335285 0.017971433343939622 157.3379472986754 32.0 7.09202780601075 2.0 2.0911102183163166 40.78276704217587 
105.52 14.25 20260414.0 -1.0 0.2153219158258159 57.35553299836202 2.93796626469405 0.02073626924300726 32.86388533109544 32.0 33.20558057973959 32.0 0.21530771239971122 56.670842539996244 
105.52 14.25 20260414.0 -1.0 0.2753933549 76.47404399781603 4.854769522709867 0.017971433343939622 51.69639322783613 32.0 38.02782372712998 16.0 0.5507899913936853 75.59485603103072 
105.52 14.25 20260414.0 -1.0 0.0192883073476283 114.71106599672405 2.826474843853248 0.03456044873834543 1.454238019148491 1.0 -1.0 -1.0 -1.0 -1.0 
105.52 14.25 20260414.0 -1.0 3.89341696386 229.4221319934481 4.5652645216545045 0.16589015394405807 8.973447443077916 4.0 9.197459576638837 8.0 3.8934861853097877 229.3145164207705 
105.52 14.25 20260414.0 -1.0 74.42925937672071 305.8961759912641 2.0371870326560235 0.011059343596270537 0.7444305981905253 4.0 -1.0 -1.0 -1.0 -1.0 
105.52 14.25 20260414.0 -1.0 0.0017120183030027347 363.25170898962614 6.123203566945896 0.06497364362808941 9.480511690238236 2.0 -1.0 -1.0 -1.0 -1.0 
105.52 14.25 20260414.0 -1.0 240.25490831930935 88.64228122159095 5.632161084642739 0.05944397182995414 7.71771563372623 1.0 -1.0 -1.0 -1.0 -1.0 
105.52 14.25 20260414.0 -1.0 30.37826912162766 20.162486097534007 6.7217560736965405 0.012441761545804354 126.66226450086326 16.0 126.71195212576855 16.0 30.37827506583805 20.138388688320095 
105.52 14.25 20260414.0 -1.0 1.59307834609 54.82016490302489 3.886502540210162 0.06497364362808941 21.08441162642028 8.0 21.155252615947397 8.0 1.5930709196254613 54.95047767717493 
105.52 14.25 20260414.0 -1.0 1.777078137137 55.11079533325962 3.8650820329757907 0.019353851293473442 77.5853838683234 32.0 77.64506653571001 32.0 1.7770920142841837 55.1528735433892 
138.67 38.88 20260414.0 -1.0 12.863191626660159 32.36799647188914 0.6268732211262005 0.009676925646736721 24.56757933275784 32.0 24.567579556007132 32.0 12.863195782604938 32.383338594283565 
138.67 38.88 20260414.0 -1.0 0.011163339112402308 99.69666998412913 0.3793655635542592 0.026265941041142528 0.7497109746705453 4.0 -1.0 -1.0 -1.0 -1.0 
138.67 38.88 20260414.0 -1.0 2.248252 53.933157241854495 0.2738064940527686 0.009676925646736721 8.615667963010477 32.0 8.61566701119715 32.0 2.24824058629262 53.93849834610357 
138.67 38.88 20260414.0 -1.0 1.6642497002214116 108.1498889208845 0.01128509580878658 0.04700221028414978 0.6178197222704099 1.0 -1.0 -1.0 -1.0 -1.0 
138.67 38.88 20260414.0 -1.0 0.6050112405059 38.134010027790964 0.24262664552620167 0.0483846282336836 1.8273376767381855 4.0 -1.0 -1.0 -1.0 -1.0 
138.67 38.88 20260414.0 -1.0 0.468615 7.04885029550527 0.07580327491754277 0.019353851293473442 0.9766672349059242 2.0 -1.0 -1.0 -1.0 -1.0 
138.67 38.88 20260414.0 -1.0 1.77912424934 108.7305413398629 0.09053065854667372 0.013824179495338172 1.754631941802313 1.0 -1.0 -1.0 -1.0 -1.0 
138.67 38.88 20260414.0 -1.0 3.92587396764 21.71369976086681 0.10962358241973885 0.02350110514207489 1.5454795648506077 8.0 -1.0 -1.0 -1.0 -1.0 
138.67 38.88 20260414.0 -1.0 195.4503977286 88.20515350620771 0.03584721705777603 0.07879782312342758 1.0214947950084334 1.0 -1.0 -1.0 -1.0 -1.0 
138.67 38.88 20260414.0 -1.0 0.22134158992271916 19.288848961345703 0.01564658061099084 0.012441761545804354 1.4308024960427046 4.0 -1.0 -1.0 -1.0 -1.0 
138.67 38.88 20260414.0 -1.0 4.2340633683 57.866546884037106 0.3326995436919834 0.022118687192541075 4.7165981785727595 16.0 -1.0 -1.0 -1.0 -1.0 
138.67 38.88 20260414.0 -1.0 343.83061005579384 115.73309376807421 0.2163383501523341 0.012441761545804354 1.6496633768922901 1.0 -1.0 -1.0 -1.0 -1.0 
138.67 38.88 20260414.0 -1.0 0.4450659501206571 135.02194272941992 0.029891489374741575 0.01520659744487199 0.7101129118357383 4.0 -1.0 -1.0 -1.0 -1.0 
138.67 38.88 20260414.0 -1.0 24.4289793809236 0.0 6.221274842200597 0.03041319488974398 76.78799524749353 16.0 -1.0 -1.0 -1.0 -1.0 
138.67 38.88 20260414.0 -1.0 255.917115508 38.57769792269141 1.8751123867894364 0.027648358990676344 8.321138213359013 1.0 -1.0 -1.0 -1.0 -1.0 
138.67 38.88 20260414.0 -1.0 3.207184 77.15539584538281 1.8089465828118538 0.022118687192541075 28.38287768053859 32.0 28.596752830052328 32.0 3.207181483351936 77.21402296074488 
138.67 38.88 20260414.0 -1.0 0.0036543919541739828 96.44424480672852 7.879336515072576 0.013824179495338172 16.187436784845204 32.0 -1.0 -1.0 -1.0 -1.0 
138.67 38.88 20260414.0 -1.0 0.002851294109089282 44.467172458043784 2.654253472696516 0.006912089747669086 9.711033293331042 8.0 -1.0 -1.0 -1.0 -1.0 
138.67 38.88 20260414.0 -1.0 0.94084 45.18286032329623 1.480529419693707 0.08156265902249521 3.4453631513614007 8.0 -1.0 -1.0 -1.0 -1.0 
138.67 38.88 20260414.0 -1.0 0.013982609701308397 74.60708406641115 9.449254360866355 0.02073626924300726 15.875041334504717 32.0 -1.0 -1.0 -1.0 -1.0 
139.08 38.88 20260414.0 -1.0 1.88444396743 51.25840821254917 0.08355880092981198 0.019353851293473442 2.5779892364872996 16.0 -1.0 -1.0 -1.0 -1.0 
139.08 38.88 20260414.0 -1.0 0.742167900236 44.92173885084034 0.027780776110354018 0.03456044873834543 1.000355253255144 4.0 -1.0 -1.0 -1.0 -1.0 
139.08 38.88 20260414.0 -1.0 2.50941 65.84216529979413 0.012482731554629752 0.04285495643554833 2.241244727860919 2.0 -1.0 -1.0 -1.0 -1.0 
139.08 38.88 20260414.0 -1.0 3.6703897382 43.69745665993693 0.06881510365405732 0.052531882082285056 0.6733169465832798 8.0 -1.0 -1.0 -1.0 -1.0 
139.08 38.88 20260414.0 -1.0 13.065064 81.32731696715479 0.016107224137125106 0.011059343596270537 0.23445653442392103 2.0 -1.0 -1.0 -1.0 -1.0 
139.08 38.88 20260414.0 -1.0 0.6249554554 106.74126266623757 0.012656401135534616 0.009676925646736721 0.7644770836238824 1.0 -1.0 -1.0 -1.0 -1.0 
139.08 38.88 20260414.0 -1.0 2.220010446257 100.24314949913489 0.302446152992034 0.04147253848601452 1.9969917175860183 16.0 -1.0 -1.0 -1.0 -1.0 
139.08 38.88 20260414.0 -1.0 6.107714243738 0.0 0.03584721705777603 0.03041319488974398 0.8501205076701855 2.0 -1.0 -1.0 -1.0 -1.0 
139.08 38.88 20260414.0 -1.0 2.045 38.435157384122924 0.6431034332265737 0.024883523091608708 9.144316889305937 16.0 9.224257999169241 32.0 2.044998836936429 38.55641251381887 
139.08 38.88 20260414.0 -1.0 0.8117 134.52305084443023 0.20329692658403567 0.02350110514207489 1.3485193501773358 1.0 -1.0 -1.0 -1.0 -1.0 
139.08 38.88 20260414.0 -1.0 3.468609 19.217578692061462 4.755188273662871 0.052531882082285056 39.69615814156487 16.0 39.79534621214334 32.0 3.468600577131535 19.126409357248733 
139.08 38.88 20260414.0 -1.0 257.13551 57.65273607618438 9.693902556544126 0.016589015394405805 60.092149765069436 1.0 59.97995459043303 2.0 128.56762623414397 57.68282187106761 
139.08 38.88 20260414.0 -1.0 1.936777949397852 76.87031476824585 1.7152342191960426 0.031795612839277794 23.17964883646116 32.0 23.287303285050935 32.0 1.936768967425451 76.91042916142347 
139.08 38.88 20260414.0 -1.0 53.955760112361595 96.08789346030731 2.0712457159722417 0.02350110514207489 12.756808788595487 2.0 12.893581165101022 2.0 53.95559128373862 96.03683851867221 
139.08 38.88 20260414.0 -1.0 31.66374 115.30547215236876 5.29264015246408 0.01520659744487199 48.41431608409725 16.0 48.41431667413145 16.0 31.66369424434379 115.26444580902808 
139.08 38.88 20260414.0 -1.0 0.0014376993196681743 101.3328951855434 5.4409353721944385 0.012441761545804354 10.672331315610073 4.0 -1.0 -1.0 -1.0 -1.0 
139.08 38.88 20260414.0 -1.0 0.7859985325964 3.0808859529327455 1.0401637398296784 0.022118687192541075 6.413036394101115 16.0 7.301559165349254 16.0 0.7859853212721647 4.047917324285446 
139.08 38.88 20260414.0 -1.0 21.820542623039554 64.5371612061938 2.972674205815725 0.008294507697202903 79.18475237017411 16.0 79.25257527162135 16.0 21.82053625195598 64.56428132235287 
139.08 38.88 20260414.0 -1.0 2.766481 25.898277115264346 1.3347887611263103 0.013824179495338174 31.433367383071207 32.0 31.624318448714494 32.0 2.7664706673628343 25.906670875426855 
139.08 38.88 20260414.0 -1.0 13.655075874659035 26.288432978299497 2.1058738089158697 0.035942866687879244 24.10898718299269 16.0 24.10898621551473 16.0 13.655092819438627 26.3114626078554 
139.49 38.88 20260414.0 -1.0 0.022446852985537606 69.82016452956736 1.9666603994141163 0.04147253848601452 1.2674669110620156 1.0 -1.0 -1.0 -1.0 -1.0 
139.49 38.88 20260414.0 -1.0 2.579369213821 48.41436634302118 1.7152342191960426 0.03456044873834543 9.24066845582868 16.0 9.410143965828237 16.0 2.579387607208143 48.57500789142535 
139.49 38.88 20260414.0 -1.0 4.167535 56.67107998291626 4.02587685177346 0.08294507697202903 27.087326516023982 8.0 27.390644804679532 8.0 4.16754725544403 56.670842539996244 
139.49 38.88 20260414.0 -1.0 4.701851489299852 115.91568110034527 0.05056737237508295 0.009676925646736721 0.9754235111495245 32.0 -1.0 -1.0 -1.0 -1.0 
139.49 38.88 20260414.0 -1.0 1.808645 44.95619731851966 0.05675124553382952 0.02073626924300726 1.0845267294809369 32.0 -1.0 -1.0 -1.0 -1.0 
139.49 38.88 20260414.0 -1.0 1.582278 29.50166675553422 0.49804631022034246 0.0483846282336836 2.899871404836172 16.0 -1.0 -1.0 -1.0 -1.0 
139.49 38.88 20260414.0 -1.0 2.3850424939 21.566643257453233 0.12033945513880452 0.011059343596270537 0.9691761498887478 8.0 -1.0 -1.0 -1.0 -1.0 
139.49 38.88 20260414.0 -1.0 1.6266597983 51.269366351621265 0.532197226901621 0.049767046183217416 4.212724648369372 8.0 -1.0 -1.0 -1.0 -1.0 
139.49 38.88 20260414.0 -1.0 1.371498 59.365234920609296 0.6805864343010567 0.005529671798135269 31.966508540185796 32.0 31.966505432016394 32.0 1.3714876937835168 59.40318673388892 
139.49 38.88 20260414.0 -1.0 0.82203 19.146307904756714 0.3368625603969487 0.06635606157762322 2.0467040574988555 16.0 -1.0 -1.0 -1.0 -1.0 
139.49 38.88 20260414.0 -1.0 0.0503983091688131 38.29261580951343 0.23797846217159135 0.03732528463741307 3.4707174433093844 4.0 -1.0 -1.0 -1.0 -1.0 
139.49 38.88 20260414.0 -1.0 13.20239193874 76.58523161902686 0.03682617525797667 0.016589015394405805 1.5143148952177348 32.0 -1.0 -1.0 -1.0 -1.0 
139.49 38.88 20260414.0 -1.0 0.17590294446776322 95.73153952378357 0.01646727211747541 0.02764835899067634 0.7754764045422335 8.0 -1.0 -1.0 -1.0 -1.0 
139.49 38.88 20260414.0 -1.0 0.10857111194022039 114.87784742854029 0.8607826194980728 0.038707702586946884 1.9472839907157007 16.0 -1.0 -1.0 -1.0 -1.0 
139.49 38.88 20260414.0 -1.0 32.10055972106885 0.0 2.4736561696432573 0.012441761545804354 60.306785371175216 8.0 -1.0 -1.0 -1.0 -1.0 
139.49 38.88 20260414.0 -1.0 1.383 57.438923714270146 1.5453216954363693 0.013824179495338172 54.04932878781143 32.0 54.13824854314636 32.0 1.383007960005974 57.37922807174619 
139.49 38.88 20260414.0 -1.0 2.295748819912001 134.024155333297 3.261004027141294 0.01520659744487199 13.640856078057606 8.0 -1.0 -1.0 -1.0 -1.0 
139.49 38.88 20260414.0 -1.0 0.003490254878959579 50.760023627082276 4.477804273778904 0.04423737438508215 3.9705656603920985 16.0 -1.0 -1.0 -1.0 -1.0 
139.49 38.88 20260414.0 -1.0 2.88 62.206831173300465 5.0988325203365505 0.019353851293473442 101.45050249735208 32.0 101.56475473865636 32.0 2.8800059226341546 62.135530927781595 
139.49 38.88 20260414.0 -1.0 1.50641057305 53.01185461978094 9.15368913892228 0.11612310776084062 14.953235123684784 8.0 17.35774086119781 16.0 1.5064263910365603 53.12891488124648 
139.9 38.88 20260414.0 -1.0 0.037903251798363014 69.78727763186482 0.054484582499133245 0.03317803078881161 1.148241663999109 16.0 -1.0 -1.0 -1.0 -1.0 
139.9 38.88 20260414.0 -1.0 1.13278729089 110.3295996545096 0.02485647525109073 0.06220880772902178 2.1297343756222777 4.0 -1.0 -1.0 -1.0 -1.0 
139.9 38.88 20260414.0 -1.0 0.03505483273125927 47.24596024905047 0.026341594756344008 0.03456044873834543 0.9560732709929147 8.0 -1.0 -1.0 -1.0 -1.0 
139.9 38.88 20260414.0 -1.0 26.957044087089127 97.29623130994395 0.15084046126215594 0.031795612839277794 1.369380864682746 1.0 -1.0 -1.0 -1.0 -1.0 
139.9 38.88 20260414.0 -1.0 6.30957344480193 20.711838424612004 0.5414687004533514 0.02626594104114253 4.171170382244824 2.0 -1.0 -1.0 -1.0 -1.0 
139.9 38.88 20260414.0 -1.0 0.132180571 22.95528707408642 0.01711683019500161 0.017971433343939622 1.7025507274901772 16.0 -1.0 -1.0 -1.0 -1.0 
139.9 38.88 20260414.0 -1.0 1.1148 19.075036603821996 0.1152142376713014 0.019353851293473442 1.326997920608011 4.0 -1.0 -1.0 -1.0 -1.0 
139.9 38.88 20260414.0 -1.0 0.4879106929608976 76.30014641528798 0.05694761595330197 0.012441761545804354 1.4291000387467925 2.0 -1.0 -1.0 -1.0 -1.0 
139.9 38.88 20260414.0 -1.0 1.4741290419615 95.37518301910998 0.963381672181643 0.011059343596270537 26.33860164295985 32.0 26.73681225286019 32.0 1.4741393291236213 95.42965092002939 
139.9 38.88 20260414.0 -1.0 6.636724372953307 114.45021962293197 0.01356167184131214 0.008294507697202903 1.0836470602248813 2.0 -1.0 -1.0 -1.0 -1.0 
139.9 38.88 20260414.0 -1.0 101.26565703902918 76.09030002800722 5.422173590099175 0.059443971829954124 21.352615608732346 2.0 21.352615664504924 2.0 101.26580794652304 76.1008456965664 
139.9 38.88 20260414.0 -1.0 0.566181225686 0.0 2.4787882220953037 0.013824179495338172 42.69027678825268 32.0 9.661408834424826 4.0 2.547797824566563 1.416771063499906 
139.9 38.88 20260414.0 -1.0 3.7024345923069872 38.15007320764399 2.7723259135371627 0.017971433343939622 68.90357393015788 32.0 69.03184290939221 32.0 3.7024316649573548 38.15162078139033 
139.9 38.88 20260414.0 -1.0 0.019556066824271988 57.225109811465984 3.542867704535789 0.058061553880420315 1.382410087669426 2.0 -1.0 -1.0 -1.0 -1.0 
139.9 38.88 20260414.0 -1.0 1.073268736517 133.52525622675398 1.3571044086248008 0.01520659744487199 7.173305741099032 16.0 -1.0 -1.0 -1.0 -1.0 
139.9 38.88 20260414.0 -1.0 238.05684430558327 51.43907260580622 2.709837786268783 0.017971433343939622 18.203891521682078 1.0 18.203891877778677 1.0 238.05672147621712 51.40855001842517 
139.9 38.88 20260414.0 -1.0 0.991179 85.21098709700142 1.024474257441211 0.01520659744487199 23.997086078860086 32.0 24.103329878966882 32.0 0.9911673259921373 85.20865967620864 
139.9 38.88 20260414.0 -1.0 13.781158075623882 119.2766865303897 1.4581976084928143 0.055296717981352696 7.372077146836313 4.0 7.372077064429409 4.0 13.781148785104355 119.31236313331351 
139.9 38.88 20260414.0 -1.0 0.4430253439574548 66.75595118287261 7.627605773872714 0.017971433343939622 162.38345916663465 32.0 98.96078521031568 32.0 0.3322687310477098 66.89183378381699 
139.9 38.88 20260414.0 -1.0 1.2060310902 84.28957068739585 1.0560935014207016 0.020736269243007262 20.380219128087553 32.0 20.48577781511512 32.0 1.206020291040962 84.09548241203015 
158.89 39.3 20260414.0 -1.0 0.37550509899 26.482830748632846 0.9468858568438856 0.06082638977948797 2.2498809995614275 4.0 -1.0 -1.0 -1.0 -1.0 
158.89 39.3 20260414.0 -1.0 123.95878503898378 58.234496934166465 0.10301519527800741 0.012441761545804354 1.5284489451337775 1.0 -1.0 -1.0 -1.0 -1.0 
158.89 39.3 20260414.0 -1.0 0.01867770575860493 15.113238490057489 0.30580779044313344 0.05944397182995413 0.9944594457893495 1.0 -1.0 -1.0 -1.0 -1.0 
158.89 39.3 20260414.0 -1.0 5.083905613918997 46.48360737423645 0.07653998783070953 0.058061553880420315 0.7455569541610596 8.0 -1.0 -1.0 -1.0 -1.0 
158.89 39.3 20260414.0 -1.0 35.2051272362 12.178404715994336 0.06962805736105153 0.019353851293473442 0.23072652810346717 1.0 -1.0 -1.0 -1.0 -1.0 
158.89 39.3 20260414.0 -1.0 1.93009288569 104.57945074427396 0.7901140215857734 0.04147253848601452 5.964560594953574 16.0 -1.0 -1.0 -1.0 -1.0 
158.89 39.3 20260414.0 -1.0 0.77556728669 0.0 0.13864818585597127 0.0483846282336836 1.2672517399757997 16.0 -1.0 -1.0 -1.0 -1.0 
158.89 39.3 20260414.0 -1.0 8.54520899704013 16.504726044351774 0.327454916287773 0.02350110514207489 3.6027590181827343 32.0 -1.0 -1.0 -1.0 -1.0 
158.89 39.3 20260414.0 -1.0 160.59270990836 49.514178133055324 0.013864818585597127 0.07741540517389377 1.3452541637165094 1.0 -1.0 -1.0 -1.0 -1.0 
158.89 39.3 20260414.0 -1.0 15.818294755980364 66.0189041774071 0.9009391709551404 0.008294507697202903 18.924329277065667 16.0 18.924329170261217 16.0 15.818295651115479 65.98105238585276 
158.89 39.3 20260414.0 -1.0 0.03068101675933006 82.52363022175886 0.02791544687242017 0.011059343596270537 1.1827502497559328 1.0 -1.0 -1.0 -1.0 -1.0 
158.89 39.3 20260414.0 -1.0 123.39043991919849 41.53829692030327 4.808041380999948 0.017971433343939622 34.53800987686997 2.0 34.53800956439855 2.0 123.390539859732 41.491152573925824 
158.89 39.3 20260414.0 -1.0 0.578035 33.00945208870355 4.46236362207052 0.017971433343939622 111.46414248432214 32.0 81.00703843113571 32.0 1.156058715423569 32.88932825981925 
158.89 39.3 20260414.0 -1.0 1.6143260283 99.02835626611065 5.392289212715889 0.006912089747669087 177.8810704698625 32.0 178.28688367341297 32.0 1.6143227791568886 98.97157857877916 
158.89 39.3 20260414.0 -1.0 32.626427 115.5330823104624 2.1440411841405274 0.008294507697202903 4.9429666967984955 4.0 -1.0 -1.0 -1.0 -1.0 
158.89 39.3 20260414.0 -1.0 22.351083818 54.2135435744264 2.062678031393121 0.017971433343939622 28.2443540464435 16.0 28.244353941733355 16.0 22.351074827990185 54.24209214542498 
158.89 39.3 20260414.0 -1.0 277.03970545582877 21.456639048957765 5.028866967141122 0.022118687192541075 23.834062354777874 1.0 23.61542443600299 2.0 138.51968105882406 21.453961818712866 
158.89 39.3 20260414.0 -1.0 6.5054918751 21.156222993345 1.895953941433439 0.026265941041142528 30.945956409304145 32.0 30.945955820923935 32.0 6.50549433582152 21.150368019391458 
158.89 39.3 20260414.0 -1.0 3.072947121157 28.458644037470638 9.338928054889383 0.030413194889743984 141.6474405173703 32.0 141.6883855037719 32.0 3.072940065370252 28.436619203105263 
158.89 39.3 20260414.0 -1.0 3.20031 27.904029780954765 2.0175786941126064 0.016589015394405805 31.81687758687721 32.0 32.04551654775652 32.0 3.200299640108521 27.829431604462442 
159.31 39.3 20260414.0 -1.0 2.93487997706 86.91639987027429 2.2224637368337055 0.011059343596270537 72.2125837348352 32.0 79.55208004700663 32.0 2.9348787696411214 86.82782660592282 
159.31 39.3 20260414.0 -1.0 2.79204 34.90461379303934 6.726401367068844 0.058061553880420315 56.46412435165392 16.0 56.632247588079196 16.0 2.7920274684826536 34.913286921961976 
159.31 39.3 20260414.0 -1.0 0.04232292065881791 65.733352164347 1.0301519527800742 0.027648358990676344 2.2010931873298456 4.0 -1.0 -1.0 -1.0 -1.0 
159.31 39.3 20260414.0 -1.0 6.91697118349854 18.096558172857904 4.798086871639708 0.06497364362808941 33.51522888790625 16.0 33.605381586410516 16.0 6.917010371883711 18.013232093070236 
159.72 39.3 20260414.0 -1.0 21.422324384511 32.8330569464751 6.991726935839042 0.01520659744487199 108.92102588002567 16.0 108.92102292594356 16.0 21.42235947151979 32.788130326712114 
159.72 39.3 20260414.0 -1.0 28.777763 63.9706175816877 1.4125863376630825 0.20321543858147115 2.682190793636848 2.0 -1.0 -1.0 -1.0 -1.0 
159.72 39.3 20260414.0 -1.0 0.01695945003342085 32.72831586160946 2.184408880221528 0.035942866687879244 1.7812067317753788 2.0 -1.0 -1.0 -1.0 -1.0 
159.72 39.3 20260414.0 -1.0 0.8655970492 81.82078965402366 8.218479555845246 0.022118687192541075 147.11931641751482 32.0 147.52344430090702 32.0 0.8655964241673549 81.767929950566 
159.72 39.3 20260414.0 -1.0 123.39043991919849 98.18494758482838 1.2218241385477433 0.019353851293473442 8.032358457326309 1.0 8.032358091381168 1.0 123.390539859732 98.16199511392207 
159.72 39.3 20260414.0 -1.0 7.98533519368 114.54910551563312 9.103238467041102 0.016589015394405805 23.83293333168404 8.0 23.832934200568545 8.0 7.985363481566311 106.86501736113578 
159.72 39.3 20260414.0 -1.0 1.314610840274 100.59562911618906 2.2502730736303422 0.03041319488974398 31.172969891875706 32.0 31.399412049114332 32.0 1.3146139584326497 100.48954757538621 
159.72 39.3 20260414.0 -1.0 7.92393 67.00647246334015 7.6539987830709535 0.045619792334615966 74.66941738230896 16.0 74.73980882656768 16.0 7.9239422727065785 66.99303171692412 
159.72 39.3 20260414.0 -1.0 2.97070677878 31.698907386914374 5.102356238343202 0.08156265902249521 25.002348343404606 8.0 25.828303686704576 16.0 2.9707128608909747 31.776150995640755 
159.72 39.3 20260414.0 -1.0 1.2061 50.5326637093167 0.29891489374741587 0.027648358990676344 2.5540098833830998 1.0 -1.0 -1.0 -1.0 -1.0 
159.72 39.3 20260414.0 -1.0 1.84348415434 34.769130437038356 0.03227385809271237 0.045619792334615966 0.9714658842939196 4.0 -1.0 -1.0 -1.0 -1.0 
159.72 39.3 20260414.0 -1.0 28.485368937791737 59.28509061340148 0.40790690409879904 0.030413194889743984 2.381967703302555 8.0 -1.0 -1.0 -1.0 -1.0 
159.72 39.3 20260414.0 -1.0 3.6279007508719 63.56965561618643 0.10466512108254267 0.013824179495338172 1.3677134910308013 1.0 -1.0 -1.0 -1.0 -1.0 
159.72 39.3 20260414.0 -1.0 0.66452487729 57.979100211483065 0.3806782426707758 0.017971433343939622 5.3410888037002 32.0 -1.0 -1.0 -1.0 -1.0 
159.72 39.3 20260414.0 -1.0 0.002825207953274267 70.0881515696213 0.17902978599553002 0.027648358990676344 5.462237919146485 2.0 -1.0 -1.0 -1.0 -1.0 
159.72 39.3 20260414.0 -1.0 2.5167515000501908 0.0 0.16263766186660558 0.03456044873834543 0.9699785996614976 1.0 -1.0 -1.0 -1.0 -1.0 
159.72 39.3 20260414.0 -1.0 220.569095946271 16.36415793080473 0.03932416103941603 0.027648358990676344 1.6259314930445545 2.0 -1.0 -1.0 -1.0 -1.0 
159.72 39.3 20260414.0 -1.0 1.35421422194 49.09247379241419 0.06118974845614149 0.026265941041142528 1.641520035590141 1.0 -1.0 -1.0 -1.0 -1.0 
159.72 39.3 20260414.0 -1.0 0.008953561031815726 65.45663172321892 0.05714466585286834 0.009676925646736721 0.99246354723338 32.0 -1.0 -1.0 -1.0 -1.0 
159.72 39.3 20260414.0 -1.0 0.012126025785095121 79.76851902243759 2.689322988764996 0.005529671798135269 15.630606361535387 32.0 -1.0 -1.0 -1.0 -1.0 
160.13 39.3 20260414.0 -1.0 11.1946499395 41.04706160399778 9.972404361662386 0.03317803078881161 108.38458492484791 16.0 109.85845267695497 32.0 11.194636802732324 41.08636084149728 
160.13 39.3 20260414.0 -1.0 0.17190722018585744 65.1837638336177 6.731049870725823 0.013824179495338172 133.11344932010226 32.0 98.78675702749716 32.0 0.343819313760226 65.37386478720995 
160.13 39.3 20260414.0 -1.0 0.4102676860891 81.47970479202213 1.0387275492114452 0.07741540517389377 2.0047918052172795 4.0 -1.0 -1.0 -1.0 -1.0 
160.13 39.3 20260414.0 -1.0 200.37770740535 97.77564575042655 5.9112206094122905 0.011059343596270537 2.789045280739554 2.0 -1.0 -1.0 -1.0 -1.0 
160.13 39.3 20260414.0 -1.0 0.5192453694 114.07158670883098 4.798086871639708 0.012441761545804354 56.355161041213364 32.0 56.97203761325707 32.0 0.5192305252421647 106.46022562870724 
160.13 39.3 20260414.0 -1.0 170.93736991146392 47.81218320799186 1.1230653819750733 0.04423737438508215 4.504601233652907 1.0 -1.0 -1.0 -1.0 -1.0 
160.13 39.3 20260414.0 -1.0 0.42270536055 37.727246449255325 0.03137253806887683 0.03456044873834543 1.4715959570473927 2.0 -1.0 -1.0 -1.0 -1.0 
160.13 39.3 20260414.0 -1.0 4.295902 33.85983291847288 0.023863699619569044 0.052531882082285056 1.8998293957545278 1.0 -1.0 -1.0 -1.0 -1.0 
160.13 39.3 20260414.0 -1.0 0.8892990815 40.362563633947794 0.019369959509055037 0.03732528463741307 2.7940912816206995 2.0 -1.0 -1.0 -1.0 -1.0 
160.13 39.3 20260414.0 -1.0 403.19004 50.18510950416516 0.06986898407027928 0.016589015394405805 1.4832350589228174 1.0 -1.0 -1.0 -1.0 -1.0 
160.13 39.3 20260414.0 -1.0 13.406361453253322 65.67758022629663 0.2181392790138756 0.019353851293473442 2.268671187548651 1.0 -1.0 -1.0 -1.0 -1.0 
160.13 39.3 20260414.0 -1.0 0.020855600018580035 41.12691970050361 0.14754241632519804 0.06220880772902178 1.0492878853811167 8.0 -1.0 -1.0 -1.0 -1.0 
160.13 39.3 20260414.0 -1.0 9.74485168391 49.740185823632665 0.03331595487854303 0.026265941041142528 1.612477923875732 16.0 -1.0 -1.0 -1.0 -1.0 
160.13 39.3 20260414.0 -1.0 0.5611895882533 0.0 0.04225349001833227 0.012441761545804354 1.5135392860781511 1.0 -1.0 -1.0 -1.0 -1.0 
160.13 39.3 20260414.0 -1.0 143.5961701962213 16.295940958404426 0.015052816303829474 0.03732528463741306 1.5042124528909617 1.0 -1.0 -1.0 -1.0 -1.0 
160.13 39.3 20260414.0 -1.0 0.53084251673 32.59188191680885 0.2259619966174074 0.02073626924300726 1.5777486133281426 16.0 -1.0 -1.0 -1.0 -1.0 
160.13 39.3 20260414.0 -1.0 347.0053210916637 48.887822875213274 0.19734654293999807 0.013824179495338172 1.335391548629006 1.0 -1.0 -1.0 -1.0 -1.0 
160.13 39.3 20260414.0 -1.0 1.9270125222336 99.0582645657345 5.198422660690873 0.027648358990676344 70.37232480178653 16.0 76.37271313726161 32.0 1.9270070576264213 99.0727765118863 
160.13 39.3 20260414.0 -1.0 4.0690581317 72.38566033278653 2.5184893228948133 0.06773847952715704 14.273669297528823 8.0 14.273669616503561 8.0 4.069079295732081 72.35652217160234 
160.13 39.3 20260414.0 -1.0 1.9612233953 25.17811699833883 3.8570798149775434 0.022118687192541075 76.04577470119418 32.0 76.04577849086405 32.0 1.9612343749031427 25.1982853436769 
196.19 39.7 20260414.0 -1.0 64.25074255867916 54.36912053203775 0.2239417220558465 0.08985716671969811 0.8751821268297069 4.0 -1.0 -1.0 -1.0 -1.0 
196.19 39.7 20260414.0 -1.0 0.98911728333 19.30769561494752 0.06123203566945893 0.027648358990676344 1.095145902010108 16.0 -1.0 -1.0 -1.0 -1.0 
196.19 39.7 20260414.0 -1.0 297.619048 63.427514880769806 0.12673900435120206 0.035942866687879244 0.2142014081501516 1.0 -1.0 -1.0 -1.0 -1.0 
196.19 39.7 20260414.0 -1.0 0.439068 61.03632382598029 0.17116830195001612 0.03456044873834543 0.9495072717282164 4.0 -1.0 -1.0 -1.0 -1.0 
196.19 39.7 20260414.0 -1.0 0.0021150231536047615 76.60250873166892 0.4340739829728949 0.024883523091608708 2.193687526076541 1.0 -1.0 -1.0 -1.0 -1.0 
196.19 39.7 20260414.0 -1.0 1.1469878660290085 23.67748005232758 0.12142508910525404 0.009676925646736721 1.6880824775404144 32.0 -1.0 -1.0 -1.0 -1.0 
196.19 39.7 20260414.0 -1.0 0.1936 76.73378980918677 0.025306980126384854 0.04423737438508215 1.8900034927837377 8.0 -1.0 -1.0 -1.0 -1.0 
196.19 39.7 20260414.0 -1.0 6.1450029089 69.77589270074041 0.2217862375423103 0.03317803078881161 1.7989692302157223 1.0 -1.0 -1.0 -1.0 -1.0 
196.19 39.7 20260414.0 -1.0 0.454064913754 92.90949400335116 0.013864818585597127 0.026265941041142528 2.2994681348237584 2.0 -1.0 -1.0 -1.0 -1.0 
196.19 39.7 20260414.0 -1.0 7.479017300127568 26.789377430633493 0.01374085641183139 0.011059343596270537 1.1793440712317977 1.0 -1.0 -1.0 -1.0 -1.0 
196.19 39.7 20260414.0 -1.0 0.99506614549 40.18406614595024 0.026106080578766205 0.06359122567855559 -1.7006435260918389 16.0 -1.0 -1.0 -1.0 -1.0 
196.19 39.7 20260414.0 -1.0 0.17509643785338608 66.97344357658373 0.5972795120198795 0.031795612839277794 0.42201975356078564 8.0 -1.0 -1.0 -1.0 -1.0 
196.19 39.7 20260414.0 -1.0 1.152232382769 80.36813229190048 0.2546481902546703 0.012441761545804354 4.331555091810884 32.0 -1.0 -1.0 -1.0 -1.0 
196.19 39.7 20260414.0 -1.0 0.5718 93.76282100721723 0.016129494697108886 0.03456044873834543 0.8052878946493566 1.0 -1.0 -1.0 -1.0 -1.0 
196.19 39.7 20260414.0 -1.0 2.01580589294 80.35339666075052 7.222472028860831 0.013824179495338174 225.42191472907808 32.0 225.45171606400555 32.0 2.015804057009518 80.3511588870661 
196.19 39.7 20260414.0 -1.0 1.480064901357 91.25910331455526 3.8784559734588844 0.011059343596270537 142.05118232811773 32.0 142.0920534631147 32.0 1.4800510446851454 91.28053566263681 
196.19 39.7 20260414.0 -1.0 1.83822897314 0.0 2.6214516631602276 0.0483846282336836 15.56603434756068 16.0 -1.0 -1.0 -1.0 -1.0 
196.19 39.7 20260414.0 -1.0 271.453015271425 13.394688715316747 9.449254360866355 0.03317803078881161 33.40037461661583 1.0 33.26452878423415 2.0 135.72668346265954 13.358127170141973 
196.19 39.7 20260414.0 -1.0 1.5677366427738217 53.57875486126699 4.167369282127215 0.027648358990676344 68.06796797562261 32.0 68.43133566607139 32.0 1.5677263339360556 53.7361024798893 
196.19 39.7 20260414.0 -1.0 2.253933904734789 22.186502100517647 2.7704113285326057 0.09400442056829957 8.850127908875931 8.0 8.903724517729934 8.0 2.2539704029137893 21.858753551141408 
196.6 39.69 20260414.0 -1.0 259.067358 87.64210527139198 0.22768568864827277 0.02073626924300726 0.44941715642564656 1.0 -1.0 -1.0 -1.0 -1.0 
196.6 39.69 20260414.0 -1.0 340.68494407931905 59.002186205579505 0.010849345518076281 0.011059343596270537 1.2753118778602663 1.0 -1.0 -1.0 -1.0 -1.0 
196.6 39.69 20260414.0 -1.0 0.520652642675 47.85868828447468 0.2132224274407285 0.026265941041142528 1.0934668902634062 1.0 -1.0 -1.0 -1.0 -1.0 
196.6 39.69 20260414.0 -1.0 162.56588466645525 8.319976488392452 0.015963213127890254 0.01520659744487199 1.9733324666368475 2.0 -1.0 -1.0 -1.0 -1.0 
196.6 39.69 20260414.0 -1.0 56.23413251903491 35.71754612381149 0.026396245215700144 0.026265941041142528 1.831852878255335 1.0 -1.0 -1.0 -1.0 -1.0 
196.6 39.69 20260414.0 -1.0 3.323676354 63.29393878330231 0.46834626021972464 0.02073626924300726 7.341860103399935 16.0 7.8575855130424035 16.0 3.3236574381589894 63.451104058174366 
196.6 39.69 20260414.0 -1.0 179.600927 26.73874796778615 0.5384843889559966 0.0967692564673672 1.2215878657960535 1.0 -1.0 -1.0 -1.0 -1.0 
196.6 39.69 20260414.0 -1.0 0.43800223922 44.63987385118258 0.12362582730615956 0.03317803078881161 -0.11279934397631353 16.0 -1.0 -1.0 -1.0 -1.0 
196.6 39.69 20260414.0 -1.0 0.17671316590882122 0.0 0.0216338350152334 0.11197585391223917 0.2025447165533448 1.0 -1.0 -1.0 -1.0 -1.0 
196.6 39.69 20260414.0 -1.0 1.2993996356827 13.443995621757617 0.011926352757749569 0.012441761545804354 1.6936837846446737 1.0 -1.0 -1.0 -1.0 -1.0 
196.6 39.69 20260414.0 -1.0 4.816127011 26.887991243515234 0.923626850440197 0.01520659744487199 22.947202589896563 32.0 23.055265663791438 32.0 4.816138243768364 26.918650206498214 
196.6 39.69 20260414.0 -1.0 1.9411179295 53.77598248703047 0.3005714973044299 0.006912089747669086 8.058625910795424 16.0 8.139968740900066 16.0 1.9411042255039017 54.14089421231784 
196.6 39.69 20260414.0 -1.0 0.459063 67.21997810878808 0.021499741751177023 0.045619792334615966 1.67130995894779 4.0 -1.0 -1.0 -1.0 -1.0 
196.6 39.69 20260414.0 -1.0 0.37922747574 16.37642430973175 6.030843209777203 0.009676925646736721 199.95650226953288 32.0 201.8434368429833 32.0 0.379228974149252 16.191669297141782 
196.6 39.69 20260414.0 -1.0 1.394095109822 28.95991816151988 1.9734654293999798 0.03456044873834543 24.853290574504783 16.0 24.94547623333007 16.0 1.3940734788775444 28.537817136212393 
196.6 39.69 20260414.0 -1.0 0.5533823989 40.33198686527285 1.1363328206185328 0.038707702586946884 7.303998902484547 16.0 7.519757231107728 16.0 0.5533972095387678 40.985162908390144 
196.6 39.69 20260414.0 -1.0 0.004156209962109836 80.6639737305457 2.717336449659425 0.027648358990676344 3.1233410998948967 2.0 -1.0 -1.0 -1.0 -1.0 
196.6 39.69 20260414.0 -1.0 7.1671888360297 94.10796935230331 1.1673651412337918 0.016589015394405805 21.832586046298267 16.0 21.832586807204226 16.0 7.167182047851385 94.11407778963662 
196.6 39.69 20260414.0 -1.0 0.2587737194050002 83.62329309883138 1.2894694018291581 0.011059343596270537 30.809707729817507 32.0 31.055958302322555 32.0 0.2587815591444572 83.6906906796016 
196.6 39.69 20260414.0 -1.0 21.521778197384464 48.97868511945059 5.088275960600903 0.006912089747669085 127.34327824160941 16.0 127.34327601348495 16.0 21.52173692593351 48.9797996238539 
197.02 39.69 20260414.0 -1.0 2.0499674301 56.34074182011213 4.419412466775123 0.013824179495338172 112.54541982184718 32.0 112.76430474842842 32.0 2.0499707413061214 56.2660508075677 
197.02 39.69 20260414.0 -1.0 3.255405118685032 84.54418209061937 3.220703869641005 0.024883523091608708 47.60387760570079 32.0 48.05926183727606 32.0 3.2554150190359605 84.60147207756583 
197.02 39.69 20260414.0 -1.0 0.555864 47.77105326890607 0.05194832598633263 0.011059343596270537 1.081370021865406 16.0 -1.0 -1.0 -1.0 -1.0 
197.02 39.69 20260414.0 -1.0 169.233373 56.26515471050943 0.7994481079808956 0.05529671798135268 3.1136350618470177 1.0 -1.0 -1.0 -1.0 -1.0 
197.02 39.69 20260414.0 -1.0 38.008828488 22.61944254860782 0.4686699264989958 0.019353851293473442 3.2877046176533264 4.0 -1.0 -1.0 -1.0 -1.0 
197.02 39.69 20260414.0 -1.0 3.225621798579152 9.013762820121913 0.3375614434310193 0.02073626924300726 3.0526668450757994 16.0 -1.0 -1.0 -1.0 -1.0 
197.02 39.69 20260414.0 -1.0 274.50510164192235 42.272091045309686 0.010826883167411214 0.019353851293473442 2.010688326858057 1.0 -1.0 -1.0 -1.0 -1.0 
197.02 39.69 20260414.0 -1.0 132.80495704844444 39.39978088040711 0.01263019747928729 0.016589015394405805 -0.16154691244843747 2.0 -1.0 -1.0 -1.0 -1.0 
197.02 39.69 20260414.0 -1.0 1.240695 26.992696747049717 0.020092330025650466 0.038707702586946884 1.258338490377754 2.0 -1.0 -1.0 -1.0 -1.0 
197.02 39.69 20260414.0 -1.0 8.58456883589144 53.985393494099434 0.2316522291218108 0.012441761545804354 3.026607388945356 8.0 -1.0 -1.0 -1.0 -1.0 
197.02 39.69 20260414.0 -1.0 0.0022349340175341534 67.4817418676243 0.3817316555416103 0.045619792334615966 1.4753896063905878 1.0 -1.0 -1.0 -1.0 -1.0 
197.02 39.69 20260414.0 -1.0 1.773899 80.97809024114915 0.011967620273057575 0.12165277955897594 2.0425889826980983 4.0 -1.0 -1.0 -1.0 -1.0 
197.02 39.69 20260414.0 -1.0 0.69789 94.47443861467401 0.05566401871967786 0.026265941041142524 1.3805703253477706 8.0 -1.0 -1.0 -1.0 -1.0 
197.02 39.69 20260414.0 -1.0 0.013854684443017403 0.0 2.3946272691937414 0.027648358990676344 1.6925917088689533 32.0 -1.0 -1.0 -1.0 -1.0 
197.02 39.69 20260414.0 -1.0 0.028245247079937107 13.496348373524858 1.1030730151526764 0.026265941041142528 1.356450004648217 1.0 -1.0 -1.0 -1.0 -1.0 
197.02 39.69 20260414.0 -1.0 405.6890420980896 40.48904512057457 5.497611134427103 0.06635606157762322 15.294471488878433 1.0 -1.0 -1.0 -1.0 -1.0 
197.02 39.69 20260414.0 -1.0 5.4199894818 42.612233038521836 6.395589606316492 0.013824179495338172 179.25734993282134 32.0 179.29229384758335 32.0 5.419982092765471 42.60432983810432 
197.02 39.69 20260414.0 -1.0 0.049027661219924884 53.57236393091326 4.811364138106282 0.029030776940210157 14.311427150383675 32.0 15.327494931394611 32.0 0.04902176442556084 58.79599913524611 
197.02 39.69 20260414.0 -1.0 0.0022349340175341534 3.3258328225187777 9.13473745423541 0.016589015394405805 26.496908176021062 16.0 -1.0 -1.0 -1.0 -1.0 
197.02 39.69 20260414.0 -1.0 1.5814382168 82.43719141044413 3.7004694715686357 0.013824179495338172 117.85228444658121 32.0 118.11084529112864 32.0 1.5814293874427678 82.5775134154231 
197.43 39.69 20260414.0 -1.0 164.1397912192 87.81097880704131 1.1269514080539556 0.03456044873834543 5.256483070706968 1.0 -1.0 -1.0 -1.0 -1.0 
197.43 39.69 20260414.0 -1.0 0.0013543243567566367 14.55928412927289 4.657649639639177 0.07465056927482613 3.2343670214457143 1.0 -1.0 -1.0 -1.0 -1.0 
197.43 39.69 20260414.0 -1.0 0.003287848251159107 21.45478872991223 0.03793655635542592 0.016589015394405805 1.7800318784665319 1.0 -1.0 -1.0 -1.0 -1.0 
197.43 39.69 20260414.0 -1.0 11.5729846782674 52.88766664809488 0.07389020282641436 0.11474068981130682 2.036176426159053 1.0 -1.0 -1.0 -1.0 -1.0 
197.43 39.69 20260414.0 -1.0 4.04 44.53149119670112 0.6502514182965707 0.02350110514207489 8.330482601600401 16.0 8.402522666664302 16.0 4.039975465275347 44.42589263403278 
197.43 39.69 20260414.0 -1.0 4.316040583 81.17156584906671 0.5874581018442158 0.06082638977948796 2.9597677647420766 2.0 -1.0 -1.0 -1.0 -1.0 
197.43 39.69 20260414.0 -1.0 0.769101 32.41930498622458 0.07852166481863483 0.029030776940210157 1.814609225424424 4.0 -1.0 -1.0 -1.0 -1.0 
197.43 39.69 20260414.0 -1.0 0.6279752367 69.60001755088238 0.5340387334924581 0.024883523091608708 5.092800361136631 16.0 -1.0 -1.0 -1.0 -1.0 
197.43 39.69 20260414.0 -1.0 1.330601 0.0 0.5789969388540934 0.02073626924300726 5.137905996923596 32.0 -1.0 -1.0 -1.0 -1.0 
197.43 39.69 20260414.0 -1.0 0.933716 13.548467380977163 0.4440836117519115 0.06220880772902178 1.5554336934830728 16.0 -1.0 -1.0 -1.0 -1.0 
197.43 39.69 20260414.0 -1.0 1.95103747456 27.096934761954326 0.05624384561966154 0.011059343596270537 0.6475534531694901 1.0 -1.0 -1.0 -1.0 -1.0 
197.43 39.69 20260414.0 -1.0 175.746924 40.64540214293149 0.9210780431878308 0.02350110514207489 3.750354151421888 1.0 -1.0 -1.0 -1.0 -1.0 
197.43 39.69 20260414.0 -1.0 43.770068 54.19386952390865 0.14764438042523004 0.02073626924300726 1.3623681591367123 1.0 -1.0 -1.0 -1.0 -1.0 
197.43 39.69 20260414.0 -1.0 1.727116 67.74233690488582 0.7512553516355123 0.030413194889743984 6.968302527690119 16.0 7.074929426611965 16.0 1.727130438666791 67.60021931556696 
197.43 39.69 20260414.0 -1.0 0.006733739363044482 81.29080428586298 0.14764438042523004 0.09400442056829957 0.17287632999377342 8.0 -1.0 -1.0 -1.0 -1.0 
197.43 39.69 20260414.0 -1.0 0.024607722949814385 94.83927166684015 0.011633397579297806 0.029030776940210157 0.8175885548245138 2.0 -1.0 -1.0 -1.0 -1.0 
197.43 39.69 20260414.0 -1.0 0.8252288334107 47.71840941652893 1.79401216052578 0.060826389779487955 4.6796280349253 8.0 -1.0 -1.0 -1.0 -1.0 
197.43 39.69 20260414.0 -1.0 89.12656 40.46247954102811 6.144391049998397 0.019353851293473442 69.07425832263301 4.0 69.07425801990348 4.0 89.12660026301941 40.479173242854465 
197.43 39.69 20260414.0 -1.0 0.4644534146 36.033042610493624 3.2587519580827187 0.015206597444871989 72.19856908181951 32.0 72.73972331694368 32.0 0.46444862770537537 35.92526625303334 
197.43 39.69 20260414.0 -1.0 274.50510164192235 48.183168323587154 4.053785697483141 0.026265941041142528 19.10404577704439 1.0 -1.0 -1.0 -1.0 -1.0 
217.8 30.87 20260414.0 -1.0 0.02449489771323954 61.23092006543622 0.34606200160628076 0.013824179495338172 0.9731519304773724 1.0 -1.0 -1.0 -1.0 -1.0 
217.8 30.87 20260414.0 -1.0 0.001635122972536765 88.27473185187623 0.481136413810628 0.011059343596270537 3.8683052876894823 2.0 -1.0 -1.0 -1.0 -1.0 
217.8 30.87 20260414.0 -1.0 1.24331061993 62.15413984711124 0.2605203087268267 0.03041319488974398 1.7455256816789133 16.0 -1.0 -1.0 -1.0 -1.0 
217.8 30.87 20260414.0 -1.0 10.339123 39.64249789798498 0.6693951605393668 0.017971433343939622 9.235678616744908 16.0 9.299133422322324 16.0 10.339135769754648 39.56839184489023 
217.8 30.87 20260414.0 -1.0 8.5060296211735 40.770877631143335 0.04970151613045875 0.026265941041142528 1.2275991443795655 1.0 -1.0 -1.0 -1.0 -1.0 
217.8 30.87 20260414.0 -1.0 6.194650472344996 48.734813929632914 0.4199158969458747 0.02073626924300726 5.1746121965958745 16.0 -1.0 -1.0 -1.0 -1.0 
217.8 30.87 20260414.0 -1.0 2.808594 72.9996409187077 0.017105009208783183 0.02350110514207489 0.7987276339322882 16.0 -1.0 -1.0 -1.0 -1.0 
217.8 30.87 20260414.0 -1.0 7.242257289749948 31.119034459086304 0.014969852518987477 0.03732528463741307 1.9244523048851847 1.0 -1.0 -1.0 -1.0 -1.0 
217.8 30.87 20260414.0 -1.0 2.683706020472 69.2881108873273 0.04434704499077832 0.06359122567855559 1.5561598404516543 4.0 -1.0 -1.0 -1.0 -1.0 
217.8 30.87 20260414.0 -1.0 31.162356 0.0 0.5766019245368041 0.03732528463741307 3.091843428927114 4.0 -1.0 -1.0 -1.0 -1.0 
217.8 30.87 20260414.0 -1.0 178.890877 13.320742564168155 0.15146700281357306 0.11474068981130682 1.2760003486245601 1.0 -1.0 -1.0 -1.0 -1.0 
217.8 30.87 20260414.0 -1.0 272.526261123703 26.64148512833631 0.0756463327554629 0.012441761545804354 0.7025562826971596 1.0 -1.0 -1.0 -1.0 -1.0 
217.8 30.87 20260414.0 -1.0 0.011528285037182139 53.28297025667262 0.03943297886174036 0.009676925646736721 0.5911729815805621 1.0 -1.0 -1.0 -1.0 -1.0 
217.8 30.87 20260414.0 -1.0 0.004473322940284231 66.60371282084077 0.7404350157554982 0.09538683851783337 1.5503135968273973 1.0 -1.0 -1.0 -1.0 -1.0 
217.8 30.87 20260414.0 -1.0 2.57955285121 93.24519794917708 0.011754577418803308 0.012441761545804354 1.2377261305415774 16.0 -1.0 -1.0 -1.0 -1.0 
217.8 30.87 20260414.0 -1.0 6.01293899255 70.05279797921975 4.9667191963512005 0.06497364362808941 29.162962468657913 8.0 29.210068983706247 8.0 6.01297263832142 70.13016764324534 
217.8 30.87 20260414.0 -1.0 0.0076584107490086225 39.96222769250446 8.150628882197571 0.049767046183217416 18.04492612833145 2.0 -1.0 -1.0 -1.0 -1.0 
217.8 30.87 20260414.0 -1.0 389.2522148936672 79.92445538500893 9.560884017047867 0.019353851293473442 46.28348078702942 1.0 46.14595403807219 2.0 194.62604541331532 79.94636715463757 
217.8 30.87 20260414.0 -1.0 1.72586751278 36.09882600872732 4.234115261660174 0.04009012053648069 43.08234211522085 16.0 43.79001153741717 32.0 1.7258571460843088 36.22886005235474 
217.8 30.87 20260414.0 -1.0 2.359930209210988 67.0500023256909 4.878303620845995 0.006912089747669086 179.38423759007208 32.0 180.7441460846107 32.0 2.3599265356703354 66.99303171692412 
218.18 30.87 20260414.0 -1.0 0.9217 15.315636374789982 2.8342962653211936 0.011059343596270537 95.72290964768595 32.0 95.72290751512342 32.0 0.9217122472667446 15.28088789917756 
218.18 30.87 20260414.0 -1.0 0.32412631050293017 39.946365040829065 5.259834716302625 0.13962421290291552 3.4984793186037004 4.0 -1.0 -1.0 -1.0 -1.0 
218.18 30.87 20260414.0 -1.0 1.60840489547 66.57727506804845 1.436202642872211 0.019353851293473442 27.393539176342134 32.0 27.393539143055 32.0 1.6084110635953646 66.58823998449559 
218.18 30.87 20260414.0 -1.0 0.5600315776458 0.6152355451832859 3.9460230334919184 0.027648358990676344 29.44432372297082 32.0 14.252460971708452 32.0 0.8400396230475357 1.31557313039277 
218.18 30.87 20260414.0 -1.0 1.001111 35.17096533297785 1.348692651777729 0.029030776940210157 12.301015544747337 32.0 13.067873143826251 16.0 1.0011111347315214 35.01448485506911 
218.18 30.87 20260414.0 -1.0 0.0625487287419037 26.809354968895914 5.675124553382952 0.022118687192541075 28.889417520838748 32.0 -1.0 -1.0 -1.0 -1.0 
218.18 30.87 20260414.0 -1.0 0.020381854524096684 38.82509160133918 8.721557721439991 0.011059343596270537 45.07787166425517 32.0 -1.0 -1.0 -1.0 -1.0 
218.18 30.87 20260414.0 -1.0 1.752273 27.536451522294342 1.9104167305247841 0.031795612839277794 21.469478142360824 16.0 22.14957955015678 32.0 1.7522628089257828 27.62703573824817 
218.18 30.87 20260414.0 -1.0 1.21978 81.0992309559786 1.0139127866480846 0.05529671798135269 5.861681127483116 8.0 6.5035763328004865 16.0 1.2197536610377333 80.75595061949464 
218.18 30.87 20260414.0 -1.0 26.38213277689397 83.38305987370444 5.4409353721944385 0.0967692564673672 19.039561409037855 4.0 19.039561277607362 4.0 26.382137245188158 83.3870968802802 
218.18 30.87 20260414.0 -1.0 233.32170321379 55.50170357608007 2.717336449659425 0.03041319488974398 11.783110777673143 1.0 11.783110693323597 1.0 233.32152826090655 55.45646734271061 
218.18 30.87 20260414.0 -1.0 0.001450974111856316 57.95332400612862 1.184424414031528 0.006912089747669086 9.25068135475126 8.0 -1.0 -1.0 -1.0 -1.0 
218.18 30.87 20260414.0 -1.0 24.141992420828597 48.51039056263364 2.3748575450926053 0.031795612839277794 21.248569284877345 8.0 21.24857006035855 8.0 24.14199116174132 48.47380995831822 
218.18 30.87 20260414.0 -1.0 0.945001 12.808085440633862 1.652425210272258 0.12580003340757737 2.546026766398978 1.0 -1.0 -1.0 -1.0 -1.0 
218.18 30.87 20260414.0 -1.0 0.052526462246706734 4.905693952382517 1.8290527158198637 0.031795612839277794 0.6198625113356185 16.0 -1.0 -1.0 -1.0 -1.0 
218.18 30.87 20260414.0 -1.0 76.1140249316119 9.811387904765034 3.0244615299203415 0.10921101801317155 7.571399403402454 4.0 7.571399128783143 4.0 76.1140351338933 9.816199511392206 
218.18 30.87 20260414.0 -1.0 2.5592507223 14.717081857147551 7.994481079808956 0.019353851293473442 133.816766198943 32.0 134.17590885698687 32.0 2.559257457808902 14.77489823364188 
218.18 30.87 20260414.0 -1.0 8.010414879211 24.528469761912586 1.3608597880788034 0.013824179495338172 36.08246804653983 32.0 36.17185356710463 32.0 8.010404902355125 24.48989981192695 
218.18 30.87 20260414.0 -1.0 1.7784028636 34.33985766667762 2.1965150000457414 0.04423737438508215 12.594797056980614 16.0 12.850121266349063 16.0 1.778425939846784 34.40729725642629 
218.18 30.87 20260414.0 -1.0 0.5561522 39.24555161906014 3.8784559734588844 0.01105934359627054 101.2808743894279 32.0 101.70597392112627 32.0 0.5561560101341456 39.36599597867597 
218.18 30.87 20260414.0 -1.0 1.81408773956 67.27507469072386 2.8916525901591505 0.024883523091608708 47.14312615509823 32.0 47.22161710042171 32.0 1.8140781321562829 67.29662551624554 
218.18 30.87 20260414.0 -1.0 118.39117415362412 63.77402138097273 5.060231864167956 0.05529671798135269 16.147556034089305 1.0 16.14755679778607 1.0 118.39147191494705 63.75469785749578 
218.18 30.87 20260414.0 -1.0 0.41037503068 78.49110323812027 1.4145394419656847 0.07879782312342758 4.11213358416847 8.0 -1.0 -1.0 -1.0 -1.0 
218.18 30.87 20260414.0 -1.0 3.256799 88.30249114288532 1.8353815962816797 0.05253188208228506 10.484051166329705 16.0 10.484050832727728 16.0 3.25677926108862 88.34579560252986 
218.18 30.87 20260414.0 -1.0 73.41018229354404 93.20818509526782 1.94101460351432 0.0884747487701643 4.270252478193359 1.0 -1.0 -1.0 -1.0 -1.0 
218.18 30.87 20260414.0 -1.0 0.00341097197546927 27.322051256548654 1.1762700810961417 0.02350110514207489 4.7498229093771345 1.0 -1.0 -1.0 -1.0 -1.0 
218.18 30.87 20260414.0 -1.0 101.26565703902918 83.56017313671175 4.543240598663961 0.016589015394405805 31.2555701366217 2.0 31.25557034171681 2.0 101.26580794652304 83.58949274649447 
218.18 30.87 20260414.0 -1.0 8.42387236305 61.41169351011345 5.964548272142296 0.04423737438508215 48.24787777236414 16.0 48.24787754776877 16.0 8.423861193781098 61.42714539603165 
218.55 30.87 20260414.0 -1.0 0.8829 77.76886719725681 0.03174316050154982 0.0027648358990676344 1.3987528492052153 32.0 -1.0 -1.0 -1.0 -1.0 
218.55 30.87 20260414.0 -1.0 108.99208433293131 23.829836451325 0.18189718689592427 0.04700221028414978 1.1597651627627497 4.0 -1.0 -1.0 -1.0 -1.0 
218.55 30.87 20260414.0 -1.0 0.1910721889582764 70.22990562612502 0.01714049668094262 0.06082638977948796 1.5968917508790428 4.0 -1.0 -1.0 -1.0 -1.0 
218.55 30.87 20260414.0 -1.0 3.2782587687 60.862186050114715 0.0402587685177346 0.029030776940210157 1.2324897320696144 2.0 -1.0 -1.0 -1.0 -1.0 
218.55 30.87 20260414.0 -1.0 2.3847 76.90114018473793 0.29809001901725773 0.013824179495338174 5.486739646323211 16.0 -1.0 -1.0 -1.0 -1.0 
218.55 30.87 20260414.0 -1.0 107.00689556931745 46.53069474657705 0.04073436927058741 0.022118687192541075 0.8744085307797272 1.0 -1.0 -1.0 -1.0 -1.0 
218.55 30.87 20260414.0 -1.0 0.023287445350969216 39.44892267666488 0.17187927865056338 0.05391430003181887 1.19525627665277 16.0 -1.0 -1.0 -1.0 -1.0 
218.55 30.87 20260414.0 -1.0 0.266269 87.06194358939452 0.0154745832551114 0.03456044873834543 0.649215673671864 1.0 -1.0 -1.0 -1.0 -1.0 
218.55 30.87 20260414.0 -1.0 0.17349450105355313 83.46040996754195 0.037209776865069044 0.016589015394405805 0.38798443138129024 4.0 -1.0 -1.0 -1.0 -1.0 
218.55 30.87 20260414.0 -1.0 382.76240356282 26.655614126501696 0.03801526268472719 0.08985716671969811 1.3096160789879698 1.0 -1.0 -1.0 -1.0 -1.0 
218.55 30.87 20260414.0 -1.0 1.603391 39.98342118975255 0.011324144449515312 0.13409454110478025 0.8937156974698787 1.0 -1.0 -1.0 -1.0 -1.0 
218.55 30.87 20260414.0 -1.0 1.925804879053 66.63903531625424 0.05830107566701391 0.027648358990676344 1.23885630476898 32.0 -1.0 -1.0 -1.0 -1.0 
218.55 30.87 20260414.0 -1.0 1.305 93.29464944275594 0.1898575371148436 0.20183302063193728 0.9227701849140473 4.0 -1.0 -1.0 -1.0 -1.0 
218.55 30.87 20260414.0 -1.0 0.11058531999971098 17.214584280616535 2.995350474018469 0.017971433343939622 36.90003918834967 32.0 40.612965669055576 32.0 0.11059455573558809 20.947972153177183 
218.55 30.87 20260414.0 -1.0 0.005351387335979491 0.0 1.2345513278322087 0.038707702586946884 3.0249143466719692 16.0 -1.0 -1.0 -1.0 -1.0 
218.55 30.87 20260414.0 -1.0 15.8222513304 13.327807063250848 2.3666684090855825 0.012441761545804354 58.894830283526844 32.0 58.894830578011096 32.0 15.82223679482316 13.358127170141973 
218.55 30.87 20260414.0 -1.0 26.38213277689397 74.12068158548387 4.073436927058742 0.08985716671969811 8.220351875911618 4.0 8.38982895670385 8.0 26.382258511148397 74.27928290063794 
218.55 30.87 20260414.0 -1.0 0.2659 55.8051103427466 2.461722663331215 0.13409454110478025 0.6063576256394625 1.0 -1.0 -1.0 -1.0 -1.0 
218.55 30.87 20260414.0 -1.0 159.744409 53.31122825300339 2.3732174541416833 0.038707702586946884 9.127075636247262 1.0 9.127075612281743 1.0 159.74413448323807 53.331310747460755 
218.55 30.87 20260414.0 -1.0 1.2289964712 78.44065585211013 1.5199110829529348 0.027648358990676344 20.274225663810157 32.0 20.274224896364007 32.0 1.229000190505758 78.42839815803052 
218.55 30.87 20260414.0 -1.0 0.10857111194022039 79.9668423795051 4.85141678958301 0.009676925646736721 125.57127966549204 32.0 125.9715633868516 32.0 0.10856335090162854 80.0475650877447 
218.55 30.87 20260414.0 -1.0 0.703497 57.475251581895854 4.686699264989961 0.027648358990676344 61.90711074584067 32.0 62.2777339295285 32.0 0.70349415182136 57.78401980417475 
218.55 30.87 20260414.0 -1.0 1.6873527450197159 90.85008517092855 1.9558211260887155 0.011059343596270537 62.791777662639305 32.0 62.85913982143935 32.0 1.6873552037092547 90.87574393020826 
218.55 30.87 20260414.0 -1.0 2.269537144722 56.96207969277178 8.298352886146269 0.06082638977948796 59.518684364891655 16.0 61.28659196611143 32.0 2.2695227623141063 57.075634272424786 
218.55 30.87 20260414.0 -1.0 16.486248765294633 9.820489415026941 3.2858797440244336 0.02350110514207489 49.32759638072862 16.0 49.32759642473171 16.0 16.486228560097516 9.816199511392206 
218.55 30.87 20260414.0 -1.0 1.30583111159 24.551223537567353 1.9025143132328175 0.02073626924300726 35.59152101963749 32.0 36.01287698076966 32.0 1.3058221763155113 24.388701878819813 
218.55 30.87 20260414.0 -1.0 183.19776376217357 29.461468245080823 1.0909473215800531 0.023501105142074895 7.850545596006365 2.0 -1.0 -1.0 -1.0 -1.0 
218.55 30.87 20260414.0 -1.0 0.63683091551 39.281957660107764 6.338408101544686 0.017971433343939622 116.75268687337673 32.0 117.37568890933944 32.0 0.6368281901814044 39.163600112461694 
218.55 30.87 20260414.0 -1.0 0.3895347605661933 44.192202367621235 1.5722429353525675 0.013824179495338172 42.475888159144574 32.0 42.930914543939664 32.0 0.3895365807693452 44.72948643335418 
218.55 30.87 20260414.0 -1.0 0.634563531429 49.102447075134705 1.5657393701560414 0.04285495643554834 8.9631129942696 16.0 9.1723085958143 16.0 0.6345847699170312 48.9797996238539 
218.55 30.87 20260414.0 -1.0 6.5760057590641745 93.29464944275594 1.12461818180837 0.06773847952715704 4.619828107940878 8.0 -1.0 -1.0 -1.0 -1.0 
218.55 30.87 20260414.0 -1.0 0.385055647243 31.20085085874346 2.5747856149512502 0.026265941041142528 31.044579429830755 32.0 31.355804219116447 32.0 0.38504974024059874 31.067765463890797 
218.55 30.87 20260414.0 -1.0 63.66292004108154 35.85671945279639 5.2236226600888855 0.022118687192541075 44.56400246357952 4.0 44.56400249419991 4.0 63.66293140066167 35.8240683199262 
218.55 30.87 20260414.0 -1.0 1.191335192834 21.17067302586391 4.465447487050318 0.05391430003181887 31.385889603181443 16.0 31.38588889243699 16.0 1.1913167933622997 21.150368019391458 
218.55 30.87 20260414.0 -1.0 0.007280896776164848 31.900630707549013 8.83679193392215 0.022118687192541075 30.918075698401143 16.0 -1.0 -1.0 -1.0 -1.0 
218.55 30.87 20260414.0 -1.0 87.41714904777294 19.472540592762442 8.584072349125751 0.03456044873834543 64.36331523245995 4.0 64.36331579192442 4.0 87.41723528752725 19.430003156570145 
218.92 30.87 20260414.0 -1.0 0.149096940909 67.79776706485664 3.8544160923830697 0.016589015394405805 57.0423215988851 32.0 59.11847615113246 32.0 0.14909649811064205 66.08225031895991 
218.92 30.87 20260414.0 -1.0 17.501175782223278 26.326871653405814 4.8985664859507105 0.21427478217774165 5.418589229953982 2.0 -1.0 -1.0 -1.0 -1.0 
218.92 30.87 20260414.0 -1.0 10.129015294167026 13.344945232809732 1.1316323927026737 0.05114946413275124 3.962848713962494 8.0 -1.0 -1.0 -1.0 -1.0 
218.92 30.87 20260414.0 -1.0 1.44393577539 72.79594887272467 2.2132705406142086 0.009676925646736721 75.13938901949635 32.0 75.13938993587867 32.0 1.4439441050247601 72.76131390403089 
218.92 30.87 20260414.0 -1.0 3.205 74.32810180074402 2.7323960847671813 0.03456044873834543 19.267158449135806 16.0 19.3206354876465 16.0 3.204998696067681 74.38048083374507 
218.92 30.87 20260414.0 -1.0 0.005111029685053786 68.84411540594303 3.467799705648203 0.029030776940210157 17.91851416348286 4.0 -1.0 -1.0 -1.0 -1.0 
218.92 30.87 20260414.0 -1.0 267.03957629533625 72.10461157593545 1.0280191389284832 0.013824179495338172 3.243678732609752 1.0 -1.0 -1.0 -1.0 -1.0 
218.92 30.87 20260414.0 -1.0 1.2772231067 28.017845311768646 2.8976518526871895 0.09400442056829958 5.6651389515762824 16.0 -1.0 -1.0 -1.0 -1.0 
218.92 30.87 20260414.0 -1.0 9.5532971893 67.85382144027197 5.620500328049204 0.05391430003181887 25.44832457387779 8.0 27.253019705006803 16.0 9.55327171444272 67.80261518178122 
282.46 13.23 20260414.0 -1.0 1.04442576171 67.52891729028609 0.08595941066946326 0.01520659744487199 1.5974679202254363 8.0 -1.0 -1.0 -1.0 -1.0 
282.46 13.23 20260414.0 -1.0 0.0014643714749500898 48.9339980364392 0.06592982275469446 0.01520659744487199 1.949349974259523 1.0 -1.0 -1.0 -1.0 -1.0 
282.46 13.23 20260414.0 -1.0 0.1991405323955412 29.31146482382708 0.4709418621680498 0.08709233082063048 1.7025298894051484 4.0 -1.0 -1.0 -1.0 -1.0 
282.46 13.23 20260414.0 -1.0 0.6547438511715743 133.8344846296612 0.04231191156111125 0.01520659744487199 1.0281694012351388 4.0 -1.0 -1.0 -1.0 -1.0 
282.46 13.23 20260414.0 -1.0 0.482589475307 144.25742621142277 0.02424590861007524 0.030413194889743977 2.3998954082378745 2.0 -1.0 -1.0 -1.0 -1.0 
282.46 13.23 20260414.0 -1.0 1.0366956124632973 18.93745724010197 0.026542534726965158 0.035942866687879244 2.370748461400105 1.0 -1.0 -1.0 -1.0 -1.0 
282.46 13.23 20260414.0 -1.0 0.011163339112402308 49.129734028584956 0.08824590664848048 0.009676925646736721 0.1994065057995956 1.0 -1.0 -1.0 -1.0 -1.0 
282.46 13.23 20260414.0 -1.0 1.1001096 106.43144572925526 0.338028170801927 0.008294507697202903 4.7952115579744 32.0 -1.0 -1.0 -1.0 -1.0 
282.46 13.23 20260414.0 -1.0 0.0950246184471621 27.745576886661027 0.5299957990657957 0.03317803078881161 1.3246143340138115 2.0 -1.0 -1.0 -1.0 -1.0 
282.46 13.23 20260414.0 -1.0 0.006142431700545755 57.64424968692538 0.632091685978404 0.013824179495338172 0.32770301654432926 1.0 -1.0 -1.0 -1.0 -1.0 
282.46 13.23 20260414.0 -1.0 3.14404059506 0.0 0.15809563962528994 0.006912089747669085 1.0090094717510498 4.0 -1.0 -1.0 -1.0 -1.0 
282.46 13.23 20260414.0 -1.0 287.457853995106 139.79744181895873 0.1661583045958257 0.027648358990676344 -inf 1.0 -1.0 -1.0 -1.0 -1.0 
282.46 13.23 20260414.0 -1.0 0.5498333678648692 279.59488363791746 0.10886886377494363 0.016589015394405805 -0.08554754103967353 2.0 -1.0 -1.0 -1.0 -1.0 
282.46 13.23 20260414.0 -1.0 1.06477508236 349.49360454739684 0.5021923433847281 0.06773847952715704 1.0958787891420247 1.0 -1.0 -1.0 -1.0 -1.0 
282.46 13.23 20260414.0 -1.0 0.010960009343034309 419.39232545687616 0.010939661911164156 0.008294507697202903 0.07442575949967258 1.0 -1.0 -1.0 -1.0 -1.0 
282.46 13.23 20260414.0 -1.0 240.25490831930935 489.29104636635554 0.06782395925350981 0.011059343596270537 0.5325452007212456 1.0 -1.0 -1.0 -1.0 -1.0 
282.46 13.23 20260414.0 -1.0 1.180767 69.89872090947937 1.2939312183928706 0.013824179495338172 19.816463671646172 32.0 19.930408188523028 32.0 1.1807666548217337 69.92777177703108 
282.46 13.23 20260414.0 -1.0 2.84923231813 209.69616272843808 3.9324161039416032 0.013824179495338172 45.81190962001547 32.0 45.89154922813675 32.0 2.849234685224171 209.68211739798613 
282.46 13.23 20260414.0 -1.0 316.12398422451724 68.94800323334283 1.086434630269865 0.008294507697202903 5.46475198921303 1.0 -1.0 -1.0 -1.0 -1.0 
282.46 13.23 20260414.0 -1.0 3.383137785416 54.21886982437463 5.31829688285358 0.013824179495338172 97.56546450449243 32.0 97.6697390563343 32.0 3.383138391654939 54.24209214542498 
282.46 13.23 20260414.0 -1.0 0.0010862364444006972 47.955318075710416 2.3748575450926053 0.04285495643554833 1.989541597494676 1.0 -1.0 -1.0 -1.0 -1.0 
282.46 13.23 20260414.0 -1.0 0.0031546383589244544 75.01581898986129 8.145000008709298 0.08709233082063048 1.888437500527195 1.0 -1.0 -1.0 -1.0 -1.0 
282.46 13.23 20260414.0 -1.0 0.65722662717 0.0 4.028659068035433 0.02764835899067634 14.58983654991888 16.0 -1.0 -1.0 -1.0 -1.0 
282.46 13.23 20260414.0 -1.0 1.2373625970827 183.55142663468342 3.245272167306021 0.017971433343939622 45.91401778115412 32.0 45.99356703217451 32.0 1.2373675417620689 183.57305065634498 
282.46 13.23 20260414.0 -1.0 357.99117399581 107.45905968802047 1.8790026506185737 0.1382417949533817 2.6033555632205285 1.0 -1.0 -1.0 -1.0 -1.0 
282.79 13.23 20260414.0 -1.0 0.646438269959 109.28872565559016 0.10590159234624662 0.03317803078881161 0.828853929245893 1.0 -1.0 -1.0 -1.0 -1.0 
282.79 13.23 20260414.0 -1.0 355.075809 229.21040672145344 0.10111148295914613 0.05253188208228506 1.5370283690666648 1.0 -1.0 -1.0 -1.0 -1.0 
282.79 13.23 20260414.0 -1.0 0.6249554554 44.83897234332152 0.1467292344570344 0.019353851293473442 1.485387901415063 2.0 -1.0 -1.0 -1.0 -1.0 
282.79 13.23 20260414.0 -1.0 0.303938 180.35899837425526 0.07554188520624827 0.024883523091608708 0.6833535535187207 2.0 -1.0 -1.0 -1.0 -1.0 
282.79 13.23 20260414.0 -1.0 0.0024727047830328253 109.2385702055417 0.31049113500505254 0.027648358990676344 1.5643180236787113 1.0 -1.0 -1.0 -1.0 -1.0 
282.79 13.23 20260414.0 -1.0 2.87253929366 202.12646369528608 0.059893230394471676 0.04423737438508215 0.09230359393390866 16.0 -1.0 -1.0 -1.0 -1.0 
282.79 13.23 20260414.0 -1.0 3.65798554138 83.91006793107037 0.3338507492441885 0.052531882082285056 1.295008399189914 1.0 -1.0 -1.0 -1.0 -1.0 
282.79 13.23 20260414.0 -1.0 39.294134837454486 76.6876831240924 0.07643430638053694 0.02350110514207489 2.2904671710898135 4.0 -1.0 -1.0 -1.0 -1.0 
282.79 13.23 20260414.0 -1.0 348.60365221773014 0.0 0.014273006104727986 0.04009012053648069 0.9519675731534865 1.0 -1.0 -1.0 -1.0 -1.0 
282.79 13.23 20260414.0 -1.0 1.9270125222336 71.64347786207605 0.023863699619569044 0.02073626924300726 1.0433796631801628 32.0 -1.0 -1.0 -1.0 -1.0 
282.79 13.23 20260414.0 -1.0 0.05350093162169203 214.93043358622816 0.013807466919654225 0.013824179495338172 0.6000639004014364 2.0 -1.0 -1.0 -1.0 -1.0 
282.79 13.23 20260414.0 -1.0 402.588227988547 286.5739114483042 0.02935937287463482 0.01520659744487199 -0.16559835252314528 1.0 -1.0 -1.0 -1.0 -1.0 
282.79 13.23 20260414.0 -1.0 2.60086625589 429.8608671724563 0.35453161212421364 0.04009012053648069 1.4632952689217227 16.0 -1.0 -1.0 -1.0 -1.0 
282.79 13.23 20260414.0 -1.0 0.5917848809916929 501.5043450345324 0.24363443662967038 0.024883523091608708 2.391492794764374 32.0 -1.0 -1.0 -1.0 -1.0 
282.79 13.23 20260414.0 -1.0 1.775348 0.7021763006784132 5.663374845755554 0.02073626924300726 51.35973384777594 32.0 45.519229936675245 32.0 0.8876668289303781 1.1131772641784976 
282.79 13.23 20260414.0 -1.0 18.07331488113158 186.678585080361 2.901658274206379 0.1451538847010508 9.54497762345203 4.0 9.54497768088984 4.0 18.07323618171116 186.7101865826662 
282.79 13.23 20260414.0 -1.0 335.8162133708968 143.2869557241521 5.667288709535706 0.04147253848601451 11.887021416837479 1.0 -1.0 -1.0 -1.0 -1.0 
282.79 13.23 20260414.0 -1.0 6.125554131008 358.21738931038027 2.931883535706413 0.027648358990676348 20.56043397764373 16.0 20.56043281000752 16.0 6.125568082400909 358.240683199262 
282.79 13.23 20260414.0 -1.0 0.001635122972536765 124.4356715702245 1.4421681552054735 0.01520659744487199 0.9900489601883746 4.0 -1.0 -1.0 -1.0 -1.0 
282.79 13.23 20260414.0 -1.0 0.03394511707903087 68.21141206590299 5.531899575193495 0.02350110514207489 6.2095818582813305 32.0 -1.0 -1.0 -1.0 -1.0 
283.12 13.23 20260414.0 -1.0 2.06709800946 46.235731395547504 0.065430701748217 0.013824179495338174 0.4899015122297269 16.0 -1.0 -1.0 -1.0 -1.0 
283.12 13.23 20260414.0 -1.0 12.117230277075379 54.43719151005704 0.4751904311947493 0.011059343596270537 5.403147444204812 16.0 -1.0 -1.0 -1.0 -1.0 
283.12 13.23 20260414.0 -1.0 1.73619728331 36.44523838385175 0.29850217145225044 0.027648358990676344 1.277171786265934 32.0 -1.0 -1.0 -1.0 -1.0 
283.12 13.23 20260414.0 -1.0 0.04857911289032549 29.986588543675488 0.7781962056190481 0.024883523091608708 0.684131734731705 1.0 -1.0 -1.0 -1.0 -1.0 
283.12 13.23 20260414.0 -1.0 12.513360302752432 91.29250289963427 0.015820489688171065 0.04147253848601452 0.0315433280146266 32.0 -1.0 -1.0 -1.0 -1.0 
283.12 13.23 20260414.0 -1.0 150.34910263393004 15.223960337558326 0.8145000008709293 0.01382417949533817 2.889741585721373 2.0 -1.0 -1.0 -1.0 -1.0 
283.12 13.23 20260414.0 -1.0 383.339448073778 7.176277600195844 0.6035011024807174 0.03732528463741307 0.364174931489175 1.0 -1.0 -1.0 -1.0 -1.0 
283.12 13.23 20260414.0 -1.0 0.415809 27.78244613790105 0.05785970800743583 0.012441761545804354 1.4577139208327947 1.0 -1.0 -1.0 -1.0 -1.0 
283.12 13.23 20260414.0 -1.0 1.555307 46.69706352698867 0.15410572815741164 0.02073626924300726 0.5048084271781231 32.0 -1.0 -1.0 -1.0 -1.0 
283.12 13.23 20260414.0 -1.0 37.702100452867 146.4399994374658 0.03387294721081126 0.009676925646736721 2.073283312838911 1.0 -1.0 -1.0 -1.0 -1.0 
283.12 13.23 20260414.0 -1.0 2.726751158543 219.6599991561987 0.014213965975708936 0.029030776940210157 0.5806788047851812 1.0 -1.0 -1.0 -1.0 -1.0 
283.12 13.23 20260414.0 -1.0 428.6895106469847 292.8799988749316 0.02276856886482728 0.01520659744487199 1.5252160009919042 1.0 -1.0 -1.0 -1.0 -1.0 
283.12 13.23 20260414.0 -1.0 1.055928358822309 439.3199983123974 0.020371870326560237 0.06773847952715704 -0.0067504138972740435 2.0 -1.0 -1.0 -1.0 -1.0 
283.12 13.23 20260414.0 -1.0 2.185717553667 512.5399980311303 0.23601374365373645 0.011059343596270537 1.7491611516493082 1.0 -1.0 -1.0 -1.0 -1.0 
283.12 13.23 20260414.0 -1.0 0.4135153129744352 0.0 1.95852533081917 0.006912089747669086 23.238744694721305 32.0 6.238090515004402 32.0 0.10337923110152285 8.095834648570891 
283.12 13.23 20260414.0 -1.0 5.28836132017 73.2199997187329 3.8146802935686224 0.011059343596270537 80.19509119375178 32.0 80.31251517362229 32.0 5.2883478929288685 73.26730356956658 
283.12 13.23 20260414.0 -1.0 3.070937017275 366.09999859366445 2.905670235181032 0.012441761545804354 48.008928687799866 32.0 48.088783514367165 32.0 3.0709391770263514 366.03292404851146 
283.12 13.23 20260414.0 -1.0 0.24168959255 56.12874265867463 2.7418507101288534 0.049767046183217416 6.607622523710842 16.0 6.852753110046509 16.0 0.24168305875112614 58.08761360349616 
283.12 13.23 20260414.0 -1.0 1.3877054315079 73.14677239628192 3.6724551076599004 0.04009012053648069 21.188102760882085 16.0 21.548435694557018 16.0 1.387707015965134 72.96370977024517 
283.12 13.23 20260414.0 -1.0 253.4366 56.43629741296874 2.032969265840357 0.022118687192541075 4.539561372296281 2.0 -1.0 -1.0 -1.0 -1.0 
283.12 13.23 20260414.0 -1.0 0.004535421422424813 94.72686432258513 2.007845414129436 0.02073626924300726 0.37265020538536536 1.0 -1.0 -1.0 -1.0 -1.0 
283.12 13.23 20260414.0 -1.0 268.65020045513 53.951578740118975 8.327066811662002 0.031795612839277794 15.965106654783613 1.0 -1.0 -1.0 -1.0 -1.0 
283.12 13.23 20260414.0 -1.0 0.006733739363044482 161.85473622035693 4.71918917252815 0.012441761545804354 1.3585190972545025 32.0 -1.0 -1.0 -1.0 -1.0 
283.12 13.23 20260414.0 -1.0 0.0035878306264439147 188.8305255904164 5.570248719345162 0.02350110514207489 0.8736271184958034 2.0 -1.0 -1.0 -1.0 -1.0 
283.12 13.23 20260414.0 -1.0 0.026976611339013436 85.75651732234033 8.855125476097193 0.011059343596270537 23.562172740588178 32.0 6.099826492358883 1.0 0.5122274160385132 95.22725505381513 
283.12 13.23 20260414.0 -1.0 2.0360728738 350.68526181077334 2.4029131483301134 0.02350110514207489 23.621004660500176 32.0 23.62100488150102 32.0 2.0360857888590544 350.65083821622676 
283.12 13.23 20260414.0 -1.0 2.93069668519 458.5884192910113 2.691181534972077 0.011059343596270537 5.30649968859508 1.0 -1.0 -1.0 -1.0 -1.0 
283.12 13.23 20260414.0 -1.0 234.79739665614056 100.92921853418298 4.858124572854598 0.024883523091608708 15.234573266556641 1.0 15.234573043229316 1.0 234.79709246506295 100.89433930781473 
283.45 13.23 20260414.0 -1.0 0.37922747574 70.01245554933456 2.2565000295026394 0.026265941041142524 11.119129837486685 32.0 11.352670419882362 32.0 0.379228974149252 69.82657384392395 
283.45 13.23 20260414.0 -1.0 3.89216435552 53.993101503912925 2.223999644408111 0.008294507697202903 57.723456478263884 32.0 57.794007409392194 32.0 3.8921522597471876 54.03969627921071 
283.45 13.23 20260414.0 -1.0 0.009246266070866132 201.3186362495119 3.3362018990225044 0.0400901205364807 0.9906978494534668 1.0 -1.0 -1.0 -1.0 -1.0 
283.45 13.23 20260414.0 -1.0 1.10480469655 17.542505741543692 0.028284281734170063 0.08985716671969811 1.6110638698904443 8.0 -1.0 -1.0 -1.0 -1.0 
283.45 13.23 20260414.0 -1.0 22.91337153767 76.89289941802386 0.0136651235103008 0.058061553880420315 1.3344696615933882 1.0 -1.0 -1.0 -1.0 -1.0 
283.45 13.23 20260414.0 -1.0 0.0027483727270493745 67.64894429673137 0.31264357272238175 0.02488352309160871 0.20609991252268373 2.0 -1.0 -1.0 -1.0 -1.0 
283.45 13.23 20260414.0 -1.0 2.895182851468 53.20526441971186 0.08788087844939613 0.01382417949533817 0.9581376861741712 2.0 -1.0 -1.0 -1.0 -1.0 
283.45 13.23 20260414.0 -1.0 4.079967 55.98895545055562 0.29522084210045635 0.022118687192541075 1.0585001119786024 1.0 -1.0 -1.0 -1.0 -1.0 
283.45 13.23 20260414.0 -1.0 0.2575872542383222 85.76919723335584 0.09293874842458964 0.016589015394405805 1.210252644767696 16.0 -1.0 -1.0 -1.0 -1.0 
283.45 13.23 20260414.0 -1.0 3.6279007508719 46.009685717342144 0.0259263496730576 0.009676925646736721 1.2612923032801904 32.0 -1.0 -1.0 -1.0 -1.0 
283.45 13.23 20260414.0 -1.0 0.02318067352424208 86.08433206703627 0.08061031886448358 0.008294507697202903 1.0922438801256598 1.0 -1.0 -1.0 -1.0 -1.0 
283.45 13.23 20260414.0 -1.0 0.24943292613086243 107.67106817414543 0.01644453517634065 0.04009012053648069 2.354966748999447 1.0 -1.0 -1.0 -1.0 -1.0 
283.45 13.23 20260414.0 -1.0 0.5448030067875276 75.02460004691848 0.016297508346206444 0.03041319488974398 -0.2022260332296776 2.0 -1.0 -1.0 -1.0 -1.0 
283.45 13.23 20260414.0 -1.0 301.503639 225.07380014075545 0.16684847141891276 0.01935385129347344 0.8235873395828577 1.0 -1.0 -1.0 -1.0 -1.0 
283.45 13.23 20260414.0 -1.0 0.009504760465857926 300.0984001876739 0.025167500389714433 0.07465056927482613 0.5693673642921033 1.0 -1.0 -1.0 -1.0 -1.0 
283.45 13.23 20260414.0 -1.0 68.540096 375.1230002345924 0.020555653727948493 0.038707702586946884 0.31500933113108065 1.0 -1.0 -1.0 -1.0 -1.0 
283.45 13.23 20260414.0 -1.0 1.0904482052169715 0.0 9.390684932040841 0.035942866687879244 32.431292863349576 32.0 6.07962649629541 8.0 1.90824115027984 9.310209845856525 
283.45 13.23 20260414.0 -1.0 0.4154199938414404 112.97583787443259 3.2095980321218964 0.030413194889743984 20.357546317906348 32.0 20.809609248233084 32.0 0.41542686327981454 112.73449748134968 
283.45 13.23 20260414.0 -1.0 0.003395332831576623 150.04920009383696 2.044236098599575 0.017971433343939622 3.523961064913351 4.0 -1.0 -1.0 -1.0 -1.0 
283.45 13.23 20260414.0 -1.0 3.796839809414 36.97582048516994 1.2448284660085038 0.019353851293473442 14.188354523880973 32.0 14.30049359087003 32.0 3.7968372150013847 37.03844351721183 
283.45 13.23 20260414.0 -1.0 2.398082 450.1476002815109 5.898982091432938 0.013824179495338172 78.5208756930418 32.0 78.58013829187007 32.0 2.398094996654739 450.1284064605416 
283.45 13.23 20260414.0 -1.0 135.26875068606108 525.1722003284293 2.4430862186685034 0.07465056927482613 1.0158724099711738 1.0 -1.0 -1.0 -1.0 -1.0 
283.45 13.23 20260414.0 -1.0 3.000716562 21.534213634829086 1.766951880380009 0.012441761545804354 28.100486093611153 32.0 28.504438264883408 32.0 3.0007261860494814 21.55515975182 
283.45 13.23 20260414.0 -1.0 167.88040181225588 112.50313562391196 7.638152038733344 0.030413194889743984 22.898891171984836 2.0 22.898891485086715 2.0 167.88059535125893 112.5321016151354 
283.45 13.23 20260414.0 -1.0 4.57223191539 117.80790532419911 1.3301860569649206 0.0566791359308865 4.406669771776871 8.0 -1.0 -1.0 -1.0 -1.0 
283.45 13.23 20260414.0 -1.0 2.217787 23.004842858671072 1.3874400330185561 0.026265941041142528 8.46120207791642 16.0 8.553731010255715 16.0 2.2177725137832267 22.769534949105637 
283.45 13.23 20260414.0 -1.0 4.06545762605 38.07879240305143 1.0055420575945406 0.058061553880420315 2.2401413417265914 8.0 -1.0 -1.0 -1.0 -1.0 
283.45 13.23 20260414.0 -1.0 7.2381013428 0.0 3.0223728185376832 0.019353851293473442 37.13090569173682 32.0 -1.0 -1.0 -1.0 -1.0 
283.45 13.23 20260414.0 -1.0 1.270949152698 110.56256849019564 2.15741350665398 0.09676925646736721 4.486908417467298 4.0 -1.0 -1.0 -1.0 -1.0 
283.45 13.23 20260414.0 -1.0 0.6577596477986581 138.20321061274456 2.776159053873846 0.027648358990676344 24.746928993710327 16.0 24.894366711779035 16.0 0.6577465683221817 138.33757455745513 
283.45 13.23 20260414.0 -1.0 247.586036 165.84385273529347 3.4942529093140573 0.02350110514207489 11.706096306207051 1.0 11.706095985215308 1.0 247.58628569543365 165.86341236259616 
283.45 13.23 20260414.0 -1.0 6.173602 80.98965225586939 8.20146411750295 0.18247916933846386 8.26313846636219 2.0 8.34406035687329 8.0 6.173528769674401 81.1607423519232 
283.45 13.23 20260414.0 -1.0 0.3409 73.32137130297903 7.933958947697883 0.02764835899067634 49.8969373516464 32.0 35.47405709530212 16.0 0.6818178614291053 73.77329323510226 
283.78 13.23 20260414.0 -1.0 55.71965302765676 96.09061191240313 6.507007961928565 0.031795612839277794 26.995767123334264 8.0 26.995767045985172 8.0 55.71964720729739 96.13803645177934 
283.78 13.23 20260414.0 -1.0 2.7874942067382 87.06014922845753 9.16634543409181 0.08018024107296139 29.39024323626816 16.0 30.611361213562247 32.0 2.787479994973789 87.03022247213708 
283.78 13.23 20260414.0 -1.0 346.020761 154.48348396368178 7.895683640747891 0.049767046183217416 8.925085804815572 1.0 -1.0 -1.0 -1.0 -1.0 
283.78 13.23 20260414.0 -1.0 0.8699442722 33.90479103493347 2.306940022847628 0.027648358990676348 16.038661468407078 32.0 16.278552933503207 32.0 0.869931682245806 34.00250552399774 
283.78 13.23 20260414.0 -1.0 273.9479176156 48.88346267237616 1.9183519718531423 0.03317803078881161 3.743842015068814 1.0 -1.0 -1.0 -1.0 -1.0 
283.78 13.23 20260414.0 -1.0 3.522355067817 141.6755223469309 0.28856657484299875 0.011059343596270537 2.310224899078153 8.0 -1.0 -1.0 -1.0 -1.0 
283.78 13.23 20260414.0 -1.0 1.07746138421 42.17820894297943 0.037441853161258684 0.05391430003181888 0.5007178932436678 4.0 -1.0 -1.0 -1.0 -1.0 
283.78 13.23 20260414.0 -1.0 0.0011425577257181067 286.16292529006046 0.043138345689752236 0.03041319488974398 0.45226775639437455 1.0 -1.0 -1.0 -1.0 -1.0 
283.78 13.23 20260414.0 -1.0 300.93062461215555 232.46682082803662 0.0831556933797168 0.1354769590543141 -0.22209942113800527 1.0 -1.0 -1.0 -1.0 -1.0 
283.78 13.23 20260414.0 -1.0 1.085234618514 1.2437164175493933 0.8122523361259273 0.009676925646736721 9.662535675333958 32.0 9.907971703040339 32.0 1.0852393946455172 1.416771063499906 
283.78 13.23 20260414.0 -1.0 0.14173287223105083 77.75931341026208 0.17152342191960424 0.024883523091608708 1.7932988726229742 1.0 -1.0 -1.0 -1.0 -1.0 
283.78 13.23 20260414.0 -1.0 0.24625963556 0.0 0.10909473215800525 0.026265941041142528 1.5064496176131115 1.0 -1.0 -1.0 -1.0 -1.0 
283.78 13.23 20260414.0 -1.0 0.4500881198 77.24174198184089 0.9204419411332698 0.026265941041142528 5.587277681230311 32.0 -1.0 -1.0 -1.0 -1.0 
283.78 13.23 20260414.0 -1.0 0.18086 231.72522594552265 0.041558691605743284 0.013824179495338172 0.031424659259364586 1.0 -1.0 -1.0 -1.0 -1.0 
283.78 13.23 20260414.0 -1.0 1.436429 308.96696792736356 0.012243590363412011 0.0483846282336836 3.6206143577218572 1.0 -1.0 -1.0 -1.0 -1.0 
283.78 13.23 20260414.0 -1.0 0.211461 386.20870990920446 0.0144117218517521 0.029030776940210157 2.264188884238143 8.0 -1.0 -1.0 -1.0 -1.0 
283.78 13.23 20260414.0 -1.0 4.08432434691 463.4504518910453 0.018189718689592425 0.12165277955897592 1.9148317673897066 4.0 -1.0 -1.0 -1.0 -1.0 
283.78 13.23 20260414.0 -1.0 0.5456850475912 540.6921938728863 0.054146870045335145 0.05529671798135269 1.748317441739709 8.0 -1.0 -1.0 -1.0 -1.0 
283.78 13.23 20260414.0 -1.0 200.37770740535 55.21019401382307 7.933958947697883 0.017971433343939622 35.266821822724324 2.0 35.2668217771932 2.0 200.3779324392478 55.25407147649634 
283.78 13.23 20260414.0 -1.0 0.0027357715691219368 126.85907459003813 1.3137473444842838 0.029030776940210157 1.6057858346560594 1.0 -1.0 -1.0 -1.0 -1.0 
284.53 31.16 20260414.0 -1.0 0.02134035701318364 86.4603482979726 1.9276514212614073 0.019353851293473442 2.2374300172641344 2.0 -1.0 -1.0 -1.0 -1.0 
284.53 31.16 20260414.0 -1.0 46.150952871948284 127.79693606764636 9.41016762661388 0.016589015394405805 83.18221082389886 4.0 83.18221201749179 4.0 46.15091408292453 127.81298951431297 
284.53 31.16 20260414.0 -1.0 3.474139356676 78.45625268045292 0.019871462110558444 0.06082638977948797 2.6238331982415484 8.0 -1.0 -1.0 -1.0 -1.0 
284.53 31.16 20260414.0 -1.0 0.0040805084892322555 138.64812609945156 0.4346741528465427 0.04009012053648069 0.6313897054546489 32.0 -1.0 -1.0 -1.0 -1.0 
284.53 31.16 20260414.0 -1.0 3.08777735214 91.9396620764089 0.02161889455822978 0.03456044873834543 1.0579128458711813 16.0 -1.0 -1.0 -1.0 -1.0 
284.53 31.16 20260414.0 -1.0 3.0525575857019174 94.57188144055965 0.02674500751563192 0.05391430003181888 2.5733268410663577 4.0 -1.0 -1.0 -1.0 -1.0 
284.53 31.16 20260414.0 -1.0 1.26048 76.3343615603722 0.03746772860071674 0.02626594104114253 0.8528346056697176 32.0 -1.0 -1.0 -1.0 -1.0 
284.53 31.16 20260414.0 -1.0 6.08182071422559 59.574107649861205 0.6570247931400152 0.022118687192541075 8.973253163803493 32.0 9.298926173797431 32.0 6.081821387245631 59.50438466699605 
284.53 31.16 20260414.0 -1.0 1.7994801437632277 77.38187742977914 0.28737292245580665 0.030413194889743977 1.4250761810008963 16.0 -1.0 -1.0 -1.0 -1.0 
284.53 31.16 20260414.0 -1.0 1.331095114579 97.95616348018207 0.6338408101544682 0.04838462823368359 1.3387240124076822 16.0 -1.0 -1.0 -1.0 -1.0 
284.53 31.16 20260414.0 -1.0 6.489247171044 38.36670761245409 0.010315762863996646 0.02073626924300726 0.7791117718791712 2.0 -1.0 -1.0 -1.0 -1.0 
284.53 31.16 20260414.0 -1.0 10.70327802628299 115.10012283736228 0.8229842788911712 0.056679135930886505 3.1168301502202858 8.0 -1.0 -1.0 -1.0 -1.0 
284.53 31.16 20260414.0 -1.0 0.452603 153.46683044981637 0.07006232552992087 0.045619792334615966 2.037441938749181 2.0 -1.0 -1.0 -1.0 -1.0 
284.53 31.16 20260414.0 -1.0 7.296358968158 191.83353806227046 0.16129494697108884 0.005529671798135269 2.4596420010035467 4.0 -1.0 -1.0 -1.0 -1.0 
284.53 31.16 20260414.0 -1.0 3.65 230.20024567472456 0.0129393121839287 0.017971433343939622 2.2068512426632614 1.0 -1.0 -1.0 -1.0 -1.0 
284.53 31.16 20260414.0 -1.0 0.07943282347242812 268.56695328717865 0.018076973133862834 0.01520659744487199 2.4343792495705134 32.0 -1.0 -1.0 -1.0 -1.0 
284.53 31.16 20260414.0 -1.0 0.2075663829 0.0 1.6444535176340669 0.016589015394405805 3.5323267217263057 32.0 -1.0 -1.0 -1.0 -1.0 
284.53 31.16 20260414.0 -1.0 0.415809 76.73341522490819 7.6698784043799595 0.022118687192541075 105.96537160517488 32.0 50.46483333719763 32.0 0.3118657332379371 77.11282502763774 
284.53 31.16 20260414.0 -1.0 3.20848561308 97.76814781131415 5.551041030677721 0.029030776940210157 65.94846346250978 32.0 65.94846548239938 32.0 3.2084850924244774 97.75720338149351 
284.53 31.16 20260414.0 -1.0 0.93993241362 115.79079264136685 9.747626722828347 0.008294507697202903 330.01296187644425 32.0 205.86976213629558 32.0 0.6266115330314885 115.77043547456375 
284.9 31.16 20260414.0 -1.0 0.18165346965506704 89.16859015043882 0.02129280237443091 0.016589015394405805 1.1425033802539333 32.0 -1.0 -1.0 -1.0 -1.0 
284.9 31.16 20260414.0 -1.0 400.13439317157656 17.67060475542233 0.09727445357119646 0.02073626924300726 1.1934115956093874 1.0 -1.0 -1.0 -1.0 -1.0 
284.9 31.16 20260414.0 -1.0 1.31573412922 124.89039730216949 0.42428997086975256 0.06220880772902178 1.1435034384865217 4.0 -1.0 -1.0 -1.0 -1.0 
284.9 31.16 20260414.0 -1.0 6.01270564706 92.51241228108027 0.2762766201625743 0.019353851293473442 3.022441882709756 16.0 -1.0 -1.0 -1.0 -1.0 
284.9 31.16 20260414.0 -1.0 13.101829177498328 43.30657442367349 0.2471947847766056 0.017971433343939622 2.370890583569621 8.0 -1.0 -1.0 -1.0 -1.0 
284.9 31.16 20260414.0 -1.0 18.24019226356873 101.83705448278775 0.3796277367600015 0.017971433343939622 1.8646787298255478 2.0 -1.0 -1.0 -1.0 -1.0 
284.9 31.16 20260414.0 -1.0 371.7689452076117 108.52469874407066 0.2738064940527686 0.023501105142074895 0.4582570758925588 1.0 -1.0 -1.0 -1.0 -1.0 
284.9 31.16 20260414.0 -1.0 10.382835366 157.1596401401484 0.4352751525415836 0.008294507697202903 5.734186930617258 16.0 -1.0 -1.0 -1.0 -1.0 
284.9 31.16 20260414.0 -1.0 0.621231324318 119.64358696709793 0.011569279963413212 0.049767046183217416 2.607767091318796 32.0 -1.0 -1.0 -1.0 -1.0 
284.9 31.16 20260414.0 -1.0 1.45909041905 233.360724954685 0.09965517359035103 0.02073626924300726 1.6734529225543093 8.0 -1.0 -1.0 -1.0 -1.0 
284.9 31.16 20260414.0 -1.0 0.0039513335998734465 38.83261031856436 0.08286895058781683 0.016589015394405805 0.7384502506146111 1.0 -1.0 -1.0 -1.0 -1.0 
284.9 31.16 20260414.0 -1.0 7.30131601293 77.66522063712873 0.026396245215700144 0.012441761545804354 0.8755752560037008 8.0 -1.0 -1.0 -1.0 -1.0 
284.9 31.16 20260414.0 -1.0 102.880658 116.49783095569309 0.7798107160729388 0.008294507697202903 4.634145780890012 1.0 -1.0 -1.0 -1.0 -1.0 
284.9 31.16 20260414.0 -1.0 0.8785140801273 271.8282722299505 0.29747285713170746 0.027648358990676348 0.7471500492171035 4.0 -1.0 -1.0 -1.0 -1.0 
284.9 31.16 20260414.0 -1.0 10.92827132616 0.0 2.3946272691937414 0.11612310776084062 0.584101491525968 4.0 -1.0 -1.0 -1.0 -1.0 
284.9 31.16 20260414.0 -1.0 3.255405118685032 155.33044127425745 5.886768911929712 0.031795612839277794 54.95114629286521 32.0 55.09654546595948 32.0 3.2554150190359605 155.338827319454 
284.9 31.16 20260414.0 -1.0 1.68666719259 194.16305159282183 5.667288709535706 0.013824179495338172 97.28214252427478 32.0 80.99937897636325 32.0 0.5622193081459652 193.99643776637998 
284.9 31.16 20260414.0 -1.0 0.5718 232.99566191138618 3.682617525797671 0.006912089747669086 167.75399176296037 32.0 103.18167984310038 32.0 0.2858845012572905 233.05883994573458 
284.9 31.16 20260414.0 -1.0 2.4784478211 96.23683205260775 5.547207448246047 0.16036048214592277 8.677569346763864 4.0 8.811363250544392 4.0 2.478433695311348 96.94761991663644 
284.9 31.16 20260414.0 -1.0 2.21794520407 85.49854147046649 3.6877092755496697 0.011059343596270537 111.7899328162447 32.0 111.83766675622432 32.0 2.2179544127235813 85.51225347553004 
285.28 31.16 20260414.0 -1.0 0.915751 103.5253194472871 3.525776067212197 0.026265941041142528 35.869407728235934 32.0 35.959039424147754 32.0 0.9157398987251024 103.52548556860027 
285.28 31.16 20260414.0 -1.0 2.412022 137.9052020098774 2.275284475377997 0.024883523091608708 29.532699327344503 32.0 29.53269981922031 32.0 2.412010265591865 137.93278282502658 
285.28 31.16 20260414.0 -1.0 243.309002 31.62508428033145 0.23117261921407867 0.031795612839277794 0.786745111092342 1.0 -1.0 -1.0 -1.0 -1.0 
285.28 31.16 20260414.0 -1.0 1.216177006 106.30766571236852 0.06895787318111596 0.07879782312342758 1.5992546653099433 2.0 -1.0 -1.0 -1.0 -1.0 
285.28 31.16 20260414.0 -1.0 211.41649 58.01605182437111 0.11053615420068419 0.058061553880420315 1.1698935507442432 1.0 -1.0 -1.0 -1.0 -1.0 
285.28 31.16 20260414.0 -1.0 38.05021743513261 53.057414916305206 0.03165556322386045 0.05529671798135269 1.346871674213726 1.0 -1.0 -1.0 -1.0 -1.0 
285.28 31.16 20260414.0 -1.0 0.01759454949387518 99.14519017849555 0.0606845740349034 0.07879782312342758 1.6729895165719926 2.0 -1.0 -1.0 -1.0 -1.0 
285.28 31.16 20260414.0 -1.0 350.20934537035214 54.57255397154756 0.012067245849098731 0.04700221028414978 1.468192868046514 1.0 -1.0 -1.0 -1.0 -1.0 
285.28 31.16 20260414.0 -1.0 3.6136810563 184.2684571002936 0.03733852997740585 0.016589015394405805 2.1976266583420374 1.0 -1.0 -1.0 -1.0 -1.0 
285.28 31.16 20260414.0 -1.0 270.04262113057 47.87839414565859 0.10917012570556796 0.01520659744487199 0.6586030612208443 1.0 -1.0 -1.0 -1.0 -1.0 
285.28 31.16 20260414.0 -1.0 1.875466208964955 0.0 0.06493535933189347 0.012441761545804354 1.3301978185438152 1.0 -1.0 -1.0 -1.0 -1.0 
285.28 31.16 20260414.0 -1.0 136.054422 39.35032574900873 0.010901939067768148 0.031795612839277794 1.0561475328629406 2.0 -1.0 -1.0 -1.0 -1.0 
285.28 31.16 20260414.0 -1.0 0.08869500441317432 118.0509772470262 0.015820489688171065 0.03456044873834543 0.5960368485696705 1.0 -1.0 -1.0 -1.0 -1.0 
285.28 31.16 20260414.0 -1.0 0.262366005364999 157.40130299603493 0.48180165428117294 0.02350110514207489 2.3747303202841867 16.0 -1.0 -1.0 -1.0 -1.0 
285.28 31.16 20260414.0 -1.0 0.940734 196.75162874504366 0.3978872071881637 0.015206597444871989 3.8137126308669242 32.0 -1.0 -1.0 -1.0 -1.0 
285.28 31.16 20260414.0 -1.0 3.65798554138 275.4522802430611 0.021336978189961654 0.012441761545804354 0.5518673165974332 1.0 -1.0 -1.0 -1.0 -1.0 
285.28 31.16 20260414.0 -1.0 307.2974449774 78.70065149801746 3.0729023168311738 0.09400442056829957 5.380543620842646 1.0 -1.0 -1.0 -1.0 -1.0 
285.28 31.16 20260414.0 -1.0 0.22544791255638877 236.1019544940524 4.72897999417174 0.017971433343939622 67.6062396720283 32.0 51.312910933048585 32.0 0.45089715664895874 235.38639240719868 
285.28 31.16 20260414.0 -1.0 2.3427772328 113.99355291987068 1.1992449291625817 0.019353851293473442 13.131477902289186 32.0 14.343026177190369 32.0 2.342767402296886 113.94887267863531 
285.28 31.16 20260414.0 -1.0 12.515752038663 45.39907569162563 2.1514599863665493 0.011059343596270537 30.43864972452966 32.0 30.632285925268913 32.0 12.515738490037622 45.43787196510413 
285.65 31.15 20260414.0 -1.0 2.58384981884 207.28402567839504 1.3384823887183455 0.017971433343939622 23.03355743309302 32.0 23.14146915832052 32.0 2.5838441312468303 207.25336700341484 
285.65 31.15 20260414.0 -1.0 1.717841 52.02345949600566 4.987349310610307 0.02073626924300726 75.09492390836566 32.0 75.15575728858055 32.0 1.717853592708707 52.015737617067984 
285.65 31.15 20260414.0 -1.0 0.9685500193 15.805302240869135 1.992645042247956 0.026265941041142528 22.158210242306676 32.0 22.336353153945197 32.0 0.9685512244080504 15.888075497820378 
286.02 31.15 20260414.0 -1.0 258.58602012374683 107.85286247326898 0.07852166481863483 0.031795612839277794 1.2299473331878126 1.0 -1.0 -1.0 -1.0 -1.0 
286.02 31.15 20260414.0 -1.0 8.6682478274 75.33569139434323 0.2779997494079773 0.022118687192541075 1.1425942902252075 32.0 -1.0 -1.0 -1.0 -1.0 
286.02 31.15 20260414.0 -1.0 268.66686619507 72.81695490520103 0.8763836555554799 0.024883523091608708 2.7735844244419354 1.0 -1.0 -1.0 -1.0 -1.0 
286.02 31.15 20260414.0 -1.0 1.3628723398 83.96731644140358 0.29399966441168973 0.013824179495338174 3.4786150786779886 32.0 -1.0 -1.0 -1.0 -1.0 
286.02 31.15 20260414.0 -1.0 163.132137 49.66721953308503 0.14461589230674415 0.022118687192541075 2.3732764413084393 1.0 -1.0 -1.0 -1.0 -1.0 
286.02 31.15 20260414.0 -1.0 0.023502466665508176 135.24765934393926 0.826973797382897 0.04009012053648069 0.759641537615057 1.0 -1.0 -1.0 -1.0 -1.0 
286.02 31.15 20260414.0 -1.0 1.63968389547 85.24083489096988 0.05694761595330197 0.022118687192541075 1.5151129447106912 1.0 -1.0 -1.0 -1.0 -1.0 
286.02 31.15 20260414.0 -1.0 1.6245944281 48.70500559341273 0.09229889881639672 0.008294507697202903 0.8702826810494662 16.0 -1.0 -1.0 -1.0 -1.0 
286.02 31.15 20260414.0 -1.0 4.532131693687569 0.0 0.12345513278322082 0.11474068981130682 0.8427429399600097 4.0 -1.0 -1.0 -1.0 -1.0 
286.02 31.15 20260414.0 -1.0 1.85650415521 40.42511421337544 0.023309703733803873 0.013824179495338172 1.7479038746430007 1.0 -1.0 -1.0 -1.0 -1.0 
286.02 31.15 20260414.0 -1.0 0.05016723532396609 80.85022842675087 0.052598347163026186 0.006912089747669086 0.791046157046631 4.0 -1.0 -1.0 -1.0 -1.0 
286.02 31.15 20260414.0 -1.0 32.846688858644185 121.27534264012631 0.0606845740349034 0.016589015394405805 1.2541639342383335 4.0 -1.0 -1.0 -1.0 -1.0 
286.02 31.15 20260414.0 -1.0 0.011214758244299367 161.70045685350175 1.9571727614076442 0.03732528463741307 0.9344397771917288 2.0 -1.0 -1.0 -1.0 -1.0 
286.02 31.15 20260414.0 -1.0 0.8234244415576 202.12557106687717 2.330970373380388 0.10644618211410393 4.153361328329514 8.0 -1.0 -1.0 -1.0 -1.0 
286.02 31.15 20260414.0 -1.0 0.23932694474989313 242.55068528025262 1.4581976084928143 0.011059343596270537 30.57150025804791 32.0 30.901139597850094 32.0 0.23931837252651653 241.76186219294826 
286.02 31.15 20260414.0 -1.0 0.364169 282.9757994936281 7.237456368940276 0.016589015394405805 58.97845048292782 32.0 54.88948245390353 32.0 0.18208083929494023 273.03202352305334 
286.02 31.15 20260414.0 -1.0 0.03721287955679095 57.28002982049237 7.917532577300839 0.011059343596270537 49.65928403643766 32.0 16.596692904040715 2.0 0.5767409068842729 50.497768620460945 
286.02 31.15 20260414.0 -1.0 88.02908501431 3.6790532987470397 3.7545462261036096 0.02211868719254107 46.234159918469075 4.0 51.68258239362918 16.0 29.343027563299987 3.6431255918569017 
286.02 31.15 20260414.0 -1.0 3.1668701177630756 70.89252702585642 1.7128659350506201 0.045619792334615966 10.327888383518022 8.0 10.482324871173079 8.0 3.1668605515733366 70.63615730878104 
286.02 31.15 20260414.0 -1.0 19.81316158956402 49.865322403017565 2.8657989853219537 0.016589015394405805 48.57045351342141 16.0 48.57045427971531 16.0 19.813160179182887 49.89058102181812 
287.19 4.02 20260414.0 -1.0 2.6152212466828 29.65392037514418 0.01225205170424985 0.019353851293473442 1.0823959997298318 1.0 -1.0 -1.0 -1.0 -1.0 
287.19 4.02 20260414.0 -1.0 0.9506580924 57.30548599826898 0.01690529689206086 0.016589015394405805 1.616734624244855 4.0 -1.0 -1.0 -1.0 -1.0 
287.19 4.02 20260414.0 -1.0 1.961158 114.42027154396469 0.6643275117531315 0.026265941041142528 2.7328883715155663 16.0 -1.0 -1.0 -1.0 -1.0 
287.19 4.02 20260414.0 -1.0 5.029204318571 126.72045073494088 0.6876757952823224 0.02488352309160871 3.021507886750404 4.0 -1.0 -1.0 -1.0 -1.0 
287.19 4.02 20260414.0 -1.0 0.18249017842308915 16.781639826448153 0.23929735251520637 0.06359122567855559 1.07951549252519 8.0 -1.0 -1.0 -1.0 -1.0 
287.19 4.02 20260414.0 -1.0 56.49315092275782 26.412012681398515 0.24925258091868235 0.05806155388042031 1.3271475425637633 2.0 -1.0 -1.0 -1.0 -1.0 
287.19 4.02 20260414.0 -1.0 0.769231 106.31550230960052 0.011308508805438178 0.015206597444871989 3.0752220634581935 32.0 -1.0 -1.0 -1.0 -1.0 
287.19 4.02 20260414.0 -1.0 0.030540345760177154 45.768108617585874 0.14703365110827446 0.019353851293473442 1.3708964166117195 1.0 -1.0 -1.0 -1.0 -1.0 
287.19 4.02 20260414.0 -1.0 0.9839138013 0.0 0.875778419714711 0.016589015394405805 3.1359115174462935 32.0 -1.0 -1.0 -1.0 -1.0 
287.19 4.02 20260414.0 -1.0 0.03772946719586941 272.4019750400245 0.5463535224122297 0.022118687192541075 2.604606480058309 32.0 -1.0 -1.0 -1.0 -1.0 
287.19 4.02 20260414.0 -1.0 0.8176959072274 408.60296256003676 0.014938859121632253 0.07188573337575849 1.8622680885617877 16.0 -1.0 -1.0 -1.0 -1.0 
287.19 4.02 20260414.0 -1.0 0.12235030097138963 681.0049376000613 0.043617821050951376 0.02350110514207489 0.5851190521469546 8.0 -1.0 -1.0 -1.0 -1.0 
287.19 4.02 20260414.0 -1.0 1.9411179295 817.2059251200735 0.04110185153009276 0.011059343596270537 1.9228298629462017 1.0 -1.0 -1.0 -1.0 -1.0 
287.19 4.02 20260414.0 -1.0 1.2196177773098 80.85699189106838 4.808041380999948 0.038707702586946884 18.813495997810268 16.0 19.010453350151565 16.0 1.2196323950774968 81.05954441881606 
287.19 4.02 20260414.0 -1.0 49.444461011588196 136.20098752001226 1.105361542006842 0.013824179495338172 5.842069102803631 4.0 -1.0 -1.0 -1.0 -1.0 
287.19 4.02 20260414.0 -1.0 333.858342223344 93.06182085575794 1.1885227543732944 0.022118687192541075 1.716101769218779 1.0 -1.0 -1.0 -1.0 -1.0 
287.19 4.02 20260414.0 -1.0 12.385435 544.803950080049 9.680517844721683 0.031795612839277794 33.76094484763608 16.0 33.78513181274764 16.0 12.38543821576362 544.7484739157139 
287.19 4.02 20260414.0 -1.0 5.6043908581 953.4069126400858 4.437769249299626 0.019353851293473442 3.159640606646431 8.0 -1.0 -1.0 -1.0 -1.0 
287.19 4.02 20260414.0 -1.0 0.4478342454993 16.400238921301604 4.118712484354565 0.02350110514207489 19.883741055814916 32.0 20.411611585924753 32.0 0.4478351911529899 16.697658962677465 
287.19 4.02 20260414.0 -1.0 21.7204964753868 11.06062624924992 9.07811749939735 0.016589015394405805 77.88102329624436 16.0 77.88102283811844 16.0 21.720491834760956 11.03057470867784 
287.19 4.02 20260414.0 -1.0 0.01525837918653331 104.50384801015441 1.212574332188648 0.022118687192541075 0.5654016844059274 2.0 -1.0 -1.0 -1.0 -1.0 
287.19 4.02 20260414.0 -1.0 1.684824546 82.28724528536793 3.8731008530398396 0.04423737438508215 14.305531798341184 16.0 14.305532729482707 16.0 1.6848086185442905 82.2739196161017 
287.19 4.02 20260414.0 -1.0 0.002372521102852392 49.29606699019145 9.993093939658365 0.026265941041142528 4.612577467928192 1.0 -1.0 -1.0 -1.0 -1.0 
287.19 4.02 20260414.0 -1.0 430.6640849449513 0.0 8.637610958729164 0.21150994627867403 3.9561830220809555 1.0 -1.0 -1.0 -1.0 -1.0 
287.19 4.02 20260414.0 -1.0 0.0021345519190796537 250.89655595791731 3.791035714069148 0.03317803078881161 9.832998620354351 1.0 -1.0 -1.0 -1.0 -1.0 
287.19 4.02 20260414.0 -1.0 116.74869454326 401.4344895326677 5.87052399734264 0.04147253848601452 9.65604603164046 1.0 9.656045951992631 1.0 116.74904574950537 401.45220063600914 
287.19 4.02 20260414.0 -1.0 0.72575866505 501.79311191583463 1.1545327069384028 0.009676925646736721 13.007040844021212 32.0 13.136704022538154 32.0 0.7257464555247377 501.84055027828816 
287.19 4.02 20260414.0 -1.0 0.813613 652.3310454905851 1.769394946143883 0.006912089747669086 31.809783544038158 32.0 31.989097021254707 32.0 0.8136036437160026 652.6254706079211 
287.19 4.02 20260414.0 -1.0 0.0013921866951902594 802.8689790653355 1.1673651412337918 0.027648358990676344 10.385435606045542 2.0 -1.0 -1.0 -1.0 -1.0 
287.19 4.02 20260414.0 -1.0 0.58015 853.0482902569189 3.1027670795366395 0.029030776940210157 2.5615522468192893 2.0 -1.0 -1.0 -1.0 -1.0 
287.19 4.02 20260414.0 -1.0 1.75919355395 953.4069126400858 3.4966677291472714 0.009676925646736721 2.1934509154520194 16.0 -1.0 -1.0 -1.0 -1.0 
287.19 4.02 20260414.0 -1.0 36.9232815430327 74.08712582471713 1.9423560062927596 0.04009012053648069 5.286016267979536 8.0 -1.0 -1.0 -1.0 -1.0 
287.19 4.02 20260414.0 -1.0 1.50641057305 182.5956833389103 1.5178124883237438 0.05806155388042031 2.0512153948216545 1.0 -1.0 -1.0 -1.0 -1.0 
287.19 4.02 20260414.0 -1.0 47.659695194091945 71.7033701675512 1.013212572359509 0.08432749492156286 0.6129483047119124 1.0 -1.0 -1.0 -1.0 -1.0 
287.19 4.02 20260414.0 -1.0 7.105007446 95.73162719178379 5.144831280817311 0.04147253848601452 30.47089242513394 16.0 30.47089139213235 16.0 7.105033243230234 95.73324471935081 
287.51 4.02 20260414.0 -1.0 0.004213906295137867 73.62361389217669 0.155388595727457 0.08570991287109667 2.5450698305352843 1.0 -1.0 -1.0 -1.0 -1.0 
287.51 4.02 20260414.0 -1.0 85.763293 49.859597227832204 0.04977023564332111 0.017971433343939622 1.3814517005696407 4.0 -1.0 -1.0 -1.0 -1.0 
287.51 4.02 20260414.0 -1.0 1.617177115611 21.970505972695847 0.23797846217159135 0.011059343596270537 1.03594526761858 2.0 -1.0 -1.0 -1.0 -1.0 
287.51 4.02 20260414.0 -1.0 15.3987376281305 87.52332175245365 0.33086586600650797 0.02350110514207489 2.040220990718003 4.0 -1.0 -1.0 -1.0 -1.0 
287.51 4.02 20260414.0 -1.0 1.569859 163.2991484746087 0.10111148295914613 0.016589015394405805 2.321031280500702 32.0 -1.0 -1.0 -1.0 -1.0 
287.51 4.02 20260414.0 -1.0 0.0676311946300568 20.266670815629638 0.029440616134162323 0.02626594104114253 1.4691681534394676 16.0 -1.0 -1.0 -1.0 -1.0 
287.51 4.02 20260414.0 -1.0 4.595046556485586 34.97345848714849 0.0222399964440811 0.07603298722435994 1.3390700767044263 8.0 -1.0 -1.0 -1.0 -1.0 
287.51 4.02 20260414.0 -1.0 1.675060948441 256.19019151135365 0.024532339934557324 0.052531882082285056 0.6179584435745269 2.0 -1.0 -1.0 -1.0 -1.0 
287.51 4.02 20260414.0 -1.0 0.3211609168549823 512.3803830227073 0.018868074082146753 0.04147253848601452 2.8837030754303945 16.0 -1.0 -1.0 -1.0 -1.0 
287.51 4.02 20260414.0 -1.0 0.7279851537 768.5705745340609 0.0398712697020723 0.022118687192541075 1.4908037797095697 16.0 -1.0 -1.0 -1.0 -1.0 
287.51 4.02 20260414.0 -1.0 3.255405118685032 141.149291432748 7.580327491754277 0.08570991287109667 1889.793897091539 8.0 1907.2952662542407 32.0 3.2554150190359605 140.86752288513352 
287.51 4.02 20260414.0 -1.0 3.0700804245 0.0 2.0106215499398554 0.019353851293473442 13.494118037918568 32.0 -1.0 -1.0 -1.0 -1.0 
287.51 4.02 20260414.0 -1.0 9.113052359600674 128.09509575567682 3.394322283922102 0.022118687192541075 22.385839069531308 32.0 22.715846684668637 32.0 9.113045962294564 128.11658331363435 
287.51 4.02 20260414.0 -1.0 5.1298291239 384.28528726703047 2.3117261921407866 0.027648358990676344 12.926555034737648 16.0 12.926555083674899 16.0 5.129853282899907 384.248552007796 
287.51 4.02 20260414.0 -1.0 1.483305 640.4754787783841 4.443905105200017 0.016589015394405805 50.36017131292771 32.0 50.49176137854987 32.0 1.483325225611528 640.3805207019576 
287.51 4.02 20260414.0 -1.0 0.009906114907577451 896.6656702897377 1.392240847145434 0.01520659744487199 0.45320328790160036 4.0 -1.0 -1.0 -1.0 -1.0 
287.51 4.02 20260414.0 -1.0 0.618723247886 46.54160244828222 7.685790970869665 0.09538683851783337 8.133486724189575 8.0 8.18642030802025 8.0 0.6186989291260641 46.955840961711175 
287.51 4.02 20260414.0 -1.0 1.184484581238005 107.43129042975356 1.4312502368635112 0.01105934359627054 17.981342681437365 32.0 18.099090825300202 32.0 1.1844955830990027 107.4722049597786 
287.51 4.02 20260414.0 -1.0 1.7938390569 125.00769520791023 8.548564430521743 0.031795612839277794 49.172086351816006 32.0 49.32625449547783 32.0 1.7938267167968056 124.97944738731314 
287.51 4.02 20260414.0 -1.0 0.487206 115.68143961133731 2.194998073532579 0.04700221028414978 3.0023391546744973 16.0 -1.0 -1.0 -1.0 -1.0 
287.51 4.02 20260414.0 -1.0 0.1359904476439822 73.35458728842939 1.6835368321843143 0.017971433343939622 10.220273370304717 32.0 10.587741500093701 32.0 0.13599977440511188 73.0649077033523 
287.51 4.02 20260414.0 -1.0 0.7479 268.5782260743839 1.7010734737144504 0.053914300031818865 2.1502025420567876 2.0 -1.0 -1.0 -1.0 -1.0 
287.83 4.02 20260414.0 -1.0 20.802023359 17.203729847177936 0.08390587664365595 0.09123958466923192 0.494269795837398 16.0 -1.0 -1.0 -1.0 -1.0 
287.83 4.02 20260414.0 -1.0 16.11175529272458 20.16989016565689 0.12551911571842692 0.052531882082285056 1.538860574801123 1.0 -1.0 -1.0 -1.0 -1.0 
287.83 4.02 20260414.0 -1.0 284.7848006652508 128.22287319596168 0.1966660399414116 0.03456044873834543 1.3532639969743152 1.0 -1.0 -1.0 -1.0 -1.0 
287.83 4.02 20260414.0 -1.0 12.385435 122.96853206037038 0.039788720718816374 0.017971433343939622 0.6998787008998395 32.0 -1.0 -1.0 -1.0 -1.0 
287.83 4.02 20260414.0 -1.0 0.9281646147 3.644139819845573 0.05025394001268603 0.0483846282336836 1.1064786384475804 4.0 -1.0 -1.0 -1.0 -1.0 
287.83 4.02 20260414.0 -1.0 1.3975847440238869 217.37717762567198 0.08442919515616988 0.01105934359627054 2.7561740854506787 16.0 -1.0 -1.0 -1.0 -1.0 
287.83 4.02 20260414.0 -1.0 37.185887516168556 84.23895304480232 0.0402587685177346 0.013824179495338172 0.5757038283266005 8.0 -1.0 -1.0 -1.0 -1.0 
287.83 4.02 20260414.0 -1.0 0.02361072069427252 61.01815512299564 0.16742579979316569 0.02350110514207489 0.8513570068672799 2.0 -1.0 -1.0 -1.0 -1.0 
287.83 4.02 20260414.0 -1.0 3.2854634388411066 0.0 0.4278220124780198 0.016589015394405805 2.1737714941043293 8.0 -1.0 -1.0 -1.0 -1.0 
287.83 4.02 20260414.0 -1.0 1.28377920873 242.11132264874342 0.03281342814423536 0.016589015394405805 1.4626397030954732 1.0 -1.0 -1.0 -1.0 -1.0 
287.83 4.02 20260414.0 -1.0 27.760652 363.1669839731151 0.2770411328532606 0.022118687192541075 0.5627864487465503 2.0 -1.0 -1.0 -1.0 -1.0 
287.83 4.02 20260414.0 -1.0 0.350018 484.22264529748685 0.13712407512803643 0.07465056927482613 1.3549817194326246 8.0 -1.0 -1.0 -1.0 -1.0 
287.83 4.02 20260414.0 -1.0 0.4504 605.2783066218585 0.34942529093140573 0.02073626924300726 1.8227697154578992 32.0 -1.0 -1.0 -1.0 -1.0 
287.83 4.02 20260414.0 -1.0 0.05086365478851063 847.389629270602 0.6597538575420258 0.013824179495338172 0.1873446821749093 32.0 -1.0 -1.0 -1.0 -1.0 
287.83 4.02 20260414.0 -1.0 1.58482860482 121.05566132437171 3.910742543527955 0.024883523091608708 24.62844213840724 32.0 24.733622239088486 32.0 1.5848248343293867 121.03272799613484 
287.83 4.02 20260414.0 -1.0 173.010381 726.3339679462302 1.769394946143883 0.01520659744487199 -0.34805867280092895 1.0 -1.0 -1.0 -1.0 -1.0 
287.83 4.02 20260414.0 -1.0 4.27150796279 125.17196543981188 4.113025633330323 0.029030776940210157 26.07517051766913 32.0 26.178006665551376 32.0 4.271502499856676 125.18184325352743 
287.83 4.02 20260414.0 -1.0 2.7337872008546404 124.15499618776197 1.6661809787276558 0.06497364362808941 2.492330821375737 2.0 -1.0 -1.0 -1.0 -1.0 
287.83 4.02 20260414.0 -1.0 0.4102676860891 45.424626591563424 3.6749930800565003 0.019353851293473442 29.268476718679093 32.0 29.371585055972062 32.0 0.410273059969768 45.23547609888986 
287.83 4.02 20260414.0 -1.0 5.702856412410955 108.47672021865891 1.109186309333635 0.016589015394405805 7.808386614392552 16.0 7.808387289259809 16.0 5.702834945016852 108.48418429084995 
288.15 4.01 20260414.0 -1.0 12.359917476 67.37007929171499 0.3777963221727812 0.022118687192541075 0.8056163535828699 16.0 -1.0 -1.0 -1.0 -1.0 
288.15 4.01 20260414.0 -1.0 1.96871632878 10.438748877142965 0.07207518712173606 0.03041319488974398 0.5185123943429101 32.0 -1.0 -1.0 -1.0 -1.0 
288.15 4.01 20260414.0 -1.0 0.46173283166641466 74.27571316428649 0.23683039741008302 0.012441761545804354 2.1888853364771457 1.0 -1.0 -1.0 -1.0 -1.0 
288.15 4.01 20260414.0 -1.0 0.24943292613086243 44.56542789857189 0.021073291431380897 0.019353851293473442 1.0288539363295772 2.0 -1.0 -1.0 -1.0 -1.0 
288.15 4.01 20260414.0 -1.0 1.220778 36.21442879685752 0.559725119173659 0.008294507697202903 5.520035299587482 32.0 -1.0 -1.0 -1.0 -1.0 
288.15 4.01 20260414.0 -1.0 0.3409 60.5447434874292 0.011926352757749569 0.04285495643554833 1.3009982458189946 4.0 -1.0 -1.0 -1.0 -1.0 
288.15 4.01 20260414.0 -1.0 198.08369995680323 125.50588073057273 0.5939875985383375 0.04285495643554833 0.5642365517074746 1.0 -1.0 -1.0 -1.0 -1.0 
288.15 4.01 20260414.0 -1.0 1.94354745058 69.69872327200072 0.037364334011937 0.07603298722435994 2.043898049339751 16.0 -1.0 -1.0 -1.0 -1.0 
288.15 4.01 20260414.0 -1.0 242.47326784448205 161.39911725428738 0.2691181534972077 0.21150994627867403 1.4756885097955659 2.0 -1.0 -1.0 -1.0 -1.0 
288.15 4.01 20260414.0 -1.0 0.0870795079555429 0.0 0.5651649464577384 0.011059343596270537 1.8880425818727469 32.0 -1.0 -1.0 -1.0 -1.0 
288.15 4.01 20260414.0 -1.0 19.452283402859006 229.40010993967584 0.5524261487105362 0.06635606157762322 1.8112164661574182 4.0 -1.0 -1.0 -1.0 -1.0 
288.15 4.01 20260414.0 -1.0 268.3592272034145 344.10016490951375 0.09613870986925059 0.016589015394405805 2.33654109890417 1.0 -1.0 -1.0 -1.0 -1.0 
288.15 4.01 20260414.0 -1.0 78.2101189443 458.8002198793517 0.7049930221673032 0.017971433343939622 1.752225973090915 2.0 -1.0 -1.0 -1.0 -1.0 
288.15 4.01 20260414.0 -1.0 0.21433467510702428 573.5002748491896 0.6538551491077016 0.017971433343939622 4.562070200291664 32.0 -1.0 -1.0 -1.0 -1.0 
288.15 4.01 20260414.0 -1.0 378.6659916900848 48.90152358600051 2.0498929089341535 0.022118687192541075 2.3380981048580276 1.0 -1.0 -1.0 -1.0 -1.0 
288.15 4.01 20260414.0 -1.0 483.0961911840376 52.11344631742911 4.239969536556348 0.07741540517389377 3.8741439641066266 1.0 -1.0 -1.0 -1.0 -1.0 
288.15 4.01 20260414.0 -1.0 2.4500513636 114.70005496983792 1.4481584463104344 0.10644618211410392 1.9730461798320864 8.0 -1.0 -1.0 -1.0 -1.0 
288.15 4.01 20260414.0 -1.0 384.138167 40.95201482571471 2.330970373380388 0.06635606157762322 1.2207132605509645 1.0 -1.0 -1.0 -1.0 -1.0 
288.15 4.01 20260414.0 -1.0 0.47841211342 29.870881402286024 9.917441330617637 0.016589015394405805 97.89969700364067 32.0 58.62751980548358 16.0 1.435243272377799 30.25818199903371 
288.15 4.01 20260414.0 -1.0 0.0018682223847710365 688.2003298190275 1.039445396474434 0.04700221028414978 12.502647849872863 2.0 -1.0 -1.0 -1.0 -1.0 
288.15 4.01 20260414.0 -1.0 104.2699714144 802.9003847888655 4.456202279847409 0.016589015394405805 2.627616279106158 1.0 -1.0 -1.0 -1.0 -1.0 
288.15 4.01 20260414.0 -1.0 264.19215 89.45204807028664 1.2779405506531911 0.03041319488974398 2.88700831637722 1.0 -1.0 -1.0 -1.0 -1.0 
288.15 4.01 20260414.0 -1.0 0.8008861232865 57.25252268771488 1.3468304644516447 0.016589015394405805 5.792177368341398 32.0 -1.0 -1.0 -1.0 -1.0 
288.15 4.01 20260414.0 -1.0 1.3161733951223 43.76244721571474 2.391320923196 0.019353851293473442 21.157887212469998 32.0 21.407970804729185 32.0 1.3161600994256637 43.91990296849709 
288.15 4.01 20260414.0 -1.0 0.8071007157385 33.163102202000346 1.5368046356341298 0.012441761545804354 17.94804763394141 32.0 18.07383279325278 32.0 0.8071159148433557 33.091724126033526 
288.15 4.01 20260414.0 -1.0 0.0018174136330096186 0.0 3.62707015320427 0.009676925646736721 1.7952496075076845 4.0 -1.0 -1.0 -1.0 -1.0 
288.15 4.01 20260414.0 -1.0 1.941748 169.03165995555062 1.7902978599553 0.016589015394405805 18.003834993148715 32.0 18.003834944379868 32.0 1.9417408717951428 169.00054828891737 
288.15 4.01 20260414.0 -1.0 1.721551635017 295.8054049222136 1.7176057778357954 0.009676925646736721 26.433448159621697 32.0 26.43344800112615 32.0 1.7215522044959168 295.801558472159 
288.15 4.01 20260414.0 -1.0 15.673575030148907 380.3212348999889 2.058407488329202 0.02350110514207489 7.882118556111006 16.0 7.882118590580341 16.0 15.673564727573346 380.3018326166177 
288.15 4.01 20260414.0 -1.0 1.3165361029035614 150.3179838308587 1.9223319441151956 0.01520659744487199 19.565690175778997 32.0 19.752354154429057 32.0 1.3165238973063729 150.38012859720433 
288.15 4.01 20260414.0 -1.0 0.008750176368002394 464.8370648777642 1.0700472132266297 0.08156265902249521 0.38341208380829683 1.0 -1.0 -1.0 -1.0 -1.0 
288.15 4.01 20260414.0 -1.0 34.391378179827086 507.0949798666519 1.0962358241973886 0.031795612839277794 1.8915911297381647 1.0 -1.0 -1.0 -1.0 -1.0 
288.15 4.01 20260414.0 -1.0 0.473649743674 53.79970575142913 5.830107566701397 0.04285495643554833 17.854552854304554 16.0 18.009847810175597 16.0 0.4736648406833411 53.7361024798893 
288.15 4.01 20260414.0 -1.0 465.135238339217 59.902358941143476 6.157138713776999 0.07603298722435994 5.414342297682102 1.0 -1.0 -1.0 -1.0 -1.0 
288.15 4.01 20260414.0 -1.0 1.200607994501 46.41228346914334 1.721169265377828 0.009676925646736721 29.888096709043705 32.0 30.064462466442713 32.0 1.2005936393203835 46.34865336306836 
292.28 30.73 20260414.0 -1.0 0.661590720545 89.84957118945196 0.016987247418078028 0.009676925646736721 0.9337763823143366 1.0 -1.0 -1.0 -1.0 -1.0 
292.28 30.73 20260414.0 -1.0 2.7590292361547077 24.596828312044543 0.015733294861894568 0.03732528463741307 0.774936945055432 1.0 -1.0 -1.0 -1.0 -1.0 
292.28 30.73 20260414.0 -1.0 0.7210795736500524 59.31697935086444 0.020315652849980975 0.031795612839277794 1.6990966931176097 16.0 -1.0 -1.0 -1.0 -1.0 
292.28 30.73 20260414.0 -1.0 1.49282164771 14.229570097877009 0.6634102514187437 0.027648358990676344 6.282681466598139 16.0 6.534945626766184 16.0 1.4928446034900846 14.066512701891925 
292.28 30.73 20260414.0 -1.0 472.12241705279166 136.35993745222711 0.036724551076599 0.012441761545804354 -0.25982948334327105 1.0 -1.0 -1.0 -1.0 -1.0 
292.28 30.73 20260414.0 -1.0 3.91076899155 58.463205144991825 0.11537353796843516 0.012441761545804354 0.8082471273759083 8.0 -1.0 -1.0 -1.0 -1.0 
292.28 30.73 20260414.0 -1.0 270.04262113057 77.36820541788556 0.06471144506371658 0.016589015394405805 0.17974043031618497 1.0 -1.0 -1.0 -1.0 -1.0 
292.28 30.73 20260414.0 -1.0 1.394095109822 115.09689413454232 0.011015499634878986 0.013824179495338172 -0.1007962060034511 1.0 -1.0 -1.0 -1.0 -1.0 
292.28 30.73 20260414.0 -1.0 5.390249757313 66.30979665610687 0.02402913148330111 0.031795612839277794 1.7670572528133979 1.0 -1.0 -1.0 -1.0 -1.0 
292.28 30.73 20260414.0 -1.0 0.007115507526254343 73.26195804678392 0.7701736550890855 0.026265941041142528 1.2810837938224426 1.0 -1.0 -1.0 -1.0 -1.0 
292.28 30.73 20260414.0 -1.0 2.7845043401976133 58.07406996272335 0.22056385992731903 0.017971433343939622 1.59132333868384 32.0 -1.0 -1.0 -1.0 -1.0 
292.28 30.73 20260414.0 -1.0 364.963504 116.1481399254467 0.012525924249494632 0.05391430003181887 -0.5369512477252766 1.0 -1.0 -1.0 -1.0 -1.0 
292.28 30.73 20260414.0 -1.0 1.885156 290.37034981361677 0.0893501137040289 0.03732528463741307 1.889857121781418 2.0 -1.0 -1.0 -1.0 -1.0 
292.28 30.73 20260414.0 -1.0 11.362193598480422 348.4444197763401 0.027267389657354694 0.06635606157762322 0.20958185747955566 2.0 -1.0 -1.0 -1.0 -1.0 
292.28 30.73 20260414.0 -1.0 0.006733739363044482 406.51848973906345 0.07460832307435808 0.03456044873834543 1.195723588997603 1.0 -1.0 -1.0 -1.0 -1.0 
292.28 30.73 20260414.0 -1.0 2.52151642157 81.79970010551013 2.5063395307772143 0.009676925646736721 72.49688919483887 32.0 72.55897915426854 32.0 2.5215134276853255 81.767929950566 
292.28 30.73 20260414.0 -1.0 0.0167272431430518 33.785065003816555 3.0963431489818922 0.031795612839277794 0.7396678102549019 1.0 -1.0 -1.0 -1.0 -1.0 
292.28 30.73 20260414.0 -1.0 360.711889 0.0 2.3117261921407866 0.06082638977948796 5.254915129825817 1.0 -1.0 -1.0 -1.0 -1.0 
292.28 30.73 20260414.0 -1.0 16.757231 174.22220988817006 2.974728571317075 0.016589015394405805 31.61114970265535 16.0 31.611146960296807 16.0 16.757197348245732 174.26284081048843 
292.28 30.73 20260414.0 -1.0 212.219708804722 232.2962798508934 6.178443619080867 0.017971433343939622 23.174136526882624 2.0 23.17413626395495 2.0 212.21979598825178 232.24925648087748 
292.28 30.73 20260414.0 -1.0 0.59505 46.42905443364441 1.671946291094496 0.03732528463741306 10.49016650937248 16.0 10.568317094126563 16.0 0.5950520668799679 46.854643028604045 
292.28 30.73 20260414.0 -1.0 1.63393695021807 62.44748477239739 2.6378015809474937 0.013824179495338174 61.29097554992026 32.0 61.3762291915827 32.0 1.6339375482251248 62.33792679399587 
292.28 30.73 20260414.0 -1.0 14.900961263113452 106.97854993133248 5.060231864167956 0.06359122567855559 24.147471675722038 16.0 24.14747050314872 16.0 14.900979294907303 106.96621529424291 
292.28 30.73 20260414.0 -1.0 98.52910098448 171.16567989013197 2.4078984314370704 0.02350110514207489 10.944836975172832 1.0 10.944836669394531 1.0 98.52907775590818 171.12570488416722 
292.28 30.73 20260414.0 -1.0 1.24736012308 192.56138987639847 7.928479707773798 0.02350110514207489 99.01169128095876 32.0 67.37222630178205 32.0 0.4157906611605237 192.5796667028801 
292.28 30.73 20260414.0 -1.0 287.3181194693 187.2204865734961 3.5575836090715613 0.027648358990676344 13.194369927986735 1.0 -1.0 -1.0 -1.0 -1.0 
292.28 30.73 20260414.0 -1.0 0.00122409500578472 90.09350667684414 2.020368287586113 0.012441761545804354 1.09288941509031 4.0 -1.0 -1.0 -1.0 -1.0 
292.28 30.73 20260414.0 -1.0 1.153642 1.1790215223955236 6.735701586886051 0.011059343596270537 136.70779827324284 32.0 140.14057596630812 32.0 1.1536333962188414 1.5179689966070422 
292.28 30.73 20260414.0 -1.0 2.7999062123 68.789807444594 4.918913516317409 0.016589015394405805 95.09279837407556 32.0 95.19872990702585 32.0 2.799909755898019 68.81459451285258 
292.28 30.73 20260414.0 -1.0 0.6388886552 58.17861374303428 1.8177156760105657 0.038707702586946884 10.299404746581832 16.0 10.342325697715594 16.0 0.6388897115054231 58.39120740281755 
292.28 30.73 20260414.0 -1.0 1.1209334569842337 44.55888236363772 8.150628882197571 0.013824179495338172 177.80086048805845 32.0 120.75430337435051 32.0 0.37365073997837805 44.223496767818496 
292.65 30.73 20260414.0 -1.0 3.8784760942028 84.59294067976306 0.0751774531663409 0.030413194889743984 2.9845962555480527 4.0 -1.0 -1.0 -1.0 -1.0 
292.65 30.73 20260414.0 -1.0 0.12693208929472713 126.7841435474199 0.06360340234416482 0.029030776940210157 1.5297119546262212 8.0 -1.0 -1.0 -1.0 -1.0 
292.65 30.73 20260414.0 -1.0 2.6515508603 47.70721841223074 0.23797846217159135 0.011059343596270537 2.094138235325013 16.0 -1.0 -1.0 -1.0 -1.0 
292.65 30.73 20260414.0 -1.0 34.31188264149 55.328583401298495 0.041962590049360274 0.08432749492156286 1.9709321127493689 2.0 -1.0 -1.0 -1.0 -1.0 
292.65 30.73 20260414.0 -1.0 3.4436537099 99.91988463567833 0.011347638459718777 0.019353851293473442 1.0723583248918092 16.0 -1.0 -1.0 -1.0 -1.0 
292.65 30.73 20260414.0 -1.0 0.7584674975492447 27.116900845080846 0.7089001340999033 0.02350110514207489 5.927409219489106 32.0 -1.0 -1.0 -1.0 -1.0 
292.65 30.73 20260414.0 -1.0 155.9793933435009 155.24846803697682 0.8818496349285885 0.01520659744487199 3.86307454832935 1.0 -1.0 -1.0 -1.0 -1.0 
292.65 30.73 20260414.0 -1.0 0.42270536055 102.82526686907984 0.21980329748814836 0.03041319488974398 1.3418285755296129 16.0 -1.0 -1.0 -1.0 -1.0 
292.65 30.73 20260414.0 -1.0 301.503639 72.46612787947846 0.01650143648732039 0.0815626590224952 1.6603213450686445 1.0 -1.0 -1.0 -1.0 -1.0 
292.65 30.73 20260414.0 -1.0 2.31107 0.0 0.06417719598388952 0.016589015394405805 2.2676292543750143 4.0 -1.0 -1.0 -1.0 -1.0 
292.65 30.73 20260414.0 -1.0 1.289748954997 60.14682598712586 0.06191261931146324 0.013824179495338174 0.9184018739006784 2.0 -1.0 -1.0 -1.0 -1.0 
292.65 30.73 20260414.0 -1.0 2.3817202891513642 180.44047796137758 0.0622557426135162 0.024883523091608708 1.2065335944824744 32.0 -1.0 -1.0 -1.0 -1.0 
292.65 30.73 20260414.0 -1.0 1.6245944281 240.58730394850343 0.4568419499727607 0.009676925646736721 11.00396952105085 32.0 11.139236342010294 32.0 1.6246000692869227 240.5474869956626 
292.65 30.73 20260414.0 -1.0 3.1349986738 360.88095592275516 0.0430193026711385 0.011059343596270537 0.4872249679856801 32.0 -1.0 -1.0 -1.0 -1.0 
292.65 30.73 20260414.0 -1.0 0.857118 421.027781909881 0.11860620515744331 0.04700221028414978 0.7671974921096651 16.0 -1.0 -1.0 -1.0 -1.0 
292.65 30.73 20260414.0 -1.0 2.929660865793 117.26796405830768 1.0287295857879508 0.013824179495338172 18.52280949823921 32.0 19.116417154031485 32.0 2.9296643333509564 117.2884044711708 
292.65 30.73 20260414.0 -1.0 0.0025070307675096643 120.29365197425172 3.9188560946779236 0.05529671798135269 3.3187040604783307 2.0 -1.0 -1.0 -1.0 -1.0 
292.65 30.73 20260414.0 -1.0 3.4877232527431374 62.655199468137106 1.4784852007105203 0.024883523091608708 17.75588027266269 32.0 17.755879495414792 32.0 3.4877302823588257 62.64152059331728 
292.65 30.73 20260414.0 -1.0 0.005839646453032786 300.7341299356293 1.060480165683625 0.023501105142074888 1.6002654374385865 2.0 -1.0 -1.0 -1.0 -1.0 
292.65 30.73 20260414.0 -1.0 0.011528285037182139 68.171215012711 3.4918397571699917 0.012441761545804354 2.1929559817490505 32.0 -1.0 -1.0 -1.0 -1.0 
292.65 30.73 20260414.0 -1.0 1.821892452777 104.29901148022554 3.9460230334919184 0.008294507697202903 139.28531207557722 32.0 99.26368110649774 32.0 0.6072999288638433 104.1326731672431 
292.65 30.73 20260414.0 -1.0 6.02617884891099 152.80626268136396 1.2075585321187605 0.011059343596270537 17.697477680871035 16.0 17.998291588817278 16.0 6.026190627987186 152.8088789917756 
292.65 30.73 20260414.0 -1.0 0.6552714627 105.56222114692186 7.664581540072595 0.022118687192541075 117.47905487244513 32.0 85.4881401175598 32.0 0.21843031087579828 105.85303803006441 
292.65 30.73 20260414.0 -1.0 261.780105 66.47807082787594 1.3514907615213376 0.008294507697202903 9.553671130427215 1.0 -1.0 -1.0 -1.0 -1.0 
292.65 30.73 20260414.0 -1.0 1.7505409271745815 110.79678471312658 8.691483487083678 0.0566791359308865 42.59122334101644 8.0 46.50312075234316 16.0 1.7505347689924142 111.11533055163551 
292.65 30.73 20260414.0 -1.0 0.43212768588 155.1154985983772 2.470240705666251 0.01520659744487199 46.58196914575297 32.0 46.833300198381984 32.0 0.43213124930237734 155.03523352013258 
292.65 30.73 20260414.0 -1.0 3.2435317536 221.59356942625317 1.0553641568759797 0.03732528463741307 5.907292820430673 32.0 -1.0 -1.0 -1.0 -1.0 
292.65 30.73 20260414.0 -1.0 0.0034424667000716165 243.75292636887846 2.974728571317075 0.02350110514207489 3.4780472644273583 2.0 -1.0 -1.0 -1.0 -1.0 
292.65 30.73 20260414.0 -1.0 0.579102438659 332.3903541393797 2.1589044591006172 0.04700221028414978 12.286939429707797 16.0 12.319232061105016 16.0 0.5791055931088825 331.82802265829946 
292.65 30.73 20260414.0 -1.0 7.376615432917449 74.6135843128622 1.542122280526466 0.02350110514207489 17.57612228772507 16.0 17.576122804810986 16.0 7.37660836117963 74.58287669995934 
292.65 30.73 20260414.0 -1.0 0.12751674750278644 170.40698403733256 1.105361542006842 0.011059343596270537 8.716686955828193 32.0 8.855623981307364 32.0 0.12751115718856454 171.42929868348867 
293.03 30.73 20260414.0 -1.0 0.2193165616435737 12.089593822168638 5.358866120566025 0.016589015394405805 53.02337955370183 32.0 39.622887920974414 16.0 0.4386189781750242 13.762918902570517 
293.03 30.73 20260414.0 -1.0 1.498159748737 34.91579443225599 8.061031886448362 0.006912089747669087 226.2929380512634 32.0 157.07948527689058 32.0 2.9963302949909125 35.01448485506911 
293.03 30.73 20260414.0 -1.0 31.8068754603104 58.70217938923039 0.08379002485202364 0.06497364362808941 1.187065105267015 4.0 -1.0 -1.0 -1.0 -1.0 
293.03 30.73 20260414.0 -1.0 0.824140577283 89.7335916908979 0.01894644584200988 0.011059343596270537 1.774929856476004 4.0 -1.0 -1.0 -1.0 -1.0 
293.03 30.73 20260414.0 -1.0 0.004949232032673308 73.32316830773759 0.02295810794920963 0.016589015394405805 0.8037189741748928 1.0 -1.0 -1.0 -1.0 -1.0 
293.03 30.73 20260414.0 -1.0 12.804214506292507 42.33540074911039 0.7590808387572493 0.016589015394405805 8.323154158405202 32.0 8.323153838407903 32.0 12.804199892949935 42.300736038782915 
293.03 30.73 20260414.0 -1.0 2.383113777136 79.86987976378558 0.11545327069384023 0.026265941041142528 2.1894589090189007 1.0 -1.0 -1.0 -1.0 -1.0 
293.03 30.73 20260414.0 -1.0 192.8565208431179 101.38673808266334 0.13219411484660293 0.01520659744487199 0.21397571102476642 2.0 -1.0 -1.0 -1.0 -1.0 
293.03 30.73 20260414.0 -1.0 0.4586745305 152.53837692591836 0.14501607341826334 0.1534483923982537 0.567883892654261 2.0 -1.0 -1.0 -1.0 -1.0 
293.03 30.73 20260414.0 -1.0 0.93147459585 22.215174207522875 0.14959514248507325 0.006912089747669086 1.0570012061432812 1.0 -1.0 -1.0 -1.0 -1.0 
293.03 30.73 20260414.0 -1.0 1.106300583096 41.85530857566687 0.1438188400122166 0.006912089747669086 0.8032858930767431 32.0 -1.0 -1.0 -1.0 -1.0 
293.03 30.73 20260414.0 -1.0 0.37033302017362885 0.0 0.7912064681527268 0.04423737438508215 1.1074840657629152 8.0 -1.0 -1.0 -1.0 -1.0 
293.03 30.73 20260414.0 -1.0 60.80349893185531 62.34339795145137 0.7317899463156684 0.019353851293473442 4.379740401541417 4.0 -1.0 -1.0 -1.0 -1.0 
293.03 30.73 20260414.0 -1.0 1.4566001023496797 187.0301938543541 0.023797846217159135 0.023501105142074895 2.161342377844424 1.0 -1.0 -1.0 -1.0 -1.0 
293.03 30.73 20260414.0 -1.0 244.498778 249.3735918058055 0.016185305906356483 0.02350110514207489 1.4731213569271597 1.0 -1.0 -1.0 -1.0 -1.0 
293.03 30.73 20260414.0 -1.0 2.29484628787 311.71698975725684 0.038677531266236895 0.026265941041142528 1.8234155969950194 16.0 -1.0 -1.0 -1.0 -1.0 
293.03 30.73 20260414.0 -1.0 1.86626740089 124.68679590290274 1.094722212882365 0.03732528463741307 7.217713840009799 16.0 7.267600341816105 16.0 1.866283128038049 124.87824945420601 
293.03 30.73 20260414.0 -1.0 25.51071841478495 374.0603877087082 7.1628442608254215 0.019353851293473442 48.524158067122855 8.0 48.52415967545216 8.0 25.510720054929457 374.0275607639752 
293.03 30.73 20260414.0 -1.0 1.021138 436.4037856601596 7.424839476044566 0.011059343596270537 178.43013926530054 32.0 178.46518803883887 32.0 1.0211503346605848 435.04991442757836 
293.03 30.73 20260414.0 -1.0 0.266907 40.371387312295994 1.1285095808786585 0.013824179495338172 18.496615079101407 32.0 18.70393633393677 32.0 0.26690637848029536 40.479173242854465 
293.03 30.73 20260414.0 -1.0 0.002245228282168751 5.979329796523839 1.8404604644167517 0.011059343596270537 6.157809885476595 1.0 -1.0 -1.0 -1.0 -1.0 
293.4 30.73 20260414.0 -1.0 83.1080049820838 77.05422686760673 0.08649553701397622 0.0815626590224952 2.0602471048753768 1.0 -1.0 -1.0 -1.0 -1.0 
293.4 30.73 20260414.0 -1.0 1.348363959193 120.17548251724733 0.035748294374042394 0.026265941041142528 0.7405428161470995 1.0 -1.0 -1.0 -1.0 -1.0 
293.4 30.73 20260414.0 -1.0 0.0021053258732772247 15.78383513757942 0.025819105619600408 0.07465056927482613 1.0045341459016182 2.0 -1.0 -1.0 -1.0 -1.0 
293.4 30.73 20260414.0 -1.0 0.005706995932595335 32.61386107678514 0.6782395925350981 0.03041319488974398 0.5932427531590531 1.0 -1.0 -1.0 -1.0 -1.0 
293.4 30.73 20260414.0 -1.0 4.292234700197 74.77989903798434 0.43889864132372547 0.009676925646736721 8.288718695655563 32.0 8.288718160210866 32.0 4.292238979057099 74.78527256617362 
293.4 30.73 20260414.0 -1.0 19.3830879941 59.587389136106744 0.010582845606754477 0.03317803078881161 2.1489789227392873 4.0 -1.0 -1.0 -1.0 -1.0 
293.4 30.73 20260414.0 -1.0 10.129015294167026 42.029578291421856 0.010985101660475756 0.019353851293473442 -0.09669863763233547 4.0 -1.0 -1.0 -1.0 -1.0 
293.4 30.73 20260414.0 -1.0 1.195569 123.1775952523489 0.1481552588851499 0.03041319488974398 1.621697170870751 4.0 -1.0 -1.0 -1.0 -1.0 
293.4 30.73 20260414.0 -1.0 0.700771 68.1843483320794 0.09534500147295626 0.026265941041142528 1.0072934697685652 16.0 -1.0 -1.0 -1.0 -1.0 
293.4 30.73 20260414.0 -1.0 0.02153740016448467 0.0 0.13210282079320895 0.016589015394405805 0.4569781000189146 1.0 -1.0 -1.0 -1.0 -1.0 
293.4 30.73 20260414.0 -1.0 2.339783 64.97429705255522 0.025962196589983742 0.009676925646736721 1.0309047785577006 1.0 -1.0 -1.0 -1.0 -1.0 
293.4 30.73 20260414.0 -1.0 263.9807142255208 129.94859410511043 0.014825764651044081 0.05944397182995413 0.6305095270648263 1.0 -1.0 -1.0 -1.0 -1.0 
293.4 30.73 20260414.0 -1.0 0.29430830737650915 194.92289115766565 0.2628705744462246 0.012441761545804354 3.1342117095243767 32.0 -1.0 -1.0 -1.0 -1.0 
293.4 30.73 20260414.0 -1.0 0.385545801862 389.8457823153313 0.8806320341568252 0.06635606157762322 2.345571317812202 4.0 -1.0 -1.0 -1.0 -1.0 
293.4 30.73 20260414.0 -1.0 2.17577321653 29.202369332351548 5.943980934483682 0.08156265902249521 16.88148846105424 8.0 16.888037416352777 8.0 2.1757538585613174 29.145004734855213 
293.4 30.73 20260414.0 -1.0 0.0017518115885725878 27.42839362524608 4.257580972302213 0.052531882082285056 1.757427174199216 2.0 -1.0 -1.0 -1.0 -1.0 
293.4 30.73 20260414.0 -1.0 0.325733 95.15787639140099 2.281580642803688 0.016589015394405805 25.551819289355354 32.0 25.709670143781665 32.0 0.32572036919494474 95.02485918760084 
293.4 30.73 20260414.0 -1.0 2.726751158543 75.82608983961065 4.709418621680498 0.009676925646736721 120.9240284079738 32.0 121.01507607178819 32.0 2.726756065385416 75.79725189724498 
293.4 30.73 20260414.0 -1.0 0.007518919968011797 259.89718821022086 1.2439687799583798 0.022118687192541075 0.4613335335771728 8.0 -1.0 -1.0 -1.0 -1.0 
293.4 30.73 20260414.0 -1.0 0.0682556576466749 324.8714852627761 8.29262199356948 0.009676925646736721 106.7573435860547 32.0 37.911706421505976 16.0 0.11944697083284458 326.0597404711927 
293.4 30.73 20260414.0 -1.0 232.64926277734997 454.8200793678865 4.260523315412531 0.027648358990676344 3.0808904213056567 1.0 -1.0 -1.0 -1.0 -1.0 
293.4 30.73 20260414.0 -1.0 14.8661645038 62.998880880540334 5.968670271847967 0.026265941041142528 49.32751530024377 16.0 49.32751333789188 16.0 14.866175964319458 63.046312325745824 
293.4 30.73 20260414.0 -1.0 7.30131601293 145.1930886430937 3.697913905022333 0.07741540517389377 10.590597363244482 8.0 10.819469730596058 8.0 7.301302199872832 145.21903400874038 
293.4 30.73 20260414.0 -1.0 0.5643 17.05745872216796 1.8353815962816797 0.013824179495338172 25.516966751302405 32.0 25.570211645166374 32.0 0.564311145960043 17.00125276199887 
293.4 30.73 20260414.0 -1.0 9.995906216 35.388541028924465 2.8401765316560112 0.006912089747669086 78.27525297242923 32.0 78.69920934824495 32.0 9.995892469305545 35.419276587497656 
293.4 30.73 20260414.0 -1.0 1.102536 15.647375467802075 3.2497592240359943 0.07465056927482613 2.987426069367289 8.0 -1.0 -1.0 -1.0 -1.0 
293.4 30.73 20260414.0 -1.0 0.026607250597988085 0.0 1.1084202985753977 0.011059343596270537 0.7072871792397764 2.0 -1.0 -1.0 -1.0 -1.0 
293.4 30.73 20260414.0 -1.0 1.1469878660290085 143.62739348459573 3.1546406481741447 0.05253188208228505 12.474602980407019 16.0 12.60285781841866 16.0 1.146994084895899 143.49866914591905 
293.4 30.73 20260414.0 -1.0 309.597523 167.56529239869502 7.440243664430449 0.045619792334615966 19.73215358058441 1.0 -1.0 -1.0 -1.0 -1.0 
293.4 30.73 20260414.0 -1.0 6.02617884891099 50.44459126102471 1.3065066096061997 0.022118687192541075 14.747780110990266 32.0 15.255576307452062 32.0 6.026190627987186 50.3965706873538 
293.4 30.73 20260414.0 -1.0 0.007553552646788808 239.3789891409929 3.793655635542592 0.013824179495338172 6.0531801314125495 32.0 -1.0 -1.0 -1.0 -1.0 
293.4 30.73 20260414.0 -1.0 4.08432434691 263.3168880550922 6.369134321932862 0.012441761545804354 140.82530680404125 32.0 140.82530169696383 32.0 4.084328490231807 263.3170219447683 
293.4 30.73 20260414.0 -1.0 142.28242565537008 287.25478696919146 6.208394391775597 0.06497364362808941 12.197377782054675 1.0 12.197377971819517 1.0 142.28280633687973 287.30093209115955 
293.4 30.73 20260414.0 -1.0 13.815971 311.1926858832908 3.326995436919836 0.013824179495338174 38.720556485834365 16.0 38.720557376391156 16.0 13.8159521156922 311.1836443044437 
293.4 30.73 20260414.0 -1.0 42.09831427197989 383.0063826255886 5.270747206075629 0.016589015394405805 28.129482129293873 8.0 28.129481052026428 8.0 42.09832695778459 383.03417681051036 
293.4 30.73 20260414.0 -1.0 2.688716547019 430.8821804537872 7.277566768974917 0.017971433343939622 142.73494617793742 32.0 142.960872695756 32.0 2.6887391868513077 430.7996012370786 
293.4 30.73 20260414.0 -1.0 0.215973948926 48.80707522369659 1.947730894025813 0.031795612839277794 7.760428978931072 16.0 8.01130473688995 16.0 0.21597467518101138 51.5097479515323 
293.77 30.73 20260414.0 -1.0 66.04697648686016 23.54065296814316 0.34178529631750376 0.031795612839277794 0.7411332543307517 4.0 -1.0 -1.0 -1.0 -1.0 
293.77 30.73 20260414.0 -1.0 0.001190804140741943 23.018582035381918 0.22518281997730039 0.06082638977948796 1.5831722109596134 2.0 -1.0 -1.0 -1.0 -1.0 
293.77 30.73 20260414.0 -1.0 143.5961701962213 101.18683896790567 0.2211742042623624 0.020736269243007262 2.652347916690287 1.0 -1.0 -1.0 -1.0 -1.0 
293.77 30.73 20260414.0 -1.0 0.2321160610787 25.6763976930755 0.015262242925517455 0.01520659744487199 1.3462007884499292 8.0 -1.0 -1.0 -1.0 -1.0 
293.77 30.73 20260414.0 -1.0 0.0051582216507230555 79.78193072469486 0.06967617614873729 0.038707702586946884 0.8184897461756546 1.0 -1.0 -1.0 -1.0 -1.0 
293.77 30.73 20260414.0 -1.0 0.0012410878415065833 120.50346348007153 0.22831574050845846 0.031795612839277794 1.305204303964015 1.0 -1.0 -1.0 -1.0 -1.0 
293.77 30.73 20260414.0 -1.0 23.90555115685 65.21140560126754 0.41644912717543897 0.011059343596270537 4.563499450315401 8.0 -1.0 -1.0 -1.0 -1.0 
293.77 30.73 20260414.0 -1.0 2.6716878429782267 0.0 0.28618420759827207 0.019353851293473442 0.6031435855500089 4.0 -1.0 -1.0 -1.0 -1.0 
293.77 30.73 20260414.0 -1.0 182.77088751407 135.5892793942762 0.4269362550790592 0.016589015394405805 1.8708315755852833 1.0 -1.0 -1.0 -1.0 -1.0 
293.77 30.73 20260414.0 -1.0 0.1011112983493 203.38391909141427 0.013674567248957504 0.011059343596270537 0.5928098582943877 4.0 -1.0 -1.0 -1.0 -1.0 
293.77 30.73 20260414.0 -1.0 3.3591743451 271.1785587885524 0.4328761281083059 0.05391430003181888 2.701806264023338 2.0 -1.0 -1.0 -1.0 -1.0 
293.77 30.73 20260414.0 -1.0 0.09372355201430972 406.76783818282854 0.477493975820045 0.022118687192541075 2.3220999404881626 16.0 -1.0 -1.0 -1.0 -1.0 
293.77 30.73 20260414.0 -1.0 0.012181879120101153 474.56247787996665 0.4234115261660171 0.012441761545804354 0.12671858694639546 1.0 -1.0 -1.0 -1.0 -1.0 
293.77 30.73 20260414.0 -1.0 0.25289554358893185 133.74508077465205 1.0969934144688585 0.027648358990676344 5.482144816318767 16.0 -1.0 -1.0 -1.0 -1.0 
293.77 30.73 20260414.0 -1.0 1.6266597983 180.82638671093838 3.3546913220939025 0.019353851293473442 52.80384432228826 32.0 52.80384251422227 32.0 1.6266615906109414 180.84070646245232 
293.77 30.73 20260414.0 -1.0 1.917709448046 67.7946396971381 2.191967362578587 0.015206597444871989 32.79091123439704 32.0 33.177184926966646 32.0 1.9176998951782784 67.70141724867409 
293.77 30.73 20260414.0 -1.0 0.049027661219924884 26.673078564710597 4.000923210065315 0.05391430003181887 2.1328591683245297 16.0 -1.0 -1.0 -1.0 -1.0 
293.77 30.73 20260414.0 -1.0 2.2431095533 338.9731984856905 1.137118121254629 0.016589015394405805 17.791886307214877 32.0 17.83104670961306 32.0 2.243117099472632 338.911877975799 
293.77 30.73 20260414.0 -1.0 10.094892 96.20343460973021 4.1933610431463055 0.016589015394405805 64.37267699643743 32.0 64.43910510432794 32.0 10.0948758093485 96.23923438488649 
293.77 30.73 20260414.0 -1.0 29.281723720712563 54.864908933817524 1.4155170065518718 0.038707702586946884 7.499076239602169 8.0 7.499075872921544 8.0 29.281727620400492 54.84927974406779 
293.77 30.73 20260414.0 -1.0 0.776096931576026 147.8884569530929 2.905670235181032 0.022118687192541075 44.215906363154254 32.0 44.46619525299609 32.0 0.7761021455128988 147.64778440331168 
293.77 30.73 20260414.0 -1.0 363.32402573159436 18.130099664981223 3.0580779044313364 0.0483846282336836 5.230761369241802 1.0 -1.0 -1.0 -1.0 -1.0 
29.41 62.12 20260414.0 -1.0 91.52813683115231 84.44665569071134 0.20301622737534805 0.03732528463741307 2.5895959292516153 1.0 -1.0 -1.0 -1.0 -1.0 
29.41 62.12 20260414.0 -1.0 177.304965 36.42796912148332 0.07543758187143425 0.017971433343939622 0.9370793771305933 2.0 -1.0 -1.0 -1.0 -1.0 
29.41 62.12 20260414.0 -1.0 2.688716547019 185.00396111573963 0.011730240887216133 0.031795612839277794 1.6922500735756931 2.0 -1.0 -1.0 -1.0 -1.0 
29.41 62.12 20260414.0 -1.0 1.795203 143.29527902578573 0.02169370016563095 0.022118687192541075 1.8799698002033194 4.0 -1.0 -1.0 -1.0 -1.0 
29.41 62.12 20260414.0 -1.0 54.20428417114805 50.74854666309839 0.015919161622271902 0.03041319488974398 3.0458600459989067 8.0 -1.0 -1.0 -1.0 -1.0 
29.41 62.12 20260414.0 -1.0 0.472774981134 109.68667360780789 0.6097875004346693 0.13962421290291552 0.4200768137685995 8.0 -1.0 -1.0 -1.0 -1.0 
29.41 62.12 20260414.0 -1.0 1.7107765053205546 40.90314960323803 0.056166187766076354 0.1354769590543141 1.4690090488498728 1.0 -1.0 -1.0 -1.0 -1.0 
29.41 62.12 20260414.0 -1.0 0.325733 127.84951324875806 0.014907929892623264 0.017971433343939622 0.7957056040142634 1.0 -1.0 -1.0 -1.0 -1.0 
29.41 62.12 20260414.0 -1.0 178.890877 191.7742698731371 0.10901939067768147 0.04700221028414979 3.493373633064739 2.0 -1.0 -1.0 -1.0 -1.0 
29.41 62.12 20260414.0 -1.0 1.0225012922492018 255.69902649751612 0.32790766992757375 0.026265941041142528 2.270082662905793 16.0 -1.0 -1.0 -1.0 -1.0 
29.41 62.12 20260414.0 -1.0 0.1893240918829196 319.62378312189514 0.19396741271167334 0.022118687192541075 1.8674895892493628 32.0 -1.0 -1.0 -1.0 -1.0 
29.41 62.12 20260414.0 -1.0 0.03425854448965959 383.5485397462742 0.2269005682628224 0.03732528463741307 2.2828316907396324 1.0 -1.0 -1.0 -1.0 -1.0 
29.41 62.12 20260414.0 -1.0 285.989343507338 447.4732963706532 0.07373722146511155 0.06082638977948796 1.034713503136362 1.0 -1.0 -1.0 -1.0 -1.0 
29.41 62.12 20260414.0 -1.0 4.368538167500896 53.34415134251611 1.769394946143883 0.019353851293473442 25.957231265552387 32.0 25.957231537512165 32.0 4.368545584535847 53.331310747460755 
29.41 62.12 20260414.0 -1.0 19.364833 113.22206618839411 1.36651235103008 0.11612310776084063 2.150039047144621 4.0 -1.0 -1.0 -1.0 -1.0 
29.41 62.12 20260414.0 -1.0 216.15680256952174 0.0 1.5021651139281067 0.08156265902249521 1.9303516133887422 1.0 -1.0 -1.0 -1.0 -1.0 
29.41 62.12 20260414.0 -1.0 0.719311913668 63.92475662437903 2.0812863367917687 0.016589015394405805 24.439570475385057 32.0 -1.0 -1.0 -1.0 -1.0 
29.41 62.12 20260414.0 -1.0 5.4199894818 71.55813590325778 4.932525134287107 0.019353851293473442 81.731453769462 32.0 81.78932687057446 32.0 5.419982092765471 71.54693870674527 
29.41 62.12 20260414.0 -1.0 1.702875 15.215613637966007 7.5073653015647555 0.013824179495338172 144.99771055664908 32.0 145.28629725489813 32.0 1.7028772466195128 15.078492032963286 
29.41 62.12 20260414.0 -1.0 3.7043334323208 66.85919639741533 4.181789195669735 0.04700221028414978 21.651899492309013 16.0 21.670633521577834 16.0 3.7043112873410187 66.79063585070986 
300.72 31.53 20260414.0 -1.0 0.0010762985944082135 70.98140537795678 9.449254360866355 0.01382417949533817 2.5273641854556246 2.0 -1.0 -1.0 -1.0 -1.0 
300.72 31.53 20260414.0 -1.0 4.249688210732 30.67178158992444 5.259834716302625 0.07741540517389377 13.32482029919024 8.0 13.372013173381214 8.0 4.249765576484303 30.76417166456939 
300.72 31.53 20260414.0 -1.0 4.46970284042 186.04012382023322 7.744420018433866 0.04009012053648069 47.08140755807244 16.0 48.602988772645816 32.0 4.469711711863056 186.00180105091624 
300.72 31.53 20260414.0 -1.0 0.25406039840352124 56.06879819304659 2.406235522250667 0.012441761545804354 31.41748488428709 32.0 31.609104968207156 32.0 0.254052186695238 56.974436339317656 
300.72 31.53 20260414.0 -1.0 194.174757 84.2008781226588 0.4858124572854596 0.035942866687879244 2.385750600809293 1.0 -1.0 -1.0 -1.0 -1.0 
300.72 31.53 20260414.0 -1.0 3.255405118685032 52.6825293126303 0.18265272784775224 0.03456044873834543 0.8018445776438887 8.0 -1.0 -1.0 -1.0 -1.0 
300.72 31.53 20260414.0 -1.0 0.3854191 61.538924846026745 0.05810003816100462 0.02073626924300726 -0.12756560696751998 32.0 -1.0 -1.0 -1.0 -1.0 
300.72 31.53 20260414.0 -1.0 0.12012180479939936 172.63459234583797 0.6234182015477384 0.030413194889743977 1.3737850329073262 8.0 -1.0 -1.0 -1.0 -1.0 
300.72 31.53 20260414.0 -1.0 0.621231324318 42.979566559129786 0.08788087844939613 0.03732528463741307 1.020070000407554 4.0 -1.0 -1.0 -1.0 -1.0 
300.72 31.53 20260414.0 -1.0 0.4894559945292 84.07063701187357 0.022209288899663372 0.08570991287109667 1.4450308404495542 8.0 -1.0 -1.0 -1.0 -1.0 
300.72 31.53 20260414.0 -1.0 1.707709 0.0 0.020064587839707698 0.024883523091608708 1.6467418479955702 16.0 -1.0 -1.0 -1.0 -1.0 
300.72 31.53 20260414.0 -1.0 3.121390202582 93.02006191011661 0.04518200471427629 0.03317803078881161 0.6750432628260573 16.0 -1.0 -1.0 -1.0 -1.0 
300.72 31.53 20260414.0 -1.0 0.931029279866 279.0601857303498 0.043467415284654275 0.024883523091608708 2.676166307746954 32.0 -1.0 -1.0 -1.0 -1.0 
300.72 31.53 20260414.0 -1.0 9.629715252681091 372.08024764046644 0.0734322082789009 0.04285495643554833 1.8674935768024514 1.0 -1.0 -1.0 -1.0 -1.0 
300.72 31.53 20260414.0 -1.0 430.461054545748 465.10030955058306 0.0893501137040289 0.031795612839277794 0.7811966199275425 1.0 -1.0 -1.0 -1.0 -1.0 
300.72 31.53 20260414.0 -1.0 0.023719473348773057 558.1203714606996 0.09842361448831262 0.02764835899067634 0.5080392015132804 2.0 -1.0 -1.0 -1.0 -1.0 
300.72 31.53 20260414.0 -1.0 3.57361490181 651.1404333708163 0.47881529719724253 0.029030776940210157 2.498944145146722 16.0 -1.0 -1.0 -1.0 -1.0 
300.72 31.53 20260414.0 -1.0 249.25200211329474 51.38011820477788 7.292665413176159 0.016589015394405805 29.076265005812388 2.0 29.07626536740752 2.0 249.2519949252407 51.40855001842517 
300.72 31.53 20260414.0 -1.0 0.002637020132031692 77.88418424957459 1.4204149725036725 0.029030776940210157 2.374959038146588 2.0 -1.0 -1.0 -1.0 -1.0 
300.72 31.53 20260414.0 -1.0 0.149096940909 48.25433154593208 6.247115967047402 0.006912089747669086 72.94278508833223 32.0 40.94457993025681 8.0 0.5963859924425682 47.765424426568266 
30.09 62.12 20260414.0 -1.0 186.651669856731 112.80994805911097 2.166374691167717 0.011059343596270537 13.136859548786832 2.0 13.136859957929598 2.0 186.65159586817026 112.83569541445681 
30.09 62.12 20260414.0 -1.0 15.038547169613716 49.35157096550456 2.0161853420920526 0.06635606157762322 7.779954647671473 8.0 8.033767183552289 8.0 15.038555526795488 49.38459135628244 
30.09 62.12 20260414.0 -1.0 2.81903117539 0.48951062274170437 0.11959355362282424 0.015206597444871992 2.075666065377647 1.0 -1.0 -1.0 -1.0 -1.0 
30.09 62.12 20260414.0 -1.0 16.757231 36.17928511718233 0.34391700127099145 0.012441761545804354 2.9914897622271592 16.0 -1.0 -1.0 -1.0 -1.0 
30.09 62.12 20260414.0 -1.0 1.25242411862 51.66562118210171 0.07074324360371825 0.029030776940210157 1.4793998087972897 1.0 -1.0 -1.0 -1.0 -1.0 
30.09 62.12 20260414.0 -1.0 5.65907208453 58.96377955752348 0.017354973001596143 0.06497364362808941 1.2307435405291614 1.0 -1.0 -1.0 -1.0 -1.0 
30.09 62.12 20260414.0 -1.0 144.25758434308975 60.432311425748594 0.21396021878122898 0.011059343596270537 2.3911472849103244 2.0 -1.0 -1.0 -1.0 -1.0 
30.09 62.12 20260414.0 -1.0 0.005400798609833176 0.0 0.032363166316024074 0.04700221028414978 1.4283510636218797 8.0 -1.0 -1.0 -1.0 -1.0 
30.09 62.12 20260414.0 -1.0 0.4102676860891 63.566450867458464 0.03772746855181556 0.13132970520571263 2.227626894727748 2.0 -1.0 -1.0 -1.0 -1.0 
30.09 62.12 20260414.0 -1.0 1.899823440035 190.6993526023754 0.14067431901849534 0.030413194889743977 1.6378162398790477 4.0 -1.0 -1.0 -1.0 -1.0 
30.09 62.12 20260414.0 -1.0 21.039344 317.83225433729234 0.16823741714892704 0.08985716671969811 0.6054769790144506 2.0 -1.0 -1.0 -1.0 -1.0 
30.09 62.12 20260414.0 -1.0 2.0185616445690817 381.3987052047508 0.7197567037875809 0.05391430003181887 3.275755623321201 8.0 -1.0 -1.0 -1.0 -1.0 
30.09 62.12 20260414.0 -1.0 15.3936498245 444.96515607220925 0.016478652374239944 0.024883523091608708 1.7885959789902088 4.0 -1.0 -1.0 -1.0 -1.0 
30.09 62.12 20260414.0 -1.0 0.0611279027574804 127.13290173491693 1.1038353304926376 0.022118687192541075 3.4917798444741326 32.0 -1.0 -1.0 -1.0 -1.0 
30.09 62.12 20260414.0 -1.0 157.41960688741847 254.26580346983386 2.121937916848951 0.013824179495338172 10.887822945033244 1.0 10.88782292970007 1.0 157.41970855742693 254.31040589823314 
30.09 62.12 20260414.0 -1.0 4.929022 133.01338648863222 8.812406242494825 0.04009012053648069 64.90711368715984 16.0 65.14045860906354 16.0 4.929036852748444 132.97408410277689 
30.09 62.12 20260414.0 -1.0 77.003746 212.58111316701107 1.3065066096061997 0.035942866687879244 4.252399313739952 2.0 -1.0 -1.0 -1.0 -1.0 
30.09 62.12 20260414.0 -1.0 398.2997960549156 86.10936863683618 1.5571097780848744 0.017971433343939622 2.5976707139883857 1.0 -1.0 -1.0 -1.0 -1.0 
30.09 62.12 20260414.0 -1.0 0.7378399817266 46.01399853772021 2.2690056826282254 0.05114946413275123 8.750752483046236 16.0 8.81130948133816 16.0 0.7378427350583177 45.539069898211274 
30.09 62.12 20260414.0 -1.0 3.2558702476 81.25876337512292 1.6207684425645388 0.06497364362808941 6.070133690764552 8.0 6.078250021245077 8.0 3.255869766386847 81.36313821813746 
301.1 31.53 20260414.0 -1.0 3.618331919396013 39.599231520456435 8.978324947588142 0.07879782312342758 25.789279114328046 8.0 25.8907027213688 8.0 3.618333721533418 39.77078771110451 
301.1 31.53 20260414.0 -1.0 0.0167272431430518 53.493698720616585 1.8777050000498472 0.04561979233461597 1.2727220022758916 8.0 -1.0 -1.0 -1.0 -1.0 
301.1 31.53 20260414.0 -1.0 0.762068243394 0.0 3.109204337711029 0.013824179495338172 24.112805695424758 32.0 -1.0 -1.0 -1.0 -1.0 
301.1 31.53 20260414.0 -1.0 1.89273345976 180.42958121350827 2.3797846217159146 0.03456044873834543 16.466345326181518 16.0 16.68711340362602 16.0 1.892719107369582 180.5371126631309 
301.1 31.53 20260414.0 -1.0 0.0013357810993506606 631.5035342472789 1.8152058921173786 0.042854956435548326 1.9272221763955002 1.0 -1.0 -1.0 -1.0 -1.0 
301.1 31.53 20260414.0 -1.0 0.0022043335512826594 59.05148560068065 3.5748294374042393 0.06497364362808941 2.585301926725983 1.0 -1.0 -1.0 -1.0 -1.0 
301.1 31.53 20260414.0 -1.0 0.25058183188379657 64.35664580437816 0.7923004251845865 0.017971433343939622 2.559061336177454 32.0 -1.0 -1.0 -1.0 -1.0 
301.1 31.53 20260414.0 -1.0 0.004493927383091948 57.53572554248136 0.05166201213960514 0.04285495643554833 0.6807285244194619 1.0 -1.0 -1.0 -1.0 -1.0 
301.1 31.53 20260414.0 -1.0 279.329609 15.157600581992893 0.0451196203330497 0.13962421290291552 0.23134164121545941 1.0 -1.0 -1.0 -1.0 -1.0 
301.1 31.53 20260414.0 -1.0 305.10813096872624 38.77819482226516 0.030391229827701885 0.02350110514207489 1.4339972805840087 1.0 -1.0 -1.0 -1.0 -1.0 
301.1 31.53 20260414.0 -1.0 0.854781 90.21479060675414 0.05663374845755553 0.030413194889743977 0.8921120934927828 1.0 -1.0 -1.0 -1.0 -1.0 
301.1 31.53 20260414.0 -1.0 0.582564 270.6443718202624 0.14652664024818202 0.08432749492156286 0.06152592030756036 1.0 -1.0 -1.0 -1.0 -1.0 
301.1 31.53 20260414.0 -1.0 6.30957344480193 360.85916242701654 0.04915516484961509 0.12165277955897592 0.8296733512774496 4.0 -1.0 -1.0 -1.0 -1.0 
301.1 31.53 20260414.0 -1.0 81.22016464756041 451.0739530337707 0.06489051458090826 0.02073626924300726 1.9389918295344777 2.0 -1.0 -1.0 -1.0 -1.0 
301.1 31.53 20260414.0 -1.0 0.132180571 541.2887436405248 0.08554472200642586 0.013824179495338172 2.575704037475434 1.0 -1.0 -1.0 -1.0 -1.0 
301.1 31.53 20260414.0 -1.0 1.5321247126260973 101.9348639139022 1.6118355570743061 0.017971433343939622 25.89443586672534 32.0 26.026040420027368 32.0 1.5321347746066751 101.80512070577898 
301.1 31.53 20260414.0 -1.0 0.478126 70.60915604445023 5.570248719345162 0.03456044873834543 30.107235149584614 32.0 30.107234479424463 32.0 0.47812136472202843 70.63615730878104 
301.1 31.53 20260414.0 -1.0 43.27524106540171 14.589190560168161 5.989323039447171 0.008294507697202903 71.42226266420404 8.0 73.15900501110167 32.0 14.425071033959588 14.572502367427607 
301.1 31.53 20260414.0 -1.0 0.003287848251159107 177.28077014022523 1.3011022597285766 0.015206597444871989 2.226926460538544 1.0 -1.0 -1.0 -1.0 -1.0 
301.1 31.53 20260414.0 -1.0 1.45234525892 115.63986110678745 4.3768747250644155 0.01520659744487199 56.56619305222605 32.0 56.56619069025889 32.0 1.45234177277113 115.66923754145662 
301.47 31.53 20260414.0 -1.0 270.04262113057 197.77861511597555 2.7135845277589143 0.06635606157762322 4.103638939032174 1.0 -1.0 -1.0 -1.0 -1.0 
301.47 31.53 20260414.0 -1.0 0.2697008734407655 91.23436905823833 1.473386993275719 0.11474068981130682 0.3654454183512029 8.0 -1.0 -1.0 -1.0 -1.0 
301.47 31.53 20260414.0 -1.0 257.4004155493247 75.79951347098842 0.12465496208633538 0.012441761545804354 0.7936982548751942 1.0 -1.0 -1.0 -1.0 -1.0 
301.47 31.53 20260414.0 -1.0 0.7412385250259942 109.16879640050847 0.016399155431805004 0.09123958466923193 2.742319118627165 4.0 -1.0 -1.0 -1.0 -1.0 
301.47 31.53 20260414.0 -1.0 92.79872660216681 30.11983964799375 0.026949024815046144 0.017971433343939622 2.8325024927148994 1.0 -1.0 -1.0 -1.0 -1.0 
301.47 31.53 20260414.0 -1.0 183.150183 113.85549344117139 0.22239996444081098 0.03456044873834543 3.3387787157155455 1.0 -1.0 -1.0 -1.0 -1.0 
301.47 31.53 20260414.0 -1.0 0.724541971 51.80362462279423 0.5448458249913325 0.030413194889743977 2.9607104309266545 16.0 -1.0 -1.0 -1.0 -1.0 
301.47 31.53 20260414.0 -1.0 0.0027357715691219368 63.30165469588728 0.2704227371659052 0.035942866687879244 2.35394619783905 2.0 -1.0 -1.0 -1.0 -1.0 
301.47 31.53 20260414.0 -1.0 5.455692 78.29908522600864 0.02110242829549124 0.08294507697202903 2.735476896890181 1.0 -1.0 -1.0 -1.0 -1.0 
301.47 31.53 20260414.0 -1.0 2.79537 37.86851208855646 0.029440616134162323 0.03456044873834543 1.2001832460151514 16.0 -1.0 -1.0 -1.0 -1.0 
301.47 31.53 20260414.0 -1.0 1.157564675162 0.0 0.3094204795719363 0.04147253848601452 1.5227768643046486 8.0 -1.0 -1.0 -1.0 -1.0 
301.47 31.53 20260414.0 -1.0 0.04232292065881791 89.26149278016878 0.1748736087702011 0.027648358990676344 0.7647182363350177 8.0 -1.0 -1.0 -1.0 -1.0 
301.47 31.53 20260414.0 -1.0 4.2340633683 446.3074639008439 0.13110273782441131 0.05391430003181887 1.2879981443328021 4.0 -1.0 -1.0 -1.0 -1.0 
301.47 31.53 20260414.0 -1.0 297.619048 535.5689566810127 0.015974245037904646 0.023501105142074895 0.9097394080765769 1.0 -1.0 -1.0 -1.0 -1.0 
301.47 31.53 20260414.0 -1.0 14.832641066111385 178.52298556033756 1.1681718877884386 0.012441761545804354 10.600261075514135 8.0 10.829057108839367 8.0 14.832645926314097 178.51315400098818 
301.47 31.53 20260414.0 -1.0 0.003987817676680583 267.7844783405063 2.8089554702739137 0.013824179495338172 1.0997479956124714 2.0 -1.0 -1.0 -1.0 -1.0 
301.47 31.53 20260414.0 -1.0 4.637474265324079 357.0459711206751 1.072267222010323 0.047002210284149776 3.0323961403789337 8.0 -1.0 -1.0 -1.0 -1.0 
301.47 31.53 20260414.0 -1.0 0.655623504347 624.8304494611815 1.2859110287031283 0.026265941041142528 2.7272051134505833 8.0 -1.0 -1.0 -1.0 -1.0 
301.47 31.53 20260414.0 -1.0 12.608085313 5.81150433042203 7.9889600429352345 0.019353851293473442 87.36594622565191 32.0 87.36594823606126 32.0 12.608082518757632 5.76828218710676 
301.47 31.53 20260414.0 -1.0 2.4718570439343 58.86491483072637 3.924274478316304 0.1534483923982537 3.1951821455578475 2.0 -1.0 -1.0 -1.0 -1.0 
301.85 31.53 20260414.0 -1.0 213.59893407472 123.27588306988879 0.17927732049023584 0.027648358990676344 0.2577223492553191 2.0 -1.0 -1.0 -1.0 -1.0 
301.85 31.53 20260414.0 -1.0 0.0010092333577727544 56.78651929505977 0.029953504740184676 0.022118687192541075 5.089957681641257 1.0 -1.0 -1.0 -1.0 -1.0 
301.85 31.53 20260414.0 -1.0 1.577139 155.74309344450128 0.05223622660088885 0.031795612839277794 0.6184481630445494 4.0 -1.0 -1.0 -1.0 -1.0 
301.85 31.53 20260414.0 -1.0 0.1687760911319839 100.2627262909489 0.02402913148330111 0.05253188208228505 1.473691765523184 2.0 -1.0 -1.0 -1.0 -1.0 
301.85 31.53 20260414.0 -1.0 1.861701334345 20.83623654309422 0.7172747925877022 0.016589015394405805 8.000374012328148 32.0 8.101507127701893 32.0 1.861705338039125 20.54318042074864 
301.85 31.53 20260414.0 -1.0 0.696228754897 166.50329918168129 0.2194998073532578 0.026265941041142524 2.1447210256895226 1.0 -1.0 -1.0 -1.0 -1.0 
301.85 31.53 20260414.0 -1.0 0.56780822690031 19.343491238514336 0.3174316050154982 0.012441761545804354 0.970014372001837 8.0 -1.0 -1.0 -1.0 -1.0 
301.85 31.53 20260414.0 -1.0 1.00399242379 63.006291397475955 0.12336987392357227 0.10921101801317155 -0.18846724646012555 8.0 -1.0 -1.0 -1.0 -1.0 
301.85 31.53 20260414.0 -1.0 0.562778 177.69000357731267 0.402031818216859 0.03732528463741307 2.381314703834889 8.0 -1.0 -1.0 -1.0 -1.0 
301.85 31.53 20260414.0 -1.0 19.979243 266.535005365969 0.021844088802215278 0.015206597444871992 0.9792539044626901 1.0 -1.0 -1.0 -1.0 -1.0 
301.85 31.53 20260414.0 -1.0 24.8169210543861 444.22500894328164 0.06749676032594977 0.016589015394405805 1.084084020288311 1.0 -1.0 -1.0 -1.0 -1.0 
301.85 31.53 20260414.0 -1.0 8.351100256070806 621.9150125205944 0.12000737073062885 0.024883523091608708 2.9533956913978865 2.0 -1.0 -1.0 -1.0 -1.0 
301.85 31.53 20260414.0 -1.0 210.16660682455 0.0 3.6045884399314216 0.017971433343939622 14.23264982479131 2.0 -1.0 -1.0 -1.0 -1.0 
301.85 31.53 20260414.0 -1.0 0.1147265319451209 88.84500178865633 3.891876190394204 0.024883523091608708 10.574505804002998 32.0 10.669595594042733 32.0 0.11471759838362536 90.9769418633154 
301.85 31.53 20260414.0 -1.0 308.86 355.38000715462533 3.7261224747125095 0.01105934359627054 11.96156844557821 1.0 -1.0 -1.0 -1.0 -1.0 
301.85 31.53 20260414.0 -1.0 0.698779588461 533.070010731938 2.8936509629749443 0.052531882082285056 10.185777162251872 16.0 10.18577676588944 16.0 0.6987950958621999 533.1107116083932 
301.85 31.53 20260414.0 -1.0 1.979022 125.32840786368612 1.296615715520493 0.024883523091608708 8.57789389130717 8.0 8.80029917009752 16.0 1.979060471057892 125.38423911974171 
301.85 31.53 20260414.0 -1.0 0.890226 35.95028275196555 6.934004168588271 0.0027648358990676344 279.6640720416 32.0 167.3108980792201 32.0 0.5934756093968948 36.22886005235474 
301.85 31.53 20260414.0 -1.0 0.014176715704922844 141.8730016561132 8.935011370402894 0.11612310776084064 1.0976531041856683 8.0 -1.0 -1.0 -1.0 -1.0 
301.85 31.53 20260414.0 -1.0 3.2558702476 38.127202987811216 1.534682715483254 0.012441761545804354 17.370240974308345 32.0 17.50139578903904 32.0 3.255869766386847 38.252818714497465 
302.22 31.53 20260414.0 -1.0 128.25813729784 36.89260626202081 0.01127730225352492 0.017971433343939622 1.1965374244194902 1.0 -1.0 -1.0 -1.0 -1.0 
302.22 31.53 20260414.0 -1.0 0.014911777391988974 50.920448174045475 0.023896694625368198 0.026265941041142528 1.6160489687822117 4.0 -1.0 -1.0 -1.0 -1.0 
302.22 31.53 20260414.0 -1.0 54.956745779102285 83.67267818890483 0.331323335776144 0.019353851293473442 1.750479263510803 2.0 -1.0 -1.0 -1.0 -1.0 
302.22 31.53 20260414.0 -1.0 337.974855 32.196060071210795 0.4953013217684499 0.06082638977948796 -0.11715338268223252 1.0 -1.0 -1.0 -1.0 -1.0 
302.22 31.53 20260414.0 -1.0 0.6083291891053473 104.06557612268517 0.6787083125912104 0.024883523091608708 3.422726590461414 16.0 -1.0 -1.0 -1.0 -1.0 
302.22 31.53 20260414.0 -1.0 313.63792463001255 0.0 0.11473765527464062 0.022118687192541075 0.7956402710703235 1.0 -1.0 -1.0 -1.0 -1.0 
302.22 31.53 20260414.0 -1.0 429.184549 88.27211534193495 0.05355165255286887 0.07741540517389377 -0.7461001761376637 1.0 -1.0 -1.0 -1.0 -1.0 
302.22 31.53 20260414.0 -1.0 1.142678 353.0884613677398 0.10160163342901272 0.016589015394405805 1.9495339867630381 8.0 -1.0 -1.0 -1.0 -1.0 
302.22 31.53 20260414.0 -1.0 3.064857408039 37.386979545263976 3.2858797440244336 0.04700221028414978 16.031644268834032 32.0 16.1537579583861 32.0 3.064845562524473 37.342037316533236 
302.22 31.53 20260414.0 -1.0 0.4507336397195 176.5442306838699 3.3431234604531173 0.03732528463741307 17.38469883963551 16.0 17.432086443884234 16.0 0.4507455741986633 176.69159120505972 
302.22 31.53 20260414.0 -1.0 1.0678649447 264.8163460258048 6.417719598388955 0.01520659744487199 106.05088089034504 32.0 72.63316364059764 32.0 2.1357057751932493 264.8349909413753 
302.22 31.53 20260414.0 -1.0 0.34093223633087555 441.3605767096748 7.912064681527268 0.035942866687879244 41.22578523010167 32.0 25.98976299338732 32.0 0.2272827259730548 441.8301759457564 
302.22 31.53 20260414.0 -1.0 323.624595 529.6326920516096 1.0619464324307952 0.029030776940210154 1.6003765758154902 1.0 -1.0 -1.0 -1.0 -1.0 
302.22 31.53 20260414.0 -1.0 2.46465 617.9048073935446 3.7261224747125095 0.05944397182995413 1.6399551825436203 1.0 -1.0 -1.0 -1.0 -1.0 
302.22 31.53 20260414.0 -1.0 0.005302428120082457 184.3394379892933 4.370831420364764 0.019353851293473442 1.76881218504715 8.0 -1.0 -1.0 -1.0 -1.0 
302.22 31.53 20260414.0 -1.0 0.02153740016448467 17.859234857159155 1.399956726105786 0.02073626924300726 0.4766498335312663 2.0 -1.0 -1.0 -1.0 -1.0 
302.22 31.53 20260414.0 -1.0 6.327395203976 110.12164884241389 7.054802310718645 0.05529671798135269 28.973386116189083 16.0 29.257710848045786 16.0 6.327354640234263 110.20454915367127 
302.22 31.53 20260414.0 -1.0 3.9484675341910664 48.44858175782968 1.1665589518231836 0.04147253848601452 5.003806270098864 16.0 -1.0 -1.0 -1.0 -1.0 
302.22 31.53 20260414.0 -1.0 40.766408 58.52143740390906 5.025394001268609 0.02211868719254107 32.40929905224825 8.0 33.55136526189028 32.0 13.58879065567938 58.4924053359247 
302.22 31.53 20260414.0 -1.0 2.7337872008546404 59.942760593233146 3.8704260662198067 0.012441761545804354 61.497623807155534 32.0 62.12891575314462 32.0 2.733789491079127 59.9091763994246 
307.1 31.52 20260414.0 -1.0 1.07746138421 137.84200237039505 4.079069040987993 0.008294507697202903 100.98634334202097 32.0 81.12904247001823 32.0 0.5387240283501645 137.83158489191942 
307.1 31.52 20260414.0 -1.0 1.82745452277 0.0 1.1300699081019758 0.049767046183217416 2.5400243117970636 4.0 -1.0 -1.0 -1.0 -1.0 
307.1 31.52 20260414.0 -1.0 2.8604856126 453.2332067417231 1.7915351049091661 0.04423737438508215 1.2481776104716835 16.0 -1.0 -1.0 -1.0 -1.0 
307.1 31.52 20260414.0 -1.0 313.174935322 2.946310474868687 2.4651263498864164 0.017971433343939622 3.013075955420662 1.0 -1.0 -1.0 -1.0 -1.0 
307.1 31.52 20260414.0 -1.0 4.6015632504 39.02728182864523 0.025783456273404094 0.13962421290291552 2.3650932393413844 8.0 -1.0 -1.0 -1.0 -1.0 
307.1 31.52 20260414.0 -1.0 0.033480344337898225 69.85022218111764 0.010287295857879502 0.06635606157762322 0.06488771104743721 2.0 -1.0 -1.0 -1.0 -1.0 
307.1 31.52 20260414.0 -1.0 413.984744298621 62.37112636029713 0.891651243346112 0.053914300031818865 1.1725958383540704 1.0 -1.0 -1.0 -1.0 -1.0 
307.1 31.52 20260414.0 -1.0 1.14352903909 82.45136544286372 0.05202015203780409 0.012441761545804354 1.513182636941701 32.0 -1.0 -1.0 -1.0 -1.0 
307.1 31.52 20260414.0 -1.0 0.459063 89.47718272908905 0.37132738203638316 0.21427478217774165 0.5402390790113051 8.0 -1.0 -1.0 -1.0 -1.0 
307.1 31.52 20260414.0 -1.0 0.5394 38.528675440590526 0.6782395925350981 0.017971433343939622 5.603420255783319 32.0 -1.0 -1.0 -1.0 -1.0 
307.1 31.52 20260414.0 -1.0 6.606295308102913 19.30966557375478 0.049564361624062 0.009676925646736721 1.258722564121592 1.0 -1.0 -1.0 -1.0 -1.0 
307.1 31.52 20260414.0 -1.0 2.4718570439343 155.97314375420234 0.11176474471832028 0.016589015394405805 0.7132773206684235 8.0 -1.0 -1.0 -1.0 -1.0 
307.1 31.52 20260414.0 -1.0 0.604887 64.7476009631033 0.041329640358514746 0.0884747487701643 1.2262796381535979 1.0 -1.0 -1.0 -1.0 -1.0 
307.1 31.52 20260414.0 -1.0 0.014775351287334886 129.4952019262066 0.047224505253570005 0.009676925646736721 0.5188458962758041 1.0 -1.0 -1.0 -1.0 -1.0 
307.1 31.52 20260414.0 -1.0 0.966809 194.24280288930987 0.3667384419873411 0.012441761545804354 4.279971197644588 32.0 -1.0 -1.0 -1.0 -1.0 
307.1 31.52 20260414.0 -1.0 3.2635921412 258.9904038524132 0.027475391812400555 0.04285495643554833 1.6631939346414397 2.0 -1.0 -1.0 -1.0 -1.0 
307.1 31.52 20260414.0 -1.0 0.61894065595 323.7380048155165 0.03547766230008382 0.016589015394405805 1.2089252930394614 2.0 -1.0 -1.0 -1.0 -1.0 
307.1 31.52 20260414.0 -1.0 192.5919636477142 388.48560577861974 0.18265272784775224 0.02350110514207489 2.7098703873022325 1.0 -1.0 -1.0 -1.0 -1.0 
307.1 31.52 20260414.0 -1.0 1.667695 69.85022218111764 1.20090305820473 0.012441761545804354 14.991444297196454 32.0 15.378925136143 32.0 1.6676798016609005 70.02896971013821 
307.1 31.52 20260414.0 -1.0 64.54668603695595 57.430390333209644 1.5032032351528772 0.09815167441690101 2.1826654767614775 4.0 -1.0 -1.0 -1.0 -1.0 
307.48 31.52 20260414.0 -1.0 237.801949 32.73927526338779 0.6400009491490016 0.006912089747669086 2.967701250391036 1.0 -1.0 -1.0 -1.0 -1.0 
307.48 31.52 20260414.0 -1.0 10.50832783882986 37.81342169908805 0.02449846727094853 0.058061553880420315 1.1235496949927721 1.0 -1.0 -1.0 -1.0 -1.0 
307.48 31.52 20260414.0 -1.0 0.80755526467 79.59791452176762 0.42370413880097313 0.022118687192541075 1.8580162271638734 32.0 -1.0 -1.0 -1.0 -1.0 
307.48 31.52 20260414.0 -1.0 2.19539262108 30.489001626685933 0.018544999360231632 0.024883523091608708 2.914748772667626 8.0 -1.0 -1.0 -1.0 -1.0 
307.48 31.52 20260414.0 -1.0 0.3167636175519972 49.99137314476869 0.2504608637573597 0.008294507697202903 4.269285485331877 32.0 -1.0 -1.0 -1.0 -1.0 
307.48 31.52 20260414.0 -1.0 14.4181871 73.86192289880209 0.06338408101544683 0.06635606157762322 1.5471249820151027 1.0 -1.0 -1.0 -1.0 -1.0 
307.48 31.52 20260414.0 -1.0 233.03797751128 79.37729945934586 0.6234182015477384 0.13962421290291552 1.1638762693446045 1.0 -1.0 -1.0 -1.0 -1.0 
307.48 31.52 20260414.0 -1.0 0.776096931576026 0.0 0.20812863367917686 0.01520659744487199 1.5621989274976875 8.0 -1.0 -1.0 -1.0 -1.0 
307.48 31.52 20260414.0 -1.0 0.3480956461 63.02657169014526 0.07728386067089815 0.008294507697202903 0.43375074779869077 32.0 -1.0 -1.0 -1.0 -1.0 
307.48 31.52 20260414.0 -1.0 2.61730216935 126.05314338029052 0.5520446398788068 0.18247916933846386 0.7419903052723276 1.0 -1.0 -1.0 -1.0 -1.0 
307.48 31.52 20260414.0 -1.0 0.0015688746124169679 189.07971507043578 0.4970151613045875 0.016589015394405805 1.6912913042924405 1.0 -1.0 -1.0 -1.0 -1.0 
307.48 31.52 20260414.0 -1.0 11.38507898552 315.1328584507263 0.11836064433841874 0.012441761545804356 2.1748715225955975 8.0 -1.0 -1.0 -1.0 -1.0 
307.48 31.52 20260414.0 -1.0 0.00545066611565636 378.15943014087156 0.01289469401829158 0.03041319488974398 1.7087520469627584 1.0 -1.0 -1.0 -1.0 -1.0 
307.48 31.52 20260414.0 -1.0 0.0503983091688131 441.1860018310168 0.0402587685177346 0.019353851293473442 2.526464888444412 1.0 -1.0 -1.0 -1.0 -1.0 
307.48 31.52 20260414.0 -1.0 1.399188 176.3155578874631 7.6592883338116815 0.03456044873834543 61.312512896930194 16.0 63.56380972382204 32.0 1.399196965697532 176.28679947263117 
307.48 31.52 20260414.0 -1.0 2.040226 252.10628676058104 7.011074443308612 0.035942866687879244 52.10362053643567 32.0 52.52573776096239 32.0 2.040239147997151 251.98285343676903 
307.48 31.52 20260414.0 -1.0 0.655623504347 22.23799829211246 9.986192648683675 0.019353851293473442 132.88812342141784 32.0 94.21828653986452 16.0 1.3112488280360899 22.263545283569954 
307.48 31.52 20260414.0 -1.0 1.552793723757 61.37511036573102 1.4622327330595073 0.10921101801317155 1.5875695422792298 4.0 -1.0 -1.0 -1.0 -1.0 
307.48 31.52 20260414.0 -1.0 0.009246266070866132 93.5849094793066 7.643430638053695 0.012441761545804354 6.594630332512603 32.0 -1.0 -1.0 -1.0 -1.0 
307.48 31.52 20260414.0 -1.0 11.310098482513277 26.517930503094423 1.560340287301472 0.04700221028414978 6.846620285669924 8.0 6.846620285669924 8.0 11.310112313367426 26.513858474069675 
307.52 55.07 20260414.0 -1.0 1.53743384519 31.424411529335703 4.440836117519115 0.01520659744487199 90.17891966369268 32.0 90.79734491016092 32.0 1.5374401603670171 31.37135926321221 
307.52 55.07 20260414.0 -1.0 0.56755806947 20.654542789234736 1.3056043282579313 0.011059343596270537 29.119186915616087 32.0 29.316519378577723 32.0 0.5675550103963664 20.644378353855775 
307.52 55.07 20260414.0 -1.0 0.7446527222569242 0.0 6.480091796771672 0.019353851293473442 47.3009958731842 32.0 -1.0 -1.0 -1.0 -1.0 
307.52 55.07 20260414.0 -1.0 1.2615520801009 112.93608932256564 0.14471583393489867 0.016589015394405805 1.4898216304111895 8.0 -1.0 -1.0 -1.0 -1.0 
307.52 55.07 20260414.0 -1.0 12.02609153542 139.71322872432353 0.05422173590099175 0.024883523091608708 1.378807775362802 16.0 -1.0 -1.0 -1.0 -1.0 
307.52 55.07 20260414.0 -1.0 0.015188420245391927 112.19842708009297 0.04709418621680498 0.031795612839277794 0.2508707729389057 1.0 -1.0 -1.0 -1.0 -1.0 
307.52 55.07 20260414.0 -1.0 3.797142580957 68.89765344694729 0.09071848096673421 0.009676925646736721 3.0992705228691326 2.0 -1.0 -1.0 -1.0 -1.0 
307.52 55.07 20260414.0 -1.0 0.009504760465857926 78.48726259909199 0.051555051749154895 0.009676925646736721 1.0311329715315334 2.0 -1.0 -1.0 -1.0 -1.0 
307.52 55.07 20260414.0 -1.0 0.1955133740591237 93.79375413039988 0.08379002485202364 0.022118687192541075 0.5616711173655486 1.0 -1.0 -1.0 -1.0 -1.0 
307.52 55.07 20260414.0 -1.0 1.06383 135.47167083010567 0.07569861067277131 0.017971433343939622 2.2652967194046227 1.0 -1.0 -1.0 -1.0 -1.0 
307.52 55.07 20260414.0 -1.0 0.0741417828723554 52.68489116060156 0.12708971653659945 0.12441761545804356 0.7450081821739912 8.0 -1.0 -1.0 -1.0 -1.0 
307.52 55.07 20260414.0 -1.0 0.32264020682169114 105.36978232120312 0.16987247418078028 0.06220880772902178 1.72794373984135 8.0 -1.0 -1.0 -1.0 -1.0 
307.52 55.07 20260414.0 -1.0 5.21880961058 158.05467348180468 0.5797974856117097 0.04147253848601452 3.7792229192498614 16.0 -1.0 -1.0 -1.0 -1.0 
307.52 55.07 20260414.0 -1.0 131.356872901228 210.73956464240624 0.021980329748814836 0.017971433343939625 1.8173376049612484 2.0 -1.0 -1.0 -1.0 -1.0 
307.52 55.07 20260414.0 -1.0 1.7505409271745815 263.4244558030078 0.20036883958375684 0.012441761545804354 2.1853452033189527 32.0 -1.0 -1.0 -1.0 -1.0 
307.52 55.07 20260414.0 -1.0 1.899823440035 316.10934696360937 0.03345433837248016 0.011059343596270537 1.712154945595741 1.0 -1.0 -1.0 -1.0 -1.0 
307.52 55.07 20260414.0 -1.0 1.333917875234 368.7942381242109 3.234081611808159 0.07188573337575849 12.040990658306024 16.0 12.309917297096046 16.0 1.3339255626002948 368.3604765099756 
307.52 55.07 20260414.0 -1.0 5.5989842226119295 31.49817775358297 1.449159244429101 0.06359122567855559 7.25529393601906 8.0 7.309364892341333 8.0 5.598970650074383 31.37135926321221 
307.52 55.07 20260414.0 -1.0 0.61082541181 73.24986067753603 1.2184524368437903 0.022118687192541075 11.951293324058634 32.0 12.152789609453498 32.0 0.6108166417106986 72.96370977024517 
307.52 55.07 20260414.0 -1.0 498.8893140547213 70.7786921652526 9.07811749939735 0.017971433343939622 8.889675570364316 1.0 -1.0 -1.0 -1.0 -1.0 
307.85 31.52 20260414.0 -1.0 6.728855103385128 154.32047061125058 2.706096218036256 0.019353851293473442 26.317264022377394 16.0 26.442857097262905 16.0 6.728866234576951 154.32684798838264 
307.85 31.52 20260414.0 -1.0 0.01719488041013931 80.61966106006852 3.9816218039251856 0.016589015394405805 1.4427651676396809 32.0 -1.0 -1.0 -1.0 -1.0 
307.85 31.52 20260414.0 -1.0 2.133003640290252 33.51990172007114 6.018357026646762 0.03732528463741307 43.32676286167511 32.0 43.45249819797199 32.0 2.13300760757799 33.597713791569205 
307.85 31.52 20260414.0 -1.0 244.777668 47.228682038920745 0.06810567762203223 0.004147253848601451 1.3581388438344881 1.0 -1.0 -1.0 -1.0 -1.0 
307.85 31.52 20260414.0 -1.0 12.863191626660159 79.37340830380947 0.19898937272332504 0.009676925646736721 3.003867505210566 32.0 -1.0 -1.0 -1.0 -1.0 
307.85 31.52 20260414.0 -1.0 2.17577321653 54.964043974321775 0.04225349001833227 0.026265941041142528 0.9970797338470262 1.0 -1.0 -1.0 -1.0 -1.0 
307.85 31.52 20260414.0 -1.0 19.72231918824971 106.57609777663643 0.14481584463104336 0.027648358990676344 2.2928182104502755 1.0 -1.0 -1.0 -1.0 -1.0 
307.85 31.52 20260414.0 -1.0 0.07727254392411635 98.45396774446534 0.21336978189961653 0.006912089747669086 0.14338205422371492 1.0 -1.0 -1.0 -1.0 -1.0 
307.85 31.52 20260414.0 -1.0 0.5863707104347844 108.29506709561444 0.028089554702739137 0.06497364362808941 1.125525879548318 16.0 -1.0 -1.0 -1.0 -1.0 
307.85 31.52 20260414.0 -1.0 3.6703897382 27.28863793877586 0.03363974424252767 0.04700221028414978 2.858930049488925 4.0 -1.0 -1.0 -1.0 -1.0 
307.85 31.52 20260414.0 -1.0 3.0949330625564375 0.0 0.11238415137058827 0.006912089747669086 0.847713771470518 1.0 -1.0 -1.0 -1.0 -1.0 
307.85 31.52 20260414.0 -1.0 1.383 184.15686664779741 0.809451475557974 0.017971433343939622 9.824083928876329 32.0 9.979509914119602 32.0 1.383007960005974 183.97784238877352 
307.85 31.52 20260414.0 -1.0 10.853978 306.92811107966236 0.21381245656306763 0.03456044873834543 1.8738200264141551 2.0 -1.0 -1.0 -1.0 -1.0 
307.85 31.52 20260414.0 -1.0 1.25242411862 368.31373329559483 0.028657989853219518 0.02488352309160871 2.123750109453902 1.0 -1.0 -1.0 -1.0 -1.0 
307.85 31.52 20260414.0 -1.0 0.480458905198 429.6993555115273 0.0681998435419825 0.16589015394405807 0.6461727958615813 4.0 -1.0 -1.0 -1.0 -1.0 
307.85 31.52 20260414.0 -1.0 352.90623328676 61.38562221593247 2.371578495847471 0.16589015394405807 2.7856587689548693 1.0 -1.0 -1.0 -1.0 -1.0 
307.85 31.52 20260414.0 -1.0 1.1599278713806 122.77124443186494 1.1926352757749574 0.038707702586946884 6.7958941618099376 16.0 6.868629792037794 16.0 1.1599089096610746 123.05668665827756 
307.85 31.52 20260414.0 -1.0 233.64486 245.5424888637299 9.944884875250297 0.017971433343939622 35.07025015676122 2.0 35.070249537511074 2.0 233.6445807789763 245.50618571791233 
307.85 31.52 20260414.0 -1.0 0.3387604641 59.47633843663904 1.4703365110827455 0.03456044873834543 6.0088997192912705 16.0 6.165239927754886 16.0 0.3387564599203567 60.718759864281694 
307.85 31.52 20260414.0 -1.0 178.21546091744042 108.50993826048669 1.8622029174201729 0.008294507697202903 12.985578013968034 1.0 12.985577980051458 1.0 178.21536554644507 108.48418429084995 
308.08 55.07 20260414.0 -1.0 0.003705122070584162 79.52216872510066 0.4499510986058557 0.14377146675151697 1.6073370382056278 1.0 -1.0 -1.0 -1.0 -1.0 
308.08 55.07 20260414.0 -1.0 6.109834011889509 60.16355008557734 0.9488503448527934 0.05944397182995413 2.6801276348617873 8.0 -1.0 -1.0 -1.0 -1.0 
308.08 55.07 20260414.0 -1.0 0.7480826455225078 23.49604889777437 0.30517464977915515 0.04147253848601452 1.9185655830501305 8.0 -1.0 -1.0 -1.0 -1.0 
308.08 55.07 20260414.0 -1.0 0.6982526699955363 91.89650142409006 0.10294405236253784 0.024883523091608708 2.142492761841247 16.0 -1.0 -1.0 -1.0 -1.0 
308.08 55.07 20260414.0 -1.0 445.93689247847 21.484270882294496 0.259263496730576 0.019353851293473442 2.0629773575369375 1.0 -1.0 -1.0 -1.0 -1.0 
308.08 55.07 20260414.0 -1.0 12.5901403227 10.17276430469068 0.07157897557357115 0.02073626924300726 2.2669122286408614 16.0 -1.0 -1.0 -1.0 -1.0 
308.08 55.07 20260414.0 -1.0 0.59590979571 108.44079987484234 0.01755999760938223 0.023501105142074888 1.14582488048106 32.0 -1.0 -1.0 -1.0 -1.0 
308.08 55.07 20260414.0 -1.0 1.1629103036586828 162.6611998122635 0.015776832036995186 0.06359122567855559 2.3100217773886715 2.0 -1.0 -1.0 -1.0 -1.0 
308.08 55.07 20260414.0 -1.0 0.036034847551182844 216.88159974968468 0.04748622618155895 0.013824179495338172 1.130494411827275 8.0 -1.0 -1.0 -1.0 -1.0 
308.08 55.07 20260414.0 -1.0 0.020475734791956413 271.10199968710583 0.09965517359035103 0.052531882082285056 1.7985717614957961 4.0 -1.0 -1.0 -1.0 -1.0 
308.08 55.07 20260414.0 -1.0 0.57198175779 325.322399624527 0.6829413965989554 0.07879782312342758 1.9111630731834488 8.0 -1.0 -1.0 -1.0 -1.0 
308.08 55.07 20260414.0 -1.0 0.622468884399544 379.5427995619482 0.6547591981353267 0.031795612839277794 2.0699915173300516 4.0 -1.0 -1.0 -1.0 -1.0 
308.08 55.07 20260414.0 -1.0 1.0090512530345 65.70542914708794 1.9157032358907682 0.01520659744487199 38.083743131894316 32.0 38.17090485190399 32.0 1.0090540551270049 65.67745858653136 
308.08 55.07 20260414.0 -1.0 4.84 183.60321246936127 2.1234043527079 0.01520659744487199 36.09951921050285 32.0 36.18888679536042 32.0 4.839997321444875 183.57305065634498 
308.08 55.07 20260414.0 -1.0 2.3063232018406516 0.0 3.788417601929283 0.05114946413275124 11.850390779283911 16.0 -1.0 -1.0 -1.0 -1.0 
308.08 55.07 20260414.0 -1.0 1.30904645391 54.22039993742117 4.42552294177668 0.024883523091608708 59.35546151902506 32.0 59.42495086041646 32.0 1.3090357242617756 54.24209214542498 
308.08 55.07 20260414.0 -1.0 1.56996372132 55.19104216052332 2.4583236763656173 0.022118687192541075 33.18038724243027 32.0 33.27324540933368 32.0 1.569969754200429 55.1528735433892 
308.08 55.07 20260414.0 -1.0 0.0015545211623595855 61.340250434254244 1.629750834620645 0.019353851293473442 7.991974366823617 1.0 -1.0 -1.0 -1.0 -1.0 
308.08 55.07 20260414.0 -1.0 89.4490289462876 114.10197574589621 1.129289475004414 0.026265941041142528 4.907401023096702 1.0 -1.0 -1.0 -1.0 -1.0 
308.08 55.07 20260414.0 -1.0 1.75919355395 54.77350332712183 2.3536244866247897 0.04700221028414978 12.431781523273143 16.0 12.715863364441466 16.0 1.759205285149316 55.1528735433892 
308.23 31.52 20260414.0 -1.0 10.094892 51.59161936936452 0.0789568364074789 0.04285495643554833 1.6677148317404231 16.0 -1.0 -1.0 -1.0 -1.0 
308.23 31.52 20260414.0 -1.0 0.49621315021 13.640606581032307 0.020498929089341523 0.012441761545804354 0.8900017956881425 1.0 -1.0 -1.0 -1.0 -1.0 
308.23 31.52 20260414.0 -1.0 224.2514676922058 100.79822470462217 0.08167538853540365 0.0483846282336836 2.235832839121288 1.0 -1.0 -1.0 -1.0 -1.0 
308.23 31.52 20260414.0 -1.0 0.167294222511 119.62728286862382 0.02193482194618018 0.011059343596270537 2.3617244275886082 1.0 -1.0 -1.0 -1.0 -1.0 
308.23 31.52 20260414.0 -1.0 8.7434194934 66.57118119761472 0.5234460021323749 0.022118687192541075 3.5054706606938493 16.0 -1.0 -1.0 -1.0 -1.0 
308.23 31.52 20260414.0 -1.0 0.80981257819 51.04766880018225 0.03785801297873459 0.052531882082285056 0.986211555697962 16.0 -1.0 -1.0 -1.0 -1.0 
308.23 31.52 20260414.0 -1.0 0.516935299969 21.381441604010764 0.2970621259071586 0.035942866687879244 0.7674697970939973 32.0 -1.0 -1.0 -1.0 -1.0 
308.23 31.52 20260414.0 -1.0 0.6050112405059 33.013615314216224 0.09351840469571134 0.022118687192541075 1.5776572937638345 2.0 -1.0 -1.0 -1.0 -1.0 
308.23 31.52 20260414.0 -1.0 9.808365445406661 0.0 0.15084046126215594 0.03041319488974398 1.544702204105737 16.0 -1.0 -1.0 -1.0 -1.0 
308.23 31.52 20260414.0 -1.0 1.32079643042 59.76881034344524 0.5176919443896122 0.017971433343939622 5.601536209074781 32.0 -1.0 -1.0 -1.0 -1.0 
308.23 31.52 20260414.0 -1.0 0.2849915167992907 119.53762068689048 0.6638687231648537 0.03041319488974398 2.590763527366449 16.0 -1.0 -1.0 -1.0 -1.0 
308.23 31.52 20260414.0 -1.0 3.8234726081391104 239.07524137378095 0.014744052264218882 0.058061553880420315 1.0633266010476348 1.0 -1.0 -1.0 -1.0 -1.0 
308.23 31.52 20260414.0 -1.0 3.57769 418.38167240411667 0.019369959509055037 0.031795612839277794 1.3107981000162532 4.0 -1.0 -1.0 -1.0 -1.0 
308.23 31.52 20260414.0 -1.0 2.14149933124 179.30643103033572 6.829413965989554 0.016589015394405805 101.71880423316998 32.0 102.03877112092405 32.0 2.141496224794537 179.22153953273815 
308.23 31.52 20260414.0 -1.0 58.60871301938856 298.8440517172262 6.9483900292962435 0.019353851293473442 23.69203192241955 1.0 23.692031440909588 1.0 58.608323646088444 298.8374964653731 
308.23 31.52 20260414.0 -1.0 0.91744 358.61286206067143 3.1809017497638012 0.045619792334615966 8.043211622811507 8.0 8.043211962507915 8.0 0.9174982551485301 349.84125475136966 
308.23 31.52 20260414.0 -1.0 8.50602014261 44.2273655096661 2.3585075113822365 0.04147253848601452 17.90178896801777 16.0 18.21844411249422 16.0 8.506018881841253 44.12229883471136 
308.23 31.52 20260414.0 -1.0 0.516935299969 121.84492749682846 7.5229407048795425 0.011059343596270537 139.26610991326692 32.0 78.26767358171418 32.0 0.7754048662415396 121.84231146099192 
308.23 31.52 20260414.0 -1.0 0.762838173423 82.55495946127834 4.616006658852638 0.02073626924300726 72.30811172980172 32.0 72.30811007846478 32.0 0.762823522867014 82.5775134154231 
308.23 31.52 20260414.0 -1.0 0.377295945018 28.745695463709186 1.8570640495981352 0.012441761545804356 34.22973984362542 32.0 34.321307160049 32.0 0.37728871878546977 28.74021300242667 
308.6 31.52 20260414.0 -1.0 0.017433579021509986 96.72318702859128 4.388986413237255 0.011059343596270537 2.2160838292698775 32.0 -1.0 -1.0 -1.0 -1.0 
308.6 31.52 20260414.0 -1.0 1.639420393185 70.69645007193112 1.6478652374239953 0.012441761545804354 37.07914163126797 32.0 37.07914028842277 32.0 1.6394248329258214 70.73735524188817 
308.6 31.52 20260414.0 -1.0 0.0013114510973573175 41.03902410407542 1.337558024704075 0.016589015394405805 1.9790759314257715 4.0 -1.0 -1.0 -1.0 -1.0 
308.6 31.52 20260414.0 -1.0 112.74006440127 116.54336893401027 1.8946445842009891 0.013824179495338172 8.01690013765393 2.0 8.01690008440012 2.0 112.7399931040903 116.58001893942085 
308.6 31.52 20260414.0 -1.0 0.40042483786757027 291.3584223350257 4.778239639328049 0.05529671798135269 12.371457206154917 16.0 12.76800755763817 16.0 0.4004202007005612 291.1464535492307 
308.6 31.52 20260414.0 -1.0 6.153370289293 139.3531872162243 1.0430420810335899 0.06635606157762322 2.4293011877000628 4.0 -1.0 -1.0 -1.0 -1.0 
308.6 31.52 20260414.0 -1.0 0.403403 86.15747406342675 0.03937853236248103 0.02073626924300726 1.1087967606379951 16.0 -1.0 -1.0 -1.0 -1.0 
308.6 31.52 20260414.0 -1.0 2.936603821673 62.61918687848487 0.01805201362198333 0.05391430003181888 0.3045415799446125 1.0 -1.0 -1.0 -1.0 -1.0 
308.6 31.52 20260414.0 -1.0 0.010371972211429208 85.83111999500467 0.08824590664848048 0.008294507697202903 1.848332928793389 16.0 -1.0 -1.0 -1.0 -1.0 
308.6 31.52 20260414.0 -1.0 7.479017300127568 138.61889056227466 0.3562502481404163 0.008294507697202903 6.517155518224246 16.0 -1.0 -1.0 -1.0 -1.0 
308.6 31.52 20260414.0 -1.0 149.6597591661055 17.82709098755563 0.038677531266236895 0.016589015394405805 2.1612982868614328 2.0 -1.0 -1.0 -1.0 -1.0 
308.6 31.52 20260414.0 -1.0 0.0032428314011490864 0.0 0.2652420429232072 0.02350110514207489 3.507850442245962 32.0 -1.0 -1.0 -1.0 -1.0 
308.6 31.52 20260414.0 -1.0 0.15681158742456863 58.27168446700514 0.015831422964399676 0.016589015394405805 1.377478007884751 2.0 -1.0 -1.0 -1.0 -1.0 
308.6 31.52 20260414.0 -1.0 0.731764 174.8150534010154 0.08607826194980724 0.027648358990676344 1.5446885001715385 32.0 -1.0 -1.0 -1.0 -1.0 
308.6 31.52 20260414.0 -1.0 2.0654800681757703 233.08673786802055 0.29522084210045635 0.011059343596270537 2.2820953961949155 4.0 -1.0 -1.0 -1.0 -1.0 
308.6 31.52 20260414.0 -1.0 7.410592646910501 349.6301068020308 0.20755428942890553 0.04009012053648069 -0.02519302736964362 1.0 -1.0 -1.0 -1.0 -1.0 
308.6 31.52 20260414.0 -1.0 426.72398967803736 407.901791269036 0.28362550001387155 0.01382417949533817 0.3720523952110354 1.0 -1.0 -1.0 -1.0 -1.0 
308.6 31.52 20260414.0 -1.0 0.2104307696878421 5.670401938833483 2.5394547231851057 0.10091651031596865 1.5529241131954605 2.0 -1.0 -1.0 -1.0 -1.0 
308.6 31.52 20260414.0 -1.0 3.796839809414 63.271895015329015 9.521335527979698 0.056679135930886505 35.13166365474915 16.0 35.13166344351909 16.0 3.7968372150013847 63.248708191960105 
308.6 31.52 20260414.0 -1.0 0.143445 66.24987588968041 5.842203191873791 0.05391430003181887 6.547919898817604 16.0 7.380934509533194 32.0 0.1434576309596499 69.11818831217398 
308.98 31.52 20260414.0 -1.0 0.0013731250308870993 35.83658881557069 1.0308638735915776 0.038707702586946884 2.330181029166805 4.0 -1.0 -1.0 -1.0 -1.0 
308.98 31.52 20260414.0 -1.0 26.957044087089127 84.20206273314446 7.944928789996559 0.022118687192541075 70.7775188770959 16.0 70.7775167023702 16.0 26.957059162668887 84.19668034513728 
308.98 31.52 20260414.0 -1.0 3.464969947246 56.81465856459353 2.2286137387064633 0.016589015394405805 47.77619484158626 32.0 47.9326660615684 32.0 3.464962598324443 56.772040473103374 
308.98 31.52 20260414.0 -1.0 2.04954323268 284.07329282296763 5.209207739914888 0.013824179495338172 100.02107773903555 32.0 100.25964279950993 32.0 2.049546310445294 284.16379616483835 
308.98 31.52 20260414.0 -1.0 0.02318067352424208 397.7026099521547 4.709418621680498 0.02073626924300726 18.49679001560198 32.0 -1.0 -1.0 -1.0 -1.0 
308.98 31.52 20260414.0 -1.0 0.020475734791956413 50.11554040801229 1.8468288179219563 0.06082638977948797 1.3624510533409873 8.0 -1.0 -1.0 -1.0 -1.0 
308.98 31.52 20260414.0 -1.0 3.4436537099 93.66833147688011 0.056868986379292524 0.04285495643554833 1.2950902194361908 16.0 -1.0 -1.0 -1.0 -1.0 
308.98 31.52 20260414.0 -1.0 2.861773352516 83.0486098189918 0.2429621118496883 0.04423737438508215 1.6075162156940612 4.0 -1.0 -1.0 -1.0 -1.0 
308.98 31.52 20260414.0 -1.0 1.26157618868 129.78333996138423 0.02863819847249989 0.03041319488974398 0.49144623477582244 16.0 -1.0 -1.0 -1.0 -1.0 
308.98 31.52 20260414.0 -1.0 0.3298074763345 60.49661663538627 0.12345513278322082 0.04423737438508215 1.1360738403738622 1.0 -1.0 -1.0 -1.0 -1.0 
308.98 31.52 20260414.0 -1.0 0.16045643647092714 107.70863763880737 0.04050986128619251 0.13132970520571263 0.6601278141762102 4.0 -1.0 -1.0 -1.0 -1.0 
308.98 31.52 20260414.0 -1.0 1.277433 70.20153080963627 0.5074234538283829 0.017971433343939622 3.218435533518173 16.0 -1.0 -1.0 -1.0 -1.0 
308.98 31.52 20260414.0 -1.0 11.362193598480422 0.0 0.43108554087915063 0.04700221028414978 1.660662381709971 8.0 -1.0 -1.0 -1.0 -1.0 
308.98 31.52 20260414.0 -1.0 0.4777510029497 113.62931712918706 0.019276514212614074 0.022118687192541075 1.4531129734021702 8.0 -1.0 -1.0 -1.0 -1.0 
308.98 31.52 20260414.0 -1.0 0.425216180759 170.4439756937806 0.09468858568438857 0.017971433343939622 1.403713398735913 2.0 -1.0 -1.0 -1.0 -1.0 
308.98 31.52 20260414.0 -1.0 369.00369 227.25863425837412 0.4651218659150892 0.012441761545804354 2.4341746321920863 1.0 -1.0 -1.0 -1.0 -1.0 
308.98 31.52 20260414.0 -1.0 0.02636382397893268 340.8879513875612 0.13951293055905148 0.031795612839277794 1.3583424779395563 16.0 -1.0 -1.0 -1.0 -1.0 
308.98 31.52 20260414.0 -1.0 0.0425178630338289 22.790638614119874 1.4592053445088158 0.017971433343939622 0.4062573042943587 8.0 -1.0 -1.0 -1.0 -1.0 
308.98 31.52 20260414.0 -1.0 3.1961109625802266 112.91906287170389 1.3146552533350817 0.04700221028414978 6.321827070751095 8.0 6.3993592849945475 32.0 3.1961159644803656 112.83569541445681 
308.98 31.52 20260414.0 -1.0 2.505212314406221 155.0002071190666 1.8002197938065532 0.049767046183217416 9.755433472329859 8.0 9.887748237938638 16.0 2.50523347252359 155.23762938634687 
309.35 31.52 20260414.0 -1.0 0.01554145218618354 111.72551574960082 6.489051458090829 0.012441761545804354 18.79893718116491 32.0 -1.0 -1.0 -1.0 -1.0 
309.35 31.52 20260414.0 -1.0 0.07048703518080775 38.108529512368186 1.4531693580338614 0.011059343596270537 7.4216774766018645 32.0 8.202879790112664 32.0 0.07048583938740194 43.818705035389954 
309.35 31.52 20260414.0 -1.0 0.05133329711080282 0.0 1.296615715520493 0.009676925646736721 2.484789075417928 32.0 -1.0 -1.0 -1.0 -1.0 
309.35 31.52 20260414.0 -1.0 2.242431224778 55.43310832036216 3.1590023937601206 0.05529671798135269 15.865343919018068 16.0 15.947300065492508 16.0 2.242389503711214 55.658863208924885 
309.35 31.52 20260414.0 -1.0 9.5317425528 388.0317582425351 3.545316121242136 0.017971433343939622 3.0242911546403723 4.0 -1.0 -1.0 -1.0 -1.0 
309.35 31.52 20260414.0 -1.0 7.410592646910501 56.19261785530461 3.009870807409765 0.0884747487701643 8.114263588668196 4.0 8.171146773745752 8.0 7.41056283004582 56.06365494135343 
309.35 31.52 20260414.0 -1.0 117.370892 78.7783247557102 2.909687743270246 0.016589015394405805 16.898990816854045 2.0 16.898990942123287 2.0 117.37089759359758 78.73199195735194 
309.35 31.52 20260414.0 -1.0 2.5399895670752706 41.678778713119584 0.11497569953977362 0.013824179495338172 0.3597974604235847 1.0 -1.0 -1.0 -1.0 -1.0 
309.35 31.52 20260414.0 -1.0 89.1292592477 12.340643976510266 0.36120668183612087 0.011059343596270537 2.110610804860327 4.0 -1.0 -1.0 -1.0 -1.0 
309.35 31.52 20260414.0 -1.0 18.474044 1.9015457699654186 0.15711571348942413 0.09400442056829957 0.374462540638169 1.0 -1.0 -1.0 -1.0 -1.0 
309.35 31.52 20260414.0 -1.0 10.0340320774 100.35504818633821 0.061147490446628726 0.016589015394405805 1.3470025726750612 1.0 -1.0 -1.0 -1.0 -1.0 
309.35 31.52 20260414.0 -1.0 1.847453268395 52.544754541493404 0.2453233993455733 0.06635606157762322 1.8073485393328745 8.0 -1.0 -1.0 -1.0 -1.0 
309.35 31.52 20260414.0 -1.0 3.89441988715 92.86528627606626 0.861377491991735 0.016589015394405805 12.32248133029867 32.0 12.322481617012858 32.0 3.89442599650162 92.89970259235098 
309.35 31.52 20260414.0 -1.0 2.1626139076978506 110.86621664072432 0.013065066096061983 0.02350110514207489 1.083338703917359 8.0 -1.0 -1.0 -1.0 -1.0 
309.35 31.52 20260414.0 -1.0 2.157619537033 166.29932496108648 0.5187659910761383 0.011059343596270537 9.623996905415284 32.0 9.904236951641376 32.0 2.157624597505977 166.26820409502469 
309.35 31.52 20260414.0 -1.0 3.2406434977785 221.73243328144864 0.5985186776815571 0.013824179495338172 6.836560102844746 16.0 7.249925879298908 32.0 1.62032544418859 221.72467143773534 
309.35 31.52 20260414.0 -1.0 0.004972028546522325 277.1655416018108 0.061699128249171856 0.03041319488974398 1.1909312435326633 1.0 -1.0 -1.0 -1.0 -1.0 
309.35 31.52 20260414.0 -1.0 1.544817633127 332.59864992217297 0.04404173165438359 0.022118687192541075 0.4396395957895433 4.0 -1.0 -1.0 -1.0 -1.0 
309.35 31.52 20260414.0 -1.0 16.792101165075774 54.174650915749474 1.02589074082829 0.13962421290291555 1.3037451834182252 1.0 -1.0 -1.0 -1.0 -1.0 
309.35 31.52 20260414.0 -1.0 0.6982526699955363 69.58105235812235 6.04335529777976 0.06635606157762322 15.15203738463816 16.0 15.306683018250652 16.0 0.6982493990411361 70.13016764324534 
309.73 31.52 20260414.0 -1.0 3.2108324764111544 72.78071473314436 0.03835821471460334 0.016589015394405805 2.0766879576321564 2.0 -1.0 -1.0 -1.0 -1.0 
309.73 31.52 20260414.0 -1.0 2.912037613413 29.286565584966475 0.950162267275973 0.012441761545804354 18.442963934213044 32.0 18.58312608883377 32.0 2.912050452626621 29.34740060106948 
309.73 31.52 20260414.0 -1.0 9.5532971893 41.258822667565966 0.06182713438288848 0.01520659744487199 2.8011918992939404 1.0 -1.0 -1.0 -1.0 -1.0 
309.73 31.52 20260414.0 -1.0 8.7434194934 29.703321369487345 0.7632877084845537 0.019353851293473442 8.800409066898332 32.0 8.800409533136888 32.0 8.743427315494046 29.752192333498026 
309.73 31.52 20260414.0 -1.0 7.548073742648265 69.44666845697742 0.20957145722768147 0.015206597444871992 1.9526663400137778 8.0 -1.0 -1.0 -1.0 -1.0 
309.73 31.52 20260414.0 -1.0 0.0013605624708218189 136.7716711018486 0.713321523620373 0.08156265902249521 6.724529021418483 1.0 -1.0 -1.0 -1.0 -1.0 
309.73 31.52 20260414.0 -1.0 343.34786701089 68.76470444594328 0.36045884399314204 0.03456044873834543 0.22480538692736524 1.0 -1.0 -1.0 -1.0 -1.0 
309.73 31.52 20260414.0 -1.0 2.214973590106 62.55125456763215 0.2074109511842094 0.024883523091608708 1.2228954842660922 1.0 -1.0 -1.0 -1.0 -1.0 
309.73 31.52 20260414.0 -1.0 0.5141 102.7113574396431 0.10480983570484102 0.013824179495338172 0.8111634901115722 16.0 -1.0 -1.0 -1.0 -1.0 
309.73 31.52 20260414.0 -1.0 0.005229827868143664 34.89382523124725 0.34202149842813184 0.016589015394405805 1.34766700687748 8.0 -1.0 -1.0 -1.0 -1.0 
309.73 31.52 20260414.0 -1.0 38.22547943598282 79.14571216946308 0.03403715052882464 0.017971433343939622 2.814871161295299 2.0 -1.0 -1.0 -1.0 -1.0 
309.73 31.52 20260414.0 -1.0 0.28894775712721427 54.11871544706704 0.01770617745443082 0.008294507697202903 1.5250357850186251 8.0 -1.0 -1.0 -1.0 -1.0 
309.73 31.52 20260414.0 -1.0 0.02339470897630482 162.3561463412011 0.20769772673226888 0.06497364362808941 1.5263772591157403 8.0 -1.0 -1.0 -1.0 -1.0 
309.73 31.52 20260414.0 -1.0 0.012294358768361493 216.47486178826816 0.16998987021089468 0.019353851293473442 0.7501778933446717 4.0 -1.0 -1.0 -1.0 -1.0 
309.73 31.52 20260414.0 -1.0 92.37324886478785 270.5935772353352 0.5878640843281208 0.026265941041142528 1.7453866491294439 1.0 -1.0 -1.0 -1.0 -1.0 
309.73 31.52 20260414.0 -1.0 0.08471126681932407 0.0 1.164143722609249 0.06497364362808941 1.573888779100839 2.0 -1.0 -1.0 -1.0 -1.0 
309.73 31.52 20260414.0 -1.0 1.4414462816 108.23743089413408 1.6018448970356192 0.02488352309160871 16.343182401638387 32.0 16.464574282721 32.0 1.441458152839914 108.28178842463568 
309.73 31.52 20260414.0 -1.0 326.6005620234831 324.7122926824022 3.830525217996019 0.012441761545804354 2.7928200051145877 1.0 -1.0 -1.0 -1.0 -1.0 
309.73 31.52 20260414.0 -1.0 43.07682614822333 378.8310081294693 2.0259590509116925 0.017971433343939622 3.411609792092541 2.0 -1.0 -1.0 -1.0 -1.0 
309.73 31.52 20260414.0 -1.0 96.71730837405732 53.15530597116166 7.015919679774671 0.017971433343939622 34.56640262703173 4.0 -1.0 -1.0 -1.0 -1.0 
310.1 31.52 20260414.0 -1.0 1.0594664788 67.07557150298813 1.03300258936587 0.024883523091608708 7.688240130322677 16.0 7.688240208962336 16.0 1.059440061605225 67.09422965003128 
310.1 31.52 20260414.0 -1.0 303.0909794113198 89.3477689904668 5.5242614871053615 0.02073626924300726 23.474975743497435 1.0 23.47497473088505 2.0 151.5455854435762 89.35777493360122 
310.48 31.52 20260414.0 -1.0 1.12291858733 258.33360152804795 9.30029768415916 0.02350110514207489 123.78740524503311 32.0 7.214271957185254 1.0 1.1243779833118122 260.5846777508756 
310.48 31.52 20260414.0 -1.0 68.52031135613854 61.67039772451751 3.8094132304713457 0.026265941041142528 20.17577586834313 4.0 20.175775966880494 4.0 68.52036070389053 61.62954126224592 
310.48 31.52 20260414.0 -1.0 0.7349682846 102.21732784134105 5.972795120198798 0.03732528463741307 40.543433425460314 32.0 40.70432181131316 32.0 0.7349626685027033 102.41230830442179 
310.48 31.52 20260414.0 -1.0 0.3440801856451837 52.91717998297309 1.559262706883713 0.027648358990676348 10.287644469388258 16.0 10.330546410434987 16.0 0.3440921621707579 52.015737617067984 
310.48 31.52 20260414.0 -1.0 2.099076 115.05779188368926 1.5886202787100001 0.0483846282336836 8.854811949677458 16.0 8.912676853105989 16.0 2.0990531387118003 114.85965407659953 
310.85 31.52 20260414.0 -1.0 307.2974449774 46.210707638308364 0.45842271255347444 0.019353851293473442 1.0637796664593544 1.0 -1.0 -1.0 -1.0 -1.0 
310.85 31.52 20260414.0 -1.0 16.947148642889218 26.5021592810819 0.25254584867986474 0.029030776940210157 1.463000885681904 8.0 -1.0 -1.0 -1.0 -1.0 
310.85 31.52 20260414.0 -1.0 0.11793389859857506 51.94281685531139 0.8483847616427236 0.052531882082285056 0.08981948097907297 16.0 -1.0 -1.0 -1.0 -1.0 
310.85 31.52 20260414.0 -1.0 2.7087761019787835 7.784345850251026 0.5344077987429741 0.01382417949533817 9.285841523432476 32.0 9.56823524473355 32.0 2.7087783867803714 7.792240849249484 
310.85 31.52 20260414.0 -1.0 0.07048703518080775 155.58076683433526 0.0216338350152334 0.009676925646736721 1.176514679562358 32.0 -1.0 -1.0 -1.0 -1.0 
310.85 31.52 20260414.0 -1.0 4.23410191865 116.16367011988235 0.05227232618477182 0.05391430003181887 0.865800767905809 16.0 -1.0 -1.0 -1.0 -1.0 
310.85 31.52 20260414.0 -1.0 0.047475613789974204 16.382509675755568 0.043108554087915064 0.06359122567855559 0.18209343762294736 1.0 -1.0 -1.0 -1.0 -1.0 
310.85 31.52 20260414.0 -1.0 0.0024727047830328253 128.72477365096924 0.021058738089158698 0.011059343596270537 1.2323069944026546 1.0 -1.0 -1.0 -1.0 -1.0 
310.85 31.52 20260414.0 -1.0 3.31882067385 166.26655068331624 0.11649482428952802 0.02350110514207489 0.8430223350341643 2.0 -1.0 -1.0 -1.0 -1.0 
310.85 31.52 20260414.0 -1.0 1.3802360573 50.54264555627274 0.017105009208783183 0.013824179495338174 0.8029580758556192 1.0 -1.0 -1.0 -1.0 -1.0 
310.85 31.52 20260414.0 -1.0 0.0039513335998734465 101.08529111254548 0.01797734167092584 0.006912089747669086 0.8612923785371294 1.0 -1.0 -1.0 -1.0 -1.0 
310.85 31.52 20260414.0 -1.0 0.02393848373238359 151.62793666881822 0.07723048797037538 0.03732528463741307 0.5178048034241792 1.0 -1.0 -1.0 -1.0 -1.0 
310.85 31.52 20260414.0 -1.0 8.824564409292812 202.17058222509095 0.010230597298425086 0.03041319488974398 1.9517820930844267 1.0 -1.0 -1.0 -1.0 -1.0 
310.85 31.52 20260414.0 -1.0 2.003221376169 252.71322778136368 0.020287602314368953 0.013824179495338172 -0.8449129290058807 8.0 -1.0 -1.0 -1.0 -1.0 
310.85 31.52 20260414.0 -1.0 2.522132 303.25587333763644 0.012508629265827187 0.016589015394405805 1.011357096661702 32.0 -1.0 -1.0 -1.0 -1.0 
310.85 31.52 20260414.0 -1.0 64.25074255867916 0.0 1.928983588967751 0.027648358990676344 11.40546451051309 4.0 -1.0 -1.0 -1.0 -1.0 
310.85 31.52 20260414.0 -1.0 0.1875919879429402 353.79851889390915 1.5831422964399675 0.031795612839277794 1.2820869629778622 8.0 -1.0 -1.0 -1.0 -1.0 
310.85 31.52 20260414.0 -1.0 80.10810725000886 87.89234132737977 1.064149634662124 0.07879782312342758 1.6827599245423392 1.0 -1.0 -1.0 -1.0 -1.0 
310.85 31.52 20260414.0 -1.0 0.29598283922 173.16631177785692 2.585480425615838 0.027648358990676344 24.074635088922673 32.0 24.34849214858757 32.0 0.29597989244697 173.8580490780599 
310.85 31.52 20260414.0 -1.0 3.311258 45.963023906709466 1.9789264031317397 0.05391430003181888 9.758120678274576 8.0 9.794393887511664 8.0 3.3112883102148776 46.14625749685408 
311.23 31.52 20260414.0 -1.0 74.097014488305 74.76635796014159 1.1827890376323114 0.02903077694021016 4.10590061764644 4.0 -1.0 -1.0 -1.0 -1.0 
311.23 31.52 20260414.0 -1.0 0.0013794497421910753 76.6363826613216 6.030843209777203 0.017971433343939622 6.542460242851463 4.0 -1.0 -1.0 -1.0 -1.0 
311.23 31.52 20260414.0 -1.0 0.007115507526254343 51.979760675392555 4.493298353164939 0.030413194889743984 1.7915356331652488 1.0 -1.0 -1.0 -1.0 -1.0 
311.23 31.52 20260414.0 -1.0 46.49598409213 0.0 2.2690056826282254 0.012441761545804354 20.01412827347807 8.0 -1.0 -1.0 -1.0 -1.0 
311.23 31.52 20260414.0 -1.0 239.51996484444 49.46660578597603 7.744420018433866 0.012441761545804354 39.037418850979265 2.0 39.03742040224957 2.0 239.51967402050894 49.48578928938958 
311.23 31.52 20260414.0 -1.0 4.058853361137083 197.86642314390411 1.4481584463104344 0.022118687192541075 11.622638366847136 16.0 11.622638487371034 16.0 4.0588323220921065 197.8419592244512 
311.23 31.52 20260414.0 -1.0 0.54619216715 346.2662405018322 2.1889408362336806 0.04700221028414978 2.7977388118497135 2.0 -1.0 -1.0 -1.0 -1.0 
311.23 31.52 20260414.0 -1.0 1.6204639826 41.105913338901374 6.475616606274888 0.016589015394405805 101.90345784351761 32.0 101.95405528834591 32.0 1.6204770266388855 41.08636084149728 
311.23 31.52 20260414.0 -1.0 140.98070040943614 88.47987243546169 1.8972642035408067 0.031795612839277794 7.305466584958338 1.0 7.305466610138257 1.0 140.98089498778185 88.44699353563699 
311.23 31.52 20260414.0 -1.0 0.001825784769133523 104.54823283078623 0.10962358241973885 0.03732528463741307 1.1172149414411499 32.0 -1.0 -1.0 -1.0 -1.0 
311.23 31.52 20260414.0 -1.0 90.69075662851931 44.395771609495846 0.017402997684605615 0.009676925646736721 4.199841537977423 2.0 -1.0 -1.0 -1.0 -1.0 
311.23 31.52 20260414.0 -1.0 2.766481 7.895659849426718 0.32972495312000377 0.04700221028414979 1.508775022928244 4.0 -1.0 -1.0 -1.0 -1.0 
311.23 31.52 20260414.0 -1.0 13.908404438658986 18.388576228270118 0.16174128236432772 0.017971433343939622 0.0409885713302582 16.0 -1.0 -1.0 -1.0 -1.0 
311.23 31.52 20260414.0 -1.0 2.973315119239 103.95952135078511 0.11300699081019756 0.006912089747669086 0.6482832505465393 2.0 -1.0 -1.0 -1.0 -1.0 
311.23 31.52 20260414.0 -1.0 1.885156 21.228243367099026 0.010195319497075278 0.006912089747669086 0.7871679957121189 8.0 -1.0 -1.0 -1.0 -1.0 
311.23 31.52 20260414.0 -1.0 0.027986834622936625 98.93321157195206 0.1721169265377827 0.0967692564673672 2.4917317063281272 8.0 -1.0 -1.0 -1.0 -1.0 
311.23 31.52 20260414.0 -1.0 0.0016127350519334715 148.3998173579281 0.07079213307799322 0.026265941041142528 1.1486267001213726 32.0 -1.0 -1.0 -1.0 -1.0 
311.23 31.52 20260414.0 -1.0 83.49080634884763 247.33302892988013 0.3098482980024649 0.07603298722435994 1.262221548695832 2.0 -1.0 -1.0 -1.0 -1.0 
311.23 31.52 20260414.0 -1.0 6.3945110925 296.7996347158562 0.029440616134162323 0.03041319488974398 2.495477744393645 32.0 -1.0 -1.0 -1.0 -1.0 
311.23 31.52 20260414.0 -1.0 0.02393848373238359 189.14953551565233 2.63052239910407 0.07050331542622468 1.1994162685185759 1.0 -1.0 -1.0 -1.0 -1.0 
311.6 31.52 20260414.0 -1.0 25.27732384023036 120.32929377861444 0.12876889861248875 0.024883523091608708 -0.36933539210440797 2.0 -1.0 -1.0 -1.0 -1.0 
311.6 31.52 20260414.0 -1.0 1.5356610027 46.34349998620488 0.13137473444842837 0.02350110514207489 1.96760592976133 8.0 -1.0 -1.0 -1.0 -1.0 
311.6 31.52 20260414.0 -1.0 19.09797827442391 85.31572162408851 0.010237667493371768 0.016589015394405805 2.095810830325682 8.0 -1.0 -1.0 -1.0 -1.0 
311.6 31.52 20260414.0 -1.0 0.02876925206887042 160.97370356033022 0.015389294896455881 0.017971433343939622 0.4154135176930528 4.0 -1.0 -1.0 -1.0 -1.0 
311.6 31.52 20260414.0 -1.0 9.113052359600674 41.49756699795665 0.02883672890251542 0.037325284637413074 0.698522395438023 4.0 -1.0 -1.0 -1.0 -1.0 
311.6 31.52 20260414.0 -1.0 3.2640499276 74.7024458540519 0.01327432056217912 0.024883523091608708 1.902204434419688 1.0 -1.0 -1.0 -1.0 -1.0 
311.6 31.52 20260414.0 -1.0 0.38111810388 46.92364689324868 0.14764438042523004 0.022118687192541075 2.6115359198176455 16.0 -1.0 -1.0 -1.0 -1.0 
311.6 31.52 20260414.0 -1.0 3.954598770482 73.30326801941685 0.4983905017081919 0.008294507697202903 11.409582300270657 32.0 11.543671814499918 32.0 3.9546042292689285 73.26730356956658 
311.6 31.52 20260414.0 -1.0 0.560061 50.16564431496405 0.804434242581186 0.031795612839277794 4.98657887080201 16.0 -1.0 -1.0 -1.0 -1.0 
311.6 31.52 20260414.0 -1.0 264.19215 0.0 0.05632161084642734 0.052531882082285056 0.44291457964598 1.0 -1.0 -1.0 -1.0 -1.0 
311.6 31.52 20260414.0 -1.0 0.73597310008 97.49393148791555 0.22863141994216765 0.017971433343939622 2.7497958128349067 1.0 -1.0 -1.0 -1.0 -1.0 
311.6 31.52 20260414.0 -1.0 0.857118 146.2408972318733 0.05173344232089789 0.049767046183217416 -0.5663997802446566 4.0 -1.0 -1.0 -1.0 -1.0 
311.6 31.52 20260414.0 -1.0 0.009077853991937557 243.73482871978888 0.054710893493953076 0.009676925646736721 0.10906332311561799 8.0 -1.0 -1.0 -1.0 -1.0 
311.6 31.52 20260414.0 -1.0 322.350432991279 48.74696574395777 9.281042462954984 0.017971433343939622 40.48424762237539 1.0 40.32214123068943 2.0 161.1750728140275 48.777403757639625 
311.6 31.52 20260414.0 -1.0 0.2753933549 194.9878629758311 6.848312320992875 0.019353851293473442 96.15232322137803 32.0 54.68808928372144 32.0 0.20654624677263203 195.00841709745137 
311.6 31.52 20260414.0 -1.0 1.334812202073005 292.4817944637466 2.867779491143187 0.04561979233461597 5.11395246922975 8.0 -1.0 -1.0 -1.0 -1.0 
311.6 31.52 20260414.0 -1.0 1.601609 341.2287602077044 6.281737843536546 0.009676925646736721 7.136903259637678 4.0 -1.0 -1.0 -1.0 -1.0 
311.6 31.52 20260414.0 -1.0 0.00843432671853378 17.37028092266442 5.285332418266483 0.049767046183217416 1.6263062561776112 8.0 -1.0 -1.0 -1.0 -1.0 
311.6 31.52 20260414.0 -1.0 0.9623924225933 23.751896900146242 7.569861067277131 0.022118687192541075 110.67070426311886 32.0 79.94431195659627 16.0 1.9247939538521073 23.781514280176992 
311.6 31.52 20260414.0 -1.0 255.917115508 53.33938915938014 9.855969932773757 0.011059343596270537 48.113166618701456 1.0 47.98356072054846 2.0 127.95838604991636 53.331310747460755 
313.68 46.91 20260414.0 -1.0 1.47839 62.382304672789765 1.0195319497075284 0.013824179495338172 20.568165715825582 32.0 20.680633332439022 32.0 1.4783836377318949 62.33792679399587 
313.68 46.91 20260414.0 -1.0 1.82745452277 65.41569369493388 7.312845677630025 0.022118687192541075 82.06183566517389 32.0 82.06183191155797 32.0 1.827447704272345 65.37386478720995 
313.68 46.91 20260414.0 -1.0 20.665427 46.160267728279955 0.7491822145372189 0.03456044873834543 2.0621227205507346 4.0 -1.0 -1.0 -1.0 -1.0 
313.68 46.91 20260414.0 -1.0 1.2773235857 75.9006687932146 0.1113793503618547 0.012441761545804354 1.0653770692211695 8.0 -1.0 -1.0 -1.0 -1.0 
313.68 46.91 20260414.0 -1.0 14.8661645038 88.69365727790934 0.014155170065518703 0.026265941041142528 0.6296797111121912 1.0 -1.0 -1.0 -1.0 -1.0 
313.68 46.91 20260414.0 -1.0 1.1622665438 134.72203852696563 0.035502180320038795 0.022118687192541075 1.763273454877097 16.0 -1.0 -1.0 -1.0 -1.0 
313.68 46.91 20260414.0 -1.0 1.44327383863352 47.149416322457384 0.23601374365373645 0.02903077694021016 0.7441000596614111 16.0 -1.0 -1.0 -1.0 -1.0 
313.68 46.91 20260414.0 -1.0 1.786875 70.0976637073737 0.03446305200337579 0.03041319488974398 2.091153699688915 1.0 -1.0 -1.0 -1.0 -1.0 
313.68 46.91 20260414.0 -1.0 0.26600815928859156 7.385642836524792 0.1315563789626525 0.03317803078881161 1.0827250855548132 32.0 -1.0 -1.0 -1.0 -1.0 
313.68 46.91 20260414.0 -1.0 0.1687760911319839 94.19520755409619 0.08066602730969565 0.019353851293473442 2.7550868332264153 1.0 -1.0 -1.0 -1.0 -1.0 
313.68 46.91 20260414.0 -1.0 3.524849 188.39041510819237 0.17307080845765033 0.02350110514207489 2.2845362872124295 32.0 -1.0 -1.0 -1.0 -1.0 
313.68 46.91 20260414.0 -1.0 0.003140174492443201 282.58562266228853 0.04895183506376762 0.008294507697202903 1.0028165983240094 1.0 -1.0 -1.0 -1.0 -1.0 
313.68 46.91 20260414.0 -1.0 0.0024727047830328253 376.78083021638474 0.5433422881577105 0.031795612839277794 7.157731043388582 1.0 -1.0 -1.0 -1.0 -1.0 
313.68 46.91 20260414.0 -1.0 1.040808 470.97603777048096 0.02034374216950329 0.035942866687879244 0.8789868869886358 16.0 -1.0 -1.0 -1.0 -1.0 
313.68 46.91 20260414.0 -1.0 0.1100782915795634 565.1712453245771 0.09166345434091806 0.022118687192541075 1.5220419463868031 2.0 -1.0 -1.0 -1.0 -1.0 
313.68 46.91 20260414.0 -1.0 2.2826081287 0.0 8.122523361259269 0.009676925646736721 139.27168250735554 32.0 -1.0 -1.0 -1.0 -1.0 
313.68 46.91 20260414.0 -1.0 0.2311059204 659.3664528786733 7.48147792333613 0.029030776940210157 41.61456896022718 16.0 32.767839771268044 32.0 0.15406840248033404 659.6081279923134 
313.68 46.91 20260414.0 -1.0 225.01840471097 100.69532688726213 2.094267259147317 0.05529671798135268 0.2761404417482254 2.0 -1.0 -1.0 -1.0 -1.0 
313.68 46.91 20260414.0 -1.0 168.634064 27.49833091813249 9.931153623322999 0.07050331542622468 17.674245501525675 2.0 17.67424470727742 2.0 168.63438456008834 27.525837805141034 
313.68 46.91 20260414.0 -1.0 114.11768190798891 52.754591689462806 2.092820945540999 0.015206597444871989 10.192292065756856 2.0 10.192292023220043 2.0 114.1175744123757 52.72412314881794 
314.15 46.91 20260414.0 -1.0 0.45130391517 90.60523262435822 0.019653022118751303 0.012441761545804354 2.2851118501516696 4.0 -1.0 -1.0 -1.0 -1.0 
314.15 46.91 20260414.0 -1.0 1.25242411862 34.68481561401213 0.8011067093957555 0.04147253848601452 2.1095639536943205 16.0 -1.0 -1.0 -1.0 -1.0 
314.15 46.91 20260414.0 -1.0 2.25403455265 127.34925807074214 0.014918232514016505 0.013824179495338172 2.225613460469506 4.0 -1.0 -1.0 -1.0 -1.0 
314.15 46.91 20260414.0 -1.0 316.8478768178 37.19447759721524 0.18442788364909393 0.008294507697202903 -0.3822515271922248 1.0 -1.0 -1.0 -1.0 -1.0 
314.15 46.91 20260414.0 -1.0 413.2153732154398 43.8225592451619 0.04838028995267969 0.022118687192541075 0.34147907062531485 1.0 -1.0 -1.0 -1.0 -1.0 
314.15 46.91 20260414.0 -1.0 9.54161411582016 10.231698854597271 0.6039181720144515 0.02350110514207489 4.082657287929973 16.0 -1.0 -1.0 -1.0 -1.0 
314.15 46.91 20260414.0 -1.0 0.0017925298091000072 102.83179100406565 0.7202541156259634 0.14930113854965227 4.66808123031241 1.0 -1.0 -1.0 -1.0 -1.0 
314.15 46.91 20260414.0 -1.0 4.65883480078009 113.44959170223264 0.8818496349285885 0.03732528463741307 4.885252448817595 16.0 -1.0 -1.0 -1.0 -1.0 
314.15 46.91 20260414.0 -1.0 107.9949285202606 36.87272606090715 0.9217145848418996 0.030413194889743977 2.836112711203292 4.0 -1.0 -1.0 -1.0 -1.0 
314.15 46.91 20260414.0 -1.0 2.370826 87.83816941210864 0.03881136309613714 0.03732528463741307 1.5457984781505556 8.0 -1.0 -1.0 -1.0 -1.0 
314.15 46.91 20260414.0 -1.0 44.895817333942624 91.9198174727027 0.7069438789280922 0.03456044873834543 2.90340246576651 2.0 -1.0 -1.0 -1.0 -1.0 
314.15 46.91 20260414.0 -1.0 0.5972490425223961 183.8396349454054 0.019423560062927593 0.051149464132751246 0.7648801450382092 1.0 -1.0 -1.0 -1.0 -1.0 
314.15 46.91 20260414.0 -1.0 4.4146421450799 275.75945241810814 0.01790297859955299 0.013824179495338172 2.0484955797792055 32.0 -1.0 -1.0 -1.0 -1.0 
314.15 46.91 20260414.0 -1.0 57.0147723969379 367.6792698908108 0.5234460021323749 0.052531882082285056 0.4176610224286281 1.0 -1.0 -1.0 -1.0 -1.0 
314.15 46.91 20260414.0 -1.0 0.8286353900733 459.5990873635135 0.02335806398033758 0.012441761545804354 1.6977181387713896 16.0 -1.0 -1.0 -1.0 -1.0 
314.15 46.91 20260414.0 -1.0 57.27738648331841 112.41998678604675 2.589055225122902 0.06359122567855559 8.655553280359571 8.0 8.655553034845243 8.0 57.277308466533825 112.43090368202827 
314.15 46.91 20260414.0 -1.0 288.892720892735 0.0 3.1242765918451703 0.024883523091608708 9.278059605305181 1.0 -1.0 -1.0 -1.0 -1.0 
314.15 46.91 20260414.0 -1.0 0.5574661317029487 551.5189048362163 1.9666603994141163 0.026265941041142528 17.20892412664253 32.0 17.42266049734424 32.0 0.5574596192066869 552.237120965642 
314.15 46.91 20260414.0 -1.0 0.07691825299412014 643.438722308919 9.700601850717248 0.098151674416901 4.914009110776066 8.0 -1.0 -1.0 -1.0 -1.0 
314.15 46.91 20260414.0 -1.0 0.34093223633087555 81.08138714963874 2.3764987694829927 0.017971433343939622 25.861440846103616 32.0 25.968127713516427 32.0 0.3409392472046117 80.55355475328038 
314.62 46.91 20260414.0 -1.0 172.5737712832224 61.60080271086101 0.04161615248952895 0.012441761545804354 0.5254806294254889 2.0 -1.0 -1.0 -1.0 -1.0 
314.62 46.91 20260414.0 -1.0 2.359930209210988 15.258914432965572 0.018583474355506988 0.006912089747669086 1.9996664732643485 32.0 -1.0 -1.0 -1.0 -1.0 
314.62 46.91 20260414.0 -1.0 182.3578107491054 70.70591626139603 0.02869761365658919 0.21150994627867403 0.8739303319168893 1.0 -1.0 -1.0 -1.0 -1.0 
314.62 46.91 20260414.0 -1.0 1.141728981344834 155.35207533809393 0.016286253188600722 0.11474068981130683 0.7467734670029459 1.0 -1.0 -1.0 -1.0 -1.0 
314.62 46.91 20260414.0 -1.0 5.172242227 65.36843590418584 0.7977929405138741 0.011059343596270537 11.228316337393803 32.0 11.5579321688812 32.0 5.172235736002525 65.4750627203171 
314.62 46.91 20260414.0 -1.0 0.9632044656095726 118.17809449728891 0.9351840469571139 0.01520659744487199 8.695296373762588 16.0 8.695296718265807 16.0 0.9632155221576493 118.19918586913504 
314.62 46.91 20260414.0 -1.0 0.0010812561020884215 59.65419222764318 0.5256202242708841 0.017971433343939625 7.070529871594461 1.0 -1.0 -1.0 -1.0 -1.0 
314.62 46.91 20260414.0 -1.0 80.10810725000886 97.3305241608915 0.12235134866027214 0.026265941041142528 1.7256797865195714 2.0 -1.0 -1.0 -1.0 -1.0 
314.62 46.91 20260414.0 -1.0 0.015975938739930858 0.0 0.5248944819613366 0.06635606157762322 0.9093316175792647 2.0 -1.0 -1.0 -1.0 -1.0 
314.62 46.91 20260414.0 -1.0 1.16364520997 269.0897450003929 0.017828923130187448 0.019353851293473442 1.8307030911429139 1.0 -1.0 -1.0 -1.0 -1.0 
314.62 46.91 20260414.0 -1.0 0.4063303019 358.7863266671905 0.02903663561783325 0.012441761545804354 2.589966305934088 16.0 -1.0 -1.0 -1.0 -1.0 
314.62 46.91 20260414.0 -1.0 0.013539968283975202 448.4829083339881 0.025854804256158367 0.031795612839277794 1.1052201130620956 2.0 -1.0 -1.0 -1.0 -1.0 
314.62 46.91 20260414.0 -1.0 0.932741 538.1794900007858 0.15230644166683824 0.012441761545804354 1.7441229042226845 16.0 -1.0 -1.0 -1.0 -1.0 
314.62 46.91 20260414.0 -1.0 0.14436229628723732 627.8760716675833 0.04098842834710969 0.10644618211410392 1.0263297889375722 4.0 -1.0 -1.0 -1.0 -1.0 
314.62 46.91 20260414.0 -1.0 1.25204624679 11.616869012751566 1.4612229063107052 0.012441761545804354 26.345282808654805 32.0 26.65506600827476 32.0 1.2520407229506723 11.637762307320658 
314.62 46.91 20260414.0 -1.0 445.49383 163.64086836340854 2.995350474018469 0.03317803078881161 5.014593075699202 1.0 -1.0 -1.0 -1.0 -1.0 
314.62 46.91 20260414.0 -1.0 1.63968389547 89.69658166679763 2.739957171483663 0.01520659744487199 28.71058380424399 32.0 28.776632677421865 32.0 1.6396976813363533 89.76256666602976 
314.62 46.91 20260414.0 -1.0 11.38507898552 179.39316333359525 1.711683019500161 0.012441761545804356 22.41162664021612 32.0 22.5206469609434 32.0 11.385084993283575 179.4239353989524 
314.62 46.91 20260414.0 -1.0 0.7816149446 45.52556775267506 1.1787104686601224 0.008294507697202903 38.06194489560215 32.0 39.91481407752737 32.0 0.7816197467036546 45.33667403199699 
314.62 46.91 20260414.0 -1.0 0.54155509235 12.433189537971947 2.8342962653211936 0.03732528463741307 9.97740108898785 32.0 10.046794833701703 32.0 0.5415434619256606 13.1557313039277 
314.9 38.71 20260414.0 -1.0 0.520833 39.75430525136887 0.2508071620172219 0.06635606157762322 0.1391412243588651 1.0 -1.0 -1.0 -1.0 -1.0 
314.9 38.71 20260414.0 -1.0 2.270807 101.65281108573038 0.0776048723514451 0.009676925646736721 2.456327686410762 1.0 -1.0 -1.0 -1.0 -1.0 
314.9 38.71 20260414.0 -1.0 1.184484581238005 21.77985358985382 0.06791773565719263 0.031795612839277794 2.3828381213487773 4.0 -1.0 -1.0 -1.0 -1.0 
314.9 38.71 20260414.0 -1.0 0.9128643163022 91.81544227098227 0.2042824336814626 0.03456044873834543 0.7975285928535952 1.0 -1.0 -1.0 -1.0 -1.0 
314.9 38.71 20260414.0 -1.0 2.5319475773331 29.30969144805607 0.6118974845614148 0.011059343596270537 8.893461472849081 32.0 9.230391981154654 32.0 2.531942300265655 29.24620266796235 
314.9 38.71 20260414.0 -1.0 61.93152364676491 62.62719982063914 0.11836064433841874 0.013824179495338172 1.6089697637440716 1.0 -1.0 -1.0 -1.0 -1.0 
314.9 38.71 20260414.0 -1.0 0.026852924862108638 110.96390091038907 0.0748147792333613 0.006912089747669087 0.8792341655429411 2.0 -1.0 -1.0 -1.0 -1.0 
314.9 38.71 20260414.0 -1.0 7.652855786949726 44.81468015607468 0.04676995980844703 0.04700221028414978 0.9999646387124929 1.0 -1.0 -1.0 -1.0 -1.0 
314.9 38.71 20260414.0 -1.0 1.526554 0.0 0.2573007452468887 0.017971433343939622 1.3831089181921388 32.0 -1.0 -1.0 -1.0 -1.0 
314.9 38.71 20260414.0 -1.0 48.32130509133046 115.65414553635068 0.0870350071629085 0.019353851293473442 0.48504810704352475 1.0 -1.0 -1.0 -1.0 -1.0 
314.9 38.71 20260414.0 -1.0 425.1077962532 173.481218304526 0.025132750737750977 0.05391430003181888 0.3957656761490379 1.0 -1.0 -1.0 -1.0 -1.0 
314.9 38.71 20260414.0 -1.0 213.33223675351 231.30829107270137 0.015241169810522674 0.21427478217774168 2.571364840316751 2.0 -1.0 -1.0 -1.0 -1.0 
314.9 38.71 20260414.0 -1.0 0.917 289.1353638408767 0.19898937272332504 0.022118687192541075 1.3728277030089338 16.0 -1.0 -1.0 -1.0 -1.0 
314.9 38.71 20260414.0 -1.0 0.53638518841 57.82707276817534 5.169771489346303 0.03041319488974398 43.164318572540175 32.0 43.16431840139009 32.0 0.536389658615614 57.78401980417475 
314.9 38.71 20260414.0 -1.0 0.9060216 346.962436609052 2.258059458990518 0.030413194889743977 17.94259695517609 16.0 18.090898743143047 16.0 0.9060386219061912 347.0077126243699 
314.9 38.71 20260414.0 -1.0 0.92794739509 404.7895093772274 2.051309555691251 0.05529671798135269 2.3204782342045447 1.0 -1.0 -1.0 -1.0 -1.0 
314.9 38.71 20260414.0 -1.0 0.602381 72.22167063996136 5.919393724285377 0.049767046183217416 25.974068981950964 16.0 26.17709012418702 16.0 0.6023886574742695 72.05292837228095 
314.9 38.71 20260414.0 -1.0 158.8731184382565 69.30689469485081 2.0023046365408206 0.08018024107296139 4.319349838341365 1.0 -1.0 -1.0 -1.0 -1.0 
314.9 38.71 20260414.0 -1.0 1.390499284334 12.711661760621002 1.3759855127211713 0.02350110514207489 12.628391864044744 16.0 12.904154794801373 16.0 1.390496133050571 12.548543705284883 
314.9 38.71 20260414.0 -1.0 0.56755806947 56.230885941090996 2.9197558324778985 0.008294507697202903 82.82991167852876 32.0 51.01910178811981 32.0 0.1891748979687691 56.16485287446056 
315.08 46.91 20260414.0 -1.0 0.30854403133 228.49924994108972 0.013265153236299457 0.04423737438508215 2.552766398868871 4.0 -1.0 -1.0 -1.0 -1.0 
315.08 46.91 20260414.0 -1.0 0.0038087047796113403 0.0 0.6516004838727283 0.045619792334615966 1.0186553347902263 4.0 -1.0 -1.0 -1.0 -1.0 
315.08 46.91 20260414.0 -1.0 0.04948035115672987 188.49656623826624 0.6507007961928565 0.13962421290291552 1.1688403293877436 1.0 -1.0 -1.0 -1.0 -1.0 
315.08 46.91 20260414.0 -1.0 111.5254410903368 150.39293796390757 0.013292674224474204 0.031795612839277794 1.7737178053294915 4.0 -1.0 -1.0 -1.0 -1.0 
315.08 46.91 20260414.0 -1.0 4.252424 45.88362954581131 0.023229325719318777 0.08156265902249521 0.9993197167461276 4.0 -1.0 -1.0 -1.0 -1.0 
315.08 46.91 20260414.0 -1.0 0.589071575525134 98.75088228017067 0.037055859042098606 0.06497364362808941 -0.03421007502141882 1.0 -1.0 -1.0 -1.0 -1.0 
315.08 46.91 20260414.0 -1.0 103.14433451513285 71.4289880512897 0.09115825006881918 0.012441761545804354 1.4224486838147732 4.0 -1.0 -1.0 -1.0 -1.0 
315.08 46.91 20260414.0 -1.0 141.145053 0.0 0.12984084737153612 0.03456044873834542 1.7028165904948893 1.0 -1.0 -1.0 -1.0 -1.0 
315.08 46.91 20260414.0 -1.0 0.020195383324503623 262.515970910872 0.0549002038959374 0.026265941041142528 0.730732846419119 4.0 -1.0 -1.0 -1.0 -1.0 
315.08 46.91 20260414.0 -1.0 31.162356 350.0212945478293 0.05307285946818349 0.012441761545804354 1.312439443518372 4.0 -1.0 -1.0 -1.0 -1.0 
315.08 46.91 20260414.0 -1.0 0.013177739873 437.5266181847866 0.5448458249913325 0.04147253848601452 1.1394029305458997 2.0 -1.0 -1.0 -1.0 -1.0 
315.08 46.91 20260414.0 -1.0 1.02200568492 612.5372654587013 0.2094267259147316 0.09400442056829957 1.9262968991817384 1.0 -1.0 -1.0 -1.0 -1.0 
315.08 46.91 20260414.0 -1.0 1.071467 123.19356344008885 6.475616606274888 0.029030776940210157 55.6765472509615 16.0 57.97006254797974 32.0 1.0714757081586868 123.15788459138469 
315.08 46.91 20260414.0 -1.0 19.09797827442391 87.50532363695733 2.2132705406142086 0.016589015394405805 24.528719634780057 16.0 24.790334117262795 16.0 19.097994178688776 87.53621213767278 
315.08 46.91 20260414.0 -1.0 411.32080042890203 175.01064727391466 1.938334576460236 0.027648358990676344 3.878207163551727 1.0 -1.0 -1.0 -1.0 -1.0 
315.08 46.91 20260414.0 -1.0 2.07848849726 525.031941821744 2.042824336814625 0.016589015394405805 26.331449837265286 32.0 26.53715357346676 32.0 2.078468241961673 525.0148769598223 
315.08 46.91 20260414.0 -1.0 164.1397912192 78.41261123983776 1.4887345990080612 0.04285495643554833 4.0359895518595845 2.0 -1.0 -1.0 -1.0 -1.0 
315.08 46.91 20260414.0 -1.0 0.0915945741640346 81.47560386639391 4.413310428721067 0.013824179495338172 51.3726887899584 32.0 24.873910504870327 32.0 0.12211482195804517 84.19668034513728 
315.08 46.91 20260414.0 -1.0 2.444181 77.18741418921529 2.2286137387064633 0.017971433343939622 39.81886864451559 32.0 39.904201198289414 32.0 2.4441760615445673 77.21402296074488 
315.08 46.91 20260414.0 -1.0 2.688716547019 43.06567632937964 3.245272167306021 0.02211868719254108 35.32992182798271 32.0 35.42017991247479 32.0 2.688708870361249 43.11031950364 
315.31 38.71 20260414.0 -1.0 204.57006473144 40.396389895423454 0.5471089349395308 0.01520659744487199 3.0796872800734882 1.0 -1.0 -1.0 -1.0 -1.0 
315.31 38.71 20260414.0 -1.0 2.47500399857 28.158660015339294 0.7143077934856376 0.012441761545804354 14.584679017501855 32.0 14.71027942748527 32.0 2.4750079319346696 28.13302540378385 
315.31 38.71 20260414.0 -1.0 0.07048703518080775 41.544914706175696 0.051270905438291665 0.02350110514207489 1.6994493388226373 1.0 -1.0 -1.0 -1.0 -1.0 
315.31 38.71 20260414.0 -1.0 0.857118 179.72433073081535 0.09442728648786386 0.07465056927482613 0.033045125202991396 16.0 -1.0 -1.0 -1.0 -1.0 
315.31 38.71 20260414.0 -1.0 0.7084996307 33.426032423271955 0.5589522870375587 0.02903077694021016 1.555108934432222 16.0 -1.0 -1.0 -1.0 -1.0 
315.31 38.71 20260414.0 -1.0 111.01410225980808 100.79295321946343 0.07680483117247854 0.02073626924300726 1.1810932384136001 4.0 -1.0 -1.0 -1.0 -1.0 
315.31 38.71 20260414.0 -1.0 0.17999154333934464 171.84307427082587 0.020712457159722395 0.056679135930886505 1.8320402345940432 8.0 -1.0 -1.0 -1.0 -1.0 
315.31 38.71 20260414.0 -1.0 232.30015221224 71.7629985201052 0.01800219793806553 0.031795612839277794 0.8791041673559511 2.0 -1.0 -1.0 -1.0 -1.0 
315.31 38.71 20260414.0 -1.0 1.6873527450197159 169.71575737997443 0.10153146672788578 0.009676925646736721 1.5736722022680185 1.0 -1.0 -1.0 -1.0 -1.0 
315.31 38.71 20260414.0 -1.0 1.836377892123 226.28767650663258 0.7675178929261796 0.03732528463741307 3.613371177282809 16.0 -1.0 -1.0 -1.0 -1.0 
315.31 38.71 20260414.0 -1.0 0.731764 282.8595956332907 0.10886886377494363 0.038707702586946884 2.2721969408546276 2.0 -1.0 -1.0 -1.0 -1.0 
315.31 38.71 20260414.0 -1.0 1.05155 339.43151475994887 0.9821983945518493 0.01520659744487199 18.961694438557615 32.0 19.04490575699862 32.0 1.0515577741898596 339.21547177512036 
315.31 38.71 20260414.0 -1.0 95.39306582031023 396.003433886607 0.16835368321843133 0.04423737438508215 1.2813842504589052 4.0 -1.0 -1.0 -1.0 -1.0 
315.31 38.71 20260414.0 -1.0 0.17752711928731502 0.0 3.9733783034277192 0.06497364362808941 1.0099639080871414 8.0 -1.0 -1.0 -1.0 -1.0 
315.31 38.71 20260414.0 -1.0 0.6681174 56.571919126658145 5.49002038959374 0.05529671798135268 13.180834965177342 16.0 13.770185180193858 16.0 0.6681148079223931 56.36724874067484 
315.31 38.71 20260414.0 -1.0 2.8307527983 113.14383825331629 4.73879112866675 0.10644618211410392 12.143057963869929 4.0 12.223130005495324 4.0 2.8308325757582984 112.93689334756394 
315.31 38.71 20260414.0 -1.0 153.13837474186596 35.366643310405045 6.670869092409146 0.026265941041142528 43.296845481979105 2.0 43.29684400037311 2.0 153.1385350972414 35.31807865439052 
315.31 38.71 20260414.0 -1.0 60.247214842403466 33.90128406910047 3.4202149842813188 0.022118687192541075 21.204316892170755 8.0 21.204316883330282 8.0 60.24723309868326 33.90130759089061 
315.31 38.71 20260414.0 -1.0 0.74364701461 59.366851424744866 1.1665589518231836 0.026265941041142524 8.457227487065124 16.0 8.574934104617231 32.0 0.7436635011496644 59.40318673388892 
315.31 38.71 20260414.0 -1.0 104.09670305794363 81.38684434813256 4.706166268762963 0.006912089747669087 63.67380375251015 4.0 63.67380096702165 4.0 104.09664052228133 81.36313821813746 
315.72 38.71 20260414.0 -1.0 1.74460092962 125.61053367418747 0.516263340422845 0.019353851293473442 5.538322756791684 32.0 -1.0 -1.0 -1.0 -1.0 
315.72 38.71 20260414.0 -1.0 112.94972319066427 31.55770815147796 0.18557815499596547 0.017971433343939622 1.9361941031146288 1.0 -1.0 -1.0 -1.0 -1.0 
315.72 38.71 20260414.0 -1.0 1.137799550785 86.41539492585305 0.04888424554533719 0.06773847952715704 1.0344562882927144 1.0 -1.0 -1.0 -1.0 -1.0 
315.72 38.71 20260414.0 -1.0 1.07746138421 75.44385757097803 0.5084761966519021 0.1534483923982537 2.2815614498335046 8.0 -1.0 -1.0 -1.0 -1.0 
315.72 38.71 20260414.0 -1.0 3.52042385334 85.71755862766311 0.02114620914515299 0.015206597444871992 1.6051228297909836 32.0 -1.0 -1.0 -1.0 -1.0 
315.72 38.71 20260414.0 -1.0 217.15243613666985 40.04804977945545 0.018290527158198625 0.029030776940210157 0.3421643491302868 1.0 -1.0 -1.0 -1.0 -1.0 
315.72 38.71 20260414.0 -1.0 0.786876829081 0.0 0.11355480623157956 0.01520659744487199 1.3650090618772768 16.0 -1.0 -1.0 -1.0 -1.0 
315.72 38.71 20260414.0 -1.0 2.2825153353 166.13488441907413 0.017828923130187448 0.031795612839277794 3.166483490620845 16.0 -1.0 -1.0 -1.0 -1.0 
315.72 38.71 20260414.0 -1.0 0.0016053407386059828 221.51317922543217 0.011673651412337912 0.016589015394405805 3.4310312491216806 2.0 -1.0 -1.0 -1.0 -1.0 
315.72 38.71 20260414.0 -1.0 205.50156142751428 332.26976883814825 0.23471295096132436 0.019353851293473442 0.6749003510743775 1.0 -1.0 -1.0 -1.0 -1.0 
315.72 38.71 20260414.0 -1.0 0.013051224508255634 41.56002842553363 3.846435957016196 0.013824179495338174 0.7939235713782599 1.0 -1.0 -1.0 -1.0 -1.0 
315.72 38.71 20260414.0 -1.0 1.95904132159 55.37829480635804 6.717113988391871 0.04423737438508215 41.94173574408113 32.0 42.11467904131759 32.0 1.9590515876188876 55.557665275817754 
315.72 38.71 20260414.0 -1.0 164.82261748462858 110.75658961271608 1.2832486944265877 0.02211868719254108 5.174833330830045 1.0 -1.0 -1.0 -1.0 -1.0 
315.72 38.71 20260414.0 -1.0 12.745507793210034 276.8914740317902 4.118712484354565 0.031795612839277794 27.009073146636077 8.0 27.009074713575 8.0 12.745537484685581 276.8775449811245 
315.72 38.71 20260414.0 -1.0 0.6253360202400374 387.6480636445063 8.643580267418619 0.05529671798135269 4.082218005984623 4.0 -1.0 -1.0 -1.0 -1.0 
315.72 38.71 20260414.0 -1.0 1.70219494788 81.49177215529076 6.081047529021898 0.006912089747669087 196.52248909454272 32.0 151.9336875945246 32.0 3.404390251186366 81.46433615124461 
315.72 38.71 20260414.0 -1.0 411.32080042890203 124.33116712750592 7.089001340999037 0.04147253848601452 14.652951849291494 1.0 -1.0 -1.0 -1.0 -1.0 
315.72 38.71 20260414.0 -1.0 266.0 70.71407821657961 1.5538859572745707 0.027648358990676344 4.756909856845982 1.0 -1.0 -1.0 -1.0 -1.0 
315.72 38.71 20260414.0 -1.0 1.72898175945 105.52835575961058 1.7620758638749157 0.02073626924300726 23.38428782354407 32.0 23.399754025771042 32.0 1.7289797445603958 105.65064216385014 
315.72 38.71 20260414.0 -1.0 0.0425178630338289 52.105110264848136 1.9396741271167337 0.011059343596270537 5.325180710407924 32.0 -1.0 -1.0 -1.0 -1.0 
316.13 38.71 20260414.0 -1.0 0.711724 61.065748016678086 0.04693179302532015 0.03456044873834543 2.011853996604094 4.0 -1.0 -1.0 -1.0 -1.0 
316.13 38.71 20260414.0 -1.0 2.45278075482 21.532511893940594 0.7983442818922891 0.02764835899067634 3.3405130594503056 4.0 -1.0 -1.0 -1.0 -1.0 
316.13 38.71 20260414.0 -1.0 0.0622619458025739 225.08500528286754 0.08697490026177834 0.1755670795907948 3.0528145869594776 2.0 -1.0 -1.0 -1.0 -1.0 
316.13 38.71 20260414.0 -1.0 3.4672047206 25.557990307975345 0.01626376618666055 0.01520659744487199 0.36867995642976387 2.0 -1.0 -1.0 -1.0 -1.0 
316.13 38.71 20260414.0 -1.0 268.913454 42.19157092445855 0.011951096159304527 0.009676925646736721 1.247372707642113 1.0 -1.0 -1.0 -1.0 -1.0 
316.13 38.71 20260414.0 -1.0 0.480458905198 80.81337797232025 0.35209079043299263 0.013824179495338172 3.1765281967052785 32.0 -1.0 -1.0 -1.0 -1.0 
316.13 38.71 20260414.0 -1.0 1.585913888562 126.76459383064145 0.833282150847736 0.06497364362808941 2.322600158642108 8.0 -1.0 -1.0 -1.0 -1.0 
316.13 38.71 20260414.0 -1.0 379.63124577084 75.3448035230655 0.026378015809474922 0.026265941041142528 0.8002355301644536 1.0 -1.0 -1.0 -1.0 -1.0 
316.13 38.71 20260414.0 -1.0 0.0879477624 86.66171453610659 0.15571097780848736 0.10644618211410391 2.0370322289825844 1.0 -1.0 -1.0 -1.0 -1.0 
316.13 38.71 20260414.0 -1.0 1.21978 0.0 0.02305346836147395 0.013824179495338172 1.7486016430228661 1.0 -1.0 -1.0 -1.0 -1.0 
316.13 38.71 20260414.0 -1.0 3.277614 108.49261094860772 0.022025931965714878 0.006912089747669085 1.202375467342889 1.0 -1.0 -1.0 -1.0 -1.0 
316.13 38.71 20260414.0 -1.0 1.040042 162.7389164229116 0.7512553516355123 0.012441761545804354 8.995795376191882 32.0 9.866235279896548 32.0 1.0400375079674027 162.72627643627493 
316.13 38.71 20260414.0 -1.0 2.30178801032 271.2315273715193 0.5554877262434197 0.01520659744487199 7.635247646121354 32.0 7.789751920607366 32.0 2.301779507736986 271.10926279401775 
316.13 38.71 20260414.0 -1.0 1.97605646475 325.4778328458232 0.022301538964444614 0.009676925646736721 2.4563395438015916 4.0 -1.0 -1.0 -1.0 -1.0 
316.13 38.71 20260414.0 -1.0 59.422316724576454 58.179555946238075 1.0715267077965671 0.015206597444871992 8.473417438476808 4.0 8.473417277083193 4.0 59.4222607711951 58.188811536603296 
316.13 38.71 20260414.0 -1.0 288.892720892735 54.24630547430386 1.4511629160490123 0.011059343596270537 6.756949512312524 1.0 -1.0 -1.0 -1.0 -1.0 
316.13 38.71 20260414.0 -1.0 1.056982 216.98522189721544 9.84916334046565 0.027648358990676348 98.77819468860359 32.0 7.720247811102991 2.0 1.0550138540565968 216.3611809830571 
316.13 38.71 20260414.0 -1.0 0.002307997287729426 379.724138320127 2.1336978189961653 0.017971433343939622 2.3902243513505685 2.0 -1.0 -1.0 -1.0 -1.0 
316.13 38.71 20260414.0 -1.0 0.12178933067437142 98.51029250949189 7.079213307799321 0.016589015394405805 95.6866423156828 32.0 31.720944941973556 8.0 0.5277494589487712 98.46558891324348 
316.13 38.71 20260414.0 -1.0 3.900868462421 14.013222026215308 3.8624127840012807 0.031795612839277794 38.26816514676596 32.0 38.44274469829406 32.0 3.9008834088842077 13.965314768784792 
336.55 30.67 20260414.0 -1.0 7.20107927874 78.47346642481234 0.0751774531663409 0.038707702586946884 1.0151486609799776 4.0 -1.0 -1.0 -1.0 -1.0 
336.55 30.67 20260414.0 -1.0 3.404255 52.10335224126057 0.01045928387183566 0.019353851293473442 1.8475166338810496 4.0 -1.0 -1.0 -1.0 -1.0 
336.55 30.67 20260414.0 -1.0 0.82961772349 76.35628362809115 0.366232073336369 0.016589015394405805 4.9952585446064655 32.0 -1.0 -1.0 -1.0 -1.0 
336.55 30.67 20260414.0 -1.0 0.80130712057 3.3392964436090358 0.6351558289205688 0.009676925646736721 11.958680657383944 32.0 12.669069239765312 32.0 0.801325465242068 3.6431255918569017 
336.55 30.67 20260414.0 -1.0 1.352247 0.7401533354391162 0.0192498984522253 0.017971433343939622 1.5719084225553317 1.0 -1.0 -1.0 -1.0 -1.0 
336.55 30.67 20260414.0 -1.0 319.4565261370093 1.7384996948686218 0.03436794901146621 0.13962421290291552 -0.09428807844459293 1.0 -1.0 -1.0 -1.0 -1.0 
336.55 30.67 20260414.0 -1.0 265.8152125688832 97.87236896062359 0.10041536703492851 0.013824179495338172 0.009378126284143154 1.0 -1.0 -1.0 -1.0 -1.0 
336.55 30.67 20260414.0 -1.0 1.75312729201 0.0 0.04053785697483141 0.011059343596270537 1.0157566619173728 8.0 -1.0 -1.0 -1.0 -1.0 
336.55 30.67 20260414.0 -1.0 4.348508628268855 73.76205848228295 0.651150484646702 0.01797143334393962 9.891546871204909 32.0 10.086636681473086 32.0 4.348506384606784 73.87449116820939 
336.55 30.67 20260414.0 -1.0 2.522327 98.3494113097106 0.24498467270948532 0.004147253848601451 12.074069160541452 32.0 12.20627698475908 32.0 2.522331972916921 98.36439098013635 
336.55 30.67 20260414.0 -1.0 0.54991550213 147.5241169645659 0.014194340253526444 0.024883523091608708 1.1180533767442742 16.0 -1.0 -1.0 -1.0 -1.0 
336.55 30.67 20260414.0 -1.0 55.490992750915 172.11146979199356 0.1205891213629961 0.013824179495338172 1.6925281195005586 8.0 -1.0 -1.0 -1.0 -1.0 
336.55 30.67 20260414.0 -1.0 164.7517730112 24.58735282742765 5.639948359483271 0.019353851293473442 38.83270832816306 2.0 38.8327071069981 2.0 164.75193357716006 24.591097745034087 
336.55 30.67 20260414.0 -1.0 66.29687452695 49.1747056548553 1.3941658208736356 0.013824179495338172 9.93177902475245 4.0 9.93177938568138 4.0 66.29682805699608 49.182195490068175 
336.55 30.67 20260414.0 -1.0 4.511352085937126 122.93676413713825 3.3709536048698947 0.02073626924300726 53.508314400285286 32.0 53.50831157356015 32.0 4.511366569204256 122.95548872517043 
336.55 30.67 20260414.0 -1.0 194.47579083371392 38.62567638896225 8.442919515616992 0.06497364362808941 26.272278166652487 2.0 26.272278275904366 2.0 194.4756756226222 38.657610446926014 
336.55 30.67 20260414.0 -1.0 4.6292378837998 101.40100695515892 7.760487235144511 0.056679135930886505 48.39960675625295 16.0 48.3996076030415 16.0 4.629267399044087 101.40032897335043 
336.55 30.67 20260414.0 -1.0 0.179704 27.884846590962052 4.51196203330497 0.017971433343939622 56.41104037458195 32.0 34.09801251418717 32.0 0.26954391311543685 29.04380680174808 
336.55 30.67 20260414.0 -1.0 112.0391351837939 168.32463877346783 8.507324120391955 0.031795612839277794 39.883060923690934 2.0 39.88306172393828 2.0 112.03907585392396 168.29216275716743 
336.55 30.67 20260414.0 -1.0 0.0013235601945406888 29.21023744744605 7.302748574690714 0.05529671798135268 6.025497088880937 1.0 -1.0 -1.0 -1.0 -1.0 
336.92 30.67 20260414.0 -1.0 0.8055282493188 120.07624940308087 0.6919648092188234 0.045619792334615966 2.134883967750105 16.0 -1.0 -1.0 -1.0 -1.0 
336.92 30.67 20260414.0 -1.0 0.005500994066002044 93.89897602771954 0.030223728185376803 0.08294507697202903 1.0347128244362993 8.0 -1.0 -1.0 -1.0 -1.0 
336.92 30.67 20260414.0 -1.0 332.78628361061 4.659828768388928 0.06051711107912943 0.12718245135711118 -inf 1.0 -1.0 -1.0 -1.0 -1.0 
336.92 30.67 20260414.0 -1.0 132.978723 68.56115709960474 0.018076973133862834 0.016589015394405805 1.7634750090418885 2.0 -1.0 -1.0 -1.0 -1.0 
336.92 30.67 20260414.0 -1.0 0.9413247893862918 124.65041955440383 0.02608805156199015 0.016589015394405805 1.5642438412294226 1.0 -1.0 -1.0 -1.0 -1.0 
336.92 30.67 20260414.0 -1.0 4.06545762605 24.471443201218953 0.5234460021323749 0.008294507697202903 12.668702065114783 32.0 12.668702314350876 32.0 4.065471633415049 24.48989981192695 
336.92 30.67 20260414.0 -1.0 0.004194585735668682 73.41432960365685 0.7424839476044562 0.013824179495338172 1.0838544647884163 1.0 -1.0 -1.0 -1.0 -1.0 
336.92 30.67 20260414.0 -1.0 0.381837011156 97.88577280487581 0.22332374057879084 0.022118687192541075 2.028787555250195 2.0 -1.0 -1.0 -1.0 -1.0 
336.92 30.67 20260414.0 -1.0 0.59787312095 122.35721600609477 0.16777315525707734 0.022118687192541075 0.7313212500572884 4.0 -1.0 -1.0 -1.0 -1.0 
336.92 30.67 20260414.0 -1.0 0.19731861899116993 146.8286592073137 0.05960429119114489 0.015206597444871992 1.2147082580518487 4.0 -1.0 -1.0 -1.0 -1.0 
336.92 30.67 20260414.0 -1.0 1.074011086779 171.30010240853267 0.04225349001833227 0.02073626924300726 1.3997943756028313 1.0 -1.0 -1.0 -1.0 -1.0 
336.92 30.67 20260414.0 -1.0 0.31386558431942146 78.34337116853885 4.456202279847409 0.009676925646736721 195.83636332920446 32.0 7.635837285924763 2.0 1.8844730220735075 78.52959609113765 
336.92 30.67 20260414.0 -1.0 1.1809263676 42.640859575441326 2.8323388832177554 0.013824179495338172 79.4441962112476 32.0 79.58209481080198 32.0 1.1809182372720293 42.8067257043186 
336.92 30.67 20260414.0 -1.0 0.017838796294766226 0.0 3.8094132304713457 0.01520659744487199 5.244994142678377 32.0 -1.0 -1.0 -1.0 -1.0 
336.92 30.67 20260414.0 -1.0 0.1841751755304833 48.94288640243791 6.307830111759223 0.027648358990676348 42.45355194903426 16.0 15.139171715313113 2.0 2.0261116636296115 49.789383088710984 
336.92 30.67 20260414.0 -1.0 2.52937356474 142.98136360652202 2.4925258091868248 0.013824179495338174 42.89330413579175 32.0 43.194164556062084 32.0 2.529365398610632 142.89148154727624 
336.92 30.67 20260414.0 -1.0 221.18104171312677 63.26745456492761 9.931153623322999 0.022118687192541075 47.605906617091584 1.0 47.60590677150648 1.0 221.18135044972104 63.248708191960105 
336.92 30.67 20260414.0 -1.0 3.09703753311 69.43487499367767 1.9504239128438527 0.03041319488974398 24.366119068202515 32.0 24.366119217589265 32.0 3.0970416749672345 69.4217821114954 
336.92 30.67 20260414.0 -1.0 11.002505558416281 64.79217794870193 7.054802310718645 0.016589015394405805 119.1602963689195 32.0 119.20612164129106 32.0 11.002521205227822 64.76667718856713 
336.92 30.67 20260414.0 -1.0 1.2925566305008442 163.84780272379302 6.435478712697456 0.06497364362808941 28.46859900982889 16.0 28.659827652282083 32.0 1.2925435536696266 163.63705783423916 
336.92 30.67 20260414.0 -1.0 208.2117310709 75.17400233709785 7.611813673294651 0.05944397182995413 26.80829026585006 1.0 26.80829051765755 1.0 208.21171347051862 75.19006429860217 
336.92 30.67 20260414.0 -1.0 56.753362383623575 151.2902494619214 1.33202523099758 0.026265941041142528 6.806393856463536 1.0 6.806393856463536 1.0 56.75343951831262 151.29090999516853 
336.92 30.67 20260414.0 -1.0 4.077548727660106 76.44174986967425 3.3454338372480157 0.01520659744487199 76.92553679102234 32.0 76.92553629553957 32.0 4.077537596458569 76.4044394958878 
336.92 30.67 20260414.0 -1.0 0.8092202865133 0.0 2.698628572782285 0.04700221028414978 5.443984011776988 32.0 -1.0 -1.0 -1.0 -1.0 
336.92 30.67 20260414.0 -1.0 1.868565 36.06317945442793 5.2453198666479475 0.029030776940210157 69.15857392239658 32.0 69.31881223276496 32.0 1.8685568647924813 35.92526625303334 
336.92 30.67 20260414.0 -1.0 2.06071533429 54.094769181641894 3.270027877808285 0.10644618211410392 9.32590585499508 8.0 9.354939962263382 8.0 2.0606724622969828 53.93849834610357 
336.92 30.67 20260414.0 -1.0 0.534879930134053 81.14215377246285 1.016718486211751 0.04285495643554833 4.601850350057636 32.0 -1.0 -1.0 -1.0 -1.0 
336.92 30.67 20260414.0 -1.0 0.78666 77.93220980662218 8.41380609938174 0.009676925646736721 256.47908247717294 32.0 138.2613085662451 32.0 0.5899892130400985 77.92240849249484 
336.92 30.67 20260414.0 -1.0 49.21776051506833 90.15794863606983 1.5463896414539253 0.024883523091608704 7.142916171193184 1.0 7.76959001158969 4.0 49.217730217302844 90.16735839845832 
336.92 30.67 20260414.0 -1.0 0.80755526467 108.18953836328379 2.5150119562080513 0.04700221028414978 15.23514376018779 16.0 15.352985693079022 16.0 0.8075706621942421 108.38298635774281 
336.92 30.67 20260414.0 -1.0 2.095411990345 135.23692295410476 1.5474583255111398 0.0967692564673672 4.26320147913407 8.0 -1.0 -1.0 -1.0 -1.0 
336.92 30.67 20260414.0 -1.0 1.75672140249 116.05029440098014 6.18698620829759 0.056679135930886505 24.74838104104814 16.0 25.14250105275484 16.0 1.7567193329644701 116.07402927388516 
336.92 30.67 20260414.0 -1.0 0.05133329711080282 29.723540121892608 2.8976518526871895 0.05529671798135269 0.5974746033088559 1.0 -1.0 -1.0 -1.0 -1.0 
336.92 30.67 20260414.0 -1.0 0.331159372546 19.341715733496688 1.6365202823391307 0.12718245135711118 -0.1320877924129552 1.0 -1.0 -1.0 -1.0 -1.0 
336.92 30.67 20260414.0 -1.0 3.7366204955279794 58.02514720049007 3.5160464630911767 0.058061553880420315 22.04466447248256 16.0 22.08340167963256 16.0 3.736628665744017 58.08761360349616 
336.92 30.67 20260414.0 -1.0 120.03467548628551 27.530679525003702 2.135172381927103 0.016589015394405805 8.083739832666886 4.0 -1.0 -1.0 -1.0 -1.0 
337.29 30.67 20260414.0 -1.0 1.4352133702 88.92548943972172 0.022658727867683442 0.052531882082285056 1.3342873392172314 8.0 -1.0 -1.0 -1.0 -1.0 
337.29 30.67 20260414.0 -1.0 3.631598085482 112.9902891327496 0.7084105633896746 0.12165277955897592 0.824885411033338 8.0 -1.0 -1.0 -1.0 -1.0 
337.29 30.67 20260414.0 -1.0 175.746924 46.236479070020245 0.0375454622610361 0.012441761545804352 2.2353011993063783 2.0 -1.0 -1.0 -1.0 -1.0 
337.29 30.67 20260414.0 -1.0 1.013699113957 170.31260789126603 0.18751123867894365 0.06082638977948796 1.253178691692912 8.0 -1.0 -1.0 -1.0 -1.0 
337.29 30.67 20260414.0 -1.0 0.0028122545094976387 139.86918659285726 0.10069323644853632 0.016589015394405805 5.104676396569187 1.0 -1.0 -1.0 -1.0 -1.0 
337.29 30.67 20260414.0 -1.0 22.846702651445444 134.90614144000745 0.25482417336644786 0.04561979233461596 0.9205917078336683 1.0 -1.0 -1.0 -1.0 -1.0 
337.29 30.67 20260414.0 -1.0 2.551867 0.0 0.026911815349720772 0.012441761545804352 1.2783178811579217 2.0 -1.0 -1.0 -1.0 -1.0 
337.29 30.67 20260414.0 -1.0 2.763031441157 24.362046383576565 0.16331320510037797 0.027648358990676344 3.769125144552224 8.0 -1.0 -1.0 -1.0 -1.0 
337.29 30.67 20260414.0 -1.0 172.760569821455 48.72409276715313 0.010452060627280742 0.052531882082285056 1.1223608193237085 2.0 -1.0 -1.0 -1.0 -1.0 
337.29 30.67 20260414.0 -1.0 0.1061048642625269 97.44818553430626 0.025801274789462807 0.016589015394405805 0.8954852348785842 1.0 -1.0 -1.0 -1.0 -1.0 
337.29 30.67 20260414.0 -1.0 2.028 121.81023191788283 0.14856523413221545 0.008294507697202903 2.169194557917532 32.0 -1.0 -1.0 -1.0 -1.0 
337.29 30.67 20260414.0 -1.0 2.322167512743 146.1722783014594 0.13750352488231646 0.01520659744487199 2.9343836552276 16.0 -1.0 -1.0 -1.0 -1.0 
337.29 30.67 20260414.0 -1.0 1.3235647032 170.53432468503595 0.04654433038693023 0.01520659744487199 0.9088444386477648 1.0 -1.0 -1.0 -1.0 -1.0 
337.29 30.67 20260414.0 -1.0 3.0107623091303637 82.64919866223464 6.051711107912946 0.052531882082285056 34.80256345961433 16.0 35.169461064017945 16.0 3.0107306277689836 82.5775134154231 
337.29 30.67 20260414.0 -1.0 1.7493147466976 73.0861391507297 2.758951553270673 0.02073626924300726 49.34270597786076 32.0 49.633404385994524 32.0 1.7493221093900504 73.16610563645945 
337.29 30.67 20260414.0 -1.0 0.0018596566742026077 90.83566489373952 4.667312786258835 0.008294507697202903 15.727669046532592 8.0 -1.0 -1.0 -1.0 -1.0 
337.29 30.67 20260414.0 -1.0 2.7463792186410614 38.57872211596673 3.3155230780055205 0.01520659744487199 68.51153753091296 32.0 68.64022976989772 32.0 2.7463708344536526 38.55641251381887 
337.29 30.67 20260414.0 -1.0 0.38068628161576884 63.66683008793271 1.6558534687975424 0.02350110514207489 19.39788093906492 32.0 19.49490214153 32.0 0.3806841656720887 64.15948958992432 
337.29 30.67 20260414.0 -1.0 0.53084251673 9.806704339823549 2.3666684090855825 0.017971433343939622 35.286883461664274 32.0 35.54235703319837 32.0 0.5308417409347992 9.715001578285072 
337.29 30.67 20260414.0 -1.0 13.815971 144.150026226415 9.30029768415916 0.022118687192541075 88.57040665866114 8.0 89.11078292989657 8.0 13.8159521156922 144.20705467766902 
337.29 30.67 20260414.0 -1.0 0.06670519588799607 4.656052669168398 1.8570640495981352 0.01520659744487199 2.2721570442623893 32.0 -1.0 -1.0 -1.0 -1.0 
337.29 30.67 20260414.0 -1.0 219.60994148422 50.38087759971959 1.4273006104727988 0.009676925646736721 11.973630187841547 1.0 11.973630166441096 1.0 219.60974360505742 50.3965706873538 
337.29 30.67 20260414.0 -1.0 3.26720336192 39.926078016568574 1.8252658677174425 0.016589015394405805 37.92039962785885 32.0 38.22004671436526 32.0 3.2672081336689494 39.87198564421164 
337.29 30.67 20260414.0 -1.0 0.9770360389 99.19268250506741 4.02031818216859 0.026265941041142528 39.275107709014506 32.0 39.7734824623829 32.0 0.9770398416245978 99.27517237810056 
337.29 30.67 20260414.0 -1.0 1.10480469655 48.180764800002656 1.9571727614076442 0.011059343596270537 63.76379605780762 32.0 63.95740697990462 32.0 1.1047935307336352 47.96782029278254 
337.29 30.67 20260414.0 -1.0 2.09760208735 154.2807781879023 7.138144882132064 0.06082638977948796 37.5533281877631 32.0 37.74322221903424 32.0 2.0975979471889636 154.42804592148977 
337.29 30.67 20260414.0 -1.0 0.0017120183030027347 35.901963091586516 8.788087844939614 0.02073626924300726 13.238040880702787 8.0 -1.0 -1.0 -1.0 -1.0 
337.29 30.67 20260414.0 -1.0 5.702856412410955 53.85294463737978 2.8323388832177554 0.017971433343939622 60.08448773293431 32.0 60.1535103276626 32.0 5.70286526150691 53.83730041299643 
337.29 30.67 20260414.0 -1.0 246.97162474233065 62.828435410276406 5.063728905905742 0.035942866687879244 15.104338159310313 1.0 15.104338323784686 1.0 246.97122474511465 62.84391645953155 
337.29 30.67 20260414.0 -1.0 2.688716547019 80.77941695606967 3.6471715848927673 0.10091651031596865 10.542429612861788 8.0 10.609634047618757 8.0 2.688708870361249 81.1607423519232 
337.29 30.67 20260414.0 -1.0 275.667196397883 37.96473714860386 6.796467247011047 0.12165277955897592 8.692707756091272 1.0 -1.0 -1.0 -1.0 -1.0 
337.29 30.67 20260414.0 -1.0 1.4408098283683 98.73039850186292 2.363400666868233 0.012441761545804354 82.77389396979437 32.0 83.2411370570332 32.0 1.440821506548673 98.87038064567203 
337.29 30.67 20260414.0 -1.0 2.70735 116.68138004765618 6.303473886221564 0.008294507697202903 229.06269616449626 32.0 229.09217018016363 32.0 2.707353511747594 116.68121687252798 
337.29 30.67 20260414.0 -1.0 63.0804754428424 143.60785236634607 6.400009491490019 0.017971433343939622 41.676988118510295 2.0 41.676987554931735 2.0 63.080612259606525 143.59986707902618 
337.29 30.67 20260414.0 -1.0 1.132077460855 35.184749657488666 5.722367659350221 0.03041319488974398 63.68073389933082 16.0 66.40951324448318 32.0 1.132078371786823 35.21688072128338 
337.29 30.67 20260414.0 -1.0 0.04857911289032549 117.32229418025425 3.32010726674951 0.008294507697202903 38.616476696179866 32.0 20.386622084954745 8.0 0.1942680682986975 122.24710319342049 
337.29 30.67 20260414.0 -1.0 0.0581146617368716 21.728245789452526 1.512578670015052 0.009676925646736721 8.784779138834457 32.0 12.065219087893707 32.0 0.05811671144329012 28.841410935533805 
337.29 30.67 20260414.0 -1.0 0.02564682529668454 44.01931113232101 1.898575371148436 0.022118687192541075 0.6590821787687604 32.0 -1.0 -1.0 -1.0 -1.0 
337.66 30.67 20260414.0 -1.0 2.1385053298 76.60663492588162 8.904201091492599 0.045619792334615966 58.21880315133332 16.0 59.689039993160144 32.0 2.138494892278686 76.60683536210207 
337.66 30.67 20260414.0 -1.0 0.75719801568 117.77145050121682 1.6263766186660567 0.052531882082285056 5.507581800498583 16.0 6.274487485529004 32.0 0.757214972206081 118.4015817353493 
337.66 30.67 20260414.0 -1.0 0.617917537 21.940982559130802 0.01410635930080207 0.042854956435548326 1.768238029425125 1.0 -1.0 -1.0 -1.0 -1.0 
337.66 30.67 20260414.0 -1.0 0.009906114907577451 114.40897794184538 0.04006455063324554 0.02350110514207489 1.360270895171772 4.0 -1.0 -1.0 -1.0 -1.0 
337.66 30.67 20260414.0 -1.0 0.003490254878959579 30.941540420074553 0.011649482428952803 0.013824179495338172 1.4363005949849543 1.0 -1.0 -1.0 -1.0 -1.0 
337.66 30.67 20260414.0 -1.0 332.94611339825 58.231911141841735 0.02444774594755811 0.04147253848601452 1.1639480316452748 1.0 -1.0 -1.0 -1.0 -1.0 
337.66 30.67 20260414.0 -1.0 0.021242512493659646 56.194048984646926 0.9416670836315172 0.20321543858147118 0.5685621409142438 1.0 -1.0 -1.0 -1.0 -1.0 
337.66 30.67 20260414.0 -1.0 0.764175 88.44321762225482 0.0136651235103008 0.016589015394405805 1.0100182579579187 16.0 -1.0 -1.0 -1.0 -1.0 
337.66 30.67 20260414.0 -1.0 2.8936595854908 24.257837749751097 0.0651150484646702 0.01520659744487199 1.3440172747285937 1.0 -1.0 -1.0 -1.0 -1.0 
337.66 30.67 20260414.0 -1.0 2.9920951224926 48.515675499502194 0.24600225828054803 0.01382417949533817 2.4948319756734567 16.0 -1.0 -1.0 -1.0 -1.0 
337.66 30.67 20260414.0 -1.0 0.7980292310107 97.03135099900439 0.023962821561103093 0.009676925646736721 0.8764591083016284 32.0 -1.0 -1.0 -1.0 -1.0 
337.66 30.67 20260414.0 -1.0 311.52648 145.54702649850657 0.026652783666455408 0.09538683851783337 0.5380863972821228 1.0 -1.0 -1.0 -1.0 -1.0 
337.66 30.67 20260414.0 -1.0 201.75854290329892 0.0 3.518476344085464 0.026265941041142528 18.44895023318347 2.0 -1.0 -1.0 -1.0 -1.0 
337.66 30.67 20260414.0 -1.0 129.87013 72.77351324925328 1.1253953866532125 0.052531882082285056 4.361147663425958 2.0 -1.0 -1.0 -1.0 -1.0 
337.66 30.67 20260414.0 -1.0 0.559585564756 121.28918874875549 1.748736087702011 0.03456044873834543 11.802543209824202 16.0 11.86138115050549 16.0 0.5595817735108237 120.52673833059914 
337.66 30.67 20260414.0 -1.0 97.6103338850929 169.80486424825767 9.236268504401973 0.053914300031818865 37.398140739918134 1.0 37.39814015647367 1.0 97.61036684115729 169.81013175377444 
337.66 30.67 20260414.0 -1.0 4.28584518744 160.24389429408535 8.830689192089936 0.029030776940210157 97.8306100125911 16.0 97.94121600584647 32.0 4.285842199654629 160.19632810859653 
337.66 30.67 20260414.0 -1.0 151.73732968936153 115.51281994365922 8.613774919917354 0.008294507697202903 81.99961320236002 2.0 81.99961514432889 2.0 151.73718566074967 115.46684167524235 
337.66 30.67 20260414.0 -1.0 0.54991550213 2.1907018189844223 5.259834716302625 0.022118687192541075 39.33546644685271 32.0 44.02414800176495 32.0 0.5499108131819715 3.238333859428357 
337.66 30.67 20260414.0 -1.0 2.935047 29.294268509675415 4.788152971972427 0.022118687192541075 81.44526814149336 32.0 81.55558536272669 32.0 2.935060668581476 29.34740060106948 
346.1 31.48 20260414.0 -1.0 1.8515010219 75.28399591210287 0.886124510543721 0.04700221028414978 2.871559926454947 16.0 -1.0 -1.0 -1.0 -1.0 
346.1 31.48 20260414.0 -1.0 1.62980401915 92.94457856800368 0.5362569543451353 0.06082638977948797 2.5969266639244823 8.0 -1.0 -1.0 -1.0 -1.0 
346.1 31.48 20260414.0 -1.0 3.038561754699288 76.77823062826369 0.5854323911634344 0.03317803078881161 4.315801431432192 16.0 -1.0 -1.0 -1.0 -1.0 
346.1 31.48 20260414.0 -1.0 0.0041753537600435695 44.222989152759745 0.26986285727822834 0.016589015394405805 0.8710290092153387 32.0 -1.0 -1.0 -1.0 -1.0 
346.1 31.48 20260414.0 -1.0 0.7493121892 131.5880317061629 0.29420284267010577 0.013824179495338172 2.8715263601268948 32.0 -1.0 -1.0 -1.0 -1.0 
346.1 31.48 20260414.0 -1.0 1.3711635767547 60.437025434504875 0.7923004251845865 0.058061553880420315 2.3373220748603143 8.0 -1.0 -1.0 -1.0 -1.0 
346.1 31.48 20260414.0 -1.0 2.15829087809 28.86734302710701 0.06178443619080862 0.012441761545804354 1.8760028341531885 1.0 -1.0 -1.0 -1.0 -1.0 
346.1 31.48 20260414.0 -1.0 1.141728981344834 99.98655707076162 0.18660663981924158 0.02350110514207489 1.262331677597345 8.0 -1.0 -1.0 -1.0 -1.0 
346.1 31.48 20260414.0 -1.0 0.5643 71.13511015765631 0.3819954639140124 0.16036048214592277 1.4091667691523087 4.0 -1.0 -1.0 -1.0 -1.0 
346.1 31.48 20260414.0 -1.0 7.617767808009269 22.706463414729626 0.019531206551487337 0.012441761545804354 1.0067543133764887 2.0 -1.0 -1.0 -1.0 -1.0 
346.1 31.48 20260414.0 -1.0 4.23410191865 45.41292682945925 0.2466829957540348 0.024883523091608708 2.194828790633491 16.0 -1.0 -1.0 -1.0 -1.0 
346.1 31.48 20260414.0 -1.0 0.0026249295204437803 68.11939024418888 0.016731017452555386 0.07188573337575849 0.7073456453284498 1.0 -1.0 -1.0 -1.0 -1.0 
346.1 31.48 20260414.0 -1.0 48.99209942951717 136.23878048837776 0.03270027877808285 0.06635606157762322 0.9252209144207857 1.0 -1.0 -1.0 -1.0 -1.0 
346.1 31.48 20260414.0 -1.0 3.264527695 71.37355186768198 3.9953989948302135 0.04285495643554833 30.856471220000564 16.0 30.85647043504822 16.0 3.264540282543749 71.34454284053099 
346.1 31.48 20260414.0 -1.0 174.825175 0.0 2.706096218036256 0.049767046183217416 8.70845378990824 2.0 -1.0 -1.0 -1.0 -1.0 
346.1 31.48 20260414.0 -1.0 0.581825 90.8258536589185 4.918913516317409 0.0483846282336836 30.336083600567722 16.0 30.4272409530581 16.0 0.5818340772142013 90.77454599710113 
346.1 31.48 20260414.0 -1.0 6.109834011889509 113.53231707364813 7.177704892187014 0.02764835899067634 70.05545854120837 16.0 70.19386999772841 16.0 6.109864140550296 113.44288301309962 
346.1 31.48 20260414.0 -1.0 0.562778 158.94524390310738 5.535722578609738 0.016589015394405805 112.79536106828299 32.0 112.8428259395138 32.0 0.562765004967029 157.96997358023953 
346.1 31.48 20260414.0 -1.0 395.256917 21.332584990296038 5.535722578609738 0.017971433343939622 23.621321485584627 1.0 -1.0 -1.0 -1.0 -1.0 
346.1 31.48 20260414.0 -1.0 0.73214 24.225677738607423 1.1207402013097798 0.012441761545804354 23.065592421849377 32.0 23.357530999374315 32.0 0.7321432349272072 24.287503945712675 
346.48 31.48 20260414.0 -1.0 0.135722 142.41119943723015 0.08016603408645061 0.038707702586946884 1.2863081559619105 8.0 -1.0 -1.0 -1.0 -1.0 
346.48 31.48 20260414.0 -1.0 0.028375346691750812 33.831181075258726 0.09306724964577999 0.026265941041142528 0.8467476178396314 16.0 -1.0 -1.0 -1.0 -1.0 
346.48 31.48 20260414.0 -1.0 3.1523501692506883 38.856712659540364 0.5976922819163438 0.016589015394405805 10.965534844978162 32.0 11.450796707033996 32.0 3.1523389528350285 38.96120424624742 
346.48 31.48 20260414.0 -1.0 2.269537144722 92.5205120689831 0.4949592636869072 0.041472538486014524 2.8013346724333665 4.0 -1.0 -1.0 -1.0 -1.0 
346.48 31.48 20260414.0 -1.0 3.2406434977785 46.577324273247484 0.12630197479287292 0.09262200261876574 0.9282046042976091 2.0 -1.0 -1.0 -1.0 -1.0 
346.48 31.48 20260414.0 -1.0 0.6950512147921458 0.0 0.01494918311769915 0.056679135930886505 0.031812561272946 2.0 -1.0 -1.0 -1.0 -1.0 
346.48 31.48 20260414.0 -1.0 117.30802716915545 22.64546656657598 0.41644912717543897 0.024883523091608708 1.7220142197373423 1.0 -1.0 -1.0 -1.0 -1.0 
346.48 31.48 20260414.0 -1.0 0.828074420138 45.29093313315196 0.23830750171133577 0.027648358990676344 2.94198533230437 16.0 -1.0 -1.0 -1.0 -1.0 
346.48 31.48 20260414.0 -1.0 61.93152364676491 90.58186626630392 0.010575537029719832 0.04147253848601452 1.549411622366546 2.0 -1.0 -1.0 -1.0 -1.0 
346.48 31.48 20260414.0 -1.0 3.05756410294 113.2273328328799 0.03359329666583286 0.035942866687879244 0.8551009492502131 2.0 -1.0 -1.0 -1.0 -1.0 
346.48 31.48 20260414.0 -1.0 0.4384806660675 158.51826596603186 0.6273064427408269 0.027648358990676344 4.171100024433429 32.0 -1.0 -1.0 -1.0 -1.0 
346.48 31.48 20260414.0 -1.0 0.17190722018585744 53.632092585567136 1.7681729913172577 0.013824179495338172 26.462551194067377 32.0 26.89678321157396 32.0 0.17189449863508344 53.93849834610357 
346.48 31.48 20260414.0 -1.0 1.194572 67.93639969972794 6.0600784711585245 0.006912089747669086 173.47080279560524 32.0 113.54410050114275 32.0 0.7963838773624351 68.00501104799548 
346.48 31.48 20260414.0 -1.0 98.05993400760246 135.8727993994559 4.942758560428077 0.03317803078881161 17.586000771604102 1.0 17.586000597725047 1.0 98.05953595787288 135.90882416288386 
346.48 31.48 20260414.0 -1.0 0.012638067548455246 23.811824730571043 2.8618420759827226 0.024883523091608708 1.0351981833558093 8.0 -1.0 -1.0 -1.0 -1.0 
346.48 31.48 20260414.0 -1.0 1.073268736517 135.51496524428848 3.30865866006508 0.03041319488974398 37.571971701361136 32.0 37.75997399743687 32.0 1.0732643810721736 135.60523036356244 
346.48 31.48 20260414.0 -1.0 2.3101681601 113.28848170749713 1.2823624751348843 0.02350110514207489 17.243679207484647 16.0 17.277229506696226 32.0 2.310177175483356 113.24048714688536 
346.48 31.48 20260414.0 -1.0 0.11160639382368284 54.932072364466485 4.225349001833232 0.024883523091608708 23.67157452379267 32.0 16.693848867935348 16.0 0.22318999981507662 57.17683220553193 
346.48 31.48 20260414.0 -1.0 0.5324275311542859 59.862483477121344 1.727124847981277 0.02350110514207489 22.334412318413804 32.0 22.334412120744958 32.0 0.5324181984178722 59.9091763994246 
346.48 31.48 20260414.0 -1.0 0.2925653886 58.18202181171487 1.4632432576827121 0.02073626924300726 20.165613397085778 32.0 20.560665004442246 32.0 0.29255412907029194 58.99839500146037 
346.85 31.48 20260414.0 -1.0 1.14381850931 29.61346273003781 0.03788417601929282 0.009676925646736721 0.07886437293772809 4.0 -1.0 -1.0 -1.0 -1.0 
346.85 31.48 20260414.0 -1.0 30.623932 89.64673447907869 0.3007792172468115 0.017971433343939622 2.3152661217000405 8.0 -1.0 -1.0 -1.0 -1.0 
346.85 31.48 20260414.0 -1.0 2.20532573802 94.07373371261345 0.08769893096646313 0.016589015394405805 2.17234900384688 2.0 -1.0 -1.0 -1.0 -1.0 
346.85 31.48 20260414.0 -1.0 0.0013731250308870993 66.21525996444119 0.033756144343101924 0.027648358990676344 1.1059575166239268 1.0 -1.0 -1.0 -1.0 -1.0 
346.85 31.48 20260414.0 -1.0 0.132180571 86.24743149618594 0.13311053263353947 0.029030776940210157 0.328462355641976 4.0 -1.0 -1.0 -1.0 -1.0 
346.85 31.48 20260414.0 -1.0 0.5783421883420734 66.68958131089134 0.8344342835781109 0.04147253848601452 3.377287755650749 8.0 -1.0 -1.0 -1.0 -1.0 
346.85 31.48 20260414.0 -1.0 1.9764535636 81.97853937813457 0.08258319656079104 0.09538683851783337 1.9625366310340349 1.0 -1.0 -1.0 -1.0 -1.0 
346.85 31.48 20260414.0 -1.0 4.1383499949094 72.66603027616326 0.9574103317852701 0.006912089747669086 31.0752696916583 32.0 31.267179028520843 32.0 4.138352475517119 72.66011597092375 
346.85 31.48 20260414.0 -1.0 2.6555518314 33.29735852080066 0.26106080578766205 0.031795612839277794 1.2995846585511546 2.0 -1.0 -1.0 -1.0 -1.0 
346.85 31.48 20260414.0 -1.0 2.862213 0.0 0.1755999760938223 0.02073626924300726 1.0500481886845274 4.0 -1.0 -1.0 -1.0 -1.0 
346.85 31.48 20260414.0 -1.0 161.82052783543514 22.58447211026223 0.9065583023636843 0.12165277955897592 0.9479272916583112 1.0 -1.0 -1.0 -1.0 -1.0 
346.85 31.48 20260414.0 -1.0 14.5484852843 45.16894422052446 0.11347638459718777 0.012441761545804354 0.8650473268386285 1.0 -1.0 -1.0 -1.0 -1.0 
346.85 31.48 20260414.0 -1.0 0.250288 67.75341633078669 0.09667151613641069 0.027648358990676344 0.6872158957690684 1.0 -1.0 -1.0 -1.0 -1.0 
346.85 31.48 20260414.0 -1.0 277.94006243351 112.92236055131114 0.7471147983930847 0.016589015394405805 2.71121275687935 1.0 -1.0 -1.0 -1.0 -1.0 
346.85 31.48 20260414.0 -1.0 2.505212314406221 135.50683266157338 0.04946174418327399 0.07741540517389377 0.9090518196583943 1.0 -1.0 -1.0 -1.0 -1.0 
346.85 31.48 20260414.0 -1.0 2.309020280644 35.858693791631474 3.897257270424493 0.01520659744487199 102.07500197308511 32.0 102.12554202356188 32.0 2.30902514886111 35.8240683199262 
346.85 31.48 20260414.0 -1.0 0.7477741603725 90.33788844104892 2.907678295357212 0.011059343596270537 93.50363387273902 32.0 93.61066989010756 32.0 0.7477865437977017 90.36975426467258 
346.85 31.48 20260414.0 -1.0 1.61499182415 158.0913047718356 1.9463857793174721 0.026265941041142528 21.58728978548612 32.0 21.80929619410655 32.0 1.614989741938189 156.85679631606104 
346.85 31.48 20260414.0 -1.0 1.259573 121.22072544111046 3.5160464630911767 0.005529671798135269 150.86339380569075 32.0 108.81204203217791 32.0 2.519148741460716 121.03272799613484 
346.85 31.48 20260414.0 -1.0 1.178 48.36496662636715 5.116475479031465 0.04423737438508215 39.48166860522651 16.0 40.87380760338288 32.0 1.178007854226356 48.17021615899681 
347.23 31.48 20260414.0 -1.0 2.1507181757 84.05447593870925 2.2117420426236243 0.02073626924300726 25.957794217172502 32.0 25.957793722943197 32.0 2.1507124377725026 84.09548241203015 
347.23 31.48 20260414.0 -1.0 26.344701207024826 112.63209661098284 1.7816610368291121 0.027648358990676344 12.247763728773055 4.0 12.24776362924448 4.0 26.344787329435352 112.63329954824253 
347.23 31.48 20260414.0 -1.0 337.837838 135.1585159331794 1.61517960493532 0.031795612839277794 4.597901860847308 1.0 -1.0 -1.0 -1.0 -1.0 
355.88 62.5 20260414.0 -1.0 8.428208952531248 78.92976344420217 0.023797846217159135 0.03456044873834543 1.1869641167212297 1.0 -1.0 -1.0 -1.0 -1.0 
355.88 62.5 20260414.0 -1.0 1.026325 59.605911492576546 0.07803496302363373 0.02350110514207489 2.0210111176439027 4.0 -1.0 -1.0 -1.0 -1.0 
355.88 62.5 20260414.0 -1.0 3.18587333048 37.06141754901332 0.025980138630490365 0.026265941041142528 2.0256705862775557 32.0 -1.0 -1.0 -1.0 -1.0 
355.88 62.5 20260414.0 -1.0 7.830734887436485 140.12196129101665 0.06466675494927615 0.017971433343939622 1.3608148356314707 32.0 -1.0 -1.0 -1.0 -1.0 
355.88 62.5 20260414.0 -1.0 237.65856646672 32.542904903608324 0.1885504367633259 0.008294507697202903 2.020677910200459 2.0 -1.0 -1.0 -1.0 -1.0 
355.88 62.5 20260414.0 -1.0 0.3039296774992331 89.3127286719413 0.04603268493820467 0.019353851293473442 2.0922812071631247 16.0 -1.0 -1.0 -1.0 -1.0 
355.88 62.5 20260414.0 -1.0 384.1903018555 136.99745786600255 0.031092043377110277 0.016589015394405805 2.1163917384258792 1.0 -1.0 -1.0 -1.0 -1.0 
355.88 62.5 20260414.0 -1.0 0.5721 113.10702398551017 0.05478653919335791 0.03041319488974398 0.20529850677408865 1.0 -1.0 -1.0 -1.0 -1.0 
355.88 62.5 20260414.0 -1.0 2.7463792186410614 0.0 0.7358455683452552 0.04009012053648069 1.6745096829912016 1.0 -1.0 -1.0 -1.0 -1.0 
355.88 62.5 20260414.0 -1.0 360.0000167784814 137.32707580974028 0.015657393701560413 0.019353851293473442 -inf 1.0 -1.0 -1.0 -1.0 -1.0 
355.88 62.5 20260414.0 -1.0 32.846688858644185 205.99061371461042 0.09999999999999999 0.04009012053648069 1.9220495071471644 1.0 -1.0 -1.0 -1.0 -1.0 
355.88 62.5 20260414.0 -1.0 3.8784760942028 343.3176895243507 0.06606660623846375 0.006912089747669086 1.4765909247296505 32.0 -1.0 -1.0 -1.0 -1.0 
355.88 62.5 20260414.0 -1.0 0.08471126681932407 411.98122742922084 0.20641035137348443 0.012441761545804354 1.098603099251354 32.0 -1.0 -1.0 -1.0 -1.0 
355.88 62.5 20260414.0 -1.0 279.329609 480.644765334091 0.3096343148981891 0.04009012053648069 1.2447328999976286 1.0 -1.0 -1.0 -1.0 -1.0 
355.88 62.5 20260414.0 -1.0 6.257822 68.66353790487014 5.643846033609972 0.08018024107296139 14.774472163720928 16.0 15.795250797981113 32.0 6.257838928528751 68.71339657974546 
355.88 62.5 20260414.0 -1.0 0.538627704166 274.65415161948056 5.025394001268609 0.012441761545804354 105.63255068868804 32.0 61.48940187601822 32.0 0.3590988247500112 274.65119045276754 
355.88 62.5 20260414.0 -1.0 3.502872 45.665819288667514 4.219514914022992 0.04700221028414978 17.349076871189297 32.0 17.449190566622192 32.0 3.502858210898315 45.74146576442555 
355.88 62.5 20260414.0 -1.0 2.63060738985 40.762752375568475 1.1926352757749574 0.1147406898113068 1.5140847795845478 4.0 -1.0 -1.0 -1.0 -1.0 
355.88 62.5 20260414.0 -1.0 143.5961701962213 60.42308931142638 5.285332418266483 0.013824179495338172 30.38389768635321 2.0 30.383898034771907 2.0 143.59635921816033 60.41516606496029 
355.88 62.5 20260414.0 -1.0 3.436155481471 51.57834115446341 8.327066811662002 0.009676925646736721 187.82068444790013 32.0 187.92271525648783 32.0 3.4361619327683006 51.61094588463944 
356.57 62.5 20260414.0 -1.0 5.889291150830903 158.60468708606666 1.399956726105786 0.04423737438508215 6.324566397137962 16.0 -1.0 -1.0 -1.0 -1.0 
356.57 62.5 20260414.0 -1.0 1.30177050713 0.0 2.0683858742459553 0.06359122567855559 1.317981333433035 8.0 -1.0 -1.0 -1.0 -1.0 
356.57 62.5 20260414.0 -1.0 0.3635877509649204 204.28806726440558 3.3362018990225044 0.031795612839277794 19.915072336482353 16.0 21.948277856715805 32.0 0.36358566527875763 204.72341867573644 
356.57 62.5 20260414.0 -1.0 1.56682392 476.6721569502797 1.7681729913172577 0.029030776940210154 10.564861045036496 16.0 11.298821591838706 16.0 1.5668168392342827 476.439869068397 
356.57 62.5 20260414.0 -1.0 22.74195160898362 113.26863135452192 1.4067431901849532 0.07603298722435994 3.3169218578422788 8.0 -1.0 -1.0 -1.0 -1.0 
356.57 62.5 20260414.0 -1.0 1.721620624335 52.248493251075764 3.948750064113599 0.01520659744487199 73.9640551549571 32.0 74.02542813553242 32.0 1.721612837476035 52.21813348328225 
356.57 62.5 20260414.0 -1.0 0.661590720545 1.9068793157326922 1.0473745339986351 0.008294507697202903 6.287448262410298 32.0 6.757086602575546 32.0 0.6615967625596871 2.529948327678404 
356.57 62.5 20260414.0 -1.0 282.779107035 51.10436566163615 9.541089281125663 0.017971433343939625 26.039347424391746 1.0 25.902320434940037 2.0 141.389318741858 51.104956219103755 
356.57 62.5 20260414.0 -1.0 0.008092602993038956 63.68976914547192 5.032342333122352 0.03041319488974398 3.6292861287526748 16.0 -1.0 -1.0 -1.0 -1.0 
356.57 62.5 20260414.0 -1.0 23.377739826307373 34.371499666081775 4.073436927058742 0.026265941041142528 35.76914090173531 16.0 35.76913902574641 16.0 23.377773080331586 34.40729725642629 
356.57 62.5 20260414.0 -1.0 0.018506825616450274 9.057676749730287 3.550218032003879 0.10091651031596865 2.231588442722435 8.0 -1.0 -1.0 -1.0 -1.0 
356.57 62.5 20260414.0 -1.0 10.0340320774 85.47586532771793 0.4745343190721831 0.012441761545804354 5.607893117695938 16.0 -1.0 -1.0 -1.0 -1.0 
356.57 62.5 20260414.0 -1.0 1.078749 77.37162823585399 0.6191261931146324 0.019353851293473442 3.6466858370739317 8.0 -1.0 -1.0 -1.0 -1.0 
356.57 62.5 20260414.0 -1.0 0.4500881198 2.812646990705721 0.6010047269665363 0.013824179495338172 0.8453732873620586 16.0 -1.0 -1.0 -1.0 -1.0 
356.57 62.5 20260414.0 -1.0 482.506719 145.87626765355094 0.06977251350936198 0.022118687192541075 0.3010494935092541 1.0 -1.0 -1.0 -1.0 -1.0 
356.57 62.5 20260414.0 -1.0 0.915751 68.09602242146853 0.027079663559419802 0.03456044873834543 0.7972984293059905 1.0 -1.0 -1.0 -1.0 -1.0 
356.57 62.5 20260414.0 -1.0 0.300752 136.19204484293707 0.17034254530816365 0.09400442056829957 1.7539855989996758 4.0 -1.0 -1.0 -1.0 -1.0 
356.57 62.5 20260414.0 -1.0 247.586036 272.38408968587413 0.037235491920474366 0.01520659744487199 1.5752659695851015 1.0 -1.0 -1.0 -1.0 -1.0 
356.57 62.5 20260414.0 -1.0 438.6537523189659 340.4801121073427 0.020385948985942075 0.017971433343939622 1.109395126225024 1.0 -1.0 -1.0 -1.0 -1.0 
356.57 62.5 20260414.0 -1.0 1.00399242379 408.57613452881117 0.21589044591006173 0.1382417949533817 0.6342196772015072 8.0 -1.0 -1.0 -1.0 -1.0 
357.98 62.1 20260414.0 -1.0 12.745507793210034 50.546200849379254 0.3366299210800546 0.01520659744487199 3.054487926578016 16.0 -1.0 -1.0 -1.0 -1.0 
357.98 62.1 20260414.0 -1.0 0.52545515433 78.9357862049262 0.03929700353651379 0.016589015394405805 1.8920773075012811 2.0 -1.0 -1.0 -1.0 -1.0 
357.98 62.1 20260414.0 -1.0 3.89341696386 32.12026804650023 0.013192042178755196 0.049767046183217416 1.6455855794506653 16.0 -1.0 -1.0 -1.0 -1.0 
357.98 62.1 20260414.0 -1.0 3.266185930826 126.29725792788192 0.5422173590099174 0.019353851293473442 4.609706657123404 16.0 -1.0 -1.0 -1.0 -1.0 
357.98 62.1 20260414.0 -1.0 106.97507197376 51.13765054428649 0.029953504740184676 0.022118687192541075 0.6232686250079537 1.0 -1.0 -1.0 -1.0 -1.0 
357.98 62.1 20260414.0 -1.0 2.43214991446 59.1449694907228 0.04651218659150892 0.03317803078881161 1.2860294640886563 2.0 -1.0 -1.0 -1.0 -1.0 
357.98 62.1 20260414.0 -1.0 0.1955133740591237 89.3998961917464 0.20726771192977 0.03456044873834543 1.1952982366238483 1.0 -1.0 -1.0 -1.0 -1.0 
357.98 62.1 20260414.0 -1.0 3.1378967940100027 155.7332542821109 0.04337742088609802 0.008294507697202903 1.4038221843696537 2.0 -1.0 -1.0 -1.0 -1.0 
357.98 62.1 20260414.0 -1.0 0.971157 47.4069678533332 0.054259207637194926 0.004147253848601451 1.8395389239771016 16.0 -1.0 -1.0 -1.0 -1.0 
357.98 62.1 20260414.0 -1.0 337.837838 118.19894672069064 0.05797974856117098 0.01520659744487199 -0.545609176474265 1.0 -1.0 -1.0 -1.0 -1.0 
357.98 62.1 20260414.0 -1.0 1.95270271662 0.0 0.3783186800653004 0.017971433343939622 1.2675243252534847 1.0 -1.0 -1.0 -1.0 -1.0 
357.98 62.1 20260414.0 -1.0 2.42139427868 64.98797252063046 0.09053065854667372 0.015206597444871992 1.0449235381938642 1.0 -1.0 -1.0 -1.0 -1.0 
357.98 62.1 20260414.0 -1.0 0.0013296566066922449 194.96391756189138 0.1776744429467855 0.012441761545804356 0.2547505801653607 32.0 -1.0 -1.0 -1.0 -1.0 
357.98 62.1 20260414.0 -1.0 0.42270536055 259.95189008252186 0.3234081611808159 0.08432749492156286 2.384690691895473 8.0 -1.0 -1.0 -1.0 -1.0 
357.98 62.1 20260414.0 -1.0 3.57477758544 389.92783512378276 0.4891802863108921 0.016589015394405805 2.8836112595902867 16.0 -1.0 -1.0 -1.0 -1.0 
357.98 62.1 20260414.0 -1.0 4.61936868862 129.97594504126093 1.8946445842009891 0.16589015394405807 2.900824209532583 2.0 -1.0 -1.0 -1.0 -1.0 
357.98 62.1 20260414.0 -1.0 0.13351350897202321 324.93986260315233 8.425439399560153 0.022118687192541075 82.77075655114592 32.0 42.49325941668094 32.0 0.10013536666519941 326.6669280698355 
357.98 62.1 20260414.0 -1.0 186.219739 454.9158076444133 2.3585075113822365 0.11750552571037445 1.9822582090575822 2.0 -1.0 -1.0 -1.0 -1.0 
357.98 62.1 20260414.0 -1.0 270.7466085353006 71.51991695339711 5.898982091432938 0.022118687192541075 14.746410511251534 1.0 -1.0 -1.0 -1.0 -1.0 
357.98 62.1 20260414.0 -1.0 0.67719 23.385011014024247 3.6623207333636896 0.04423737438508215 14.497914382712018 32.0 14.753161400112575 32.0 0.6771794384500633 23.680316347069862 
358.67 62.1 20260414.0 -1.0 0.331159372546 35.56900446977335 0.023929735251520638 0.019353851293473442 1.6716906076146136 1.0 -1.0 -1.0 -1.0 -1.0 
358.67 62.1 20260414.0 -1.0 2.688716547019 29.744839995190578 0.4824678145425939 0.026265941041142528 3.748342787590228 16.0 -1.0 -1.0 -1.0 -1.0 
358.67 62.1 20260414.0 -1.0 64.84399265188851 216.53411493002372 0.43257718124218897 0.022118687192541075 1.2779842207099847 1.0 -1.0 -1.0 -1.0 -1.0 
358.67 62.1 20260414.0 -1.0 2.9169367397 1.2480352445534508 0.030835351604150966 0.019353851293473442 1.7019568816329296 1.0 -1.0 -1.0 -1.0 -1.0 
358.67 62.1 20260414.0 -1.0 0.060290946359358735 56.78560362718201 0.01424345544956313 0.029030776940210157 1.977625351570495 2.0 -1.0 -1.0 -1.0 -1.0 
358.67 62.1 20260414.0 -1.0 0.4471159554606115 76.04694756812361 0.09028083341550168 0.08709233082063048 0.4641643107340224 2.0 -1.0 -1.0 -1.0 -1.0 
358.67 62.1 20260414.0 -1.0 0.01719488041013931 178.27292014699935 0.318310001784347 0.01520659744487199 1.8770952750785999 2.0 -1.0 -1.0 -1.0 -1.0 
358.67 62.1 20260414.0 -1.0 0.03932265718704996 237.69722686266581 0.2356878711863255 0.03456044873834543 0.43346334511148493 16.0 -1.0 -1.0 -1.0 -1.0 
358.67 62.1 20260414.0 -1.0 1.24979366967 297.1215335783323 0.0362707015320427 0.019353851293473442 1.2273906839588156 1.0 -1.0 -1.0 -1.0 -1.0 
358.67 62.1 20260414.0 -1.0 1.82747830437 415.9701470096652 0.12201371230349732 0.012441761545804354 1.2222770895489976 4.0 -1.0 -1.0 -1.0 -1.0 
358.67 62.1 20260414.0 -1.0 3.9303639987862793 0.0 6.351558289205688 0.02350110514207489 57.681307542794094 32.0 -1.0 -1.0 -1.0 -1.0 
358.67 62.1 20260414.0 -1.0 0.0011013155333338069 59.424306715666454 1.5032032351528772 0.017971433343939622 2.8048081109275502 1.0 -1.0 -1.0 -1.0 -1.0 
358.67 62.1 20260414.0 -1.0 8.865210978990893 118.84861343133291 8.667498783590988 0.013824179495338172 128.24793123523062 32.0 128.2479364431927 32.0 8.86520865606144 118.80637346777785 
358.67 62.1 20260414.0 -1.0 267.04459254652 356.5458402939987 9.21714584841899 0.02073626924300726 24.248699495599727 1.0 24.035871829921184 2.0 133.52206830556196 356.52031833644065 
358.67 62.1 20260414.0 -1.0 0.011163339112402308 216.70051962929753 7.685790970869665 0.04561979233461597 1.7257182984990287 4.0 -1.0 -1.0 -1.0 -1.0 
358.67 62.1 20260414.0 -1.0 233.64486 58.740858843649086 1.3864818585597134 0.035942866687879244 3.0454113007302683 1.0 -1.0 -1.0 -1.0 -1.0 
358.67 62.1 20260414.0 -1.0 0.664187 75.29812642139153 1.0954787571223317 0.013824179495338174 21.41271859112986 32.0 -1.0 -1.0 -1.0 -1.0 
358.67 62.1 20260414.0 -1.0 0.02134035701318364 75.0069181976624 2.2690056826282254 0.059443971829954124 1.7576046826696414 16.0 -1.0 -1.0 -1.0 -1.0 
358.67 62.1 20260414.0 -1.0 264.19215 83.8679684339919 4.014767187614129 0.017971433343939622 14.793233398110704 1.0 -1.0 -1.0 -1.0 -1.0 
358.67 62.1 20260414.0 -1.0 2.466371 139.19753094252823 2.454929382500733 0.02073626924300726 27.896574749230126 32.0 -1.0 -1.0 -1.0 -1.0 
359.35 62.1 20260414.0 -1.0 1.82874144354 0.0 1.9693795910029344 0.07188573337575849 2.432892574049736 2.0 -1.0 -1.0 -1.0 -1.0 
359.35 62.1 20260414.0 -1.0 0.54991550213 173.0275067564646 9.801648631536343 0.026265941041142528 82.11948684751918 32.0 54.92781375136534 32.0 0.3666173142846674 173.0484656132028 
37.23 62.92 20260414.0 -1.0 4.2711051512 265.11347089763564 5.601119358563683 0.026265941041142528 60.38498806938839 32.0 60.523121294794095 32.0 4.271108385485908 265.13858474069673 
37.23 62.92 20260414.0 -1.0 2.70735 97.16054746518509 5.095311235830817 0.016589015394405805 74.35693141541552 32.0 74.41811498835627 32.0 2.707353511747594 97.1500157828507 
37.23 62.92 20260414.0 -1.0 0.57061078387 110.01320823302477 7.138144882132064 0.017971433343939622 100.27494613147634 32.0 72.5190531728198 16.0 1.1412339517846704 110.10335122056414 
37.94 62.93 20260414.0 -1.0 96.362234567 66.89883307468747 2.776159053873846 0.03732528463741307 8.269884055263397 2.0 8.269884069343984 2.0 96.36229757840435 66.89183378381699 
37.94 62.93 20260414.0 -1.0 0.63683091551 114.97714235308574 4.346741528465428 0.06082638977948797 15.24443070899277 16.0 15.34345135673753 16.0 0.6368281901814044 114.85965407659953 
37.94 62.93 20260414.0 -1.0 0.145349 0.46833866538935126 5.384843889559969 0.013824179495338172 24.12243801844213 32.0 -1.0 -1.0 -1.0 -1.0 
38.64 62.93 20260414.0 -1.0 23.270554003715503 98.00135609640733 1.1827890376323114 0.016589015394405805 11.851267520949262 16.0 11.851267427015285 16.0 23.270573971482616 97.9595992477078 
38.64 62.93 20260414.0 -1.0 276.59755044807 75.78204236494982 7.143077934856375 0.01520659744487199 26.117617216488163 1.0 25.900335537859725 2.0 138.29897701119384 75.79725189724498 
38.64 62.93 20260414.0 -1.0 0.009161673065653934 129.2502207272444 5.894908218805172 0.01520659744487199 6.102864450829312 32.0 -1.0 -1.0 -1.0 -1.0 
38.64 62.93 20260414.0 -1.0 9.694559498 135.0583088151026 1.6252534331593835 0.012441761545804356 27.869945604314545 32.0 27.869946087059965 32.0 9.694546558118116 135.09924069802676 
38.64 62.93 20260414.0 -1.0 1.3670437715 270.1166176302052 1.0782097887114421 0.0483846282336836 4.284952915426203 8.0 -1.0 -1.0 -1.0 -1.0 
38.64 62.93 20260414.0 -1.0 1.25242411862 337.6457720377565 4.3049032592811995 0.026265941041142528 45.32468874791291 32.0 45.48764186091299 32.0 1.2524348373214405 337.4951069122991 
38.64 62.93 20260414.0 -1.0 1.268762 405.17492644530785 1.854499936023163 0.022118687192541075 20.88610807901467 32.0 21.081523330823273 32.0 1.2687754254632941 405.09532622786605 
38.64 62.93 20260414.0 -1.0 209.16616986511 56.635612447417266 2.432980420037404 0.03456044873834543 8.179838770778305 1.0 -1.0 -1.0 -1.0 -1.0 
38.64 62.93 20260414.0 -1.0 3.3124878843 76.44389426333365 0.7755127795831871 0.013824179495338172 13.319456528146372 32.0 13.525080421955161 32.0 3.3124706533271824 76.50563742899493 
38.64 62.93 20260414.0 -1.0 0.849048 84.43339217953859 0.031092043377110277 0.02073626924300726 2.2642627647178215 2.0 -1.0 -1.0 -1.0 -1.0 
38.64 62.93 20260414.0 -1.0 2.0560099405330052 28.22325595251094 0.01455178574214077 0.02073626924300726 1.2741187083886674 1.0 -1.0 -1.0 -1.0 -1.0 
38.64 62.93 20260414.0 -1.0 218.73385758998 2.221931373145752 0.04260523315412531 0.027648358990676344 1.9322000397370624 1.0 -1.0 -1.0 -1.0 -1.0 
38.64 62.93 20260414.0 -1.0 78.64901308403884 134.97051213470473 0.04459281886826487 0.017971433343939622 2.5818446772840518 2.0 -1.0 -1.0 -1.0 -1.0 
38.64 62.93 20260414.0 -1.0 3.620958 206.4505171601596 0.5746136488224568 0.027648358990676344 5.912801704098484 16.0 6.248929912394124 32.0 1.8104704698392502 206.7473773378792 
38.64 62.93 20260414.0 -1.0 21.324877969630563 0.0 0.15063219053801963 0.017971433343939622 2.3599242360511328 2.0 -1.0 -1.0 -1.0 -1.0 
38.64 62.93 20260414.0 -1.0 322.461932664884 67.5291544075513 0.9179019228414413 0.016589015394405805 3.19792809952109 1.0 -1.0 -1.0 -1.0 -1.0 
38.64 62.93 20260414.0 -1.0 1.952192814966 202.58746322265392 0.681998435419825 0.022118687192541075 6.5289038088856195 32.0 7.272185630281923 32.0 1.9522000608655314 202.3958662142723 
38.64 62.93 20260414.0 -1.0 0.001341933801856741 472.70408085285914 0.14959514248507325 0.03456044873834543 1.5726605119453851 32.0 -1.0 -1.0 -1.0 -1.0 
38.64 62.93 20260414.0 -1.0 0.0016654577255911056 6.807619526233794 1.388398869655766 0.031795612839277794 0.47526263295016646 8.0 -1.0 -1.0 -1.0 -1.0 
38.64 62.93 20260414.0 -1.0 0.212104 187.72956346301666 8.128136701511847 0.02350110514207489 86.87863759424013 32.0 47.83250969598335 32.0 0.15907062334008515 186.91258244888047 
39.34 62.93 20260414.0 -1.0 297.619048 160.3507193775655 0.7030475489202758 0.05529671798135269 0.5549386427380459 1.0 -1.0 -1.0 -1.0 -1.0 
39.34 62.93 20260414.0 -1.0 0.373736453414 146.6540954307318 0.9869597232407606 0.01520659744487199 9.175849452037323 32.0 9.343970883189204 32.0 0.37374168944855535 147.2429926708831 
39.34 62.93 20260414.0 -1.0 2.612776 12.789878807496297 0.013403330336259596 0.02073626924300726 0.36302221003015017 32.0 -1.0 -1.0 -1.0 -1.0 
39.34 62.93 20260414.0 -1.0 0.15515816927 82.13202025261614 0.06934004168588265 0.012441761545804352 1.608317154057198 1.0 -1.0 -1.0 -1.0 -1.0 
39.34 62.93 20260414.0 -1.0 0.1397922816187968 7.444854828244113 0.4014767187614129 0.01520659744487199 2.3052823600611863 2.0 -1.0 -1.0 -1.0 -1.0 
39.34 62.93 20260414.0 -1.0 1.7528157081 186.59860498996463 0.24447745947558114 0.011059343596270537 2.715880359696193 32.0 -1.0 -1.0 -1.0 -1.0 
39.34 62.93 20260414.0 -1.0 1.88814 26.7728433246471 0.4042599017082545 0.02350110514207489 3.461177280751453 16.0 -1.0 -1.0 -1.0 -1.0 
39.34 62.93 20260414.0 -1.0 0.965 35.17216672061482 0.3079277615089487 0.03732528463741307 1.2430503293635269 1.0 -1.0 -1.0 -1.0 -1.0 
39.34 62.93 20260414.0 -1.0 0.7480826455225078 25.579757614992594 0.03865082032975788 0.022118687192541075 0.7034462731673914 1.0 -1.0 -1.0 -1.0 -1.0 
39.34 62.93 20260414.0 -1.0 0.415809 68.16950863334513 0.06391172773542331 0.02073626924300726 1.448657230528251 1.0 -1.0 -1.0 -1.0 -1.0 
39.34 62.93 20260414.0 -1.0 0.6377575349233 136.33901726669026 0.021248718019961817 0.02350110514207489 0.877152611068156 2.0 -1.0 -1.0 -1.0 -1.0 
39.34 62.93 20260414.0 -1.0 0.7081702 204.5085259000354 0.681998435419825 0.01520659744487199 6.865128763360535 16.0 6.973833098616046 16.0 0.7081932077805202 204.21742901020076 
39.34 62.93 20260414.0 -1.0 0.817 272.6780345333805 0.08898051796489409 0.012441761545804354 1.1936969794265844 32.0 -1.0 -1.0 -1.0 -1.0 
39.34 62.93 20260414.0 -1.0 0.13915134067204027 340.84754316672564 0.13817009029464072 0.052531882082285056 2.584659525553705 2.0 -1.0 -1.0 -1.0 -1.0 
39.34 62.93 20260414.0 -1.0 1.5356610027 477.18656043341593 0.5144831280817309 0.02488352309160871 2.9239693065887913 32.0 -1.0 -1.0 -1.0 -1.0 
39.34 62.93 20260414.0 -1.0 0.3456650433898706 0.0 3.484610295359499 0.017971433343939622 23.883897666479154 32.0 -1.0 -1.0 -1.0 -1.0 
39.34 62.93 20260414.0 -1.0 0.9430725552993 409.0170518000708 4.251702380677985 0.008294507697202903 96.5847199023555 32.0 68.85940178763998 32.0 0.2357713431896021 408.83964975283004 
39.34 62.93 20260414.0 -1.0 0.0029310066698163668 94.63555848979536 5.011526105732301 0.05114946413275124 1.59088868814872 16.0 -1.0 -1.0 -1.0 -1.0 
39.34 62.93 20260414.0 -1.0 1.841566778822 62.75630832782698 2.639624521570016 0.06773847952715704 8.401236951353047 8.0 8.417953940338624 8.0 1.8415448721498253 62.43912472710301 
39.34 62.93 20260414.0 -1.0 1.8198438376 60.79964776399359 9.147367545968082 0.07326815132529231 44.02153702896667 8.0 45.10304482267005 16.0 1.8198382652675114 61.022353663603106 
40.04 62.93 20260414.0 -1.0 0.829660251014 29.77454184438969 0.7643430638053694 0.03041319488974398 2.4489782452370843 2.0 -1.0 -1.0 -1.0 -1.0 
40.04 62.93 20260414.0 -1.0 1.0090512530345 90.8171705124184 0.04748622618155895 0.026265941041142528 1.337651235371137 32.0 -1.0 -1.0 -1.0 -1.0 
40.04 62.93 20260414.0 -1.0 2.359930209210988 186.7894801467619 0.25289502973203115 0.02073626924300726 1.3213905477826473 16.0 -1.0 -1.0 -1.0 -1.0 
40.04 62.93 20260414.0 -1.0 5.37204477631 53.62308264208047 0.8990738776476154 0.019353851293473442 11.118032096111305 32.0 11.418569735572984 32.0 5.372051721982038 53.53370661367502 
40.04 62.93 20260414.0 -1.0 170.93736991146392 66.8722719741309 0.19775597446165702 0.10091651031596864 2.064438047072124 2.0 -1.0 -1.0 -1.0 -1.0 
40.04 62.93 20260414.0 -1.0 4.64018878013 38.78399059018398 0.8361654702174115 0.027648358990676344 6.223050478006821 16.0 6.482902047621124 16.0 4.640181335465362 38.86000631314029 
40.04 62.93 20260414.0 -1.0 1.7465751271 15.224523014283402 0.8842898893257327 0.09815167441690101 2.079316504935428 4.0 -1.0 -1.0 -1.0 -1.0 
40.04 62.93 20260414.0 -1.0 0.817936 103.34367678999335 0.6102089143930496 0.009676925646736721 5.554597022240752 16.0 -1.0 -1.0 -1.0 -1.0 
40.04 62.93 20260414.0 -1.0 0.840336 175.80469771873462 0.07857592982991538 0.027648358990676344 0.7551614629650418 2.0 -1.0 -1.0 -1.0 -1.0 
40.04 62.93 20260414.0 -1.0 6.426628464846907 0.0 0.019143802396763943 0.03456044873834543 2.944099095824727 16.0 -1.0 -1.0 -1.0 -1.0 
40.04 62.93 20260414.0 -1.0 5.24357335318 68.82007487333622 0.44531247996634926 0.019353851293473442 4.377652521632697 8.0 -1.0 -1.0 -1.0 -1.0 
40.04 62.93 20260414.0 -1.0 397.98739631853 206.46022462000866 0.15798645782258977 0.013824179495338172 1.585674812342726 1.0 -1.0 -1.0 -1.0 -1.0 
40.04 62.93 20260414.0 -1.0 0.955283306 275.2802994933449 0.02068385874245953 0.07465056927482613 3.0727217856234943 8.0 -1.0 -1.0 -1.0 -1.0 
40.04 62.93 20260414.0 -1.0 3.1411201226 344.10037436668114 0.03324697793795463 0.031795612839277794 1.8210870538392676 1.0 -1.0 -1.0 -1.0 -1.0 
40.04 62.93 20260414.0 -1.0 0.73084300251 412.9204492400173 0.38331724300061704 0.023501105142074888 2.8050267887724547 16.0 -1.0 -1.0 -1.0 -1.0 
40.04 62.93 20260414.0 -1.0 1.617631522306 481.7405241133536 0.15668214264876304 0.21427478217774165 1.2762090030227384 1.0 -1.0 -1.0 -1.0 -1.0 
40.04 62.93 20260414.0 -1.0 246.97162474233065 137.64014974667245 7.13321523620373 0.01520659744487199 25.47541642634328 1.0 25.475416162672374 1.0 246.97122474511465 137.62918902570516 
40.04 62.93 20260414.0 -1.0 264.242346143483 42.01197490017445 8.173183303247916 0.02073626924300726 23.761150043974524 1.0 23.532398905908728 2.0 132.12120393291116 41.997142239461496 
40.04 62.93 20260414.0 -1.0 2.672874306425 81.22957532304373 1.2665147763003324 0.038707702586946884 8.551863947335024 16.0 8.661374836285265 16.0 2.6728836625504 81.1607423519232 
40.04 62.93 20260414.0 -1.0 12.608085313 210.4453054632592 1.1269514080539556 0.013824179495338174 13.135668660323622 16.0 13.301936394660327 16.0 12.608082518757632 210.4917008628432 
40.75 62.93 20260414.0 -1.0 0.909755891651 31.840428550865226 8.800238643601585 0.03041319488974398 73.88522613471439 32.0 74.15602560088415 32.0 0.9097675501834602 31.776150995640755 
40.75 62.93 20260414.0 -1.0 0.37547396768542574 31.066193206163337 0.014371951785347769 0.056679135930886505 1.3280641537078617 16.0 -1.0 -1.0 -1.0 -1.0 
40.75 62.93 20260414.0 -1.0 0.001484699818577027 94.40832234458672 0.03998160148354216 0.01520659744487199 0.8972339175582605 1.0 -1.0 -1.0 -1.0 -1.0 
40.75 62.93 20260414.0 -1.0 0.07113786719497286 108.247779131133 0.7928479707773797 0.005529671798135269 14.123971327215173 32.0 14.85869184905456 32.0 0.0711528021687021 109.39496568881418 
40.75 62.93 20260414.0 -1.0 0.20563971182 50.95436362319314 0.1161733493855982 0.022118687192541075 1.6700691095304128 8.0 -1.0 -1.0 -1.0 -1.0 
40.75 62.93 20260414.0 -1.0 0.6038612447 23.75934714053925 0.03924274478316304 0.031795612839277794 1.2184303138686614 2.0 -1.0 -1.0 -1.0 -1.0 
40.75 62.93 20260414.0 -1.0 0.323807374468 80.08496846760175 0.010034601957653145 0.03041319488974398 1.297767750269072 32.0 -1.0 -1.0 -1.0 -1.0 
40.75 62.93 20260414.0 -1.0 0.04791397311757815 10.355397735387779 0.022815806428036885 0.027648358990676344 0.6501964929300641 4.0 -1.0 -1.0 -1.0 -1.0 
40.75 62.93 20260414.0 -1.0 0.781281237119 51.24470187745635 0.04568419499727607 0.022118687192541075 1.863625343312666 1.0 -1.0 -1.0 -1.0 -1.0 
40.75 62.93 20260414.0 -1.0 1.582779 73.26201949241634 0.027627662016257434 0.16589015394405807 1.7237898833217613 2.0 -1.0 -1.0 -1.0 -1.0 
40.75 62.93 20260414.0 -1.0 0.12348000507386264 173.3803275041795 0.05726322292078694 0.027648358990676344 1.0633841972244475 4.0 -1.0 -1.0 -1.0 -1.0 
40.75 62.93 20260414.0 -1.0 116.654262 0.0 0.9534500147295625 0.009676925646736721 6.48366057860276 4.0 -1.0 -1.0 -1.0 -1.0 
40.75 62.93 20260414.0 -1.0 2.690125 69.12124296137678 0.5212807736392572 0.031795612839277794 3.8979209125930425 16.0 -1.0 -1.0 -1.0 -1.0 
40.75 62.93 20260414.0 -1.0 1.740043054805 276.4849718455071 0.6089455454099885 0.017971433343939622 5.719361917916531 16.0 -1.0 -1.0 -1.0 -1.0 
40.75 62.93 20260414.0 -1.0 1.09547088700836 345.6062148068839 0.010466512108254266 0.038707702586946884 1.3471354275084655 1.0 -1.0 -1.0 -1.0 -1.0 
40.75 62.93 20260414.0 -1.0 167.11067817348692 414.7274577682607 0.012033945513880446 0.024883523091608708 1.923105894634768 1.0 -1.0 -1.0 -1.0 -1.0 
40.75 62.93 20260414.0 -1.0 1.808645 483.8487007296374 0.012850229707873086 0.011059343596270537 1.99625454694185 2.0 -1.0 -1.0 -1.0 -1.0 
40.75 62.93 20260414.0 -1.0 2.293362580627 138.24248592275356 3.954209780475346 0.022118687192541075 56.470545300847405 32.0 56.5437098453177 32.0 2.293381839990616 138.13517869124087 
40.75 62.93 20260414.0 -1.0 1.03616638673 207.36372888413035 2.541209697936575 0.03317803078881161 21.015688229399867 16.0 21.01568970959342 16.0 1.0361569972398381 207.35456493652197 
40.75 62.93 20260414.0 -1.0 215.9269311725 57.245025798895995 3.4225786377409415 0.04423737438508215 10.134122084382291 2.0 10.134121938349866 2.0 215.92665386075777 57.27803013863906 
41.45 62.93 20260414.0 -1.0 1.2060310902 31.86810261985984 0.023732174541416837 0.006912089747669086 1.9573669201868276 16.0 -1.0 -1.0 -1.0 -1.0 
41.45 62.93 20260414.0 -1.0 239.15335101859202 35.645780438019514 0.06693951605393664 0.008294507697202903 1.5749512353578925 1.0 -1.0 -1.0 -1.0 -1.0 
41.45 62.93 20260414.0 -1.0 7.30131601293 64.07522760801606 0.05369984069111883 0.019353851293473442 1.1227946609438524 1.0 -1.0 -1.0 -1.0 -1.0 
41.45 62.93 20260414.0 -1.0 1.857117736985 20.631932699179774 0.9781355419536545 0.052531882082285056 3.117007670615328 16.0 -1.0 -1.0 -1.0 -1.0 
41.45 62.93 20260414.0 -1.0 0.7655802173375 147.13570784062946 0.5105882391532524 0.019353851293473442 4.450350287127527 32.0 -1.0 -1.0 -1.0 -1.0 
41.45 62.93 20260414.0 -1.0 1.61625282066 174.54808790573688 0.11705954741682713 0.02073626924300726 2.276512003952643 16.0 -1.0 -1.0 -1.0 -1.0 
41.45 62.93 20260414.0 -1.0 5.14255433375 0.0 0.5927578139668314 0.02073626924300726 3.6160199678832554 16.0 -1.0 -1.0 -1.0 -1.0 
41.45 62.93 20260414.0 -1.0 1.667553 69.18131960399013 0.0626440298697035 0.0483846282336836 1.2564487047465522 8.0 -1.0 -1.0 -1.0 -1.0 
41.45 62.93 20260414.0 -1.0 0.487206 138.36263920798027 0.018430051663977775 0.031795612839277794 0.6666799332848297 32.0 -1.0 -1.0 -1.0 -1.0 
41.45 62.93 20260414.0 -1.0 5.497003967491493 276.72527841596053 0.015963213127890254 0.012441761545804354 0.9092984737012715 1.0 -1.0 -1.0 -1.0 -1.0 
41.45 62.93 20260414.0 -1.0 1.492346010566 345.90659801995065 0.010188278547910372 0.07188573337575849 1.5692824834030066 16.0 -1.0 -1.0 -1.0 -1.0 
41.45 62.93 20260414.0 -1.0 9.043798163 415.0879176239408 0.027992694499771285 0.026265941041142528 2.3249692493033915 16.0 -1.0 -1.0 -1.0 -1.0 
41.45 62.93 20260414.0 -1.0 0.005680829628320052 484.2692372279309 0.17105009208783192 0.012441761545804356 1.1299641619084544 16.0 -1.0 -1.0 -1.0 -1.0 
41.45 62.93 20260414.0 -1.0 0.024270796763294238 207.5439588119704 1.445160196988812 0.01382417949533817 4.088913038502411 32.0 -1.0 -1.0 -1.0 -1.0 
41.45 62.93 20260414.0 -1.0 1.06477508236 39.132867654782295 8.31556933797168 0.013824179495338172 184.18085718122106 32.0 152.7832147840927 32.0 0.5323878819278132 39.163600112461694 
41.45 62.93 20260414.0 -1.0 0.92794739509 69.45115373385867 8.105706589434478 0.052531882082285056 35.462060419355886 16.0 36.21137351318479 32.0 0.9279574442189188 69.72537591081682 
41.45 62.93 20260414.0 -1.0 348.60365221773014 63.59090993902123 3.44630520033758 0.019353851293473442 12.267105032927757 1.0 -1.0 -1.0 -1.0 -1.0 
41.45 62.93 20260414.0 -1.0 0.0014915384512684004 67.02956538888452 5.70263542440357 0.019353851293473442 -0.18646578109904435 32.0 -1.0 -1.0 -1.0 -1.0 
41.45 62.93 20260414.0 -1.0 2.518892 54.5341695288179 3.801526268472719 0.012441761545804356 72.86001017689745 32.0 72.86001247553487 32.0 2.5189062095402432 54.54568594474638 
41.45 62.93 20260414.0 -1.0 2.054398913559 50.901787011356674 3.6170610215869723 0.03732528463741307 27.260148830046585 32.0 27.260148335848303 32.0 2.0543969488547495 50.90256035288949 
61.45 55.09 20260414.0 -1.0 0.13229200951766995 79.69089467956417 1.3029012212177589 0.026265941041142528 4.400892503953572 32.0 -1.0 -1.0 -1.0 -1.0 
61.45 55.09 20260414.0 -1.0 160.19831544487 0.0 5.706576420513992 0.01520659744487199 34.292392016546174 2.0 -1.0 -1.0 -1.0 -1.0 
62.01 55.09 20260414.0 -1.0 0.852686908781 188.24320412883702 8.697490026177833 0.038707702586946884 63.996650802425066 16.0 55.14839174316062 32.0 0.2131855580955744 188.6329473117018 
62.01 55.09 20260414.0 -1.0 0.532833784794 41.20428303863532 3.8146802935686224 0.017971433343939622 59.087656739992426 32.0 59.08983249452991 32.0 0.5328426292786996 41.59235050703296 
62.01 55.09 20260414.0 -1.0 14.082524 46.168125238385635 2.8697613656589205 0.035942866687879244 14.101728670565977 16.0 14.263996527150747 16.0 14.082494696291786 46.14625749685408 
62.57 55.09 20260414.0 -1.0 0.664187 201.78432854359724 0.35649644673769115 0.08985716671969811 1.252341523807394 1.0 -1.0 -1.0 -1.0 -1.0 
62.57 55.09 20260414.0 -1.0 304.030841 39.81593650453753 0.030707801519487737 0.03456044873834543 1.086402055443399 1.0 -1.0 -1.0 -1.0 -1.0 
62.57 55.09 20260414.0 -1.0 0.11902282447787144 29.52941393320935 0.15052816303829472 0.013824179495338172 0.7326045494523316 32.0 -1.0 -1.0 -1.0 -1.0 
62.57 55.09 20260414.0 -1.0 373.423698381884 43.1856594158347 0.017223587367143956 0.026265941041142528 -0.23935268482654098 1.0 -1.0 -1.0 -1.0 -1.0 
62.57 55.09 20260414.0 -1.0 1.48250955451 57.81735100436185 0.8685481096141666 0.06912089747669085 2.3755655524980597 2.0 -1.0 -1.0 -1.0 -1.0 
62.57 55.09 20260414.0 -1.0 3.266185930826 188.3054368984086 0.01002074683019826 0.026265941041142524 0.05657645834849731 4.0 -1.0 -1.0 -1.0 -1.0 
62.57 55.09 20260414.0 -1.0 2.7401 165.6041457065119 0.019025143132328174 0.019353851293473442 1.684346785911227 32.0 -1.0 -1.0 -1.0 -1.0 
62.57 55.09 20260414.0 -1.0 0.0032428314011490864 212.9132818427497 0.011868817192515866 0.049767046183217416 0.42536312713928365 32.0 -1.0 -1.0 -1.0 -1.0 
62.57 55.09 20260414.0 -1.0 0.623447627134 152.47996173619663 0.02836255000138714 0.019353851293473442 1.3815089798128581 2.0 -1.0 -1.0 -1.0 -1.0 
62.57 55.09 20260414.0 -1.0 190.93359639710968 44.24978244045486 0.08673488747257094 0.03041319488974398 1.8081922700314268 1.0 -1.0 -1.0 -1.0 -1.0 
62.57 55.09 20260414.0 -1.0 0.217373867646 63.334322161767545 0.07994481079808956 0.012441761545804354 2.5213598937370505 2.0 -1.0 -1.0 -1.0 -1.0 
62.57 55.09 20260414.0 -1.0 3.06858581302 126.66864432353509 0.08830689192089927 0.04976704618321742 1.3521659482922734 2.0 -1.0 -1.0 -1.0 -1.0 
62.57 55.09 20260414.0 -1.0 0.001885472350448696 190.00296648530264 0.5675124553382952 0.027648358990676344 6.347957331945703 1.0 -1.0 -1.0 -1.0 -1.0 
62.57 55.09 20260414.0 -1.0 6.964967814769 253.33728864707018 0.032949724307776485 0.04147253848601452 0.44333735282292003 16.0 -1.0 -1.0 -1.0 -1.0 
62.57 55.09 20260414.0 -1.0 18.923253108251025 316.6716108088377 0.010181242461267446 0.038707702586946884 0.4600190290175025 4.0 -1.0 -1.0 -1.0 -1.0 
62.57 55.09 20260414.0 -1.0 4.48486592863 380.0059329706053 0.16353900915571165 0.035942866687879244 2.7817177420983037 16.0 -1.0 -1.0 -1.0 -1.0 
62.57 55.09 20260414.0 -1.0 13.28856 0.0 4.416360393858106 0.06635606157762322 13.837428109596154 8.0 -1.0 -1.0 -1.0 -1.0 
62.57 55.09 20260414.0 -1.0 25.864857141861386 443.3402551323728 5.358866120566025 0.01520659744487199 38.40875742943402 16.0 38.51258957225098 16.0 25.864877291799836 443.34814494236343 
62.57 55.09 20260414.0 -1.0 448.84959777324684 36.93393664619128 1.2345513278322087 0.030413194889743977 2.519512674908362 1.0 -1.0 -1.0 -1.0 -1.0 
62.57 55.09 20260414.0 -1.0 5.1298291239 60.56633548463059 3.637106982091575 0.024883523091608708 37.352781538118016 32.0 -1.0 -1.0 -1.0 -1.0 
9.31 54.25 20260414.0 -1.0 0.17916629069406123 133.9676153590952 1.1045981726559997 0.08294507697202903 2.162133968559234 4.0 -1.0 -1.0 -1.0 -1.0 
9.31 54.25 20260414.0 -1.0 14.8661645038 312.5911025045554 4.46236362207052 0.022118687192541075 32.115147019794364 8.0 32.11514642395231 8.0 14.866236597299578 312.4992174348364 
9.31 54.25 20260414.0 -1.0 1.04053657139 36.63934114764866 1.37788801110556 0.05391430003181887 2.244181418652481 16.0 -1.0 -1.0 -1.0 -1.0 
93.29 22.37 20260414.0 -1.0 0.03256980257465972 19.013908559522267 0.025500027809721517 0.011059343596270537 0.9247142284803792 4.0 -1.0 -1.0 -1.0 -1.0 
93.29 22.37 20260414.0 -1.0 1.36916434411 160.8118293125667 0.05842203191873788 0.019353851293473442 1.7996941058835876 16.0 -1.0 -1.0 -1.0 -1.0 
93.29 22.37 20260414.0 -1.0 0.154988861 71.00506477696597 0.011860620515744331 0.027648358990676344 -0.24581871152730858 1.0 -1.0 -1.0 -1.0 -1.0 
93.29 22.37 20260414.0 -1.0 19.010414954513823 98.38000009145674 0.2000921832876591 0.013824179495338172 2.791568687710174 4.0 -1.0 -1.0 -1.0 -1.0 
93.29 22.37 20260414.0 -1.0 411.88053142429 34.75980158537664 0.12517273770624457 0.03732528463741307 1.6628175682644493 1.0 -1.0 -1.0 -1.0 -1.0 
93.29 22.37 20260414.0 -1.0 0.0014443214647272805 89.42478869400317 0.507073024129293 0.02350110514207489 1.7027847682791948 2.0 -1.0 -1.0 -1.0 -1.0 
93.29 22.37 20260414.0 -1.0 1.273166302706 41.29583265271243 0.7389020282641436 0.031795612839277794 4.590943508439684 16.0 -1.0 -1.0 -1.0 -1.0 
93.29 22.37 20260414.0 -1.0 223.22328540381477 76.05563423808907 0.3413133813514027 0.016589015394405805 3.054376898956902 2.0 -1.0 -1.0 -1.0 -1.0 
93.29 22.37 20260414.0 -1.0 5.702856412410955 0.0 0.9815200824138256 0.052531882082285056 2.8589810217631677 16.0 -1.0 -1.0 -1.0 -1.0 
93.29 22.37 20260414.0 -1.0 82.34765957943779 60.62502285926758 0.03432049597686393 0.012441761545804354 1.0795374690485393 2.0 -1.0 -1.0 -1.0 -1.0 
93.29 22.37 20260414.0 -1.0 0.129305212778 242.50009143707032 0.06391172773542331 0.02073626924300726 1.7114561331201417 8.0 -1.0 -1.0 -1.0 -1.0 
93.29 22.37 20260414.0 -1.0 184.0415856584079 363.7501371556055 0.05325650195176843 0.022118687192541075 1.5830773686875839 1.0 -1.0 -1.0 -1.0 -1.0 
93.29 22.37 20260414.0 -1.0 0.7775961516 424.3751600148731 0.16185305906356484 0.02350110514207489 1.4554078437823947 32.0 -1.0 -1.0 -1.0 -1.0 
93.29 22.37 20260414.0 -1.0 2.1526984260316393 44.73361522709033 5.8664697780463735 0.02073626924300726 105.29645563602529 32.0 105.29645512848091 32.0 2.152713326116403 44.72948643335418 
93.29 22.37 20260414.0 -1.0 1.0235 4.116850737217991 1.9981590898062889 0.03317803078881161 12.498023702424948 16.0 12.643124126923771 16.0 1.0234847043951354 4.655104922928262 
93.29 22.37 20260414.0 -1.0 8.8799529 121.25004571853516 3.455841816429399 0.022118687192541075 39.2938131198895 16.0 39.29381231399445 16.0 8.879942470230162 121.23512386234911 
93.29 22.37 20260414.0 -1.0 244.490583045 181.87506857780275 1.168979191872157 0.009676925646736721 7.152664090696927 1.0 -1.0 -1.0 -1.0 -1.0 
93.29 22.37 20260414.0 -1.0 12.981962077048623 303.1251142963379 9.972404361662386 0.053914300031818865 39.902752100517056 16.0 40.00447339281391 16.0 12.981945474166425 303.0878096558728 
93.29 22.37 20260414.0 -1.0 1.270949152698 70.83529773625595 3.7107094110569867 0.022118687192541075 49.60968497163412 32.0 49.68614460233799 32.0 1.2709582127475492 70.83855317499531 
93.29 22.37 20260414.0 -1.0 1.268762 17.401121672777077 1.8252658677174425 0.21427478217774165 1.8061246462248388 2.0 -1.0 -1.0 -1.0 -1.0 
93.29 22.37 20260414.0 -1.0 3.31579929822123 127.87702341482274 3.3431234604531173 0.016589015394405805 59.600157897719036 32.0 59.98121643699454 32.0 3.315805467233683 127.81298951431297 
93.29 22.37 20260414.0 -1.0 1.823423 44.671069475249794 7.252471796775655 0.02073626924300726 69.86454127099942 32.0 70.18592341271781 32.0 1.8234156110944848 44.628288500247045 
93.29 22.37 20260414.0 -1.0 1.352247 111.67767368812449 5.314624034934808 0.013824179495338172 109.12659233836293 32.0 83.28535536369854 32.0 0.4507455741986633 111.82371608338546 
93.29 22.37 20260414.0 -1.0 1.352247 156.34874316337428 6.661658389094734 0.013824179495338172 150.46232058822358 32.0 108.29327127238435 32.0 2.7045037616820387 156.2496087174182 
93.29 22.37 20260414.0 -1.0 5.4192289772 268.02641685149877 1.0466512108254264 0.011059343596270537 18.374201056977853 16.0 18.374200375584554 16.0 5.419254497004053 268.0733248008037 
93.29 22.37 20260414.0 -1.0 0.9243476491536 312.69748632674856 1.5094470458596805 0.10644618211410392 4.000964386983626 4.0 -1.0 -1.0 -1.0 -1.0 
93.29 22.37 20260414.0 -1.0 1.38677 357.36855580199835 1.9981590898062889 0.13962421290291552 2.4602967734956205 4.0 -1.0 -1.0 -1.0 -1.0 
93.29 22.37 20260414.0 -1.0 428.6895106469847 75.67365839649152 1.2867997003409435 0.016589015394405805 4.343961056496635 1.0 -1.0 -1.0 -1.0 -1.0 
93.29 22.37 20260414.0 -1.0 0.3425364911 221.16401228497887 1.9639449623086547 0.012441761545804354 47.706756826788336 32.0 48.09064361931545 32.0 0.3425460211777439 220.6114941735568 
93.63 22.37 20260414.0 -1.0 1.1148 29.0615757449852 0.017427059838365518 0.08156265902249522 1.4421071209541594 1.0 -1.0 -1.0 -1.0 -1.0 
93.63 22.37 20260414.0 -1.0 1.5462713682502522 52.00492501734193 0.15700720842962645 0.009676925646736721 2.4377646651845133 16.0 -1.0 -1.0 -1.0 -1.0 
93.63 22.37 20260414.0 -1.0 0.829660251014 28.594211222770525 0.7841324719742546 0.02350110514207489 4.187140334594207 16.0 -1.0 -1.0 -1.0 -1.0 
93.63 22.37 20260414.0 -1.0 0.560061 111.40270702244327 0.10834365445564254 0.05114946413275124 1.1811627376708174 1.0 -1.0 -1.0 -1.0 -1.0 
93.63 22.37 20260414.0 -1.0 0.33916820176 151.29864214604137 0.1690529689206087 0.02350110514207489 2.014117833069396 4.0 -1.0 -1.0 -1.0 -1.0 
93.63 22.37 20260414.0 -1.0 201.403784 42.70012225688615 0.03984373436262629 0.026265941041142524 0.8734244686673802 1.0 -1.0 -1.0 -1.0 -1.0 
93.63 22.37 20260414.0 -1.0 3.225621798579152 96.44704231157368 0.44072168159653313 0.019353851293473442 4.5760101561856 16.0 -1.0 -1.0 -1.0 -1.0 
93.63 22.37 20260414.0 -1.0 2.513260850307 31.18595993687008 0.014784852007105203 0.01520659744487199 1.6401590685832041 8.0 -1.0 -1.0 -1.0 -1.0 
93.63 22.37 20260414.0 -1.0 0.054243629318944116 66.02586068378216 0.1637651254177121 0.024883523091608708 0.28753671411092196 32.0 -1.0 -1.0 -1.0 -1.0 
93.63 22.37 20260414.0 -1.0 0.98844095625 0.0 0.7030475489202758 0.01520659744487199 1.7803541750715934 32.0 -1.0 -1.0 -1.0 -1.0 
93.63 22.37 20260414.0 -1.0 0.4504 121.38124305518254 0.11161042720880969 0.017971433343939622 -0.13621384073665072 16.0 -1.0 -1.0 -1.0 -1.0 
93.63 22.37 20260414.0 -1.0 4.961548 182.0718645827738 0.8782018738445139 0.03041319488974398 3.5780907560815605 16.0 -1.0 -1.0 -1.0 -1.0 
93.63 22.37 20260414.0 -1.0 0.552365939363323 242.76248611036507 0.11497569953977362 0.04700221028414978 1.2387611594326597 1.0 -1.0 -1.0 -1.0 -1.0 
93.63 22.37 20260414.0 -1.0 1.1954213511528866 303.45310763795635 0.05032342333122349 0.053914300031818865 0.2184933244082777 1.0 -1.0 -1.0 -1.0 -1.0 
93.63 22.37 20260414.0 -1.0 0.031684024185842756 424.8343506931389 0.7502180669786822 0.029030776940210157 2.423133929079649 1.0 -1.0 -1.0 -1.0 -1.0 
93.63 22.37 20260414.0 -1.0 0.9199421210660356 33.22536876107957 5.067228364390674 0.038707702586946884 30.910297981224357 32.0 31.559782707245496 32.0 0.919953890843317 33.49651585846206 
93.63 22.37 20260414.0 -1.0 1.634254 60.69062152759127 1.598528457188781 0.013824179495338172 29.267235338580416 32.0 29.365298152128645 32.0 1.6342407131257157 60.718759864281694 
93.63 22.37 20260414.0 -1.0 0.735983147695 364.1437291655476 3.0202855496317063 0.03041319488974398 24.476998241933174 16.0 24.620554877972246 16.0 0.7359631126746535 364.00896538636874 
93.63 22.37 20260414.0 -1.0 238.05684430558327 88.9267222723012 3.410776682707007 0.09123958466923193 5.983045011150882 1.0 -1.0 -1.0 -1.0 -1.0 
93.63 22.37 20260414.0 -1.0 2.309020280644 50.34790534767173 5.9112206094122905 0.008294507697202903 174.63307292029234 32.0 175.00256223388325 32.0 2.30902514886111 50.29537275424667 
93.98 22.37 20260414.0 -1.0 11.733640367997438 36.80591097639287 6.570247931400152 0.026265941041142528 44.65174192826608 32.0 44.73241544145018 32.0 11.733633679493021 36.83604765099756 
93.98 22.37 20260414.0 -1.0 310.7684879958493 123.0830464060436 7.054802310718645 0.01935385129347344 19.64274323000314 1.0 19.426414218552303 2.0 155.38438068081936 123.05668665827756 
93.98 22.37 20260414.0 -1.0 0.00341097197546927 81.30451235316347 0.13468304644516446 0.08985716671969811 2.008053224590829 1.0 -1.0 -1.0 -1.0 -1.0 
93.98 22.37 20260414.0 -1.0 46.5176166256671 104.59508881397558 0.43980921688230445 0.03041319488974398 1.4639052526879588 4.0 -1.0 -1.0 -1.0 -1.0 
93.98 22.37 20260414.0 -1.0 183.72305 35.870887833805526 0.6199822243527843 0.04700221028414978 1.1372159737187086 2.0 -1.0 -1.0 -1.0 -1.0 
93.98 22.37 20260414.0 -1.0 0.378514 49.89623497261574 0.17271248479812762 0.13132970520571263 1.266411381150087 2.0 -1.0 -1.0 -1.0 -1.0 
93.98 22.37 20260414.0 -1.0 0.0010326914663350483 112.50028447403226 0.18052013621983334 0.026265941041142528 2.1009538583468963 2.0 -1.0 -1.0 -1.0 -1.0 
93.98 22.37 20260414.0 -1.0 0.0330219352130818 66.04663470821538 0.08607826194980724 0.016589015394405805 1.0580208274784693 8.0 -1.0 -1.0 -1.0 -1.0 
93.98 22.37 20260414.0 -1.0 0.011214758244299367 54.40134647780933 0.04053785697483141 0.019353851293473442 0.7775880135123966 1.0 -1.0 -1.0 -1.0 -1.0 
93.98 22.37 20260414.0 -1.0 3.6854591062113453 20.995519656279537 0.5148386787799171 0.009676925646736721 7.339682909948133 32.0 7.435370490446168 32.0 3.6854544305242602 21.04917008628432 
93.98 22.37 20260414.0 -1.0 1.2293269786077 0.0 0.7272540837450232 0.03456044873834543 0.6067147224250282 2.0 -1.0 -1.0 -1.0 -1.0 
93.98 22.37 20260414.0 -1.0 59.422316724576454 60.70971690084993 0.43647964598682204 0.016589015394405805 2.157112305079764 2.0 -1.0 -1.0 -1.0 -1.0 
93.98 22.37 20260414.0 -1.0 3.89341696386 182.1291507025498 0.1435210792660761 0.02350110514207489 1.1650161402507249 2.0 -1.0 -1.0 -1.0 -1.0 
93.98 22.37 20260414.0 -1.0 0.1185154135 242.83886760339973 0.07653998783070953 0.024883523091608708 0.6668545602897707 8.0 -1.0 -1.0 -1.0 -1.0 
93.98 22.37 20260414.0 -1.0 0.07798602896817859 303.5485845042497 0.033269954369198336 0.06635606157762322 0.7366553953690559 4.0 -1.0 -1.0 -1.0 -1.0 
93.98 22.37 20260414.0 -1.0 1.5900693570117 424.96801830594956 0.06602098024153877 0.009676925646736721 2.3026094957442194 1.0 -1.0 -1.0 -1.0 -1.0 
93.98 22.37 20260414.0 -1.0 0.347045 121.41943380169987 2.3341932760406383 0.016589015394405805 27.54333917065506 32.0 27.969207904270643 32.0 0.34703286170649034 121.33632179545626 
93.98 22.37 20260414.0 -1.0 2.86763 78.28693766572248 5.846240640937594 0.023501105142074895 44.027980301598525 32.0 44.10921968913895 32.0 2.8676367946900427 78.32720022492339 
93.98 22.37 20260414.0 -1.0 0.006401806174508402 364.2583014050996 1.3192042178755197 0.058061553880420315 3.115243089886452 16.0 -1.0 -1.0 -1.0 -1.0 
93.98 22.37 20260414.0 -1.0 219.298246 5.397633595845144 2.340652455905359 0.03041319488974398 6.294157282601346 2.0 -1.0 -1.0 -1.0 -1.0 
93.98 22.37 20260414.0 -1.0 455.644016228211 17.850441813031185 7.890230833981745 0.013824179495338172 18.48060505145523 1.0 -1.0 -1.0 -1.0 -1.0 
93.98 22.37 20260414.0 -1.0 139.36088855893 0.0 1.6084984326885905 0.016589015394405805 7.109633660749143 2.0 -1.0 -1.0 -1.0 -1.0 
93.98 22.37 20260414.0 -1.0 3.467948675 22.366737805576292 1.348692651777729 0.02350110514207489 10.424385178894719 32.0 10.561374282476864 32.0 3.4679336143502346 22.36474321667709 
93.98 22.37 20260414.0 -1.0 1.097249 89.46695122230517 7.45567981162441 0.03041319488974398 58.1043982752396 32.0 55.22341191648096 32.0 0.5486072041094303 89.35777493360122 
93.98 22.37 20260414.0 -1.0 1.759630876491 111.83368902788146 1.2025634798493763 0.06359122567855559 3.69210454755494 4.0 -1.0 -1.0 -1.0 -1.0 
93.98 22.37 20260414.0 -1.0 0.03227182526599894 178.93390244461034 1.8532192071769897 0.03456044873834543 0.3582627806527374 4.0 -1.0 -1.0 -1.0 -1.0 
93.98 22.37 20260414.0 -1.0 1.381215 201.30064025018663 1.331105326335395 0.08985716671969811 1.2731850537608067 2.0 -1.0 -1.0 -1.0 -1.0 
93.98 22.37 20260414.0 -1.0 2.8212 87.21215857223807 2.0189730090554736 0.016589015394405805 21.96620163707867 16.0 22.1277718160391 16.0 2.8211919319195053 87.13142040524421 
93.98 22.37 20260414.0 -1.0 0.941974122159 79.09445765250247 1.3788402464999403 0.06082638977948797 3.1057674389924212 4.0 -1.0 -1.0 -1.0 -1.0 
94.32 22.37 20260414.0 -1.0 7.59822533 26.854157359015353 1.2805918722139782 0.029030776940210157 7.7872849627471785 16.0 7.787284500280947 16.0 7.598221903511634 26.817452273391083 
94.32 22.37 20260414.0 -1.0 2.093296452558 78.14432520585511 0.03045428199617706 0.01520659744487199 0.7830066988011657 32.0 -1.0 -1.0 -1.0 -1.0 
94.32 22.37 20260414.0 -1.0 2.801677255733 167.5309121812822 0.09660475420403515 0.14377146675151697 1.8415179455467419 4.0 -1.0 -1.0 -1.0 -1.0 
94.32 22.37 20260414.0 -1.0 152.43624259440242 20.617883849101837 0.13922408471454342 0.016589015394405805 0.8574332262141388 1.0 -1.0 -1.0 -1.0 -1.0 
94.32 22.37 20260414.0 -1.0 1.34159887359 18.793667788378833 0.013788402464999404 0.024883523091608708 0.7873982265361001 8.0 -1.0 -1.0 -1.0 -1.0 
94.32 22.37 20260414.0 -1.0 1.2432514573471 47.55688846675547 0.37858012978734595 0.03041319488974398 1.8022875077493659 2.0 -1.0 -1.0 -1.0 -1.0 
94.32 22.37 20260414.0 -1.0 5.01756 157.85832469651837 0.01747528400007684 0.029030776940210157 2.3729706068570775 32.0 -1.0 -1.0 -1.0 -1.0 
94.32 22.37 20260414.0 -1.0 3.700188397774 167.99757210379275 0.8542660740342586 0.016589015394405805 6.804021114913655 32.0 6.804021114913655 32.0 3.7001882446929817 167.98856895784598 
94.32 22.37 20260414.0 -1.0 2.698764 196.42140374761627 0.07653998783070953 0.031795612839277794 1.8652016216430338 4.0 -1.0 -1.0 -1.0 -1.0 
94.32 22.37 20260414.0 -1.0 13.54975 0.0 0.6391172773542334 0.12856486930664499 1.267930019964104 8.0 -1.0 -1.0 -1.0 -1.0 
94.32 22.37 20260414.0 -1.0 2.316946290122627 60.59912422315381 0.40903566412423487 0.006912089747669086 5.348677507127405 16.0 -1.0 -1.0 -1.0 -1.0 
94.32 22.37 20260414.0 -1.0 0.15753387272071392 181.79737266946142 0.3891876190394205 0.052531882082285056 1.0057288857632245 4.0 -1.0 -1.0 -1.0 -1.0 
94.32 22.37 20260414.0 -1.0 1.1942219218 242.39649689261523 0.02946096205232792 0.009676925646736721 2.3000984942758547 16.0 -1.0 -1.0 -1.0 -1.0 
94.32 22.37 20260414.0 -1.0 255.04548929830653 302.99562111576904 0.3389635623896606 0.012441761545804354 0.659835339662524 1.0 -1.0 -1.0 -1.0 -1.0 
94.32 22.37 20260414.0 -1.0 2.74279572052 424.19386956207666 0.18570640495981353 0.017971433343939622 2.259012519500435 16.0 -1.0 -1.0 -1.0 -1.0 
94.32 22.37 20260414.0 -1.0 382.16235026773455 94.4349988644047 3.484610295359499 0.12856486930664499 2.8591569328089386 1.0 -1.0 -1.0 -1.0 -1.0 
94.32 22.37 20260414.0 -1.0 3.6635 121.19824844630762 3.1415915126584513 0.02350110514207489 26.852122591052527 16.0 26.852123526443478 16.0 3.6635052917214734 121.23512386234911 
94.32 22.37 20260414.0 -1.0 3.5669868822 61.64153340070981 7.267518376864192 0.052531882082285056 28.236834654353714 16.0 28.524162132538393 16.0 3.5669775873733065 61.52834332913878 
94.32 22.37 20260414.0 -1.0 0.10465208834497783 32.49650005846092 1.8277895609775154 0.012441761545804354 13.308726533205416 32.0 14.10046673678685 32.0 0.10465252368400495 34.81208898885484 
94.32 22.37 20260414.0 -1.0 1.11987265911 363.59474533892285 6.666262149960813 0.022118687192541075 65.6937212543796 32.0 65.74459649600365 32.0 1.1198608262930065 363.70537158704735 
94.32 22.37 20260414.0 -1.0 0.004881467702004727 147.88877180652057 9.281042462954984 0.01520659744487199 3.645645257518899 16.0 -1.0 -1.0 -1.0 -1.0 
94.32 22.37 20260414.0 -1.0 2.9854313983 130.9617437081839 1.9981590898062889 0.029030776940210157 13.211431169737414 16.0 13.2114309797223 16.0 2.985446675059696 130.9501254406342 
94.32 22.37 20260414.0 -1.0 5.526694 49.29625726884019 1.089441012286387 0.031795612839277794 4.760881451469523 8.0 -1.0 -1.0 -1.0 -1.0 
94.32 22.37 20260414.0 -1.0 131.58994005264324 23.12087797893107 1.4581976084928143 0.026265941041142528 4.240057480978576 2.0 -1.0 -1.0 -1.0 -1.0 
94.32 22.37 20260414.0 -1.0 0.004514626731424945 111.1499088161457 9.358303370348239 0.020736269243007255 1.7402604689111276 2.0 -1.0 -1.0 -1.0 -1.0 
94.32 22.37 20260414.0 -1.0 6.529534776236 59.52035193475283 4.167369282127215 0.14377146675151697 3.8058121836927095 4.0 -1.0 -1.0 -1.0 -1.0 
94.32 22.37 20260414.0 -1.0 0.872 0.0 4.549522283913506 0.02073626924300726 23.36573243365499 32.0 -1.0 -1.0 -1.0 -1.0 
94.32 22.37 20260414.0 -1.0 0.813613 111.6299656742307 6.824697531494841 0.03732528463741307 40.814640873643015 16.0 42.56204658505574 32.0 0.8136036437160026 112.02611194959972 
94.32 22.37 20260414.0 -1.0 0.9217 133.95595880907683 3.7519533138243166 0.009676925646736721 57.776283590526795 32.0 57.84680179622127 32.0 0.9217122472667446 133.98606343384824 
94.32 22.37 20260414.0 -1.0 0.8189874162 66.18086173785774 1.6627313382536484 0.058061553880420315 2.9761478177091734 8.0 -1.0 -1.0 -1.0 -1.0 
94.32 22.37 20260414.0 -1.0 1.081093 138.72526787358643 7.435105387260147 0.016589015394405805 100.46685263867326 32.0 72.55459705972343 32.0 2.162202387504901 138.74236628988365 
94.32 22.37 20260414.0 -1.0 0.009161673065653934 83.15031346551358 2.639624521570016 0.017971433343939622 1.8816625328755499 4.0 -1.0 -1.0 -1.0 -1.0 
94.32 22.37 20260414.0 -1.0 0.004881467702004727 61.72638065934809 9.66715161364108 0.024883523091608708 2.4514830377121055 16.0 -1.0 -1.0 -1.0 -1.0 
94.32 22.37 20260414.0 -1.0 0.18165346965506704 65.33238915147496 3.718407956863619 0.02903077694021016 14.482370968207105 32.0 14.735229249834045 32.0 0.18165640843411288 65.37386478720995 
94.32 22.37 20260414.0 -1.0 168.067227 99.73795252929715 7.533342255189895 0.013824179495338174 26.464117131791355 1.0 26.464117060723925 1.0 168.06685986618203 99.78116204363624 
9.86 54.25 20260414.0 -1.0 0.25247957713 55.0212236715011 0.0283821508860516 0.038707702586946884 0.9024329774591707 8.0 -1.0 -1.0 -1.0 -1.0 
9.86 54.25 20260414.0 -1.0 0.0012184825885407748 21.945965350791916 0.08384793073894407 0.022118687192541075 2.94331288896407 2.0 -1.0 -1.0 -1.0 -1.0 
9.86 54.25 20260414.0 -1.0 1.16364520997 128.7996826855594 0.06977251350936198 0.01520659744487199 1.2449834264463868 1.0 -1.0 -1.0 -1.0 -1.0 
9.86 54.25 20260414.0 -1.0 0.14073 16.412580924737544 0.06565710478532773 0.13962421290291552 2.6903993135176902 2.0 -1.0 -1.0 -1.0 -1.0 
9.86 54.25 20260414.0 -1.0 3.2108324764111544 67.80740576334425 0.9103238467041102 0.016589015394405805 15.153140737587268 32.0 15.331166406017793 32.0 3.210819462159028 67.70141724867409 
9.86 54.25 20260414.0 -1.0 2.85754146359 87.31493051960373 0.33779472650745396 0.052531882082285056 1.0318958916700562 1.0 -1.0 -1.0 -1.0 -1.0 
9.86 54.25 20260414.0 -1.0 0.006114268944033405 31.418369198783296 0.8910354636170879 0.04423737438508215 1.3987393125564127 32.0 -1.0 -1.0 -1.0 -1.0 
9.86 54.25 20260414.0 -1.0 5.372136744278732 89.31123628106161 0.37132738203638316 0.022118687192541075 2.0720972634963446 1.0 -1.0 -1.0 -1.0 -1.0 
9.86 54.25 20260414.0 -1.0 1.148485898069 133.96685442159242 0.3119962793393873 0.01520659744487199 1.2896414670242429 32.0 -1.0 -1.0 -1.0 -1.0 
9.86 54.25 20260414.0 -1.0 0.0022349340175341534 178.62247256212322 0.19761940299240194 0.041472538486014524 2.8501257190888882 2.0 -1.0 -1.0 -1.0 -1.0 
9.86 54.25 20260414.0 -1.0 181.616752 223.27809070265403 0.01025890740828289 0.019353851293473442 1.5072612456264025 1.0 -1.0 -1.0 -1.0 -1.0 
9.86 54.25 20260414.0 -1.0 0.4500881198 267.93370884318483 0.13807466919654227 0.015206597444871992 1.010679878005526 16.0 -1.0 -1.0 -1.0 -1.0 
9.86 54.25 20260414.0 -1.0 1.799128951059 38.79621510018912 5.463535224122297 0.017971433343939622 58.83344709290117 32.0 58.90327038619472 32.0 1.7991321025571476 38.758808380033145 
9.86 54.25 20260414.0 -1.0 1.7687552544064 0.0 1.1521423767130146 0.0884747487701643 1.4121184523847004 2.0 -1.0 -1.0 -1.0 -1.0 
9.86 54.25 20260414.0 -1.0 1.79262658883 44.655618140530805 1.1300699081019758 0.045619792334615966 4.529566131185272 8.0 -1.0 -1.0 -1.0 -1.0 
9.86 54.25 20260414.0 -1.0 320.9279655591592 312.58932698371564 5.8664697780463735 0.11059343596270538 6.048437523729899 1.0 -1.0 -1.0 -1.0 -1.0 
9.86 54.25 20260414.0 -1.0 2.051164249099 55.27132014273519 1.665030304089738 0.029030776940210157 15.553239176803883 16.0 15.874646833428587 16.0 2.0511530844184263 55.35526940960348 
9.86 54.25 20260414.0 -1.0 2.8213705328215 96.4747137785525 5.234460021323749 0.04700221028414978 31.856427239183525 16.0 32.04944203347351 16.0 2.82137383085986 96.54282818420789 
9.86 54.25 20260414.0 -1.0 0.515295 17.037822102822783 5.903058779446045 0.06359122567855559 12.038827993368779 16.0 12.304600999640293 16.0 0.5153196980245411 16.697658962677465 
9.86 54.25 20260414.0 -1.0 2.92592314444 64.21226898935411 3.1113530569065415 0.060826389779487955 14.78180819964806 16.0 14.881445670080781 16.0 2.9259050885836286 64.3618854561386 
